video_id,frame_id,ear_l,ear_r,ear_avg,det_ok,face_count,face_x,face_y,face_w,face_h
1,0,0.25149129,0.25855090,0.25502109,1,1,228,178,150,150
1,1,0.23993390,0.26980042,0.25486716,1,1,228,178,150,150
1,2,0.29361011,0.23059873,0.26210442,1,1,228,178,150,150
1,3,0.29361011,0.26980042,0.28170526,1,1,228,178,150,150
1,4,0.28194194,0.25855090,0.27024642,1,1,228,178,150,150
1,5,0.32146327,0.26843775,0.29495051,1,1,228,178,150,150
1,6,0.32022208,0.28880562,0.30451385,1,1,228,178,150,150
1,7,0.30170261,0.28944479,0.29557370,1,1,228,178,150,150
1,8,0.30170261,0.28824841,0.29497551,1,1,228,178,150,150
1,9,0.30051056,0.29609328,0.29830192,1,1,228,178,150,150
1,10,0.31271311,0.28824841,0.30048076,1,1,228,178,150,150
1,11,0.31418857,0.27758745,0.29588801,1,1,228,178,150,150
1,12,0.30046142,0.28944479,0.29495310,1,1,228,178,150,150
1,13,0.27137328,0.24189096,0.25663212,1,1,228,178,150,150
1,14,0.27045283,0.24210738,0.25628011,1,1,228,178,150,150
1,15,0.29213465,0.24189096,0.26701280,1,1,228,178,150,150
1,16,0.29213465,0.24057579,0.26635522,1,1,228,178,150,150
1,17,0.29213465,0.24981529,0.27097497,1,1,228,178,150,150
1,18,0.29213465,0.25118097,0.27165781,1,1,228,178,150,150
1,19,0.29235267,0.25118097,0.27176682,1,1,228,178,150,150
1,20,0.27021107,0.26903185,0.26962146,1,1,228,178,150,150
1,21,0.24978038,0.25118097,0.25048067,1,1,228,178,150,150
1,22,0.25085471,0.25140570,0.25113021,1,1,228,178,150,150
1,23,0.29213465,0.25140570,0.27177017,1,1,228,178,150,150
1,24,0.29213465,0.25118097,0.27165781,1,1,228,178,150,150
1,25,0.29213465,0.25140570,0.27177017,1,1,228,178,150,150
1,26,0.29088353,0.27039753,0.28064053,1,1,228,178,150,150
1,27,0.31137386,0.26980042,0.29058714,1,1,228,178,150,150
1,28,0.29213465,0.28824841,0.29019153,1,1,228,178,150,150
1,29,0.27192198,0.27039753,0.27115975,1,1,228,178,150,150
1,30,0.31137386,0.26980042,0.29058714,1,1,228,178,150,150
1,31,0.26874192,0.27039753,0.26956973,1,1,228,178,150,150
1,32,0.28487783,0.24981529,0.26734656,1,1,228,178,150,150
1,33,0.24088565,0.24981529,0.24535047,1,1,228,178,150,150
1,34,0.27137328,0.23059873,0.25098600,1,1,228,178,150,150
1,35,0.29213465,0.26903185,0.28058325,1,1,228,178,150,150
1,36,0.29213465,0.28824841,0.29019153,1,1,228,178,150,150
1,37,0.29213465,0.26039679,0.27626572,1,1,228,178,150,150
1,38,0.29213465,0.26903185,0.28058325,1,1,228,178,150,150
1,39,0.29235267,0.25908162,0.27571715,1,1,228,178,150,150
1,40,0.29213465,0.25908162,0.27560813,1,1,228,178,150,150
1,41,0.29235267,0.27758745,0.28497006,1,1,231,189,125,126
1,42,0.33476703,0.28824841,0.31150772,1,1,228,178,150,150
1,43,0.31418857,0.27758745,0.29588801,1,1,228,178,150,150
1,44,0.31418857,0.27758745,0.29588801,1,1,228,178,150,150
1,45,0.32146327,0.27873958,0.30010143,1,1,228,178,150,150
1,46,0.32019315,0.29609328,0.30814321,1,1,228,178,150,150
1,47,0.32146327,0.27758745,0.29952536,1,1,228,178,150,150
1,48,0.32146327,0.27758745,0.29952536,1,1,228,178,150,150
1,49,0.30685366,0.27758745,0.29222056,1,1,228,178,150,150
1,50,0.32146327,0.27758745,0.29952536,1,1,228,178,150,150
1,51,0.32019315,0.28824841,0.30422078,1,1,228,178,150,150
1,52,0.30917348,0.28961409,0.29939378,1,1,228,178,150,150
1,53,0.32019315,0.27890262,0.29954788,1,1,228,178,150,150
1,54,0.26881394,0.28944479,0.27912936,1,1,228,178,150,150
1,55,0.30804304,0.27758745,0.29281524,1,1,228,178,150,150
1,56,0.32146327,0.27758745,0.29952536,1,1,228,178,150,150
1,57,0.28194194,0.27777778,0.27985986,1,1,228,178,150,150
1,58,0.26980042,0.25908162,0.26444102,1,1,228,178,150,150
1,59,0.26881394,0.27873958,0.27377676,1,1,228,178,150,150
1,60,0.30917348,0.27758745,0.29338046,1,1,228,178,150,150
1,61,0.26980042,0.28824841,0.27902441,1,1,228,178,150,150
1,62,0.28194194,0.28824841,0.28509518,1,1,228,178,150,150
1,63,0.27017162,0.28961409,0.27989285,1,1,228,178,150,150
1,64,0.32019315,0.27816859,0.29918087,1,1,228,178,150,150
1,65,0.27941674,0.26039679,0.26990676,1,1,228,178,150,150
1,66,0.30797974,0.28944479,0.29871227,1,1,228,178,150,150
1,67,0.29909933,0.30866135,0.30388034,1,1,228,178,150,150
1,68,0.30804304,0.29724541,0.30264422,1,1,228,178,150,150
1,69,0.30917348,0.29724541,0.30320944,1,1,228,178,150,150
1,70,0.31895686,0.30866135,0.31380911,1,1,228,178,150,150
1,71,0.30685366,0.30866135,0.30775751,1,1,228,178,150,150
1,72,0.33991422,0.31562406,0.32776914,1,1,228,178,150,150
1,73,0.34356708,0.31575124,0.32965916,1,1,228,178,150,150
1,74,0.33053002,0.29839754,0.31446378,1,1,228,178,150,150
1,75,0.34317401,0.29663651,0.31990526,1,1,228,178,150,150
1,76,0.30804304,0.31497752,0.31151028,1,1,228,178,150,150
1,77,0.32847777,0.29548674,0.31198226,1,1,228,178,150,150
1,78,0.30804304,0.33344544,0.32074424,1,1,228,178,150,150
1,79,0.30804304,0.31562406,0.31183355,1,1,228,178,150,150
1,80,0.27017162,0.25986337,0.26501750,1,1,228,178,150,150
1,81,0.28764136,0.25855090,0.27309613,1,1,228,178,150,150
1,82,0.27017162,0.25986337,0.26501750,1,1,228,178,150,150
1,83,0.28910733,0.25986337,0.27448535,1,1,228,178,150,150
1,84,0.28910733,0.25986337,0.27448535,1,1,228,178,150,150
1,85,0.28910733,0.25986337,0.27448535,1,1,228,178,150,150
1,86,0.28910733,0.25986337,0.27448535,1,1,228,178,150,150
1,87,0.30804304,0.25855090,0.28329697,1,1,228,178,150,150
1,88,0.28910733,0.25986337,0.27448535,1,1,228,178,150,150
1,89,0.30051056,0.27039753,0.28545404,1,1,228,178,150,150
1,90,0.30051056,0.27873958,0.28962507,1,1,228,178,150,150
1,91,0.30051056,0.25986337,0.28018697,1,1,228,178,150,150
1,92,0.28082797,0.25986337,0.27034567,1,1,228,178,150,150
1,93,0.30804304,0.25986337,0.28395321,1,1,228,178,150,150
1,94,0.32019315,0.27873958,0.29946636,1,1,228,178,150,150
1,95,0.28082797,0.26039679,0.27061238,1,1,228,178,150,150
1,96,0.27017162,0.29839754,0.28428458,1,1,228,178,150,150
1,97,0.32019315,0.29724541,0.30871928,1,1,228,178,150,150
1,98,0.30051056,0.27833130,0.28942093,1,1,228,178,150,150
1,99,0.32019315,0.29663651,0.30841483,1,1,228,178,150,150
1,100,0.30997748,0.29663651,0.30330700,1,1,228,178,150,150
1,101,0.32019315,0.29839754,0.30929534,1,1,228,178,150,150
1,102,0.32146327,0.27758745,0.29952536,1,1,228,178,150,150
1,103,0.30804304,0.29663651,0.30233978,1,1,228,178,150,150
1,104,0.29904459,0.29081047,0.29492753,1,1,228,178,150,150
1,105,0.29904459,0.27890262,0.28897360,1,1,228,178,150,150
1,106,0.28910733,0.29778629,0.29344681,1,1,228,178,150,150
1,107,0.30170261,0.28944479,0.29557370,1,1,228,178,150,150
1,108,0.30917348,0.27873958,0.29395653,1,1,228,178,150,150
1,109,0.31898089,0.28944479,0.30421284,1,1,228,178,150,150
1,110,0.32146327,0.29081047,0.30613687,1,1,228,178,150,150
1,111,0.31895686,0.29724541,0.30810114,1,1,228,178,150,150
1,112,0.30917348,0.31459911,0.31188629,1,1,228,178,150,150
1,113,0.32146327,0.29724541,0.30935434,1,1,228,178,150,150
1,114,0.31772058,0.30985773,0.31378915,1,1,228,178,150,150
1,115,0.32019315,0.29663651,0.30841483,1,1,228,178,150,150
1,116,0.32146327,0.27816859,0.29981593,1,1,228,178,150,150
1,117,0.32146327,0.27948107,0.30047217,1,1,228,178,150,150
1,118,0.33991422,0.31612729,0.32802076,1,1,228,178,150,150
1,119,0.33333333,0.29663651,0.31498492,1,1,228,178,150,150
1,120,0.34126257,0.29663651,0.31894954,1,1,228,178,150,150
1,121,0.32019315,0.29778629,0.30898972,1,1,228,178,150,150
1,122,0.32019315,0.29724541,0.30871928,1,1,228,178,150,150
1,123,0.33333333,0.29778629,0.31555981,1,1,228,178,150,150
1,124,0.31418857,0.25986337,0.28702597,1,1,228,178,150,150
1,125,0.27800550,0.25085053,0.26442802,1,1,228,178,150,150
1,126,0.25129102,0.25986337,0.25557720,1,1,228,178,150,150
1,127,0.25979143,0.27039753,0.26509448,1,1,228,178,150,150
1,128,0.27800550,0.25986337,0.26893444,1,1,228,178,150,150
1,129,0.25814797,0.25986337,0.25900567,1,1,228,178,150,150
1,130,0.31155598,0.25986337,0.28570968,1,1,228,178,150,150
1,131,0.28082797,0.26039679,0.27061238,1,1,228,178,150,150
1,132,0.29235267,0.25986337,0.27610802,1,1,228,178,150,150
1,133,0.28052511,0.25986337,0.27019424,1,1,228,178,150,150
1,134,0.29213465,0.26980042,0.28096753,1,1,228,178,150,150
1,135,0.30051056,0.26117585,0.28084320,1,1,228,178,150,150
1,136,0.26120266,0.24189096,0.25154681,1,1,228,178,150,150
1,137,0.28194194,0.25986337,0.27090266,1,1,228,178,150,150
1,138,0.28194194,0.26980042,0.27587118,1,1,228,178,150,150
1,139,0.29361011,0.26980042,0.28170526,1,1,228,178,150,150
1,140,0.28194194,0.26980042,0.27587118,1,1,228,178,150,150
1,141,0.28052511,0.26039679,0.27046095,1,1,228,178,150,150
1,142,0.32146327,0.30797974,0.31472151,1,1,228,178,150,150
1,143,0.32146327,0.30797974,0.31472151,1,1,228,178,150,150
1,144,0.33991422,0.29663651,0.31827537,1,1,228,178,150,150
1,145,0.32019315,0.30797974,0.31408645,1,1,228,178,150,150
1,146,0.32019315,0.27890262,0.29954788,1,1,228,178,150,150
1,147,0.30804304,0.29711823,0.30258064,1,1,228,178,150,150
1,148,0.30797974,0.31575124,0.31186549,1,1,228,178,150,150
1,149,0.30797974,0.31575124,0.31186549,1,1,228,178,150,150
1,150,0.30804304,0.31612729,0.31208516,1,1,228,178,150,150
1,151,0.32701577,0.29663651,0.31182614,1,1,228,178,150,150
1,152,0.34598850,0.33344544,0.33971697,1,1,228,178,150,150
1,153,0.34912459,0.31395466,0.33153963,1,1,228,178,150,150
1,154,0.30804304,0.31497752,0.31151028,1,1,228,178,150,150
1,155,0.30804304,0.31497752,0.31151028,1,1,228,178,150,150
1,156,0.33991422,0.29663651,0.31827537,1,1,228,178,150,150
1,157,0.33991422,0.29663651,0.31827537,1,1,228,178,150,150
1,158,0.33991422,0.29663651,0.31827537,1,1,228,178,150,150
1,159,0.34598850,0.29778629,0.32188739,1,1,228,178,150,150
1,160,0.30685366,0.31510444,0.31097905,1,1,228,178,150,150
1,161,0.33991422,0.29778629,0.31885025,1,1,228,178,150,150
1,162,0.32701577,0.29663651,0.31182614,1,1,228,178,150,150
1,163,0.32701577,0.29663651,0.31182614,1,1,228,178,150,150
1,164,0.32701577,0.29778629,0.31240103,1,1,228,178,150,150
1,165,0.30804304,0.29778629,0.30291466,1,1,228,178,150,150
1,166,0.30917348,0.27816859,0.29367104,1,1,228,178,150,150
1,167,0.30797974,0.27816859,0.29307417,1,1,228,178,150,150
1,168,0.32146327,0.27873958,0.30010143,1,1,228,178,150,150
1,169,0.30917348,0.27873958,0.29395653,1,1,228,178,150,150
1,170,0.32019315,0.29724541,0.30871928,1,1,228,178,150,150
1,171,0.30685366,0.27873958,0.29279662,1,1,228,178,150,150
1,172,0.30804304,0.26843775,0.28824040,1,1,228,178,150,150
1,173,0.30051056,0.29663651,0.29857354,1,1,228,178,150,150
1,174,0.32019315,0.28824841,0.30422078,1,1,228,178,150,150
1,175,0.32019315,0.25986337,0.29002826,1,1,228,178,150,150
1,176,0.30804304,0.29663651,0.30233978,1,1,228,178,150,150
1,177,0.30804304,0.33446830,0.32125567,1,1,228,178,150,150
1,178,0.30997748,0.26117585,0.28557666,1,1,228,178,150,150
1,179,0.32019315,0.29663651,0.30841483,1,1,228,178,150,150
1,180,0.33991422,0.29663651,0.31827537,1,1,228,178,150,150
1,181,0.32019315,0.29663651,0.30841483,1,1,228,178,150,150
1,182,0.32384601,0.29663651,0.31024126,1,1,228,178,150,150
1,183,0.32384601,0.29663651,0.31024126,1,1,228,178,150,150
1,184,0.32019315,0.29778629,0.30898972,1,1,228,178,150,150
1,185,0.32019315,0.29663651,0.30841483,1,1,228,178,150,150
1,186,0.32019315,0.29548674,0.30783995,1,1,228,178,150,150
1,187,0.32019315,0.29663651,0.30841483,1,1,228,178,150,150
1,188,0.30804304,0.29663651,0.30233978,1,1,228,178,150,150
1,189,0.32019315,0.30797974,0.31408645,1,1,228,178,150,150
1,190,0.32019315,0.29548674,0.30783995,1,1,228,178,150,150
1,191,0.31155728,0.29663651,0.30409690,1,1,228,178,150,150
1,192,0.30804304,0.29548674,0.30176489,1,1,228,178,150,150
1,193,0.32384601,0.28498821,0.30441711,1,1,228,178,150,150
1,194,0.32701577,0.29548674,0.31125126,1,1,228,178,150,150
1,195,0.30804304,0.29548674,0.30176489,1,1,228,178,150,150
1,196,0.32701577,0.29548674,0.31125126,1,1,228,178,150,150
1,197,0.32701577,0.28498821,0.30600199,1,1,228,178,150,150
1,198,0.34356708,0.28498821,0.31427764,1,1,228,178,150,150
1,199,0.33053002,0.28498821,0.30775911,1,1,228,178,150,150
1,200,0.33991422,0.29548674,0.31770048,1,1,228,178,150,150
1,201,0.30051056,0.29663651,0.29857354,1,1,228,178,150,150
1,202,0.31844003,0.27816859,0.29830431,1,1,228,178,150,150
1,203,0.32019315,0.29016828,0.30518071,1,1,228,178,150,150
1,204,0.29909933,0.27116308,0.28513120,1,1,228,178,150,150
1,205,0.31895686,0.29548674,0.30722180,1,1,228,178,150,150
1,206,0.30170261,0.29663651,0.29916956,1,1,228,178,150,150
1,207,0.30170261,0.29663651,0.29916956,1,1,228,178,150,150
1,208,0.28194194,0.26980042,0.27587118,1,1,228,178,150,150
1,209,0.30804304,0.29839754,0.30322029,1,1,228,178,150,150
1,210,0.29909933,0.29724541,0.29817237,1,1,228,178,150,150
1,211,0.29927427,0.29663651,0.29795539,1,1,228,178,150,150
1,212,0.31772058,0.27833130,0.29802594,1,1,228,178,150,150
1,213,0.31772058,0.27890262,0.29831160,1,1,228,178,150,150
1,214,0.31895686,0.27948107,0.29921897,1,1,228,178,150,150
1,215,0.29786304,0.28880562,0.29333433,1,1,228,178,150,150
1,216,0.29909933,0.29016828,0.29463380,1,1,228,178,150,150
1,217,0.31008684,0.27948107,0.29478395,1,1,228,178,150,150
1,218,0.29786304,0.27116308,0.28451306,1,1,228,178,150,150
1,219,0.31137386,0.27833130,0.29485258,1,1,228,178,150,150
1,220,0.31137386,0.27833130,0.29485258,1,1,228,178,150,150
1,221,0.29904459,0.25986337,0.27945398,1,1,228,178,150,150
1,222,0.29213465,0.25986337,0.27599901,1,1,228,178,150,150
1,223,0.30170261,0.27948107,0.29059184,1,1,228,178,150,150
1,224,0.29904459,0.26117585,0.28011022,1,1,228,178,150,150
1,225,0.28052511,0.26117585,0.27085048,1,1,228,178,150,150
1,226,0.28194194,0.26117585,0.27155889,1,1,228,178,150,150
1,227,0.28194194,0.26117585,0.27155889,1,1,228,178,150,150
1,228,0.28194194,0.25986337,0.27090266,1,1,228,178,150,150
1,229,0.31137386,0.26980042,0.29058714,1,1,228,178,150,150
1,230,0.29213465,0.27816859,0.28515162,1,1,228,178,150,150
1,231,0.29213465,0.25986337,0.27599901,1,1,228,178,150,150
1,232,0.29786304,0.29724541,0.29755423,1,1,231,189,125,126
1,233,0.27941674,0.26039679,0.26990676,1,1,231,189,125,126
1,234,0.31137386,0.24161143,0.27649265,1,1,231,189,125,126
1,235,0.27021107,0.24210738,0.25615923,1,1,231,189,125,126
1,236,0.29088353,0.26980042,0.28034197,1,1,231,189,125,126
1,237,0.31271311,0.28005475,0.29638393,1,1,211,178,150,150
1,238,0.31271311,0.28005475,0.29638393,1,1,211,178,150,150
1,239,0.31137386,0.26903185,0.29020285,1,1,211,178,150,150
1,240,0.29213465,0.27890262,0.28551863,1,1,211,178,150,150
1,241,0.29361011,0.28944479,0.29152745,1,1,211,178,150,150
1,242,0.27021107,0.27116308,0.27068707,1,1,211,178,150,150
1,243,0.27021107,0.26171196,0.26596151,1,1,211,178,150,150
1,244,0.29088353,0.25986337,0.27537345,1,1,211,178,150,150
1,245,0.27192198,0.27948107,0.27570152,1,1,211,178,150,150
1,246,0.29235267,0.29081047,0.29158157,1,1,211,178,150,150
1,247,0.29235267,0.28961409,0.29098338,1,1,211,178,150,150
1,248,0.27021107,0.27890262,0.27455684,1,1,211,178,150,150
1,249,0.25979143,0.28944479,0.27461811,1,1,211,178,150,150
1,250,0.27161608,0.25118097,0.26139852,1,1,211,178,150,150
1,251,0.29909933,0.25062629,0.27486281,1,1,211,178,150,150
1,252,0.29235267,0.28944479,0.29089873,1,1,231,189,125,126
1,253,0.30051056,0.29724541,0.29887798,1,1,211,178,150,150
1,254,0.36289508,0.31510444,0.33899976,1,1,211,178,150,150
1,255,0.33991422,0.33242259,0.33616840,1,1,231,189,125,126
1,256,0.35963529,0.33515485,0.34739507,1,1,231,189,125,126
1,257,0.33991422,0.30279997,0.32135710,1,1,228,178,150,150
1,258,0.35963529,0.33334368,0.34648948,1,1,228,178,150,150
1,259,0.35766623,0.31677620,0.33722121,1,1,228,178,150,150
1,260,0.35766623,0.32122378,0.33944500,1,1,228,178,150,150
1,261,0.34598850,0.33310494,0.33954672,1,1,228,178,150,150
1,262,0.33991422,0.33242259,0.33616840,1,1,228,178,150,150
1,263,0.35766623,0.34589809,0.35178216,1,1,228,178,150,150
1,264,0.35963529,0.31575124,0.33769327,1,1,228,178,150,150
1,265,0.34598850,0.31562406,0.33080628,1,1,228,178,150,150
1,266,0.34598850,0.33412989,0.34005920,1,1,228,178,150,150
1,267,0.34598850,0.33412989,0.34005920,1,1,228,178,150,150
1,268,0.35963529,0.34696241,0.35329885,1,1,228,178,150,150
1,269,0.32535758,0.31562406,0.32049082,1,1,228,178,150,150
1,270,0.33991422,0.29548674,0.31770048,1,1,228,178,150,150
1,271,0.35963529,0.31575124,0.33769327,1,1,228,178,150,150
1,272,0.33991422,0.29609328,0.31800375,1,1,228,178,150,150
1,273,0.31844003,0.29724541,0.30784272,1,1,228,178,150,150
1,274,0.31844003,0.29663651,0.30753827,1,1,228,178,150,150
1,275,0.33991422,0.32668153,0.33329788,1,1,228,178,150,150
1,276,0.32146327,0.31459911,0.31803119,1,1,228,178,150,150
1,277,0.30051056,0.29724541,0.29887798,1,1,228,178,150,150
1,278,0.32019315,0.29724541,0.30871928,1,1,228,178,150,150
1,279,0.32019315,0.31677620,0.31848467,1,1,228,178,150,150
1,280,0.32019315,0.29778629,0.30898972,1,1,228,178,150,150
1,281,0.30648105,0.29778629,0.30213367,1,1,228,178,150,150
1,282,0.32019315,0.29724541,0.30871928,1,1,228,178,150,150
1,283,0.35963529,0.31459911,0.33711720,1,1,228,178,150,150
1,284,0.35963529,0.32668153,0.34315841,1,1,228,178,150,150
1,285,0.33991422,0.33412989,0.33702206,1,1,228,178,150,150
1,286,0.35963529,0.31497752,0.33730641,1,1,228,178,150,150
1,287,0.37778768,0.33412989,0.35595879,1,1,228,178,150,150
1,288,0.32019315,0.29663651,0.30841483,1,1,228,178,150,150
1,289,0.34356708,0.33310494,0.33833601,1,1,228,178,150,150
1,290,0.32146327,0.30797974,0.31472151,1,1,228,178,150,150
1,291,0.33991422,0.30279997,0.32135710,1,1,228,178,150,150
1,292,0.31895686,0.28944479,0.30420083,1,1,228,178,150,150
1,293,0.30051056,0.27873958,0.28962507,1,1,228,178,150,150
1,294,0.32701577,0.32668153,0.32684865,1,1,228,178,150,150
1,295,0.32146327,0.30797974,0.31472151,1,1,228,178,150,150
1,296,0.32019315,0.30797974,0.31408645,1,1,228,178,150,150
1,297,0.32019315,0.29548674,0.30783995,1,1,228,178,150,150
1,298,0.32146327,0.28897454,0.30521891,1,1,228,178,150,150
1,299,0.32146327,0.30797974,0.31472151,1,1,228,178,150,150
1,300,0.28910733,0.28897454,0.28904093,1,1,228,178,150,150
1,301,0.30051056,0.28961409,0.29506232,1,1,228,178,150,150
1,302,0.32019315,0.30797974,0.31408645,1,1,228,178,150,150
1,303,0.30804304,0.29663651,0.30233978,1,1,228,178,150,150
1,304,0.32022208,0.28824841,0.30423525,1,1,228,178,150,150
1,305,0.32019315,0.29548674,0.30783995,1,1,228,178,150,150
1,306,0.33333333,0.30746497,0.32039915,1,1,228,178,150,150
1,307,0.29927427,0.27758745,0.28843086,1,1,228,178,150,150
1,308,0.31895686,0.30746497,0.31321092,1,1,228,178,150,150
1,309,0.33333333,0.30746497,0.32039915,1,1,228,178,150,150
1,310,0.31895686,0.29609328,0.30752507,1,1,228,178,150,150
1,311,0.30170261,0.25908162,0.28039211,1,1,228,178,150,150
1,312,0.28082797,0.27816859,0.27949828,1,1,228,178,150,150
1,313,0.30170261,0.30678600,0.30424431,1,1,228,178,150,150
1,314,0.32019315,0.27890262,0.29954788,1,1,228,178,150,150
1,315,0.32019315,0.27890262,0.29954788,1,1,228,178,150,150
1,316,0.32019315,0.27873958,0.29946636,1,1,228,178,150,150
1,317,0.30804304,0.28824841,0.29814572,1,1,228,178,150,150
1,318,0.30804304,0.28761188,0.29782746,1,1,228,178,150,150
1,319,0.27116308,0.26039679,0.26577993,1,1,228,178,150,150
1,320,0.26843775,0.24057579,0.25450677,1,1,228,194,150,151
1,321,0.26980042,0.26039679,0.26509860,1,1,228,194,150,151
1,322,0.28194194,0.27039753,0.27616973,1,1,228,178,150,150
1,323,0.27017162,0.27176321,0.27096741,1,1,228,178,150,150
1,324,0.24835224,0.27039753,0.25937488,1,1,228,178,150,150
1,325,0.30804304,0.25855090,0.28329697,1,1,228,178,150,150
1,326,0.27116308,0.28961409,0.28038858,1,1,228,178,150,150
1,327,0.28194194,0.24981529,0.26587861,1,1,228,178,150,150
1,328,0.28656027,0.26980042,0.27818034,1,1,228,178,150,150
1,329,0.26980042,0.26843775,0.26911908,1,1,228,178,150,150
1,330,0.29016828,0.26843775,0.27930302,1,1,228,178,150,150
1,331,0.28194194,0.24981529,0.26587861,1,1,228,178,150,150
1,332,0.27116308,0.27176321,0.27146314,1,1,228,178,150,150
1,333,0.27017162,0.26843775,0.26930468,1,1,228,178,150,150
1,334,0.27116308,0.26980042,0.27048175,1,1,228,178,150,150
1,335,0.30804304,0.30746497,0.30775400,1,1,228,178,150,150
1,336,0.28082797,0.26903185,0.27492991,1,1,228,178,150,150
1,337,0.32019315,0.30866135,0.31442725,1,1,228,178,150,150
1,338,0.28082797,0.30746497,0.29414647,1,1,228,178,150,150
1,339,0.30797974,0.28824841,0.29811408,1,1,228,178,150,150
1,340,0.33991422,0.34083514,0.34037468,1,1,228,178,150,150
1,341,0.30797974,0.34083514,0.32440744,1,1,228,178,150,150
1,342,0.32715387,0.32668153,0.32691770,1,1,228,178,150,150
1,343,0.30797974,0.30866135,0.30832055,1,1,228,178,150,150
1,344,0.32668153,0.32774585,0.32721369,1,1,228,178,150,150
1,345,0.32098846,0.32098846,0.32098846,1,1,228,178,150,150
1,346,0.32668153,0.30888957,0.31778555,1,1,228,178,150,150
1,347,0.28846154,0.29081047,0.28963600,1,1,228,178,150,150
1,348,0.30746497,0.32098846,0.31422671,1,1,245,176,125,125
1,349,0.32000000,0.30242466,0.31121233,1,1,228,178,150,150
1,350,0.30000000,0.30100444,0.30050222,1,1,245,176,125,125
1,351,0.32000000,0.30266651,0.31133326,1,1,228,178,150,150
1,352,0.32000000,0.30100444,0.31050222,1,1,228,178,150,150
1,353,0.32000000,0.34097248,0.33048624,1,1,228,178,150,150
1,354,0.32000000,0.34207930,0.33103965,1,1,228,161,150,151
1,355,0.36081916,0.34083514,0.35082715,1,1,228,161,150,151
1,356,0.30746497,0.30866135,0.30806316,1,1,228,161,150,151
1,357,0.32098846,0.30917348,0.31508097,1,1,228,161,150,151
1,358,0.32098846,0.32022208,0.32060527,1,1,228,161,150,151
1,359,0.30769231,0.30866135,0.30817683,1,1,228,161,150,151
1,360,0.33972831,0.34015839,0.33994335,1,1,228,161,150,151
1,361,0.32000000,0.30797974,0.31398987,1,1,228,161,150,151
1,362,0.31974430,0.34619622,0.33297026,1,1,228,161,150,151
1,363,0.30769231,0.34015839,0.32392535,1,1,228,161,150,151
1,364,0.34589809,0.30797974,0.32693892,1,1,228,161,150,151
1,365,0.34589809,0.32787791,0.33688800,1,1,228,161,150,151
1,366,0.32098846,0.32715387,0.32407116,1,1,228,178,150,150
1,367,0.30769231,0.32022208,0.31395720,1,1,228,178,150,150
1,368,0.30000000,0.30917348,0.30458674,1,1,228,178,150,150
1,369,0.30124516,0.32022208,0.31073362,1,1,228,178,150,150
1,370,0.30266651,0.27039753,0.28653202,1,1,228,178,150,150
1,371,0.30000000,0.28897454,0.29448727,1,1,228,178,150,150
1,372,0.28846154,0.30678600,0.29762377,1,1,228,178,150,150
1,373,0.30124516,0.27116308,0.28620412,1,1,228,178,150,150
1,374,0.28846154,0.28052511,0.28449332,1,1,228,178,150,150
1,375,0.28824841,0.31898089,0.30361465,1,1,228,178,150,150
1,376,0.28944479,0.28052511,0.28498495,1,1,228,178,150,150
1,377,0.30266651,0.27910828,0.29088740,1,1,228,178,150,150
1,378,0.22000000,0.23980822,0.22990411,1,1,228,178,150,150
1,379,0.16908465,0.15987215,0.16447840,1,1,228,178,150,150
1,380,0.16000000,0.16246211,0.16123106,1,1,228,178,150,150
1,381,0.19984019,0.18000000,0.18992009,1,1,228,178,150,150
1,382,0.21153846,0.21313005,0.21233426,1,1,228,178,150,150
1,383,0.24981529,0.23218914,0.24100222,1,1,228,178,150,150
1,384,0.26903185,0.26843775,0.26873480,1,1,228,178,150,150
1,385,0.23377956,0.24981529,0.24179742,1,1,228,178,150,150
1,386,0.27176321,0.25908162,0.26542241,1,1,228,178,150,150
1,387,0.25140570,0.27039753,0.26090162,1,1,228,178,150,150
1,388,0.25979224,0.26121246,0.26050235,1,1,228,178,150,150
1,389,0.26144617,0.26121246,0.26132932,1,1,228,178,150,150
1,390,0.29081047,0.25277138,0.27179093,1,1,228,178,150,150
1,391,0.26903185,0.28944479,0.27923832,1,1,228,178,150,150
1,392,0.30797974,0.28961409,0.29879692,1,1,228,178,150,150
1,393,0.30797974,0.26903185,0.28850580,1,1,228,178,150,150
1,394,0.28880562,0.28944479,0.28912520,1,1,228,178,150,150
1,395,0.30242466,0.28944479,0.29593472,1,1,228,178,150,150
1,396,0.28261670,0.29976028,0.29118849,1,1,228,178,150,150
1,397,0.26903185,0.28944479,0.27923832,1,1,228,178,150,150
1,398,0.30118050,0.27039753,0.28578901,1,1,228,178,150,150
1,399,0.28761188,0.27890262,0.28325725,1,1,228,178,150,150
1,400,0.28824841,0.27758745,0.28291793,1,1,228,178,150,150
1,401,0.28944479,0.30866135,0.29905307,1,1,228,178,150,150
1,402,0.30100444,0.28961409,0.29530926,1,1,228,178,150,150
1,403,0.30170261,0.29904459,0.30037360,1,1,228,178,150,150
1,404,0.29904459,0.28761188,0.29332823,1,1,228,178,150,150
1,405,0.27977626,0.28944479,0.28461052,1,1,228,178,150,150
1,406,0.28761188,0.30678600,0.29719894,1,1,228,178,150,150
1,407,0.27176321,0.28897454,0.28036887,1,1,228,178,150,150
1,408,0.32146327,0.28961409,0.30553868,1,1,228,178,150,150
1,409,0.30170261,0.28961409,0.29565835,1,1,228,178,150,150
1,410,0.31898089,0.28824841,0.30361465,1,1,228,178,150,150
1,411,0.31898089,0.30866135,0.31382112,1,1,228,178,150,150
1,412,0.33347448,0.27039753,0.30193600,1,1,228,178,150,150
1,413,0.28194194,0.26039679,0.27116936,1,1,228,178,150,150
1,414,0.30170261,0.27758745,0.28964503,1,1,228,178,150,150
1,415,0.31898089,0.28961409,0.30429749,1,1,228,178,150,150
1,416,0.27910828,0.27039753,0.27475290,1,1,228,178,150,150
1,417,0.32022208,0.26903185,0.29462697,1,1,228,178,150,150
1,418,0.27941674,0.28944479,0.28443076,1,1,228,178,150,150
1,419,0.31898089,0.27890262,0.29894175,1,1,228,178,150,150
1,420,0.29786304,0.27758745,0.28772524,1,1,228,178,150,150
1,421,0.27800550,0.28961409,0.28380980,1,1,228,178,150,150
1,422,0.26745625,0.27873958,0.27309792,1,1,228,178,150,150
1,423,0.30678600,0.26039679,0.28359140,1,1,228,178,150,150
1,424,0.32022208,0.27039753,0.29530981,1,1,228,178,150,150
1,425,0.28052511,0.28965880,0.28509196,1,1,228,178,150,150
1,426,0.27941674,0.26903185,0.27422429,1,1,228,178,150,150
1,427,0.28052511,0.25159159,0.26605835,1,1,228,178,150,150
1,428,0.27800550,0.27758745,0.27779648,1,1,228,178,150,150
1,429,0.29904459,0.25925926,0.27915192,1,1,228,178,150,150
1,430,0.27941674,0.27777778,0.27859726,1,1,228,178,150,150
1,431,0.29088353,0.28824841,0.28956597,1,1,228,178,150,150
1,432,0.27800550,0.27758745,0.27779648,1,1,228,178,150,150
1,433,0.33476703,0.27758745,0.30617724,1,1,228,178,150,150
1,434,0.32019315,0.30866135,0.31442725,1,1,228,178,150,150
1,435,0.28082797,0.28944479,0.28513638,1,1,228,178,150,150
1,436,0.32146327,0.28824841,0.30485584,1,1,228,178,150,150
1,437,0.32146327,0.27890262,0.30018294,1,1,228,178,150,150
1,438,0.28082797,0.28961409,0.28522103,1,1,228,178,150,150
1,439,0.28791795,0.27873958,0.28332877,1,1,228,178,150,150
1,440,0.27017162,0.29724541,0.28370851,1,1,228,178,150,150
1,441,0.28082797,0.28824841,0.28453819,1,1,228,178,150,150
1,442,0.28082797,0.28824841,0.28453819,1,1,228,178,150,150
1,443,0.32146327,0.27890262,0.30018294,1,1,228,178,150,150
1,444,0.29904459,0.26039679,0.27972069,1,1,228,178,150,150
1,445,0.30917348,0.28824841,0.29871095,1,1,228,178,150,150
1,446,0.32146327,0.26903185,0.29524756,1,1,228,178,150,150
1,447,0.32146327,0.28824841,0.30485584,1,1,228,178,150,150
1,448,0.32146327,0.28824841,0.30485584,1,1,228,178,150,150
1,449,0.32146327,0.28824841,0.30485584,1,1,228,178,150,150
1,450,0.32146327,0.28944479,0.30545403,1,1,228,178,150,150
1,451,0.32146327,0.28944479,0.30545403,1,1,228,178,150,150
1,452,0.32146327,0.27758745,0.29952536,1,1,228,178,150,150
1,453,0.32146327,0.28824841,0.30485584,1,1,228,178,150,150
1,454,0.30917348,0.27890262,0.29403805,1,1,228,178,150,150
1,455,0.30051056,0.27890262,0.28970659,1,1,228,178,150,150
1,456,0.31895686,0.29724541,0.30810114,1,1,228,178,150,150
1,457,0.27800550,0.26039679,0.26920115,1,1,228,178,150,150
1,458,0.27800550,0.27873958,0.27837254,1,1,228,178,150,150
1,459,0.27800550,0.29609328,0.28704939,1,1,228,178,150,150
1,460,0.27017162,0.30797974,0.28907568,1,1,228,178,150,150
1,461,0.31895686,0.31562406,0.31729046,1,1,228,178,150,150
1,462,0.27800550,0.29548674,0.28674612,1,1,228,178,150,150
1,463,0.28082797,0.28961409,0.28522103,1,1,228,178,150,150
1,464,0.27941674,0.28961409,0.28451541,1,1,228,178,150,150
1,465,0.28082797,0.28846154,0.28464475,1,1,228,178,150,150
1,466,0.32019315,0.29629630,0.30824472,1,1,228,178,150,150
1,467,0.30051056,0.30866135,0.30458595,1,1,228,178,150,150
1,468,0.31898089,0.30746497,0.31322293,1,1,228,178,150,150
1,469,0.30917348,0.27890262,0.29403805,1,1,228,178,150,150
1,470,0.30797974,0.29609328,0.30203651,1,1,228,178,150,150
1,471,0.28052511,0.27758745,0.27905628,1,1,228,178,150,150
1,472,0.20181899,0.23059873,0.21620886,1,1,228,178,150,150
1,473,0.16666667,0.16000000,0.16333333,1,1,228,178,150,150
1,474,0.18989993,0.17307692,0.18148842,1,1,228,178,150,150
1,475,0.14583333,0.15609815,0.15096574,1,1,228,178,150,150
1,476,0.19196104,0.19230769,0.19213437,1,1,228,178,150,150
1,477,0.20966948,0.19230769,0.20098859,1,1,228,178,150,150
1,478,0.24088565,0.23059873,0.23574219,1,1,228,178,150,150
1,479,0.28052511,0.23059873,0.25556192,1,1,228,178,150,150
1,480,0.28194194,0.27039753,0.27616973,1,1,228,178,150,150
1,481,0.26120266,0.25277138,0.25698702,1,1,228,178,150,150
1,482,0.26120266,0.27039753,0.26580010,1,1,228,178,150,150
1,483,0.29235267,0.27039753,0.28137510,1,1,228,178,150,150
1,484,0.28082797,0.27039753,0.27561275,1,1,228,178,150,150
1,485,0.28082797,0.24981529,0.26532163,1,1,228,178,150,150
1,486,0.24253564,0.25118097,0.24685830,1,1,228,178,150,150
1,487,0.27116308,0.28961409,0.28038858,1,1,228,178,150,150
1,488,0.28082797,0.28961409,0.28522103,1,1,228,178,150,150
1,489,0.30051056,0.27758745,0.28904900,1,1,228,178,150,150
1,490,0.26120266,0.27039753,0.26580010,1,1,228,178,150,150
1,491,0.24157736,0.26903185,0.25530460,1,1,228,178,150,150
1,492,0.28082797,0.26903185,0.27492991,1,1,228,178,150,150
1,493,0.28194194,0.26903185,0.27548689,1,1,228,178,150,150
1,494,0.30051056,0.28824841,0.29437948,1,1,228,178,150,150
1,495,0.26120266,0.26903185,0.26511726,1,1,228,178,150,150
1,496,0.26120266,0.27039753,0.26580010,1,1,228,178,150,150
1,497,0.26223879,0.26903185,0.26563532,1,1,228,178,150,150
1,498,0.28194194,0.26903185,0.27548689,1,1,228,178,150,150
1,499,0.28194194,0.24981529,0.26587861,1,1,228,178,150,150
1,500,0.30170261,0.26903185,0.28536723,1,1,228,178,150,150
1,501,0.28194194,0.27039753,0.27616973,1,1,228,178,150,150
1,502,0.28052511,0.27039753,0.27546132,1,1,228,178,150,150
1,503,0.28194194,0.26039679,0.27116936,1,1,228,178,150,150
1,504,0.28194194,0.26903185,0.27548689,1,1,228,178,150,150
1,505,0.28194194,0.27039753,0.27616973,1,1,228,178,150,150
1,506,0.28194194,0.28944479,0.28569337,1,1,228,178,150,150
1,507,0.28052511,0.26903185,0.27477848,1,1,228,178,150,150
1,508,0.28052511,0.25118097,0.26585304,1,1,228,178,150,150
1,509,0.28082797,0.26980042,0.27531419,1,1,228,178,150,150
1,510,0.27116308,0.24210738,0.25663523,1,1,228,178,150,150
1,511,0.25062629,0.24189096,0.24625862,1,1,228,178,150,150
1,512,0.27309154,0.25140570,0.26224862,1,1,228,178,150,150
1,513,0.25257298,0.26843775,0.26050536,1,1,228,178,150,150
1,514,0.27116308,0.26039679,0.26577993,1,1,228,178,150,150
1,515,0.27309154,0.23059873,0.25184514,1,1,228,178,150,150
1,516,0.26120266,0.24139545,0.25129906,1,1,228,178,150,150
1,517,0.28052511,0.22360155,0.25206333,1,1,228,178,150,150
1,518,0.23993390,0.25986337,0.24989864,1,1,228,178,150,150
1,519,0.25955920,0.26843775,0.26399848,1,1,228,178,150,150
1,520,0.26120266,0.26843775,0.26482021,1,1,228,178,150,150
1,521,0.23993390,0.26843775,0.25418582,1,1,228,178,150,150
1,522,0.26120266,0.24008298,0.25064282,1,1,228,178,150,150
1,523,0.24157736,0.25855090,0.25006413,1,1,228,178,150,150
1,524,0.23993390,0.25855090,0.24924240,1,1,228,178,150,150
1,525,0.23993390,0.23008950,0.23501170,1,1,228,178,150,150
1,526,0.25955920,0.25855090,0.25905505,1,1,228,178,150,150
1,527,0.25979143,0.25140570,0.25559857,1,1,228,178,150,150
1,528,0.23082932,0.25140570,0.24111751,1,1,228,178,150,150
1,529,0.23082932,0.23326331,0.23204631,1,1,228,178,150,150
1,530,0.23993390,0.25085053,0.24539221,1,1,228,178,150,150
1,531,0.24157736,0.26980042,0.25568889,1,1,228,178,150,150
1,532,0.24157736,0.26980042,0.25568889,1,1,228,178,150,150
1,533,0.23993390,0.25085053,0.24539221,1,1,228,178,150,150
1,534,0.26120266,0.26980042,0.26550154,1,1,228,178,150,150
1,535,0.26120266,0.26843775,0.26482021,1,1,228,178,150,150
1,536,0.26120266,0.25986337,0.26053302,1,1,228,178,150,150
1,537,0.24157736,0.26980042,0.25568889,1,1,228,178,150,150
1,538,0.26120266,0.25986337,0.26053302,1,1,228,178,150,150
1,539,0.28082797,0.25855090,0.26968943,1,1,228,178,150,150
1,540,0.26120266,0.25855090,0.25987678,1,1,228,178,150,150
1,541,0.26120266,0.24057579,0.25088923,1,1,228,178,150,150
1,542,0.26120266,0.24057579,0.25088923,1,1,228,178,150,150
1,543,0.24157736,0.22206996,0.23182366,1,1,228,178,150,150
1,544,0.26120266,0.24057579,0.25088923,1,1,228,178,150,150
1,545,0.25129102,0.25118097,0.25123599,1,1,228,178,150,150
1,546,0.26120266,0.25855090,0.25987678,1,1,228,178,150,150
1,547,0.26120266,0.25908162,0.26014214,1,1,228,178,150,150
1,548,0.26120266,0.25855090,0.25987678,1,1,228,178,150,150
1,549,0.26120266,0.25908162,0.26014214,1,1,228,178,150,150
1,550,0.24157736,0.22206996,0.23182366,1,1,228,178,150,150
1,551,0.24253564,0.24057579,0.24155571,1,1,228,178,150,150
1,552,0.23993390,0.24057579,0.24025484,1,1,228,178,150,150
1,553,0.24157736,0.25855090,0.25006413,1,1,228,178,150,150
1,554,0.23241042,0.24057579,0.23649310,1,1,228,178,150,150
1,555,0.26120266,0.25908162,0.26014214,1,1,228,178,150,150
1,556,0.26120266,0.24057579,0.25088923,1,1,228,178,150,150
1,557,0.26120266,0.25908162,0.26014214,1,1,228,178,150,150
1,558,0.26120266,0.24057579,0.25088923,1,1,228,178,150,150
1,559,0.28194194,0.25908162,0.27051178,1,1,228,178,150,150
1,560,0.27017162,0.25908162,0.26462662,1,1,228,178,150,150
1,561,0.26120266,0.24057579,0.25088923,1,1,228,178,150,150
1,562,0.28194194,0.24981529,0.26587861,1,1,228,178,150,150
1,563,0.28194194,0.24057579,0.26125886,1,1,228,178,150,150
1,564,0.28194194,0.25908162,0.27051178,1,1,228,178,150,150
1,565,0.28194194,0.24981529,0.26587861,1,1,228,178,150,150
1,566,0.28194194,0.24981529,0.26587861,1,1,228,178,150,150
1,567,0.28194194,0.27039753,0.27616973,1,1,228,178,150,150
1,568,0.28194194,0.27039753,0.27616973,1,1,228,178,150,150
1,569,0.28194194,0.26903185,0.27548689,1,1,228,178,150,150
1,570,0.28194194,0.27039753,0.27616973,1,1,228,178,150,150
1,571,0.28052511,0.24981529,0.26517020,1,1,228,178,150,150
1,572,0.28194194,0.25855090,0.27024642,1,1,228,178,150,150
1,573,0.28052511,0.24008298,0.26030404,1,1,228,178,150,150
1,574,0.26120266,0.25855090,0.25987678,1,1,228,178,150,150
1,575,0.26223879,0.24008298,0.25116088,1,1,228,178,150,150
1,576,0.28082797,0.25986337,0.27034567,1,1,228,178,150,150
1,577,0.28082797,0.26980042,0.27531419,1,1,228,178,150,150
1,578,0.27017162,0.25855090,0.26436126,1,1,228,178,150,150
1,579,0.28194194,0.27039753,0.27616973,1,1,228,178,150,150
1,580,0.28194194,0.25908162,0.27051178,1,1,228,178,150,150
1,581,0.28194194,0.26039679,0.27116936,1,1,228,178,150,150
1,582,0.28082797,0.25908162,0.26995479,1,1,228,178,150,150
1,583,0.28052511,0.24057579,0.26055045,1,1,228,178,150,150
1,584,0.28194194,0.24057579,0.26125886,1,1,228,178,150,150
1,585,0.27941674,0.25908162,0.26924918,1,1,228,178,150,150
1,586,0.28194194,0.24210738,0.26202466,1,1,228,178,150,150
1,587,0.28194194,0.26039679,0.27116936,1,1,228,178,150,150
1,588,0.29361011,0.25277138,0.27319075,1,1,228,178,150,150
1,589,0.28052511,0.24210738,0.26131625,1,1,228,178,150,150
1,590,0.28052511,0.24210738,0.26131625,1,1,228,178,150,150
1,591,0.28052511,0.24189096,0.26120803,1,1,228,178,150,150
1,592,0.28052511,0.24342255,0.26197383,1,1,228,178,150,150
1,593,0.28194194,0.25118097,0.26656145,1,1,228,178,150,150
1,594,0.29361011,0.26286639,0.27823825,1,1,228,178,150,150
1,595,0.27309154,0.27176321,0.27242738,1,1,228,178,150,150
1,596,0.28194194,0.26903185,0.27548689,1,1,228,178,150,150
1,597,0.28052511,0.24210738,0.26131625,1,1,228,178,150,150
1,598,0.26082196,0.24342255,0.25212225,1,1,228,178,150,150
1,599,0.29213465,0.23059873,0.26136669,1,1,228,178,150,150
1,600,0.28194194,0.24981529,0.26587861,1,1,228,178,150,150
1,601,0.25085471,0.24981529,0.25033500,1,1,228,178,150,150
1,602,0.24157736,0.26903185,0.25530460,1,1,228,178,150,150
1,603,0.28194194,0.24981529,0.26587861,1,1,228,178,150,150
1,604,0.28052511,0.24057579,0.26055045,1,1,228,178,150,150
1,605,0.28052511,0.24189096,0.26120803,1,1,228,178,150,150
1,606,0.28194194,0.25118097,0.26656145,1,1,228,178,150,150
1,607,0.28194194,0.27176321,0.27685257,1,1,228,178,150,150
1,608,0.23993390,0.26980042,0.25486716,1,1,228,178,150,150
1,609,0.24157736,0.24189096,0.24173416,1,1,228,178,150,150
1,610,0.28082797,0.26980042,0.27531419,1,1,228,178,150,150
1,611,0.28194194,0.26903185,0.27548689,1,1,228,178,150,150
1,612,0.28194194,0.26903185,0.27548689,1,1,228,178,150,150
1,613,0.28194194,0.27039753,0.27616973,1,1,228,178,150,150
1,614,0.28194194,0.26903185,0.27548689,1,1,228,178,150,150
1,615,0.28194194,0.24210738,0.26202466,1,1,228,178,150,150
1,616,0.26058880,0.26039679,0.26049280,1,1,228,178,150,150
1,617,0.23923567,0.24981529,0.24452548,1,1,228,178,150,150
1,618,0.25979143,0.24981529,0.25480336,1,1,228,178,150,150
1,619,0.23829043,0.23059873,0.23444458,1,1,228,178,150,150
1,620,0.25979143,0.26843775,0.26411459,1,1,228,178,150,150
1,621,0.25917198,0.26903185,0.26410191,1,1,228,178,150,150
1,622,0.26058880,0.26903185,0.26481033,1,1,228,178,150,150
1,623,0.23993390,0.27176321,0.25584855,1,1,228,178,150,150
1,624,0.23923567,0.25118097,0.24520832,1,1,228,178,150,150
1,625,0.25979143,0.25062629,0.25520886,1,1,228,178,150,150
1,626,0.23829043,0.25062629,0.24445836,1,1,228,178,150,150
1,627,0.29235267,0.25986337,0.27610802,1,1,228,178,150,150
1,628,0.29361011,0.26171196,0.27766103,1,1,228,178,150,150
1,629,0.28082797,0.25986337,0.27034567,1,1,228,178,150,150
1,630,0.26843775,0.27039753,0.26941764,1,1,228,178,150,150
1,631,0.27800550,0.27039753,0.27420152,1,1,228,178,150,150
1,632,0.27910828,0.26903185,0.27407007,1,1,228,178,150,150
1,633,0.29361011,0.27039753,0.28200382,1,1,228,178,150,150
1,634,0.28052511,0.28824841,0.28438676,1,1,228,178,150,150
1,635,0.32022208,0.25908162,0.28965185,1,1,228,178,150,150
1,636,0.28194194,0.26039679,0.27116936,1,1,228,178,150,150
1,637,0.28194194,0.27758745,0.27976469,1,1,228,178,150,150
1,638,0.29088353,0.26843775,0.27966064,1,1,228,178,150,150
1,639,0.31284300,0.26843775,0.29064038,1,1,228,178,150,150
1,640,0.28082797,0.25986337,0.27034567,1,1,228,178,150,150
1,641,0.28082797,0.25855090,0.26968943,1,1,228,178,150,150
1,642,0.29909933,0.26980042,0.28444987,1,1,228,178,150,150
1,643,0.29927427,0.25986337,0.27956882,1,1,228,178,150,150
1,644,0.27910828,0.28961409,0.28436119,1,1,228,178,150,150
1,645,0.29235267,0.27890262,0.28562764,1,1,228,178,150,150
1,646,0.27017162,0.25986337,0.26501750,1,1,228,178,150,150
1,647,0.27910828,0.26039679,0.26975253,1,1,228,178,150,150
1,648,0.32146327,0.27816859,0.29981593,1,1,228,178,150,150
1,649,0.26120266,0.25986337,0.26053302,1,1,228,178,150,150
1,650,0.29361011,0.27890262,0.28625636,1,1,228,178,150,150
1,651,0.32146327,0.30797974,0.31472151,1,1,228,178,150,150
1,652,0.32146327,0.30797974,0.31472151,1,1,228,178,150,150
1,653,0.32023163,0.29679922,0.30851542,1,1,228,178,150,150
1,654,0.31895686,0.33446830,0.32671258,1,1,228,178,150,150
1,655,0.32019315,0.34619622,0.33319469,1,1,228,178,150,150
1,656,0.32019315,0.29663651,0.30841483,1,1,228,178,150,150
1,657,0.32019315,0.31510444,0.31764879,1,1,228,178,150,150
1,658,0.32019315,0.31510444,0.31764879,1,1,228,178,150,150
1,659,0.32019315,0.32715387,0.32367351,1,1,228,178,150,150
1,660,0.32019315,0.32715387,0.32367351,1,1,228,178,150,150
1,661,0.32019315,0.27833130,0.29926222,1,1,228,178,150,150
1,662,0.32019315,0.31510444,0.31764879,1,1,228,178,150,150
1,663,0.32019315,0.31677620,0.31848467,1,1,228,178,150,150
1,664,0.32019315,0.32787791,0.32403553,1,1,228,178,150,150
1,665,0.33991422,0.31562406,0.32776914,1,1,228,178,150,150
1,666,0.32019315,0.31575124,0.31797219,1,1,228,178,150,150
1,667,0.32019315,0.32668153,0.32343734,1,1,228,178,150,150
1,668,0.32019315,0.30746497,0.31382906,1,1,228,178,150,150
1,669,0.35538573,0.30866135,0.33202354,1,1,228,178,150,150
1,670,0.33881440,0.34619622,0.34250531,1,1,228,178,150,150
1,671,0.33881440,0.34619622,0.34250531,1,1,228,178,150,150
1,672,0.35963529,0.34619622,0.35291576,1,1,228,178,150,150
1,673,0.33991422,0.34619622,0.34305522,1,1,228,178,150,150
1,674,0.35963529,0.34619622,0.35291576,1,1,228,178,150,150
1,675,0.33991422,0.34696241,0.34343832,1,1,228,178,150,150
1,676,0.35853547,0.30866135,0.33359841,1,1,228,178,150,150
1,677,0.34126257,0.30866135,0.32496196,1,1,228,178,150,150
1,678,0.34015839,0.30746497,0.32381168,1,1,228,178,150,150
1,679,0.33991422,0.29609328,0.31800375,1,1,228,178,150,150
1,680,0.33991422,0.30746497,0.32368960,1,1,228,178,150,150
1,681,0.33991422,0.29548674,0.31770048,1,1,228,178,150,150
1,682,0.34126257,0.29609328,0.31867793,1,1,228,178,150,150
1,683,0.33991422,0.31575124,0.32783273,1,1,228,178,150,150
1,684,0.31772058,0.31497752,0.31634905,1,1,228,178,150,150
1,685,0.34002138,0.30866135,0.32434137,1,1,228,178,150,150
1,686,0.34126257,0.30797974,0.32462116,1,1,228,178,150,150
1,687,0.31772058,0.30985773,0.31378915,1,1,228,178,150,150
1,688,0.31895686,0.34725819,0.33310753,1,1,228,178,150,150
1,689,0.33991422,0.29609328,0.31800375,1,1,228,178,150,150
1,690,0.33991422,0.31497752,0.32744587,1,1,228,178,150,150
1,691,0.33867793,0.31677620,0.32772707,1,1,228,178,150,150
1,692,0.35885350,0.32894223,0.34389787,1,1,228,178,150,150
1,693,0.33757811,0.31575124,0.32666468,1,1,228,178,150,150
1,694,0.32019315,0.32821584,0.32420449,1,1,228,178,150,150
1,695,0.32701577,0.33344544,0.33023061,1,1,228,178,150,150
1,696,0.32019315,0.31510444,0.31764879,1,1,228,178,150,150
1,697,0.33991422,0.32715387,0.33353404,1,1,228,178,150,150
1,698,0.33867793,0.31497752,0.32682773,1,1,228,178,150,150
1,699,0.31772058,0.32702210,0.32237134,1,1,228,178,150,150
1,700,0.33867793,0.33446830,0.33657312,1,1,228,178,150,150
1,701,0.33991422,0.34619622,0.34305522,1,1,228,178,150,150
1,702,0.33991422,0.30797974,0.32394698,1,1,228,178,150,150
1,703,0.33991422,0.31510444,0.32750933,1,1,228,178,150,150
1,704,0.32019315,0.31395466,0.31707391,1,1,228,178,150,150
1,705,0.34126257,0.32715387,0.33420822,1,1,228,178,150,150
1,706,0.35743565,0.32715387,0.34229476,1,1,228,178,150,150
1,707,0.35853547,0.29609328,0.32731437,1,1,228,178,150,150
1,708,0.32019315,0.29663651,0.30841483,1,1,228,178,150,150
1,709,0.32019315,0.29548674,0.30783995,1,1,228,178,150,150
1,710,0.32019315,0.29548674,0.30783995,1,1,228,178,150,150
1,711,0.32019315,0.30797974,0.31408645,1,1,228,178,150,150
1,712,0.32022208,0.30797974,0.31410091,1,1,228,178,150,150
1,713,0.32146327,0.27758745,0.29952536,1,1,228,178,150,150
1,714,0.32146327,0.29548674,0.30847501,1,1,228,178,150,150
1,715,0.32019315,0.29663651,0.30841483,1,1,228,178,150,150
1,716,0.30797974,0.29663651,0.30230813,1,1,228,178,150,150
1,717,0.32019315,0.30866135,0.31442725,1,1,228,178,150,150
1,718,0.31895686,0.29609328,0.30752507,1,1,228,178,150,150
1,719,0.30051056,0.29548674,0.29799865,1,1,228,178,150,150
1,720,0.30685366,0.31510444,0.31097905,1,1,228,178,150,150
1,721,0.31284300,0.31497752,0.31391026,1,1,228,178,150,150
1,722,0.31895686,0.29548674,0.30722180,1,1,228,178,150,150
1,723,0.32019315,0.31497752,0.31758533,1,1,228,178,150,150
1,724,0.31895686,0.26903185,0.29399436,1,1,228,178,150,150
1,725,0.32019315,0.30917348,0.31468331,1,1,228,178,150,150
1,726,0.33991422,0.32821584,0.33406503,1,1,228,178,150,150
1,727,0.33333333,0.32702210,0.33017772,1,1,228,178,150,150
1,728,0.33476703,0.29663651,0.31570177,1,1,228,178,150,150
1,729,0.33333333,0.29663651,0.31498492,1,1,228,178,150,150
1,730,0.33333333,0.30797974,0.32065654,1,1,228,178,150,150
1,731,0.32146327,0.29663651,0.30904989,1,1,228,178,150,150
1,732,0.35386372,0.29548674,0.32467523,1,1,228,178,150,150
1,733,0.35386372,0.29663651,0.32525012,1,1,228,178,150,150
1,734,0.33476703,0.29663651,0.31570177,1,1,228,178,150,150
1,735,0.33333333,0.29663651,0.31498492,1,1,228,178,150,150
1,736,0.31898089,0.29663651,0.30780870,1,1,228,178,150,150
1,737,0.31772058,0.30797974,0.31285016,1,1,228,178,150,150
1,738,0.33333333,0.30797974,0.32065654,1,1,228,178,150,150
1,739,0.32146327,0.30797974,0.31472151,1,1,228,178,150,150
1,740,0.34126257,0.31510444,0.32818350,1,1,228,178,150,150
1,741,0.33476703,0.29663651,0.31570177,1,1,228,178,150,150
1,742,0.33333333,0.32668153,0.33000743,1,1,228,178,150,150
1,743,0.31898089,0.30797974,0.31348032,1,1,228,178,150,150
1,744,0.33476703,0.30797974,0.32137339,1,1,228,178,150,150
1,745,0.32019315,0.30797974,0.31408645,1,1,228,178,150,150
1,746,0.32019315,0.29548674,0.30783995,1,1,228,178,150,150
1,747,0.32019315,0.29724541,0.30871928,1,1,228,178,150,150
1,748,0.32019315,0.29609328,0.30814321,1,1,228,178,150,150
1,749,0.32019315,0.29609328,0.30814321,1,1,228,178,150,150
1,750,0.32019315,0.27816859,0.29918087,1,1,228,178,150,150
1,751,0.29088353,0.26843775,0.27966064,1,1,228,178,150,150
1,752,0.27309154,0.26980042,0.27144598,1,1,228,178,150,150
1,753,0.29088353,0.26980042,0.28034197,1,1,228,178,150,150
1,754,0.29213465,0.25855090,0.27534277,1,1,228,178,150,150
1,755,0.29213465,0.26980042,0.28096753,1,1,228,178,150,150
1,756,0.30051056,0.27833130,0.28942093,1,1,228,178,150,150
1,757,0.31284300,0.26039679,0.28661989,1,1,228,178,150,150
1,758,0.30170261,0.27890262,0.29030261,1,1,228,178,150,150
1,759,0.32146327,0.27890262,0.30018294,1,1,228,178,150,150
1,760,0.30051056,0.27833130,0.28942093,1,1,228,178,150,150
1,761,0.28052511,0.28880562,0.28466536,1,1,228,178,150,150
1,762,0.29786304,0.26980042,0.28383173,1,1,228,178,150,150
1,763,0.31284300,0.29663651,0.30473976,1,1,228,178,150,150
1,764,0.33476703,0.28897454,0.31187079,1,1,228,178,150,150
1,765,0.32019315,0.30866135,0.31442725,1,1,228,178,150,150
1,766,0.33333333,0.30797974,0.32065654,1,1,228,178,150,150
1,767,0.33333333,0.30678600,0.32005967,1,1,228,178,150,150
1,768,0.30051056,0.30678600,0.30364828,1,1,228,178,150,150
1,769,0.17374890,0.15987215,0.16681052,1,1,228,178,150,150
1,770,0.18733745,0.13461538,0.16097642,1,1,228,178,150,150
1,771,0.15987215,0.13688159,0.14837687,1,1,228,178,150,150
1,772,0.15846382,0.15621357,0.15733869,1,1,228,178,150,150
1,773,0.20133714,0.21138217,0.20635965,1,1,228,178,150,150
1,774,0.29361011,0.24981529,0.27171270,1,1,228,178,150,150
1,775,0.30051056,0.30797974,0.30424515,1,1,228,178,150,150
1,776,0.32019315,0.32787791,0.32403553,1,1,228,178,150,150
1,777,0.34126257,0.32596013,0.33361135,1,1,228,178,150,150
1,778,0.33476703,0.30866135,0.32171419,1,1,228,178,150,150
1,779,0.28052511,0.26903185,0.27477848,1,1,228,178,150,150
1,780,0.27910828,0.27873958,0.27892393,1,1,228,178,150,150
1,781,0.28052511,0.26843775,0.27448143,1,1,228,178,150,150
1,782,0.28052511,0.28880562,0.28466536,1,1,228,178,150,150
1,783,0.28052511,0.30866135,0.29459323,1,1,228,178,150,150
1,784,0.29361011,0.28944479,0.29152745,1,1,228,178,150,150
1,785,0.29213465,0.30746497,0.29979981,1,1,228,178,150,150
1,786,0.26989781,0.27176321,0.27083051,1,1,228,178,150,150
1,787,0.31271311,0.26980042,0.29125676,1,1,228,178,150,150
1,788,0.29141381,0.26980042,0.28060711,1,1,228,178,150,150
1,789,0.33304436,0.26980042,0.30142239,1,1,228,178,150,150
1,790,0.29213465,0.25118097,0.27165781,1,1,228,178,150,150
1,791,0.29065918,0.24981529,0.27023724,1,1,228,178,150,150
1,792,0.27207783,0.25140570,0.26174177,1,1,228,178,150,150
1,793,0.27137328,0.27116308,0.27126818,1,1,228,178,150,150
1,794,0.30320367,0.26144617,0.28232492,1,1,228,178,150,150
1,795,0.30406057,0.27977626,0.29191842,1,1,228,178,150,150
1,796,0.29065918,0.26843775,0.27954847,1,1,228,178,150,150
1,797,0.30320367,0.28052511,0.29186439,1,1,228,178,150,150
1,798,0.30320367,0.28052511,0.29186439,1,1,228,178,150,150
1,799,0.29213465,0.25085053,0.27149259,1,1,231,189,125,126
1,800,0.29213465,0.24981529,0.27097497,1,1,231,189,125,126
1,801,0.27059854,0.26903185,0.26981519,1,1,231,189,125,126
1,802,0.27059854,0.25277138,0.26168496,1,1,231,189,125,126
1,803,0.27059854,0.25118097,0.26088975,1,1,231,189,125,126
1,804,0.29213465,0.25277138,0.27245301,1,1,231,189,125,126
1,805,0.27137328,0.25277138,0.26207233,1,1,211,178,150,150
1,806,0.27207783,0.24981529,0.26094656,1,1,231,189,125,126
1,807,0.25085471,0.25118097,0.25101784,1,1,231,189,125,126
1,808,0.29213465,0.25118097,0.27165781,1,1,231,189,125,126
1,809,0.26989781,0.28119648,0.27554715,1,1,231,189,125,126
1,810,0.24978327,0.23059873,0.24019100,1,1,211,178,150,150
1,811,0.27059854,0.26223879,0.26641866,1,1,211,178,150,150
1,812,0.29065918,0.25085053,0.27075486,1,1,211,178,150,150
1,813,0.26989781,0.25085053,0.26037417,1,1,211,178,150,150
1,814,0.25085471,0.27176321,0.26130896,1,1,211,178,150,150
1,815,0.24978327,0.24981529,0.24979928,1,1,231,189,125,126
1,816,0.27059854,0.23059873,0.25059863,1,1,211,178,150,150
1,817,0.24978327,0.25277138,0.25127732,1,1,231,189,125,126
1,818,0.27137328,0.24926363,0.26031845,1,1,231,189,125,126
1,819,0.27207783,0.25085053,0.26146418,1,1,231,189,125,126
1,820,0.26989781,0.24981529,0.25985655,1,1,231,189,125,126
1,821,0.26989781,0.24981529,0.25985655,1,1,231,189,125,126
1,822,0.26989781,0.25277138,0.26133460,1,1,231,189,125,126
1,823,0.25979224,0.24342255,0.25160740,1,1,231,189,125,126
1,824,0.25150600,0.23059873,0.24105236,1,1,231,189,125,126
1,825,0.25150600,0.23059873,0.24105236,1,1,231,189,125,126
1,826,0.23980822,0.23059873,0.23520348,1,1,228,178,150,150
1,827,0.23980822,0.25118097,0.24549459,1,1,231,189,125,126
1,828,0.27207783,0.27176321,0.27192052,1,1,231,189,125,126
1,829,0.23980822,0.23059873,0.23520348,1,1,231,189,125,126
1,830,0.27059854,0.25277138,0.26168496,1,1,228,178,150,150
1,831,0.25150600,0.23059873,0.24105236,1,1,228,178,150,150
1,832,0.29289311,0.23059873,0.26174592,1,1,228,178,150,150
1,833,0.27380056,0.23059873,0.25219965,1,1,228,178,150,150
1,834,0.27232127,0.24981529,0.26106828,1,1,228,178,150,150
1,835,0.29289311,0.24981529,0.27135420,1,1,228,178,150,150
1,836,0.31271311,0.28944479,0.30107895,1,1,228,178,150,150
1,837,0.28119648,0.26923077,0.27521362,1,1,228,178,150,150
1,838,0.29289311,0.25979224,0.27634267,1,1,228,178,150,150
1,839,0.31289602,0.26903185,0.29096393,1,1,228,178,150,150
1,840,0.28119648,0.26903185,0.27511416,1,1,228,178,150,150
1,841,0.27232127,0.28824841,0.28028484,1,1,228,178,150,150
1,842,0.29289311,0.28000000,0.28644655,1,1,228,178,150,150
1,843,0.29289311,0.25000000,0.27144655,1,1,228,178,150,150
1,844,0.29141381,0.27977626,0.28559504,1,1,228,178,150,150
1,845,0.29289311,0.28000000,0.28644655,1,1,228,178,150,150
1,846,0.31398058,0.28000000,0.29699029,1,1,228,178,150,150
1,847,0.29289311,0.25000000,0.27144655,1,1,228,178,150,150
1,848,0.29314725,0.28000000,0.28657362,1,1,228,178,150,150
1,849,0.29289311,0.26000000,0.27644655,1,1,228,178,150,150
1,850,0.27059854,0.25000000,0.26029927,1,1,228,178,150,150
1,851,0.27207783,0.28000000,0.27603892,1,1,228,178,150,150
1,852,0.29289311,0.28000000,0.28644655,1,1,228,178,150,150
1,853,0.29289311,0.25000000,0.27144655,1,1,228,178,150,150
1,854,0.27137328,0.25000000,0.26068664,1,1,228,178,150,150
1,855,0.28142136,0.25118097,0.26630116,1,1,228,178,150,150
1,856,0.29213465,0.28824841,0.29019153,1,1,228,178,150,150
1,857,0.30242466,0.28965880,0.29604173,1,1,228,178,150,150
1,858,0.31500429,0.32000000,0.31750215,1,1,228,178,150,150
1,859,0.32098846,0.28824841,0.30461843,1,1,228,178,150,150
1,860,0.29213465,0.30746497,0.29979981,1,1,228,178,150,150
1,861,0.29213465,0.29609328,0.29411396,1,1,228,178,150,150
1,862,0.31898089,0.30746497,0.31322293,1,1,228,178,150,150
1,863,0.32146327,0.27758745,0.29952536,1,1,228,178,150,150
1,864,0.32022208,0.28761188,0.30391698,1,1,228,178,150,150
1,865,0.30118050,0.30746497,0.30432273,1,1,228,178,150,150
1,866,0.32146327,0.30746497,0.31446412,1,1,228,178,150,150
1,867,0.32098846,0.30866135,0.31482490,1,1,228,178,150,150
1,868,0.29289311,0.30866135,0.30077723,1,1,228,178,150,150
1,869,0.32098846,0.29548674,0.30823760,1,1,228,178,150,150
1,870,0.32022208,0.28944479,0.30483344,1,1,228,178,150,150
1,871,0.27910828,0.27890262,0.27900545,1,1,228,178,150,150
1,872,0.28052511,0.30866135,0.29459323,1,1,228,178,150,150
1,873,0.32022208,0.28944479,0.30483344,1,1,228,178,150,150
1,874,0.27910828,0.28824841,0.28367835,1,1,228,178,150,150
1,875,0.28194194,0.26903185,0.27548689,1,1,228,178,150,150
1,876,0.27910828,0.30746497,0.29328663,1,1,228,178,150,150
1,877,0.29289311,0.28824841,0.29057076,1,1,228,178,150,150
1,878,0.33434027,0.30866135,0.32150081,1,1,228,178,150,150
1,879,0.28119648,0.28824841,0.28472244,1,1,228,178,150,150
1,880,0.29361011,0.29609328,0.29485169,1,1,228,178,150,150
1,881,0.33476703,0.30866135,0.32171419,1,1,228,178,150,150
1,882,0.28052511,0.29724541,0.28888526,1,1,228,178,150,150
1,883,0.28052511,0.28824841,0.28438676,1,1,228,178,150,150
1,884,0.32022208,0.28880562,0.30451385,1,1,228,178,150,150
1,885,0.31898089,0.30866135,0.31382112,1,1,228,178,150,150
1,886,0.31895686,0.29609328,0.30752507,1,1,228,178,150,150
1,887,0.33347448,0.29609328,0.31478388,1,1,228,178,150,150
1,888,0.29213465,0.27890262,0.28551863,1,1,228,178,150,150
1,889,0.33476703,0.29548674,0.31512689,1,1,228,178,150,150
1,890,0.33347448,0.29609328,0.31478388,1,1,228,178,150,150
1,891,0.29213465,0.27890262,0.28551863,1,1,228,178,150,150
1,892,0.29437240,0.25908162,0.27672701,1,1,228,178,150,150
1,893,0.27309154,0.27039753,0.27174454,1,1,228,178,150,150
1,894,0.33476703,0.27890262,0.30683483,1,1,228,178,150,150
1,895,0.29361011,0.25925926,0.27643469,1,1,228,178,150,150
1,896,0.29213465,0.27039753,0.28126609,1,1,228,178,150,150
1,897,0.29289311,0.26903185,0.28096248,1,1,228,178,150,150
1,898,0.24913644,0.26903185,0.25908415,1,1,228,178,150,150
1,899,0.27309154,0.26903185,0.27106170,1,1,228,178,150,150
1,900,0.27309154,0.26903185,0.27106170,1,1,228,178,150,150
1,901,0.27309154,0.26903185,0.27106170,1,1,228,178,150,150
1,902,0.27161608,0.24981529,0.26071568,1,1,228,178,150,150
1,903,0.26223879,0.24981529,0.25602704,1,1,228,178,150,150
1,904,0.29213465,0.24981529,0.27097497,1,1,228,178,150,150
1,905,0.24088565,0.26903185,0.25495875,1,1,228,178,150,150
1,906,0.28052511,0.26903185,0.27477848,1,1,228,178,150,150
1,907,0.27910828,0.26903185,0.27407007,1,1,228,178,150,150
1,908,0.32022208,0.28824841,0.30423525,1,1,228,178,150,150
1,909,0.29361011,0.28824841,0.29092926,1,1,228,178,150,150
1,910,0.28052511,0.31575124,0.29813818,1,1,228,178,150,150
1,911,0.32022208,0.30746497,0.31384353,1,1,228,178,150,150
1,912,0.32022208,0.29663651,0.30842930,1,1,228,178,150,150
1,913,0.32146327,0.29663651,0.30904989,1,1,228,178,150,150
1,914,0.32146327,0.29663651,0.30904989,1,1,228,178,150,150
1,915,0.32019315,0.29663651,0.30841483,1,1,228,178,150,150
1,916,0.30917348,0.29548674,0.30233011,1,1,228,178,150,150
1,917,0.32146327,0.29609328,0.30877828,1,1,228,178,150,150
1,918,0.32146327,0.29609328,0.30877828,1,1,228,178,150,150
1,919,0.32146327,0.30746497,0.31446412,1,1,228,178,150,150
1,920,0.32146327,0.29548674,0.30847501,1,1,228,178,150,150
1,921,0.32146327,0.30678600,0.31412464,1,1,228,178,150,150
1,922,0.32146327,0.31459911,0.31803119,1,1,228,178,150,150
1,923,0.32019315,0.30746497,0.31382906,1,1,228,178,150,150
1,924,0.31418857,0.27758745,0.29588801,1,1,228,178,150,150
1,925,0.32019315,0.29609328,0.30814321,1,1,228,178,150,150
1,926,0.28194194,0.29609328,0.28901761,1,1,228,178,150,150
1,927,0.31898089,0.29609328,0.30753709,1,1,228,178,150,150
1,928,0.32022208,0.29609328,0.30815768,1,1,228,178,150,150
1,929,0.30170261,0.27873958,0.29022109,1,1,228,178,150,150
1,930,0.28194194,0.27758745,0.27976469,1,1,228,178,150,150
1,931,0.28194194,0.27758745,0.27976469,1,1,228,178,150,150
1,932,0.29361011,0.28824841,0.29092926,1,1,228,178,150,150
1,933,0.28194194,0.27873958,0.28034076,1,1,228,178,150,150
1,934,0.28194194,0.29548674,0.28871434,1,1,228,178,150,150
1,935,0.32146327,0.29609328,0.30877828,1,1,228,178,150,150
1,936,0.28194194,0.28824841,0.28509518,1,1,228,178,150,150
1,937,0.33476703,0.28824841,0.31150772,1,1,228,178,150,150
1,938,0.32146327,0.30678600,0.31412464,1,1,228,178,150,150
1,939,0.32146327,0.29663651,0.30904989,1,1,228,178,150,150
1,940,0.33476703,0.30678600,0.32077652,1,1,228,178,150,150
1,941,0.31418857,0.29724541,0.30571699,1,1,228,178,150,150
1,942,0.33476703,0.30678600,0.32077652,1,1,228,178,150,150
1,943,0.32146327,0.29663651,0.30904989,1,1,228,178,150,150
1,944,0.30917348,0.29548674,0.30233011,1,1,228,178,150,150
1,945,0.32146327,0.31459911,0.31803119,1,1,228,178,150,150
1,946,0.32146327,0.29548674,0.30847501,1,1,228,178,150,150
1,947,0.31898089,0.27758745,0.29828417,1,1,228,178,150,150
1,948,0.31898089,0.28824841,0.30361465,1,1,228,178,150,150
1,949,0.32022208,0.29609328,0.30815768,1,1,228,178,150,150
1,950,0.33476703,0.28824841,0.31150772,1,1,228,178,150,150
1,951,0.30170261,0.28824841,0.29497551,1,1,228,178,150,150
1,952,0.32146327,0.28824841,0.30485584,1,1,228,178,150,150
1,953,0.28194194,0.28824841,0.28509518,1,1,228,178,150,150
1,954,0.28052511,0.25855090,0.26953801,1,1,228,178,150,150
1,955,0.28052511,0.25855090,0.26953801,1,1,228,178,150,150
1,956,0.28052511,0.26903185,0.27477848,1,1,228,178,150,150
1,957,0.29361011,0.26903185,0.28132098,1,1,228,178,150,150
1,958,0.29437240,0.26903185,0.28170213,1,1,228,178,150,150
1,959,0.25150600,0.24981529,0.25066064,1,1,228,178,150,150
1,960,0.27192198,0.25118097,0.26155147,1,1,228,178,150,150
1,961,0.28052511,0.25118097,0.26585304,1,1,228,178,150,150
1,962,0.25257298,0.25118097,0.25187697,1,1,228,178,150,150
1,963,0.28194194,0.27039753,0.27616973,1,1,228,178,150,150
1,964,0.26223879,0.26903185,0.26563532,1,1,228,178,150,150
1,965,0.25955920,0.25118097,0.25537008,1,1,228,178,150,150
1,966,0.28194194,0.26843775,0.27518985,1,1,228,178,150,150
1,967,0.28194194,0.26843775,0.27518985,1,1,228,178,150,150
1,968,0.28052511,0.25855090,0.26953801,1,1,228,178,150,150
1,969,0.28052511,0.24981529,0.26517020,1,1,228,178,150,150
1,970,0.28194194,0.26980042,0.27587118,1,1,228,178,150,150
1,971,0.26144617,0.24926363,0.25535490,1,1,228,178,150,150
1,972,0.28194194,0.26980042,0.27587118,1,1,228,178,150,150
1,973,0.28194194,0.25986337,0.27090266,1,1,228,178,150,150
1,974,0.26980042,0.26980042,0.26980042,1,1,228,178,150,150
1,975,0.28194194,0.25085053,0.26639624,1,1,228,178,150,150
1,976,0.24253564,0.23167641,0.23710602,1,1,228,178,150,150
1,977,0.24088565,0.24008298,0.24048432,1,1,228,178,150,150
1,978,0.24088565,0.26980042,0.25534303,1,1,228,178,150,150
1,979,0.28194194,0.26117585,0.27155889,1,1,228,178,150,150
1,980,0.28052511,0.24926363,0.26489437,1,1,228,178,150,150
1,981,0.24088565,0.23167641,0.23628103,1,1,228,178,150,150
1,982,0.23923567,0.23218914,0.23571241,1,1,228,178,150,150
1,983,0.28052511,0.24926363,0.26489437,1,1,228,178,150,150
1,984,0.26980042,0.24926363,0.25953202,1,1,228,178,150,150
1,985,0.26980042,0.26843775,0.26911908,1,1,228,178,150,150
1,986,0.28052511,0.26980042,0.27516276,1,1,228,178,150,150
1,987,0.28052511,0.26843775,0.27448143,1,1,228,178,150,150
1,988,0.25085471,0.24981529,0.25033500,1,1,228,178,150,150
1,989,0.29088353,0.26903185,0.27995769,1,1,228,178,150,150
1,990,0.28194194,0.24981529,0.26587861,1,1,228,178,150,150
1,991,0.29213465,0.26903185,0.28058325,1,1,228,178,150,150
1,992,0.29361011,0.26039679,0.27700345,1,1,228,178,150,150
1,993,0.25085471,0.23059873,0.24072672,1,1,228,178,150,150
1,994,0.22007636,0.23059873,0.22533754,1,1,228,178,150,150
1,995,0.22204264,0.21138217,0.21671241,1,1,228,178,150,150
1,996,0.22204264,0.21138217,0.21671241,1,1,228,178,150,150
1,997,0.20331123,0.21328498,0.20829810,1,1,228,178,150,150
1,998,0.22094935,0.23377956,0.22736445,1,1,228,178,150,150
1,999,0.22094935,0.23218914,0.22656924,1,1,228,178,150,150
1,1000,0.22127345,0.22206996,0.22167170,1,1,228,178,150,150
1,1001,0.22127345,0.21487540,0.21807442,1,1,228,178,150,150
1,1002,0.23993390,0.23059873,0.23526631,1,1,228,178,150,150
1,1003,0.25085471,0.20356413,0.22720942,1,1,228,178,150,150
1,1004,0.24253564,0.24981529,0.24617546,1,1,228,178,150,150
1,1005,0.24088565,0.24189096,0.24138830,1,1,228,178,150,150
1,1006,0.28194194,0.24189096,0.26191645,1,1,228,178,150,150
1,1007,0.28052511,0.27039753,0.27546132,1,1,228,178,150,150
1,1008,0.28052511,0.26843775,0.27448143,1,1,228,178,150,150
1,1009,0.25955920,0.26039679,0.25997799,1,1,228,178,150,150
1,1010,0.26058880,0.24210738,0.25134809,1,1,228,178,150,150
1,1011,0.24978038,0.24227338,0.24602688,1,1,228,178,150,150
1,1012,0.25257298,0.24981529,0.25119413,1,1,228,178,150,150
1,1013,0.28052511,0.25136669,0.26594590,1,1,228,178,150,150
1,1014,0.29088353,0.28944479,0.29016416,1,1,228,178,150,150
1,1015,0.27941674,0.27890262,0.27915968,1,1,228,178,150,150
1,1016,0.27941674,0.26039679,0.26990676,1,1,228,178,150,150
1,1017,0.27800550,0.27890262,0.27845406,1,1,228,178,150,150
1,1018,0.27941674,0.26039679,0.26990676,1,1,228,178,150,150
1,1019,0.28082797,0.24981529,0.26532163,1,1,228,178,150,150
1,1020,0.28052511,0.24057579,0.26055045,1,1,228,178,150,150
1,1021,0.27910828,0.25908162,0.26909495,1,1,228,178,150,150
1,1022,0.26082196,0.24210738,0.25146467,1,1,228,178,150,150
1,1023,0.25979143,0.24342255,0.25160699,1,1,228,178,150,150
1,1024,0.27941674,0.26903185,0.27422429,1,1,228,178,150,150
1,1025,0.28082797,0.24981529,0.26532163,1,1,228,178,150,150
1,1026,0.25814797,0.27039753,0.26427275,1,1,228,178,150,150
1,1027,0.25979143,0.24981529,0.25480336,1,1,228,178,150,150
1,1028,0.30051056,0.28897454,0.29474255,1,1,228,178,150,150
1,1029,0.27910828,0.28761188,0.28336008,1,1,228,178,150,150
1,1030,0.28052511,0.26980042,0.27516276,1,1,228,178,150,150
1,1031,0.28082797,0.26903185,0.27492991,1,1,228,178,150,150
1,1032,0.26120266,0.26039679,0.26079973,1,1,228,178,150,150
1,1033,0.26120266,0.26903185,0.26511726,1,1,228,178,150,150
1,1034,0.26120266,0.25118097,0.25619182,1,1,228,178,150,150
1,1035,0.25955920,0.26980042,0.26467981,1,1,228,178,150,150
1,1036,0.26120266,0.25118097,0.25619182,1,1,228,178,150,150
1,1037,0.29088353,0.26117585,0.27602969,1,1,228,178,150,150
1,1038,0.27021107,0.26903185,0.26962146,1,1,228,178,150,150
1,1039,0.25955920,0.24981529,0.25468724,1,1,228,178,150,150
1,1040,0.28052511,0.25118097,0.26585304,1,1,228,178,150,150
1,1041,0.25955920,0.25118097,0.25537008,1,1,228,178,150,150
1,1042,0.31271311,0.26039679,0.28655495,1,1,228,178,150,150
1,1043,0.26120266,0.25986337,0.26053302,1,1,228,178,150,150
1,1044,0.29213465,0.24210738,0.26712101,1,1,228,178,150,150
1,1045,0.29361011,0.25277138,0.27319075,1,1,228,178,150,150
1,1046,0.28052511,0.24210738,0.26131625,1,1,228,178,150,150
1,1047,0.29213465,0.25277138,0.27245301,1,1,228,178,150,150
1,1048,0.28052511,0.25118097,0.26585304,1,1,228,178,150,150
1,1049,0.28194194,0.27758745,0.27976469,1,1,228,178,150,150
1,1050,0.28194194,0.27890262,0.28042228,1,1,228,178,150,150
1,1051,0.28194194,0.27833130,0.28013662,1,1,228,178,150,150
1,1052,0.28194194,0.27816859,0.28005527,1,1,228,178,150,150
1,1053,0.28194194,0.29609328,0.28901761,1,1,228,178,150,150
1,1054,0.28082797,0.29724541,0.28903669,1,1,228,178,150,150
1,1055,0.28194194,0.27758745,0.27976469,1,1,228,178,150,150
1,1056,0.28082797,0.27758745,0.27920771,1,1,228,178,150,150
1,1057,0.28194194,0.27758745,0.27976469,1,1,228,178,150,150
1,1058,0.28082797,0.25908162,0.26995479,1,1,228,178,150,150
1,1059,0.28082797,0.29609328,0.28846062,1,1,228,178,150,150
1,1060,0.33476703,0.25855090,0.29665897,1,1,228,178,150,150
1,1061,0.28082797,0.25986337,0.27034567,1,1,228,178,150,150
1,1062,0.28194194,0.27833130,0.28013662,1,1,228,178,150,150
1,1063,0.28194194,0.27758745,0.27976469,1,1,228,178,150,150
1,1064,0.28194194,0.27890262,0.28042228,1,1,228,178,150,150
1,1065,0.30051056,0.25855090,0.27953073,1,1,228,178,150,150
1,1066,0.28082797,0.27890262,0.27986529,1,1,228,178,150,150
1,1067,0.28194194,0.27758745,0.27976469,1,1,228,178,150,150
1,1068,0.28082797,0.27873958,0.27978377,1,1,228,178,150,150
1,1069,0.32146327,0.27758745,0.29952536,1,1,228,178,150,150
1,1070,0.31418857,0.28824841,0.30121849,1,1,228,178,150,150
1,1071,0.32146327,0.28944479,0.30545403,1,1,228,178,150,150
1,1072,0.32146327,0.28824841,0.30485584,1,1,228,178,150,150
1,1073,0.32022208,0.27890262,0.29956235,1,1,228,178,150,150
1,1074,0.30170261,0.27890262,0.29030261,1,1,228,178,150,150
1,1075,0.32022208,0.27758745,0.29890477,1,1,228,178,150,150
1,1076,0.30170261,0.27758745,0.28964503,1,1,228,178,150,150
1,1077,0.32146327,0.27873958,0.30010143,1,1,228,178,150,150
1,1078,0.32146327,0.27873958,0.30010143,1,1,228,178,150,150
1,1079,0.32146327,0.27758745,0.29952536,1,1,228,178,150,150
1,1080,0.30170261,0.27758745,0.28964503,1,1,228,178,150,150
1,1081,0.30170261,0.27873958,0.29022109,1,1,228,178,150,150
1,1082,0.28082797,0.27758745,0.27920771,1,1,228,178,150,150
1,1083,0.30051056,0.29609328,0.29830192,1,1,228,178,150,150
1,1084,0.30051056,0.32596013,0.31323534,1,1,228,178,150,150
1,1085,0.28082797,0.27758745,0.27920771,1,1,228,178,150,150
1,1086,0.30416342,0.31575124,0.30995733,1,1,228,178,150,150
1,1087,0.28082797,0.25986337,0.27034567,1,1,228,178,150,150
1,1088,0.30051056,0.25986337,0.28018697,1,1,228,178,150,150
1,1089,0.30051056,0.27890262,0.28970659,1,1,228,178,150,150
1,1090,0.32146327,0.27873958,0.30010143,1,1,228,178,150,150
1,1091,0.30051056,0.27890262,0.28970659,1,1,228,178,150,150
1,1092,0.32384601,0.31677620,0.32031110,1,1,228,178,150,150
1,1093,0.31155728,0.31497752,0.31326740,1,1,228,178,150,150
1,1094,0.30804304,0.31677620,0.31240962,1,1,228,178,150,150
1,1095,0.30051056,0.29724541,0.29887798,1,1,228,178,150,150
1,1096,0.32146327,0.29724541,0.30935434,1,1,228,178,150,150
1,1097,0.32146327,0.27890262,0.30018294,1,1,228,178,150,150
1,1098,0.28910733,0.31395466,0.30153100,1,1,228,178,150,150
1,1099,0.30804304,0.31575124,0.31189714,1,1,228,178,150,150
1,1100,0.28910733,0.31562406,0.30236570,1,1,228,178,150,150
1,1101,0.28910733,0.29724541,0.29317637,1,1,228,178,150,150
1,1102,0.32146327,0.31562406,0.31854367,1,1,228,178,150,150
1,1103,0.28910733,0.27873958,0.28392345,1,1,228,178,150,150
1,1104,0.32019315,0.29724541,0.30871928,1,1,228,178,150,150
1,1105,0.28308541,0.24981529,0.26645035,1,1,211,178,150,150
1,1106,0.28487783,0.28824841,0.28656312,1,1,211,178,150,150
1,1107,0.30320367,0.29976028,0.30148197,1,1,211,178,150,150
1,1108,0.30474281,0.28824841,0.29649561,1,1,211,178,150,150
1,1109,0.30474281,0.27977626,0.29225954,1,1,211,178,150,150
1,1110,0.27137328,0.28824841,0.27981084,1,1,211,178,150,150
1,1111,0.28388546,0.28944479,0.28666512,1,1,211,178,150,150
1,1112,0.29213465,0.25118097,0.27165781,1,1,211,178,150,150
1,1113,0.30320367,0.25277138,0.27798752,1,1,211,178,150,150
1,1114,0.31271311,0.26843775,0.29057543,1,1,211,178,150,150
1,1115,0.29213465,0.26286639,0.27750052,1,1,211,178,150,150
1,1116,0.29213465,0.24981529,0.27097497,1,1,211,178,150,150
1,1117,0.29213465,0.26286639,0.27750052,1,1,211,178,150,150
1,1118,0.29065918,0.25118097,0.27092007,1,1,211,178,150,150
1,1119,0.29213465,0.26286639,0.27750052,1,1,211,178,150,150
1,1120,0.28308541,0.26286639,0.27297590,1,1,211,178,150,150
1,1121,0.29213465,0.24146215,0.26679840,1,1,211,178,150,150
1,1122,0.29213465,0.25277138,0.27245301,1,1,211,178,150,150
1,1123,0.28052511,0.25908162,0.26980336,1,1,211,178,150,150
1,1124,0.29065918,0.23980822,0.26523370,1,1,211,178,150,150
1,1125,0.25150600,0.26000000,0.25575300,1,1,211,178,150,150
1,1126,0.29213465,0.25277138,0.27245301,1,1,211,178,150,150
1,1127,0.28052511,0.27176321,0.27614416,1,1,211,178,150,150
1,1128,0.26223879,0.26903185,0.26563532,1,1,211,178,150,150
1,1129,0.27207783,0.24981529,0.26094656,1,1,228,178,150,150
1,1130,0.29213465,0.26980042,0.28096753,1,1,228,178,150,150
1,1131,0.25150600,0.24981529,0.25066064,1,1,228,178,150,150
1,1132,0.24088565,0.24981529,0.24535047,1,1,228,178,150,150
1,1133,0.29213465,0.24981529,0.27097497,1,1,228,178,150,150
1,1134,0.29213465,0.24210738,0.26712101,1,1,228,178,150,150
1,1135,0.24146215,0.24981529,0.24563872,1,1,228,178,150,150
1,1136,0.28052511,0.24981529,0.26517020,1,1,228,178,150,150
1,1137,0.25150600,0.23167641,0.24159120,1,1,228,178,150,150
1,1138,0.26286639,0.23167641,0.24727140,1,1,228,178,150,150
1,1139,0.25150600,0.23167641,0.24159120,1,1,228,178,150,150
1,1140,0.26286639,0.25062629,0.25674634,1,1,228,178,150,150
1,1141,0.28119648,0.23167641,0.25643644,1,1,228,178,150,150
1,1142,0.29361011,0.25085053,0.27223032,1,1,228,178,150,150
1,1143,0.24146215,0.27039753,0.25592984,1,1,228,178,150,150
1,1144,0.25150600,0.23167641,0.24159120,1,1,228,178,150,150
1,1145,0.26121246,0.25085053,0.25603150,1,1,228,178,150,150
1,1146,0.29213465,0.23167641,0.26190553,1,1,228,178,150,150
1,1147,0.29213465,0.25062629,0.27138047,1,1,228,178,150,150
1,1148,0.29361011,0.23167641,0.26264326,1,1,228,178,150,150
1,1149,0.24088565,0.25085053,0.24586809,1,1,228,178,150,150
1,1150,0.29213465,0.27039753,0.28126609,1,1,228,178,150,150
1,1151,0.29213465,0.28880562,0.29047013,1,1,228,178,150,150
1,1152,0.28052511,0.28961409,0.28506960,1,1,228,178,150,150
1,1153,0.29361011,0.28761188,0.29061099,1,1,228,178,150,150
1,1154,0.28194194,0.28880562,0.28537378,1,1,228,178,150,150
1,1155,0.29213465,0.28880562,0.29047013,1,1,228,178,150,150
1,1156,0.29213465,0.28880562,0.29047013,1,1,228,178,150,150
1,1157,0.33347448,0.26980042,0.30163745,1,1,228,178,150,150
1,1158,0.31898089,0.26980042,0.29439065,1,1,228,178,150,150
1,1159,0.33347448,0.28944479,0.31145963,1,1,228,178,150,150
1,1160,0.31271311,0.26039679,0.28655495,1,1,228,178,150,150
1,1161,0.33347448,0.27873958,0.30610703,1,1,228,178,150,150
1,1162,0.31271311,0.28944479,0.30107895,1,1,228,178,150,150
1,1163,0.31271311,0.27873958,0.29572634,1,1,228,178,150,150
1,1164,0.31271311,0.27873958,0.29572634,1,1,228,178,150,150
1,1165,0.33347448,0.28944479,0.31145963,1,1,228,178,150,150
1,1166,0.29213465,0.26903185,0.28058325,1,1,228,178,150,150
1,1167,0.29361011,0.26903185,0.28132098,1,1,228,178,150,150
1,1168,0.29213465,0.25118097,0.27165781,1,1,228,178,150,150
1,1169,0.29437240,0.26980042,0.28208641,1,1,228,178,150,150
1,1170,0.28194194,0.26843775,0.27518985,1,1,228,178,150,150
1,1171,0.29213465,0.26980042,0.28096753,1,1,228,178,150,150
1,1172,0.29213465,0.27039753,0.28126609,1,1,228,178,150,150
1,1173,0.28052511,0.27039753,0.27546132,1,1,228,178,150,150
1,1174,0.29065918,0.27039753,0.28052835,1,1,228,178,150,150
1,1175,0.29213465,0.26144617,0.27679041,1,1,228,178,150,150
1,1176,0.29213465,0.25855090,0.27534277,1,1,228,178,150,150
1,1177,0.28194194,0.25855090,0.27024642,1,1,228,178,150,150
1,1178,0.32146327,0.28944479,0.30545403,1,1,228,178,150,150
1,1179,0.32146327,0.30866135,0.31506231,1,1,228,178,150,150
1,1180,0.32146327,0.28944479,0.30545403,1,1,228,178,150,150
1,1181,0.32146327,0.28944479,0.30545403,1,1,228,178,150,150
1,1182,0.28194194,0.28824841,0.28509518,1,1,228,178,150,150
1,1183,0.32146327,0.27890262,0.30018294,1,1,228,178,150,150
1,1184,0.30170261,0.27758745,0.28964503,1,1,228,178,150,150
1,1185,0.31895686,0.31459911,0.31677799,1,1,228,178,150,150
1,1186,0.32019315,0.29609328,0.30814321,1,1,228,178,150,150
1,1187,0.32146327,0.29663651,0.30904989,1,1,228,178,150,150
1,1188,0.32019315,0.29663651,0.30841483,1,1,228,178,150,150
1,1189,0.32146327,0.29663651,0.30904989,1,1,228,178,150,150
1,1190,0.32019315,0.29724541,0.30871928,1,1,228,178,150,150
1,1191,0.32019315,0.29724541,0.30871928,1,1,228,178,150,150
1,1192,0.32019315,0.29663651,0.30841483,1,1,228,178,150,150
1,1193,0.32146327,0.30678600,0.31412464,1,1,228,178,150,150
1,1194,0.34126257,0.28761188,0.31443723,1,1,228,178,150,150
1,1195,0.32146327,0.27890262,0.30018294,1,1,228,178,150,150
1,1196,0.32146327,0.29724541,0.30935434,1,1,228,178,150,150
1,1197,0.32146327,0.29724541,0.30935434,1,1,228,178,150,150
1,1198,0.32022208,0.29778629,0.30900418,1,1,228,178,150,150
1,1199,0.33867793,0.29663651,0.31765722,1,1,228,178,150,150
1,1200,0.35963529,0.31510444,0.33736986,1,1,228,178,150,150
1,1201,0.36106187,0.31510444,0.33808315,1,1,228,178,150,150
1,1202,0.36106187,0.31575124,0.33840656,1,1,228,178,150,150
1,1203,0.36106187,0.29778629,0.32942408,1,1,228,178,150,150
1,1204,0.36106187,0.29778629,0.32942408,1,1,228,178,150,150
1,1205,0.36106187,0.33446830,0.34776509,1,1,228,178,150,150
1,1206,0.32022208,0.29663651,0.30842930,1,1,228,178,150,150
1,1207,0.32146327,0.29548674,0.30847501,1,1,228,178,150,150
1,1208,0.32019315,0.31575124,0.31797219,1,1,228,178,150,150
1,1209,0.32019315,0.31677620,0.31848467,1,1,228,178,150,150
1,1210,0.32019315,0.27873958,0.29946636,1,1,228,178,150,150
1,1211,0.32146327,0.29663651,0.30904989,1,1,228,178,150,150
1,1212,0.32019315,0.30678600,0.31348958,1,1,228,178,150,150
1,1213,0.32146327,0.28761188,0.30453758,1,1,228,178,150,150
1,1214,0.28194194,0.28880562,0.28537378,1,1,228,178,150,150
1,1215,0.26980042,0.27758745,0.27369393,1,1,228,178,150,150
1,1216,0.30051056,0.28961409,0.29506232,1,1,228,178,150,150
1,1217,0.29065918,0.28961409,0.29013664,1,1,228,178,150,150
1,1218,0.27800550,0.27039753,0.27420152,1,1,228,178,150,150
1,1219,0.30566429,0.26039679,0.28303054,1,1,228,178,150,150
1,1220,0.27800550,0.25986337,0.26893444,1,1,228,178,150,150
1,1221,0.28082797,0.26039679,0.27061238,1,1,228,178,150,150
1,1222,0.30685366,0.26039679,0.28362523,1,1,228,178,150,150
1,1223,0.28052511,0.27039753,0.27546132,1,1,228,178,150,150
1,1224,0.29213465,0.25062629,0.27138047,1,1,228,178,150,150
1,1225,0.28052511,0.24057579,0.26055045,1,1,228,178,150,150
1,1226,0.25979143,0.26039679,0.26009411,1,1,228,178,150,150
1,1227,0.23923567,0.25118097,0.24520832,1,1,228,178,150,150
1,1228,0.29213465,0.27039753,0.28126609,1,1,228,178,150,150
1,1229,0.28052511,0.24008298,0.26030404,1,1,228,178,150,150
1,1230,0.28194194,0.25118097,0.26656145,1,1,228,178,150,150
1,1231,0.28052511,0.27039753,0.27546132,1,1,228,178,150,150
1,1232,0.28194194,0.27701882,0.27948038,1,1,228,178,150,150
1,1233,0.28052511,0.25140570,0.26596541,1,1,228,178,150,150
1,1234,0.28194194,0.25159159,0.26676677,1,1,228,178,150,150
1,1235,0.24088565,0.24981529,0.24535047,1,1,228,178,150,150
1,1236,0.24253564,0.24981529,0.24617546,1,1,228,178,150,150
1,1237,0.23993390,0.26903185,0.25448287,1,1,228,178,150,150
1,1238,0.23993390,0.27039753,0.25516571,1,1,228,178,150,150
1,1239,0.26120266,0.26903185,0.26511726,1,1,228,178,150,150
1,1240,0.28052511,0.24057579,0.26055045,1,1,228,178,150,150
1,1241,0.28052511,0.24057579,0.26055045,1,1,228,178,150,150
1,1242,0.28194194,0.27039753,0.27616973,1,1,228,178,150,150
1,1243,0.28082797,0.26903185,0.27492991,1,1,228,178,150,150
1,1244,0.28082797,0.26843775,0.27463286,1,1,228,178,150,150
1,1245,0.26120266,0.26980042,0.26550154,1,1,228,178,150,150
1,1246,0.28194194,0.26980042,0.27587118,1,1,228,178,150,150
1,1247,0.30051056,0.26903185,0.28477120,1,1,228,178,150,150
1,1248,0.30051056,0.25908162,0.27979609,1,1,228,178,150,150
1,1249,0.28082797,0.27039753,0.27561275,1,1,228,178,150,150
1,1250,0.27941674,0.25855090,0.26898382,1,1,228,178,150,150
1,1251,0.28194194,0.27758745,0.27976469,1,1,228,178,150,150
1,1252,0.30797974,0.26039679,0.28418826,1,1,228,178,150,150
1,1253,0.30170261,0.27890262,0.29030261,1,1,228,178,150,150
1,1254,0.29213465,0.27890262,0.28551863,1,1,228,178,150,150
1,1255,0.28052511,0.25908162,0.26980336,1,1,228,178,150,150
1,1256,0.28052511,0.25855090,0.26953801,1,1,228,178,150,150
1,1257,0.32022208,0.25855090,0.28938649,1,1,228,178,150,150
1,1258,0.28194194,0.26903185,0.27548689,1,1,228,178,150,150
1,1259,0.28194194,0.27758745,0.27976469,1,1,228,178,150,150
1,1260,0.28194194,0.27890262,0.28042228,1,1,228,178,150,150
1,1261,0.28194194,0.27890262,0.28042228,1,1,228,178,150,150
1,1262,0.28194194,0.27890262,0.28042228,1,1,228,178,150,150
1,1263,0.27910828,0.27890262,0.27900545,1,1,228,178,150,150
1,1264,0.30170261,0.26039679,0.28104970,1,1,228,178,150,150
1,1265,0.29065918,0.26039679,0.27552798,1,1,228,178,150,150
1,1266,0.28194194,0.28944479,0.28569337,1,1,228,178,150,150
1,1267,0.28052511,0.26843775,0.27448143,1,1,228,178,150,150
1,1268,0.29361011,0.26980042,0.28170526,1,1,228,178,150,150
1,1269,0.28194194,0.26980042,0.27587118,1,1,228,178,150,150
1,1270,0.28052511,0.27890262,0.27971386,1,1,228,178,150,150
1,1271,0.28052511,0.28961409,0.28506960,1,1,228,178,150,150
1,1272,0.28052511,0.26039679,0.27046095,1,1,228,178,150,150
1,1273,0.28052511,0.27039753,0.27546132,1,1,228,178,150,150
1,1274,0.29904459,0.27039753,0.28472106,1,1,228,178,150,150
1,1275,0.27910828,0.27039753,0.27475290,1,1,228,178,150,150
1,1276,0.30028578,0.27116308,0.28572443,1,1,228,178,150,150
1,1277,0.31898089,0.27816859,0.29857474,1,1,228,178,150,150
1,1278,0.30028578,0.26980042,0.28504310,1,1,228,178,150,150
1,1279,0.30028578,0.25986337,0.28007458,1,1,228,178,150,150
1,1280,0.31898089,0.27816859,0.29857474,1,1,228,178,150,150
1,1281,0.29786304,0.26039679,0.27912991,1,1,228,178,150,150
1,1282,0.27800550,0.28944479,0.28372515,1,1,228,178,150,150
1,1283,0.29927427,0.27873958,0.28900693,1,1,228,178,150,150
1,1284,0.27941674,0.28961409,0.28451541,1,1,228,178,150,150
1,1285,0.27941674,0.27873958,0.27907816,1,1,228,178,150,150
1,1286,0.27800550,0.27873958,0.27837254,1,1,228,178,150,150
1,1287,0.27941674,0.28880562,0.28411118,1,1,228,178,150,150
1,1288,0.27941674,0.27890262,0.27915968,1,1,228,178,150,150
1,1289,0.29088353,0.27833130,0.28460741,1,1,228,178,150,150
1,1290,0.27910828,0.27039753,0.27475290,1,1,228,178,150,150
1,1291,0.29213465,0.27873958,0.28543711,1,1,228,178,150,150
1,1292,0.29235267,0.28824841,0.29030054,1,1,228,178,150,150
1,1293,0.27137328,0.27039753,0.27088540,1,1,228,178,150,150
1,1294,0.29088353,0.27039753,0.28064053,1,1,228,178,150,150
1,1295,0.27137328,0.29016828,0.28077078,1,1,228,178,150,150
1,1296,0.31271311,0.28961409,0.30116360,1,1,228,178,150,150
1,1297,0.29904459,0.28880562,0.29392510,1,1,228,178,150,150
1,1298,0.29786304,0.27833130,0.28809717,1,1,228,178,150,150
1,1299,0.27800550,0.27890262,0.27845406,1,1,228,178,150,150
1,1300,0.27800550,0.28824841,0.28312696,1,1,228,178,150,150
1,1301,0.30046142,0.26843775,0.28444958,1,1,228,178,150,150
1,1302,0.29904459,0.26843775,0.28374117,1,1,228,178,150,150
1,1303,0.30046142,0.27833130,0.28939636,1,1,228,178,150,150
1,1304,0.28052511,0.26980042,0.27516276,1,1,228,178,150,150
1,1305,0.30046142,0.26980042,0.28513092,1,1,228,178,150,150
1,1306,0.28082797,0.27758745,0.27920771,1,1,228,178,150,150
1,1307,0.29904459,0.27833130,0.28868794,1,1,228,178,150,150
1,1308,0.30170261,0.25986337,0.28078299,1,1,228,178,150,150
1,1309,0.30170261,0.27116308,0.28643284,1,1,228,178,150,150
1,1310,0.30170261,0.27948107,0.29059184,1,1,228,178,150,150
1,1311,0.32146327,0.30866135,0.31506231,1,1,228,178,150,150
1,1312,0.32019315,0.31562406,0.31790861,1,1,228,178,150,150
1,1313,0.32146327,0.33412989,0.32779658,1,1,228,178,150,150
1,1314,0.34912459,0.33242259,0.34077359,1,1,228,178,150,150
1,1315,0.36781777,0.33310494,0.35046136,1,1,228,178,150,150
1,1316,0.34912459,0.31395466,0.33153963,1,1,228,178,150,150
1,1317,0.36289508,0.35801199,0.36045354,1,1,228,178,150,150
1,1318,0.36289508,0.32258477,0.34273992,1,1,228,178,150,150
1,1319,0.34598850,0.32320058,0.33459454,1,1,228,178,150,150
1,1320,0.33805313,0.33310494,0.33557903,1,1,228,178,150,150
1,1321,0.34598850,0.35089051,0.34843950,1,1,228,178,150,150
1,1322,0.34598850,0.33931187,0.34265018,1,1,228,178,150,150
1,1323,0.34598850,0.34029838,0.34314344,1,1,228,178,150,150
1,1324,0.34598850,0.33412989,0.34005920,1,1,228,178,150,150
1,1325,0.38485510,0.36935843,0.37710677,1,1,228,178,150,150
1,1326,0.34598850,0.35355871,0.34977360,1,1,228,178,150,150
1,1327,0.34598850,0.35161077,0.34879963,1,1,228,178,150,150
1,1328,0.34598850,0.33446830,0.34022840,1,1,228,178,150,150
1,1329,0.35963529,0.33446830,0.34705180,1,1,228,178,150,150
1,1330,0.33991422,0.33242259,0.33616840,1,1,228,178,150,150
1,1331,0.33991422,0.33242259,0.33616840,1,1,228,178,150,150
1,1332,0.35963529,0.33242259,0.34602894,1,1,228,178,150,150
1,1333,0.36106187,0.33242259,0.34674223,1,1,228,178,150,150
1,1334,0.35963529,0.34513425,0.35238477,1,1,228,178,150,150
1,1335,0.35963529,0.33242259,0.34602894,1,1,228,178,150,150
1,1336,0.35853547,0.33446830,0.34650188,1,1,228,178,150,150
1,1337,0.31772058,0.32894223,0.32333140,1,1,228,178,150,150
1,1338,0.32146327,0.32821584,0.32483955,1,1,228,178,150,150
1,1339,0.32146327,0.34725819,0.33436073,1,1,228,178,150,150
1,1340,0.34126257,0.31612729,0.32869493,1,1,228,178,150,150
1,1341,0.33991422,0.31677620,0.32834521,1,1,228,178,150,150
1,1342,0.34126257,0.33446830,0.33786544,1,1,228,178,150,150
1,1343,0.32146327,0.32715387,0.32430857,1,1,228,178,150,150
1,1344,0.34126257,0.31575124,0.32850691,1,1,228,178,150,150
1,1345,0.32146327,0.32821584,0.32483955,1,1,228,178,150,150
1,1346,0.29786304,0.31575124,0.30680714,1,1,228,178,150,150
1,1347,0.31772058,0.29663651,0.30717855,1,1,228,178,150,150
1,1348,0.33891720,0.34696241,0.34293981,1,1,228,178,150,150
1,1349,0.33218192,0.29663651,0.31440922,1,1,228,178,150,150
1,1350,0.32022208,0.30797974,0.31410091,1,1,228,178,150,150
1,1351,0.33218192,0.29724541,0.31471367,1,1,228,178,150,150
1,1352,0.32146327,0.32787791,0.32467059,1,1,228,178,150,150
1,1353,0.32146327,0.30866135,0.31506231,1,1,228,178,150,150
1,1354,0.28194194,0.30866135,0.29530165,1,1,228,178,150,150
1,1355,0.31974430,0.29724541,0.30849485,1,1,228,178,150,150
1,1356,0.30170261,0.30866135,0.30518198,1,1,228,178,150,150
1,1357,0.31898089,0.30866135,0.31382112,1,1,228,178,150,150
1,1358,0.31898089,0.29663651,0.30780870,1,1,228,178,150,150
1,1359,0.28119648,0.29724541,0.28922094,1,1,228,178,150,150
1,1360,0.28052511,0.27039753,0.27546132,1,1,228,178,150,150
1,1361,0.28052511,0.27890262,0.27971386,1,1,228,178,150,150
1,1362,0.31271311,0.27873958,0.29572634,1,1,228,178,150,150
1,1363,0.29065918,0.28944479,0.29005199,1,1,228,178,150,150
1,1364,0.29213465,0.30797974,0.30005719,1,1,228,178,150,150
1,1365,0.33218192,0.30797974,0.32008083,1,1,228,178,150,150
1,1366,0.31898089,0.29724541,0.30811315,1,1,228,178,150,150
1,1367,0.30028578,0.27890262,0.28959420,1,1,228,178,150,150
1,1368,0.31142055,0.27833130,0.29487592,1,1,228,178,150,150
1,1369,0.29213465,0.27890262,0.28551863,1,1,228,178,150,150
1,1370,0.31271311,0.26039679,0.28655495,1,1,228,178,150,150
1,1371,0.31271311,0.29724541,0.30497926,1,1,228,178,150,150
1,1372,0.29213465,0.28880562,0.29047013,1,1,228,178,150,150
1,1373,0.29213465,0.28005475,0.28609470,1,1,228,178,150,150
1,1374,0.27977626,0.28880562,0.28429094,1,1,228,178,150,150
1,1375,0.27977626,0.27816859,0.27897243,1,1,228,178,150,150
1,1376,0.29065918,0.28880562,0.28973240,1,1,228,178,150,150
1,1377,0.27910828,0.28880562,0.28395695,1,1,228,178,150,150
1,1378,0.29213465,0.28880562,0.29047013,1,1,228,178,150,150
1,1379,0.28119648,0.27816859,0.27968254,1,1,228,178,150,150
1,1380,0.28119648,0.27816859,0.27968254,1,1,228,178,150,150
1,1381,0.28119648,0.25986337,0.27052993,1,1,228,178,150,150
1,1382,0.29289311,0.26117585,0.27703448,1,1,228,178,150,150
1,1383,0.28119648,0.26980042,0.27549845,1,1,228,178,150,150
1,1384,0.28119648,0.27039753,0.27579700,1,1,228,178,150,150
1,1385,0.28119648,0.27039753,0.27579700,1,1,228,178,150,150
1,1386,0.29213465,0.27039753,0.28126609,1,1,228,178,150,150
1,1387,0.29213465,0.27890262,0.28551863,1,1,228,178,150,150
1,1388,0.29213465,0.27890262,0.28551863,1,1,228,178,150,150
1,1389,0.29213465,0.26039679,0.27626572,1,1,228,178,150,150
1,1390,0.30028578,0.26039679,0.28034128,1,1,228,178,150,150
1,1391,0.30028578,0.26039679,0.28034128,1,1,228,178,150,150
1,1392,0.29213465,0.27890262,0.28551863,1,1,228,178,150,150
1,1393,0.27137328,0.26039679,0.26588503,1,1,228,178,150,150
1,1394,0.31142055,0.27873958,0.29508007,1,1,228,178,150,150
1,1395,0.28052511,0.27890262,0.27971386,1,1,228,178,150,150
1,1396,0.28194194,0.27833130,0.28013662,1,1,228,178,150,150
1,1397,0.27910828,0.26039679,0.26975253,1,1,228,178,150,150
1,1398,0.28052511,0.27890262,0.27971386,1,1,228,178,150,150
1,1399,0.29213465,0.27873958,0.28543711,1,1,228,178,150,150
1,1400,0.29213465,0.28005475,0.28609470,1,1,228,178,150,150
1,1401,0.29065918,0.27833130,0.28449524,1,1,228,178,150,150
1,1402,0.29065918,0.28005475,0.28535696,1,1,228,178,150,150
1,1403,0.29213465,0.26039679,0.27626572,1,1,228,178,150,150
1,1404,0.29065918,0.27833130,0.28449524,1,1,228,178,150,150
1,1405,0.29065918,0.27816859,0.28441389,1,1,228,178,150,150
1,1406,0.29065918,0.26117585,0.27591752,1,1,228,178,150,150
1,1407,0.29065918,0.27833130,0.28449524,1,1,228,178,150,150
1,1408,0.29141381,0.26117585,0.27629483,1,1,228,178,150,150
1,1409,0.29065918,0.25986337,0.27526128,1,1,228,178,150,150
1,1410,0.28941438,0.26117585,0.27529511,1,1,228,178,150,150
1,1411,0.33218192,0.28005475,0.30611834,1,1,228,178,150,150
1,1412,0.29213465,0.27039753,0.28126609,1,1,228,178,150,150
1,1413,0.29213465,0.25986337,0.27599901,1,1,228,178,150,150
1,1414,0.31271311,0.26117585,0.28694448,1,1,228,178,150,150
1,1415,0.31271311,0.26980042,0.29125676,1,1,228,178,150,150
1,1416,0.29213465,0.26039679,0.27626572,1,1,228,178,150,150
1,1417,0.29213465,0.26039679,0.27626572,1,1,228,178,150,150
1,1418,0.29213465,0.26980042,0.28096753,1,1,228,178,150,150
1,1419,0.29213465,0.27039753,0.28126609,1,1,228,178,150,150
1,1420,0.33347448,0.26039679,0.29693563,1,1,228,178,150,150
1,1421,0.31142055,0.26039679,0.28590867,1,1,228,178,150,150
1,1422,0.29213465,0.26039679,0.27626572,1,1,228,178,150,150
1,1423,0.31142055,0.26980042,0.29061048,1,1,228,178,150,150
1,1424,0.29289311,0.29663651,0.29476481,1,1,228,178,150,150
1,1425,0.31898089,0.27833130,0.29865609,1,1,228,178,150,150
1,1426,0.29909933,0.29663651,0.29786792,1,1,228,178,150,150
1,1427,0.32146327,0.26171196,0.29158761,1,1,228,178,150,150
1,1428,0.31898089,0.25986337,0.28942213,1,1,228,178,150,150
1,1429,0.32022208,0.27039753,0.29530981,1,1,228,178,150,150
1,1430,0.27910828,0.26980042,0.27445435,1,1,228,178,150,150
1,1431,0.29213465,0.25986337,0.27599901,1,1,228,178,150,150
1,1432,0.29065918,0.27890262,0.28478090,1,1,228,178,150,150
1,1433,0.29213465,0.26039679,0.27626572,1,1,228,178,150,150
1,1434,0.27910828,0.27890262,0.27900545,1,1,228,178,150,150
1,1435,0.29213465,0.26980042,0.28096753,1,1,228,178,150,150
1,1436,0.29213465,0.27833130,0.28523297,1,1,228,178,150,150
1,1437,0.29976028,0.25986337,0.27981183,1,1,228,178,150,150
1,1438,0.29213465,0.26039679,0.27626572,1,1,228,178,150,150
1,1439,0.29213465,0.27833130,0.28523297,1,1,228,178,150,150
1,1440,0.29213465,0.26039679,0.27626572,1,1,228,178,150,150
1,1441,0.29213465,0.26171196,0.27692330,1,1,228,178,150,150
1,1442,0.29213465,0.25986337,0.27599901,1,1,228,178,150,150
1,1443,0.27910828,0.27816859,0.27863844,1,1,228,178,150,150
1,1444,0.29213465,0.25986337,0.27599901,1,1,228,178,150,150
1,1445,0.29289311,0.25986337,0.27637824,1,1,228,178,150,150
1,1446,0.29289311,0.25986337,0.27637824,1,1,228,178,150,150
1,1447,0.29213465,0.25986337,0.27599901,1,1,228,178,150,150
1,1448,0.29141381,0.25986337,0.27563859,1,1,228,178,150,150
1,1449,0.29213465,0.25986337,0.27599901,1,1,228,178,150,150
1,1450,0.29213465,0.26039679,0.27626572,1,1,228,178,150,150
1,1451,0.29065918,0.27833130,0.28449524,1,1,228,178,150,150
1,1452,0.29213465,0.26980042,0.28096753,1,1,228,178,150,150
1,1453,0.29213465,0.26117585,0.27665525,1,1,228,178,150,150
1,1454,0.31352500,0.25986337,0.28669419,1,1,228,178,150,150
1,1455,0.29213465,0.26980042,0.28096753,1,1,228,178,150,150
1,1456,0.31352500,0.26980042,0.29166271,1,1,228,178,150,150
1,1457,0.29213465,0.26171196,0.27692330,1,1,228,178,150,150
1,1458,0.29213465,0.26039679,0.27626572,1,1,228,178,150,150
1,1459,0.29213465,0.27039753,0.28126609,1,1,228,178,150,150
1,1460,0.29361011,0.28961409,0.29161210,1,1,228,178,150,150
1,1461,0.28052511,0.25986337,0.27019424,1,1,228,178,150,150
1,1462,0.28052511,0.26039679,0.27046095,1,1,228,178,150,150
1,1463,0.27161608,0.27176321,0.27168964,1,1,228,178,150,150
1,1464,0.29361011,0.26980042,0.28170526,1,1,228,178,150,150
1,1465,0.28194194,0.28961409,0.28577801,1,1,228,178,150,150
1,1466,0.28194194,0.28880562,0.28537378,1,1,228,178,150,150
1,1467,0.28194194,0.26039679,0.27116936,1,1,228,178,150,150
1,1468,0.28052511,0.27890262,0.27971386,1,1,228,178,150,150
1,1469,0.30046142,0.27039753,0.28542947,1,1,228,178,150,150
1,1470,0.28194194,0.26980042,0.27587118,1,1,228,178,150,150
1,1471,0.28194194,0.29016828,0.28605511,1,1,228,178,150,150
1,1472,0.28194194,0.26980042,0.27587118,1,1,228,178,150,150
1,1473,0.30046142,0.28944479,0.29495310,1,1,228,178,150,150
1,1474,0.28194194,0.25140570,0.26667382,1,1,228,178,150,150
1,1475,0.28194194,0.29016828,0.28605511,1,1,228,178,150,150
1,1476,0.28082797,0.26980042,0.27531419,1,1,228,178,150,150
1,1477,0.28052511,0.27116308,0.27584410,1,1,228,178,150,150
1,1478,0.28052511,0.26117585,0.27085048,1,1,228,178,150,150
1,1479,0.27910828,0.27116308,0.27513568,1,1,228,178,150,150
1,1480,0.29904459,0.27176321,0.28540390,1,1,228,178,150,150
1,1481,0.28880562,0.27116308,0.27998435,1,1,228,178,150,150
1,1482,0.28052511,0.27116308,0.27584410,1,1,228,178,150,150
1,1483,0.25814797,0.26117585,0.25966191,1,1,228,178,150,150
1,1484,0.27941674,0.26117585,0.27029629,1,1,228,178,150,150
1,1485,0.27941674,0.26117585,0.27029629,1,1,228,178,150,150
1,1486,0.28052511,0.27116308,0.27584410,1,1,228,178,150,150
1,1487,0.28052511,0.25986337,0.27019424,1,1,228,178,150,150
1,1488,0.28052511,0.25986337,0.27019424,1,1,228,178,150,150
1,1489,0.28052511,0.26980042,0.27516276,1,1,228,178,150,150
1,1490,0.25917198,0.26843775,0.26380486,1,1,228,178,150,150
1,1491,0.27161608,0.26980042,0.27070825,1,1,228,178,150,150
1,1492,0.29213465,0.26843775,0.28028620,1,1,228,178,150,150
1,1493,0.26082196,0.26980042,0.26531119,1,1,228,178,150,150
1,1494,0.26989781,0.27039753,0.27014767,1,1,228,178,150,150
1,1495,0.25979143,0.25986337,0.25982740,1,1,228,178,150,150
1,1496,0.28075826,0.27039753,0.27557790,1,1,228,178,150,150
1,1497,0.29065918,0.26980042,0.28022980,1,1,228,178,150,150
1,1498,0.28075826,0.26980042,0.27527934,1,1,228,178,150,150
1,1499,0.28052511,0.26903185,0.27477848,1,1,228,178,150,150
1,1500,0.26082196,0.27039753,0.26560974,1,1,228,178,150,150
1,1501,0.30170261,0.26039679,0.28104970,1,1,228,178,150,150
1,1502,0.29904459,0.25986337,0.27945398,1,1,228,178,150,150
1,1503,0.30170261,0.26980042,0.28575151,1,1,228,178,150,150
1,1504,0.28052511,0.26903185,0.27477848,1,1,228,178,150,150
1,1505,0.27910828,0.26843775,0.27377302,1,1,228,178,150,150
1,1506,0.27941674,0.26843775,0.27392724,1,1,228,178,150,150
1,1507,0.27800550,0.25986337,0.26893444,1,1,228,178,150,150
1,1508,0.27800550,0.26980042,0.27390296,1,1,228,178,150,150
1,1509,0.27910828,0.26039679,0.26975253,1,1,228,178,150,150
1,1510,0.29088353,0.27116308,0.28102330,1,1,228,178,150,150
1,1511,0.29088353,0.26117585,0.27602969,1,1,228,178,150,150
1,1512,0.27910828,0.27116308,0.27513568,1,1,228,178,150,150
1,1513,0.26980042,0.26117585,0.26548813,1,1,228,178,150,150
1,1514,0.30170261,0.27039753,0.28605007,1,1,228,178,150,150
1,1515,0.32019315,0.28761188,0.30390251,1,1,228,178,150,150
1,1516,0.33991422,0.29663651,0.31827537,1,1,228,178,150,150
1,1517,0.33991422,0.29663651,0.31827537,1,1,228,178,150,150
1,1518,0.32019315,0.29663651,0.30841483,1,1,228,178,150,150
1,1519,0.33991422,0.29663651,0.31827537,1,1,228,178,150,150
1,1520,0.35963529,0.29663651,0.32813590,1,1,228,178,150,150
1,1521,0.33991422,0.30797974,0.32394698,1,1,228,178,150,150
1,1522,0.33991422,0.31510444,0.32750933,1,1,228,178,150,150
1,1523,0.36289508,0.33344544,0.34817026,1,1,228,178,150,150
1,1524,0.32701577,0.29724541,0.31213059,1,1,228,178,150,150
1,1525,0.33053002,0.29663651,0.31358327,1,1,228,178,150,150
1,1526,0.34912459,0.31612729,0.33262594,1,1,228,178,150,150
1,1527,0.35963529,0.31612729,0.33788129,1,1,228,178,150,150
1,1528,0.36289508,0.31497752,0.33893630,1,1,228,178,150,150
1,1529,0.33991422,0.31497752,0.32744587,1,1,228,178,150,150
1,1530,0.35963529,0.31497752,0.33730641,1,1,228,178,150,150
1,1531,0.34317401,0.31497752,0.32907577,1,1,228,178,150,150
1,1532,0.33991422,0.33344544,0.33667983,1,1,228,178,150,150
1,1533,0.29016828,0.25986337,0.27501583,1,1,228,178,150,150
1,1534,0.32019315,0.29663651,0.30841483,1,1,228,178,150,150
1,1535,0.28082797,0.27890262,0.27986529,1,1,228,178,150,150
1,1536,0.27941674,0.28824841,0.28383257,1,1,228,178,150,150
1,1537,0.29786304,0.28897454,0.29341879,1,1,228,178,150,150
1,1538,0.30170261,0.26980042,0.28575151,1,1,228,178,150,150
1,1539,0.30170261,0.27833130,0.29001695,1,1,228,178,150,150
1,1540,0.32384601,0.29663651,0.31024126,1,1,228,178,150,150
1,1541,0.32019315,0.29663651,0.30841483,1,1,228,178,150,150
1,1542,0.33805313,0.31497752,0.32651533,1,1,228,178,150,150
1,1543,0.32019315,0.28880562,0.30449938,1,1,228,178,150,150
1,1544,0.32019315,0.29650960,0.30835137,1,1,228,178,150,150
1,1545,0.30051056,0.28880562,0.29465809,1,1,228,178,150,150
1,1546,0.33805313,0.29663651,0.31734482,1,1,228,178,150,150
1,1547,0.32146327,0.29663651,0.30904989,1,1,228,178,150,150
1,1548,0.32821584,0.30797974,0.31809779,1,1,228,178,150,150
1,1549,0.30917348,0.29778629,0.30347988,1,1,228,178,150,150
1,1550,0.32019315,0.30917348,0.31468331,1,1,228,178,150,150
1,1551,0.32019315,0.29663651,0.30841483,1,1,228,178,150,150
1,1552,0.33867793,0.29663651,0.31765722,1,1,228,178,150,150
1,1553,0.35853547,0.31510444,0.33681995,1,1,228,178,150,150
1,1554,0.34493041,0.29839754,0.32166398,1,1,228,178,150,150
1,1555,0.34598850,0.29778629,0.32188739,1,1,228,178,150,150
1,1556,0.33991422,0.29778629,0.31885025,1,1,228,178,150,150
1,1557,0.35963529,0.30804304,0.33383916,1,1,228,178,150,150
1,1558,0.33881440,0.29663651,0.31772546,1,1,228,178,150,150
1,1559,0.35995769,0.32702210,0.34348989,1,1,228,178,150,150
1,1560,0.31772058,0.29548674,0.30660366,1,1,228,178,150,150
1,1561,0.31895686,0.29663651,0.30779669,1,1,228,178,150,150
1,1562,0.32702210,0.29562995,0.31132602,1,1,228,178,150,150
1,1563,0.33891720,0.30797974,0.32344847,1,1,228,178,150,150
1,1564,0.32019315,0.29663651,0.30841483,1,1,228,178,150,150
1,1565,0.35995769,0.30797974,0.33396872,1,1,228,178,150,150
1,1566,0.33757811,0.29663651,0.31710731,1,1,228,178,150,150
1,1567,0.33881440,0.29663651,0.31772546,1,1,228,178,150,150
1,1568,0.33891720,0.31497752,0.32694736,1,1,228,178,150,150
1,1569,0.35995769,0.31510444,0.33753106,1,1,228,178,150,150
1,1570,0.31772058,0.33446830,0.32609444,1,1,228,178,150,150
1,1571,0.33218192,0.33344544,0.33281368,1,1,228,178,150,150
1,1572,0.33991422,0.33344544,0.33667983,1,1,228,178,150,150
1,1573,0.33991422,0.33344544,0.33667983,1,1,228,178,150,150
1,1574,0.35386372,0.33344544,0.34365458,1,1,228,178,150,150
1,1575,0.35386372,0.31510444,0.33448408,1,1,228,178,150,150
1,1576,0.33991422,0.32715387,0.33353404,1,1,228,178,150,150
1,1577,0.35386372,0.31497752,0.33442062,1,1,228,178,150,150
1,1578,0.35143175,0.33446830,0.34295002,1,1,228,178,150,150
1,1579,0.33867793,0.31612729,0.32740261,1,1,228,178,150,150
1,1580,0.33991422,0.34725819,0.34358621,1,1,228,178,150,150
1,1581,0.36106187,0.28609713,0.32357950,1,1,228,178,150,150
1,1582,0.33867793,0.32702210,0.33285002,1,1,228,178,150,150
1,1583,0.33075929,0.30797974,0.31936952,1,1,228,178,150,150
1,1584,0.31898089,0.29548674,0.30723382,1,1,228,178,150,150
1,1585,0.37989399,0.33344544,0.35666972,1,1,228,178,150,150
1,1586,0.33867793,0.31677620,0.32772707,1,1,228,178,150,150
1,1587,0.33757811,0.33446830,0.33602321,1,1,228,178,150,150
1,1588,0.33218192,0.33344544,0.33281368,1,1,228,178,150,150
1,1589,0.33991422,0.29663651,0.31827537,1,1,228,178,150,150
1,1590,0.33757811,0.29663651,0.31710731,1,1,228,178,150,150
1,1591,0.33867793,0.29778629,0.31823211,1,1,228,178,150,150
1,1592,0.35271877,0.34619622,0.34945750,1,1,228,178,150,150
1,1593,0.32019315,0.28609713,0.30314514,1,1,228,178,150,150
1,1594,0.30170261,0.29778629,0.29974445,1,1,228,178,150,150
1,1595,0.34126257,0.29778629,0.31952443,1,1,228,178,150,150
1,1596,0.34126257,0.29778629,0.31952443,1,1,228,178,150,150
1,1597,0.36106187,0.29778629,0.32942408,1,1,228,178,150,150
1,1598,0.33991422,0.33446830,0.33719126,1,1,228,178,150,150
1,1599,0.35963529,0.31612729,0.33788129,1,1,228,178,150,150
1,1600,0.35995769,0.29663651,0.32829710,1,1,228,178,150,150
1,1601,0.35294329,0.30866135,0.33080232,1,1,228,178,150,150
1,1602,0.35885350,0.29663651,0.32774501,1,1,228,178,150,150
1,1603,0.36106187,0.31403520,0.33754854,1,1,228,178,150,150
1,1604,0.34126257,0.29562995,0.31844626,1,1,228,178,150,150
1,1605,0.37370466,0.32787791,0.35079129,1,1,228,178,150,150
1,1606,0.32019315,0.31510444,0.31764879,1,1,228,178,150,150
1,1607,0.31898089,0.29663651,0.30780870,1,1,228,178,150,150
1,1608,0.33991422,0.30797974,0.32394698,1,1,228,178,150,150
1,1609,0.33991422,0.29778629,0.31885025,1,1,228,178,150,150
1,1610,0.35963529,0.30797974,0.33380752,1,1,228,178,150,150
1,1611,0.33991422,0.32715387,0.33353404,1,1,228,178,150,150
1,1612,0.36106187,0.32821584,0.34463885,1,1,228,178,150,150
1,1613,0.33991422,0.32715387,0.33353404,1,1,228,178,150,150
1,1614,0.33881440,0.30797974,0.32339707,1,1,228,178,150,150
1,1615,0.33991422,0.30797974,0.32394698,1,1,228,178,150,150
1,1616,0.35271877,0.34619622,0.34945750,1,1,228,178,150,150
1,1617,0.33991422,0.30917348,0.32454385,1,1,228,178,150,150
1,1618,0.35386372,0.34619622,0.35002997,1,1,228,178,150,150
1,1619,0.33991422,0.34619622,0.34305522,1,1,228,178,150,150
1,1620,0.35143175,0.34619622,0.34881399,1,1,228,178,150,150
1,1621,0.33991422,0.32715387,0.33353404,1,1,228,178,150,150
1,1622,0.33991422,0.34619622,0.34305522,1,1,228,178,150,150
1,1623,0.33991422,0.32702210,0.33346816,1,1,228,178,150,150
1,1624,0.33991422,0.31612729,0.32802076,1,1,228,178,150,150
1,1625,0.32019315,0.30797974,0.31408645,1,1,228,178,150,150
1,1626,0.35963529,0.30797974,0.33380752,1,1,228,178,150,150
1,1627,0.32019315,0.32702210,0.32360762,1,1,228,178,150,150
1,1628,0.33991422,0.34619622,0.34305522,1,1,228,178,150,150
1,1629,0.31142055,0.29663651,0.30402853,1,1,228,178,150,150
1,1630,0.37370466,0.29562995,0.33466730,1,1,228,178,150,150
1,1631,0.34126257,0.29778629,0.31952443,1,1,228,178,150,150
1,1632,0.35143175,0.29778629,0.32460902,1,1,228,178,150,150
1,1633,0.34126257,0.29677582,0.31901919,1,1,228,178,150,150
1,1634,0.35386372,0.30797974,0.33092173,1,1,228,178,150,150
1,1635,0.31289602,0.28897454,0.30093528,1,1,228,178,150,150
1,1636,0.18733745,0.17985617,0.18359681,1,1,228,178,150,150
1,1637,0.18733745,0.15384615,0.17059180,1,1,228,178,150,150
1,1638,0.16652218,0.15987215,0.16319716,1,1,228,178,150,150
1,1639,0.25988886,0.23923567,0.24956226,1,1,228,178,150,150
1,1640,0.29213465,0.27176321,0.28194893,1,1,228,178,150,150
1,1641,0.31271311,0.30797974,0.31034642,1,1,228,178,150,150
1,1642,0.31271311,0.27910828,0.29591069,1,1,228,178,150,150
1,1643,0.29088353,0.26980042,0.28034197,1,1,228,178,150,150
1,1644,0.30051056,0.29562995,0.29807025,1,1,228,178,150,150
1,1645,0.30170261,0.29016828,0.29593544,1,1,228,178,150,150
1,1646,0.30051056,0.29778629,0.29914842,1,1,228,178,150,150
1,1647,0.32019315,0.29778629,0.30898972,1,1,228,178,150,150
1,1648,0.30051056,0.29663651,0.29857354,1,1,228,178,150,150
1,1649,0.32019315,0.29663651,0.30841483,1,1,228,178,150,150
1,1650,0.30051056,0.29663651,0.29857354,1,1,228,178,150,150
1,1651,0.34126257,0.30797974,0.32462116,1,1,228,178,150,150
1,1652,0.33991422,0.32715387,0.33353404,1,1,228,178,150,150
1,1653,0.32019315,0.32715387,0.32367351,1,1,228,178,150,150
1,1654,0.33991422,0.32702210,0.33346816,1,1,228,178,150,150
1,1655,0.35386372,0.32821584,0.34103978,1,1,228,178,150,150
1,1656,0.35143175,0.32715387,0.33929281,1,1,228,178,150,150
1,1657,0.32019315,0.31510444,0.31764879,1,1,228,178,150,150
1,1658,0.33991422,0.30797974,0.32394698,1,1,228,178,150,150
1,1659,0.32019315,0.31510444,0.31764879,1,1,228,178,150,150
1,1660,0.34126257,0.31510444,0.32818350,1,1,228,178,150,150
1,1661,0.34126257,0.33344544,0.33735401,1,1,228,178,150,150
1,1662,0.31898089,0.31510444,0.31704266,1,1,228,178,150,150
1,1663,0.31895686,0.30797974,0.31346830,1,1,228,178,150,150
1,1664,0.32146327,0.29663651,0.30904989,1,1,228,178,150,150
1,1665,0.32146327,0.32821584,0.32483955,1,1,228,178,150,150
1,1666,0.31895686,0.29663651,0.30779669,1,1,228,178,150,150
1,1667,0.33075929,0.29663651,0.31369790,1,1,228,178,150,150
1,1668,0.33075929,0.30797974,0.31936952,1,1,228,178,150,150
1,1669,0.33347448,0.30917348,0.32132398,1,1,228,178,150,150
1,1670,0.33347448,0.30797974,0.32072711,1,1,228,178,150,150
1,1671,0.30170261,0.32715387,0.31442824,1,1,228,178,150,150
1,1672,0.33476703,0.28897454,0.31187079,1,1,228,178,150,150
1,1673,0.32146327,0.28897454,0.30521891,1,1,228,178,150,150
1,1674,0.35538573,0.30797974,0.33168274,1,1,228,178,150,150
1,1675,0.33204631,0.30797974,0.32001303,1,1,228,178,150,150
1,1676,0.33333333,0.30797974,0.32065654,1,1,228,178,150,150
1,1677,0.32019315,0.29663651,0.30841483,1,1,228,178,150,150
1,1678,0.33991422,0.30797974,0.32394698,1,1,228,178,150,150
1,1679,0.32146327,0.30797974,0.31472151,1,1,228,178,150,150
1,1680,0.32019315,0.32715387,0.32367351,1,1,228,178,150,150
1,1681,0.33991422,0.32702210,0.33346816,1,1,228,178,150,150
1,1682,0.35538573,0.32821584,0.34180078,1,1,228,178,150,150
1,1683,0.33476703,0.30917348,0.32197026,1,1,228,178,150,150
1,1684,0.27941674,0.26980042,0.27460858,1,1,228,178,150,150
1,1685,0.28082797,0.27039753,0.27561275,1,1,228,178,150,150
1,1686,0.30170261,0.28880562,0.29525411,1,1,228,178,150,150
1,1687,0.30170261,0.27039753,0.28605007,1,1,228,178,150,150
1,1688,0.30170261,0.29839754,0.30005007,1,1,228,178,150,150
1,1689,0.31289602,0.29016828,0.30153215,1,1,228,178,150,150
1,1690,0.28082797,0.26980042,0.27531419,1,1,228,178,150,150
1,1691,0.29088353,0.28961409,0.29024881,1,1,228,178,150,150
1,1692,0.27941674,0.27176321,0.27558997,1,1,228,178,150,150
1,1693,0.29088353,0.27039753,0.28064053,1,1,228,178,150,150
1,1694,0.27941674,0.27039753,0.27490713,1,1,228,178,150,150
1,1695,0.27941674,0.26980042,0.27460858,1,1,228,178,150,150
1,1696,0.27045283,0.28961409,0.28003346,1,1,228,178,150,150
1,1697,0.27021107,0.25277138,0.26149123,1,1,228,178,150,150
1,1698,0.29927427,0.30917348,0.30422388,1,1,228,178,150,150
1,1699,0.29909933,0.28880562,0.29395247,1,1,228,178,150,150
1,1700,0.27192198,0.27176321,0.27184259,1,1,228,178,150,150
1,1701,0.25979143,0.27176321,0.26577732,1,1,228,178,150,150
1,1702,0.31271311,0.29081047,0.30176179,1,1,228,178,150,150
1,1703,0.29786304,0.29081047,0.29433676,1,1,228,178,150,150
1,1704,0.28052511,0.27176321,0.27614416,1,1,228,178,150,150
1,1705,0.25979143,0.25277138,0.25628141,1,1,228,178,150,150
1,1706,0.27192198,0.25277138,0.26234668,1,1,228,178,150,150
1,1707,0.29213465,0.26903185,0.28058325,1,1,228,178,150,150
1,1708,0.31271311,0.26980042,0.29125676,1,1,228,178,150,150
1,1709,0.31271311,0.27116308,0.29193809,1,1,228,178,150,150
1,1710,0.29213465,0.27116308,0.28164886,1,1,228,178,150,150
1,1711,0.29213465,0.27116308,0.28164886,1,1,228,178,150,150
1,1712,0.29213465,0.27116308,0.28164886,1,1,228,178,150,150
1,1713,0.26082196,0.26903185,0.26492690,1,1,228,178,150,150
1,1714,0.32022208,0.30678600,0.31350404,1,1,228,178,150,150
1,1715,0.37600442,0.34619622,0.36110032,1,1,228,178,150,150
1,1716,0.34598850,0.32702210,0.33650530,1,1,228,178,150,150
1,1717,0.34598850,0.33242259,0.33920554,1,1,228,178,150,150
1,1718,0.35963529,0.34969984,0.35466757,1,1,228,178,150,150
1,1719,0.35963529,0.33446830,0.34705180,1,1,228,178,150,150
1,1720,0.34598850,0.33344544,0.33971697,1,1,228,178,150,150
1,1721,0.36090817,0.33344544,0.34717680,1,1,228,178,150,150
1,1722,0.35766623,0.33344544,0.34555583,1,1,228,178,150,150
1,1723,0.34598850,0.33344544,0.33971697,1,1,228,178,150,150
1,1724,0.32535758,0.28498821,0.30517289,1,1,228,178,150,150
1,1725,0.36289508,0.33412989,0.34851249,1,1,228,178,150,150
1,1726,0.32019315,0.31395466,0.31707391,1,1,228,178,150,150
1,1727,0.35963529,0.34513425,0.35238477,1,1,228,178,150,150
1,1728,0.34598850,0.32596013,0.33597432,1,1,228,178,150,150
1,1729,0.35963529,0.34619622,0.35291576,1,1,228,178,150,150
1,1730,0.32821584,0.33242259,0.33031921,1,1,228,178,150,150
1,1731,0.34002138,0.31562406,0.32782272,1,1,228,178,150,150
1,1732,0.33991422,0.29724541,0.31857981,1,1,228,178,150,150
1,1733,0.33991422,0.31562406,0.32776914,1,1,228,178,150,150
1,1734,0.33991422,0.29663651,0.31827537,1,1,228,178,150,150
1,1735,0.33991422,0.29663651,0.31827537,1,1,228,178,150,150
1,1736,0.29786304,0.29663651,0.29724978,1,1,228,178,150,150
1,1737,0.30917348,0.29663651,0.30290500,1,1,228,178,150,150
1,1738,0.30170261,0.25908162,0.28039211,1,1,228,178,150,150
1,1739,0.32146327,0.28961409,0.30553868,1,1,228,178,150,150
1,1740,0.32019315,0.29724541,0.30871928,1,1,228,178,150,150
1,1741,0.32146327,0.30797974,0.31472151,1,1,228,178,150,150
1,1742,0.32019315,0.29663651,0.30841483,1,1,228,178,150,150
1,1743,0.32146327,0.28824841,0.30485584,1,1,228,178,150,150
1,1744,0.32146327,0.29548674,0.30847501,1,1,228,178,150,150
1,1745,0.33476703,0.29724541,0.31600622,1,1,228,178,150,150
1,1746,0.35963529,0.33412989,0.34688259,1,1,228,178,150,150
1,1747,0.35853547,0.33310494,0.34582020,1,1,228,178,150,150
1,1748,0.33867793,0.33344544,0.33606169,1,1,228,178,150,150
1,1749,0.35766623,0.33242259,0.34504441,1,1,228,178,150,150
1,1750,0.35963529,0.34619622,0.35291576,1,1,228,178,150,150
1,1751,0.35963529,0.34619622,0.35291576,1,1,228,178,150,150
1,1752,0.35963529,0.34725819,0.35344674,1,1,228,178,150,150
1,1753,0.35963529,0.34725819,0.35344674,1,1,228,178,150,150
1,1754,0.35963529,0.32821584,0.34392556,1,1,228,178,150,150
1,1755,0.33991422,0.34725819,0.34358621,1,1,228,178,150,150
1,1756,0.32019315,0.30866135,0.31442725,1,1,228,178,150,150
1,1757,0.33991422,0.30866135,0.32428779,1,1,228,178,150,150
1,1758,0.33991422,0.30866135,0.32428779,1,1,228,178,150,150
1,1759,0.33867793,0.31562406,0.32715100,1,1,228,178,150,150
1,1760,0.35853547,0.33344544,0.34599046,1,1,228,178,150,150
1,1761,0.32019315,0.30797974,0.31408645,1,1,228,178,150,150
1,1762,0.32019315,0.29548674,0.30783995,1,1,228,178,150,150
1,1763,0.32019315,0.28944479,0.30481897,1,1,228,178,150,150
1,1764,0.33991422,0.30797974,0.32394698,1,1,228,178,150,150
1,1765,0.32019315,0.30797974,0.31408645,1,1,228,178,150,150
1,1766,0.33333333,0.30797974,0.32065654,1,1,228,178,150,150
1,1767,0.33333333,0.30797974,0.32065654,1,1,228,178,150,150
1,1768,0.32019315,0.30797974,0.31408645,1,1,228,178,150,150
1,1769,0.33333333,0.30797974,0.32065654,1,1,228,178,150,150
1,1770,0.30051056,0.29663651,0.29857354,1,1,228,178,150,150
1,1771,0.32019315,0.29663651,0.30841483,1,1,228,178,150,150
1,1772,0.32019315,0.25908162,0.28963738,1,1,228,178,150,150
1,1773,0.32146327,0.27833130,0.29989728,1,1,228,178,150,150
1,1774,0.32146327,0.27816859,0.29981593,1,1,228,178,150,150
1,1775,0.31898089,0.25986337,0.28942213,1,1,228,178,150,150
1,1776,0.32022208,0.25855090,0.28938649,1,1,228,178,150,150
1,1777,0.28052511,0.26980042,0.27516276,1,1,228,178,150,150
1,1778,0.30046142,0.26980042,0.28513092,1,1,228,178,150,150
1,1779,0.29909933,0.27116308,0.28513120,1,1,228,178,150,150
1,1780,0.31895686,0.27701882,0.29798784,1,1,228,178,150,150
1,1781,0.29927427,0.28944479,0.29435953,1,1,228,178,150,150
1,1782,0.27800550,0.27873958,0.27837254,1,1,228,178,150,150
1,1783,0.28052511,0.27116308,0.27584410,1,1,228,178,150,150
1,1784,0.29904459,0.27116308,0.28510383,1,1,228,178,150,150
1,1785,0.29786304,0.25986337,0.27886321,1,1,228,178,150,150
1,1786,0.30051056,0.25986337,0.28018697,1,1,228,178,150,150
1,1787,0.33476703,0.27890262,0.30683483,1,1,228,178,150,150
1,1788,0.32019315,0.29663651,0.30841483,1,1,228,178,150,150
1,1789,0.32146327,0.30746497,0.31446412,1,1,228,178,150,150
1,1790,0.32146327,0.29548674,0.30847501,1,1,228,178,150,150
1,1791,0.32146327,0.30797974,0.31472151,1,1,228,178,150,150
1,1792,0.31898089,0.29663651,0.30780870,1,1,228,178,150,150
1,1793,0.32019315,0.29724541,0.30871928,1,1,228,178,150,150
1,1794,0.32019315,0.29663651,0.30841483,1,1,228,178,150,150
1,1795,0.35963529,0.29663651,0.32813590,1,1,228,178,150,150
1,1796,0.33333333,0.30797974,0.32065654,1,1,228,178,150,150
1,1797,0.32701577,0.34619622,0.33660600,1,1,228,178,150,150
1,1798,0.37439412,0.30797974,0.34118693,1,1,228,178,150,150
1,1799,0.32701577,0.30797974,0.31749776,1,1,228,178,150,150
1,1800,0.30051056,0.29548674,0.29799865,1,1,228,178,150,150
1,1801,0.32019315,0.29548674,0.30783995,1,1,228,178,150,150
1,1802,0.33991422,0.29548674,0.31770048,1,1,228,178,150,150
1,1803,0.32019315,0.29663651,0.30841483,1,1,228,178,150,150
1,1804,0.32019315,0.30797974,0.31408645,1,1,228,178,150,150
1,1805,0.32019315,0.28761188,0.30390251,1,1,228,178,150,150
1,1806,0.32019315,0.28761188,0.30390251,1,1,228,178,150,150
1,1807,0.32019315,0.29663651,0.30841483,1,1,228,178,150,150
1,1808,0.32019315,0.30797974,0.31408645,1,1,228,178,150,150
1,1809,0.31898089,0.30917348,0.31407719,1,1,228,178,150,150
1,1810,0.31898089,0.30917348,0.31407719,1,1,228,178,150,150
1,1811,0.33991422,0.30678600,0.32335011,1,1,228,178,150,150
1,1812,0.31898089,0.30797974,0.31348032,1,1,228,178,150,150
1,1813,0.32022208,0.30797974,0.31410091,1,1,228,178,150,150
1,1814,0.31895686,0.30678600,0.31287143,1,1,228,178,150,150
1,1815,0.31895686,0.30797974,0.31346830,1,1,228,178,150,150
1,1816,0.32022208,0.29663651,0.30842930,1,1,228,178,150,150
1,1817,0.32022208,0.27873958,0.29948083,1,1,228,178,150,150
1,1818,0.32146327,0.29663651,0.30904989,1,1,228,178,150,150
1,1819,0.30028578,0.26039679,0.28034128,1,1,228,178,150,150
1,1820,0.32146327,0.27873958,0.30010143,1,1,228,178,150,150
1,1821,0.31772058,0.28944479,0.30358268,1,1,228,178,150,150
1,1822,0.32146327,0.30678600,0.31412464,1,1,228,178,150,150
1,1823,0.30917348,0.27039753,0.28978550,1,1,228,178,150,150
1,1824,0.32146327,0.29724541,0.30935434,1,1,228,178,150,150
1,1825,0.32019315,0.28944479,0.30481897,1,1,228,178,150,150
1,1826,0.31895686,0.32787791,0.32341739,1,1,228,178,150,150
1,1827,0.31895686,0.29724541,0.30810114,1,1,228,178,150,150
1,1828,0.32019315,0.31510444,0.31764879,1,1,228,178,150,150
1,1829,0.31895686,0.30866135,0.31380911,1,1,228,178,150,150
1,1830,0.31895686,0.30866135,0.31380911,1,1,228,178,150,150
1,1831,0.30170261,0.30678600,0.30424431,1,1,228,178,150,150
1,1832,0.32019315,0.30797974,0.31408645,1,1,228,178,150,150
1,1833,0.29927427,0.28761188,0.29344308,1,1,228,178,150,150
1,1834,0.29786304,0.26843775,0.28315040,1,1,228,178,150,150
1,1835,0.29786304,0.26843775,0.28315040,1,1,228,178,150,150
1,1836,0.30051056,0.26980042,0.28515549,1,1,228,178,150,150
1,1837,0.31772058,0.30678600,0.31225329,1,1,228,178,150,150
1,1838,0.31418857,0.30797974,0.31108416,1,1,228,178,150,150
1,1839,0.29927427,0.26980042,0.28453734,1,1,228,178,150,150
1,1840,0.27941674,0.30797974,0.29369824,1,1,228,178,150,150
1,1841,0.33476703,0.29778629,0.31627666,1,1,228,178,150,150
1,1842,0.32022208,0.30797974,0.31410091,1,1,228,178,150,150
1,1843,0.31418857,0.26980042,0.29199449,1,1,228,178,150,150
1,1844,0.29213465,0.25140570,0.27177017,1,1,228,178,150,150
1,1845,0.29235267,0.27176321,0.28205794,1,1,228,178,150,150
1,1846,0.28082797,0.24342255,0.26212526,1,1,228,178,150,150
1,1847,0.28082797,0.27948107,0.28015452,1,1,228,178,150,150
1,1848,0.29235267,0.26171196,0.27703231,1,1,228,178,150,150
1,1849,0.28082797,0.26039679,0.27061238,1,1,228,178,150,150
1,1850,0.33333333,0.27116308,0.30224821,1,1,228,178,150,150
1,1851,0.27045283,0.26980042,0.27012662,1,1,228,178,150,150
1,1852,0.28082797,0.27116308,0.27599552,1,1,228,178,150,150
1,1853,0.29088353,0.29081047,0.29084700,1,1,228,178,150,150
1,1854,0.28194194,0.26039679,0.27116936,1,1,228,178,150,150
1,1855,0.28052511,0.27039753,0.27546132,1,1,228,178,150,150
1,1856,0.28194194,0.24210738,0.26202466,1,1,228,178,150,150
1,1857,0.29361011,0.27039753,0.28200382,1,1,228,178,150,150
1,1858,0.29361011,0.26039679,0.27700345,1,1,228,178,150,150
1,1859,0.32019315,0.27816859,0.29918087,1,1,228,178,150,150
1,1860,0.32019315,0.28880562,0.30449938,1,1,228,178,150,150
1,1861,0.30170261,0.26980042,0.28575151,1,1,228,178,150,150
1,1862,0.26082196,0.26171196,0.26126696,1,1,228,178,150,150
1,1863,0.28052511,0.24981529,0.26517020,1,1,228,178,150,150
1,1864,0.24253564,0.24981529,0.24617546,1,1,228,178,150,150
1,1865,0.24088565,0.23059873,0.23574219,1,1,228,178,150,150
1,1866,0.26082196,0.23059873,0.24571034,1,1,228,178,150,150
1,1867,0.28052511,0.24981529,0.26517020,1,1,228,178,150,150
1,1868,0.27800550,0.24981529,0.26391040,1,1,228,178,150,150
1,1869,0.28052511,0.25085053,0.26568782,1,1,228,178,150,150
1,1870,0.27910828,0.24981529,0.26446178,1,1,228,178,150,150
1,1871,0.26058880,0.23059873,0.24559377,1,1,228,178,150,150
1,1872,0.23829043,0.24981529,0.24405286,1,1,228,178,150,150
1,1873,0.26058880,0.23059873,0.24559377,1,1,228,178,150,150
1,1874,0.26058880,0.27039753,0.26549317,1,1,228,178,150,150
1,1875,0.26058880,0.25277138,0.25668009,1,1,228,178,150,150
1,1876,0.26058880,0.24189096,0.25123988,1,1,228,178,150,150
1,1877,0.27941674,0.26843775,0.27392724,1,1,228,178,150,150
1,1878,0.27941674,0.28897454,0.28419564,1,1,228,178,150,150
1,1879,0.29786304,0.29663651,0.29724978,1,1,228,178,150,150
1,1880,0.27941674,0.27833130,0.27887402,1,1,228,178,150,150
1,1881,0.29909933,0.29663651,0.29786792,1,1,228,178,150,150
1,1882,0.31895686,0.30797974,0.31346830,1,1,228,178,150,150
1,1883,0.32019315,0.30797974,0.31408645,1,1,228,178,150,150
1,1884,0.29786304,0.29663651,0.29724978,1,1,228,178,150,150
1,1885,0.32019315,0.29724541,0.30871928,1,1,228,178,150,150
1,1886,0.30804304,0.28005475,0.29404889,1,1,228,178,150,150
1,1887,0.30051056,0.26117585,0.28084320,1,1,228,178,150,150
1,1888,0.29786304,0.30678600,0.30232452,1,1,228,178,150,150
1,1889,0.29909933,0.30678600,0.30294267,1,1,228,178,150,150
1,1890,0.30051056,0.30797974,0.30424515,1,1,228,178,150,150
1,1891,0.32019315,0.30797974,0.31408645,1,1,228,178,150,150
1,1892,0.30804304,0.30797974,0.30801139,1,1,228,178,150,150
1,1893,0.32019315,0.28824841,0.30422078,1,1,228,178,150,150
1,1894,0.30170261,0.25855090,0.28012675,1,1,228,178,150,150
1,1895,0.26980042,0.25118097,0.26049069,1,1,228,178,150,150
1,1896,0.28052511,0.24981529,0.26517020,1,1,228,178,150,150
1,1897,0.27941674,0.24981529,0.26461601,1,1,228,178,150,150
1,1898,0.26120266,0.26980042,0.26550154,1,1,228,178,150,150
1,1899,0.25955920,0.26903185,0.26429552,1,1,228,178,150,150
1,1900,0.25979143,0.26903185,0.26441164,1,1,228,178,150,150
1,1901,0.24157736,0.27039753,0.25598744,1,1,228,178,150,150
1,1902,0.23993390,0.27039753,0.25516571,1,1,228,178,150,150
1,1903,0.27800550,0.27176321,0.27488436,1,1,228,178,150,150
1,1904,0.25814797,0.26980042,0.26397419,1,1,228,178,150,150
1,1905,0.28194194,0.25140570,0.26667382,1,1,228,178,150,150
1,1906,0.28194194,0.23059873,0.25627033,1,1,228,178,150,150
1,1907,0.28194194,0.22206996,0.25200595,1,1,228,178,150,150
1,1908,0.28082797,0.24008298,0.26045547,1,1,228,178,150,150
1,1909,0.28194194,0.22161506,0.25177850,1,1,228,178,150,150
1,1910,0.26120266,0.23059873,0.24590070,1,1,228,178,150,150
1,1911,0.28194194,0.25118097,0.26656145,1,1,228,178,150,150
1,1912,0.28194194,0.28944479,0.28569337,1,1,228,178,150,150
1,1913,0.27941674,0.27039753,0.27490713,1,1,228,178,150,150
1,1914,0.26223879,0.26980042,0.26601960,1,1,228,178,150,150
1,1915,0.26120266,0.26980042,0.26550154,1,1,228,178,150,150
1,1916,0.26120266,0.27039753,0.26580010,1,1,228,178,150,150
1,1917,0.28194194,0.28961409,0.28577801,1,1,228,178,150,150
1,1918,0.28194194,0.25140570,0.26667382,1,1,228,178,150,150
1,1919,0.28194194,0.27039753,0.27616973,1,1,228,178,150,150
1,1920,0.28194194,0.23218914,0.25706554,1,1,228,178,150,150
1,1921,0.26223879,0.27116308,0.26670093,1,1,228,178,150,150
1,1922,0.30051056,0.27039753,0.28545404,1,1,228,178,150,150
1,1923,0.28194194,0.24981529,0.26587861,1,1,228,178,150,150
1,1924,0.27017162,0.27039753,0.27028457,1,1,228,178,150,150
1,1925,0.28082797,0.26903185,0.27492991,1,1,228,178,150,150
1,1926,0.30028578,0.26843775,0.28436176,1,1,228,178,150,150
1,1927,0.32146327,0.30866135,0.31506231,1,1,228,178,150,150
1,1928,0.32019315,0.29663651,0.30841483,1,1,228,178,150,150
1,1929,0.31418857,0.29663651,0.30541254,1,1,228,178,150,150
1,1930,0.33991422,0.29663651,0.31827537,1,1,228,178,150,150
1,1931,0.32019315,0.29711823,0.30865569,1,1,228,178,150,150
1,1932,0.32019315,0.29778629,0.30898972,1,1,228,178,150,150
1,1933,0.33991422,0.29548674,0.31770048,1,1,228,178,150,150
1,1934,0.33991422,0.29548674,0.31770048,1,1,228,178,150,150
1,1935,0.32019315,0.30678600,0.31348958,1,1,228,178,150,150
1,1936,0.30804304,0.34513425,0.32658865,1,1,228,178,150,150
1,1937,0.30804304,0.31459911,0.31132107,1,1,228,178,150,150
1,1938,0.34598850,0.32668153,0.33633502,1,1,228,178,150,150
1,1939,0.32019315,0.29548674,0.30783995,1,1,228,178,150,150
1,1940,0.32019315,0.29663651,0.30841483,1,1,228,178,150,150
1,1941,0.32019315,0.33344544,0.32681930,1,1,228,178,150,150
1,1942,0.33991422,0.32668153,0.33329788,1,1,228,178,150,150
1,1943,0.32701577,0.31459911,0.32080744,1,1,228,178,150,150
1,1944,0.32019315,0.31510444,0.31764879,1,1,228,178,150,150
1,1945,0.31895686,0.29663651,0.30779669,1,1,228,178,150,150
1,1946,0.32019315,0.29724541,0.30871928,1,1,228,178,150,150
1,1947,0.32019315,0.32702210,0.32360762,1,1,228,178,150,150
1,1948,0.30051056,0.32774585,0.31412821,1,1,228,178,150,150
1,1949,0.32019315,0.31459911,0.31739613,1,1,228,178,150,150
1,1950,0.30051056,0.29663651,0.29857354,1,1,228,178,150,150
1,1951,0.30051056,0.29663651,0.29857354,1,1,228,178,150,150
1,1952,0.32019315,0.30797974,0.31408645,1,1,228,178,150,150
1,1953,0.30051056,0.29663651,0.29857354,1,1,228,178,150,150
1,1954,0.33333333,0.30797974,0.32065654,1,1,228,178,150,150
1,1955,0.28082797,0.30866135,0.29474466,1,1,228,178,150,150
1,1956,0.33204631,0.29724541,0.31464586,1,1,228,178,150,150
1,1957,0.33204631,0.27833130,0.30518880,1,1,228,178,150,150
1,1958,0.33204631,0.27890262,0.30547446,1,1,228,178,150,150
1,1959,0.29213465,0.28961409,0.29087437,1,1,228,178,150,150
1,1960,0.31271311,0.29081047,0.30176179,1,1,228,178,150,150
1,1961,0.29213465,0.27039753,0.28126609,1,1,228,178,150,150
1,1962,0.28052511,0.28961409,0.28506960,1,1,228,178,150,150
1,1963,0.30046142,0.30917348,0.30481745,1,1,228,178,150,150
1,1964,0.31271311,0.27039753,0.29155532,1,1,228,178,150,150
1,1965,0.31271311,0.28961409,0.30116360,1,1,228,178,150,150
1,1966,0.30046142,0.27039753,0.28542947,1,1,228,178,150,150
1,1967,0.29213465,0.27039753,0.28126609,1,1,228,178,150,150
1,1968,0.29213465,0.27039753,0.28126609,1,1,228,178,150,150
1,1969,0.29213465,0.27039753,0.28126609,1,1,228,178,150,150
1,1970,0.28052511,0.27039753,0.27546132,1,1,228,178,150,150
1,1971,0.28052511,0.28961409,0.28506960,1,1,228,178,150,150
1,1972,0.28052511,0.27039753,0.27546132,1,1,228,178,150,150
1,1973,0.28194194,0.28961409,0.28577801,1,1,228,178,150,150
1,1974,0.28194194,0.29081047,0.28637620,1,1,228,178,150,150
1,1975,0.28052511,0.25118097,0.26585304,1,1,228,178,150,150
1,1976,0.28052511,0.29081047,0.28566779,1,1,228,178,150,150
1,1977,0.28194194,0.27039753,0.27616973,1,1,228,178,150,150
1,1978,0.29065918,0.28961409,0.29013664,1,1,228,178,150,150
1,1979,0.29213465,0.28961409,0.29087437,1,1,228,178,150,150
1,1980,0.29213465,0.26903185,0.28058325,1,1,228,178,150,150
1,1981,0.27910828,0.28824841,0.28367835,1,1,228,178,150,150
1,1982,0.29213465,0.27039753,0.28126609,1,1,228,178,150,150
1,1983,0.29213465,0.27039753,0.28126609,1,1,228,178,150,150
1,1984,0.27137328,0.27039753,0.27088540,1,1,228,178,150,150
1,1985,0.29213465,0.27039753,0.28126609,1,1,228,178,150,150
1,1986,0.29213465,0.27890262,0.28551863,1,1,228,178,150,150
1,1987,0.31289602,0.27890262,0.29589932,1,1,228,178,150,150
1,1988,0.29213465,0.27873958,0.28543711,1,1,228,178,150,150
1,1989,0.31271311,0.27873958,0.29572634,1,1,228,178,150,150
1,1990,0.30028578,0.25986337,0.28007458,1,1,228,178,150,150
1,1991,0.29213465,0.26980042,0.28096753,1,1,228,178,150,150
1,1992,0.32022208,0.30866135,0.31444172,1,1,228,178,150,150
1,1993,0.30051056,0.30746497,0.30398776,1,1,228,178,150,150
1,1994,0.31898089,0.29609328,0.30753709,1,1,228,178,150,150
1,1995,0.31898089,0.29548674,0.30723382,1,1,228,178,150,150
1,1996,0.31895686,0.29663651,0.30779669,1,1,228,178,150,150
1,1997,0.30051056,0.27873958,0.28962507,1,1,228,178,150,150
1,1998,0.32022208,0.27758745,0.29890477,1,1,228,178,150,150
1,1999,0.32022208,0.27873958,0.29948083,1,1,228,178,150,150
1,2000,0.30051056,0.29724541,0.29887798,1,1,228,178,150,150
1,2001,0.32146327,0.27890262,0.30018294,1,1,228,178,150,150
1,2002,0.32022208,0.29724541,0.30873375,1,1,228,178,150,150
1,2003,0.32146327,0.31575124,0.31860726,1,1,228,178,150,150
1,2004,0.32146327,0.29724541,0.30935434,1,1,228,178,150,150
1,2005,0.32146327,0.30746497,0.31446412,1,1,228,178,150,150
1,2006,0.33476703,0.27873958,0.30675331,1,1,228,178,150,150
1,2007,0.32146327,0.28961409,0.30553868,1,1,228,178,150,150
1,2008,0.33476703,0.27873958,0.30675331,1,1,228,178,150,150
1,2009,0.32146327,0.28944479,0.30545403,1,1,228,178,150,150
1,2010,0.32019315,0.29724541,0.30871928,1,1,228,178,150,150
1,2011,0.32146327,0.28824841,0.30485584,1,1,228,178,150,150
1,2012,0.30917348,0.28824841,0.29871095,1,1,228,178,150,150
1,2013,0.33476703,0.28944479,0.31210591,1,1,228,178,150,150
1,2014,0.32146327,0.28824841,0.30485584,1,1,228,178,150,150
1,2015,0.31418857,0.28824841,0.30121849,1,1,228,178,150,150
1,2016,0.30804304,0.27758745,0.29281524,1,1,228,178,150,150
1,2017,0.33476703,0.30746497,0.32111600,1,1,228,178,150,150
1,2018,0.31284300,0.28944479,0.30114390,1,1,228,178,150,150
1,2019,0.28194194,0.30866135,0.29530165,1,1,228,178,150,150
1,2020,0.21172526,0.20000000,0.20586263,1,1,228,178,150,150
1,2021,0.18733745,0.16000000,0.17366873,1,1,228,178,150,150
1,2022,0.16923137,0.14246211,0.15584674,1,1,228,178,150,150
1,2023,0.16233229,0.16246211,0.16239720,1,1,228,178,150,150
1,2024,0.19984019,0.17307692,0.18645855,1,1,228,178,150,150
1,2025,0.22180301,0.22198039,0.22189170,1,1,228,178,150,150
1,2026,0.25085471,0.24311609,0.24698540,1,1,228,178,150,150
1,2027,0.25085471,0.24331051,0.24708261,1,1,228,178,150,150
1,2028,0.26223879,0.27176321,0.26700100,1,1,228,178,150,150
1,2029,0.27137328,0.24981529,0.26059428,1,1,228,178,150,150
1,2030,0.26223879,0.26903185,0.26563532,1,1,228,178,150,150
1,2031,0.29213465,0.27039753,0.28126609,1,1,228,178,150,150
1,2032,0.28052511,0.26903185,0.27477848,1,1,228,178,150,150
1,2033,0.29213465,0.27039753,0.28126609,1,1,228,178,150,150
1,2034,0.29361011,0.27039753,0.28200382,1,1,228,178,150,150
1,2035,0.29213465,0.27039753,0.28126609,1,1,228,178,150,150
1,2036,0.29213465,0.27039753,0.28126609,1,1,228,178,150,150
1,2037,0.29213465,0.25118097,0.27165781,1,1,228,178,150,150
1,2038,0.27137328,0.25000000,0.26068664,1,1,228,178,150,150
1,2039,0.26989781,0.24000000,0.25494891,1,1,228,178,150,150
1,2040,0.28052511,0.23059873,0.25556192,1,1,228,178,150,150
1,2041,0.25085471,0.24000000,0.24542735,1,1,228,178,150,150
1,2042,0.24913644,0.23076923,0.23995284,1,1,228,178,150,150
1,2043,0.29213465,0.26000000,0.27606732,1,1,228,178,150,150
1,2044,0.26989781,0.26000000,0.26494891,1,1,228,178,150,150
1,2045,0.24088565,0.23076923,0.23582744,1,1,228,178,150,150
1,2046,0.25955920,0.23076923,0.24516422,1,1,228,178,150,150
1,2047,0.22148726,0.18231631,0.20190178,1,1,228,178,150,150
1,2048,0.17164713,0.16864680,0.17014696,1,1,228,178,150,150
1,2049,0.21245915,0.20181899,0.20713907,1,1,228,178,150,150
1,2050,0.16908465,0.15846382,0.16377423,1,1,228,178,150,150
1,2051,0.24088565,0.24146215,0.24117390,1,1,228,178,150,150
1,2052,0.20331123,0.22345694,0.21338408,1,1,228,178,150,150
1,2053,0.25085471,0.24981529,0.25033500,1,1,228,178,150,150
1,2054,0.24253564,0.23218914,0.23736239,1,1,228,178,150,150
1,2055,0.24253564,0.24981529,0.24617546,1,1,228,178,150,150
1,2056,0.26120266,0.24981529,0.25550898,1,1,228,178,150,150
1,2057,0.31155598,0.27977626,0.29566612,1,1,228,178,150,150
1,2058,0.29235267,0.29976028,0.29605648,1,1,228,178,150,150
1,2059,0.29909933,0.30100444,0.30005188,1,1,228,178,150,150
1,2060,0.29361011,0.26923077,0.28142044,1,1,228,178,150,150
1,2061,0.29361011,0.29289311,0.29325161,1,1,228,178,150,150
1,2062,0.29235267,0.28000000,0.28617634,1,1,228,178,150,150
1,2063,0.27161608,0.26000000,0.26580804,1,1,228,178,150,150
1,2064,0.28082797,0.28000000,0.28041398,1,1,228,178,150,150
1,2065,0.27137328,0.26165525,0.26651427,1,1,228,178,150,150
1,2066,0.27137328,0.28000000,0.27568664,1,1,228,178,150,150
1,2067,0.28333869,0.30000000,0.29166934,1,1,228,178,150,150
1,2068,0.27137328,0.29976028,0.28556678,1,1,228,178,150,150
1,2069,0.28333869,0.29141381,0.28737625,1,1,228,178,150,150
1,2070,0.31271311,0.30100444,0.30685877,1,1,228,178,150,150
1,2071,0.29213465,0.29976028,0.29594746,1,1,228,178,150,150
1,2072,0.29213465,0.28142136,0.28677800,1,1,228,178,150,150
1,2073,0.29213465,0.27977626,0.28595545,1,1,228,178,150,150
1,2074,0.29213465,0.27977626,0.28595545,1,1,228,178,150,150
1,2075,0.29065918,0.27977626,0.28521772,1,1,228,178,150,150
1,2076,0.30474281,0.28119648,0.29296965,1,1,228,178,150,150
1,2077,0.28234196,0.28000000,0.28117098,1,1,228,178,150,150
1,2078,0.28052511,0.24000000,0.26026256,1,1,228,178,150,150
1,2079,0.27207783,0.26000000,0.26603892,1,1,228,178,150,150
1,2080,0.24913644,0.26000000,0.25456822,1,1,228,178,150,150
1,2081,0.24913644,0.26000000,0.25456822,1,1,228,178,150,150
1,2082,0.29065918,0.26000000,0.27532959,1,1,228,178,150,150
1,2083,0.25085471,0.23076923,0.24081197,1,1,228,178,150,150
1,2084,0.29213465,0.24000000,0.26606732,1,1,228,178,150,150
1,2085,0.25085471,0.23059873,0.24072672,1,1,228,178,150,150
1,2086,0.25085471,0.24000000,0.24542735,1,1,228,178,150,150
1,2087,0.22292343,0.19216561,0.20754452,1,1,228,178,150,150
1,2088,0.15987215,0.14000000,0.14993607,1,1,228,178,150,150
1,2089,0.15987215,0.15987215,0.15987215,1,1,228,178,150,150
1,2090,0.15987215,0.14000000,0.14993607,1,1,231,189,125,126
1,2091,0.16233229,0.13988813,0.15111021,1,1,231,189,125,126
1,2092,0.13763434,0.13451592,0.13607513,1,1,231,189,125,126
1,2093,0.16233229,0.17531471,0.16882350,1,1,211,178,150,150
1,2094,0.19553848,0.19406842,0.19480345,1,1,211,178,150,150
1,2095,0.23167641,0.20314714,0.21741177,1,1,211,178,150,150
1,2096,0.23993390,0.23167641,0.23580515,1,1,211,178,150,150
1,2097,0.24157736,0.22467197,0.23312466,1,1,211,178,150,150
1,2098,0.24157736,0.22086306,0.23122021,1,1,228,194,150,151
1,2099,0.26745625,0.22390959,0.24568292,1,1,231,203,125,126
1,2100,0.23241042,0.24095954,0.23668498,1,1,231,203,125,126
1,2101,0.23241042,0.25001680,0.24121361,1,1,231,203,125,126
1,2102,0.24157736,0.25129102,0.24643419,1,1,231,203,125,126
1,2103,0.24253564,0.24209960,0.24231762,1,1,228,194,150,151
1,2104,0.25221319,0.23944344,0.24582832,1,1,228,194,150,151
1,2105,0.26223879,0.25001680,0.25612780,1,1,231,203,125,126
1,2106,0.28944479,0.25906389,0.27425434,1,1,228,194,150,151
1,2107,0.28824841,0.26880166,0.27852504,1,1,228,194,150,151
1,2108,0.31974430,0.29161465,0.30567947,1,1,228,194,150,151
1,2109,0.30000000,0.26131953,0.28065977,1,1,228,194,150,151
1,2110,0.28284271,0.29113779,0.28699025,1,1,228,194,150,151
1,2111,0.28000000,0.28059085,0.28029542,1,1,228,194,150,151
1,2112,0.26903185,0.31145510,0.29024347,1,1,228,178,150,150
1,2113,0.26903185,0.29321053,0.28112119,1,1,228,178,150,150
1,2114,0.27176321,0.27101825,0.27139073,1,1,228,178,150,150
1,2115,0.29016828,0.27496596,0.28256712,1,1,228,178,150,150
1,2116,0.27116308,0.27283365,0.27199836,1,1,228,178,150,150
1,2117,0.30587013,0.30195194,0.30391104,1,1,211,178,150,150
1,2118,0.29795011,0.31982593,0.30888802,1,1,211,178,150,150
1,2119,0.29795011,0.27283365,0.28539188,1,1,211,178,150,150
1,2120,0.29667409,0.28688399,0.29177904,1,1,211,178,150,150
1,2121,0.35538573,0.29454966,0.32496770,1,1,211,178,150,150
1,2122,0.32774856,0.29120440,0.30947648,1,1,211,178,150,150
1,2123,0.31852857,0.29334863,0.30593860,1,1,211,178,150,150
1,2124,0.31418857,0.31427123,0.31422990,1,1,211,178,150,150
1,2125,0.31935556,0.29651685,0.30793621,1,1,211,178,150,150
1,2126,0.31370838,0.30847983,0.31109411,1,1,211,178,150,150
1,2127,0.29872367,0.28554940,0.29213653,1,1,211,178,150,150
1,2128,0.33563618,0.28554940,0.31059279,1,1,211,178,150,150
1,2129,0.33563618,0.27496596,0.30530107,1,1,211,178,150,150
1,2130,0.33463037,0.29321053,0.31392045,1,1,211,178,150,150
1,2131,0.33463037,0.32570575,0.33016806,1,1,211,178,150,150
1,2132,0.32763191,0.27101825,0.29932508,1,1,211,178,150,150
1,2133,0.33463037,0.29321053,0.31392045,1,1,211,178,150,150
1,2134,0.33463037,0.31347391,0.32405214,1,1,211,178,150,150
1,2135,0.31250000,0.29161465,0.30205733,1,1,211,178,150,150
1,2136,0.35416667,0.30997748,0.33207207,1,1,211,178,150,150
1,2137,0.31250000,0.28191842,0.29720921,1,1,211,178,150,150
1,2138,0.31352500,0.28105044,0.29728772,1,1,211,178,150,150
1,2139,0.31352500,0.27416516,0.29384508,1,1,211,178,150,150
1,2140,0.31250000,0.28910733,0.30080366,1,1,211,178,150,150
1,2141,0.32732268,0.27674825,0.30203547,1,1,211,178,150,150
1,2142,0.32732268,0.28910733,0.30821500,1,1,211,178,150,150
1,2143,0.31222908,0.28910733,0.30066821,1,1,211,178,150,150
1,2144,0.32608696,0.27017162,0.29812929,1,1,231,189,125,126
1,2145,0.31222908,0.30051056,0.30636982,1,1,231,189,125,126
1,2146,0.34749780,0.30804304,0.32777042,1,1,231,189,125,126
1,2147,0.35630841,0.32701577,0.34166209,1,1,231,189,125,126
1,2148,0.36106187,0.30685366,0.33395777,1,1,231,189,125,126
1,2149,0.35885350,0.30685366,0.33285358,1,1,231,189,125,126
1,2150,0.37600442,0.34598850,0.36099646,1,1,231,189,125,126
1,2151,0.34002138,0.29677582,0.31839860,1,1,231,189,125,126
1,2152,0.35515554,0.32701577,0.34108566,1,1,231,189,125,126
1,2153,0.37600442,0.31505459,0.34552950,1,1,228,178,150,150
1,2154,0.34126257,0.33333336,0.33729796,1,1,228,178,150,150
1,2155,0.35995769,0.34619622,0.35307696,1,1,228,178,150,150
1,2156,0.33891720,0.34619622,0.34255671,1,1,228,178,150,150
1,2157,0.33891720,0.31505459,0.32698589,1,1,228,178,150,150
1,2158,0.33347448,0.32701577,0.33024512,1,1,228,178,150,150
1,2159,0.28194194,0.28897454,0.28545824,1,1,228,178,150,150
1,2160,0.33434027,0.30985773,0.32209900,1,1,228,178,150,150
1,2161,0.26843775,0.28897454,0.27870615,1,1,228,178,150,150
1,2162,0.28761188,0.29663651,0.29212420,1,1,228,178,150,150
1,2163,0.26843775,0.26980042,0.26911908,1,1,228,178,150,150
1,2164,0.27910828,0.27116308,0.27513568,1,1,228,178,150,150
1,2165,0.32146327,0.26980042,0.29563184,1,1,228,178,150,150
1,2166,0.30797974,0.28897454,0.29847714,1,1,228,178,150,150
1,2167,0.30797974,0.30797974,0.30797974,1,1,228,178,150,150
1,2168,0.32146327,0.30797974,0.31472151,1,1,228,178,150,150
1,2169,0.28194194,0.28194194,0.28194194,1,1,228,178,150,150
1,2170,0.30028578,0.28119648,0.29074113,1,1,228,178,150,150
1,2171,0.32146327,0.26903185,0.29524756,1,1,228,178,150,150
1,2172,0.28656027,0.28261670,0.28458849,1,1,228,178,150,150
1,2173,0.32146327,0.32223262,0.32184794,1,1,228,178,150,150
1,2174,0.32019315,0.32223262,0.32121288,1,1,228,178,150,150
1,2175,0.32146327,0.30985773,0.31566050,1,1,228,178,150,150
1,2176,0.30051056,0.28824841,0.29437948,1,1,228,178,150,150
1,2177,0.33991422,0.30866135,0.32428779,1,1,228,178,150,150
1,2178,0.33991422,0.30746497,0.32368960,1,1,228,178,150,150
1,2179,0.30051056,0.30866135,0.30458595,1,1,228,178,150,150
1,2180,0.33991422,0.32098846,0.33045134,1,1,228,178,150,150
1,2181,0.33991422,0.34126257,0.34058840,1,1,228,178,150,150
1,2182,0.33991422,0.34619622,0.34305522,1,1,228,178,150,150
1,2183,0.32701577,0.29839754,0.31270666,1,1,228,178,150,150
1,2184,0.33991422,0.32668153,0.33329788,1,1,228,178,150,150
1,2185,0.32701577,0.32702210,0.32701893,1,1,228,178,150,150
1,2186,0.33991422,0.32715387,0.33353404,1,1,228,178,150,150
1,2187,0.35766623,0.30797974,0.33282298,1,1,228,178,150,150
1,2188,0.35853547,0.30866135,0.33359841,1,1,228,178,150,150
1,2189,0.33867793,0.30866135,0.32366964,1,1,228,178,150,150
1,2190,0.35963529,0.32774585,0.34369057,1,1,228,178,150,150
1,2191,0.35963529,0.32787791,0.34375660,1,1,228,178,150,150
1,2192,0.32019315,0.30866135,0.31442725,1,1,228,178,150,150
1,2193,0.33991422,0.32774585,0.33383004,1,1,228,178,150,150
1,2194,0.33991422,0.32774585,0.33383004,1,1,228,178,150,150
1,2195,0.34423411,0.33344544,0.33883977,1,1,228,178,150,150
1,2196,0.32535758,0.32774585,0.32655172,1,1,228,178,150,150
1,2197,0.32535758,0.32702210,0.32618984,1,1,228,178,150,150
1,2198,0.30685366,0.30797974,0.30741670,1,1,228,178,150,150
1,2199,0.32019315,0.30678600,0.31348958,1,1,228,178,150,150
1,2200,0.33991422,0.30797974,0.32394698,1,1,228,178,150,150
1,2201,0.31895686,0.32715387,0.32305536,1,1,228,178,150,150
1,2202,0.31895686,0.30866135,0.31380911,1,1,228,178,150,150
1,2203,0.32019315,0.28961409,0.30490362,1,1,228,178,150,150
1,2204,0.32019315,0.28961409,0.30490362,1,1,228,178,150,150
1,2205,0.29909933,0.29081047,0.29495490,1,1,228,178,150,150
1,2206,0.33867793,0.32774585,0.33321189,1,1,228,178,150,150
1,2207,0.31895686,0.30746497,0.31321092,1,1,228,178,150,150
1,2208,0.31895686,0.28824841,0.30360264,1,1,228,178,150,150
1,2209,0.32019315,0.29548674,0.30783995,1,1,228,178,150,150
1,2210,0.33991422,0.30678600,0.32335011,1,1,228,178,150,150
1,2211,0.32701577,0.30797974,0.31749776,1,1,228,178,150,150
1,2212,0.32535758,0.30797974,0.31666866,1,1,228,178,150,150
1,2213,0.33805313,0.30797974,0.32301644,1,1,228,178,150,150
1,2214,0.33805313,0.29663651,0.31734482,1,1,228,178,150,150
1,2215,0.32701577,0.30797974,0.31749776,1,1,228,178,150,150
1,2216,0.33682361,0.30797974,0.32240168,1,1,228,178,150,150
1,2217,0.29886521,0.28761188,0.29323854,1,1,228,178,150,150
1,2218,0.28761188,0.28880562,0.28820875,1,1,228,178,150,150
1,2219,0.28082797,0.26903185,0.27492991,1,1,228,178,150,150
1,2220,0.29786304,0.28944479,0.29365392,1,1,228,178,150,150
1,2221,0.27941674,0.28880562,0.28411118,1,1,228,178,150,150
1,2222,0.28774965,0.29016828,0.28895896,1,1,228,178,150,150
1,2223,0.29763569,0.29016828,0.29390199,1,1,228,178,150,150
1,2224,0.30051056,0.28897454,0.29474255,1,1,228,178,150,150
1,2225,0.28791795,0.27039753,0.27915774,1,1,228,178,150,150
1,2226,0.26120266,0.24981529,0.25550898,1,1,228,178,150,150
1,2227,0.28082797,0.27977626,0.28030211,1,1,228,178,150,150
1,2228,0.29927427,0.28944479,0.29435953,1,1,228,178,150,150
1,2229,0.26120266,0.27176321,0.26648294,1,1,228,178,150,150
1,2230,0.30051056,0.26903185,0.28477120,1,1,228,178,150,150
1,2231,0.30051056,0.29081047,0.29566051,1,1,228,178,150,150
1,2232,0.29909933,0.28261670,0.29085801,1,1,228,178,150,150
1,2233,0.30051056,0.29976028,0.30013542,1,1,228,178,150,150
1,2234,0.30051056,0.26903185,0.28477120,1,1,228,178,150,150
1,2235,0.30051056,0.27977626,0.29014341,1,1,228,178,150,150
1,2236,0.30051056,0.27977626,0.29014341,1,1,228,178,150,150
1,2237,0.30051056,0.27977626,0.29014341,1,1,228,178,150,150
1,2238,0.30051056,0.27977626,0.29014341,1,1,228,178,150,150
1,2239,0.28194194,0.26980042,0.27587118,1,1,228,178,150,150
1,2240,0.28082797,0.28824841,0.28453819,1,1,228,178,150,150
1,2241,0.27116308,0.28961409,0.28038858,1,1,228,178,150,150
1,2242,0.28194194,0.28261670,0.28227932,1,1,228,178,150,150
1,2243,0.27910828,0.30118050,0.29014439,1,1,228,178,150,150
1,2244,0.28052511,0.27039753,0.27546132,1,1,228,178,150,150
1,2245,0.28052511,0.28824841,0.28438676,1,1,228,178,150,150
1,2246,0.28052511,0.27039753,0.27546132,1,1,228,178,150,150
1,2247,0.28194194,0.28824841,0.28509518,1,1,228,178,150,150
1,2248,0.27910828,0.28824841,0.28367835,1,1,228,178,150,150
1,2249,0.26843775,0.26903185,0.26873480,1,1,228,178,150,150
1,2250,0.27910828,0.27176321,0.27543574,1,1,228,178,150,150
1,2251,0.28194194,0.27039753,0.27616973,1,1,228,178,150,150
1,2252,0.27910828,0.28961409,0.28436119,1,1,228,178,150,150
1,2253,0.27910828,0.28961409,0.28436119,1,1,228,178,150,150
1,2254,0.30685366,0.28880562,0.29782964,1,1,228,178,150,150
1,2255,0.32019315,0.30678600,0.31348958,1,1,228,178,150,150
1,2256,0.31898089,0.28824841,0.30361465,1,1,228,178,150,150
1,2257,0.30804304,0.28961409,0.29882856,1,1,228,178,150,150
1,2258,0.32582640,0.30917348,0.31749994,1,1,228,178,150,150
1,2259,0.30685366,0.30797974,0.30741670,1,1,228,178,150,150
1,2260,0.31895686,0.30917348,0.31406517,1,1,228,178,150,150
1,2261,0.32019315,0.30797974,0.31408645,1,1,228,178,150,150
1,2262,0.35963529,0.30797974,0.33380752,1,1,228,178,150,150
1,2263,0.32702210,0.30866135,0.31784173,1,1,228,178,150,150
1,2264,0.33867793,0.30797974,0.32332884,1,1,228,178,150,150
1,2265,0.27800550,0.30985773,0.29393162,1,1,228,178,150,150
1,2266,0.32019315,0.29081047,0.30550181,1,1,228,178,150,150
1,2267,0.27800550,0.28897454,0.28349002,1,1,228,178,150,150
1,2268,0.28910733,0.28961409,0.28936071,1,1,228,178,150,150
1,2269,0.27800550,0.28897454,0.28349002,1,1,228,178,150,150
1,2270,0.29904459,0.27039753,0.28472106,1,1,228,178,150,150
1,2271,0.28910733,0.27039753,0.27975243,1,1,228,178,150,150
1,2272,0.30170261,0.26039679,0.28104970,1,1,228,178,150,150
1,2273,0.26980042,0.27039753,0.27009897,1,1,228,178,150,150
1,2274,0.28774965,0.27948107,0.28361536,1,1,228,178,150,150
1,2275,0.28910733,0.28897454,0.28904093,1,1,228,178,150,150
1,2276,0.29786304,0.28897454,0.29341879,1,1,228,178,150,150
1,2277,0.28774965,0.29663651,0.29219308,1,1,228,178,150,150
1,2278,0.30051056,0.27816859,0.28933958,1,1,228,178,150,150
1,2279,0.27941674,0.28119648,0.28030661,1,1,228,178,150,150
1,2280,0.29904459,0.28961409,0.29432934,1,1,228,178,150,150
1,2281,0.28082797,0.27816859,0.27949828,1,1,228,178,150,150
1,2282,0.27800550,0.27176321,0.27488436,1,1,228,178,150,150
1,2283,0.28082797,0.27176321,0.27629559,1,1,228,178,150,150
1,2284,0.25814797,0.24057579,0.24936188,1,1,228,178,150,150
1,2285,0.28082797,0.27176321,0.27629559,1,1,228,178,150,150
1,2286,0.23829043,0.27039753,0.25434398,1,1,228,178,150,150
1,2287,0.28082797,0.24981529,0.26532163,1,1,228,178,150,150
1,2288,0.28052511,0.27039753,0.27546132,1,1,228,178,150,150
1,2289,0.30051056,0.26903185,0.28477120,1,1,228,178,150,150
1,2290,0.28656027,0.26903185,0.27779606,1,1,228,178,150,150
1,2291,0.26745625,0.26903185,0.26824405,1,1,228,178,150,150
1,2292,0.30028578,0.28944479,0.29486528,1,1,228,178,150,150
1,2293,0.28052511,0.26903185,0.27477848,1,1,228,178,150,150
1,2294,0.26745625,0.26903185,0.26824405,1,1,228,178,150,150
1,2295,0.26745625,0.28824841,0.27785233,1,1,228,178,150,150
1,2296,0.26745625,0.27039753,0.26892689,1,1,228,178,150,150
1,2297,0.23241042,0.25118097,0.24179569,1,1,228,178,150,150
1,2298,0.28791795,0.27039753,0.27915774,1,1,228,178,150,150
1,2299,0.28761188,0.28824841,0.28793014,1,1,228,178,150,150
1,2300,0.28656027,0.27039753,0.27847890,1,1,228,178,150,150
1,2301,0.27910828,0.26903185,0.27407007,1,1,228,178,150,150
1,2302,0.26745625,0.26903185,0.26824405,1,1,228,178,150,150
1,2303,0.28656027,0.26903185,0.27779606,1,1,228,178,150,150
1,2304,0.27910828,0.28944479,0.28427654,1,1,228,178,150,150
1,2305,0.26120266,0.27039753,0.26580010,1,1,228,178,150,150
1,2306,0.29065918,0.27176321,0.28121119,1,1,228,178,150,150
1,2307,0.28194194,0.26903185,0.27548689,1,1,228,178,150,150
1,2308,0.28194194,0.26903185,0.27548689,1,1,228,178,150,150
1,2309,0.28194194,0.26903185,0.27548689,1,1,228,178,150,150
1,2310,0.30804304,0.27039753,0.28922028,1,1,228,178,150,150
1,2311,0.32582640,0.32702210,0.32642425,1,1,228,178,150,150
1,2312,0.32701577,0.32596013,0.32648795,1,1,228,178,150,150
1,2313,0.33991422,0.33242259,0.33616840,1,1,228,178,150,150
1,2314,0.34598850,0.33344544,0.33971697,1,1,228,178,150,150
1,2315,0.32701577,0.33446830,0.33074203,1,1,228,178,150,150
1,2316,0.30051056,0.30797974,0.30424515,1,1,228,178,150,150
1,2317,0.28880562,0.27039753,0.27960157,1,1,228,178,150,150
1,2318,0.25062629,0.28961409,0.27012019,1,1,228,178,150,150
1,2319,0.28774965,0.28897454,0.28836209,1,1,228,178,150,150
1,2320,0.30685366,0.28897454,0.29791410,1,1,228,178,150,150
1,2321,0.30804304,0.28897454,0.29850879,1,1,228,178,150,150
1,2322,0.27017162,0.28961409,0.27989285,1,1,228,178,150,150
1,2323,0.30170261,0.27039753,0.28605007,1,1,228,178,150,150
1,2324,0.28761188,0.27039753,0.27900470,1,1,228,178,150,150
1,2325,0.29786304,0.27039753,0.28413028,1,1,228,178,150,150
1,2326,0.29786304,0.27176321,0.28481312,1,1,228,178,150,150
1,2327,0.29904459,0.27176321,0.28540390,1,1,228,178,150,150
1,2328,0.26843775,0.27039753,0.26941764,1,1,228,178,150,150
1,2329,0.28082797,0.30100444,0.29091620,1,1,228,178,150,150
1,2330,0.32022208,0.30746497,0.31384353,1,1,228,178,150,150
1,2331,0.34126257,0.30866135,0.32496196,1,1,228,178,150,150
1,2332,0.30051056,0.32146327,0.31098692,1,1,228,178,150,150
1,2333,0.32019315,0.30797974,0.31408645,1,1,228,178,150,150
1,2334,0.32701577,0.34619622,0.33660600,1,1,228,178,150,150
1,2335,0.33991422,0.32787791,0.33389607,1,1,228,178,150,150
1,2336,0.35963529,0.32787791,0.34375660,1,1,228,178,150,150
1,2337,0.32022208,0.34097248,0.33059728,1,1,228,178,150,150
1,2338,0.34126257,0.32774585,0.33450421,1,1,228,178,150,150
1,2339,0.32019315,0.32668153,0.32343734,1,1,228,178,150,150
1,2340,0.35853547,0.33344544,0.34599046,1,1,228,178,150,150
1,2341,0.35963529,0.32715387,0.34339458,1,1,228,178,150,150
1,2342,0.33991422,0.33344544,0.33667983,1,1,228,178,150,150
1,2343,0.34598850,0.31459911,0.33029380,1,1,228,178,150,150
1,2344,0.32701577,0.32774585,0.32738081,1,1,228,178,150,150
1,2345,0.32019315,0.31575124,0.31797219,1,1,228,178,150,150
1,2346,0.32019315,0.32787791,0.32403553,1,1,228,178,150,150
1,2347,0.33991422,0.29609328,0.31800375,1,1,228,178,150,150
1,2348,0.33881440,0.32787791,0.33334616,1,1,228,178,150,150
1,2349,0.33991422,0.31459911,0.32725666,1,1,228,178,150,150
1,2350,0.33991422,0.31459911,0.32725666,1,1,228,178,150,150
1,2351,0.31895686,0.31459911,0.31677799,1,1,228,178,150,150
1,2352,0.32019315,0.32774585,0.32396950,1,1,228,178,150,150
1,2353,0.33991422,0.32774585,0.33383004,1,1,228,178,150,150
1,2354,0.35963529,0.32774585,0.34369057,1,1,228,178,150,150
1,2355,0.32019315,0.30866135,0.31442725,1,1,228,178,150,150
1,2356,0.32595768,0.32787791,0.32691780,1,1,228,178,150,150
1,2357,0.33991422,0.31575124,0.32783273,1,1,228,178,150,150
1,2358,0.32019315,0.32787791,0.32403553,1,1,228,178,150,150
1,2359,0.33991422,0.31562406,0.32776914,1,1,228,178,150,150
1,2360,0.35853547,0.32787791,0.34320669,1,1,228,178,150,150
1,2361,0.32019315,0.29663651,0.30841483,1,1,228,178,150,150
1,2362,0.33881440,0.30866135,0.32373787,1,1,228,178,150,150
1,2363,0.30685366,0.30866135,0.30775751,1,1,228,178,150,150
1,2364,0.32701577,0.32774585,0.32738081,1,1,228,178,150,150
1,2365,0.34598850,0.32774585,0.33686718,1,1,228,178,150,150
1,2366,0.33991422,0.32787791,0.33389607,1,1,228,178,150,150
1,2367,0.35853547,0.32787791,0.34320669,1,1,228,178,150,150
1,2368,0.33805313,0.30866135,0.32335724,1,1,228,178,150,150
1,2369,0.32019315,0.32774585,0.32396950,1,1,228,178,150,150
1,2370,0.35766623,0.32774585,0.34270604,1,1,228,178,150,150
1,2371,0.33805313,0.32774585,0.33289949,1,1,228,178,150,150
1,2372,0.34598850,0.31562406,0.33080628,1,1,228,178,150,150
1,2373,0.34318139,0.31562406,0.32940272,1,1,228,178,150,150
1,2374,0.35766623,0.31497752,0.33632187,1,1,228,178,150,150
1,2375,0.35766623,0.31497752,0.33632187,1,1,228,178,150,150
1,2376,0.33805313,0.32774585,0.33289949,1,1,228,178,150,150
1,2377,0.32535758,0.33344544,0.32940151,1,1,228,178,150,150
1,2378,0.33805313,0.32702210,0.33253761,1,1,228,178,150,150
1,2379,0.33991422,0.32787791,0.33389607,1,1,228,178,150,150
1,2380,0.33991422,0.31562406,0.32776914,1,1,228,178,150,150
1,2381,0.32019315,0.30917348,0.31468331,1,1,228,178,150,150
1,2382,0.35963529,0.32787791,0.34375660,1,1,228,178,150,150
1,2383,0.32535758,0.32715387,0.32625572,1,1,228,178,150,150
1,2384,0.33991422,0.30797974,0.32394698,1,1,228,178,150,150
1,2385,0.32019315,0.30917348,0.31468331,1,1,228,178,150,150
1,2386,0.32701577,0.34619622,0.33660600,1,1,228,178,150,150
1,2387,0.32535758,0.33242259,0.32889008,1,1,228,178,150,150
1,2388,0.33805313,0.33242259,0.33523786,1,1,228,178,150,150
1,2389,0.33991422,0.31497752,0.32744587,1,1,228,178,150,150
1,2390,0.30804304,0.30797974,0.30801139,1,1,228,178,150,150
1,2391,0.33805313,0.30797974,0.32301644,1,1,228,178,150,150
1,2392,0.33881440,0.32715387,0.33298413,1,1,228,178,150,150
1,2393,0.33991422,0.29778629,0.31885025,1,1,228,178,150,150
1,2394,0.35853547,0.30797974,0.33325761,1,1,228,178,150,150
1,2395,0.34493041,0.29663651,0.32078346,1,1,228,178,150,150
1,2396,0.33867793,0.32715387,0.33291590,1,1,228,178,150,150
1,2397,0.33805313,0.30917348,0.32361331,1,1,228,178,150,150
1,2398,0.32582640,0.32715387,0.32649013,1,1,228,178,150,150
1,2399,0.33881440,0.30797974,0.32339707,1,1,228,178,150,150
1,2400,0.33991422,0.34725819,0.34358621,1,1,228,178,150,150
1,2401,0.32019315,0.31612729,0.31816022,1,1,228,178,150,150
1,2402,0.33991422,0.34619622,0.34305522,1,1,228,178,150,150
1,2403,0.32146327,0.29663651,0.30904989,1,1,228,178,150,150
1,2404,0.32702210,0.30797974,0.31750092,1,1,228,178,150,150
1,2405,0.32702210,0.30797974,0.31750092,1,1,228,178,150,150
1,2406,0.34493041,0.32774585,0.33633813,1,1,228,178,150,150
1,2407,0.30685366,0.32787791,0.31736579,1,1,228,178,150,150
1,2408,0.31895686,0.28961409,0.30428548,1,1,228,178,150,150
1,2409,0.30566429,0.30985773,0.30776101,1,1,228,178,150,150
1,2410,0.31895686,0.30866135,0.31380911,1,1,228,178,150,150
1,2411,0.32702210,0.31612729,0.32157470,1,1,228,178,150,150
1,2412,0.34126257,0.30797974,0.32462116,1,1,228,178,150,150
1,2413,0.33881440,0.30797974,0.32339707,1,1,228,178,150,150
1,2414,0.34015839,0.30797974,0.32406907,1,1,228,178,150,150
1,2415,0.34126257,0.29663651,0.31894954,1,1,228,178,150,150
1,2416,0.34126257,0.31612729,0.32869493,1,1,228,178,150,150
1,2417,0.32146327,0.28961409,0.30553868,1,1,228,178,150,150
1,2418,0.32146327,0.32787791,0.32467059,1,1,228,178,150,150
1,2419,0.30917348,0.32774585,0.31845967,1,1,228,178,150,150
1,2420,0.30797974,0.30866135,0.30832055,1,1,228,178,150,150
1,2421,0.32146327,0.30866135,0.31506231,1,1,228,178,150,150
1,2422,0.31895686,0.30866135,0.31380911,1,1,228,178,150,150
1,2423,0.30170261,0.28944479,0.29557370,1,1,228,178,150,150
1,2424,0.28194194,0.28961409,0.28577801,1,1,228,178,150,150
1,2425,0.26223879,0.24981529,0.25602704,1,1,228,178,150,150
1,2426,0.28194194,0.27039753,0.27616973,1,1,228,178,150,150
1,2427,0.28082797,0.24981529,0.26532163,1,1,228,178,150,150
1,2428,0.28194194,0.27176321,0.27685257,1,1,228,178,150,150
1,2429,0.28052511,0.27977626,0.28015068,1,1,228,178,150,150
1,2430,0.28194194,0.28944479,0.28569337,1,1,228,178,150,150
1,2431,0.30170261,0.27039753,0.28605007,1,1,228,178,150,150
1,2432,0.28194194,0.27873958,0.28034076,1,1,228,178,150,150
1,2433,0.28082797,0.30100444,0.29091620,1,1,228,178,150,150
1,2434,0.30051056,0.26980042,0.28515549,1,1,228,178,150,150
1,2435,0.30051056,0.25085053,0.27568054,1,1,228,178,150,150
1,2436,0.29065918,0.28961409,0.29013664,1,1,228,178,150,150
1,2437,0.27910828,0.28961409,0.28436119,1,1,228,178,150,150
1,2438,0.28052511,0.27039753,0.27546132,1,1,228,178,150,150
1,2439,0.28052511,0.24981529,0.26517020,1,1,228,178,150,150
1,2440,0.30051056,0.28961409,0.29506232,1,1,228,178,150,150
1,2441,0.32019315,0.28944479,0.30481897,1,1,228,178,150,150
1,2442,0.32019315,0.30866135,0.31442725,1,1,228,178,150,150
1,2443,0.32022208,0.30866135,0.31444172,1,1,228,178,150,150
1,2444,0.31895686,0.32098846,0.31997266,1,1,228,178,150,150
1,2445,0.30917348,0.32098846,0.31508097,1,1,228,178,150,150
1,2446,0.31895686,0.27758745,0.29827216,1,1,228,178,150,150
1,2447,0.28194194,0.27176321,0.27685257,1,1,228,178,150,150
1,2448,0.28052511,0.27039753,0.27546132,1,1,228,178,150,150
1,2449,0.28082797,0.26980042,0.27531419,1,1,228,178,150,150
1,2450,0.28194194,0.27176321,0.27685257,1,1,228,178,150,150
1,2451,0.28194194,0.27890262,0.28042228,1,1,228,178,150,150
1,2452,0.28194194,0.26903185,0.27548689,1,1,228,178,150,150
1,2453,0.28194194,0.28944479,0.28569337,1,1,228,178,150,150
1,2454,0.28194194,0.27890262,0.28042228,1,1,228,178,150,150
1,2455,0.28052511,0.27176321,0.27614416,1,1,228,178,150,150
1,2456,0.28082797,0.26980042,0.27531419,1,1,228,178,150,150
1,2457,0.30051056,0.28897454,0.29474255,1,1,228,178,150,150
1,2458,0.28052511,0.28961409,0.28506960,1,1,228,178,150,150
1,2459,0.33991422,0.30797974,0.32394698,1,1,228,178,150,150
1,2460,0.32019315,0.32022208,0.32020762,1,1,228,178,150,150
1,2461,0.34598850,0.30797974,0.32698412,1,1,228,178,150,150
1,2462,0.32595768,0.30797974,0.31696871,1,1,228,178,150,150
1,2463,0.33867793,0.32715387,0.33291590,1,1,228,178,150,150
1,2464,0.31721052,0.30866135,0.31293593,1,1,228,178,150,150
1,2465,0.32701577,0.34802673,0.33752125,1,1,228,178,150,150
1,2466,0.35963529,0.29663651,0.32813590,1,1,228,178,150,150
1,2467,0.30804304,0.30797974,0.30801139,1,1,228,178,150,150
1,2468,0.32019315,0.32702210,0.32360762,1,1,228,178,150,150
1,2469,0.33991422,0.30797974,0.32394698,1,1,228,178,150,150
1,2470,0.33991422,0.34696241,0.34343832,1,1,228,178,150,150
1,2471,0.32019315,0.34619622,0.33319469,1,1,228,178,150,150
1,2472,0.33991422,0.34619622,0.34305522,1,1,228,178,150,150
1,2473,0.33991422,0.32702210,0.33346816,1,1,228,178,150,150
1,2474,0.34002138,0.32668153,0.33335146,1,1,228,178,150,150
1,2475,0.33867793,0.32787791,0.33327792,1,1,228,178,150,150
1,2476,0.33867793,0.31459911,0.32663852,1,1,228,178,150,150
1,2477,0.24913644,0.25277138,0.25095391,1,1,228,178,150,150
1,2478,0.18989993,0.15609815,0.17299904,1,1,228,178,150,150
1,2479,0.14583333,0.12324555,0.13453944,1,1,228,178,150,150
1,2480,0.16666667,0.14324555,0.15495611,1,1,228,178,150,150
1,2481,0.19984019,0.19984019,0.19984019,1,1,228,178,150,150
1,2482,0.24088565,0.21982420,0.23035493,1,1,228,178,150,150
1,2483,0.28194194,0.27977626,0.28085910,1,1,228,178,150,150
1,2484,0.27977626,0.27977626,0.27977626,1,1,228,178,150,150
1,2485,0.30917348,0.30797974,0.30857661,1,1,228,178,150,150
1,2486,0.32146327,0.30866135,0.31506231,1,1,228,178,150,150
1,2487,0.33991422,0.30797974,0.32394698,1,1,228,178,150,150
1,2488,0.34493041,0.30797974,0.32645508,1,1,228,178,150,150
1,2489,0.32019315,0.30797974,0.31408645,1,1,228,178,150,150
1,2490,0.30685366,0.30797974,0.30741670,1,1,228,178,150,150
1,2491,0.32146327,0.30797974,0.31472151,1,1,228,178,150,150
1,2492,0.32146327,0.30797974,0.31472151,1,1,228,178,150,150
1,2493,0.30051056,0.30678600,0.30364828,1,1,228,178,150,150
1,2494,0.30804304,0.29663651,0.30233978,1,1,228,178,150,150
1,2495,0.32022208,0.29724541,0.30873375,1,1,228,178,150,150
1,2496,0.32146327,0.28944479,0.30545403,1,1,228,178,150,150
1,2497,0.33881440,0.29663651,0.31772546,1,1,228,178,150,150
1,2498,0.33991422,0.30797974,0.32394698,1,1,228,178,150,150
1,2499,0.33881440,0.30797974,0.32339707,1,1,228,178,150,150
1,2500,0.33991422,0.32774585,0.33383004,1,1,228,178,150,150
1,2501,0.32019315,0.30866135,0.31442725,1,1,228,178,150,150
1,2502,0.32019315,0.32022208,0.32020762,1,1,228,178,150,150
1,2503,0.32019315,0.32098846,0.32059080,1,1,228,178,150,150
1,2504,0.31895686,0.27833130,0.29864408,1,1,228,178,150,150
1,2505,0.31895686,0.30797974,0.31346830,1,1,228,178,150,150
1,2506,0.32019315,0.32098846,0.32059080,1,1,228,178,150,150
1,2507,0.32019315,0.30866135,0.31442725,1,1,228,178,150,150
1,2508,0.30051056,0.29724541,0.29887798,1,1,228,178,150,150
1,2509,0.33991422,0.31562406,0.32776914,1,1,228,178,150,150
1,2510,0.33991422,0.32098846,0.33045134,1,1,228,178,150,150
1,2511,0.33867793,0.32098846,0.32983320,1,1,228,178,150,150
1,2512,0.31895686,0.30797974,0.31346830,1,1,228,178,150,150
1,2513,0.32019315,0.30797974,0.31408645,1,1,228,178,150,150
1,2514,0.32019315,0.30866135,0.31442725,1,1,228,178,150,150
1,2515,0.32019315,0.30797974,0.31408645,1,1,228,178,150,150
1,2516,0.32019315,0.32022208,0.32020762,1,1,228,178,150,150
1,2517,0.32019315,0.32098846,0.32059080,1,1,228,178,150,150
1,2518,0.32019315,0.30866135,0.31442725,1,1,228,178,150,150
1,2519,0.35853547,0.32774585,0.34314066,1,1,228,178,150,150
1,2520,0.33881440,0.32022208,0.32951824,1,1,228,178,150,150
1,2521,0.32019315,0.30797974,0.31408645,1,1,228,178,150,150
1,2522,0.31895686,0.32022208,0.31958947,1,1,228,178,150,150
1,2523,0.31895686,0.30797974,0.31346830,1,1,228,178,150,150
1,2524,0.31895686,0.30866135,0.31380911,1,1,228,178,150,150
1,2525,0.32019315,0.30866135,0.31442725,1,1,228,178,150,150
1,2526,0.32019315,0.30866135,0.31442725,1,1,228,178,150,150
1,2527,0.32022208,0.30866135,0.31444172,1,1,228,178,150,150
1,2528,0.32019315,0.30866135,0.31442725,1,1,228,178,150,150
1,2529,0.32146327,0.30797974,0.31472151,1,1,228,178,150,150
1,2530,0.32022208,0.30866135,0.31444172,1,1,228,178,150,150
1,2531,0.32146327,0.30985773,0.31566050,1,1,228,178,150,150
1,2532,0.31844003,0.28961409,0.30402706,1,1,228,178,150,150
1,2533,0.32019315,0.30797974,0.31408645,1,1,228,178,150,150
1,2534,0.30917348,0.30866135,0.30891742,1,1,228,178,150,150
1,2535,0.32582640,0.30917348,0.31749994,1,1,228,178,150,150
1,2536,0.30685366,0.30917348,0.30801357,1,1,228,178,150,150
1,2537,0.32582640,0.29663651,0.31123146,1,1,228,178,150,150
1,2538,0.30685366,0.30917348,0.30801357,1,1,228,178,150,150
1,2539,0.33881440,0.30866135,0.32373787,1,1,228,178,150,150
1,2540,0.31895686,0.30866135,0.31380911,1,1,228,178,150,150
1,2541,0.31895686,0.30797974,0.31346830,1,1,228,178,150,150
1,2542,0.31895686,0.29548674,0.30722180,1,1,228,178,150,150
1,2543,0.33867793,0.29663651,0.31765722,1,1,228,178,150,150
1,2544,0.30685366,0.30797974,0.30741670,1,1,228,178,150,150
1,2545,0.32022208,0.30866135,0.31444172,1,1,228,178,150,150
1,2546,0.30797974,0.30746497,0.30772236,1,1,228,178,150,150
1,2547,0.30797974,0.28944479,0.29871227,1,1,228,178,150,150
1,2548,0.32019315,0.28897454,0.30458385,1,1,228,178,150,150
1,2549,0.32146327,0.28944479,0.30545403,1,1,228,178,150,150
1,2550,0.32146327,0.30866135,0.31506231,1,1,228,178,150,150
1,2551,0.32701577,0.30917348,0.31809462,1,1,228,178,150,150
1,2552,0.32146327,0.30866135,0.31506231,1,1,228,178,150,150
1,2553,0.32146327,0.30746497,0.31446412,1,1,228,178,150,150
1,2554,0.32146327,0.28824841,0.30485584,1,1,228,178,150,150
1,2555,0.30917348,0.28961409,0.29939378,1,1,228,178,150,150
1,2556,0.28897454,0.30866135,0.29881795,1,1,228,178,150,150
1,2557,0.28082797,0.28880562,0.28481679,1,1,228,178,150,150
1,2558,0.28082797,0.29016828,0.28549812,1,1,228,178,150,150
1,2559,0.30051056,0.30170261,0.30110658,1,1,228,178,150,150
1,2560,0.30170261,0.28961409,0.29565835,1,1,228,178,150,150
1,2561,0.28897454,0.30866135,0.29881795,1,1,228,178,150,150
1,2562,0.28194194,0.30866135,0.29530165,1,1,228,178,150,150
1,2563,0.30046142,0.30746497,0.30396319,1,1,228,178,150,150
1,2564,0.30051056,0.30797974,0.30424515,1,1,228,178,150,150
1,2565,0.30804304,0.28897454,0.29850879,1,1,228,178,150,150
1,2566,0.32019315,0.30797974,0.31408645,1,1,228,178,150,150
1,2567,0.30917348,0.30866135,0.30891742,1,1,228,178,150,150
1,2568,0.32019315,0.29081047,0.30550181,1,1,228,178,150,150
1,2569,0.30797974,0.30797974,0.30797974,1,1,228,178,150,150
1,2570,0.31772058,0.30170261,0.30971159,1,1,228,178,150,150
1,2571,0.32022208,0.28761188,0.30391698,1,1,228,178,150,150
1,2572,0.32022208,0.27873958,0.29948083,1,1,228,178,150,150
1,2573,0.28052511,0.28824841,0.28438676,1,1,228,178,150,150
1,2574,0.28052511,0.26903185,0.27477848,1,1,228,178,150,150
1,2575,0.27910828,0.28824841,0.28367835,1,1,228,178,150,150
1,2576,0.32146327,0.28824841,0.30485584,1,1,228,178,150,150
1,2577,0.30170261,0.28961409,0.29565835,1,1,228,178,150,150
1,2578,0.28052511,0.30100444,0.29076477,1,1,228,178,150,150
1,2579,0.28082797,0.28961409,0.28522103,1,1,228,178,150,150
1,2580,0.27941674,0.28961409,0.28451541,1,1,228,178,150,150
1,2581,0.32022208,0.32098846,0.32060527,1,1,228,178,150,150
1,2582,0.31895686,0.28119648,0.30007667,1,1,228,178,150,150
1,2583,0.31895686,0.27977626,0.29936656,1,1,228,178,150,150
1,2584,0.28052511,0.30100444,0.29076477,1,1,228,178,150,150
1,2585,0.29904459,0.27039753,0.28472106,1,1,228,178,150,150
1,2586,0.31895686,0.27039753,0.29467720,1,1,228,178,150,150
1,2587,0.32146327,0.30746497,0.31446412,1,1,228,178,150,150
1,2588,0.28194194,0.28880562,0.28537378,1,1,228,178,150,150
1,2589,0.32146327,0.28897454,0.30521891,1,1,228,178,150,150
1,2590,0.28194194,0.32022208,0.30108201,1,1,228,178,150,150
1,2591,0.27116308,0.28824841,0.27970574,1,1,228,178,150,150
1,2592,0.29904459,0.28824841,0.29364650,1,1,228,178,150,150
1,2593,0.28194194,0.26980042,0.27587118,1,1,228,178,150,150
1,2594,0.29213465,0.26843775,0.28028620,1,1,228,178,150,150
1,2595,0.29213465,0.27910828,0.28562146,1,1,228,178,150,150
1,2596,0.27910828,0.26039679,0.26975253,1,1,228,178,150,150
1,2597,0.26980042,0.27816859,0.27398450,1,1,228,178,150,150
1,2598,0.26980042,0.25986337,0.26483190,1,1,228,178,150,150
1,2599,0.26881394,0.25898159,0.26389776,1,1,228,178,150,150
1,2600,0.26881394,0.28656027,0.27768710,1,1,228,178,150,150
1,2601,0.29016828,0.26843775,0.27930302,1,1,228,178,150,150
1,2602,0.26843775,0.24981529,0.25912652,1,1,228,178,150,150
1,2603,0.26843775,0.25221319,0.26032547,1,1,228,178,150,150
1,2604,0.28052511,0.25277138,0.26664825,1,1,228,178,150,150
1,2605,0.27116308,0.25221319,0.26168814,1,1,228,178,150,150
1,2606,0.27800550,0.26980042,0.27390296,1,1,228,178,150,150
1,2607,0.26881394,0.26980042,0.26930718,1,1,228,178,150,150
1,2608,0.28897454,0.26843775,0.27870615,1,1,228,178,150,150
1,2609,0.26980042,0.26843775,0.26911908,1,1,228,178,150,150
1,2610,0.26980042,0.23059873,0.25019957,1,1,228,178,150,150
1,2611,0.25221319,0.25118097,0.25169708,1,1,228,178,150,150
1,2612,0.29016828,0.27116308,0.28066568,1,1,228,178,150,150
1,2613,0.27176321,0.27116308,0.27146314,1,1,228,178,150,150
1,2614,0.27116308,0.27116308,0.27116308,1,1,228,178,150,150
1,2615,0.28082797,0.26980042,0.27531419,1,1,228,178,150,150
1,2616,0.28194194,0.23008950,0.25601572,1,1,228,178,150,150
1,2617,0.27017162,0.29016828,0.28016995,1,1,228,178,150,150
1,2618,0.30917348,0.32022208,0.31469778,1,1,228,178,150,150
1,2619,0.30678600,0.28880562,0.29779581,1,1,228,178,150,150
1,2620,0.30804304,0.30797974,0.30801139,1,1,228,178,150,150
1,2621,0.30566429,0.30797974,0.30682202,1,1,228,178,150,150
1,2622,0.30685366,0.29548674,0.30117020,1,1,228,178,150,150
1,2623,0.30685366,0.30678600,0.30681983,1,1,228,178,150,150
1,2624,0.30678600,0.28761188,0.29719894,1,1,228,178,150,150
1,2625,0.32146327,0.30678600,0.31412464,1,1,228,178,150,150
1,2626,0.30678600,0.31898089,0.31288345,1,1,228,178,150,150
1,2627,0.30685366,0.31898089,0.31291728,1,1,228,178,150,150
1,2628,0.30685366,0.30797974,0.30741670,1,1,228,178,150,150
1,2629,0.30678600,0.30797974,0.30738287,1,1,228,178,150,150
1,2630,0.31772058,0.31898089,0.31835073,1,1,228,178,150,150
1,2631,0.30685366,0.30797974,0.30741670,1,1,228,178,150,150
1,2632,0.28656027,0.28052511,0.28354269,1,1,228,178,150,150
1,2633,0.30566429,0.30746497,0.30656463,1,1,228,178,150,150
1,2634,0.28656027,0.30797974,0.29727001,1,1,228,178,150,150
1,2635,0.29909933,0.31898089,0.30904011,1,1,228,178,150,150
1,2636,0.30566429,0.28880562,0.29723495,1,1,228,178,150,150
1,2637,0.30685366,0.30678600,0.30681983,1,1,228,178,150,150
1,2638,0.30804304,0.30797974,0.30801139,1,1,228,178,150,150
1,2639,0.30685366,0.30797974,0.30741670,1,1,228,178,150,150
1,2640,0.30804304,0.30797974,0.30801139,1,1,228,178,150,150
1,2641,0.30566429,0.26980042,0.28773235,1,1,228,178,150,150
1,2642,0.30685366,0.32098846,0.31392106,1,1,228,178,150,150
1,2643,0.32019315,0.30797974,0.31408645,1,1,228,178,150,150
1,2644,0.32019315,0.30797974,0.31408645,1,1,228,178,150,150
1,2645,0.28774965,0.30685366,0.29730166,1,1,228,178,150,150
1,2646,0.34126257,0.30797974,0.32462116,1,1,228,178,150,150
1,2647,0.27941674,0.26980042,0.27460858,1,1,228,178,150,150
1,2648,0.28774965,0.26980042,0.27877503,1,1,228,178,150,150
1,2649,0.28774965,0.28897454,0.28836209,1,1,228,178,150,150
1,2650,0.30051056,0.30678600,0.30364828,1,1,228,178,150,150
1,2651,0.30051056,0.30797974,0.30424515,1,1,228,178,150,150
1,2652,0.30051056,0.30797974,0.30424515,1,1,228,178,150,150
1,2653,0.34126257,0.30797974,0.32462116,1,1,228,178,150,150
1,2654,0.30051056,0.30866135,0.30458595,1,1,228,178,150,150
1,2655,0.32022208,0.30917348,0.31469778,1,1,228,178,150,150
1,2656,0.30170261,0.30917348,0.30543804,1,1,228,178,150,150
1,2657,0.28791795,0.30797974,0.29794885,1,1,228,178,150,150
1,2658,0.32019315,0.30917348,0.31468331,1,1,228,178,150,150
1,2659,0.30678600,0.29016828,0.29847714,1,1,228,178,150,150
1,2660,0.26843775,0.26980042,0.26911908,1,1,228,178,150,150
1,2661,0.32596013,0.27816859,0.30206436,1,1,228,178,150,150
1,2662,0.32019315,0.30797974,0.31408645,1,1,228,178,150,150
1,2663,0.28082797,0.27176321,0.27629559,1,1,228,178,150,150
1,2664,0.28082797,0.30917348,0.29500072,1,1,228,178,150,150
1,2665,0.32715387,0.30797974,0.31756680,1,1,228,178,150,150
1,2666,0.30566429,0.30797974,0.30682202,1,1,228,178,150,150
1,2667,0.30797974,0.29016828,0.29907401,1,1,228,178,150,150
1,2668,0.30797974,0.30917348,0.30857661,1,1,228,178,150,150
1,2669,0.30685366,0.30797974,0.30741670,1,1,228,178,150,150
1,2670,0.30804304,0.30797974,0.30801139,1,1,228,178,150,150
1,2671,0.30804304,0.30797974,0.30801139,1,1,228,178,150,150
1,2672,0.29909933,0.32022208,0.30966070,1,1,228,178,150,150
1,2673,0.30784797,0.30797974,0.30791386,1,1,228,178,150,150
1,2674,0.28910733,0.30797974,0.29854353,1,1,228,178,150,150
1,2675,0.30051056,0.30797974,0.30424515,1,1,228,178,150,150
1,2676,0.31772058,0.30917348,0.31344703,1,1,228,178,150,150
1,2677,0.31772058,0.29016828,0.30394443,1,1,228,178,150,150
1,2678,0.30804304,0.30797974,0.30801139,1,1,228,178,150,150
1,2679,0.29786304,0.30917348,0.30351826,1,1,228,178,150,150
1,2680,0.29786304,0.30917348,0.30351826,1,1,228,178,150,150
1,2681,0.29909933,0.26980042,0.28444987,1,1,228,178,150,150
1,2682,0.32022208,0.28897454,0.30459831,1,1,228,178,150,150
1,2683,0.30804304,0.29016828,0.29910566,1,1,228,178,150,150
1,2684,0.32022208,0.28961409,0.30491809,1,1,228,178,150,150
1,2685,0.29786304,0.28897454,0.29341879,1,1,228,178,150,150
1,2686,0.29786304,0.30797974,0.30292139,1,1,228,178,150,150
1,2687,0.32019315,0.32715387,0.32367351,1,1,228,178,150,150
1,2688,0.31895686,0.32821584,0.32358635,1,1,228,178,150,150
1,2689,0.31895686,0.30797974,0.31346830,1,1,228,178,150,150
1,2690,0.30051056,0.30797974,0.30424515,1,1,228,178,150,150
1,2691,0.28910733,0.27948107,0.28429420,1,1,228,178,150,150
1,2692,0.28119648,0.26980042,0.27549845,1,1,228,178,150,150
1,2693,0.27800550,0.26980042,0.27390296,1,1,228,178,150,150
1,2694,0.27800550,0.26843775,0.27322163,1,1,228,178,150,150
1,2695,0.28052511,0.26903185,0.27477848,1,1,228,178,150,150
1,2696,0.29904459,0.26843775,0.28374117,1,1,228,178,150,150
1,2697,0.27910828,0.26843775,0.27377302,1,1,228,178,150,150
1,2698,0.27800550,0.28897454,0.28349002,1,1,228,178,150,150
1,2699,0.27800550,0.29016828,0.28408689,1,1,228,178,150,150
1,2700,0.30028578,0.27116308,0.28572443,1,1,228,178,150,150
1,2701,0.28052511,0.27116308,0.27584410,1,1,228,178,150,150
1,2702,0.30051056,0.27039753,0.28545404,1,1,228,178,150,150
1,2703,0.28774965,0.28944479,0.28859722,1,1,228,178,150,150
1,2704,0.26745625,0.24981529,0.25863577,1,1,228,178,150,150
1,2705,0.27910828,0.28119648,0.28015238,1,1,228,178,150,150
1,2706,0.27910828,0.24926363,0.26418595,1,1,228,178,150,150
1,2707,0.27910828,0.25062629,0.26486729,1,1,228,178,150,150
1,2708,0.28052511,0.24146215,0.26099363,1,1,228,178,150,150
1,2709,0.27910828,0.24981529,0.26446178,1,1,228,178,150,150
1,2710,0.27910828,0.26843775,0.27377302,1,1,228,178,150,150
1,2711,0.31008684,0.29016828,0.30012756,1,1,228,178,150,150
1,2712,0.34015839,0.32702210,0.33359024,1,1,228,178,150,150
1,2713,0.32019315,0.30797974,0.31408645,1,1,228,178,150,150
1,2714,0.33991422,0.34725819,0.34358621,1,1,228,178,150,150
1,2715,0.33881440,0.30917348,0.32399394,1,1,228,178,150,150
1,2716,0.32595768,0.29663651,0.31129710,1,1,228,178,150,150
1,2717,0.33991422,0.30917348,0.32454385,1,1,228,178,150,150
1,2718,0.34493041,0.32702210,0.33597626,1,1,228,178,150,150
1,2719,0.35963529,0.34619622,0.35291576,1,1,228,178,150,150
1,2720,0.35853547,0.34725819,0.35289683,1,1,228,178,150,150
1,2721,0.35853547,0.32715387,0.34284467,1,1,228,178,150,150
1,2722,0.31895686,0.30797974,0.31346830,1,1,228,178,150,150
1,2723,0.33867793,0.30797974,0.32332884,1,1,228,178,150,150
1,2724,0.32582640,0.30797974,0.31690307,1,1,228,178,150,150
1,2725,0.30804304,0.32821584,0.31812944,1,1,228,178,150,150
1,2726,0.31895686,0.34619622,0.33257654,1,1,228,178,150,150
1,2727,0.35963529,0.34619622,0.35291576,1,1,228,178,150,150
1,2728,0.34493041,0.34619622,0.34556332,1,1,228,178,150,150
1,2729,0.35853547,0.34619622,0.35236585,1,1,228,178,150,150
1,2730,0.35853547,0.34725819,0.35289683,1,1,228,178,150,150
1,2731,0.34493041,0.32702210,0.33597626,1,1,228,178,150,150
1,2732,0.35853547,0.34619622,0.35236585,1,1,228,178,150,150
1,2733,0.34598850,0.34513425,0.34556138,1,1,228,178,150,150
1,2734,0.33881440,0.32715387,0.33298413,1,1,228,178,150,150
1,2735,0.32582640,0.32715387,0.32649013,1,1,228,178,150,150
1,2736,0.33881440,0.30797974,0.32339707,1,1,228,178,150,150
1,2737,0.35995769,0.34619622,0.35307696,1,1,228,178,150,150
1,2738,0.34015839,0.34619622,0.34317731,1,1,228,178,150,150
1,2739,0.35853547,0.34619622,0.35236585,1,1,228,178,150,150
1,2740,0.32019315,0.30917348,0.31468331,1,1,228,178,150,150
1,2741,0.31895686,0.30797974,0.31346830,1,1,228,178,150,150
1,2742,0.33991422,0.32702210,0.33346816,1,1,228,178,150,150
1,2743,0.35963529,0.34513425,0.35238477,1,1,228,178,150,150
1,2744,0.35995769,0.32596013,0.34295891,1,1,228,178,150,150
1,2745,0.35995769,0.32821584,0.34408676,1,1,228,178,150,150
1,2746,0.35853547,0.34619622,0.35236585,1,1,228,178,150,150
1,2747,0.32701577,0.30797974,0.31749776,1,1,228,178,150,150
1,2748,0.33881440,0.30797974,0.32339707,1,1,228,178,150,150
1,2749,0.33991422,0.30797974,0.32394698,1,1,228,178,150,150
1,2750,0.34493041,0.32702210,0.33597626,1,1,228,178,150,150
1,2751,0.33867793,0.34725819,0.34296806,1,1,228,178,150,150
1,2752,0.34619622,0.34513425,0.34566524,1,1,228,178,150,150
1,2753,0.32019315,0.29663651,0.30841483,1,1,228,178,150,150
1,2754,0.35963529,0.32582640,0.34273084,1,1,228,178,150,150
1,2755,0.32019315,0.30797974,0.31408645,1,1,228,178,150,150
1,2756,0.34002138,0.34619622,0.34310880,1,1,228,178,150,150
1,2757,0.34126257,0.30797974,0.32462116,1,1,228,178,150,150
1,2758,0.33991422,0.30797974,0.32394698,1,1,228,178,150,150
1,2759,0.36392916,0.34619622,0.35506269,1,1,228,178,150,150
1,2760,0.32019315,0.30797974,0.31408645,1,1,228,178,150,150
1,2761,0.32595768,0.30797974,0.31696871,1,1,228,178,150,150
1,2762,0.32701577,0.32715387,0.32708482,1,1,228,178,150,150
1,2763,0.32582640,0.34619622,0.33601131,1,1,228,178,150,150
1,2764,0.31772058,0.32702210,0.32237134,1,1,228,178,150,150
1,2765,0.34493041,0.34619622,0.34556332,1,1,228,178,150,150
1,2766,0.35853547,0.29663651,0.32758599,1,1,228,178,150,150
1,2767,0.34619622,0.31497752,0.33058687,1,1,228,178,150,150
1,2768,0.33867793,0.30866135,0.32366964,1,1,228,178,150,150
1,2769,0.30685366,0.32787791,0.31736579,1,1,228,178,150,150
1,2770,0.32582640,0.30797974,0.31690307,1,1,228,178,150,150
1,2771,0.31895686,0.30797974,0.31346830,1,1,228,178,150,150
1,2772,0.33881440,0.32022208,0.32951824,1,1,228,178,150,150
1,2773,0.33867793,0.30866135,0.32366964,1,1,228,178,150,150
1,2774,0.33991422,0.32715387,0.33353404,1,1,228,178,150,150
1,2775,0.33991422,0.30797974,0.32394698,1,1,228,178,150,150
1,2776,0.35963529,0.31612729,0.33788129,1,1,228,178,150,150
1,2777,0.32019315,0.29663651,0.30841483,1,1,228,178,150,150
1,2778,0.35853547,0.30866135,0.33359841,1,1,228,178,150,150
1,2779,0.33991422,0.32702210,0.33346816,1,1,228,178,150,150
1,2780,0.35963529,0.32821584,0.34392556,1,1,228,178,150,150
1,2781,0.35963529,0.36106187,0.36034858,1,1,228,178,150,150
1,2782,0.35995769,0.34619622,0.35307696,1,1,228,178,150,150
1,2783,0.34015839,0.32022208,0.33019024,1,1,228,178,150,150
1,2784,0.33867793,0.33344544,0.33606169,1,1,228,178,150,150
1,2785,0.32019315,0.30797974,0.31408645,1,1,228,178,150,150
1,2786,0.32595768,0.33446830,0.33021299,1,1,228,178,150,150
1,2787,0.36106187,0.30797974,0.33452081,1,1,228,178,150,150
1,2788,0.35963529,0.34002138,0.34982834,1,1,228,178,150,150
1,2789,0.36106187,0.32702210,0.34404199,1,1,228,178,150,150
1,2790,0.33991422,0.30797974,0.32394698,1,1,228,178,150,150
1,2791,0.33991422,0.30797974,0.32394698,1,1,228,178,150,150
1,2792,0.33991422,0.33446830,0.33719126,1,1,228,178,150,150
1,2793,0.34015839,0.30797974,0.32406907,1,1,228,178,150,150
1,2794,0.34015839,0.30917348,0.32466593,1,1,228,178,150,150
1,2795,0.30797974,0.30797974,0.30797974,1,1,228,178,150,150
1,2796,0.33991422,0.30797974,0.32394698,1,1,228,178,150,150
1,2797,0.35995769,0.30917348,0.33456558,1,1,228,178,150,150
1,2798,0.34126257,0.34725819,0.34426038,1,1,228,178,150,150
1,2799,0.31895686,0.29663651,0.30779669,1,1,228,178,150,150
1,2800,0.30685366,0.30797974,0.30741670,1,1,228,178,150,150
1,2801,0.32582640,0.30917348,0.31749994,1,1,228,178,150,150
1,2802,0.32019315,0.30797974,0.31408645,1,1,228,178,150,150
1,2803,0.31895686,0.30917348,0.31406517,1,1,228,178,150,150
1,2804,0.33991422,0.32715387,0.33353404,1,1,228,178,150,150
1,2805,0.33881440,0.29778629,0.31830034,1,1,228,178,150,150
1,2806,0.32146327,0.30797974,0.31472151,1,1,228,178,150,150
1,2807,0.31895686,0.30797974,0.31346830,1,1,228,178,150,150
1,2808,0.32022208,0.30797974,0.31410091,1,1,228,178,150,150
1,2809,0.33867793,0.30797974,0.32332884,1,1,228,178,150,150
1,2810,0.33867793,0.30797974,0.32332884,1,1,228,178,150,150
1,2811,0.32701577,0.30797974,0.31749776,1,1,228,178,150,150
1,2812,0.32019315,0.30797974,0.31408645,1,1,228,178,150,150
1,2813,0.32019315,0.30917348,0.31468331,1,1,228,178,150,150
1,2814,0.31895686,0.30917348,0.31406517,1,1,228,178,150,150
1,2815,0.31895686,0.30797974,0.31346830,1,1,228,178,150,150
1,2816,0.34493041,0.30866135,0.32679588,1,1,228,178,150,150
1,2817,0.34598850,0.30797974,0.32698412,1,1,228,178,150,150
1,2818,0.34493041,0.30917348,0.32705195,1,1,228,178,150,150
1,2819,0.32595768,0.30797974,0.31696871,1,1,228,178,150,150
1,2820,0.30685366,0.30797974,0.30741670,1,1,228,178,150,150
1,2821,0.30685366,0.30797974,0.30741670,1,1,228,178,150,150
1,2822,0.30685366,0.30917348,0.30801357,1,1,228,178,150,150
1,2823,0.30685366,0.30797974,0.30741670,1,1,228,178,150,150
1,2824,0.32019315,0.30797974,0.31408645,1,1,228,178,150,150
1,2825,0.32596013,0.30797974,0.31696994,1,1,228,178,150,150
1,2826,0.30672238,0.30797974,0.30735106,1,1,228,178,150,150
1,2827,0.32022208,0.30797974,0.31410091,1,1,228,178,150,150
1,2828,0.30797974,0.30797974,0.30797974,1,1,228,178,150,150
1,2829,0.30797974,0.30866135,0.30832055,1,1,228,178,150,150
1,2830,0.30797974,0.28880562,0.29839268,1,1,228,178,150,150
1,2831,0.30685366,0.28880562,0.29782964,1,1,228,178,150,150
1,2832,0.26881394,0.29016828,0.27949111,1,1,228,178,150,150
1,2833,0.32022208,0.30797974,0.31410091,1,1,228,178,150,150
1,2834,0.30797974,0.30678600,0.30738287,1,1,228,178,150,150
1,2835,0.30797974,0.30797974,0.30797974,1,1,228,178,150,150
1,2836,0.26881394,0.28897454,0.27889424,1,1,228,178,150,150
1,2837,0.28082797,0.28880562,0.28481679,1,1,228,178,150,150
1,2838,0.26881394,0.29016828,0.27949111,1,1,228,178,150,150
1,2839,0.26745625,0.28880562,0.27813094,1,1,228,178,150,150
1,2840,0.28774965,0.29016828,0.28895896,1,1,228,178,150,150
1,2841,0.28880562,0.30797974,0.29839268,1,1,228,178,150,150
1,2842,0.28656027,0.30797974,0.29727001,1,1,228,178,150,150
1,2843,0.29016828,0.30797974,0.29907401,1,1,228,178,150,150
1,2844,0.27800550,0.30797974,0.29299262,1,1,228,178,150,150
1,2845,0.31772058,0.30866135,0.31319096,1,1,228,178,150,150
1,2846,0.31895686,0.30917348,0.31406517,1,1,228,178,150,150
1,2847,0.31898089,0.30797974,0.31348032,1,1,228,178,150,150
1,2848,0.29904459,0.28897454,0.29400956,1,1,228,178,150,150
1,2849,0.28774965,0.30917348,0.29846156,1,1,228,178,150,150
1,2850,0.29786304,0.29016828,0.29401566,1,1,228,178,150,150
1,2851,0.20815272,0.19174125,0.19994699,1,1,228,178,150,150
1,2852,0.16000000,0.14324555,0.15162278,1,1,228,178,150,150
1,2853,0.14000000,0.14570766,0.14285383,1,1,228,178,150,150
1,2854,0.14000000,0.13698280,0.13849140,1,1,228,178,150,150
1,2855,0.23980822,0.19406842,0.21693832,1,1,228,178,150,150
1,2856,0.23980822,0.21982420,0.22981621,1,1,228,178,150,150
1,2857,0.27116308,0.28261670,0.27688989,1,1,228,178,150,150
1,2858,0.28052511,0.25277138,0.26664825,1,1,228,178,150,150
1,2859,0.27941674,0.29016828,0.28479251,1,1,228,178,150,150
1,2860,0.28082797,0.29016828,0.28549812,1,1,228,178,150,150
1,2861,0.31418857,0.27039753,0.29229305,1,1,228,178,150,150
1,2862,0.29904459,0.26980042,0.28442250,1,1,228,178,150,150
1,2863,0.27910828,0.28880562,0.28395695,1,1,228,178,150,150
1,2864,0.29361011,0.28944479,0.29152745,1,1,228,178,150,150
1,2865,0.29904459,0.28824841,0.29364650,1,1,228,178,150,150
1,2866,0.31898089,0.30170261,0.31034175,1,1,228,178,150,150
1,2867,0.31898089,0.29016828,0.30457459,1,1,228,178,150,150
1,2868,0.27910828,0.28194194,0.28052511,1,1,228,178,150,150
1,2869,0.31155598,0.26980042,0.29067820,1,1,228,178,150,150
1,2870,0.31289602,0.26980042,0.29134822,1,1,228,178,150,150
1,2871,0.32640022,0.27039753,0.29839887,1,1,228,178,150,150
1,2872,0.32620941,0.26980042,0.29800492,1,1,228,178,150,150
1,2873,0.31142055,0.28944479,0.30043267,1,1,231,189,125,126
1,2874,0.31137386,0.30797974,0.30967680,1,1,231,189,125,126
1,2875,0.33204631,0.31612729,0.32408680,1,1,231,189,125,126
1,2876,0.34921516,0.28944479,0.31932998,1,1,231,189,125,126
1,2877,0.34758863,0.32787791,0.33773327,1,1,231,189,125,126
1,2878,0.33204631,0.30985773,0.32095202,1,1,231,189,125,126
1,2879,0.31284300,0.28944479,0.30114390,1,1,231,189,125,126
1,2880,0.32487995,0.30746497,0.31617246,1,1,231,189,125,126
1,2881,0.32469003,0.30888957,0.31678980,1,1,231,189,125,126
1,2882,0.30485539,0.28846154,0.29665847,1,1,231,189,125,126
1,2883,0.30332342,0.28824841,0.29578591,1,1,231,189,125,126
1,2884,0.30485539,0.26923077,0.28704308,1,1,231,189,125,126
1,2885,0.28355096,0.26923077,0.27639087,1,1,231,189,125,126
1,2886,0.29361011,0.26923077,0.28142044,1,1,231,189,125,126
1,2887,0.28201899,0.25000000,0.26600949,1,1,231,189,125,126
1,2888,0.31284300,0.28982823,0.30133561,1,1,231,189,125,126
1,2889,0.28176688,0.28000000,0.28088344,1,1,231,189,125,126
1,2890,0.27021107,0.25000000,0.26010554,1,1,231,189,125,126
1,2891,0.27192198,0.26923077,0.27057637,1,1,231,189,125,126
1,2892,0.29088353,0.27039753,0.28064053,1,1,231,189,125,126
1,2893,0.30485539,0.25136669,0.27811104,1,1,231,189,125,126
1,2894,0.30332342,0.26903185,0.28617763,1,1,231,189,125,126
1,2895,0.30332342,0.25908162,0.28120252,1,1,231,189,125,126
1,2896,0.28201899,0.26923077,0.27562488,1,1,231,189,125,126
1,2897,0.27045283,0.26903185,0.26974234,1,1,231,189,125,126
1,2898,0.27192198,0.25000000,0.26096099,1,1,231,189,125,126
1,2899,0.27192198,0.25000000,0.26096099,1,1,231,189,125,126
1,2900,0.29235267,0.25000000,0.27117634,1,1,231,189,125,126
1,2901,0.27192198,0.25000000,0.26096099,1,1,231,189,125,126
1,2902,0.29235267,0.25000000,0.27117634,1,1,231,189,125,126
1,2903,0.29088353,0.25000000,0.27044176,1,1,231,189,125,126
1,2904,0.27045283,0.24981529,0.26013406,1,1,231,189,125,126
1,2905,0.29213465,0.24981529,0.27097497,1,1,231,189,125,126
1,2906,0.27137328,0.25000000,0.26068664,1,1,231,189,125,126
1,2907,0.30474281,0.23980822,0.27227552,1,1,231,189,125,126
1,2908,0.27137328,0.26165525,0.26651427,1,1,231,189,125,126
1,2909,0.28308541,0.25000000,0.26654270,1,1,231,189,125,126
1,2910,0.27137328,0.23076923,0.25107125,1,1,231,189,125,126
1,2911,0.27137328,0.26121246,0.26629287,1,1,231,189,125,126
1,2912,0.26168128,0.24981529,0.25574829,1,1,231,189,125,126
1,2913,0.29213465,0.25277138,0.27245301,1,1,231,189,125,126
1,2914,0.30474281,0.25295828,0.27885055,1,1,231,189,125,126
1,2915,0.27137328,0.26903185,0.27020256,1,1,231,189,125,126
1,2916,0.28308541,0.25000000,0.26654270,1,1,231,189,125,126
1,2917,0.30474281,0.26000000,0.28237141,1,1,231,189,125,126
1,2918,0.27021107,0.25979224,0.26500166,1,1,231,189,125,126
1,2919,0.26347371,0.23076923,0.24712147,1,1,231,189,125,126
1,2920,0.27021107,0.26903185,0.26962146,1,1,231,189,125,126
1,2921,0.29213465,0.28846154,0.29029809,1,1,231,189,125,126
1,2922,0.29213465,0.25159159,0.27186312,1,1,231,189,125,126
1,2923,0.29235267,0.26171196,0.27703231,1,1,231,189,125,126
1,2924,0.29213465,0.27039753,0.28126609,1,1,231,189,125,126
1,2925,0.29088353,0.25140570,0.27114461,1,1,231,189,125,126
1,2926,0.29213465,0.24981529,0.27097497,1,1,231,189,125,126
1,2927,0.27021107,0.25295828,0.26158467,1,1,231,189,125,126
1,2928,0.29235267,0.25908162,0.27571715,1,1,231,189,125,126
1,2929,0.29213465,0.25908162,0.27560813,1,1,231,189,125,126
1,2930,0.27045283,0.24057579,0.25551431,1,1,231,189,125,126
1,2931,0.29088353,0.27039753,0.28064053,1,1,231,189,125,126
1,2932,0.27941674,0.25000000,0.26470837,1,1,231,189,125,126
1,2933,0.29088353,0.28824841,0.28956597,1,1,231,189,125,126
1,2934,0.28052511,0.25908162,0.26980336,1,1,231,189,125,126
1,2935,0.28082797,0.27758745,0.27920771,1,1,231,189,125,126
1,2936,0.31284300,0.27777778,0.29531039,1,1,228,178,150,150
1,2937,0.27192198,0.26923077,0.27057637,1,1,228,178,150,150
1,2938,0.31284300,0.25925926,0.28605113,1,1,228,178,150,150
1,2939,0.31284300,0.25925926,0.28605113,1,1,228,178,150,150
1,2940,0.29235267,0.28824841,0.29030054,1,1,228,178,150,150
1,2941,0.30051056,0.28824841,0.29437948,1,1,228,178,150,150
1,2942,0.30051056,0.27758745,0.28904900,1,1,228,178,150,150
1,2943,0.28082797,0.27758745,0.27920771,1,1,228,178,150,150
1,2944,0.28910733,0.28846154,0.28878443,1,1,228,178,150,150
1,2945,0.28910733,0.27873958,0.28392345,1,1,228,178,150,150
1,2946,0.30051056,0.28824841,0.29437948,1,1,228,178,150,150
1,2947,0.30051056,0.28824841,0.29437948,1,1,245,189,125,126
1,2948,0.30804304,0.29976028,0.30390166,1,1,245,189,125,126
1,2949,0.31155728,0.30769231,0.30962480,1,1,244,178,151,150
1,2950,0.30648105,0.34000000,0.32324053,1,1,244,178,151,150
1,2951,0.28910733,0.29976028,0.29443380,1,1,244,178,151,150
1,2952,0.28910733,0.30000000,0.29455366,1,1,244,178,151,150
1,2953,0.30804304,0.31974430,0.31389367,1,1,244,178,151,150
1,2954,0.26880166,0.29976028,0.28428097,1,1,244,194,151,151
1,2955,0.28082797,0.28052511,0.28067654,1,1,244,194,151,151
1,2956,0.28764136,0.30100444,0.29432290,1,1,259,203,125,126
1,2957,0.29262157,0.33434027,0.31348092,1,1,259,203,125,126
1,2958,0.28910733,0.33434027,0.31172380,1,1,244,194,151,151
1,2959,0.28764136,0.30028578,0.29396357,1,1,244,194,151,151
1,2960,0.28764136,0.31500429,0.30132283,1,1,244,194,151,151
1,2961,0.30648105,0.31974430,0.31311267,1,1,244,194,151,151
1,2962,0.29161465,0.27910828,0.28536147,1,1,244,194,151,151
1,2963,0.30648105,0.27910828,0.29279467,1,1,244,194,151,151
1,2964,0.29310087,0.30242466,0.29776276,1,1,244,194,151,151
1,2965,0.30648105,0.29976028,0.30312067,1,1,244,194,151,151
1,2966,0.31844003,0.28824841,0.30334422,1,1,244,194,151,151
1,2967,0.28764136,0.28824841,0.28794488,1,1,245,203,125,126
1,2968,0.30648105,0.27890262,0.29269183,1,1,245,203,125,126
1,2969,0.31844003,0.29724541,0.30784272,1,1,228,194,150,151
1,2970,0.29886521,0.29724541,0.29805531,1,1,228,194,150,151
1,2971,0.30997748,0.29724541,0.30361144,1,1,228,194,150,151
1,2972,0.32344300,0.29724541,0.31034421,1,1,228,194,150,151
1,2973,0.31844003,0.29609328,0.30726666,1,1,228,194,150,151
1,2974,0.29886521,0.27758745,0.28822633,1,1,228,194,150,151
1,2975,0.31844003,0.27873958,0.29858981,1,1,228,194,150,151
1,2976,0.31844003,0.27758745,0.29801374,1,1,228,194,150,151
1,2977,0.29886521,0.27758745,0.28822633,1,1,228,194,150,151
1,2978,0.29886521,0.27873958,0.28880239,1,1,228,194,150,151
1,2979,0.29678893,0.29609328,0.29644110,1,1,228,194,150,151
1,2980,0.31622776,0.28553225,0.30088000,1,1,228,194,150,151
1,2981,0.31844003,0.29548674,0.30696339,1,1,228,194,150,151
1,2982,0.31844003,0.30746497,0.31295250,1,1,228,194,150,151
1,2983,0.31844003,0.30797974,0.31320989,1,1,228,194,150,151
1,2984,0.31844003,0.29548674,0.30696339,1,1,228,194,150,151
1,2985,0.32019315,0.30678600,0.31348958,1,1,228,194,150,151
1,2986,0.33333333,0.29724541,0.31528937,1,1,228,194,150,151
1,2987,0.33135674,0.29609328,0.31372501,1,1,228,194,150,151
1,2988,0.31098792,0.28824841,0.29961816,1,1,228,194,150,151
1,2989,0.31284300,0.28824841,0.30054571,1,1,228,194,150,151
1,2990,0.29235267,0.26903185,0.28069226,1,1,228,194,150,151
1,2991,0.30051056,0.28961409,0.29506232,1,1,228,194,150,151
1,2992,0.29235267,0.28961409,0.29098338,1,1,228,194,150,151
1,2993,0.31664577,0.26903185,0.29283881,1,1,228,194,150,151
1,2994,0.29235267,0.26903185,0.28069226,1,1,228,194,150,151
1,2995,0.29235267,0.26903185,0.28069226,1,1,228,194,150,151
1,2996,0.31284300,0.26980042,0.29132171,1,1,228,194,150,151
1,2997,0.29235267,0.26903185,0.28069226,1,1,228,194,150,151
1,2998,0.31284300,0.29976028,0.30630164,1,1,228,194,150,151
1,2999,0.30051056,0.26903185,0.28477120,1,1,228,194,150,151
1,3000,0.28082797,0.27977626,0.28030211,1,1,228,194,150,151
1,3001,0.29061909,0.26980042,0.28020975,1,1,228,194,150,151
1,3002,0.29886521,0.27039753,0.28463137,1,1,228,194,150,151
1,3003,0.29886521,0.27116308,0.28501414,1,1,228,194,150,151
1,3004,0.31844003,0.28944479,0.30394241,1,1,228,194,150,151
1,3005,0.31844003,0.27039753,0.29441878,1,1,228,194,150,151
1,3006,0.29886521,0.27176321,0.28531421,1,1,228,194,150,151
1,3007,0.31721052,0.27116308,0.29418680,1,1,228,194,150,151
1,3008,0.30051056,0.28761188,0.29406122,1,1,228,194,150,151
1,3009,0.29746171,0.26903185,0.28324678,1,1,228,194,150,151
1,3010,0.29746171,0.28761188,0.29253679,1,1,228,194,150,151
1,3011,0.29623219,0.27116308,0.28369763,1,1,228,194,150,151
1,3012,0.29746171,0.28761188,0.29253679,1,1,228,194,150,151
1,3013,0.29746171,0.27116308,0.28431239,1,1,228,194,150,151
1,3014,0.29886521,0.27116308,0.28501414,1,1,228,194,150,151
1,3015,0.29886521,0.26903185,0.28394853,1,1,228,194,150,151
1,3016,0.29746171,0.27039753,0.28392962,1,1,228,194,150,151
1,3017,0.28341872,0.27176321,0.27759096,1,1,228,194,150,151
1,3018,0.29886521,0.27948107,0.28917314,1,1,228,194,150,151
1,3019,0.27929039,0.27039753,0.27484396,1,1,228,194,150,151
1,3020,0.31098792,0.26117585,0.28608188,1,1,228,194,150,151
1,3021,0.28915865,0.27039753,0.27977809,1,1,228,194,150,151
1,3022,0.29886521,0.26843775,0.28365148,1,1,228,194,150,151
1,3023,0.29746171,0.27039753,0.28392962,1,1,228,194,150,151
1,3024,0.30249807,0.28880562,0.29565184,1,1,228,194,150,151
1,3025,0.31098792,0.28880562,0.29989677,1,1,228,194,150,151
1,3026,0.29061909,0.29016828,0.29039368,1,1,228,194,150,151
1,3027,0.31098792,0.29016828,0.30057810,1,1,228,194,150,151
1,3028,0.29061909,0.26980042,0.28020975,1,1,228,194,150,151
1,3029,0.29886521,0.28880562,0.29383541,1,1,228,194,150,151
1,3030,0.31847831,0.30797974,0.31322902,1,1,228,194,150,151
1,3031,0.30249807,0.30797974,0.30523891,1,1,228,194,150,151
1,3032,0.35176539,0.32702210,0.33939375,1,1,228,194,150,151
1,3033,0.31844003,0.30866135,0.31355069,1,1,228,194,150,151
1,3034,0.29678893,0.30797974,0.30238433,1,1,228,194,150,151
1,3035,0.29678893,0.30797974,0.30238433,1,1,228,194,150,151
1,3036,0.30865062,0.30685366,0.30775214,1,1,228,194,150,151
1,3037,0.33805313,0.30797974,0.32301644,1,1,228,194,150,151
1,3038,0.33135674,0.32702210,0.32918942,1,1,228,194,150,151
1,3039,0.29886521,0.29663651,0.29775086,1,1,228,194,150,151
1,3040,0.34912163,0.29562995,0.32237579,1,1,228,194,150,151
1,3041,0.31844003,0.29562995,0.30703499,1,1,228,194,150,151
1,3042,0.31844003,0.29663651,0.30753827,1,1,228,194,150,151
1,3043,0.33570460,0.31497752,0.32534106,1,1,228,194,150,151
1,3044,0.31844003,0.33446830,0.32645417,1,1,228,194,150,151
1,3045,0.30865062,0.29016828,0.29940945,1,1,228,194,150,151
1,3046,0.31844003,0.30797974,0.31320989,1,1,228,194,150,151
1,3047,0.35766623,0.30866135,0.33316379,1,1,228,194,150,151
1,3048,0.33570460,0.33242259,0.33406359,1,1,228,194,150,151
1,3049,0.34129507,0.32715387,0.33422447,1,1,228,194,150,151
1,3050,0.37554749,0.32668153,0.35111451,1,1,228,194,150,151
1,3051,0.33805313,0.31497752,0.32651533,1,1,228,194,150,151
1,3052,0.33805313,0.34513425,0.34159369,1,1,228,194,150,151
1,3053,0.35891905,0.34619622,0.35255764,1,1,228,194,150,151
1,3054,0.35518144,0.30866135,0.33192139,1,1,228,194,150,151
1,3055,0.34201720,0.34619622,0.34410671,1,1,228,178,150,150
1,3056,0.36090817,0.34619622,0.35355220,1,1,228,178,150,150
1,3057,0.33805313,0.33242259,0.33523786,1,1,228,178,150,150
1,3058,0.33805313,0.31510444,0.32657878,1,1,228,178,150,150
1,3059,0.33805313,0.34696241,0.34250777,1,1,228,178,150,150
1,3060,0.34735430,0.31459911,0.33097670,1,1,228,178,150,150
1,3061,0.33805313,0.32668153,0.33236733,1,1,228,178,150,150
1,3062,0.33805313,0.32787791,0.33296552,1,1,228,178,150,150
1,3063,0.33805313,0.30797974,0.32301644,1,1,228,178,150,150
1,3064,0.32535758,0.31459911,0.31997834,1,1,228,178,150,150
1,3065,0.34423411,0.33310494,0.33866952,1,1,228,178,150,150
1,3066,0.32535758,0.31395466,0.31965612,1,1,228,178,150,150
1,3067,0.32326224,0.31510444,0.31918334,1,1,228,178,150,150
1,3068,0.34129507,0.32715387,0.33422447,1,1,228,178,150,150
1,3069,0.33991422,0.33515485,0.33753454,1,1,228,178,150,150
1,3070,0.33805313,0.34802673,0.34303993,1,1,228,178,150,150
1,3071,0.33805313,0.33515485,0.33660399,1,1,228,178,150,150
1,3072,0.32535758,0.31562406,0.32049082,1,1,228,178,150,150
1,3073,0.33805313,0.32894223,0.33349768,1,1,228,178,150,150
1,3074,0.33570460,0.32774585,0.33172523,1,1,228,178,150,150
1,3075,0.33805313,0.32894223,0.33349768,1,1,228,178,150,150
1,3076,0.33805313,0.32894223,0.33349768,1,1,228,178,150,150
1,3077,0.33805313,0.30985773,0.32395543,1,1,228,178,150,150
1,3078,0.31844003,0.30866135,0.31355069,1,1,228,178,150,150
1,3079,0.31844003,0.29724541,0.30784272,1,1,228,178,150,150
1,3080,0.29886521,0.29609328,0.29747924,1,1,228,178,150,150
1,3081,0.29886521,0.27758745,0.28822633,1,1,228,178,150,150
1,3082,0.29886521,0.30866135,0.30376328,1,1,228,178,150,150
1,3083,0.29886521,0.29724541,0.29805531,1,1,228,178,150,150
1,3084,0.31844003,0.27890262,0.29867133,1,1,228,178,150,150
1,3085,0.29886521,0.27758745,0.28822633,1,1,228,178,150,150
1,3086,0.29886521,0.27039753,0.28463137,1,1,228,178,150,150
1,3087,0.30051056,0.27890262,0.28970659,1,1,228,194,150,151
1,3088,0.27929039,0.28897454,0.28413246,1,1,228,194,150,151
1,3089,0.29927427,0.28944479,0.29435953,1,1,228,178,150,150
1,3090,0.27788688,0.28761188,0.28274938,1,1,228,194,150,151
1,3091,0.27788688,0.27816859,0.27802774,1,1,228,194,150,151
1,3092,0.28082797,0.26039679,0.27061238,1,1,228,178,150,150
1,3093,0.27788688,0.27816859,0.27802774,1,1,228,194,150,151
1,3094,0.29061909,0.27833130,0.28447519,1,1,228,194,150,151
1,3095,0.31284300,0.28944479,0.30114390,1,1,228,194,150,151
1,3096,0.31284300,0.30746497,0.31015399,1,1,228,194,150,151
1,3097,0.31098792,0.29609328,0.30354060,1,1,228,194,150,151
1,3098,0.29886521,0.27701882,0.28794202,1,1,228,194,150,151
1,3099,0.29886521,0.27833130,0.28859825,1,1,228,194,150,151
1,3100,0.29886521,0.28897454,0.29391988,1,1,228,194,150,151
1,3101,0.31098792,0.29724541,0.30411666,1,1,228,194,150,151
1,3102,0.29746171,0.27039753,0.28392962,1,1,228,194,150,151
1,3103,0.29746171,0.28961409,0.29353790,1,1,228,194,150,151
1,3104,0.29746171,0.28961409,0.29353790,1,1,228,194,150,151
1,3105,0.29886521,0.24189096,0.27037808,1,1,228,194,150,151
1,3106,0.29886521,0.27039753,0.28463137,1,1,228,194,150,151
1,3107,0.29746171,0.26903185,0.28324678,1,1,228,194,150,151
1,3108,0.29763569,0.27039753,0.28401661,1,1,228,194,150,151
1,3109,0.28082797,0.26039679,0.27061238,1,1,228,194,150,151
1,3110,0.26120266,0.26039679,0.26079973,1,1,228,194,150,151
1,3111,0.28082797,0.24189096,0.26135946,1,1,228,194,150,151
1,3112,0.26120266,0.27890262,0.27005264,1,1,228,194,150,151
1,3113,0.29061909,0.27890262,0.28476085,1,1,228,194,150,151
1,3114,0.29061909,0.26039679,0.27550794,1,1,228,194,150,151
1,3115,0.31098792,0.26039679,0.28569235,1,1,228,194,150,151
1,3116,0.31098792,0.27948107,0.29523449,1,1,228,194,150,151
1,3117,0.29061909,0.26117585,0.27589747,1,1,228,194,150,151
1,3118,0.28915865,0.26039679,0.27477772,1,1,228,194,150,151
1,3119,0.27929039,0.26903185,0.27416112,1,1,228,194,150,151
1,3120,0.27929039,0.27039753,0.27484396,1,1,228,194,150,151
1,3121,0.27929039,0.28897454,0.28413246,1,1,228,194,150,151
1,3122,0.31098792,0.28761188,0.29929990,1,1,228,194,150,151
1,3123,0.28915865,0.28961409,0.28938637,1,1,228,178,150,150
1,3124,0.29746171,0.27039753,0.28392962,1,1,228,178,150,150
1,3125,0.30051056,0.28824841,0.29437948,1,1,228,178,150,150
1,3126,0.28082797,0.26903185,0.27492991,1,1,228,178,150,150
1,3127,0.30051056,0.28944479,0.29497767,1,1,228,178,150,150
1,3128,0.32019315,0.28944479,0.30481897,1,1,228,178,150,150
1,3129,0.27941674,0.28944479,0.28443076,1,1,228,178,150,150
1,3130,0.30051056,0.28824841,0.29437948,1,1,228,178,150,150
1,3131,0.32019315,0.27758745,0.29889030,1,1,228,178,150,150
1,3132,0.30051056,0.26903185,0.28477120,1,1,228,178,150,150
1,3133,0.28082797,0.26903185,0.27492991,1,1,228,178,150,150
1,3134,0.28082797,0.28944479,0.28513638,1,1,228,178,150,150
1,3135,0.29909933,0.28824841,0.29367387,1,1,228,178,150,150
1,3136,0.29235267,0.26980042,0.28107654,1,1,228,194,150,151
1,3137,0.28082797,0.26903185,0.27492991,1,1,228,194,150,151
1,3138,0.28082797,0.27758745,0.27920771,1,1,228,194,150,151
1,3139,0.27941674,0.27039753,0.27490713,1,1,228,178,150,150
1,3140,0.27941674,0.26903185,0.27422429,1,1,228,194,150,151
1,3141,0.31284300,0.26903185,0.29093743,1,1,228,178,150,150
1,3142,0.29061909,0.26903185,0.27982547,1,1,228,194,150,151
1,3143,0.29061909,0.24981529,0.27021719,1,1,228,194,150,151
1,3144,0.29061909,0.24981529,0.27021719,1,1,228,194,150,151
1,3145,0.29088353,0.25979224,0.27533788,1,1,228,194,150,151
1,3146,0.27192198,0.26903185,0.27047691,1,1,228,194,150,151
1,3147,0.27192198,0.26903185,0.27047691,1,1,228,194,150,151
1,3148,0.29235267,0.27039753,0.28137510,1,1,228,194,150,151
1,3149,0.25977253,0.28261670,0.27119462,1,1,228,194,150,151
1,3150,0.29235267,0.27039753,0.28137510,1,1,228,194,150,151
1,3151,0.27045283,0.28261670,0.27653477,1,1,228,194,150,151
1,3152,0.27192198,0.26286639,0.26739419,1,1,228,194,150,151
1,3153,0.27021107,0.26903185,0.26962146,1,1,228,194,150,151
1,3154,0.27192198,0.28261670,0.27726934,1,1,228,194,150,151
1,3155,0.24978038,0.26903185,0.25940611,1,1,228,194,150,151
1,3156,0.27021107,0.26903185,0.26962146,1,1,228,194,150,151
1,3157,0.27045283,0.23076923,0.25061103,1,1,228,194,150,151
1,3158,0.24829924,0.23076923,0.23953423,1,1,228,194,150,151
1,3159,0.27045283,0.26000000,0.26522642,1,1,228,194,150,151
1,3160,0.27192198,0.26903185,0.27047691,1,1,228,194,150,151
1,3161,0.24978038,0.24981529,0.24979783,1,1,228,194,150,151
1,3162,0.27192198,0.26903185,0.27047691,1,1,228,194,150,151
1,3163,0.26224653,0.26144617,0.26184635,1,1,228,194,150,151
1,3164,0.27192198,0.25000000,0.26096099,1,1,228,194,150,151
1,3165,0.27021107,0.24981529,0.26001318,1,1,228,194,150,151
1,3166,0.25955920,0.25118097,0.25537008,1,1,228,194,150,151
1,3167,0.27192198,0.28261670,0.27726934,1,1,228,194,150,151
1,3168,0.29235267,0.26903185,0.28069226,1,1,228,194,150,151
1,3169,0.27021107,0.26286639,0.26653873,1,1,228,194,150,151
1,3170,0.29235267,0.24981529,0.27108398,1,1,228,194,150,151
1,3171,0.29235267,0.27176321,0.28205794,1,1,228,194,150,151
1,3172,0.28082797,0.26903185,0.27492991,1,1,228,194,150,151
1,3173,0.28082797,0.26903185,0.27492991,1,1,228,178,150,150
1,3174,0.28082797,0.28824841,0.28453819,1,1,228,178,150,150
1,3175,0.33333333,0.28824841,0.31079087,1,1,228,178,150,150
1,3176,0.28082797,0.26903185,0.27492991,1,1,228,178,150,150
1,3177,0.28082797,0.28824841,0.28453819,1,1,228,178,150,150
1,3178,0.32019315,0.29976028,0.30997671,1,1,228,178,150,150
1,3179,0.32019315,0.27873958,0.29946636,1,1,228,178,150,150
1,3180,0.31284300,0.28824841,0.30054571,1,1,228,178,150,150
1,3181,0.29088353,0.28944479,0.29016416,1,1,228,178,150,150
1,3182,0.30416342,0.27039753,0.28728047,1,1,228,178,150,150
1,3183,0.32019315,0.30797974,0.31408645,1,1,228,178,150,150
1,3184,0.31137386,0.32098846,0.31618116,1,1,228,178,150,150
1,3185,0.31008684,0.30866135,0.30937409,1,1,228,178,150,150
1,3186,0.32019315,0.29724541,0.30871928,1,1,228,178,150,150
1,3187,0.30051056,0.29724541,0.29887798,1,1,228,178,150,150
1,3188,0.30051056,0.27816859,0.28933958,1,1,228,178,150,150
1,3189,0.32019315,0.29663651,0.30841483,1,1,228,178,150,150
1,3190,0.33991422,0.31497752,0.32744587,1,1,228,178,150,150
1,3191,0.32019315,0.30797974,0.31408645,1,1,228,178,150,150
1,3192,0.32019315,0.27873958,0.29946636,1,1,228,178,150,150
1,3193,0.28082797,0.27873958,0.27978377,1,1,228,178,150,150
1,3194,0.30051056,0.29609328,0.29830192,1,1,228,178,150,150
1,3195,0.28082797,0.28824841,0.28453819,1,1,228,178,150,150
1,3196,0.30051056,0.28824841,0.29437948,1,1,228,178,150,150
1,3197,0.30051056,0.29609328,0.29830192,1,1,228,178,150,150
1,3198,0.32019315,0.30797974,0.31408645,1,1,228,178,150,150
1,3199,0.32019315,0.28824841,0.30422078,1,1,228,178,150,150
1,3200,0.33991422,0.32702210,0.33346816,1,1,228,178,150,150
1,3201,0.35386372,0.30797974,0.33092173,1,1,228,178,150,150
1,3202,0.32019315,0.29724541,0.30871928,1,1,228,178,150,150
1,3203,0.33991422,0.30797974,0.32394698,1,1,228,178,150,150
1,3204,0.35766623,0.32715387,0.34241005,1,1,228,178,150,150
1,3205,0.33991422,0.34619622,0.34305522,1,1,228,178,150,150
1,3206,0.32535758,0.32702210,0.32618984,1,1,228,178,150,150
1,3207,0.32595768,0.32787791,0.32691780,1,1,228,178,150,150
1,3208,0.32701577,0.31562406,0.32131992,1,1,228,178,150,150
1,3209,0.32019315,0.27873958,0.29946636,1,1,228,178,150,150
1,3210,0.32019315,0.29548674,0.30783995,1,1,228,178,150,150
1,3211,0.33991422,0.29663651,0.31827537,1,1,228,178,150,150
1,3212,0.33991422,0.29724541,0.31857981,1,1,228,178,150,150
1,3213,0.28910733,0.27758745,0.28334739,1,1,228,178,150,150
1,3214,0.32019315,0.27758745,0.29889030,1,1,228,178,150,150
1,3215,0.30051056,0.29609328,0.29830192,1,1,228,178,150,150
1,3216,0.30051056,0.28824841,0.29437948,1,1,228,178,150,150
1,3217,0.30051056,0.28824841,0.29437948,1,1,228,178,150,150
1,3218,0.30051056,0.27873958,0.28962507,1,1,228,178,150,150
1,3219,0.27929039,0.24189096,0.26059067,1,1,228,178,150,150
1,3220,0.26120266,0.25855090,0.25987678,1,1,228,178,150,150
1,3221,0.28082797,0.26980042,0.27531419,1,1,228,178,150,150
1,3222,0.28082797,0.27039753,0.27561275,1,1,228,178,150,150
1,3223,0.24835224,0.27039753,0.25937488,1,1,228,178,150,150
1,3224,0.27800550,0.26980042,0.27390296,1,1,228,178,150,150
1,3225,0.28774965,0.25908162,0.27341563,1,1,228,178,150,150
1,3226,0.26745087,0.25908162,0.26326624,1,1,228,178,150,150
1,3227,0.27017162,0.27039753,0.27028457,1,1,228,178,150,150
1,3228,0.26120266,0.25118097,0.25619182,1,1,228,178,150,150
1,3229,0.28082797,0.24189096,0.26135946,1,1,228,178,150,150
1,3230,0.28082797,0.26039679,0.27061238,1,1,228,178,150,150
1,3231,0.26120266,0.27176321,0.26648294,1,1,228,178,150,150
1,3232,0.28082797,0.27116308,0.27599552,1,1,228,178,150,150
1,3233,0.28082797,0.25277138,0.26679968,1,1,228,178,150,150
1,3234,0.28082797,0.26039679,0.27061238,1,1,228,178,150,150
1,3235,0.25955920,0.27039753,0.26497836,1,1,228,178,150,150
1,3236,0.25955920,0.27039753,0.26497836,1,1,228,178,150,150
1,3237,0.28052511,0.25140570,0.26596541,1,1,228,178,150,150
1,3238,0.28194194,0.27039753,0.27616973,1,1,228,178,150,150
1,3239,0.28052511,0.28824841,0.28438676,1,1,228,178,150,150
1,3240,0.27910828,0.26903185,0.27407007,1,1,228,178,150,150
1,3241,0.25979143,0.24981529,0.25480336,1,1,228,178,150,150
1,3242,0.28194194,0.26903185,0.27548689,1,1,228,178,150,150
1,3243,0.29235267,0.27039753,0.28137510,1,1,228,178,150,150
1,3244,0.26058880,0.24981529,0.25520205,1,1,228,178,150,150
1,3245,0.25917198,0.26903185,0.26410191,1,1,228,178,150,150
1,3246,0.24835224,0.25118097,0.24976660,1,1,228,178,150,150
1,3247,0.28194194,0.25221319,0.26707757,1,1,228,178,150,150
1,3248,0.28194194,0.25277138,0.26735666,1,1,228,178,150,150
1,3249,0.28082797,0.25118097,0.26600447,1,1,228,178,150,150
1,3250,0.25085471,0.23326331,0.24205901,1,1,228,178,150,150
1,3251,0.24157736,0.25140570,0.24649153,1,1,228,178,150,150
1,3252,0.24253564,0.25140570,0.24697067,1,1,228,178,150,150
1,3253,0.26120266,0.25140570,0.25630418,1,1,228,178,150,150
1,3254,0.28052511,0.26903185,0.27477848,1,1,228,178,150,150
1,3255,0.28194194,0.25000000,0.26597097,1,1,228,178,150,150
1,3256,0.26223879,0.24981529,0.25602704,1,1,228,178,150,150
1,3257,0.26120266,0.23377956,0.24749111,1,1,228,178,150,150
1,3258,0.28194194,0.27977626,0.28085910,1,1,228,178,150,150
1,3259,0.29213465,0.25221319,0.27217392,1,1,228,178,150,150
1,3260,0.25085471,0.23076923,0.24081197,1,1,228,178,150,150
1,3261,0.25979143,0.25277138,0.25628141,1,1,228,178,150,150
1,3262,0.24088565,0.25221319,0.24654942,1,1,228,178,150,150
1,3263,0.24088565,0.23377956,0.23733261,1,1,228,178,150,150
1,3264,0.26223879,0.24981529,0.25602704,1,1,228,178,150,150
1,3265,0.27910828,0.25085053,0.26497941,1,1,228,178,150,150
1,3266,0.25979143,0.25000000,0.25489572,1,1,228,178,150,150
1,3267,0.25814797,0.25159159,0.25486978,1,1,228,178,150,150
1,3268,0.27910828,0.25136669,0.26523748,1,1,228,178,150,150
1,3269,0.27941674,0.28961409,0.28451541,1,1,228,178,150,150
1,3270,0.28052511,0.27039753,0.27546132,1,1,228,178,150,150
1,3271,0.28052511,0.27039753,0.27546132,1,1,228,178,150,150
1,3272,0.28082797,0.24981529,0.26532163,1,1,228,178,150,150
1,3273,0.30051056,0.26903185,0.28477120,1,1,228,178,150,150
1,3274,0.26881394,0.28824841,0.27853117,1,1,228,178,150,150
1,3275,0.28910733,0.29663651,0.29287192,1,1,228,178,150,150
1,3276,0.30051056,0.28761188,0.29406122,1,1,228,178,150,150
1,3277,0.27800550,0.27977626,0.27889088,1,1,228,178,150,150
1,3278,0.30051056,0.28824841,0.29437948,1,1,228,178,150,150
1,3279,0.30804304,0.28824841,0.29814572,1,1,228,178,150,150
1,3280,0.28082797,0.27039753,0.27561275,1,1,228,178,150,150
1,3281,0.28082797,0.24981529,0.26532163,1,1,228,178,150,150
1,3282,0.26980042,0.24981529,0.25980785,1,1,228,178,150,150
1,3283,0.29904459,0.26903185,0.28403822,1,1,228,178,150,150
1,3284,0.29904459,0.27977626,0.28941042,1,1,228,178,150,150
1,3285,0.27941674,0.29976028,0.28958851,1,1,228,178,150,150
1,3286,0.30051056,0.25908162,0.27979609,1,1,228,178,150,150
1,3287,0.29235267,0.27977626,0.28606447,1,1,228,178,150,150
1,3288,0.29886521,0.27039753,0.28463137,1,1,228,178,150,150
1,3289,0.30051056,0.29976028,0.30013542,1,1,228,178,150,150
1,3290,0.30170261,0.28119648,0.29144954,1,1,228,178,150,150
1,3291,0.30170261,0.26903185,0.28536723,1,1,228,178,150,150
1,3292,0.32019315,0.29976028,0.30997671,1,1,228,178,150,150
1,3293,0.30051056,0.28824841,0.29437948,1,1,228,178,150,150
1,3294,0.30170261,0.27039753,0.28605007,1,1,228,178,150,150
1,3295,0.28082797,0.26923077,0.27502937,1,1,228,178,150,150
1,3296,0.28082797,0.27039753,0.27561275,1,1,228,178,150,150
1,3297,0.29088353,0.24981529,0.27034941,1,1,228,178,150,150
1,3298,0.30170261,0.27039753,0.28605007,1,1,228,178,150,150
1,3299,0.27941674,0.24981529,0.26461601,1,1,228,178,150,150
1,3300,0.29088353,0.26903185,0.27995769,1,1,228,178,150,150
1,3301,0.30051056,0.26843775,0.28447416,1,1,228,178,150,150
1,3302,0.27021107,0.27977626,0.27499366,1,1,228,178,150,150
1,3303,0.28910733,0.26903185,0.27906959,1,1,228,178,150,150
1,3304,0.30051056,0.29976028,0.30013542,1,1,228,178,150,150
1,3305,0.29088353,0.28000000,0.28544176,1,1,228,178,150,150
1,3306,0.29088353,0.27977626,0.28532989,1,1,228,178,150,150
1,3307,0.26120266,0.28000000,0.27060133,1,1,228,178,150,150
1,3308,0.30051056,0.26903185,0.28477120,1,1,228,178,150,150
1,3309,0.28194194,0.24981529,0.26587861,1,1,228,178,150,150
1,3310,0.27929039,0.26903185,0.27416112,1,1,228,178,150,150
1,3311,0.28194194,0.26903185,0.27548689,1,1,228,178,150,150
1,3312,0.28082797,0.25908162,0.26995479,1,1,228,178,150,150
1,3313,0.28194194,0.26903185,0.27548689,1,1,228,178,150,150
1,3314,0.29886521,0.26903185,0.28394853,1,1,228,178,150,150
1,3315,0.27800550,0.26903185,0.27351868,1,1,228,178,150,150
1,3316,0.27941674,0.27039753,0.27490713,1,1,228,178,150,150
1,3317,0.27941674,0.25118097,0.26529885,1,1,228,178,150,150
1,3318,0.27941674,0.24981529,0.26461601,1,1,228,178,150,150
1,3319,0.29361011,0.24981529,0.27171270,1,1,228,178,150,150
1,3320,0.28082797,0.24981529,0.26532163,1,1,228,178,150,150
1,3321,0.27192198,0.25000000,0.26096099,1,1,228,178,150,150
1,3322,0.29361011,0.25979224,0.27670118,1,1,228,178,150,150
1,3323,0.29361011,0.26903185,0.28132098,1,1,228,178,150,150
1,3324,0.28194194,0.24981529,0.26587861,1,1,228,178,150,150
1,3325,0.25814797,0.26903185,0.26358991,1,1,228,178,150,150
1,3326,0.28082797,0.27039753,0.27561275,1,1,228,178,150,150
1,3327,0.27941674,0.28961409,0.28451541,1,1,228,178,150,150
1,3328,0.28052511,0.25908162,0.26980336,1,1,228,178,150,150
1,3329,0.28082797,0.26923077,0.27502937,1,1,228,178,150,150
1,3330,0.30051056,0.28944479,0.29497767,1,1,228,178,150,150
1,3331,0.28082797,0.26923077,0.27502937,1,1,228,178,150,150
1,3332,0.28082797,0.26903185,0.27492991,1,1,228,178,150,150
1,3333,0.30051056,0.25908162,0.27979609,1,1,228,178,150,150
1,3334,0.31284300,0.28944479,0.30114390,1,1,228,178,150,150
1,3335,0.28082797,0.27039753,0.27561275,1,1,228,178,150,150
1,3336,0.28082797,0.26903185,0.27492991,1,1,228,178,150,150
1,3337,0.31284300,0.26903185,0.29093743,1,1,228,178,150,150
1,3338,0.27941674,0.30100444,0.29021059,1,1,228,178,150,150
1,3339,0.25979143,0.28944479,0.27461811,1,1,228,178,150,150
1,3340,0.27800550,0.30797974,0.29299262,1,1,228,178,150,150
1,3341,0.29786304,0.30746497,0.30266401,1,1,228,178,150,150
1,3342,0.30051056,0.28761188,0.29406122,1,1,228,178,150,150
1,3343,0.29235267,0.28897454,0.29066361,1,1,228,178,150,150
1,3344,0.30051056,0.28761188,0.29406122,1,1,228,178,150,150
1,3345,0.26120266,0.26980042,0.26550154,1,1,228,178,150,150
1,3346,0.31284300,0.30797974,0.31041137,1,1,228,178,150,150
1,3347,0.29886521,0.30917348,0.30401935,1,1,228,178,150,150
1,3348,0.28082797,0.28897454,0.28490125,1,1,228,178,150,150
1,3349,0.27648338,0.30797974,0.29223156,1,1,228,178,150,150
1,3350,0.29623219,0.30797974,0.30210597,1,1,228,178,150,150
1,3351,0.31721052,0.30797974,0.31259513,1,1,228,178,150,150
1,3352,0.31721052,0.30797974,0.31259513,1,1,228,178,150,150
1,3353,0.30051056,0.27833130,0.28942093,1,1,228,178,150,150
1,3354,0.29927427,0.30678600,0.30303014,1,1,228,178,150,150
1,3355,0.29909933,0.30797974,0.30353953,1,1,228,178,150,150
1,3356,0.29909933,0.30797974,0.30353953,1,1,228,178,150,150
1,3357,0.29786304,0.28961409,0.29373856,1,1,228,178,150,150
1,3358,0.25955920,0.28961409,0.27458664,1,1,228,178,150,150
1,3359,0.25814797,0.26903185,0.26358991,1,1,228,178,150,150
1,3360,0.25955920,0.26903185,0.26429552,1,1,228,178,150,150
1,3361,0.27941674,0.25140570,0.26541122,1,1,228,178,150,150
1,3362,0.27941674,0.24981529,0.26461601,1,1,228,178,150,150
1,3363,0.23829043,0.24981529,0.24405286,1,1,228,178,150,150
1,3364,0.27800550,0.27039753,0.27420152,1,1,228,178,150,150
1,3365,0.25814797,0.27039753,0.26427275,1,1,228,178,150,150
1,3366,0.30051056,0.26903185,0.28477120,1,1,228,178,150,150
1,3367,0.29927427,0.24981529,0.27454478,1,1,228,178,150,150
1,3368,0.26120266,0.25277138,0.25698702,1,1,228,178,150,150
1,3369,0.26120266,0.26980042,0.26550154,1,1,228,178,150,150
1,3370,0.27941674,0.26117585,0.27029629,1,1,228,178,150,150
1,3371,0.25814797,0.25062629,0.25438713,1,1,228,178,150,150
1,3372,0.26120266,0.25986337,0.26053302,1,1,228,178,150,150
1,3373,0.26120266,0.27910828,0.27015547,1,1,228,178,150,150
1,3374,0.29061909,0.26843775,0.27952842,1,1,228,178,150,150
1,3375,0.29886521,0.30797974,0.30342248,1,1,228,178,150,150
1,3376,0.31844003,0.29548674,0.30696339,1,1,228,178,150,150
1,3377,0.29886521,0.30678600,0.30282561,1,1,228,178,150,150
1,3378,0.32207289,0.30678600,0.31442945,1,1,228,178,150,150
1,3379,0.31844003,0.30797974,0.31320989,1,1,228,178,150,150
1,3380,0.33805313,0.30797974,0.32301644,1,1,228,178,150,150
1,3381,0.29886521,0.30797974,0.30342248,1,1,228,178,150,150
1,3382,0.29763569,0.30797974,0.30280772,1,1,228,178,150,150
1,3383,0.32019315,0.28897454,0.30458385,1,1,228,178,150,150
1,3384,0.31844003,0.30797974,0.31320989,1,1,228,178,150,150
1,3385,0.31844003,0.29548674,0.30696339,1,1,228,178,150,150
1,3386,0.30051056,0.27039753,0.28545404,1,1,228,178,150,150
1,3387,0.30051056,0.30797974,0.30424515,1,1,228,178,150,150
1,3388,0.30051056,0.29663651,0.29857354,1,1,228,178,150,150
1,3389,0.29886521,0.30678600,0.30282561,1,1,228,178,150,150
1,3390,0.30648105,0.29663651,0.30155878,1,1,228,178,150,150
1,3391,0.29909933,0.26039679,0.27974806,1,1,228,178,150,150
1,3392,0.31284300,0.29663651,0.30473976,1,1,228,178,150,150
1,3393,0.31284300,0.29778629,0.30531464,1,1,228,178,150,150
1,3394,0.30051056,0.29663651,0.29857354,1,1,228,178,150,150
1,3395,0.30299354,0.28961409,0.29630382,1,1,228,178,150,150
1,3396,0.31098792,0.29724541,0.30411666,1,1,228,178,150,150
1,3397,0.31284300,0.29778629,0.30531464,1,1,231,189,125,126
1,3398,0.30952748,0.29724541,0.30338645,1,1,231,189,125,126
1,3399,0.29061909,0.29778629,0.29420269,1,1,231,189,125,126
1,3400,0.29061909,0.27890262,0.28476085,1,1,231,189,125,126
1,3401,0.29061909,0.28005475,0.28533692,1,1,211,178,150,150
1,3402,0.30289126,0.28024677,0.29156901,1,1,211,178,150,150
1,3403,0.32622201,0.28880562,0.30751381,1,1,211,178,150,150
1,3404,0.31284300,0.29016828,0.30150564,1,1,211,178,150,150
1,3405,0.32412021,0.28824841,0.30618431,1,1,211,178,150,150
1,3406,0.34758863,0.29016828,0.31887845,1,1,211,178,150,150
1,3407,0.32487995,0.28005475,0.30246735,1,1,211,178,150,150
1,3408,0.32622201,0.28824841,0.30723521,1,1,211,178,150,150
1,3409,0.31137386,0.28961409,0.30049397,1,1,211,178,150,150
1,3410,0.34758863,0.27833130,0.31295996,1,1,211,178,150,150
1,3411,0.33204631,0.28961409,0.31083020,1,1,211,178,150,150
1,3412,0.31137386,0.28824841,0.29981113,1,1,211,178,150,150
1,3413,0.29088353,0.28897454,0.28992903,1,1,211,178,150,150
1,3414,0.29088353,0.27890262,0.28489307,1,1,211,178,150,150
1,3415,0.31155598,0.28005475,0.29580537,1,1,211,178,150,150
1,3416,0.34758863,0.27890262,0.31324562,1,1,211,178,150,150
1,3417,0.31284300,0.29724541,0.30504421,1,1,211,178,150,150
1,3418,0.32487995,0.25140570,0.28814283,1,1,211,178,150,150
1,3419,0.32469003,0.29724541,0.31096772,1,1,211,178,150,150
1,3420,0.27192198,0.29081047,0.28136622,1,1,211,178,150,150
1,3421,0.31284300,0.28944479,0.30114390,1,1,211,178,150,150
1,3422,0.36661963,0.30866135,0.33764049,1,1,211,178,150,150
1,3423,0.41184316,0.34619622,0.37901969,1,1,211,178,150,150
1,3424,0.43048934,0.34725819,0.38887377,1,1,211,178,150,150
1,3425,0.39495266,0.35089051,0.37292158,1,1,211,178,150,150
1,3426,0.43350441,0.37120061,0.40235251,1,1,211,178,150,150
1,3427,0.39261068,0.33412989,0.36337029,1,1,211,178,150,150
1,3428,0.39261068,0.33446830,0.36353949,1,1,211,178,150,150
1,3429,0.39261068,0.33446830,0.36353949,1,1,211,178,150,150
1,3430,0.39495266,0.38539513,0.39017390,1,1,211,178,150,150
1,3431,0.41202239,0.35191336,0.38196787,1,1,211,178,150,150
1,3432,0.37217404,0.33242259,0.35229831,1,1,211,178,150,150
1,3433,0.39261068,0.33344544,0.36302806,1,1,211,178,150,150
1,3434,0.39261068,0.33515485,0.36388277,1,1,211,178,150,150
1,3435,0.39694621,0.36632666,0.38163643,1,1,211,178,150,150
1,3436,0.37217404,0.34725819,0.35971612,1,1,231,189,125,126
1,3437,0.39261068,0.34619622,0.36940345,1,1,211,178,150,150
1,3438,0.39147251,0.36632666,0.37889959,1,1,211,178,150,150
1,3439,0.39261068,0.33310494,0.36285781,1,1,231,189,125,126
1,3440,0.39261068,0.33344544,0.36302806,1,1,231,189,125,126
1,3441,0.39261068,0.35283446,0.37272257,1,1,231,189,125,126
1,3442,0.39261068,0.34802673,0.37031871,1,1,211,178,150,150
1,3443,0.41304732,0.33242259,0.37273495,1,1,231,189,125,126
1,3444,0.41304732,0.33446830,0.37375781,1,1,231,189,125,126
1,3445,0.37938341,0.33344544,0.35641442,1,1,231,189,125,126
1,3446,0.37730622,0.35283446,0.36507034,1,1,231,189,125,126
1,3447,0.35766623,0.34619622,0.35193122,1,1,231,189,125,126
1,3448,0.37730622,0.33446830,0.35588726,1,1,228,178,150,150
1,3449,0.39495266,0.33310494,0.36402880,1,1,228,178,150,150
1,3450,0.39495266,0.34802673,0.37148970,1,1,228,178,150,150
1,3451,0.39261068,0.33242259,0.36251663,1,1,228,178,150,150
1,3452,0.37730622,0.33310494,0.35520558,1,1,228,178,150,150
1,3453,0.35386372,0.33310494,0.34348433,1,1,228,178,150,150
1,3454,0.33991422,0.33310494,0.33650958,1,1,228,178,150,150
1,3455,0.36289508,0.31562406,0.33925957,1,1,228,178,150,150
1,3456,0.33991422,0.34589809,0.34290616,1,1,228,178,150,150
1,3457,0.33991422,0.33310494,0.33650958,1,1,228,178,150,150
1,3458,0.36289508,0.33310494,0.34800001,1,1,228,178,150,150
1,3459,0.35963529,0.31575124,0.33769327,1,1,228,178,150,150
1,3460,0.33991422,0.32668153,0.33329788,1,1,228,178,150,150
1,3461,0.32019315,0.30746497,0.31382906,1,1,228,178,150,150
1,3462,0.32019315,0.29609328,0.30814321,1,1,228,178,150,150
1,3463,0.34317401,0.31497752,0.32907577,1,1,228,178,150,150
1,3464,0.31895686,0.31562406,0.31729046,1,1,228,178,150,150
1,3465,0.30804304,0.30866135,0.30835219,1,1,228,178,150,150
1,3466,0.32019315,0.30746497,0.31382906,1,1,228,178,150,150
1,3467,0.33991422,0.30746497,0.32368960,1,1,228,178,150,150
1,3468,0.32019315,0.30769231,0.31394273,1,1,228,178,150,150
1,3469,0.31772058,0.29629630,0.30700844,1,1,228,178,150,150
1,3470,0.29786304,0.29629630,0.29707967,1,1,228,178,150,150
1,3471,0.30051056,0.29629630,0.29840343,1,1,228,178,150,150
1,3472,0.30051056,0.27777778,0.28914417,1,1,228,178,150,150
1,3473,0.27941674,0.28965880,0.28453777,1,1,228,178,150,150
1,3474,0.28082797,0.28846154,0.28464475,1,1,228,178,150,150
1,3475,0.33333333,0.26923077,0.30128205,1,1,228,178,150,150
1,3476,0.32019315,0.28846154,0.30432734,1,1,228,178,150,150
1,3477,0.31284300,0.25908162,0.28596231,1,1,228,178,150,150
1,3478,0.28052511,0.25000000,0.26526256,1,1,228,178,150,150
1,3479,0.20181899,0.19421191,0.19801545,1,1,228,178,150,150
1,3480,0.16652218,0.14559123,0.15605671,1,1,228,178,150,150
1,3481,0.16233229,0.13773611,0.15003420,1,1,228,178,150,150
1,3482,0.23009334,0.21153846,0.22081590,1,1,228,178,150,150
1,3483,0.31284300,0.27977626,0.29630963,1,1,228,178,150,150
1,3484,0.31137386,0.28824841,0.29981113,1,1,228,178,150,150
1,3485,0.37324916,0.34696241,0.36010579,1,1,228,178,150,150
1,3486,0.37217404,0.36081916,0.36649660,1,1,228,178,150,150
1,3487,0.35176539,0.32787791,0.33982165,1,1,228,178,150,150
1,3488,0.33805313,0.32894223,0.33349768,1,1,228,178,150,150
1,3489,0.35766623,0.36632666,0.36199644,1,1,228,178,150,150
1,3490,0.35766623,0.34696241,0.35231432,1,1,228,178,150,150
1,3491,0.33805313,0.34619622,0.34212468,1,1,228,178,150,150
1,3492,0.35176539,0.34513425,0.34844982,1,1,228,178,150,150
1,3493,0.35766623,0.34696241,0.35231432,1,1,228,178,150,150
1,3494,0.37938341,0.34619622,0.36278982,1,1,228,178,150,150
1,3495,0.37938341,0.32702210,0.35320275,1,1,228,178,150,150
1,3496,0.38232557,0.34589809,0.36411183,1,1,228,178,150,150
1,3497,0.35766623,0.33412989,0.34589806,1,1,228,178,150,150
1,3498,0.35766623,0.33310494,0.34538558,1,1,228,178,150,150
1,3499,0.37217404,0.34589809,0.35903607,1,1,228,178,150,150
1,3500,0.39261068,0.34589809,0.36925439,1,1,228,178,150,150
1,3501,0.35176539,0.32774585,0.33975562,1,1,228,178,150,150
1,3502,0.37730622,0.34802673,0.36266647,1,1,228,178,150,150
1,3503,0.39495266,0.34696241,0.37095754,1,1,228,178,150,150
1,3504,0.35891905,0.36081916,0.35986911,1,1,228,178,150,150
1,3505,0.35963529,0.34696241,0.35329885,1,1,228,178,150,150
1,3506,0.37439412,0.32787791,0.35113601,1,1,228,178,150,150
1,3507,0.37217404,0.34589809,0.35903607,1,1,228,178,150,150
1,3508,0.35176539,0.32668153,0.33922346,1,1,228,178,150,150
1,3509,0.35766623,0.32787791,0.34277207,1,1,228,178,150,150
1,3510,0.35176539,0.32787791,0.33982165,1,1,228,178,150,150
1,3511,0.33805313,0.34696241,0.34250777,1,1,228,178,150,150
1,3512,0.35176539,0.34589809,0.34883174,1,1,228,178,150,150
1,3513,0.33805313,0.32702210,0.33253761,1,1,228,178,150,150
1,3514,0.35176539,0.33891720,0.34534130,1,1,228,178,150,150
1,3515,0.33204631,0.28824841,0.31014736,1,1,228,178,150,150
1,3516,0.28487783,0.25000000,0.26743892,1,1,228,178,150,150
1,3517,0.24913644,0.23076923,0.23995284,1,1,228,178,150,150
1,3518,0.24913644,0.23236082,0.24074863,1,1,228,178,150,150
1,3519,0.24913644,0.21153846,0.23033745,1,1,228,178,150,150
1,3520,0.26347371,0.22000000,0.24173685,1,1,228,178,150,150
1,3521,0.24913644,0.23059873,0.23986758,1,1,228,178,150,150
1,3522,0.24088565,0.26923077,0.25505821,1,1,228,178,150,150
1,3523,0.24913644,0.23076923,0.23995284,1,1,228,178,150,150
1,3524,0.26989781,0.23059873,0.25024827,1,1,228,178,150,150
1,3525,0.27161608,0.23980822,0.25571215,1,1,228,178,150,150
1,3526,0.23993390,0.24000000,0.23996695,1,1,228,178,150,150
1,3527,0.27910828,0.27977626,0.27944227,1,1,228,178,150,150
1,3528,0.25085471,0.25000000,0.25042735,1,1,228,178,150,150
1,3529,0.26058880,0.26903185,0.26481033,1,1,228,178,150,150
1,3530,0.29213465,0.27977626,0.28595545,1,1,228,178,150,150
1,3531,0.25085471,0.24000000,0.24542735,1,1,228,178,150,150
1,3532,0.25149129,0.23076923,0.24113026,1,1,228,178,150,150
1,3533,0.29361011,0.25979224,0.27670118,1,1,228,178,150,150
1,3534,0.26082196,0.27059746,0.26570971,1,1,228,178,150,150
1,3535,0.27021107,0.27039753,0.27030430,1,1,228,178,150,150
1,3536,0.27309154,0.24000000,0.25654577,1,1,228,178,150,150
1,3537,0.24806947,0.23076923,0.23941935,1,1,228,178,150,150
1,3538,0.26989781,0.23076923,0.25033352,1,1,228,178,150,150
1,3539,0.26989781,0.23076923,0.25033352,1,1,228,178,150,150
1,3540,0.25085471,0.23076923,0.24081197,1,1,228,178,150,150
1,3541,0.25085471,0.23980822,0.24533147,1,1,228,178,150,150
1,3542,0.25257298,0.24000000,0.24628649,1,1,228,178,150,150
1,3543,0.25150600,0.23076923,0.24113761,1,1,228,178,150,150
1,3544,0.24146215,0.22000000,0.23073108,1,1,228,178,150,150
1,3545,0.29361011,0.23076923,0.26218967,1,1,228,178,150,150
1,3546,0.25150600,0.23059873,0.24105236,1,1,228,178,150,150
1,3547,0.27137328,0.25979224,0.26558276,1,1,228,178,150,150
1,3548,0.29213465,0.25000000,0.27106732,1,1,228,178,150,150
1,3549,0.28261670,0.25000000,0.26630835,1,1,228,178,150,150
1,3550,0.26989781,0.23059873,0.25024827,1,1,228,178,150,150
1,3551,0.24806947,0.25979224,0.25393085,1,1,228,178,150,150
1,3552,0.24088565,0.24981529,0.24535047,1,1,228,178,150,150
1,3553,0.26058880,0.24981529,0.25520205,1,1,228,178,150,150
1,3554,0.24253564,0.25979224,0.25116394,1,1,228,178,150,150
1,3555,0.28052511,0.27977626,0.28015068,1,1,228,178,150,150
1,3556,0.29927427,0.28824841,0.29376134,1,1,228,178,150,150
1,3557,0.28052511,0.28961409,0.28506960,1,1,228,178,150,150
1,3558,0.31895686,0.28824841,0.30360264,1,1,228,178,150,150
1,3559,0.31271311,0.27977626,0.29624468,1,1,228,178,150,150
1,3560,0.30170261,0.29976028,0.30073144,1,1,228,178,150,150
1,3561,0.30028578,0.29976028,0.30002303,1,1,228,178,150,150
1,3562,0.27910828,0.28824841,0.28367835,1,1,228,178,150,150
1,3563,0.31898089,0.25855090,0.28876590,1,1,228,178,150,150
1,3564,0.27941674,0.26903185,0.27422429,1,1,228,178,150,150
1,3565,0.33347448,0.29976028,0.31661738,1,1,228,178,150,150
1,3566,0.33347448,0.30118050,0.31732749,1,1,228,178,150,150
1,3567,0.33218192,0.28824841,0.31021517,1,1,228,178,150,150
1,3568,0.29235267,0.26903185,0.28069226,1,1,228,178,150,150
1,3569,0.29235267,0.27039753,0.28137510,1,1,228,178,150,150
1,3570,0.28082797,0.26903185,0.27492991,1,1,228,178,150,150
1,3571,0.29786304,0.28761188,0.29273746,1,1,228,178,150,150
1,3572,0.33333333,0.28880562,0.31106947,1,1,228,178,150,150
1,3573,0.33333333,0.30797974,0.32065654,1,1,228,178,150,150
1,3574,0.29361011,0.27176321,0.28268666,1,1,228,178,150,150
1,3575,0.31284300,0.29663651,0.30473976,1,1,228,178,150,150
1,3576,0.31284300,0.30046142,0.30665221,1,1,228,178,150,150
1,3577,0.30051056,0.27833130,0.28942093,1,1,228,178,150,150
1,3578,0.33476703,0.30797974,0.32137339,1,1,228,178,150,150
1,3579,0.29213465,0.27039753,0.28126609,1,1,228,178,150,150
1,3580,0.33476703,0.28897454,0.31187079,1,1,228,178,150,150
1,3581,0.30051056,0.29663651,0.29857354,1,1,228,178,150,150
1,3582,0.29786304,0.30797974,0.30292139,1,1,228,178,150,150
1,3583,0.30051056,0.30797974,0.30424515,1,1,228,178,150,150
1,3584,0.31137386,0.28880562,0.30008974,1,1,228,178,150,150
1,3585,0.30051056,0.30797974,0.30424515,1,1,228,178,150,150
1,3586,0.33333333,0.29081047,0.31207190,1,1,228,178,150,150
1,3587,0.31284300,0.28944479,0.30114390,1,1,228,178,150,150
1,3588,0.29213465,0.29016828,0.29115146,1,1,228,178,150,150
1,3589,0.29088353,0.30170261,0.29629307,1,1,228,178,150,150
1,3590,0.28194194,0.29016828,0.28605511,1,1,228,178,150,150
1,3591,0.31418857,0.30170261,0.30794559,1,1,228,178,150,150
1,3592,0.29361011,0.28880562,0.29120786,1,1,228,178,150,150
1,3593,0.29927427,0.28944479,0.29435953,1,1,228,178,150,150
1,3594,0.30051056,0.28944479,0.29497767,1,1,228,178,150,150
1,3595,0.29927427,0.28944479,0.29435953,1,1,228,178,150,150
1,3596,0.30046142,0.28944479,0.29495310,1,1,228,178,150,150
1,3597,0.29927427,0.28944479,0.29435953,1,1,228,178,150,150
1,3598,0.32019315,0.30917348,0.31468331,1,1,228,178,150,150
1,3599,0.30028578,0.28944479,0.29486528,1,1,228,178,150,150
1,3600,0.33204631,0.30866135,0.32035383,1,1,228,178,150,150
1,3601,0.31137386,0.28961409,0.30049397,1,1,228,178,150,150
1,3602,0.31284300,0.28944479,0.30114390,1,1,228,178,150,150
1,3603,0.31284300,0.30866135,0.31075218,1,1,228,178,150,150
1,3604,0.29786304,0.28961409,0.29373856,1,1,228,178,150,150
1,3605,0.29786304,0.28944479,0.29365392,1,1,228,178,150,150
1,3606,0.29786304,0.28944479,0.29365392,1,1,228,178,150,150
1,3607,0.31137386,0.26903185,0.29020285,1,1,228,178,150,150
1,3608,0.29786304,0.30797974,0.30292139,1,1,228,178,150,150
1,3609,0.31008684,0.28961409,0.29985046,1,1,228,178,150,150
1,3610,0.31008684,0.28961409,0.29985046,1,1,228,178,150,150
1,3611,0.29927427,0.28824841,0.29376134,1,1,228,178,150,150
1,3612,0.31898089,0.30797974,0.31348032,1,1,228,178,150,150
1,3613,0.32022208,0.30797974,0.31410091,1,1,228,178,150,150
1,3614,0.30046142,0.30797974,0.30422058,1,1,228,178,150,150
1,3615,0.29927427,0.30797974,0.30362701,1,1,228,178,150,150
1,3616,0.30028578,0.30866135,0.30447356,1,1,228,178,150,150
1,3617,0.31772058,0.30797974,0.31285016,1,1,228,178,150,150
1,3618,0.31772058,0.30917348,0.31344703,1,1,228,178,150,150
1,3619,0.31284300,0.30866135,0.31075218,1,1,228,178,150,150
1,3620,0.31895686,0.30866135,0.31380911,1,1,228,178,150,150
1,3621,0.31418857,0.28961409,0.30190133,1,1,228,178,150,150
1,3622,0.31284300,0.28944479,0.30114390,1,1,228,194,150,151
1,3623,0.33333333,0.30866135,0.32099734,1,1,228,178,150,150
1,3624,0.31895686,0.29724541,0.30810114,1,1,228,178,150,150
1,3625,0.33204631,0.31677620,0.32441125,1,1,228,178,150,150
1,3626,0.35386372,0.31575124,0.33480748,1,1,228,178,150,150
1,3627,0.31284300,0.29629630,0.30456965,1,1,228,178,150,150
1,3628,0.31137386,0.29609328,0.30373357,1,1,228,178,150,150
1,3629,0.32622201,0.26923077,0.29772639,1,1,228,178,150,150
1,3630,0.24913644,0.21138217,0.23025930,1,1,228,178,150,150
1,3631,0.33333335,0.26028961,0.29681148,1,1,228,178,150,150
1,3632,,,,0,0,,,,
1,3633,,,,0,0,,,,
1,3634,,,,0,0,,,,
1,3635,,,,0,0,,,,
1,3636,,,,0,0,,,,
1,3637,,,,0,0,,,,
1,3638,,,,0,0,,,,
1,3639,0.21718612,0.18505830,0.20112221,1,1,228,178,150,150
1,3640,0.29141381,0.27083333,0.28112357,1,1,231,189,125,126
1,3641,0.23167641,0.23199495,0.23183568,1,1,228,194,150,151
1,3642,0.31222908,0.26057533,0.28640221,1,1,228,194,150,151
1,3643,0.27083333,0.20956841,0.24020087,1,1,228,178,150,150
1,3644,0.33304436,0.33476703,0.33390570,1,1,231,189,125,126
1,3645,0.23122957,0.26168128,0.24645543,1,1,231,189,125,126
1,3646,0.21718612,0.18385786,0.20052199,1,1,231,189,125,126
1,3647,0.26142136,0.24209960,0.25176048,1,1,228,178,150,150
1,3648,0.29289311,0.28284272,0.28786791,1,1,231,189,125,126
1,3649,0.35385963,0.34305123,0.34845543,1,1,231,189,125,126
1,3650,0.35515554,0.35622152,0.35568853,1,1,231,189,125,126
1,3651,0.40099751,0.38996026,0.39547888,1,1,231,189,125,126
1,3652,0.34002138,0.32701577,0.33351858,1,1,231,203,125,126
1,3653,0.32022208,0.30804304,0.31413256,1,1,231,203,125,126
1,3654,0.22198039,0.22292343,0.22245191,1,1,231,203,125,126
1,3655,0.16233229,0.16609096,0.16421163,1,1,231,203,125,126
1,3656,0.11961783,0.12489163,0.12225473,1,1,231,203,125,126
1,3657,0.14559123,0.11504475,0.13031799,1,1,231,203,125,126
1,3658,0.18198039,0.14774337,0.16486188,1,1,231,203,125,126
1,3659,0.21313005,0.16249859,0.18781432,1,1,231,203,125,126
1,3660,0.19406842,0.14249410,0.16828126,1,1,231,203,125,126
1,3661,0.26144617,0.21668946,0.23906781,1,1,231,203,125,126
1,3662,0.26142136,0.21178878,0.23660507,1,1,211,178,150,150
1,3663,0.23102911,0.15819761,0.19461336,1,1,211,178,150,150
1,3664,0.16908465,0.11026045,0.13967255,1,1,211,178,150,150
1,3665,0.16946007,0.12456362,0.14701184,1,1,211,178,150,150
1,3666,0.17592538,0.14319473,0.15956006,1,1,211,178,150,150
1,3667,0.25150600,0.19466999,0.22308799,1,1,211,178,150,150
1,3668,0.31370838,0.28554940,0.29962889,1,1,211,178,150,150
1,3669,0.31352500,0.27674825,0.29513662,1,1,211,178,150,150
1,3670,0.29011443,0.22964650,0.25988047,1,1,211,178,150,150
1,3671,0.17775971,0.14241071,0.16008521,1,1,211,178,150,150
1,3672,0.18408984,0.16040297,0.17224640,1,1,211,178,150,150
1,3673,0.18408984,0.12608827,0.15508906,1,1,211,178,150,150
1,3674,0.16552964,0.12559009,0.14555986,1,1,211,178,150,150
1,3675,0.20621299,0.15060676,0.17840987,1,1,211,178,150,150
1,3676,0.24104044,0.18312868,0.21208456,1,1,211,178,150,150
1,3677,0.24104044,0.18951350,0.21527697,1,1,194,161,151,151
1,3678,0.25257298,0.23389326,0.24323312,1,1,194,161,151,151
1,3679,0.30628196,0.25496881,0.28062538,1,1,194,161,151,151
1,3680,0.30320367,0.25993762,0.28157064,1,1,194,161,151,151
1,3681,0.32009221,0.25305254,0.28657238,1,1,194,161,151,151
1,3682,0.32774856,0.28341872,0.30558364,1,1,194,161,151,151
1,3683,0.30474281,0.26390087,0.28432184,1,1,194,161,151,151
1,3684,0.34786682,0.26680943,0.30733813,1,1,194,161,151,151
1,3685,0.30474281,0.28754705,0.29614493,1,1,194,161,151,151
1,3686,0.32108066,0.24502980,0.28305523,1,1,194,161,151,151
1,3687,0.30474281,0.25977253,0.28225767,1,1,194,161,151,151
1,3688,0.30560407,0.26454765,0.28507586,1,1,194,161,151,151
1,3689,0.30474281,0.24025468,0.27249875,1,1,194,161,151,151
1,3690,0.30560407,0.26867598,0.28714003,1,1,194,161,151,151
1,3691,0.30560407,0.26120266,0.28340337,1,1,194,178,151,150
1,3692,0.29314725,0.25977253,0.27645989,1,1,194,178,151,150
1,3693,0.34782609,0.29262157,0.32022383,1,1,194,178,151,150
1,3694,0.32608696,0.29661512,0.31135104,1,1,194,161,151,151
1,3695,0.32577919,0.27929039,0.30253479,1,1,194,178,151,150
1,3696,0.32608696,0.26223879,0.29416287,1,1,194,178,151,150
1,3697,0.28260870,0.24088565,0.26174717,1,1,194,178,151,150
1,3698,0.28234196,0.24088565,0.26161381,1,1,211,178,150,150
1,3699,0.28260870,0.22292343,0.25276606,1,1,211,178,150,150
1,3700,0.28234196,0.22094935,0.25164565,1,1,211,178,150,150
1,3701,0.24978327,0.24088565,0.24533446,1,1,211,178,150,150
1,3702,0.26062335,0.22292343,0.24177339,1,1,211,178,150,150
1,3703,0.26062335,0.20133714,0.23098025,1,1,211,178,150,150
1,3704,0.29141381,0.23326331,0.26233856,1,1,211,178,150,150
1,3705,0.30474281,0.24088565,0.27281423,1,1,211,178,150,150
1,3706,0.30320367,0.24146215,0.27233291,1,1,211,178,150,150
1,3707,0.29065918,0.23326331,0.26196124,1,1,211,178,150,150
1,3708,0.29213465,0.25221319,0.27217392,1,1,211,178,150,150
1,3709,0.28333869,0.26286639,0.27310254,1,1,211,178,150,150
1,3710,0.29213465,0.23326331,0.26269898,1,1,211,178,150,150
1,3711,0.29065918,0.23008950,0.26037434,1,1,211,178,150,150
1,3712,0.29213465,0.25118097,0.27165781,1,1,211,178,150,150
1,3713,0.26989781,0.23008950,0.24999366,1,1,211,178,150,150
1,3714,0.25085471,0.23218914,0.24152193,1,1,211,178,150,150
1,3715,0.24978327,0.23218914,0.24098620,1,1,211,178,150,150
1,3716,0.29361011,0.23076923,0.26218967,1,1,211,178,150,150
1,3717,0.21021384,0.17294905,0.19158144,1,1,211,178,150,150
1,3718,0.17164713,0.16000000,0.16582356,1,1,211,178,150,150
1,3719,0.21021384,0.15987215,0.18504299,1,1,211,178,150,150
1,3720,0.28194194,0.22206996,0.25200595,1,1,228,178,150,150
1,3721,0.31418857,0.25140570,0.28279714,1,1,228,178,150,150
1,3722,0.32019315,0.28944479,0.30481897,1,1,228,178,150,150
1,3723,0.30685366,0.31562406,0.31123886,1,1,228,178,150,150
1,3724,0.30529771,0.30797974,0.30663873,1,1,228,178,150,150
1,3725,0.33805313,0.32668153,0.33236733,1,1,228,178,150,150
1,3726,0.33805313,0.30866135,0.32335724,1,1,228,178,150,150
1,3727,0.32019315,0.30797974,0.31408645,1,1,228,178,150,150
1,3728,0.33991422,0.32223262,0.33107342,1,1,228,178,150,150
1,3729,0.33805313,0.30866135,0.32335724,1,1,228,178,150,150
1,3730,0.31155728,0.28824841,0.29990285,1,1,244,178,151,150
1,3731,0.28764136,0.26923077,0.27843606,1,1,244,178,151,150
1,3732,0.27017162,0.27059746,0.27038454,1,1,244,178,151,150
1,3733,0.26880166,0.28944479,0.27912323,1,1,244,178,151,150
1,3734,0.26028961,0.26923077,0.26476019,1,1,244,178,151,150
1,3735,0.27116308,0.24981529,0.26048918,1,1,244,178,151,150
1,3736,0.26980042,0.28880562,0.27930302,1,1,244,178,151,150
1,3737,0.28791795,0.27039753,0.27915774,1,1,244,178,151,150
1,3738,0.26980042,0.28052511,0.27516276,1,1,244,178,151,150
1,3739,0.27833130,0.27039753,0.27436441,1,1,244,178,151,150
1,3740,0.25986337,0.26843775,0.26415056,1,1,244,178,151,150
1,3741,0.29562995,0.26980042,0.28271518,1,1,244,178,151,150
1,3742,0.27948107,0.26881394,0.27414750,1,1,244,178,151,150
1,3743,0.26980042,0.25221319,0.26100681,1,1,244,178,151,150
1,3744,0.27701882,0.26980042,0.27340962,1,1,244,178,151,150
1,3745,0.24189096,0.25062629,0.24625862,1,1,244,178,151,150
1,3746,0.26843775,0.28910733,0.27877254,1,1,244,194,151,151
1,3747,0.23218914,0.26881394,0.25050154,1,1,244,194,151,151
1,3748,0.26903185,0.24970992,0.25937088,1,1,244,194,151,151
1,3749,0.23008950,0.23082932,0.23045941,1,1,244,194,151,151
1,3750,0.26745625,0.23241042,0.24993334,1,1,244,194,151,151
1,3751,0.24088565,0.23923567,0.24006066,1,1,244,194,151,151
1,3752,0.26980042,0.24926363,0.25953202,1,1,244,194,151,151
1,3753,0.22924822,0.21014420,0.21969621,1,1,244,194,151,151
1,3754,0.24088565,0.21361697,0.22725131,1,1,244,194,151,151
1,3755,0.23008950,0.23326331,0.23167641,1,1,244,194,151,151
1,3756,0.23923567,0.23167641,0.23545604,1,1,228,194,150,151
1,3757,0.23241042,0.26120266,0.24680654,1,1,228,194,150,151
1,3758,0.26980042,0.23008950,0.24994496,1,1,228,194,150,151
1,3759,0.27910828,0.23008950,0.25459889,1,1,228,194,150,151
1,3760,0.26980042,0.23326331,0.25153186,1,1,228,194,150,151
1,3761,0.27910828,0.23326331,0.25618579,1,1,228,194,150,151
1,3762,0.27910828,0.23326331,0.25618579,1,1,228,194,150,151
1,3763,0.24157736,0.23326331,0.23742033,1,1,228,194,150,151
1,3764,0.27800550,0.23326331,0.25563441,1,1,228,194,150,151
1,3765,0.23829043,0.26028961,0.24929002,1,1,228,194,150,151
1,3766,0.24835224,0.22390959,0.23613092,1,1,228,194,150,151
1,3767,0.23082932,0.27116308,0.25099620,1,1,228,194,150,151
1,3768,0.28910733,0.27017162,0.27963947,1,1,228,194,150,151
1,3769,0.27116308,0.23241042,0.25178675,1,1,228,194,150,151
1,3770,0.27941674,0.22467197,0.25204435,1,1,228,194,150,151
1,3771,0.28082797,0.23326331,0.25704564,1,1,228,194,150,151
1,3772,0.27941674,0.26980042,0.27460858,1,1,228,194,150,151
1,3773,0.27116308,0.27017162,0.27066735,1,1,228,194,150,151
1,3774,0.24835224,0.24926363,0.24880793,1,1,228,194,150,151
1,3775,0.24835224,0.27116308,0.25975766,1,1,228,194,150,151
1,3776,0.24835224,0.25986337,0.25410781,1,1,228,194,150,151
1,3777,0.28656027,0.28910733,0.28783380,1,1,228,194,150,151
1,3778,0.25814797,0.27833130,0.26823963,1,1,228,194,150,151
1,3779,0.26120266,0.23008950,0.24564608,1,1,228,194,150,151
1,3780,0.28082797,0.26843775,0.27463286,1,1,228,194,150,151
1,3781,0.30051056,0.26843775,0.28447416,1,1,228,194,150,151
1,3782,0.30051056,0.27017162,0.28534109,1,1,228,194,150,151
1,3783,0.28194194,0.23008950,0.25601572,1,1,228,194,150,151
1,3784,0.28082797,0.25085053,0.26583925,1,1,228,194,150,151
1,3785,0.28194194,0.24926363,0.26560278,1,1,228,194,150,151
1,3786,0.28194194,0.23326331,0.25760262,1,1,228,194,150,151
1,3787,0.28082797,0.27116308,0.27599552,1,1,228,194,150,151
1,3788,0.27017162,0.27017162,0.27017162,1,1,228,194,150,151
1,3789,0.27116308,0.25898159,0.26507233,1,1,228,194,150,151
1,3790,0.28082797,0.26843775,0.27463286,1,1,228,194,150,151
1,3791,0.27116308,0.24139545,0.25627927,1,1,228,194,150,151
1,3792,0.26745625,0.22314351,0.24529988,1,1,228,194,150,151
1,3793,0.28052511,0.26843775,0.27448143,1,1,228,194,150,151
1,3794,0.26058880,0.22161506,0.24110193,1,1,228,194,150,151
1,3795,0.27910828,0.24993334,0.26452081,1,1,228,194,150,151
1,3796,0.29213465,0.24292391,0.26752928,1,1,228,194,150,151
1,3797,0.28082797,0.27116308,0.27599552,1,1,228,194,150,151
1,3798,0.27941674,0.27833130,0.27887402,1,1,228,194,150,151
1,3799,0.28774965,0.26117585,0.27446275,1,1,228,194,150,151
1,3800,0.27800550,0.26117585,0.26959068,1,1,228,194,150,151
1,3801,0.25814797,0.26980042,0.26397419,1,1,228,194,150,151
1,3802,0.27941674,0.25085053,0.26513363,1,1,228,194,150,151
1,3803,0.25129102,0.26117585,0.25623343,1,1,228,194,150,151
1,3804,0.25814797,0.26980042,0.26397419,1,1,228,194,150,151
1,3805,0.24970992,0.26117585,0.25544288,1,1,228,194,150,151
1,3806,0.27017162,0.25986337,0.26501750,1,1,228,194,150,151
1,3807,0.26120266,0.29016828,0.27568547,1,1,228,194,150,151
1,3808,0.24835224,0.28897454,0.26866339,1,1,228,194,150,151
1,3809,0.28910733,0.28791795,0.28851264,1,1,228,194,150,151
1,3810,0.25955920,0.25986337,0.25971129,1,1,228,194,150,151
1,3811,0.28082797,0.25898159,0.26990478,1,1,228,194,150,151
1,3812,0.29786304,0.26117585,0.27951944,1,1,228,194,150,151
1,3813,0.29909933,0.25986337,0.27948135,1,1,228,194,150,151
1,3814,0.27941674,0.26117585,0.27029629,1,1,228,194,150,151
1,3815,0.28656027,0.27116308,0.27886168,1,1,228,194,150,151
1,3816,0.30170261,0.26117585,0.28143923,1,1,228,194,150,151
1,3817,0.29786304,0.30804304,0.30295304,1,1,228,194,150,151
1,3818,0.32019315,0.29677582,0.30848448,1,1,228,194,150,151
1,3819,0.30051056,0.29677582,0.29864319,1,1,228,194,150,151
1,3820,0.32019315,0.29677582,0.30848448,1,1,228,194,150,151
1,3821,0.31895686,0.29677582,0.30786634,1,1,228,194,150,151
1,3822,0.30804304,0.29677582,0.30240943,1,1,228,194,150,151
1,3823,0.32019315,0.29778629,0.30898972,1,1,228,194,150,151
1,3824,0.32019315,0.29778629,0.30898972,1,1,228,194,150,151
1,3825,0.32019315,0.29778629,0.30898972,1,1,228,194,150,151
1,3826,0.32019315,0.29663651,0.30841483,1,1,228,194,150,151
1,3827,0.32019315,0.29778629,0.30898972,1,1,228,194,150,151
1,3828,0.32019315,0.26028961,0.29024138,1,1,228,194,150,151
1,3829,0.31772058,0.25898159,0.28835108,1,1,228,194,150,151
1,3830,0.30051056,0.25898159,0.27974607,1,1,228,194,150,151
1,3831,0.33881440,0.29677582,0.31779511,1,1,228,194,150,151
1,3832,0.29909933,0.25898159,0.27904046,1,1,228,194,150,151
1,3833,0.29088353,0.27116308,0.28102330,1,1,228,194,150,151
1,3834,0.35257670,0.30804304,0.33030987,1,1,228,194,150,151
1,3835,0.30685366,0.29778629,0.30231997,1,1,228,194,150,151
1,3836,0.32019315,0.29562995,0.30791155,1,1,228,194,150,151
1,3837,0.32019315,0.29562995,0.30791155,1,1,228,194,150,151
1,3838,0.33991422,0.29562995,0.31777208,1,1,228,194,150,151
1,3839,0.33805313,0.29677582,0.31741447,1,1,228,194,150,151
1,3840,0.33805313,0.31390872,0.32598092,1,1,228,194,150,151
1,3841,0.35766623,0.32595768,0.34181195,1,1,228,194,150,151
1,3842,0.33805313,0.32058277,0.32931795,1,1,228,194,150,151
1,3843,0.33805313,0.29677582,0.31741447,1,1,228,194,150,151
1,3844,0.32535758,0.33231397,0.32883578,1,1,228,194,150,151
1,3845,0.32535758,0.31612729,0.32074244,1,1,228,194,150,151
1,3846,0.35766623,0.31612729,0.33689676,1,1,228,194,150,151
1,3847,0.33805313,0.29677582,0.31741447,1,1,228,194,150,151
1,3848,0.33991422,0.29562995,0.31777208,1,1,228,194,150,151
1,3849,0.33805313,0.29562995,0.31684154,1,1,228,194,150,151
1,3850,0.33805313,0.29562995,0.31684154,1,1,228,194,150,151
1,3851,0.33805313,0.30804304,0.32304808,1,1,228,194,150,151
1,3852,0.33805313,0.29562995,0.31684154,1,1,228,194,150,151
1,3853,0.30051056,0.29562995,0.29807025,1,1,228,194,150,151
1,3854,0.30051056,0.26117585,0.28084320,1,1,228,194,150,151
1,3855,0.30051056,0.26117585,0.28084320,1,1,228,194,150,151
1,3856,0.30051056,0.25063053,0.27557054,1,1,228,194,150,151
1,3857,0.30566429,0.25986337,0.28276383,1,1,228,194,150,151
1,3858,0.30529771,0.29778629,0.30154200,1,1,228,194,150,151
1,3859,0.26880166,0.29677582,0.28278874,1,1,228,194,150,151
1,3860,0.28764136,0.29562995,0.29163565,1,1,228,194,150,151
1,3861,0.29886521,0.25898159,0.27892340,1,1,228,194,150,151
1,3862,0.30648105,0.29562995,0.30105550,1,1,228,194,150,151
1,3863,0.28764136,0.26028961,0.27396548,1,1,228,194,150,151
1,3864,0.28082797,0.26117585,0.27100191,1,1,228,194,150,151
1,3865,0.15987215,0.13451592,0.14719404,1,1,228,194,150,151
1,3866,0.13988813,0.14000000,0.13994406,1,1,228,194,150,151
1,3867,0.12314707,0.11538462,0.11926584,1,1,228,194,150,151
1,3868,0.13988813,0.13773611,0.13881212,1,1,228,194,150,151
1,3869,0.19936306,0.18183497,0.19059902,1,1,228,194,150,151
1,3870,0.23829043,0.22127345,0.22978194,1,1,228,194,150,151
1,3871,0.24088565,0.21297258,0.22692912,1,1,228,194,150,151
1,3872,0.26082196,0.25140570,0.25611383,1,1,228,194,150,151
1,3873,0.28194194,0.24981529,0.26587861,1,1,228,194,150,151
1,3874,0.28082797,0.24342255,0.26212526,1,1,228,194,150,151
1,3875,0.26843775,0.24342255,0.25593015,1,1,228,194,150,151
1,3876,0.26843775,0.24342255,0.25593015,1,1,228,194,150,151
1,3877,0.26058880,0.24342255,0.25200568,1,1,228,194,150,151
1,3878,0.27800550,0.24189096,0.25994823,1,1,228,194,150,151
1,3879,0.23993390,0.22513314,0.23253352,1,1,228,194,150,151
1,3880,0.23993390,0.22513314,0.23253352,1,1,228,194,150,151
1,3881,0.24088565,0.24342255,0.24215410,1,1,228,194,150,151
1,3882,0.26120266,0.25221319,0.25670793,1,1,228,194,150,151
1,3883,0.24157736,0.24139545,0.24148641,1,1,228,194,150,151
1,3884,0.25814797,0.24292391,0.25053594,1,1,228,194,150,151
1,3885,0.25955920,0.25221319,0.25588620,1,1,228,194,150,151
1,3886,0.28082797,0.22161506,0.25122151,1,1,228,194,150,151
1,3887,0.25814797,0.25062629,0.25438713,1,1,228,194,150,151
1,3888,0.27192198,0.25221319,0.26206759,1,1,228,194,150,151
1,3889,0.27045283,0.22360155,0.24702719,1,1,228,194,150,151
1,3890,0.25955920,0.26117585,0.26036752,1,1,228,194,150,151
1,3891,0.25955920,0.26117585,0.26036752,1,1,228,194,150,151
1,3892,0.25814797,0.26980042,0.26397419,1,1,228,194,150,151
1,3893,0.23993390,0.24926363,0.24459876,1,1,228,194,150,151
1,3894,0.23993390,0.22467197,0.23230293,1,1,228,194,150,151
1,3895,0.23993390,0.25986337,0.24989864,1,1,228,194,150,151
1,3896,0.25814797,0.25062629,0.25438713,1,1,228,194,150,151
1,3897,0.23993390,0.26980042,0.25486716,1,1,228,194,150,151
1,3898,0.23829043,0.26117585,0.24973314,1,1,228,194,150,151
1,3899,0.23829043,0.25085053,0.24457048,1,1,228,194,150,151
1,3900,0.23829043,0.25085053,0.24457048,1,1,228,194,150,151
1,3901,0.27800550,0.25221319,0.26510935,1,1,228,194,150,151
1,3902,0.27910828,0.24161143,0.26035986,1,1,228,194,150,151
1,3903,0.28052511,0.25085053,0.26568782,1,1,228,194,150,151
1,3904,0.27137328,0.24292391,0.25714859,1,1,228,194,150,151
1,3905,0.28052511,0.24292391,0.26172451,1,1,228,194,150,151
1,3906,0.26058880,0.24292391,0.25175636,1,1,228,194,150,151
1,3907,0.28052511,0.24161143,0.26106827,1,1,228,194,150,151
1,3908,0.26058880,0.23059873,0.24559377,1,1,228,194,150,151
1,3909,0.25814797,0.22467197,0.24140997,1,1,228,194,150,151
1,3910,0.23993390,0.23167641,0.23580515,1,1,228,194,150,151
1,3911,0.26058880,0.23167641,0.24613261,1,1,228,194,150,151
1,3912,0.27941674,0.26980042,0.27460858,1,1,228,194,150,151
1,3913,0.27910828,0.25062629,0.26486729,1,1,228,194,150,151
1,3914,0.26058880,0.24292391,0.25175636,1,1,228,194,150,151
1,3915,0.26058880,0.22314351,0.24186616,1,1,228,194,150,151
1,3916,0.26058880,0.25085053,0.25571967,1,1,228,194,150,151
1,3917,0.25979143,0.26117585,0.26048364,1,1,228,194,150,151
1,3918,0.27137328,0.22467197,0.24802262,1,1,228,194,150,151
1,3919,0.28052511,0.24342255,0.26197383,1,1,228,194,150,151
1,3920,0.23993390,0.24342255,0.24167822,1,1,228,194,150,151
1,3921,0.23993390,0.23008950,0.23501170,1,1,228,194,150,151
1,3922,0.26058880,0.23059873,0.24559377,1,1,228,194,150,151
1,3923,0.25917198,0.23167641,0.24542419,1,1,228,194,150,151
1,3924,0.23993390,0.23008950,0.23501170,1,1,228,194,150,151
1,3925,0.27800550,0.26117585,0.26959068,1,1,228,194,150,151
1,3926,0.25814797,0.24981529,0.25398163,1,1,228,194,150,151
1,3927,0.25814797,0.23059873,0.24437335,1,1,228,194,150,151
1,3928,0.25814797,0.27116308,0.26465552,1,1,228,194,150,151
1,3929,0.23970166,0.25221319,0.24595743,1,1,228,194,150,151
1,3930,0.28052511,0.24292391,0.26172451,1,1,228,194,150,151
1,3931,0.28052511,0.25221319,0.26636915,1,1,228,194,150,151
1,3932,0.27910828,0.24292391,0.26101609,1,1,228,194,150,151
1,3933,0.27021107,0.26980042,0.27000574,1,1,228,194,150,151
1,3934,0.26120266,0.26039679,0.26079973,1,1,228,194,150,151
1,3935,0.26120266,0.26980042,0.26550154,1,1,228,194,150,151
1,3936,0.31284300,0.27116308,0.29200304,1,1,228,194,150,151
1,3937,0.25814797,0.26117585,0.25966191,1,1,228,194,150,151
1,3938,0.27800550,0.24292391,0.26046471,1,1,228,194,150,151
1,3939,0.27045283,0.25062629,0.26053956,1,1,228,194,150,151
1,3940,0.25955920,0.23059873,0.24507896,1,1,228,194,150,151
1,3941,0.26120266,0.26980042,0.26550154,1,1,228,194,150,151
1,3942,0.26120266,0.24292391,0.25206329,1,1,228,194,150,151
1,3943,0.25955920,0.27116308,0.26536114,1,1,228,194,150,151
1,3944,0.25979143,0.23377956,0.24678550,1,1,228,194,150,151
1,3945,0.25955920,0.26171196,0.26063558,1,1,228,194,150,151
1,3946,0.29088353,0.24342255,0.26715304,1,1,228,194,150,151
1,3947,0.29088353,0.24342255,0.26715304,1,1,228,194,150,151
1,3948,0.26120266,0.25221319,0.25670793,1,1,228,194,150,151
1,3949,0.27910828,0.24981529,0.26446178,1,1,228,194,150,151
1,3950,0.29909933,0.27116308,0.28513120,1,1,228,194,150,151
1,3951,0.32019315,0.29663651,0.30841483,1,1,228,194,150,151
1,3952,0.30051056,0.29778629,0.29914842,1,1,228,194,150,151
1,3953,0.32019315,0.30797974,0.31408645,1,1,228,194,150,151
1,3954,0.31137386,0.29778629,0.30458007,1,1,228,194,150,151
1,3955,0.31137386,0.30797974,0.30967680,1,1,228,194,150,151
1,3956,0.30051056,0.29663651,0.29857354,1,1,228,194,150,151
1,3957,0.31895686,0.29663651,0.30779669,1,1,228,194,150,151
1,3958,0.30051056,0.29778629,0.29914842,1,1,228,194,150,151
1,3959,0.33991422,0.29663651,0.31827537,1,1,228,194,150,151
1,3960,0.32019315,0.29778629,0.30898972,1,1,228,194,150,151
1,3961,0.33805313,0.29778629,0.31791971,1,1,228,194,150,151
1,3962,0.32019315,0.29778629,0.30898972,1,1,228,194,150,151
1,3963,0.33991422,0.29778629,0.31885025,1,1,228,194,150,151
1,3964,0.33991422,0.30797974,0.32394698,1,1,228,194,150,151
1,3965,0.31844003,0.30797974,0.31320989,1,1,228,194,150,151
1,3966,0.31844003,0.29562995,0.30703499,1,1,228,194,150,151
1,3967,0.32847777,0.33333336,0.33090556,1,1,228,194,150,151
1,3968,0.33805313,0.31505459,0.32655386,1,1,228,194,150,151
1,3969,0.33805313,0.31505459,0.32655386,1,1,228,194,150,151
1,3970,0.30648105,0.29663651,0.30155878,1,1,228,194,150,151
1,3971,0.30529771,0.29663651,0.30096711,1,1,228,194,150,151
1,3972,0.33991422,0.30917348,0.32454385,1,1,228,194,150,151
1,3973,0.32019315,0.29663651,0.30841483,1,1,228,194,150,151
1,3974,0.30529771,0.29562995,0.30046383,1,1,228,194,150,151
1,3975,0.30529771,0.30685366,0.30607569,1,1,228,194,150,151
1,3976,0.32019315,0.29663651,0.30841483,1,1,228,194,150,151
1,3977,0.28082797,0.26980042,0.27531419,1,1,228,194,150,151
1,3978,0.29886521,0.27948107,0.28917314,1,1,228,194,150,151
1,3979,0.30051056,0.27833130,0.28942093,1,1,228,194,150,151
1,3980,0.31137386,0.29778629,0.30458007,1,1,228,194,150,151
1,3981,0.30051056,0.25898159,0.27974607,1,1,228,194,150,151
1,3982,0.27929039,0.25986337,0.26957688,1,1,228,194,150,151
1,3983,0.31284300,0.30917348,0.31100824,1,1,228,194,150,151
1,3984,0.30051056,0.25898159,0.27974607,1,1,228,194,150,151
1,3985,0.31098792,0.27948107,0.29523449,1,1,228,194,150,151
1,3986,0.30051056,0.27948107,0.28999581,1,1,228,194,150,151
1,3987,0.29909933,0.29778629,0.29844281,1,1,228,194,150,151
1,3988,0.32019315,0.29778629,0.30898972,1,1,228,194,150,151
1,3989,0.30685366,0.27017162,0.28851264,1,1,228,194,150,151
1,3990,0.31844003,0.26117585,0.28980794,1,1,228,194,150,151
1,3991,0.33991422,0.29778629,0.31885025,1,1,228,194,150,151
1,3992,0.32019315,0.29778629,0.30898972,1,1,228,194,150,151
1,3993,0.31844003,0.29663651,0.30753827,1,1,228,194,150,151
1,3994,0.30648105,0.29782207,0.30215156,1,1,228,194,150,151
1,3995,0.33805313,0.32595768,0.33200541,1,1,228,194,150,151
1,3996,0.33805313,0.31403520,0.32604417,1,1,228,194,150,151
1,3997,0.35766623,0.31505459,0.33636041,1,1,228,194,150,151
1,3998,0.31844003,0.32715387,0.32279695,1,1,228,194,150,151
1,3999,0.32847777,0.29663651,0.31255714,1,1,228,194,150,151
1,4000,0.34735430,0.31505459,0.33120444,1,1,228,194,150,151
1,4001,0.34168599,0.33333336,0.33750967,1,1,228,194,150,151
1,4002,0.33805313,0.29562995,0.31684154,1,1,228,194,150,151
1,4003,0.31844003,0.29663651,0.30753827,1,1,228,194,150,151
1,4004,0.31844003,0.28720605,0.30282304,1,1,228,194,150,151
1,4005,0.33805313,0.31505459,0.32655386,1,1,228,194,150,151
1,4006,0.30648105,0.29663651,0.30155878,1,1,228,194,150,151
1,4007,0.34423411,0.31505459,0.32964435,1,1,228,194,150,151
1,4008,0.34423411,0.31403520,0.32913465,1,1,228,194,150,151
1,4009,0.33053002,0.28519375,0.30786188,1,1,228,194,150,151
1,4010,0.30997748,0.29548674,0.30273211,1,1,228,194,150,151
1,4011,0.33805313,0.28535018,0.31170165,1,1,228,194,150,151
1,4012,0.30648105,0.30390889,0.30519497,1,1,228,194,150,151
1,4013,0.33805313,0.29663651,0.31734482,1,1,228,194,150,151
1,4014,0.28082797,0.25855090,0.26968943,1,1,228,194,150,151
1,4015,0.16194472,0.18467921,0.17331196,1,1,228,194,150,151
1,4016,0.18733745,0.18183497,0.18458621,1,1,228,194,150,151
1,4017,0.16233229,0.16883064,0.16558147,1,1,228,194,150,151
1,4018,0.21250228,0.20356413,0.20803320,1,1,228,194,150,151
1,4019,0.28194194,0.23377956,0.25786075,1,1,228,194,150,151
1,4020,0.28082797,0.27116308,0.27599552,1,1,228,194,150,151
1,4021,0.30051056,0.27833130,0.28942093,1,1,228,194,150,151
1,4022,0.30051056,0.26039679,0.28045367,1,1,228,194,150,151
1,4023,0.30051056,0.25986337,0.28018697,1,1,228,194,150,151
1,4024,0.30648105,0.30917348,0.30782727,1,1,228,194,150,151
1,4025,0.28082797,0.26980042,0.27531419,1,1,228,194,150,151
1,4026,0.30051056,0.25986337,0.28018697,1,1,228,194,150,151
1,4027,0.30051056,0.30797974,0.30424515,1,1,228,194,150,151
1,4028,0.32019315,0.30797974,0.31408645,1,1,228,194,150,151
1,4029,0.32019315,0.29663651,0.30841483,1,1,228,194,150,151
1,4030,0.32019315,0.27948107,0.29983711,1,1,228,194,150,151
1,4031,0.33805313,0.28720605,0.31262959,1,1,228,178,150,150
1,4032,0.30685366,0.29663651,0.30174509,1,1,228,178,150,150
1,4033,0.31844003,0.29663651,0.30753827,1,1,228,194,150,151
1,4034,0.30529771,0.29663651,0.30096711,1,1,228,194,150,151
1,4035,0.31844003,0.30917348,0.31380676,1,1,228,194,150,151
1,4036,0.31844003,0.29778629,0.30811316,1,1,228,194,150,151
1,4037,0.31844003,0.29778629,0.30811316,1,1,228,194,150,151
1,4038,0.31844003,0.29663651,0.30753827,1,1,228,194,150,151
1,4039,0.31844003,0.29778629,0.30811316,1,1,228,194,150,151
1,4040,0.32019315,0.31395466,0.31707391,1,1,228,194,150,151
1,4041,0.31844003,0.30917348,0.31380676,1,1,228,194,150,151
1,4042,0.30051056,0.30797974,0.30424515,1,1,228,194,150,151
1,4043,0.32019315,0.29663651,0.30841483,1,1,228,194,150,151
1,4044,0.32019315,0.29663651,0.30841483,1,1,228,194,150,151
1,4045,0.32019315,0.25986337,0.29002826,1,1,228,194,150,151
1,4046,0.31772058,0.29663651,0.30717855,1,1,228,194,150,151
1,4047,0.29927427,0.30797974,0.30362701,1,1,228,194,150,151
1,4048,0.30051056,0.29778629,0.29914842,1,1,228,194,150,151
1,4049,0.32701577,0.29778629,0.31240103,1,1,228,178,150,150
1,4050,0.30685366,0.29663651,0.30174509,1,1,228,178,150,150
1,4051,0.33867793,0.29778629,0.31823211,1,1,228,178,150,150
1,4052,0.30804304,0.29663651,0.30233978,1,1,228,178,150,150
1,4053,0.33991422,0.29778629,0.31885025,1,1,228,194,150,151
1,4054,0.32019315,0.29778629,0.30898972,1,1,228,194,150,151
1,4055,0.31844003,0.29677582,0.30760793,1,1,228,194,150,151
1,4056,0.30804304,0.27738684,0.29271494,1,1,228,194,150,151
1,4057,0.33867793,0.27853271,0.30860532,1,1,228,194,150,151
1,4058,0.30051056,0.30917348,0.30484202,1,1,228,194,150,151
1,4059,0.32019315,0.30917348,0.31468331,1,1,228,194,150,151
1,4060,0.30051056,0.30917348,0.30484202,1,1,228,194,150,151
1,4061,0.31844003,0.29562995,0.30703499,1,1,228,194,150,151
1,4062,0.30051056,0.30917348,0.30484202,1,1,228,194,150,151
1,4063,0.32019315,0.30797974,0.31408645,1,1,228,194,150,151
1,4064,0.32019315,0.30917348,0.31468331,1,1,228,194,150,151
1,4065,0.32019315,0.29663651,0.30841483,1,1,228,194,150,151
1,4066,0.32019315,0.27116308,0.29567811,1,1,228,194,150,151
1,4067,0.32019315,0.32715387,0.32367351,1,1,228,194,150,151
1,4068,0.30051056,0.30917348,0.30484202,1,1,228,194,150,151
1,4069,0.31844003,0.34493041,0.33168522,1,1,228,194,150,151
1,4070,0.31844003,0.29562995,0.30703499,1,1,228,194,150,151
1,4071,0.31844003,0.29562995,0.30703499,1,1,228,194,150,151
1,4072,0.31844003,0.30702197,0.31273100,1,1,228,194,150,151
1,4073,0.29886521,0.29663651,0.29775086,1,1,228,194,150,151
1,4074,0.30648105,0.33129458,0.31888782,1,1,228,178,150,150
1,4075,0.34598850,0.31612729,0.33105790,1,1,228,178,150,150
1,4076,0.30648105,0.30917348,0.30782727,1,1,228,178,150,150
1,4077,0.31844003,0.30804304,0.31324154,1,1,228,194,150,151
1,4078,0.31844003,0.29562995,0.30703499,1,1,228,194,150,151
1,4079,0.32019315,0.29778629,0.30898972,1,1,228,194,150,151
1,4080,0.31844003,0.29778629,0.30811316,1,1,228,178,150,150
1,4081,0.30648105,0.29778629,0.30213367,1,1,228,178,150,150
1,4082,0.30648105,0.29778629,0.30213367,1,1,228,178,150,150
1,4083,0.31844003,0.30678600,0.31261302,1,1,228,178,150,150
1,4084,0.33991422,0.29778629,0.31885025,1,1,228,178,150,150
1,4085,0.33991422,0.31395466,0.32693444,1,1,228,178,150,150
1,4086,0.33805313,0.29724541,0.31764927,1,1,228,178,150,150
1,4087,0.32701577,0.29778629,0.31240103,1,1,228,178,150,150
1,4088,0.32595768,0.29663651,0.31129710,1,1,228,178,150,150
1,4089,0.33991422,0.29663651,0.31827537,1,1,228,178,150,150
1,4090,0.33805313,0.29778629,0.31791971,1,1,228,178,150,150
1,4091,0.33991422,0.29724541,0.31857981,1,1,228,178,150,150
1,4092,0.33805313,0.29663651,0.31734482,1,1,228,178,150,150
1,4093,0.33805313,0.30797974,0.32301644,1,1,228,178,150,150
1,4094,0.30804304,0.29609328,0.30206816,1,1,228,178,150,150
1,4095,0.32384601,0.32715387,0.32549994,1,1,228,178,150,150
1,4096,0.30804304,0.29548674,0.30176489,1,1,228,178,150,150
1,4097,0.32701577,0.32715387,0.32708482,1,1,228,178,150,150
1,4098,0.33991422,0.32715387,0.33353404,1,1,228,178,150,150
1,4099,0.32701577,0.29663651,0.31182614,1,1,228,178,150,150
1,4100,0.32701577,0.29663651,0.31182614,1,1,228,178,150,150
1,4101,0.33991422,0.29663651,0.31827537,1,1,228,178,150,150
1,4102,0.33805313,0.31612729,0.32709021,1,1,228,178,150,150
1,4103,0.32701577,0.29778629,0.31240103,1,1,228,178,150,150
1,4104,0.33991422,0.29663651,0.31827537,1,1,228,178,150,150
1,4105,0.35963529,0.29778629,0.32871079,1,1,228,178,150,150
1,4106,0.33805313,0.29778629,0.31791971,1,1,228,178,150,150
1,4107,0.33991422,0.30797974,0.32394698,1,1,228,178,150,150
1,4108,0.33991422,0.30797974,0.32394698,1,1,228,178,150,150
1,4109,0.33805313,0.30797974,0.32301644,1,1,228,178,150,150
1,4110,0.34129507,0.29663651,0.31896579,1,1,228,178,150,150
1,4111,0.33881440,0.31612729,0.32747085,1,1,228,178,150,150
1,4112,0.35766623,0.33446830,0.34606726,1,1,228,178,150,150
1,4113,0.36313652,0.33344544,0.34829098,1,1,228,178,150,150
1,4114,0.34423411,0.33242259,0.33832835,1,1,228,178,150,150
1,4115,0.37730622,0.33242259,0.35486440,1,1,228,178,150,150
1,4116,0.35766623,0.33446830,0.34606726,1,1,228,178,150,150
1,4117,0.34423411,0.33446830,0.33935120,1,1,228,178,150,150
1,4118,0.36090817,0.29677582,0.32884199,1,1,228,178,150,150
1,4119,0.33805313,0.33344544,0.33574929,1,1,228,178,150,150
1,4120,0.35766623,0.33446830,0.34606726,1,1,228,178,150,150
1,4121,0.33805313,0.30685366,0.32245340,1,1,228,178,150,150
1,4122,0.33805313,0.33446830,0.33626071,1,1,228,178,150,150
1,4123,0.35766623,0.30797974,0.33282298,1,1,228,178,150,150
1,4124,0.35766623,0.33231397,0.34499010,1,1,228,178,150,150
1,4125,0.34423411,0.31612729,0.33018070,1,1,228,178,150,150
1,4126,0.35766623,0.33129458,0.34448041,1,1,228,178,150,150
1,4127,0.36313652,0.37027952,0.36670802,1,1,228,178,150,150
1,4128,0.36498725,0.33446830,0.34972777,1,1,228,178,150,150
1,4129,0.36313652,0.33446830,0.34880241,1,1,228,178,150,150
1,4130,0.37938341,0.35283446,0.36610893,1,1,228,178,150,150
1,4131,0.37730622,0.36935843,0.37333232,1,1,228,178,150,150
1,4132,0.37730622,0.37120061,0.37425341,1,1,228,178,150,150
1,4133,0.37730622,0.37027952,0.37379287,1,1,228,178,150,150
1,4134,0.37938341,0.33446830,0.35692585,1,1,228,178,150,150
1,4135,0.38203893,0.35283446,0.36743669,1,1,228,178,150,150
1,4136,0.38203893,0.38443882,0.38323888,1,1,228,178,150,150
1,4137,0.35766623,0.33446830,0.34606726,1,1,228,178,150,150
1,4138,0.37730622,0.33635474,0.35683048,1,1,228,178,150,150
1,4139,0.34423411,0.33231397,0.33827404,1,1,228,178,150,150
1,4140,0.37730622,0.33446830,0.35588726,1,1,228,178,150,150
1,4141,0.35963529,0.33344544,0.34654037,1,1,228,178,150,150
1,4142,0.36595269,0.35283446,0.35939357,1,1,228,178,150,150
1,4143,0.36359591,0.37120061,0.36739826,1,1,228,178,150,150
1,4144,0.38485510,0.35688154,0.37086832,1,1,228,178,150,150
1,4145,0.37730622,0.33333336,0.35531979,1,1,228,178,150,150
1,4146,0.36313652,0.33333336,0.34823494,1,1,228,178,150,150
1,4147,0.40096027,0.36902306,0.38499167,1,1,228,178,150,150
1,4148,0.36079788,0.33446830,0.34763309,1,1,228,178,150,150
1,4149,0.36313652,0.37120061,0.36716857,1,1,228,178,150,150
1,4150,0.37957856,0.37120061,0.37538958,1,1,228,178,150,150
1,4151,0.38203893,0.36994103,0.37598998,1,1,228,178,150,150
1,4152,0.36079788,0.33333336,0.34706562,1,1,228,178,150,150
1,4153,0.37730622,0.34725819,0.36228220,1,1,228,178,150,150
1,4154,0.33805313,0.29778629,0.31791971,1,1,228,178,150,150
1,4155,0.30529771,0.25986337,0.28258054,1,1,228,178,150,150
1,4156,0.30648105,0.25986337,0.28317221,1,1,228,178,150,150
1,4157,0.30648105,0.25986337,0.28317221,1,1,228,178,150,150
1,4158,0.31844003,0.27948107,0.29896055,1,1,228,178,150,150
1,4159,0.30051056,0.25986337,0.28018697,1,1,228,178,150,150
1,4160,0.29886521,0.26117585,0.28002053,1,1,228,178,150,150
1,4161,0.28910733,0.28944479,0.28927606,1,1,228,178,150,150
1,4162,0.28764136,0.29016828,0.28890482,1,1,228,178,150,150
1,4163,0.29886521,0.27116308,0.28501414,1,1,228,178,150,150
1,4164,0.29886521,0.28897454,0.29391988,1,1,228,178,150,150
1,4165,0.31721052,0.27833130,0.29777091,1,1,228,178,150,150
1,4166,0.28629056,0.27816859,0.28222958,1,1,228,178,150,150
1,4167,0.29746171,0.27816859,0.28781515,1,1,228,178,150,150
1,4168,0.30051056,0.28897454,0.29474255,1,1,228,178,150,150
1,4169,0.30051056,0.29016828,0.29533942,1,1,228,178,150,150
1,4170,0.28764136,0.25986337,0.27375237,1,1,228,178,150,150
1,4171,0.28910733,0.26039679,0.27475206,1,1,228,178,150,150
1,4172,0.27017162,0.28944479,0.27980820,1,1,228,178,150,150
1,4173,0.32019315,0.30866135,0.31442725,1,1,228,178,150,150
1,4174,0.30051056,0.27948107,0.28999581,1,1,228,178,150,150
1,4175,0.31844003,0.30917348,0.31380676,1,1,228,178,150,150
1,4176,0.33805313,0.30797974,0.32301644,1,1,228,178,150,150
1,4177,0.33805313,0.29778629,0.31791971,1,1,228,178,150,150
1,4178,0.33805313,0.29778629,0.31791971,1,1,228,178,150,150
1,4179,0.33805313,0.30678600,0.32241957,1,1,228,178,150,150
1,4180,0.33805313,0.30678600,0.32241957,1,1,228,178,150,150
1,4181,0.34129507,0.30917348,0.32523428,1,1,228,178,150,150
1,4182,0.31844003,0.30797974,0.31320989,1,1,228,178,150,150
1,4183,0.31844003,0.30678600,0.31261302,1,1,228,178,150,150
1,4184,0.30051056,0.29081047,0.29566051,1,1,228,178,150,150
1,4185,0.30051056,0.27816859,0.28933958,1,1,228,178,150,150
1,4186,0.31895686,0.27816859,0.29856273,1,1,228,178,150,150
1,4187,0.28774965,0.29778629,0.29276797,1,1,228,178,150,150
1,4188,0.32019315,0.29724541,0.30871928,1,1,228,178,150,150
1,4189,0.30051056,0.28897454,0.29474255,1,1,228,178,150,150
1,4190,0.32019315,0.30797974,0.31408645,1,1,228,178,150,150
1,4191,0.30051056,0.27833130,0.28942093,1,1,228,178,150,150
1,4192,0.30051056,0.29778629,0.29914842,1,1,228,178,150,150
1,4193,0.29623219,0.29778629,0.29700924,1,1,228,178,150,150
1,4194,0.29909933,0.27816859,0.28863396,1,1,228,178,150,150
1,4195,0.31895686,0.27948107,0.29921897,1,1,228,178,150,150
1,4196,0.29786304,0.27948107,0.28867205,1,1,228,178,150,150
1,4197,0.29623219,0.27833130,0.28728174,1,1,228,178,150,150
1,4198,0.29886521,0.30797974,0.30342248,1,1,228,178,150,150
1,4199,0.30051056,0.27833130,0.28942093,1,1,228,178,150,150
1,4200,0.32019315,0.30985773,0.31502544,1,1,228,194,150,151
1,4201,0.31284300,0.27948107,0.29616204,1,1,228,194,150,151
1,4202,0.29886521,0.28897454,0.29391988,1,1,228,194,150,151
1,4203,0.30648105,0.29548674,0.30098390,1,1,228,194,150,151
1,4204,0.31844003,0.29663651,0.30753827,1,1,228,194,150,151
1,4205,0.32535758,0.29663651,0.31099705,1,1,228,194,150,151
1,4206,0.30997748,0.29663651,0.30330700,1,1,228,194,150,151
1,4207,0.30648105,0.29548674,0.30098390,1,1,228,194,150,151
1,4208,0.32019315,0.27816859,0.29918087,1,1,228,194,150,151
1,4209,0.30804304,0.25986337,0.28395321,1,1,228,194,150,151
1,4210,0.33991422,0.27701882,0.30846652,1,1,228,194,150,151
1,4211,0.28774965,0.27816859,0.28295912,1,1,228,194,150,151
1,4212,0.33991422,0.28897454,0.31444438,1,1,228,178,150,150
1,4213,0.28082797,0.29016828,0.28549812,1,1,228,194,150,151
1,4214,0.30051056,0.27816859,0.28933958,1,1,228,178,150,150
1,4215,0.32019315,0.28897454,0.30458385,1,1,228,194,150,151
1,4216,0.32019315,0.31612729,0.31816022,1,1,228,178,150,150
1,4217,0.31844003,0.31497752,0.31670878,1,1,228,178,150,150
1,4218,0.31844003,0.31612729,0.31728366,1,1,228,178,150,150
1,4219,0.31895686,0.29778629,0.30837157,1,1,228,178,150,150
1,4220,0.32535758,0.33344544,0.32940151,1,1,228,178,150,150
1,4221,0.32701577,0.31459911,0.32080744,1,1,228,178,150,150
1,4222,0.30529771,0.27816859,0.29173315,1,1,228,178,150,150
1,4223,0.30804304,0.30390889,0.30597597,1,1,228,178,150,150
1,4224,0.30804304,0.29663651,0.30233978,1,1,228,178,150,150
1,4225,0.30804304,0.29663651,0.30233978,1,1,228,178,150,150
1,4226,0.30804304,0.29663651,0.30233978,1,1,228,178,150,150
1,4227,0.30804304,0.31510444,0.31157374,1,1,228,178,150,150
1,4228,0.30997748,0.26844229,0.28920988,1,1,228,178,150,150
1,4229,0.30648105,0.29663651,0.30155878,1,1,228,178,150,150
1,4230,0.33053002,0.28664329,0.30858665,1,1,228,178,150,150
1,4231,0.30648105,0.32258477,0.31453291,1,1,228,178,150,150
1,4232,0.31844003,0.29548674,0.30696339,1,1,228,178,150,150
1,4233,0.33991422,0.29663651,0.31827537,1,1,228,178,150,150
1,4234,0.31844003,0.32715387,0.32279695,1,1,228,178,150,150
1,4235,0.31844003,0.28897454,0.30370729,1,1,228,178,150,150
1,4236,0.34129507,0.29724541,0.31927024,1,1,228,178,150,150
1,4237,0.32019315,0.29663651,0.30841483,1,1,228,178,150,150
1,4238,0.31721052,0.27873958,0.29797505,1,1,228,178,150,150
1,4239,0.31844003,0.27873958,0.29858981,1,1,228,178,150,150
1,4240,0.31844003,0.27701882,0.29772943,1,1,228,178,150,150
1,4241,0.30804304,0.27816859,0.29310582,1,1,228,178,150,150
1,4242,0.30648105,0.27948107,0.29298106,1,1,228,178,150,150
1,4243,0.30648105,0.27873958,0.29261032,1,1,228,178,150,150
1,4244,0.32019315,0.29724541,0.30871928,1,1,228,178,150,150
1,4245,0.30466162,0.30866135,0.30666148,1,1,228,178,150,150
1,4246,0.32019315,0.30866135,0.31442725,1,1,228,178,150,150
1,4247,0.30804304,0.29724541,0.30264422,1,1,228,178,150,150
1,4248,0.32019315,0.30866135,0.31442725,1,1,228,178,150,150
1,4249,0.30648105,0.28897454,0.29772780,1,1,228,178,150,150
1,4250,0.32019315,0.29839754,0.30929534,1,1,228,178,150,150
1,4251,0.33991422,0.29839754,0.31915588,1,1,228,178,150,150
1,4252,0.29886521,0.28961409,0.29423965,1,1,228,178,150,150
1,4253,0.30051056,0.30797974,0.30424515,1,1,228,178,150,150
1,4254,0.30051056,0.30797974,0.30424515,1,1,228,178,150,150
1,4255,0.32019315,0.29778629,0.30898972,1,1,228,178,150,150
1,4256,0.30051056,0.30797974,0.30424515,1,1,228,178,150,150
1,4257,0.28910733,0.29724541,0.29317637,1,1,228,194,150,151
1,4258,0.32019315,0.30797974,0.31408645,1,1,228,178,150,150
1,4259,0.30997748,0.29663651,0.30330700,1,1,228,194,150,151
1,4260,0.32019315,0.29663651,0.30841483,1,1,228,194,150,151
1,4261,0.30648105,0.29663651,0.30155878,1,1,228,194,150,151
1,4262,0.35176539,0.29663651,0.32420095,1,1,228,194,150,151
1,4263,0.32019315,0.29663651,0.30841483,1,1,228,194,150,151
1,4264,0.30051056,0.27701882,0.28876469,1,1,228,194,150,151
1,4265,0.32019315,0.27873958,0.29946636,1,1,228,178,150,150
1,4266,0.32019315,0.30797974,0.31408645,1,1,228,178,150,150
1,4267,0.30051056,0.29663651,0.29857354,1,1,228,194,150,151
1,4268,0.32019315,0.29663651,0.30841483,1,1,228,194,150,151
1,4269,0.32019315,0.29663651,0.30841483,1,1,228,194,150,151
1,4270,0.29886521,0.28897454,0.29391988,1,1,228,194,150,151
1,4271,0.30051056,0.27833130,0.28942093,1,1,228,194,150,151
1,4272,0.30051056,0.30797974,0.30424515,1,1,228,194,150,151
1,4273,0.29886521,0.27701882,0.28794202,1,1,228,194,150,151
1,4274,0.29886521,0.27701882,0.28794202,1,1,228,194,150,151
1,4275,0.31844003,0.29663651,0.30753827,1,1,228,194,150,151
1,4276,0.32019315,0.27833130,0.29926222,1,1,228,194,150,151
1,4277,0.31844003,0.29778629,0.30811316,1,1,228,194,150,151
1,4278,0.33695933,0.29663651,0.31679792,1,1,228,194,150,151
1,4279,0.30804304,0.29724541,0.30264422,1,1,228,178,150,150
1,4280,0.32019315,0.29778629,0.30898972,1,1,228,194,150,151
1,4281,0.30804304,0.29663651,0.30233978,1,1,228,194,150,151
1,4282,0.32207289,0.29663651,0.30935470,1,1,228,194,150,151
1,4283,0.32019315,0.29609328,0.30814321,1,1,228,178,150,150
1,4284,0.32019315,0.29663651,0.30841483,1,1,228,178,150,150
1,4285,0.32019315,0.28897454,0.30458385,1,1,228,178,150,150
1,4286,0.32019315,0.30866135,0.31442725,1,1,228,178,150,150
1,4287,0.31844003,0.29663651,0.30753827,1,1,228,194,150,151
1,4288,0.30648105,0.29663651,0.30155878,1,1,228,194,150,151
1,4289,0.32019315,0.28961409,0.30490362,1,1,228,178,150,150
1,4290,0.33991422,0.29548674,0.31770048,1,1,228,178,150,150
1,4291,0.32701577,0.33446830,0.33074203,1,1,228,178,150,150
1,4292,0.33991422,0.31510444,0.32750933,1,1,228,178,150,150
1,4293,0.30051056,0.30797974,0.30424515,1,1,228,178,150,150
1,4294,0.30804304,0.29663651,0.30233978,1,1,228,178,150,150
1,4295,0.30051056,0.29609328,0.29830192,1,1,228,178,150,150
1,4296,0.30648105,0.29663651,0.30155878,1,1,228,178,150,150
1,4297,0.32701577,0.29724541,0.31213059,1,1,228,178,150,150
1,4298,0.30804304,0.29724541,0.30264422,1,1,228,178,150,150
1,4299,0.32701577,0.29609328,0.31155452,1,1,228,178,150,150
1,4300,0.32019315,0.27948107,0.29983711,1,1,228,178,150,150
1,4301,0.35766623,0.30797974,0.33282298,1,1,228,178,150,150
1,4302,0.32019315,0.30797974,0.31408645,1,1,228,178,150,150
1,4303,0.35766623,0.34619622,0.35193122,1,1,228,178,150,150
1,4304,0.35766623,0.33446830,0.34606726,1,1,228,178,150,150
1,4305,0.34423411,0.33446830,0.33935120,1,1,228,178,150,150
1,4306,0.33991422,0.34619622,0.34305522,1,1,228,178,150,150
1,4307,0.35766623,0.33446830,0.34606726,1,1,228,178,150,150
1,4308,0.29786304,0.25986337,0.27886321,1,1,228,178,150,150
1,4309,0.19857536,0.18689074,0.19273305,1,1,228,194,150,151
1,4310,0.20966948,0.18000000,0.19483474,1,1,228,194,150,151
1,4311,0.16609096,0.18231631,0.17420364,1,1,228,194,150,151
1,4312,0.22007636,0.21487540,0.21747588,1,1,228,194,150,151
1,4313,0.25917198,0.25140570,0.25528884,1,1,228,178,150,150
1,4314,0.25979143,0.25140570,0.25559857,1,1,228,194,150,151
1,4315,0.27941674,0.24189096,0.26065385,1,1,228,178,150,150
1,4316,0.30051056,0.27039753,0.28545404,1,1,228,178,150,150
1,4317,0.28082797,0.25986337,0.27034567,1,1,228,178,150,150
1,4318,0.30051056,0.29016828,0.29533942,1,1,228,178,150,150
1,4319,0.28082797,0.27948107,0.28015452,1,1,228,178,150,150
1,4320,0.32019315,0.28897454,0.30458385,1,1,228,178,150,150
1,4321,0.30051056,0.28897454,0.29474255,1,1,228,178,150,150
1,4322,0.30051056,0.30797974,0.30424515,1,1,228,178,150,150
1,4323,0.30051056,0.29778629,0.29914842,1,1,228,178,150,150
1,4324,0.31844003,0.32715387,0.32279695,1,1,228,178,150,150
1,4325,0.31844003,0.29778629,0.30811316,1,1,228,178,150,150
1,4326,0.30051056,0.31497752,0.30774404,1,1,228,178,150,150
1,4327,0.31844003,0.29778629,0.30811316,1,1,228,178,150,150
1,4328,0.33757811,0.30866135,0.32311973,1,1,228,178,150,150
1,4329,0.29886521,0.25986337,0.27936429,1,1,228,194,150,151
1,4330,0.32885401,0.31505459,0.32195430,1,1,228,194,150,151
1,4331,0.30804304,0.31510444,0.31157374,1,1,228,178,150,150
1,4332,0.32701577,0.29609328,0.31155452,1,1,228,178,150,150
1,4333,0.31155728,0.31510444,0.31333086,1,1,228,178,150,150
1,4334,0.29886521,0.29663651,0.29775086,1,1,228,194,150,151
1,4335,0.33805313,0.29548674,0.31676994,1,1,228,194,150,151
1,4336,0.33805313,0.29778629,0.31791971,1,1,228,194,150,151
1,4337,0.30804304,0.29663651,0.30233978,1,1,228,194,150,151
1,4338,0.32019315,0.27873958,0.29946636,1,1,228,194,150,151
1,4339,0.30804304,0.29778629,0.30291466,1,1,228,194,150,151
1,4340,0.33805313,0.29548674,0.31676994,1,1,228,194,150,151
1,4341,0.29113779,0.27722469,0.28418124,1,1,228,194,150,151
1,4342,0.29886521,0.28609713,0.29248117,1,1,228,194,150,151
1,4343,0.31844003,0.27833130,0.29838567,1,1,228,194,150,151
1,4344,0.31844003,0.29548674,0.30696339,1,1,228,194,150,151
1,4345,0.31844003,0.29663651,0.30753827,1,1,228,194,150,151
1,4346,0.31844003,0.29663651,0.30753827,1,1,228,194,150,151
1,4347,0.31844003,0.29663651,0.30753827,1,1,228,194,150,151
1,4348,0.31844003,0.29778629,0.30811316,1,1,228,194,150,151
1,4349,0.30051056,0.28897454,0.29474255,1,1,228,194,150,151
1,4350,0.33805313,0.33333336,0.33569324,1,1,228,194,150,151
1,4351,0.33991422,0.32715387,0.33353404,1,1,228,194,150,151
1,4352,0.33991422,0.33333336,0.33662379,1,1,228,194,150,151
1,4353,0.33805313,0.28609713,0.31207513,1,1,228,194,150,151
1,4354,0.31844003,0.27722469,0.29783236,1,1,228,194,150,151
1,4355,0.33805313,0.31390872,0.32598092,1,1,228,194,150,151
1,4356,0.31844003,0.31505459,0.31674731,1,1,228,194,150,151
1,4357,0.31844003,0.29548674,0.30696339,1,1,228,194,150,151
1,4358,0.33805313,0.33231397,0.33518355,1,1,228,194,150,151
1,4359,0.30051056,0.28961409,0.29506232,1,1,228,194,150,151
1,4360,0.33805313,0.33231397,0.33518355,1,1,228,194,150,151
1,4361,0.33805313,0.31497752,0.32651533,1,1,228,194,150,151
1,4362,0.33991422,0.31510444,0.32750933,1,1,228,194,150,151
1,4363,0.34129507,0.31510444,0.32819975,1,1,228,194,150,151
1,4364,0.31844003,0.29663651,0.30753827,1,1,228,194,150,151
1,4365,0.32019315,0.30797974,0.31408645,1,1,228,194,150,151
1,4366,0.33805313,0.29663651,0.31734482,1,1,228,194,150,151
1,4367,0.32019315,0.31403520,0.31711417,1,1,228,194,150,151
1,4368,0.32701577,0.33344544,0.33023061,1,1,228,194,150,151
1,4369,0.33991422,0.32702210,0.33346816,1,1,228,178,150,150
1,4370,0.33991422,0.31497752,0.32744587,1,1,228,178,150,150
1,4371,0.32019315,0.29663651,0.30841483,1,1,228,178,150,150
1,4372,0.31895686,0.29778629,0.30837157,1,1,228,178,150,150
1,4373,0.31895686,0.31497752,0.31696719,1,1,228,178,150,150
1,4374,0.30051056,0.29778629,0.29914842,1,1,228,194,150,151
1,4375,0.33805313,0.33344544,0.33574929,1,1,228,194,150,151
1,4376,0.32019315,0.28897454,0.30458385,1,1,228,194,150,151
1,4377,0.30804304,0.29663651,0.30233978,1,1,228,178,150,150
1,4378,0.32019315,0.27816859,0.29918087,1,1,228,178,150,150
1,4379,0.28910733,0.27816859,0.28363796,1,1,228,178,150,150
1,4380,0.28910733,0.27816859,0.28363796,1,1,228,178,150,150
1,4381,0.30051056,0.29663651,0.29857354,1,1,228,178,150,150
1,4382,0.30051056,0.29663651,0.29857354,1,1,228,194,150,151
1,4383,0.30051056,0.27873958,0.28962507,1,1,228,194,150,151
1,4384,0.30051056,0.27039753,0.28545404,1,1,228,178,150,150
1,4385,0.27017162,0.24139545,0.25578353,1,1,228,178,150,150
1,4386,0.28910733,0.25986337,0.27448535,1,1,228,178,150,150
1,4387,0.30051056,0.28897454,0.29474255,1,1,228,178,150,150
1,4388,0.30051056,0.29081047,0.29566051,1,1,228,178,150,150
1,4389,0.30804304,0.29663651,0.30233978,1,1,228,178,150,150
1,4390,0.30685366,0.29778629,0.30231997,1,1,228,178,150,150
1,4391,0.28656027,0.29778629,0.29217328,1,1,228,178,150,150
1,4392,0.25814797,0.24292391,0.25053594,1,1,228,178,150,150
1,4393,0.28880562,0.27039753,0.27960157,1,1,228,178,150,150
1,4394,0.29904459,0.25986337,0.27945398,1,1,228,178,150,150
1,4395,0.28761188,0.25986337,0.27373763,1,1,228,178,150,150
1,4396,0.28910733,0.25986337,0.27448535,1,1,228,178,150,150
1,4397,0.28880562,0.26117585,0.27499073,1,1,228,178,150,150
1,4398,0.26980042,0.24292391,0.25636216,1,1,228,178,150,150
1,4399,0.24970992,0.27948107,0.26459549,1,1,228,178,150,150
1,4400,0.25129102,0.22314351,0.23721726,1,1,228,178,150,150
1,4401,0.29909933,0.24139545,0.27024739,1,1,228,178,150,150
1,4402,0.27116308,0.25062629,0.26089469,1,1,228,178,150,150
1,4403,0.24970992,0.25986337,0.25478665,1,1,228,178,150,150
1,4404,0.27941674,0.27816859,0.27879266,1,1,228,178,150,150
1,4405,0.30051056,0.27116308,0.28583682,1,1,228,178,150,150
1,4406,0.30685366,0.27948107,0.29316737,1,1,228,178,150,150
1,4407,0.28774965,0.27816859,0.28295912,1,1,228,178,150,150
1,4408,0.30804304,0.27833130,0.29318717,1,1,228,178,150,150
1,4409,0.26881394,0.24139545,0.25510469,1,1,228,178,150,150
1,4410,0.24970992,0.24161143,0.24566068,1,1,228,178,150,150
1,4411,0.27017162,0.24161143,0.25589152,1,1,228,178,150,150
1,4412,0.25814797,0.25085053,0.25449925,1,1,228,178,150,150
1,4413,0.28774965,0.25986337,0.27380651,1,1,228,178,150,150
1,4414,0.27910828,0.26039679,0.26975253,1,1,228,178,150,150
1,4415,0.27941674,0.24292391,0.26117032,1,1,228,178,150,150
1,4416,0.25917198,0.24210738,0.25063968,1,1,228,178,150,150
1,4417,0.25062629,0.24210738,0.24636684,1,1,228,178,150,150
1,4418,0.25917198,0.22360155,0.24138676,1,1,228,178,150,150
1,4419,0.26843775,0.24210738,0.25527257,1,1,228,178,150,150
1,4420,0.25955920,0.25986337,0.25971129,1,1,228,178,150,150
1,4421,0.28082797,0.24161143,0.26121970,1,1,228,178,150,150
1,4422,0.25814797,0.26980042,0.26397419,1,1,228,178,150,150
1,4423,0.23829043,0.24161143,0.23995093,1,1,228,178,150,150
1,4424,0.24835224,0.24139545,0.24487384,1,1,228,178,150,150
1,4425,0.27941674,0.24139545,0.26040609,1,1,228,178,150,150
1,4426,0.27017162,0.22467197,0.24742179,1,1,228,178,150,150
1,4427,0.28194194,0.25085053,0.26639624,1,1,228,178,150,150
1,4428,0.25955920,0.22467197,0.24211558,1,1,228,178,150,150
1,4429,0.27941674,0.25062629,0.26502151,1,1,228,178,150,150
1,4430,0.24970992,0.24139545,0.24555268,1,1,228,178,150,150
1,4431,0.23829043,0.22314351,0.23071697,1,1,228,178,150,150
1,4432,0.24970992,0.25986337,0.25478665,1,1,228,178,150,150
1,4433,0.27017162,0.25986337,0.26501750,1,1,228,178,150,150
1,4434,0.28082797,0.25986337,0.27034567,1,1,228,178,150,150
1,4435,0.30051056,0.25986337,0.28018697,1,1,228,178,150,150
1,4436,0.29927427,0.29663651,0.29795539,1,1,228,178,150,150
1,4437,0.31895686,0.25986337,0.28941012,1,1,228,178,150,150
1,4438,0.32019315,0.25855090,0.28937202,1,1,228,178,150,150
1,4439,0.30804304,0.25855090,0.28329697,1,1,228,178,150,150
1,4440,0.30051056,0.26980042,0.28515549,1,1,228,178,150,150
1,4441,0.30685366,0.27833130,0.29259248,1,1,228,178,150,150
1,4442,0.30804304,0.29663651,0.30233978,1,1,228,178,150,150
1,4443,0.32019315,0.28961409,0.30490362,1,1,228,178,150,150
1,4444,0.26881394,0.27816859,0.27349126,1,1,228,178,150,150
1,4445,0.30685366,0.28005475,0.29345421,1,1,228,178,150,150
1,4446,0.30685366,0.29609328,0.30147347,1,1,228,178,150,150
1,4447,0.30051056,0.26039679,0.28045367,1,1,228,178,150,150
1,4448,0.25955920,0.26039679,0.25997799,1,1,228,178,150,150
1,4449,0.28082797,0.27816859,0.27949828,1,1,228,178,150,150
1,4450,0.29909933,0.29778629,0.29844281,1,1,228,178,150,150
1,4451,0.29909933,0.30917348,0.30413640,1,1,228,178,150,150
1,4452,0.30051056,0.29778629,0.29914842,1,1,228,178,150,150
1,4453,0.28791795,0.29663651,0.29227723,1,1,228,178,150,150
1,4454,0.30051056,0.29663651,0.29857354,1,1,228,178,150,150
1,4455,0.28910733,0.29778629,0.29344681,1,1,228,178,150,150
1,4456,0.28910733,0.25986337,0.27448535,1,1,228,178,150,150
1,4457,0.27017162,0.26117585,0.26567373,1,1,228,178,150,150
1,4458,0.29786304,0.30917348,0.30351826,1,1,228,178,150,150
1,4459,0.32019315,0.27948107,0.29983711,1,1,228,178,150,150
1,4460,0.28910733,0.27833130,0.28371931,1,1,228,178,150,150
1,4461,0.27941674,0.26980042,0.27460858,1,1,228,178,150,150
1,4462,0.28082797,0.25986337,0.27034567,1,1,228,178,150,150
1,4463,0.30051056,0.29663651,0.29857354,1,1,228,178,150,150
1,4464,0.30804304,0.27833130,0.29318717,1,1,228,178,150,150
1,4465,0.30685366,0.29663651,0.30174509,1,1,228,178,150,150
1,4466,0.27017162,0.27758745,0.27387953,1,1,228,178,150,150
1,4467,0.30648105,0.28897454,0.29772780,1,1,228,178,150,150
1,4468,0.30051056,0.27853271,0.28952164,1,1,228,178,150,150
1,4469,0.32384601,0.31395466,0.31890034,1,1,228,178,150,150
1,4470,0.32535758,0.31497752,0.32016755,1,1,228,178,150,150
1,4471,0.34168599,0.31395466,0.32782033,1,1,228,178,150,150
1,4472,0.32885401,0.30489541,0.31687471,1,1,228,178,150,150
1,4473,0.33991422,0.30489541,0.32240481,1,1,228,178,150,150
1,4474,0.32019315,0.33412989,0.32716152,1,1,228,178,150,150
1,4475,0.31844003,0.31612729,0.31728366,1,1,228,178,150,150
1,4476,0.31844003,0.33333336,0.32588670,1,1,228,194,150,151
1,4477,0.31844003,0.29663651,0.30753827,1,1,228,178,150,150
1,4478,0.31844003,0.29548674,0.30696339,1,1,228,178,150,150
1,4479,0.31844003,0.29548674,0.30696339,1,1,228,178,150,150
1,4480,0.31844003,0.29548674,0.30696339,1,1,228,178,150,150
1,4481,0.30648105,0.29663651,0.30155878,1,1,228,194,150,151
1,4482,0.31844003,0.29778629,0.30811316,1,1,228,194,150,151
1,4483,0.31844003,0.29778629,0.30811316,1,1,228,194,150,151
1,4484,0.31844003,0.29663651,0.30753827,1,1,228,194,150,151
1,4485,0.29886521,0.27833130,0.28859825,1,1,228,194,150,151
1,4486,0.30051056,0.25986337,0.28018697,1,1,228,194,150,151
1,4487,0.28910733,0.25986337,0.27448535,1,1,228,178,150,150
1,4488,0.30648105,0.26117585,0.28382845,1,1,228,194,150,151
1,4489,0.30648105,0.29677582,0.30162843,1,1,228,194,150,151
1,4490,0.29886521,0.27833130,0.28859825,1,1,228,194,150,151
1,4491,0.32019315,0.26980042,0.29499678,1,1,228,194,150,151
1,4492,0.28910733,0.26980042,0.27945387,1,1,228,178,150,150
1,4493,0.30051056,0.26980042,0.28515549,1,1,228,194,150,151
1,4494,0.31721052,0.29677582,0.30699317,1,1,228,194,150,151
1,4495,0.28082797,0.28897454,0.28490125,1,1,228,194,150,151
1,4496,0.29886521,0.30804304,0.30345412,1,1,228,194,150,151
1,4497,0.28082797,0.25986337,0.27034567,1,1,228,194,150,151
1,4498,0.27929039,0.27116308,0.27522673,1,1,228,194,150,151
1,4499,0.30051056,0.26980042,0.28515549,1,1,228,194,150,151
1,4500,0.25129102,0.26117585,0.25623343,1,1,228,194,150,151
1,4501,0.30051056,0.27017162,0.28534109,1,1,228,194,150,151
1,4502,0.29886521,0.27853271,0.28869896,1,1,228,194,150,151
1,4503,0.26120266,0.26028961,0.26074614,1,1,228,194,150,151
1,4504,0.31844003,0.29778629,0.30811316,1,1,228,178,150,150
1,4505,0.29886521,0.27948107,0.28917314,1,1,228,178,150,150
1,4506,0.30051056,0.29778629,0.29914842,1,1,228,194,150,151
1,4507,0.27941674,0.27816859,0.27879266,1,1,228,178,150,150
1,4508,0.29763569,0.29677582,0.29720575,1,1,228,194,150,151
1,4509,0.29909933,0.29677582,0.29793757,1,1,228,178,150,150
1,4510,0.28764136,0.29778629,0.29271382,1,1,228,178,150,150
1,4511,0.29746171,0.29778629,0.29762400,1,1,228,178,150,150
1,4512,0.28774965,0.30804304,0.29789634,1,1,228,178,150,150
1,4513,0.29909933,0.29016828,0.29463380,1,1,228,178,150,150
1,4514,0.31895686,0.29663651,0.30779669,1,1,228,178,150,150
1,4515,0.32019315,0.29663651,0.30841483,1,1,228,178,150,150
1,4516,0.33805313,0.29778629,0.31791971,1,1,228,178,150,150
1,4517,0.32019315,0.28944479,0.30481897,1,1,228,178,150,150
1,4518,0.29235267,0.30797974,0.30016621,1,1,228,178,150,150
1,4519,0.29909933,0.29663651,0.29786792,1,1,228,178,150,150
1,4520,0.30051056,0.26117585,0.28084320,1,1,228,178,150,150
1,4521,0.29927427,0.29778629,0.29853028,1,1,228,178,150,150
1,4522,0.33991422,0.29448408,0.31719915,1,1,228,178,150,150
1,4523,0.33991422,0.29663651,0.31827537,1,1,228,178,150,150
1,4524,0.33805313,0.31612729,0.32709021,1,1,228,178,150,150
1,4525,0.32019315,0.27833130,0.29926222,1,1,228,194,150,151
1,4526,0.30804304,0.29663651,0.30233978,1,1,228,178,150,150
1,4527,0.30804304,0.31612729,0.31208516,1,1,228,178,150,150
1,4528,0.30051056,0.29663651,0.29857354,1,1,228,194,150,151
1,4529,0.30051056,0.30678600,0.30364828,1,1,228,178,150,150
1,4530,0.32701577,0.29778629,0.31240103,1,1,228,178,150,150
1,4531,0.32019315,0.29778629,0.30898972,1,1,228,178,150,150
1,4532,0.33991422,0.29663651,0.31827537,1,1,228,178,150,150
1,4533,0.31844003,0.29663651,0.30753827,1,1,228,194,150,151
1,4534,0.32019315,0.30489541,0.31254428,1,1,228,178,150,150
1,4535,0.30051056,0.29548674,0.29799865,1,1,228,194,150,151
1,4536,0.31844003,0.31395466,0.31619735,1,1,228,194,150,151
1,4537,0.30804304,0.29778629,0.30291466,1,1,228,178,150,150
1,4538,0.32019315,0.29778629,0.30898972,1,1,228,178,150,150
1,4539,0.31155728,0.29663651,0.30409690,1,1,228,178,150,150
1,4540,0.30804304,0.29778629,0.30291466,1,1,228,178,150,150
1,4541,0.31844003,0.29548674,0.30696339,1,1,228,178,150,150
1,4542,0.32019315,0.31395466,0.31707391,1,1,228,178,150,150
1,4543,0.32019315,0.30797974,0.31408645,1,1,228,178,150,150
1,4544,0.33867793,0.31510444,0.32689118,1,1,228,178,150,150
1,4545,0.32019315,0.29663651,0.30841483,1,1,228,178,150,150
1,4546,0.32019315,0.29663651,0.30841483,1,1,228,178,150,150
1,4547,0.30685366,0.31510444,0.31097905,1,1,228,178,150,150
1,4548,0.28910733,0.29778629,0.29344681,1,1,228,178,150,150
1,4549,0.32535758,0.31510444,0.32023101,1,1,228,178,150,150
1,4550,0.32847777,0.29663651,0.31255714,1,1,228,194,150,151
1,4551,0.30804304,0.31395466,0.31099885,1,1,228,178,150,150
1,4552,0.30804304,0.31497752,0.31151028,1,1,228,178,150,150
1,4553,0.32673615,0.30393267,0.31533441,1,1,228,194,150,151
1,4554,0.32384601,0.31510444,0.31947522,1,1,228,178,150,150
1,4555,0.30648105,0.31612729,0.31130417,1,1,228,178,150,150
1,4556,0.31155728,0.31612729,0.31384229,1,1,228,178,150,150
1,4557,0.32019315,0.31612729,0.31816022,1,1,228,178,150,150
1,4558,0.32019315,0.30390889,0.31205102,1,1,228,178,150,150
1,4559,0.32701577,0.31510444,0.32106010,1,1,228,178,150,150
1,4560,0.32535758,0.33446830,0.32991294,1,1,228,194,150,151
1,4561,0.32535758,0.32715387,0.32625572,1,1,228,194,150,151
1,4562,0.30648105,0.29548674,0.30098390,1,1,228,194,150,151
1,4563,0.32535758,0.32159825,0.32347792,1,1,228,194,150,151
1,4564,0.32535758,0.33231397,0.32883578,1,1,228,194,150,151
1,4565,0.32847777,0.32156617,0.32502197,1,1,228,194,150,151
1,4566,0.30804304,0.29663651,0.30233978,1,1,228,178,150,150
1,4567,0.32701577,0.29663651,0.31182614,1,1,228,194,150,151
1,4568,0.32701577,0.29663651,0.31182614,1,1,228,178,150,150
1,4569,0.30804304,0.29663651,0.30233978,1,1,228,178,150,150
1,4570,0.32847777,0.32156617,0.32502197,1,1,228,178,150,150
1,4571,0.30804304,0.31505459,0.31154881,1,1,228,178,150,150
1,4572,0.30648105,0.30184385,0.30416245,1,1,228,178,150,150
1,4573,0.32701577,0.29663651,0.31182614,1,1,228,178,150,150
1,4574,0.30804304,0.29548674,0.30176489,1,1,228,178,150,150
1,4575,0.30051056,0.29778629,0.29914842,1,1,228,178,150,150
1,4576,0.30051056,0.25898159,0.27974607,1,1,228,178,150,150
1,4577,0.30051056,0.26028961,0.28040008,1,1,228,178,150,150
1,4578,0.31895686,0.26028961,0.28962324,1,1,228,178,150,150
1,4579,0.31844003,0.27853271,0.29848637,1,1,228,178,150,150
1,4580,0.33682361,0.29677582,0.31679971,1,1,228,178,150,150
1,4581,0.32019315,0.29677582,0.30848448,1,1,228,178,150,150
1,4582,0.30051056,0.29677582,0.29864319,1,1,228,178,150,150
1,4583,0.30051056,0.29677582,0.29864319,1,1,228,178,150,150
1,4584,0.29886521,0.29562995,0.29724758,1,1,228,178,150,150
1,4585,0.30648105,0.29677582,0.30162843,1,1,228,178,150,150
1,4586,0.31844003,0.29677582,0.30760793,1,1,228,178,150,150
1,4587,0.31721052,0.29677582,0.30699317,1,1,228,178,150,150
1,4588,0.29746171,0.29562995,0.29654583,1,1,228,178,150,150
1,4589,0.31284300,0.29778629,0.30531464,1,1,228,178,150,150
1,4590,0.31844003,0.29677582,0.30760793,1,1,228,178,150,150
1,4591,0.31721052,0.29663651,0.30692352,1,1,228,178,150,150
1,4592,0.31844003,0.29778629,0.30811316,1,1,228,178,150,150
1,4593,0.28764136,0.27833130,0.28298633,1,1,228,178,150,150
1,4594,0.27929039,0.29663651,0.28796345,1,1,228,178,150,150
1,4595,0.29886521,0.29663651,0.29775086,1,1,228,178,150,150
1,4596,0.29886521,0.29663651,0.29775086,1,1,228,178,150,150
1,4597,0.30051056,0.26117585,0.28084320,1,1,228,178,150,150
1,4598,0.30051056,0.25986337,0.28018697,1,1,228,178,150,150
1,4599,0.30051056,0.26828537,0.28439796,1,1,228,178,150,150
1,4600,0.28082797,0.27890262,0.27986529,1,1,228,178,150,150
1,4601,0.28629056,0.25986337,0.27307697,1,1,228,178,150,150
1,4602,0.28774965,0.25986337,0.27380651,1,1,228,178,150,150
1,4603,0.28791795,0.25986337,0.27389066,1,1,228,178,150,150
1,4604,0.27788688,0.25986337,0.26887513,1,1,228,178,150,150
1,4605,0.28082797,0.25986337,0.27034567,1,1,228,178,150,150
1,4606,0.27017162,0.27890262,0.27453712,1,1,228,178,150,150
1,4607,0.28791795,0.27816859,0.28304327,1,1,228,178,150,150
1,4608,0.30051056,0.25855090,0.27953073,1,1,228,178,150,150
1,4609,0.30648105,0.28519375,0.29583740,1,1,228,178,150,150
1,4610,0.28082797,0.27738684,0.27910740,1,1,228,178,150,150
1,4611,0.30051056,0.29778629,0.29914842,1,1,228,178,150,150
1,4612,0.28082797,0.25986337,0.27034567,1,1,228,178,150,150
1,4613,0.30051056,0.27948107,0.28999581,1,1,228,178,150,150
1,4614,0.29886521,0.29778629,0.29832575,1,1,228,178,150,150
1,4615,0.30051056,0.29677582,0.29864319,1,1,228,178,150,150
1,4616,0.28910733,0.25986337,0.27448535,1,1,228,178,150,150
1,4617,0.30051056,0.27833130,0.28942093,1,1,228,178,150,150
1,4618,0.31844003,0.29839754,0.30841879,1,1,228,178,150,150
1,4619,0.31844003,0.30797974,0.31320989,1,1,228,178,150,150
1,4620,0.31844003,0.29778629,0.30811316,1,1,228,178,150,150
1,4621,0.31844003,0.31612729,0.31728366,1,1,228,178,150,150
1,4622,0.31844003,0.33446830,0.32645417,1,1,228,178,150,150
1,4623,0.31844003,0.33344544,0.32594274,1,1,228,178,150,150
1,4624,0.30648105,0.33242259,0.31945182,1,1,228,178,150,150
1,4625,0.32701577,0.29778629,0.31240103,1,1,228,178,150,150
1,4626,0.31844003,0.29778629,0.30811316,1,1,228,178,150,150
1,4627,0.33805313,0.29663651,0.31734482,1,1,228,178,150,150
1,4628,0.32019315,0.29663651,0.30841483,1,1,228,178,150,150
1,4629,0.31844003,0.33446830,0.32645417,1,1,228,178,150,150
1,4630,0.33991422,0.31395466,0.32693444,1,1,228,178,150,150
1,4631,0.34168599,0.29548674,0.31858637,1,1,228,178,150,150
1,4632,0.34168599,0.29663651,0.31916125,1,1,228,194,150,151
1,4633,0.31983538,0.29663651,0.30823595,1,1,228,194,150,151
1,4634,0.32384601,0.29778629,0.31081615,1,1,228,178,150,150
1,4635,0.30804304,0.29778629,0.30291466,1,1,228,178,150,150
1,4636,0.31895686,0.29778629,0.30837157,1,1,228,178,150,150
1,4637,0.31844003,0.29778629,0.30811316,1,1,228,178,150,150
1,4638,0.31844003,0.29579210,0.30711607,1,1,228,178,150,150
1,4639,0.32019315,0.30797974,0.31408645,1,1,228,178,150,150
1,4640,0.32019315,0.29778629,0.30898972,1,1,228,178,150,150
1,4641,0.32019315,0.29778629,0.30898972,1,1,228,178,150,150
1,4642,0.30051056,0.29663651,0.29857354,1,1,228,178,150,150
1,4643,0.30051056,0.29778629,0.29914842,1,1,228,178,150,150
1,4644,0.31844003,0.31612729,0.31728366,1,1,228,178,150,150
1,4645,0.31844003,0.26870008,0.29357006,1,1,228,178,150,150
1,4646,0.29927427,0.25986337,0.27956882,1,1,228,178,150,150
1,4647,0.29886521,0.28897454,0.29391988,1,1,228,178,150,150
1,4648,0.28764136,0.29677582,0.29220859,1,1,228,178,150,150
1,4649,0.26880166,0.27853271,0.27366719,1,1,228,178,150,150
1,4650,0.29886521,0.29778629,0.29832575,1,1,228,178,150,150
1,4651,0.31895686,0.29778629,0.30837157,1,1,228,178,150,150
1,4652,0.28910733,0.29778629,0.29344681,1,1,228,178,150,150
1,4653,0.30051056,0.26028961,0.28040008,1,1,228,178,150,150
1,4654,0.30299354,0.27853271,0.29076313,1,1,228,178,150,150
1,4655,0.30051056,0.26028961,0.28040008,1,1,228,178,150,150
1,4656,0.30051056,0.27948107,0.28999581,1,1,228,178,150,150
1,4657,0.30051056,0.29677582,0.29864319,1,1,228,178,150,150
1,4658,0.29886521,0.27853271,0.28869896,1,1,228,178,150,150
1,4659,0.30051056,0.29778629,0.29914842,1,1,228,178,150,150
1,4660,0.27017162,0.29778629,0.28397895,1,1,228,178,150,150
1,4661,0.28082797,0.27833130,0.27957963,1,1,228,178,150,150
1,4662,0.27648338,0.25986337,0.26817338,1,1,228,178,150,150
1,4663,0.27941674,0.27948107,0.27944890,1,1,228,178,150,150
1,4664,0.29746171,0.28629917,0.29188044,1,1,228,178,150,150
1,4665,0.29786304,0.29778629,0.29782466,1,1,228,178,150,150
1,4666,0.29786304,0.27816859,0.28801582,1,1,228,178,150,150
1,4667,0.29763569,0.29778629,0.29771099,1,1,228,178,150,150
1,4668,0.28082797,0.26117585,0.27100191,1,1,228,178,150,150
1,4669,0.29786304,0.27948107,0.28867205,1,1,228,178,150,150
1,4670,0.29927427,0.29778629,0.29853028,1,1,228,178,150,150
1,4671,0.31844003,0.27853271,0.29848637,1,1,228,178,150,150
1,4672,0.31721052,0.27738684,0.29729868,1,1,228,178,150,150
1,4673,0.32207289,0.25898159,0.29052724,1,1,228,178,150,150
1,4674,0.30051056,0.29562995,0.29807025,1,1,228,178,150,150
1,4675,0.29886521,0.25898159,0.27892340,1,1,228,194,150,151
1,4676,0.31844003,0.29677582,0.30760793,1,1,228,178,150,150
1,4677,0.31844003,0.30489541,0.31166772,1,1,228,178,150,150
1,4678,0.30648105,0.27722469,0.29185287,1,1,228,178,150,150
1,4679,0.31844003,0.27607882,0.29725943,1,1,228,178,150,150
1,4680,0.33805313,0.31612729,0.32709021,1,1,228,178,150,150
1,4681,0.32019315,0.29677582,0.30848448,1,1,228,178,150,150
1,4682,0.32019315,0.29677582,0.30848448,1,1,228,178,150,150
1,4683,0.31844003,0.29677582,0.30760793,1,1,228,178,150,150
1,4684,0.30299354,0.27853271,0.29076313,1,1,228,178,150,150
1,4685,0.31844003,0.29677582,0.30760793,1,1,228,178,150,150
1,4686,0.31844003,0.29677582,0.30760793,1,1,228,178,150,150
1,4687,0.30416342,0.29778629,0.30097485,1,1,228,178,150,150
1,4688,0.31721052,0.28720605,0.30220828,1,1,228,178,150,150
1,4689,0.31721052,0.28720605,0.30220828,1,1,228,178,150,150
1,4690,0.31721052,0.29081047,0.30401049,1,1,228,178,150,150
1,4691,0.31721052,0.26028961,0.28875006,1,1,228,178,150,150
1,4692,0.31844003,0.28910733,0.30377368,1,1,228,178,150,150
1,4693,0.33682361,0.28910733,0.31296547,1,1,228,178,150,150
1,4694,0.29909933,0.29778629,0.29844281,1,1,228,178,150,150
1,4695,0.29746171,0.28720605,0.29233388,1,1,228,178,150,150
1,4696,0.29886521,0.30917348,0.30401935,1,1,228,178,150,150
1,4697,0.32019315,0.31612729,0.31816022,1,1,228,178,150,150
1,4698,0.32019315,0.30917348,0.31468331,1,1,228,178,150,150
1,4699,0.32019315,0.30804304,0.31411809,1,1,228,178,150,150
1,4700,0.30804304,0.31612729,0.31208516,1,1,228,178,150,150
1,4701,0.32019315,0.29778629,0.30898972,1,1,228,178,150,150
1,4702,0.28910733,0.29778629,0.29344681,1,1,228,178,150,150
1,4703,0.30051056,0.29778629,0.29914842,1,1,228,194,150,151
1,4704,0.28764136,0.27017162,0.27890649,1,1,228,178,150,150
1,4705,0.28764136,0.26028961,0.27396548,1,1,228,194,150,151
1,4706,0.30051056,0.29016828,0.29533942,1,1,228,178,150,150
1,4707,0.28910733,0.30917348,0.29914040,1,1,228,178,150,150
1,4708,0.29909933,0.30917348,0.30413640,1,1,228,178,150,150
1,4709,0.25955920,0.27948107,0.26952013,1,1,228,194,150,151
1,4710,0.31098792,0.29778629,0.30438710,1,1,228,194,150,151
1,4711,0.32535758,0.29562995,0.31049376,1,1,228,194,150,151
1,4712,0.31844003,0.31390872,0.31617438,1,1,228,194,150,151
1,4713,0.32019315,0.29663651,0.30841483,1,1,228,194,150,151
1,4714,0.32019315,0.29778629,0.30898972,1,1,228,194,150,151
1,4715,0.32019315,0.29778629,0.30898972,1,1,228,194,150,151
1,4716,0.32019315,0.29663651,0.30841483,1,1,228,194,150,151
1,4717,0.32019315,0.26980042,0.29499678,1,1,228,194,150,151
1,4718,0.32019315,0.27833130,0.29926222,1,1,228,194,150,151
1,4719,0.32019315,0.25986337,0.29002826,1,1,228,194,150,151
1,4720,0.32019315,0.26980042,0.29499678,1,1,228,194,150,151
1,4721,0.32019315,0.29663651,0.30841483,1,1,228,194,150,151
1,4722,0.32019315,0.27833130,0.29926222,1,1,228,194,150,151
1,4723,0.30051056,0.29778629,0.29914842,1,1,228,194,150,151
1,4724,0.30051056,0.27948107,0.28999581,1,1,228,194,150,151
1,4725,0.30051056,0.26117585,0.28084320,1,1,228,194,150,151
1,4726,0.32019315,0.25986337,0.29002826,1,1,228,194,150,151
1,4727,0.28910733,0.25986337,0.27448535,1,1,228,194,150,151
1,4728,0.32019315,0.27833130,0.29926222,1,1,228,194,150,151
1,4729,0.29310087,0.25986337,0.27648212,1,1,228,194,150,151
1,4730,0.28910733,0.25986337,0.27448535,1,1,228,194,150,151
1,4731,0.28082797,0.25855090,0.26968943,1,1,228,194,150,151
1,4732,0.27017162,0.25986337,0.26501750,1,1,228,194,150,151
1,4733,0.29310087,0.29548674,0.29429381,1,1,228,194,150,151
1,4734,0.30051056,0.27833130,0.28942093,1,1,228,194,150,151
1,4735,0.29909933,0.25986337,0.27948135,1,1,228,194,150,151
1,4736,0.29927427,0.26117585,0.28022506,1,1,228,194,150,151
1,4737,0.25955920,0.26028961,0.25992440,1,1,228,194,150,151
1,4738,0.25979143,0.26117585,0.26048364,1,1,228,194,150,151
1,4739,0.29786304,0.27816859,0.28801582,1,1,228,194,150,151
1,4740,0.27800550,0.27948107,0.27874329,1,1,228,194,150,151
1,4741,0.25955920,0.25986337,0.25971129,1,1,228,194,150,151
1,4742,0.27941674,0.27948107,0.27944890,1,1,228,194,150,151
1,4743,0.29786304,0.26117585,0.27951944,1,1,228,194,150,151
1,4744,0.31098792,0.26117585,0.28608188,1,1,228,194,150,151
1,4745,0.29886521,0.25986337,0.27936429,1,1,228,194,150,151
1,4746,0.31284300,0.26117585,0.28700943,1,1,228,194,150,151
1,4747,0.26120266,0.27948107,0.27034187,1,1,228,194,150,151
1,4748,0.26120266,0.27948107,0.27034187,1,1,228,194,150,151
1,4749,0.28082797,0.29663651,0.28873224,1,1,228,194,150,151
1,4750,0.30051056,0.25986337,0.28018697,1,1,228,194,150,151
1,4751,0.25979143,0.26117585,0.26048364,1,1,228,194,150,151
1,4752,0.25814797,0.25986337,0.25900567,1,1,228,194,150,151
1,4753,0.27929039,0.26117585,0.27023312,1,1,228,194,150,151
1,4754,0.29927427,0.25986337,0.27956882,1,1,228,194,150,151
1,4755,0.32019315,0.25986337,0.29002826,1,1,228,194,150,151
1,4756,0.32019315,0.29663651,0.30841483,1,1,228,194,150,151
1,4757,0.32019315,0.27833130,0.29926222,1,1,228,194,150,151
1,4758,0.31844003,0.26844229,0.29344116,1,1,228,194,150,151
1,4759,0.32019315,0.29724541,0.30871928,1,1,228,194,150,151
1,4760,0.32019315,0.29778629,0.30898972,1,1,228,194,150,151
1,4761,0.32019315,0.30797974,0.31408645,1,1,228,194,150,151
1,4762,0.30051056,0.27873958,0.28962507,1,1,228,194,150,151
1,4763,0.32019315,0.27873958,0.29946636,1,1,228,194,150,151
1,4764,0.28082797,0.25063053,0.26572925,1,1,228,194,150,151
1,4765,0.28082797,0.25986337,0.27034567,1,1,228,194,150,151
1,4766,0.28082797,0.25986337,0.27034567,1,1,228,194,150,151
1,4767,0.30051056,0.26717645,0.28384350,1,1,228,194,150,151
1,4768,0.30051056,0.27816859,0.28933958,1,1,228,194,150,151
1,4769,0.30051056,0.27816859,0.28933958,1,1,228,194,150,151
1,4770,0.30051056,0.27816859,0.28933958,1,1,228,194,150,151
1,4771,0.29886521,0.27948107,0.28917314,1,1,228,194,150,151
1,4772,0.27941674,0.26039679,0.26990676,1,1,228,194,150,151
1,4773,0.29886521,0.29677582,0.29782051,1,1,228,194,150,151
1,4774,0.31895686,0.26117585,0.29006636,1,1,228,194,150,151
1,4775,0.31008684,0.29778629,0.30393656,1,1,228,194,150,151
1,4776,0.27800550,0.26117585,0.26959068,1,1,228,194,150,151
1,4777,0.31772058,0.25986337,0.28879198,1,1,228,194,150,151
1,4778,0.29746171,0.27948107,0.28847139,1,1,228,194,150,151
1,4779,0.29235267,0.29778629,0.29506948,1,1,228,194,150,151
1,4780,0.28082797,0.27833130,0.27957963,1,1,228,194,150,151
1,4781,0.29235267,0.27116308,0.28175788,1,1,228,194,150,151
1,4782,0.30051056,0.25986337,0.28018697,1,1,228,194,150,151
1,4783,0.28082797,0.25986337,0.27034567,1,1,228,194,150,151
1,4784,0.28082797,0.25986337,0.27034567,1,1,228,194,150,151
1,4785,0.30051056,0.27833130,0.28942093,1,1,228,194,150,151
1,4786,0.33135674,0.28910733,0.31023203,1,1,228,194,150,151
1,4787,0.28082797,0.27116308,0.27599552,1,1,228,194,150,151
1,4788,0.31844003,0.27722469,0.29783236,1,1,228,194,150,151
1,4789,0.30051056,0.26980042,0.28515549,1,1,228,194,150,151
1,4790,0.31844003,0.30797974,0.31320989,1,1,228,194,150,151
1,4791,0.31844003,0.28774965,0.30309484,1,1,228,194,150,151
1,4792,0.31844003,0.26028961,0.28936482,1,1,228,194,150,151
1,4793,0.32019315,0.27816859,0.29918087,1,1,228,194,150,151
1,4794,0.30051056,0.26028961,0.28040008,1,1,228,194,150,151
1,4795,0.30051056,0.29778629,0.29914842,1,1,228,194,150,151
1,4796,0.29886521,0.29663651,0.29775086,1,1,228,194,150,151
1,4797,0.32019315,0.27816859,0.29918087,1,1,228,194,150,151
1,4798,0.30051056,0.29778629,0.29914842,1,1,228,194,150,151
1,4799,0.30051056,0.27948107,0.28999581,1,1,228,194,150,151
1,4800,0.32019315,0.29778629,0.30898972,1,1,228,194,150,151
1,4801,0.29886521,0.26028961,0.27957741,1,1,228,194,150,151
1,4802,0.29909933,0.27833130,0.28871531,1,1,228,194,150,151
1,4803,0.30051056,0.30917348,0.30484202,1,1,228,194,150,151
1,4804,0.31772058,0.29663651,0.30717855,1,1,228,194,150,151
1,4805,0.29786304,0.27853271,0.28819788,1,1,228,194,150,151
1,4806,0.30051056,0.29778629,0.29914842,1,1,228,194,150,151
1,4807,0.31772058,0.27853271,0.29812664,1,1,228,194,150,151
1,4808,0.29927427,0.29778629,0.29853028,1,1,228,194,150,151
1,4809,0.31895686,0.29778629,0.30837157,1,1,228,194,150,151
1,4810,0.30051056,0.26117585,0.28084320,1,1,228,194,150,151
1,4811,0.28082797,0.26980042,0.27531419,1,1,228,194,150,151
1,4812,0.28941438,0.27816859,0.28379149,1,1,228,194,150,151
1,4813,0.28774965,0.29663651,0.29219308,1,1,228,194,150,151
1,4814,0.31772058,0.25986337,0.28879198,1,1,228,194,150,151
1,4815,0.28629056,0.29663651,0.29146354,1,1,228,194,150,151
1,4816,0.27941674,0.26039679,0.26990676,1,1,228,194,150,151
1,4817,0.26610007,0.25986337,0.26298172,1,1,228,194,150,151
1,4818,0.27941674,0.26117585,0.27029629,1,1,228,194,150,151
1,4819,0.28082797,0.27116308,0.27599552,1,1,228,194,150,151
1,4820,0.27929039,0.25986337,0.26957688,1,1,228,194,150,151
1,4821,0.27929039,0.25986337,0.26957688,1,1,228,194,150,151
1,4822,0.30051056,0.27116308,0.28583682,1,1,228,194,150,151
1,4823,0.27788688,0.26117585,0.26953136,1,1,228,194,150,151
1,4824,0.28082797,0.27116308,0.27599552,1,1,228,194,150,151
1,4825,0.29886521,0.25986337,0.27936429,1,1,228,194,150,151
1,4826,0.28656027,0.25986337,0.27321182,1,1,228,194,150,151
1,4827,0.27788688,0.25986337,0.26887513,1,1,228,194,150,151
1,4828,0.26120266,0.25986337,0.26053302,1,1,228,194,150,151
1,4829,0.26120266,0.27948107,0.27034187,1,1,228,194,150,151
1,4830,0.29235267,0.26171196,0.27703231,1,1,228,194,150,151
1,4831,0.27941674,0.25986337,0.26964006,1,1,228,194,150,151
1,4832,0.31098792,0.26117585,0.28608188,1,1,228,194,150,151
1,4833,0.29909933,0.28880562,0.29395247,1,1,228,194,150,151
1,4834,0.29746171,0.27948107,0.28847139,1,1,228,194,150,151
1,4835,0.29235267,0.24292391,0.26763829,1,1,228,194,150,151
1,4836,0.30952748,0.27948107,0.29450427,1,1,228,194,150,151
1,4837,0.31284300,0.27948107,0.29616204,1,1,228,194,150,151
1,4838,0.27800550,0.27948107,0.27874329,1,1,228,194,150,151
1,4839,0.31137386,0.26980042,0.29058714,1,1,228,194,150,151
1,4840,0.26120266,0.26117585,0.26118926,1,1,228,194,150,151
1,4841,0.31284300,0.26117585,0.28700943,1,1,228,194,150,151
1,4842,0.25955920,0.26117585,0.26036752,1,1,228,194,150,151
1,4843,0.27800550,0.27948107,0.27874329,1,1,228,194,150,151
1,4844,0.29786304,0.29778629,0.29782466,1,1,228,194,150,151
1,4845,0.29886521,0.26028961,0.27957741,1,1,228,194,150,151
1,4846,0.25955920,0.25986337,0.25971129,1,1,228,194,150,151
1,4847,0.29088353,0.25986337,0.27537345,1,1,228,194,150,151
1,4848,0.31895686,0.25986337,0.28941012,1,1,228,194,150,151
1,4849,0.33805313,0.29663651,0.31734482,1,1,228,194,150,151
1,4850,0.33805313,0.29663651,0.31734482,1,1,228,194,150,151
1,4851,0.32019315,0.29778629,0.30898972,1,1,228,194,150,151
1,4852,0.32019315,0.30917348,0.31468331,1,1,228,194,150,151
1,4853,0.32019315,0.29663651,0.30841483,1,1,228,194,150,151
1,4854,0.30051056,0.29562995,0.29807025,1,1,228,194,150,151
1,4855,0.32701577,0.29677582,0.31189579,1,1,228,194,150,151
1,4856,0.33135674,0.27948107,0.30541891,1,1,228,194,150,151
1,4857,0.31844003,0.27816859,0.29830431,1,1,228,194,150,151
1,4858,0.30051056,0.27816859,0.28933958,1,1,228,194,150,151
1,4859,0.29886521,0.26117585,0.28002053,1,1,228,194,150,151
1,4860,0.32019315,0.25063053,0.28541184,1,1,228,194,150,151
1,4861,0.31844003,0.28519375,0.30181689,1,1,228,194,150,151
1,4862,0.29886521,0.25986337,0.27936429,1,1,228,194,150,151
1,4863,0.31844003,0.30797974,0.31320989,1,1,228,194,150,151
1,4864,0.33991422,0.29663651,0.31827537,1,1,228,194,150,151
1,4865,0.33805313,0.29663651,0.31734482,1,1,228,194,150,151
1,4866,0.35766623,0.31510444,0.33638533,1,1,228,194,150,151
1,4867,0.33805313,0.33344544,0.33574929,1,1,228,194,150,151
1,4868,0.35766623,0.31510444,0.33638533,1,1,228,194,150,151
1,4869,0.33991422,0.29663651,0.31827537,1,1,228,194,150,151
1,4870,0.32019315,0.28720605,0.30369960,1,1,228,194,150,151
1,4871,0.32019315,0.29663651,0.30841483,1,1,228,194,150,151
1,4872,0.33991422,0.33446830,0.33719126,1,1,228,194,150,151
1,4873,0.31844003,0.29778629,0.30811316,1,1,228,194,150,151
1,4874,0.32019315,0.31505459,0.31762387,1,1,228,194,150,151
1,4875,0.32019315,0.31612729,0.31816022,1,1,228,194,150,151
1,4876,0.32535758,0.29778629,0.31157193,1,1,228,194,150,151
1,4877,0.28082797,0.29016828,0.28549812,1,1,228,194,150,151
1,4878,0.23993390,0.22390959,0.23192175,1,1,228,194,150,151
1,4879,0.25979143,0.22467197,0.24223170,1,1,228,194,150,151
1,4880,0.23993390,0.23059873,0.23526631,1,1,228,194,150,151
1,4881,0.26120266,0.24292391,0.25206329,1,1,228,194,150,151
1,4882,0.26058880,0.23326331,0.24692606,1,1,228,194,150,151
1,4883,0.28052511,0.24342255,0.26197383,1,1,228,194,150,151
1,4884,0.28082797,0.26117585,0.27100191,1,1,228,194,150,151
1,4885,0.28082797,0.26980042,0.27531419,1,1,228,194,150,151
1,4886,0.28082797,0.26980042,0.27531419,1,1,228,194,150,151
1,4887,0.28052511,0.25221319,0.26636915,1,1,228,194,150,151
1,4888,0.28082797,0.28774965,0.28428881,1,1,228,194,150,151
1,4889,0.30051056,0.27816859,0.28933958,1,1,228,194,150,151
1,4890,0.28082797,0.24210738,0.26146767,1,1,228,194,150,151
1,4891,0.28082797,0.24139545,0.26111171,1,1,228,194,150,151
1,4892,0.28082797,0.27116308,0.27599552,1,1,228,194,150,151
1,4893,0.26120266,0.26117585,0.26118926,1,1,228,194,150,151
1,4894,0.28082797,0.26117585,0.27100191,1,1,228,194,150,151
1,4895,0.27941674,0.25986337,0.26964006,1,1,228,194,150,151
1,4896,0.28082797,0.26117585,0.27100191,1,1,228,194,150,151
1,4897,0.27800550,0.27948107,0.27874329,1,1,228,194,150,151
1,4898,0.25979143,0.25986337,0.25982740,1,1,228,194,150,151
1,4899,0.27800550,0.26117585,0.26959068,1,1,228,194,150,151
1,4900,0.26120266,0.25986337,0.26053302,1,1,228,194,150,151
1,4901,0.26120266,0.25986337,0.26053302,1,1,228,194,150,151
1,4902,0.29235267,0.26117585,0.27676426,1,1,228,194,150,151
1,4903,0.27941674,0.26028961,0.26985317,1,1,228,194,150,151
1,4904,0.31098792,0.26028961,0.28563876,1,1,228,194,150,151
1,4905,0.25977253,0.26028961,0.26003107,1,1,228,194,150,151
1,4906,0.27030954,0.24161143,0.25596049,1,1,228,194,150,151
1,4907,0.27929039,0.24292391,0.26110715,1,1,228,194,150,151
1,4908,0.29886521,0.24161143,0.27023832,1,1,228,194,150,151
1,4909,0.31284300,0.26117585,0.28700943,1,1,228,194,150,151
1,4910,0.31284300,0.26881394,0.29082847,1,1,228,194,150,151
1,4911,0.29746171,0.26881394,0.28313782,1,1,228,194,150,151
1,4912,0.27788688,0.25898159,0.26843423,1,1,228,194,150,151
1,4913,0.27941674,0.25986337,0.26964006,1,1,228,194,150,151
1,4914,0.27021107,0.26117585,0.26569346,1,1,228,194,150,151
1,4915,0.25955920,0.27816859,0.26886390,1,1,228,194,150,151
1,4916,0.27941674,0.26117585,0.27029629,1,1,228,194,150,151
1,4917,0.29746171,0.26117585,0.27931878,1,1,228,194,150,151
1,4918,0.30051056,0.25898159,0.27974607,1,1,228,194,150,151
1,4919,0.29927427,0.26028961,0.27978194,1,1,228,194,150,151
1,4920,0.29909933,0.26117585,0.28013759,1,1,228,194,150,151
1,4921,0.27941674,0.29016828,0.28479251,1,1,228,194,150,151
1,4922,0.25673456,0.28897454,0.27285455,1,1,228,194,150,151
1,4923,0.27788688,0.27948107,0.27868397,1,1,228,194,150,151
1,4924,0.25979143,0.27948107,0.26963625,1,1,228,194,150,151
1,4925,0.25955920,0.27816859,0.26886390,1,1,228,194,150,151
1,4926,0.29927427,0.25986337,0.27956882,1,1,228,194,150,151
1,4927,0.31721052,0.29778629,0.30749840,1,1,228,194,150,151
1,4928,0.30051056,0.29778629,0.29914842,1,1,228,194,150,151
1,4929,0.31284300,0.29778629,0.30531464,1,1,228,194,150,151
1,4930,0.31284300,0.29778629,0.30531464,1,1,228,194,150,151
1,4931,0.31844003,0.29778629,0.30811316,1,1,228,194,150,151
1,4932,0.30051056,0.29778629,0.29914842,1,1,228,194,150,151
1,4933,0.30051056,0.29677582,0.29864319,1,1,228,194,150,151
1,4934,0.30051056,0.29778629,0.29914842,1,1,228,194,150,151
1,4935,0.31664577,0.29663651,0.30664114,1,1,228,194,150,151
1,4936,0.28082797,0.27738684,0.27910740,1,1,228,194,150,151
1,4937,0.30051056,0.26028961,0.28040008,1,1,228,194,150,151
1,4938,0.31844003,0.25986337,0.28915170,1,1,228,194,150,151
1,4939,0.29886521,0.29663651,0.29775086,1,1,228,194,150,151
1,4940,0.30051056,0.25898159,0.27974607,1,1,228,194,150,151
1,4941,0.30051056,0.28774965,0.29413010,1,1,228,194,150,151
1,4942,0.30051056,0.28774965,0.29413010,1,1,228,194,150,151
1,4943,0.28910733,0.25898159,0.27404446,1,1,228,194,150,151
1,4944,0.30529771,0.29663651,0.30096711,1,1,228,194,150,151
1,4945,0.28910733,0.29778629,0.29344681,1,1,228,194,150,151
1,4946,0.30051056,0.29677582,0.29864319,1,1,228,194,150,151
1,4947,0.30051056,0.29663651,0.29857354,1,1,228,194,150,151
1,4948,0.28774965,0.29663651,0.29219308,1,1,228,194,150,151
1,4949,0.24978038,0.23326331,0.24152184,1,1,228,194,150,151
1,4950,0.16652218,0.14234827,0.15443523,1,1,228,194,150,151
1,4951,0.15164724,0.12324555,0.13744639,1,1,228,194,150,151
1,4952,0.13176157,0.12324555,0.12750356,1,1,228,194,150,151
1,4953,0.11529936,0.11538462,0.11534199,1,1,228,194,150,151
1,4954,0.10316305,0.11103498,0.10709902,1,1,228,194,150,151
1,4955,0.15949045,0.13451592,0.14700319,1,1,228,194,150,151
1,4956,0.15949045,0.14804664,0.15376854,1,1,228,194,150,151
1,4957,0.13657932,0.14774337,0.14216134,1,1,228,194,150,151
1,4958,0.15811388,0.14804664,0.15308026,1,1,228,194,150,151
1,4959,0.16194472,0.15373249,0.15783860,1,1,228,178,150,150
1,4960,0.15949045,0.14774337,0.15361691,1,1,228,194,150,151
1,4961,0.16194472,0.15575344,0.15884908,1,1,228,194,150,151
1,4962,0.17942675,0.19363987,0.18653331,1,1,228,178,150,150
1,4963,0.17871782,0.18467921,0.18169852,1,1,245,189,125,126
1,4964,0.19363987,0.18467921,0.18915954,1,1,245,189,125,126
1,4965,0.22204264,0.22314351,0.22259308,1,1,244,178,151,150
1,4966,0.22127345,0.23008950,0.22568148,1,1,244,178,151,150
1,4967,0.23167641,0.22161506,0.22664573,1,1,245,189,125,126
1,4968,0.21172530,0.22924822,0.22048676,1,1,245,189,125,126
1,4969,0.24088565,0.22924822,0.23506694,1,1,245,189,125,126
1,4970,0.21843290,0.19857536,0.20850413,1,1,245,189,125,126
1,4971,0.21871855,0.22147814,0.22009834,1,1,228,178,150,150
1,4972,0.20672456,0.24088565,0.22380510,1,1,228,194,150,151
1,4973,0.21929936,0.22292343,0.22111140,1,1,231,203,125,126
1,4974,0.21172526,0.22127345,0.21649936,1,1,228,194,150,151
1,4975,0.25867838,0.25085471,0.25476654,1,1,228,194,150,151
1,4976,0.25149129,0.21172526,0.23160827,1,1,231,217,125,126
1,4977,0.23823145,0.20133714,0.21978430,1,1,231,217,125,126
1,4978,0.26224653,0.23115490,0.24670072,1,1,231,217,125,126
1,4979,0.24104044,0.25257298,0.24680671,1,1,231,203,125,126
1,4980,0.24216838,0.25322872,0.24769855,1,1,211,178,150,150
1,4981,0.26168128,0.25257298,0.25712713,1,1,231,189,125,126
1,4982,0.24913644,0.25257298,0.25085471,1,1,211,161,150,151
1,4983,0.29088353,0.24835224,0.26961788,1,1,211,161,150,151
1,4984,0.28052511,0.27017162,0.27534836,1,1,211,161,150,151
1,4985,0.27941674,0.27017162,0.27479418,1,1,211,161,150,151
1,4986,0.26989781,0.25085471,0.26037626,1,1,211,161,150,151
1,4987,0.25988886,0.25257298,0.25623092,1,1,217,189,126,126
1,4988,0.30628196,0.29361011,0.29994603,1,1,217,203,126,126
1,4989,0.32867483,0.30474281,0.31670882,1,1,211,194,150,151
1,4990,0.29514981,0.28487783,0.29001382,1,1,217,217,126,126
1,4991,0.31687512,0.25257298,0.28472405,1,1,211,211,150,150
1,4992,0.30320367,0.25257298,0.27788832,1,1,217,231,126,125
1,4993,0.26168128,0.26120266,0.26144197,1,1,217,231,126,125
1,4994,0.29424119,0.24157736,0.26790927,1,1,217,231,126,125
1,4995,0.31526414,0.25257298,0.28391856,1,1,217,231,126,125
1,4996,0.28487783,0.29235267,0.28861525,1,1,217,231,126,125
1,4997,0.27160725,0.27137328,0.27149026,1,1,217,231,126,125
1,4998,0.33333333,0.26347371,0.29840352,1,1,217,245,126,125
1,4999,0.28674418,0.25257298,0.26965858,1,1,217,245,126,125
1,5000,0.29434564,0.25257298,0.27345931,1,1,217,245,126,125
1,5001,0.31846487,0.27137328,0.29491907,1,1,217,231,126,125
1,5002,0.31846487,0.29213465,0.30529976,1,1,217,231,126,125
1,5003,0.31686450,0.27232127,0.29459289,1,1,211,211,150,150
1,5004,0.33918498,0.30170261,0.32044379,1,1,211,211,150,150
1,5005,0.30485539,0.27910828,0.29198184,1,1,211,211,150,150
1,5006,0.29274527,0.27207783,0.28241155,1,1,211,211,150,150
1,5007,0.31846487,0.29437240,0.30641864,1,1,211,211,150,150
1,5008,0.34078535,0.31222908,0.32650721,1,1,211,211,150,150
1,5009,0.33333333,0.29437240,0.31385287,1,1,211,211,150,150
1,5010,0.29620936,0.29065918,0.29343427,1,1,211,211,150,150
1,5011,0.31622777,0.30170261,0.30896519,1,1,231,231,125,125
1,5012,0.35669590,0.28261670,0.31965630,1,1,231,231,125,125
1,5013,0.34078535,0.27977626,0.31028080,1,1,231,231,125,125
1,5014,0.32622201,0.31974430,0.32298315,1,1,231,231,125,125
1,5015,0.34549274,0.31974430,0.33261852,1,1,231,231,125,125
1,5016,0.32412021,0.31898089,0.32155055,1,1,231,231,125,125
1,5017,0.34758863,0.31974430,0.33366646,1,1,231,231,125,125
1,5018,0.34534917,0.31974430,0.33254673,1,1,231,231,125,125
1,5019,0.34928901,0.32022208,0.33475555,1,1,231,231,125,125
1,5020,0.36661963,0.35995769,0.36328866,1,1,231,231,125,125
1,5021,0.38276214,0.31974430,0.35125322,1,1,231,231,125,125
1,5022,0.38276214,0.32098846,0.35187530,1,1,231,231,125,125
1,5023,0.35155402,0.32223262,0.33689332,1,1,231,231,125,125
1,5024,0.36310582,0.32098846,0.34204714,1,1,231,231,125,125
1,5025,0.36310582,0.33434027,0.34872304,1,1,231,231,125,125
1,5026,0.33839145,0.32146327,0.32992736,1,1,231,231,125,125
1,5027,0.33839145,0.30170261,0.32004703,1,1,231,231,125,125
1,5028,0.33839145,0.31142055,0.32490600,1,1,231,231,125,125
1,5029,0.33918498,0.29141381,0.31529940,1,1,231,231,125,125
1,5030,0.31526414,0.29141381,0.30333897,1,1,231,231,125,125
1,5031,0.31846487,0.29289311,0.30567899,1,1,231,231,125,125
1,5032,0.34534917,0.30242466,0.32388691,1,1,231,231,125,125
1,5033,0.32774856,0.29141381,0.30958118,1,1,231,231,125,125
1,5034,0.32622201,0.30170261,0.31396231,1,1,231,231,125,125
1,5035,0.34078535,0.29904459,0.31991497,1,1,231,217,125,126
1,5036,0.32622201,0.30242466,0.31432333,1,1,231,217,125,126
1,5037,0.34078535,0.28194194,0.31136364,1,1,231,217,125,126
1,5038,0.30332342,0.27977626,0.29154984,1,1,231,217,125,126
1,5039,0.30485539,0.30242466,0.30364003,1,1,231,217,125,126
1,5040,0.31846487,0.28261670,0.30054079,1,1,231,217,125,126
1,5041,0.32622201,0.30100444,0.31361322,1,1,231,217,125,126
1,5042,0.33918498,0.29976028,0.31947263,1,1,231,217,125,126
1,5043,0.30485539,0.28119648,0.29302594,1,1,231,217,125,126
1,5044,0.29274527,0.30242466,0.29758496,1,1,231,217,125,126
1,5045,0.32622201,0.29976028,0.31299114,1,1,231,217,125,126
1,5046,0.33699932,0.28119648,0.30909790,1,1,231,217,125,126
1,5047,0.32622201,0.29904459,0.31263330,1,1,231,217,125,126
1,5048,0.30485539,0.29141381,0.29813460,1,1,231,217,125,126
1,5049,0.31622777,0.28261670,0.29942223,1,1,231,217,125,126
1,5050,0.34624657,0.30242466,0.32433561,1,1,231,217,125,126
1,5051,0.34624657,0.31974430,0.33299543,1,1,231,217,125,126
1,5052,0.33938337,0.29437240,0.31687789,1,1,231,217,125,126
1,5053,0.34078535,0.29904459,0.31991497,1,1,231,217,125,126
1,5054,0.33938337,0.30170261,0.32054299,1,1,231,217,125,126
1,5055,0.36661963,0.32146327,0.34404145,1,1,231,217,125,126
1,5056,0.36661963,0.30242466,0.33452214,1,1,231,217,125,126
1,5057,0.38546993,0.32223262,0.35385128,1,1,228,194,150,151
1,5058,0.33839145,0.32146327,0.32992736,1,1,231,217,125,126
1,5059,0.34534917,0.32098846,0.33316881,1,1,228,194,150,151
1,5060,0.36899702,0.30100444,0.33500073,1,1,228,194,150,151
1,5061,0.36055513,0.32223262,0.34139387,1,1,228,194,150,151
1,5062,0.32469003,0.30170261,0.31319632,1,1,231,217,125,126
1,5063,0.32622201,0.32146327,0.32384264,1,1,231,217,125,126
1,5064,0.36899702,0.32098846,0.34499274,1,1,228,194,150,151
1,5065,0.36310582,0.31974430,0.34142506,1,1,228,194,150,151
1,5066,0.36310582,0.30242466,0.33276524,1,1,228,194,150,151
1,5067,0.34078535,0.29976028,0.32027281,1,1,228,194,150,151
1,5068,0.34534917,0.32702210,0.33618563,1,1,228,194,150,151
1,5069,0.36310582,0.32223262,0.34266922,1,1,228,194,150,151
1,5070,0.34758863,0.32223262,0.33491062,1,1,228,194,150,151
1,5071,0.34758863,0.30242466,0.32500664,1,1,228,194,150,151
1,5072,0.34758863,0.30866135,0.32812499,1,1,228,194,150,151
1,5073,0.34078535,0.30100444,0.32089489,1,1,228,194,150,151
1,5074,0.36899702,0.32098846,0.34499274,1,1,228,194,150,151
1,5075,0.36899702,0.32098846,0.34499274,1,1,228,194,150,151
1,5076,0.36310582,0.31974430,0.34142506,1,1,245,217,125,126
1,5077,0.32622201,0.32223262,0.32422731,1,1,228,211,150,150
1,5078,0.34401575,0.32022208,0.33211892,1,1,228,194,150,151
1,5079,0.38276214,0.32022208,0.35149211,1,1,228,194,150,151
1,5080,0.33918498,0.34002138,0.33960318,1,1,228,194,150,151
1,5081,0.32469003,0.30866135,0.31667569,1,1,245,217,125,126
1,5082,0.32622201,0.30118050,0.31370125,1,1,245,217,125,126
1,5083,0.33918498,0.28761188,0.31339843,1,1,245,217,125,126
1,5084,0.32487995,0.29976028,0.31232011,1,1,245,217,125,126
1,5085,0.34928901,0.32146327,0.33537614,1,1,228,194,150,151
1,5086,0.32622201,0.28261670,0.30441935,1,1,245,217,125,126
1,5087,0.34758863,0.34083514,0.34421188,1,1,228,194,150,151
1,5088,0.32622201,0.32146327,0.32384264,1,1,245,217,125,126
1,5089,0.34758863,0.32702210,0.33730536,1,1,245,217,125,126
1,5090,0.32622201,0.30866135,0.31744168,1,1,245,217,125,126
1,5091,0.31137386,0.29081047,0.30109216,1,1,245,217,125,126
1,5092,0.32622201,0.29976028,0.31299114,1,1,245,217,125,126
1,5093,0.34078535,0.30118050,0.32098292,1,1,245,217,125,126
1,5094,0.34534917,0.30797974,0.32666445,1,1,245,217,125,126
1,5095,0.33938337,0.32146327,0.33042332,1,1,245,217,125,126
1,5096,0.34078535,0.30170261,0.32124398,1,1,245,217,125,126
1,5097,0.32622201,0.32022208,0.32322205,1,1,245,217,125,126
1,5098,0.32622201,0.30118050,0.31370125,1,1,245,217,125,126
1,5099,0.34078535,0.30170261,0.32124398,1,1,245,217,125,126
1,5100,0.32622201,0.28824841,0.30723521,1,1,245,217,125,126
1,5101,0.34758863,0.30746497,0.32752680,1,1,245,217,125,126
1,5102,0.34534917,0.30118050,0.32326483,1,1,245,217,125,126
1,5103,0.34078535,0.27977626,0.31028080,1,1,245,217,125,126
1,5104,0.32622201,0.29976028,0.31299114,1,1,245,217,125,126
1,5105,0.32469003,0.28944479,0.30706741,1,1,245,217,125,126
1,5106,0.32487995,0.30678600,0.31583298,1,1,245,217,125,126
1,5107,0.32259811,0.31898089,0.32078950,1,1,245,217,125,126
1,5108,0.34758863,0.28761188,0.31760025,1,1,245,217,125,126
1,5109,0.32278680,0.28880562,0.30579621,1,1,245,217,125,126
1,5110,0.32622201,0.30797974,0.31710088,1,1,245,217,125,126
1,5111,0.33680232,0.30170261,0.31925247,1,1,245,217,125,126
1,5112,0.33839145,0.30170261,0.32004703,1,1,245,217,125,126
1,5113,0.34078535,0.30170261,0.32124398,1,1,245,217,125,126
1,5114,0.34078535,0.30170261,0.32124398,1,1,245,217,125,126
1,5115,0.34078535,0.29904459,0.31991497,1,1,245,217,125,126
1,5116,0.34078535,0.30046142,0.32062338,1,1,245,217,125,126
1,5117,0.32622201,0.32146327,0.32384264,1,1,245,217,125,126
1,5118,0.32622201,0.30046142,0.31334171,1,1,245,217,125,126
1,5119,0.32622201,0.30046142,0.31334171,1,1,245,217,125,126
1,5120,0.32622201,0.32022208,0.32322205,1,1,245,217,125,126
1,5121,0.34401575,0.32022208,0.33211892,1,1,245,217,125,126
1,5122,0.32412021,0.32022208,0.32217115,1,1,245,217,125,126
1,5123,0.34624657,0.32022208,0.33323432,1,1,245,217,125,126
1,5124,0.34401575,0.29976028,0.32188802,1,1,245,217,125,126
1,5125,0.34078535,0.28880562,0.31479548,1,1,245,217,125,126
1,5126,0.32469003,0.30866135,0.31667569,1,1,245,217,125,126
1,5127,0.36543340,0.31974430,0.34258885,1,1,228,194,150,151
1,5128,0.34624657,0.33972831,0.34298744,1,1,228,194,150,151
1,5129,0.34758863,0.31974430,0.33366646,1,1,228,194,150,151
1,5130,0.34758863,0.31222908,0.32990886,1,1,228,194,150,151
1,5131,0.34534917,0.34083514,0.34309215,1,1,228,194,150,151
1,5132,0.36661963,0.34015839,0.35338901,1,1,228,194,150,151
1,5133,0.32622201,0.32022208,0.32322205,1,1,228,194,150,151
1,5134,0.34624657,0.32146327,0.33385492,1,1,228,194,150,151
1,5135,0.36543340,0.34002138,0.35272739,1,1,228,194,150,151
1,5136,0.32412021,0.32146327,0.32279174,1,1,245,217,125,126
1,5137,0.32622201,0.34002138,0.33312170,1,1,228,194,150,151
1,5138,0.32622201,0.34097248,0.33359724,1,1,228,194,150,151
1,5139,0.36055513,0.34002138,0.35028826,1,1,228,194,150,151
1,5140,0.34534917,0.30797974,0.32666445,1,1,245,217,125,126
1,5141,0.32412021,0.28761188,0.30586605,1,1,245,217,125,126
1,5142,0.32259811,0.28761188,0.30510499,1,1,245,217,125,126
1,5143,0.32412021,0.30678600,0.31545311,1,1,245,217,125,126
1,5144,0.36310582,0.31898089,0.34104336,1,1,228,194,150,151
1,5145,0.34078535,0.28897454,0.31487994,1,1,245,217,125,126
1,5146,0.36170385,0.32098846,0.34134615,1,1,228,194,150,151
1,5147,0.34758863,0.32098846,0.33428854,1,1,228,194,150,151
1,5148,0.34758863,0.34126257,0.34442560,1,1,228,194,150,151
1,5149,0.32622201,0.28897454,0.30759828,1,1,245,217,125,126
1,5150,0.34534917,0.29904459,0.32219688,1,1,228,194,150,151
1,5151,0.34758863,0.29976028,0.32367445,1,1,228,194,150,151
1,5152,0.32622201,0.29904459,0.31263330,1,1,228,194,150,151
1,5153,0.32487995,0.31898089,0.32193042,1,1,228,194,150,151
1,5154,0.33938337,0.31974430,0.32956383,1,1,228,194,150,151
1,5155,0.34624657,0.29976028,0.32300342,1,1,228,194,150,151
1,5156,0.36661963,0.32146327,0.34404145,1,1,228,194,150,151
1,5157,0.34078535,0.30242466,0.32160500,1,1,228,194,150,151
1,5158,0.34624657,0.32022208,0.33323432,1,1,228,194,150,151
1,5159,0.32622201,0.32146327,0.32384264,1,1,228,194,150,151
1,5160,0.32622201,0.32022208,0.32322205,1,1,228,194,150,151
1,5161,0.32622201,0.32223262,0.32422731,1,1,228,194,150,151
1,5162,0.30289126,0.28052511,0.29170818,1,1,245,217,125,126
1,5163,0.32412021,0.32022208,0.32217115,1,1,245,217,125,126
1,5164,0.34534917,0.32146327,0.33340622,1,1,228,194,150,151
1,5165,0.32487995,0.30046142,0.31267068,1,1,245,217,125,126
1,5166,0.34624657,0.32022208,0.33323432,1,1,228,194,150,151
1,5167,0.32622201,0.31898089,0.32260145,1,1,245,217,125,126
1,5168,0.32622201,0.28824841,0.30723521,1,1,245,217,125,126
1,5169,0.32622201,0.30678600,0.31650401,1,1,245,217,125,126
1,5170,0.33918498,0.32022208,0.32970353,1,1,245,217,125,126
1,5171,0.32487995,0.32146327,0.32317161,1,1,245,217,125,126
1,5172,0.32487995,0.30242466,0.31365230,1,1,228,194,150,151
1,5173,0.32487995,0.30242466,0.31365230,1,1,228,194,150,151
1,5174,0.33938337,0.30242466,0.32090402,1,1,228,194,150,151
1,5175,0.34758863,0.32223262,0.33491062,1,1,228,194,150,151
1,5176,0.34078535,0.30118050,0.32098292,1,1,228,194,150,151
1,5177,0.31846487,0.28119648,0.29983068,1,1,245,217,125,126
1,5178,0.34624657,0.30170261,0.32397459,1,1,228,194,150,151
1,5179,0.34758863,0.32022208,0.33390535,1,1,228,194,150,151
1,5180,0.34078535,0.31898089,0.32988312,1,1,245,217,125,126
1,5181,0.34624657,0.30242466,0.32433561,1,1,228,194,150,151
1,5182,0.33839145,0.30242466,0.32040805,1,1,228,194,150,151
1,5183,0.32622201,0.29141381,0.30881791,1,1,228,194,150,151
1,5184,0.32622201,0.28052511,0.30337356,1,1,228,194,150,151
1,5185,0.34624657,0.31974430,0.33299543,1,1,228,194,150,151
1,5186,0.33699932,0.30242466,0.31971199,1,1,228,194,150,151
1,5187,0.33778301,0.33218192,0.33498246,1,1,228,194,150,151
1,5188,0.32259811,0.32146327,0.32203069,1,1,245,217,125,126
1,5189,0.32469003,0.30170261,0.31319632,1,1,228,194,150,151
1,5190,0.35916300,0.32146327,0.34031314,1,1,228,194,150,151
1,5191,0.34624657,0.28761188,0.31692922,1,1,228,194,150,151
1,5192,0.32469003,0.29976028,0.31222516,1,1,228,194,150,151
1,5193,0.32412021,0.27941674,0.30176847,1,1,228,211,150,150
1,5194,0.32622201,0.30170261,0.31396231,1,1,228,194,150,151
1,5195,0.32622201,0.32223262,0.32422731,1,1,228,194,150,151
1,5196,0.33938337,0.32146327,0.33042332,1,1,228,194,150,151
1,5197,0.33918498,0.32223262,0.33070880,1,1,228,194,150,151
1,5198,0.35916300,0.30170261,0.33043281,1,1,231,217,125,126
1,5199,0.34401575,0.30242466,0.32322021,1,1,231,217,125,126
1,5200,0.32622201,0.27910828,0.30266515,1,1,228,211,150,150
1,5201,0.32620941,0.30242466,0.31431704,1,1,228,194,150,151
1,5202,0.36170385,0.32146327,0.34158356,1,1,228,194,150,151
1,5203,0.36899702,0.30242466,0.33571084,1,1,228,194,150,151
1,5204,0.36780310,0.32223262,0.34501786,1,1,228,194,150,151
1,5205,0.34078535,0.30118050,0.32098292,1,1,228,194,150,151
1,5206,0.32487995,0.31898089,0.32193042,1,1,228,194,150,151
1,5207,0.36661963,0.30797974,0.33729969,1,1,228,194,150,151
1,5208,0.34624657,0.31974430,0.33299543,1,1,228,194,150,151
1,5209,0.34534917,0.28761188,0.31648052,1,1,228,194,150,151
1,5210,0.36899702,0.31898089,0.34398896,1,1,228,194,150,151
1,5211,0.32622201,0.30118050,0.31370125,1,1,228,194,150,151
1,5212,0.32622201,0.30170261,0.31396231,1,1,228,194,150,151
1,5213,0.33918498,0.32146327,0.33032413,1,1,228,194,150,151
1,5214,0.33918498,0.32223262,0.33070880,1,1,228,194,150,151
1,5215,0.34078535,0.30170261,0.32124398,1,1,245,217,125,126
1,5216,0.32469003,0.30170261,0.31319632,1,1,245,217,125,126
1,5217,0.33938337,0.28261670,0.31100004,1,1,245,217,125,126
1,5218,0.32259811,0.28119648,0.30189729,1,1,245,217,125,126
1,5219,0.32622201,0.30797974,0.31710088,1,1,245,217,125,126
1,5220,0.34078535,0.28824841,0.31451688,1,1,228,211,150,150
1,5221,0.32469003,0.30170261,0.31319632,1,1,228,194,150,151
1,5222,0.36170385,0.32022208,0.34096296,1,1,228,194,150,151
1,5223,0.32412021,0.32146327,0.32279174,1,1,228,211,150,150
1,5224,0.32622201,0.30242466,0.31432333,1,1,228,211,150,150
1,5225,0.32622201,0.29904459,0.31263330,1,1,245,217,125,126
1,5226,0.32622201,0.30046142,0.31334171,1,1,245,217,125,126
1,5227,0.32622201,0.29904459,0.31263330,1,1,245,217,125,126
1,5228,0.32487995,0.32022208,0.32255102,1,1,245,217,125,126
1,5229,0.32622201,0.30678600,0.31650401,1,1,245,217,125,126
1,5230,0.32487995,0.30118050,0.31303022,1,1,245,217,125,126
1,5231,0.32622201,0.29976028,0.31299114,1,1,245,217,125,126
1,5232,0.32622201,0.30046142,0.31334171,1,1,245,217,125,126
1,5233,0.34078535,0.30046142,0.32062338,1,1,245,217,125,126
1,5234,0.32622201,0.32022208,0.32322205,1,1,245,217,125,126
1,5235,0.32622201,0.30046142,0.31334171,1,1,245,217,125,126
1,5236,0.32622201,0.30046142,0.31334171,1,1,245,217,125,126
1,5237,0.32622201,0.30170261,0.31396231,1,1,245,217,125,126
1,5238,0.32622201,0.32022208,0.32322205,1,1,245,217,125,126
1,5239,0.32412021,0.30046142,0.31229081,1,1,245,217,125,126
1,5240,0.32622201,0.29976028,0.31299114,1,1,245,217,125,126
1,5241,0.32622201,0.31898089,0.32260145,1,1,245,217,125,126
1,5242,0.32622201,0.30046142,0.31334171,1,1,245,217,125,126
1,5243,0.32622201,0.29904459,0.31263330,1,1,245,217,125,126
1,5244,0.32622201,0.30797974,0.31710088,1,1,245,217,125,126
1,5245,0.32622201,0.32146327,0.32384264,1,1,245,217,125,126
1,5246,0.32622201,0.30028578,0.31325389,1,1,245,217,125,126
1,5247,0.32622201,0.30797974,0.31710088,1,1,245,217,125,126
1,5248,0.34758863,0.32022208,0.33390535,1,1,228,194,150,151
1,5249,0.34758863,0.28880562,0.31819712,1,1,245,217,125,126
1,5250,0.30485539,0.27977626,0.29231583,1,1,245,217,125,126
1,5251,0.32487995,0.32022208,0.32255102,1,1,245,217,125,126
1,5252,0.34624657,0.30028578,0.32326617,1,1,228,194,150,151
1,5253,0.30485539,0.30028578,0.30257058,1,1,245,217,125,126
1,5254,0.32622201,0.30242466,0.31432333,1,1,228,194,150,151
1,5255,0.32469003,0.29976028,0.31222516,1,1,228,194,150,151
1,5256,0.31526414,0.30170261,0.30848337,1,1,245,217,125,126
1,5257,0.33918498,0.28261670,0.31090084,1,1,245,217,125,126
1,5258,0.31686450,0.28261670,0.29974060,1,1,245,217,125,126
1,5259,0.32622201,0.30242466,0.31432333,1,1,228,194,150,151
1,5260,0.31686450,0.28261670,0.29974060,1,1,245,217,125,126
1,5261,0.32469003,0.28261670,0.30365337,1,1,245,217,125,126
1,5262,0.32622201,0.30170261,0.31396231,1,1,245,217,125,126
1,5263,0.33938337,0.28261670,0.31100004,1,1,245,217,125,126
1,5264,0.31463864,0.30170261,0.30817062,1,1,245,217,125,126
1,5265,0.33938337,0.28261670,0.31100004,1,1,245,217,125,126
1,5266,0.34078535,0.28261670,0.31170102,1,1,245,217,125,126
1,5267,0.31686450,0.30046142,0.30866296,1,1,245,217,125,126
1,5268,0.33938337,0.27910828,0.30924583,1,1,245,217,125,126
1,5269,0.34078535,0.28194194,0.31136364,1,1,228,211,150,150
1,5270,0.32622201,0.27977626,0.30299913,1,1,228,194,150,151
1,5271,0.34758863,0.30170261,0.32464562,1,1,228,194,150,151
1,5272,0.34078535,0.32146327,0.33112431,1,1,228,194,150,151
1,5273,0.33918498,0.32146327,0.33032413,1,1,228,194,150,151
1,5274,0.33918498,0.30118050,0.32018274,1,1,228,194,150,151
1,5275,0.31846487,0.30170261,0.31008374,1,1,245,217,125,126
1,5276,0.31846487,0.28194194,0.30020341,1,1,228,211,150,150
1,5277,0.33938337,0.28194194,0.31066266,1,1,245,217,125,126
1,5278,0.36055513,0.28194194,0.32124854,1,1,245,217,125,126
1,5279,0.36170385,0.30797974,0.33484179,1,1,245,217,125,126
1,5280,0.34078535,0.32146327,0.33112431,1,1,245,217,125,126
1,5281,0.32622201,0.32146327,0.32384264,1,1,245,217,125,126
1,5282,0.32622201,0.32022208,0.32322205,1,1,245,217,125,126
1,5283,0.32622201,0.28880562,0.30751381,1,1,245,217,125,126
1,5284,0.30485539,0.28261670,0.29373605,1,1,245,217,125,126
1,5285,0.34078535,0.28194194,0.31136364,1,1,245,217,125,126
1,5286,0.33938337,0.30170261,0.32054299,1,1,245,217,125,126
1,5287,0.33778301,0.28194194,0.30986247,1,1,245,217,125,126
1,5288,0.32487995,0.32146327,0.32317161,1,1,245,217,125,126
1,5289,0.30485539,0.29904459,0.30194999,1,1,245,217,125,126
1,5290,0.32487995,0.30170261,0.31329128,1,1,245,217,125,126
1,5291,0.32622201,0.28880562,0.30751381,1,1,228,211,150,150
1,5292,0.30485539,0.29904459,0.30194999,1,1,245,217,125,126
1,5293,0.32622201,0.27910828,0.30266515,1,1,245,217,125,126
1,5294,0.32622201,0.28761188,0.30691694,1,1,245,217,125,126
1,5295,0.32622201,0.28761188,0.30691694,1,1,245,217,125,126
1,5296,0.32622201,0.32022208,0.32322205,1,1,245,217,125,126
1,5297,0.32622201,0.29904459,0.31263330,1,1,245,217,125,126
1,5298,0.32622201,0.32022208,0.32322205,1,1,245,217,125,126
1,5299,0.32622201,0.32022208,0.32322205,1,1,245,217,125,126
1,5300,0.32622201,0.32022208,0.32322205,1,1,245,217,125,126
1,5301,0.32622201,0.32022208,0.32322205,1,1,245,217,125,126
1,5302,0.32622201,0.32022208,0.32322205,1,1,245,217,125,126
1,5303,0.31846487,0.30170261,0.31008374,1,1,245,217,125,126
1,5304,0.32622201,0.30170261,0.31396231,1,1,245,217,125,126
1,5305,0.32622201,0.32146327,0.32384264,1,1,245,217,125,126
1,5306,0.33918498,0.32146327,0.33032413,1,1,245,217,125,126
1,5307,0.32469003,0.30797974,0.31633489,1,1,245,217,125,126
1,5308,0.32622201,0.32022208,0.32322205,1,1,245,217,125,126
1,5309,0.33918498,0.32146327,0.33032413,1,1,245,217,125,126
1,5310,0.33918498,0.30170261,0.32044379,1,1,245,217,125,126
1,5311,0.32412021,0.32146327,0.32279174,1,1,245,217,125,126
1,5312,0.32622201,0.30797974,0.31710088,1,1,245,217,125,126
1,5313,0.30136915,0.28880562,0.29508738,1,1,245,217,125,126
1,5314,0.32412021,0.30797974,0.31604998,1,1,245,217,125,126
1,5315,0.31463864,0.28761188,0.30112526,1,1,245,217,125,126
1,5316,0.32622201,0.28824841,0.30723521,1,1,245,217,125,126
1,5317,0.32622201,0.30678600,0.31650401,1,1,245,217,125,126
1,5318,0.32622201,0.28761188,0.30691694,1,1,245,217,125,126
1,5319,0.32622201,0.28761188,0.30691694,1,1,245,217,125,126
1,5320,0.32622201,0.28761188,0.30691694,1,1,245,217,125,126
1,5321,0.34624657,0.32146327,0.33385492,1,1,245,217,125,126
1,5322,0.34078535,0.30170261,0.32124398,1,1,245,217,125,126
1,5323,0.34078535,0.30170261,0.32124398,1,1,245,217,125,126
1,5324,0.34078535,0.30028578,0.32053556,1,1,245,217,125,126
1,5325,0.34078535,0.30170261,0.32124398,1,1,245,217,125,126
1,5326,0.33918498,0.30170261,0.32044379,1,1,245,217,125,126
1,5327,0.32622201,0.29904459,0.31263330,1,1,245,217,125,126
1,5328,0.32622201,0.30046142,0.31334171,1,1,245,217,125,126
1,5329,0.32622201,0.30118050,0.31370125,1,1,245,217,125,126
1,5330,0.33918498,0.30170261,0.32044379,1,1,245,217,125,126
1,5331,0.34078535,0.30170261,0.32124398,1,1,245,217,125,126
1,5332,0.32622201,0.32146327,0.32384264,1,1,245,217,125,126
1,5333,0.30485539,0.30046142,0.30265840,1,1,245,217,125,126
1,5334,0.34078535,0.29904459,0.31991497,1,1,245,217,125,126
1,5335,0.34078535,0.27910828,0.30994681,1,1,245,217,125,126
1,5336,0.31622777,0.27977626,0.29800201,1,1,245,217,125,126
1,5337,0.32622201,0.27977626,0.30299913,1,1,245,217,125,126
1,5338,0.32622201,0.29904459,0.31263330,1,1,245,217,125,126
1,5339,0.30485539,0.32022208,0.31253874,1,1,245,217,125,126
1,5340,0.34078535,0.30678600,0.32378567,1,1,245,217,125,126
1,5341,0.30485539,0.30797974,0.30641757,1,1,245,217,125,126
1,5342,0.31686450,0.32146327,0.31916389,1,1,245,217,125,126
1,5343,0.32487995,0.30170261,0.31329128,1,1,245,217,125,126
1,5344,0.31526414,0.30170261,0.30848337,1,1,245,217,125,126
1,5345,0.31686450,0.32146327,0.31916389,1,1,245,217,125,126
1,5346,0.33918498,0.30170261,0.32044379,1,1,245,217,125,126
1,5347,0.33938337,0.32146327,0.33042332,1,1,245,217,125,126
1,5348,0.31686450,0.32146327,0.31916389,1,1,245,217,125,126
1,5349,0.31686450,0.30170261,0.30928356,1,1,245,217,125,126
1,5350,0.30485539,0.32146327,0.31315933,1,1,245,217,125,126
1,5351,0.33204631,0.32146327,0.32675479,1,1,245,217,125,126
1,5352,0.32278680,0.28880562,0.30579621,1,1,245,217,125,126
1,5353,0.31686450,0.28194194,0.29940322,1,1,245,217,125,126
1,5354,0.31686450,0.28194194,0.29940322,1,1,245,217,125,126
1,5355,0.34758863,0.32146327,0.33452595,1,1,228,194,150,151
1,5356,0.30332342,0.26843775,0.28588058,1,1,245,217,125,126
1,5357,0.32622201,0.27910828,0.30266515,1,1,245,217,125,126
1,5358,0.30485539,0.27910828,0.29198184,1,1,245,217,125,126
1,5359,0.33778301,0.28194194,0.30986247,1,1,245,217,125,126
1,5360,0.30332342,0.30170261,0.30251301,1,1,245,217,125,126
1,5361,0.30485539,0.26843775,0.28664657,1,1,245,217,125,126
1,5362,0.32622201,0.29141381,0.30881791,1,1,245,217,125,126
1,5363,0.30485539,0.29065918,0.29775729,1,1,228,194,150,151
1,5364,0.28201899,0.26144617,0.27173258,1,1,228,194,150,151
1,5365,0.28355096,0.28052511,0.28203804,1,1,228,194,150,151
1,5366,0.28201899,0.27161608,0.27681753,1,1,245,217,125,126
1,5367,0.29088353,0.24088565,0.26588459,1,1,245,217,125,126
1,5368,0.26224653,0.23043085,0.24633869,1,1,245,217,125,126
1,5369,0.26224653,0.25150600,0.25687626,1,1,245,217,125,126
1,5370,0.28355096,0.27137328,0.27746212,1,1,245,217,125,126
1,5371,0.27192198,0.23980822,0.25586510,1,1,245,217,125,126
1,5372,0.28333869,0.27137328,0.27735598,1,1,245,217,125,126
1,5373,0.30474281,0.26082196,0.28278238,1,1,245,217,125,126
1,5374,0.29213465,0.27910828,0.28562146,1,1,245,203,125,126
1,5375,0.24978038,0.23980822,0.24479430,1,1,245,203,125,126
1,5376,0.27192198,0.23980822,0.25586510,1,1,245,203,125,126
1,5377,0.27309154,0.24146215,0.25727685,1,1,245,203,125,126
1,5378,0.27021107,0.25150600,0.26085853,1,1,245,203,125,126
1,5379,0.27309154,0.28119648,0.27714401,1,1,245,203,125,126
1,5380,0.27137328,0.24146215,0.25641772,1,1,245,203,125,126
1,5381,0.24978038,0.23980822,0.24479430,1,1,245,203,125,126
1,5382,0.24978038,0.24146215,0.24562127,1,1,245,203,125,126
1,5383,0.25257298,0.24088565,0.24672931,1,1,245,203,125,126
1,5384,0.26874192,0.26121246,0.26497719,1,1,245,203,125,126
1,5385,0.24913644,0.21982420,0.23448032,1,1,245,203,125,126
1,5386,0.25149129,0.24978327,0.25063728,1,1,245,203,125,126
1,5387,0.24978038,0.25150600,0.25064319,1,1,245,217,125,126
1,5388,0.26046246,0.19936306,0.22991276,1,1,245,217,125,126
1,5389,0.25085471,0.24146215,0.24615843,1,1,245,217,125,126
1,5390,0.21657405,0.20761370,0.21209387,1,1,245,217,125,126
1,5391,0.23009334,0.23923567,0.23466450,1,1,245,203,125,126
1,5392,0.25085471,0.24146215,0.24615843,1,1,245,203,125,126
1,5393,0.25149129,0.22147814,0.23648471,1,1,245,203,125,126
1,5394,0.24088565,0.24088565,0.24088565,1,1,245,217,125,126
1,5395,0.23890592,0.20379780,0.22135186,1,1,245,217,125,126
1,5396,0.23214912,0.19936306,0.21575609,1,1,245,217,125,126
1,5397,0.23115490,0.19936306,0.21525898,1,1,245,217,125,126
1,5398,0.21081851,0.20133714,0.20607783,1,1,245,217,125,126
1,5399,0.25149129,0.24311609,0.24730369,1,1,245,217,125,126
1,5400,0.23115490,0.24088565,0.23602028,1,1,245,217,125,126
1,5401,0.23712185,0.24146215,0.23929200,1,1,245,217,125,126
1,5402,0.22739701,0.24088565,0.23414133,1,1,245,217,125,126
1,5403,0.24978038,0.23980822,0.24479430,1,1,245,217,125,126
1,5404,0.23823145,0.20761370,0.22292258,1,1,245,217,125,126
1,5405,0.22739701,0.23923567,0.23331634,1,1,245,217,125,126
1,5406,0.26874192,0.24088565,0.25481379,1,1,245,217,125,126
1,5407,0.23115490,0.20331123,0.21723306,1,1,245,217,125,126
1,5408,0.25149129,0.19984019,0.22566574,1,1,245,217,125,126
1,5409,0.25149129,0.22127345,0.23638237,1,1,245,217,125,126
1,5410,0.23115490,0.23980822,0.23548156,1,1,245,217,125,126
1,5411,0.21769983,0.22345694,0.22057839,1,1,245,217,125,126
1,5412,0.16609096,0.16479243,0.16544170,1,1,245,203,125,126
1,5413,0.15160183,0.16479243,0.15819713,1,1,245,203,125,126
1,5414,0.16609096,0.16233229,0.16421163,1,1,245,203,125,126
1,5415,0.19400878,0.18733745,0.19067312,1,1,245,217,125,126
1,5416,0.18940817,0.18733745,0.18837281,1,1,245,217,125,126
1,5417,0.17510598,0.16652218,0.17081408,1,1,245,217,125,126
1,5418,0.15160183,0.16233229,0.15696706,1,1,245,217,125,126
1,5419,0.19706115,0.19196104,0.19451110,1,1,245,217,125,126
1,5420,0.19491664,0.17985617,0.18738640,1,1,245,203,125,126
1,5421,0.17592538,0.17942675,0.17767607,1,1,245,203,125,126
1,5422,0.18890811,0.15987215,0.17439013,1,1,245,203,125,126
1,5423,0.18890811,0.19984019,0.19437415,1,1,245,217,125,126
1,5424,0.18809908,0.16652218,0.17731063,1,1,245,217,125,126
1,5425,0.19614330,0.18989993,0.19302161,1,1,245,217,125,126
1,5426,0.14788543,0.16194472,0.15491507,1,1,245,217,125,126
1,5427,0.18940817,0.18140084,0.18540450,1,1,245,217,125,126
1,5428,0.21556531,0.20133714,0.20845123,1,1,245,217,125,126
1,5429,0.21871855,0.19984019,0.20927937,1,1,245,217,125,126
1,5430,0.21657405,0.21929936,0.21793671,1,1,245,217,125,126
1,5431,0.19491664,0.19984019,0.19737841,1,1,245,217,125,126
1,5432,0.22086306,0.20181899,0.21134103,1,1,245,217,125,126
1,5433,0.21556531,0.22127345,0.21841938,1,1,245,217,125,126
1,5434,0.21983435,0.24088565,0.23036000,1,1,245,217,125,126
1,5435,0.23712185,0.20379780,0.22045982,1,1,245,217,125,126
1,5436,0.20761370,0.22837507,0.21799439,1,1,245,217,125,126
1,5437,0.21983435,0.22147814,0.22065624,1,1,245,217,125,126
1,5438,0.22910792,0.24146215,0.23528504,1,1,245,217,125,126
1,5439,0.20672456,0.20133714,0.20403085,1,1,245,217,125,126
1,5440,0.23214912,0.20181899,0.21698406,1,1,245,217,125,126
1,5441,0.22086306,0.20815272,0.21450789,1,1,245,217,125,126
1,5442,0.22086306,0.20181899,0.21134103,1,1,245,217,125,126
1,5443,0.19146395,0.19984019,0.19565207,1,1,245,217,125,126
1,5444,0.18605210,0.20815272,0.19710241,1,1,245,217,125,126
1,5445,0.19972730,0.19984019,0.19978374,1,1,245,217,125,126
1,5446,0.18685233,0.17985617,0.18335425,1,1,245,217,125,126
1,5447,0.19706115,0.17985617,0.18845866,1,1,245,217,125,126
1,5448,0.20672456,0.17985617,0.19329036,1,1,245,217,125,126
1,5449,0.20672456,0.20815272,0.20743864,1,1,245,217,125,126
1,5450,0.21769983,0.20379780,0.21074882,1,1,245,217,125,126
1,5451,0.18605210,0.19984019,0.19294614,1,1,245,217,125,126
1,5452,0.21657405,0.19984019,0.20820712,1,1,245,217,125,126
1,5453,0.21657405,0.19984019,0.20820712,1,1,245,217,125,126
1,5454,0.20761370,0.20815272,0.20788321,1,1,245,217,125,126
1,5455,0.22086306,0.17985617,0.20035961,1,1,259,217,125,126
1,5456,0.22086306,0.19984019,0.21035162,1,1,259,217,125,126
1,5457,0.21769983,0.18733745,0.20251864,1,1,259,217,125,126
1,5458,0.21081851,0.18733745,0.19907798,1,1,259,217,125,126
1,5459,0.21081851,0.21982420,0.21532136,1,1,259,217,125,126
1,5460,0.21081851,0.19984019,0.20532935,1,1,259,217,125,126
1,5461,0.21871855,0.20815272,0.21343564,1,1,259,217,125,126
1,5462,0.26168128,0.24978327,0.25573228,1,1,259,217,125,126
1,5463,0.21871855,0.18733745,0.20302800,1,1,259,217,125,126
1,5464,0.20761370,0.20181899,0.20471635,1,1,259,217,125,126
1,5465,0.21769983,0.20815272,0.21292628,1,1,259,217,125,126
1,5466,0.21983435,0.22896799,0.22440117,1,1,259,217,125,126
1,5467,0.21556531,0.18733745,0.20145138,1,1,259,217,125,126
1,5468,0.21871855,0.17985617,0.19928736,1,1,259,217,125,126
1,5469,0.19758279,0.20815272,0.20286776,1,1,259,217,125,126
1,5470,0.19706115,0.18000000,0.18853057,1,1,259,217,125,126
1,5471,0.21081851,0.19984019,0.20532935,1,1,259,217,125,126
1,5472,0.22739701,0.21982420,0.22361061,1,1,259,217,125,126
1,5473,0.21081851,0.20181899,0.20631875,1,1,259,217,125,126
1,5474,0.21657405,0.18733745,0.20195575,1,1,259,217,125,126
1,5475,0.21871855,0.18183497,0.20027676,1,1,259,217,125,126
1,5476,0.19400878,0.19984019,0.19692448,1,1,259,217,125,126
1,5477,0.21983435,0.20815272,0.21399354,1,1,259,217,125,126
1,5478,0.19064397,0.16652218,0.17858307,1,1,259,217,125,126
1,5479,0.21769983,0.18733745,0.20251864,1,1,259,217,125,126
1,5480,0.21983435,0.18733745,0.20358590,1,1,259,217,125,126
1,5481,0.21871855,0.18733745,0.20302800,1,1,259,217,125,126
1,5482,0.17592538,0.18733745,0.18163142,1,1,259,217,125,126
1,5483,0.21871855,0.18733745,0.20302800,1,1,259,217,125,126
1,5484,0.21871855,0.17985617,0.19928736,1,1,259,217,125,126
1,5485,0.22086306,0.18733745,0.20410026,1,1,259,217,125,126
1,5486,0.19758279,0.18733745,0.19246012,1,1,259,217,125,126
1,5487,0.19706115,0.18733745,0.19219930,1,1,259,217,125,126
1,5488,0.19706115,0.18733745,0.19219930,1,1,259,217,125,126
1,5489,0.19758279,0.18733745,0.19246012,1,1,259,217,125,126
1,5490,0.22086306,0.20815272,0.21450789,1,1,259,217,125,126
1,5491,0.21871855,0.20181899,0.21026877,1,1,259,217,125,126
1,5492,0.21769983,0.20815272,0.21292628,1,1,259,217,125,126
1,5493,0.21769983,0.18429512,0.20099748,1,1,245,217,125,126
1,5494,0.21657405,0.18429512,0.20043458,1,1,245,217,125,126
1,5495,0.21657405,0.20379780,0.21018592,1,1,245,217,125,126
1,5496,0.21657405,0.20815272,0.21236339,1,1,245,217,125,126
1,5497,0.23214912,0.18733745,0.20974328,1,1,245,217,125,126
1,5498,0.21871855,0.18733745,0.20302800,1,1,245,217,125,126
1,5499,0.19400878,0.20331123,0.19866000,1,1,245,217,125,126
1,5500,0.19400878,0.21227496,0.20314187,1,1,245,217,125,126
1,5501,0.21556531,0.20761370,0.21158951,1,1,245,217,125,126
1,5502,0.23823145,0.20815272,0.22319209,1,1,245,217,125,126
1,5503,0.23823145,0.19984019,0.21903582,1,1,245,217,125,126
1,5504,0.23823145,0.20379780,0.22101463,1,1,245,217,125,126
1,5505,0.21871855,0.21227496,0.21549676,1,1,245,217,125,126
1,5506,0.21769983,0.23214912,0.22492448,1,1,245,217,125,126
1,5507,0.21556531,0.20761370,0.21158951,1,1,245,217,125,126
1,5508,0.21769983,0.20815272,0.21292628,1,1,245,217,125,126
1,5509,0.23712185,0.21929936,0.22821061,1,1,245,217,125,126
1,5510,0.24104044,0.23275184,0.23689614,1,1,245,217,125,126
1,5511,0.24216838,0.23980822,0.24098830,1,1,245,217,125,126
1,5512,0.23009334,0.24978327,0.23993830,1,1,245,217,125,126
1,5513,0.25867838,0.22345694,0.24106766,1,1,245,217,125,126
1,5514,0.26224653,0.24146215,0.25185434,1,1,245,217,125,126
1,5515,0.26224653,0.24146215,0.25185434,1,1,245,217,125,126
1,5516,0.22944399,0.24146215,0.23545307,1,1,245,217,125,126
1,5517,0.26224653,0.26144617,0.26184635,1,1,245,217,125,126
1,5518,0.26224653,0.24146215,0.25185434,1,1,245,217,125,126
1,5519,0.28201899,0.28119648,0.28160773,1,1,245,217,125,126
1,5520,0.26224653,0.23275184,0.24749919,1,1,245,217,125,126
1,5521,0.26224653,0.22180301,0.24202477,1,1,245,217,125,126
1,5522,0.25867838,0.22180301,0.24024069,1,1,245,217,125,126
1,5523,0.22739701,0.22180301,0.22460001,1,1,245,217,125,126
1,5524,0.21556531,0.22896799,0.22226665,1,1,245,217,125,126
1,5525,0.24104044,0.22896799,0.23500422,1,1,245,217,125,126
1,5526,0.23712185,0.24978327,0.24345256,1,1,245,217,125,126
1,5527,0.25867838,0.22896799,0.24382319,1,1,245,217,125,126
1,5528,0.23712185,0.22896799,0.23304492,1,1,245,217,125,126
1,5529,0.22739701,0.22345694,0.22542698,1,1,245,217,125,126
1,5530,0.24216838,0.20379780,0.22298309,1,1,245,217,125,126
1,5531,0.23712185,0.20379780,0.22045982,1,1,245,217,125,126
1,5532,0.25867838,0.22180301,0.24024069,1,1,245,217,125,126
1,5533,0.22739701,0.21021384,0.21880543,1,1,245,217,125,126
1,5534,0.21983435,0.21227496,0.21605465,1,1,245,217,125,126
1,5535,0.22739701,0.19984019,0.21361860,1,1,245,217,125,126
1,5536,0.25988886,0.24146215,0.25067551,1,1,245,217,125,126
1,5537,0.24978038,0.24146215,0.24562127,1,1,245,217,125,126
1,5538,0.22739701,0.24146215,0.23442958,1,1,245,217,125,126
1,5539,0.24978038,0.20181899,0.22579969,1,1,245,217,125,126
1,5540,0.26046246,0.22345694,0.24195970,1,1,245,217,125,126
1,5541,0.23712185,0.22180301,0.22946243,1,1,245,217,125,126
1,5542,0.24913644,0.22180301,0.23546973,1,1,245,217,125,126
1,5543,0.27192198,0.27232127,0.27212162,1,1,245,217,125,126
1,5544,0.29235267,0.28119648,0.28677458,1,1,245,217,125,126
1,5545,0.30332342,0.28119648,0.29225995,1,1,245,217,125,126
1,5546,0.30485539,0.28119648,0.29302594,1,1,245,217,125,126
1,5547,0.28355096,0.24088565,0.26221831,1,1,245,217,125,126
1,5548,0.29235267,0.26121246,0.27678257,1,1,245,217,125,126
1,5549,0.23823145,0.20379780,0.22101463,1,1,245,217,125,126
1,5550,0.20966948,0.18989993,0.19978470,1,1,245,217,125,126
1,5551,0.21871855,0.18989993,0.20430924,1,1,245,217,125,126
1,5552,0.19706115,0.20029176,0.19867645,1,1,245,217,125,126
1,5553,0.24002388,0.21227496,0.22614942,1,1,245,217,125,126
1,5554,0.20877153,0.20966948,0.20922051,1,1,245,217,125,126
1,5555,0.20877153,0.23069072,0.21973113,1,1,245,217,125,126
1,5556,0.23009334,0.23009334,0.23009334,1,1,245,217,125,126
1,5557,0.23009334,0.21227496,0.22118415,1,1,245,217,125,126
1,5558,0.23009334,0.23275184,0.23142259,1,1,245,217,125,126
1,5559,0.24002388,0.25322872,0.24662630,1,1,245,217,125,126
1,5560,0.22086306,0.23275184,0.22680745,1,1,245,217,125,126
1,5561,0.25084656,0.21227496,0.23156076,1,1,245,217,125,126
1,5562,0.23823145,0.20133714,0.21978430,1,1,245,217,125,126
1,5563,0.26224653,0.26121246,0.26172950,1,1,245,217,125,126
1,5564,0.30628196,0.28119648,0.29373922,1,1,245,217,125,126
1,5565,0.29088353,0.26121246,0.27604799,1,1,245,217,125,126
1,5566,0.31284300,0.31974430,0.31629365,1,1,245,217,125,126
1,5567,0.31284300,0.30046142,0.30665221,1,1,245,217,125,126
1,5568,0.31155598,0.30028578,0.30592088,1,1,245,217,125,126
1,5569,0.31155598,0.29904459,0.30530028,1,1,245,217,125,126
1,5570,0.33333333,0.27910828,0.30622081,1,1,245,217,125,126
1,5571,0.31284300,0.26980042,0.29132171,1,1,245,217,125,126
1,5572,0.30485539,0.28052511,0.29269025,1,1,245,217,125,126
1,5573,0.29235267,0.28052511,0.28643889,1,1,245,217,125,126
1,5574,0.34758863,0.26980042,0.30869452,1,1,245,217,125,126
1,5575,0.31284300,0.28194194,0.29739247,1,1,245,217,125,126
1,5576,0.29088353,0.28119648,0.28604000,1,1,245,217,125,126
1,5577,0.31155598,0.30028578,0.30592088,1,1,245,217,125,126
1,5578,0.31137386,0.30118050,0.30627718,1,1,245,217,125,126
1,5579,0.31137386,0.30170261,0.30653823,1,1,245,217,125,126
1,5580,0.31284300,0.26980042,0.29132171,1,1,245,217,125,126
1,5581,0.31155598,0.28880562,0.30018080,1,1,245,217,125,126
1,5582,0.31284300,0.29904459,0.30594379,1,1,245,217,125,126
1,5583,0.31137386,0.30028578,0.30582982,1,1,245,217,125,126
1,5584,0.30332342,0.25979224,0.28155783,1,1,245,217,125,126
1,5585,0.28176688,0.28119648,0.28148168,1,1,245,217,125,126
1,5586,0.27045283,0.28119648,0.27582466,1,1,245,217,125,126
1,5587,0.28176688,0.25979224,0.27077956,1,1,245,217,125,126
1,5588,0.30332342,0.25979224,0.28155783,1,1,245,217,125,126
1,5589,0.29088353,0.26058880,0.27573617,1,1,245,217,125,126
1,5590,0.30485539,0.26058880,0.28272210,1,1,245,217,125,126
1,5591,0.28176688,0.26058880,0.27117784,1,1,245,217,125,126
1,5592,0.28176688,0.26121246,0.27148967,1,1,245,217,125,126
1,5593,0.28176688,0.28261670,0.28219179,1,1,245,217,125,126
1,5594,0.27030954,0.28119648,0.27575301,1,1,245,217,125,126
1,5595,0.28355096,0.28119648,0.28237372,1,1,245,217,125,126
1,5596,0.29235267,0.26286639,0.27760953,1,1,245,217,125,126
1,5597,0.27192198,0.25979224,0.26585711,1,1,245,217,125,126
1,5598,0.28176688,0.26121246,0.27148967,1,1,245,217,125,126
1,5599,0.28176688,0.28119648,0.28148168,1,1,245,217,125,126
1,5600,0.28176688,0.28119648,0.28148168,1,1,245,217,125,126
1,5601,0.28355096,0.28119648,0.28237372,1,1,245,217,125,126
1,5602,0.28176688,0.28261670,0.28219179,1,1,245,217,125,126
1,5603,0.28176688,0.28119648,0.28148168,1,1,245,217,125,126
1,5604,0.27045283,0.28261670,0.27653477,1,1,245,217,125,126
1,5605,0.27045283,0.28052511,0.27548897,1,1,245,217,125,126
1,5606,0.27045283,0.28119648,0.27582466,1,1,245,217,125,126
1,5607,0.27045283,0.26121246,0.26583265,1,1,245,217,125,126
1,5608,0.27021107,0.25979224,0.26500166,1,1,245,217,125,126
1,5609,0.27192198,0.24253564,0.25722881,1,1,245,217,125,126
1,5610,0.22837507,0.22127345,0.22482426,1,1,245,217,125,126
1,5611,0.28023491,0.24088565,0.26056028,1,1,245,217,125,126
1,5612,0.26874192,0.24088565,0.25481379,1,1,245,217,125,126
1,5613,0.26046246,0.26144617,0.26095431,1,1,245,217,125,126
1,5614,0.23823145,0.26144617,0.24983881,1,1,245,217,125,126
1,5615,0.28176688,0.24088565,0.26132627,1,1,245,217,125,126
1,5616,0.24104044,0.24088565,0.24096305,1,1,245,217,125,126
1,5617,0.25149129,0.26144617,0.25646873,1,1,245,217,125,126
1,5618,0.23214912,0.24146215,0.23680564,1,1,245,217,125,126
1,5619,0.22837507,0.24146215,0.23491861,1,1,245,217,125,126
1,5620,0.22837507,0.26144617,0.24491062,1,1,245,217,125,126
1,5621,0.23823145,0.24146215,0.23984680,1,1,245,217,125,126
1,5622,0.24002388,0.26082196,0.25042292,1,1,245,217,125,126
1,5623,0.24002388,0.22127345,0.23064866,1,1,245,217,125,126
1,5624,0.27160725,0.25150600,0.26155662,1,1,245,217,125,126
1,5625,0.24002388,0.25150600,0.24576494,1,1,245,217,125,126
1,5626,0.28355096,0.24311609,0.26333352,1,1,245,217,125,126
1,5627,0.23823145,0.20966948,0.22395047,1,1,245,217,125,126
1,5628,0.29235267,0.28194194,0.28714731,1,1,245,217,125,126
1,5629,0.29235267,0.26082196,0.27658732,1,1,245,217,125,126
1,5630,0.29088353,0.28052511,0.28570432,1,1,245,217,125,126
1,5631,0.29088353,0.27910828,0.28499590,1,1,245,217,125,126
1,5632,0.29088353,0.25917198,0.27502775,1,1,245,217,125,126
1,5633,0.29235267,0.28052511,0.28643889,1,1,245,217,125,126
1,5634,0.29088353,0.25917198,0.27502775,1,1,245,217,125,126
1,5635,0.29088353,0.25917198,0.27502775,1,1,245,217,125,126
1,5636,0.29088353,0.26058880,0.27573617,1,1,245,217,125,126
1,5637,0.30485539,0.26058880,0.28272210,1,1,245,217,125,126
1,5638,0.29088353,0.26121246,0.27604799,1,1,245,217,125,126
1,5639,0.28308541,0.26121246,0.27214893,1,1,245,217,125,126
1,5640,0.27192198,0.26121246,0.26656722,1,1,245,217,125,126
1,5641,0.29235267,0.26121246,0.27678257,1,1,245,217,125,126
1,5642,0.30332342,0.28194194,0.29263268,1,1,245,217,125,126
1,5643,0.27192198,0.28194194,0.27693196,1,1,245,217,125,126
1,5644,0.30485539,0.28194194,0.29339867,1,1,245,217,125,126
1,5645,0.30332342,0.25917198,0.28124770,1,1,245,217,125,126
1,5646,0.32487995,0.28119648,0.30303821,1,1,245,217,125,126
1,5647,0.32774856,0.28261670,0.30518263,1,1,245,217,125,126
1,5648,0.29361011,0.28119648,0.28740330,1,1,245,217,125,126
1,5649,0.32487995,0.27977626,0.30232810,1,1,245,217,125,126
1,5650,0.30332342,0.26058880,0.28195611,1,1,245,217,125,126
1,5651,0.28176688,0.26121246,0.27148967,1,1,245,217,125,126
1,5652,0.29235267,0.27232127,0.28233697,1,1,245,217,125,126
1,5653,0.26168128,0.22837507,0.24502818,1,1,245,217,125,126
1,5654,0.21718612,0.16479243,0.19098928,1,1,245,217,125,126
1,5655,0.17374890,0.17391304,0.17383097,1,1,245,217,125,126
1,5656,0.17642258,0.16666667,0.17154462,1,1,245,217,125,126
1,5657,0.17592538,0.18231631,0.17912085,1,1,245,217,125,126
1,5658,0.26224653,0.24913644,0.25569149,1,1,245,217,125,126
1,5659,0.28308541,0.26121246,0.27214893,1,1,245,217,125,126
1,5660,0.25257298,0.26121246,0.25689272,1,1,245,217,125,126
1,5661,0.29235267,0.28119648,0.28677458,1,1,245,217,125,126
1,5662,0.29088353,0.28119648,0.28604000,1,1,245,217,125,126
1,5663,0.27309154,0.26144617,0.26726886,1,1,245,217,125,126
1,5664,0.27021107,0.28261670,0.27641389,1,1,245,217,125,126
1,5665,0.27192198,0.28261670,0.27726934,1,1,245,217,125,126
1,5666,0.27192198,0.28261670,0.27726934,1,1,245,217,125,126
1,5667,0.29061909,0.28261670,0.28661789,1,1,245,217,125,126
1,5668,0.28355096,0.26121246,0.27238171,1,1,245,217,125,126
1,5669,0.28487783,0.26121246,0.27304515,1,1,245,217,125,126
1,5670,0.29361011,0.27910828,0.28635920,1,1,245,217,125,126
1,5671,0.29235267,0.26286639,0.27760953,1,1,245,217,125,126
1,5672,0.30179144,0.26121246,0.28150195,1,1,245,217,125,126
1,5673,0.27192198,0.26121246,0.26656722,1,1,245,217,125,126
1,5674,0.29235267,0.28119648,0.28677458,1,1,245,217,125,126
1,5675,0.27192198,0.28119648,0.27655923,1,1,245,217,125,126
1,5676,0.27192198,0.26121246,0.26656722,1,1,245,217,125,126
1,5677,0.30485539,0.26121246,0.28303393,1,1,245,217,125,126
1,5678,0.30332342,0.26121246,0.28226794,1,1,245,217,125,126
1,5679,0.29088353,0.25979224,0.27533788,1,1,245,217,125,126
1,5680,0.27045283,0.26121246,0.26583265,1,1,245,217,125,126
1,5681,0.28355096,0.26121246,0.27238171,1,1,245,217,125,126
1,5682,0.26347371,0.24978327,0.25662849,1,1,245,217,125,126
1,5683,0.26347371,0.24978327,0.25662849,1,1,245,217,125,126
1,5684,0.28355096,0.27137328,0.27746212,1,1,245,217,125,126
1,5685,0.28355096,0.26144617,0.27249857,1,1,245,217,125,126
1,5686,0.27309154,0.26144617,0.26726886,1,1,245,217,125,126
1,5687,0.29235267,0.28119648,0.28677458,1,1,245,217,125,126
1,5688,0.30136915,0.28119648,0.29128282,1,1,245,217,125,126
1,5689,0.30485539,0.26121246,0.28303393,1,1,245,217,125,126
1,5690,0.31418857,0.28052511,0.29735684,1,1,245,217,125,126
1,5691,0.28201899,0.25979224,0.27090561,1,1,245,217,125,126
1,5692,0.30485539,0.27977626,0.29231583,1,1,245,217,125,126
1,5693,0.27192198,0.25979224,0.26585711,1,1,245,217,125,126
1,5694,0.30474281,0.28119648,0.29296965,1,1,245,217,125,126
1,5695,0.29235267,0.28119648,0.28677458,1,1,245,217,125,126
1,5696,0.29235267,0.29213465,0.29224366,1,1,245,217,125,126
1,5697,0.27021107,0.26082196,0.26551651,1,1,245,217,125,126
1,5698,0.29088353,0.28194194,0.28641273,1,1,245,217,125,126
1,5699,0.29235267,0.28194194,0.28714731,1,1,245,217,125,126
1,5700,0.31284300,0.28194194,0.29739247,1,1,245,217,125,126
1,5701,0.32487995,0.27910828,0.30199411,1,1,245,217,125,126
1,5702,0.32469003,0.28194194,0.30331599,1,1,245,217,125,126
1,5703,0.30332342,0.26058880,0.28195611,1,1,245,217,125,126
1,5704,0.30485539,0.24088565,0.27287052,1,1,245,217,125,126
1,5705,0.30485539,0.26058880,0.28272210,1,1,245,217,125,126
1,5706,0.30485539,0.28052511,0.29269025,1,1,245,217,125,126
1,5707,0.29088353,0.30170261,0.29629307,1,1,245,217,125,126
1,5708,0.30485539,0.26223879,0.28354709,1,1,245,217,125,126
1,5709,0.30485539,0.26082196,0.28283868,1,1,245,217,125,126
1,5710,0.30332342,0.28052511,0.29192426,1,1,245,217,125,126
1,5711,0.29088353,0.28052511,0.28570432,1,1,245,217,125,126
1,5712,0.32620941,0.28119648,0.30370295,1,1,245,217,125,126
1,5713,0.31137386,0.27977626,0.29557506,1,1,245,217,125,126
1,5714,0.30332342,0.27910828,0.29121585,1,1,245,217,125,126
1,5715,0.31289602,0.28761188,0.30025395,1,1,245,217,125,126
1,5716,0.31418857,0.30170261,0.30794559,1,1,245,217,125,126
1,5717,0.32622201,0.28194194,0.30408197,1,1,245,217,125,126
1,5718,0.31284300,0.28119648,0.29701974,1,1,245,217,125,126
1,5719,0.31155598,0.27977626,0.29566612,1,1,245,217,125,126
1,5720,0.31418857,0.28194194,0.29806526,1,1,245,217,125,126
1,5721,0.31271311,0.30170261,0.30720786,1,1,245,217,125,126
1,5722,0.29213465,0.30170261,0.29691863,1,1,245,217,125,126
1,5723,0.32620941,0.30170261,0.31395601,1,1,245,217,125,126
1,5724,0.30332342,0.28261670,0.29297006,1,1,245,217,125,126
1,5725,0.30474281,0.28052511,0.29263396,1,1,245,217,125,126
1,5726,0.30474281,0.30028578,0.30251429,1,1,245,217,125,126
1,5727,0.30474281,0.27977626,0.29225954,1,1,245,217,125,126
1,5728,0.30332342,0.29289311,0.29810826,1,1,245,217,125,126
1,5729,0.30332342,0.29213465,0.29772903,1,1,245,217,125,126
1,5730,0.29235267,0.32146327,0.30690797,1,1,245,217,125,126
1,5731,0.30485539,0.30028578,0.30257058,1,1,245,217,125,126
1,5732,0.30332342,0.27910828,0.29121585,1,1,245,217,125,126
1,5733,0.30332342,0.28052511,0.29192426,1,1,245,217,125,126
1,5734,0.30628196,0.28052511,0.29340353,1,1,245,217,125,126
1,5735,0.30332342,0.29213465,0.29772903,1,1,245,217,125,126
1,5736,0.30474281,0.27910828,0.29192555,1,1,245,217,125,126
1,5737,0.32622201,0.30046142,0.31334171,1,1,245,217,125,126
1,5738,0.34758863,0.28194194,0.31476528,1,1,245,217,125,126
1,5739,0.32774856,0.28052511,0.30413683,1,1,245,217,125,126
1,5740,0.32640022,0.28052511,0.30346266,1,1,245,217,125,126
1,5741,0.34624657,0.30170261,0.32397459,1,1,245,217,125,126
1,5742,0.34624657,0.28194194,0.31409425,1,1,245,217,125,126
1,5743,0.30320367,0.29213465,0.29766916,1,1,245,217,125,126
1,5744,0.30332342,0.28052511,0.29192426,1,1,245,217,125,126
1,5745,0.30332342,0.26082196,0.28207269,1,1,245,217,125,126
1,5746,0.30332342,0.28052511,0.29192426,1,1,245,217,125,126
1,5747,0.28333869,0.29289311,0.28811590,1,1,245,217,125,126
1,5748,0.30628196,0.25085471,0.27856833,1,1,245,217,125,126
1,5749,0.30628196,0.24146215,0.27387205,1,1,245,217,125,126
1,5750,0.30474281,0.27161608,0.28817945,1,1,245,217,125,126
1,5751,0.26168128,0.25150600,0.25659364,1,1,245,217,125,126
1,5752,0.30320367,0.27137328,0.28728847,1,1,245,217,125,126
1,5753,0.25988886,0.25085471,0.25537178,1,1,245,217,125,126
1,5754,0.26347371,0.25150600,0.25748985,1,1,245,217,125,126
1,5755,0.30179144,0.28119648,0.29149396,1,1,245,217,125,126
1,5756,0.25988886,0.27161608,0.26575247,1,1,245,217,125,126
1,5757,0.30179144,0.29289311,0.29734227,1,1,245,217,125,126
1,5758,0.26168128,0.27161608,0.26664868,1,1,245,217,125,126
1,5759,0.30332342,0.27207783,0.28770063,1,1,245,217,125,126
1,5760,0.28023491,0.25150600,0.26587045,1,1,245,217,125,126
1,5761,0.25988886,0.24146215,0.25067551,1,1,245,217,125,126
1,5762,0.28023491,0.27161608,0.27592549,1,1,245,217,125,126
1,5763,0.30628196,0.27059854,0.28844025,1,1,245,217,125,126
1,5764,0.30320367,0.29289311,0.29804839,1,1,245,217,125,126
1,5765,0.30474281,0.27380056,0.28927169,1,1,245,217,125,126
1,5766,0.30332342,0.29361011,0.29846676,1,1,245,217,125,126
1,5767,0.30179144,0.27059854,0.28619499,1,1,245,217,125,126
1,5768,0.30332342,0.29213465,0.29772903,1,1,245,217,125,126
1,5769,0.26347371,0.25150600,0.25748985,1,1,245,217,125,126
1,5770,0.25988886,0.26082196,0.26035541,1,1,245,217,125,126
1,5771,0.25988886,0.24088565,0.25038726,1,1,245,217,125,126
1,5772,0.25988886,0.24146215,0.25067551,1,1,245,217,125,126
1,5773,0.27309154,0.26121246,0.26715200,1,1,245,217,125,126
1,5774,0.26347371,0.25085471,0.25716421,1,1,245,217,125,126
1,5775,0.26347371,0.25085471,0.25716421,1,1,245,217,125,126
1,5776,0.25257298,0.24978327,0.25117812,1,1,245,217,125,126
1,5777,0.28487783,0.26058880,0.27273332,1,1,245,217,125,126
1,5778,0.29361011,0.25150600,0.27255805,1,1,245,217,125,126
1,5779,0.29361011,0.25917198,0.27639104,1,1,245,217,125,126
1,5780,0.25988886,0.24978327,0.25483606,1,1,245,217,125,126
1,5781,0.26347371,0.25085471,0.25716421,1,1,245,217,125,126
1,5782,0.29434564,0.25322872,0.27378718,1,1,245,217,125,126
1,5783,0.28154626,0.25150600,0.26652613,1,1,245,217,125,126
1,5784,0.27160725,0.27232127,0.27196426,1,1,245,217,125,126
1,5785,0.25988886,0.24146215,0.25067551,1,1,245,217,125,126
1,5786,0.26168128,0.25322872,0.25745500,1,1,245,217,125,126
1,5787,0.25988886,0.27380056,0.26684471,1,1,245,217,125,126
1,5788,0.25988886,0.24146215,0.25067551,1,1,245,217,125,126
1,5789,0.28154626,0.26286639,0.27220633,1,1,245,217,125,126
1,5790,0.28154626,0.28119648,0.28137137,1,1,245,217,125,126
1,5791,0.28154626,0.26144617,0.27149622,1,1,245,217,125,126
1,5792,0.25988886,0.25085471,0.25537178,1,1,245,217,125,126
1,5793,0.30628196,0.25085471,0.27856833,1,1,245,217,125,126
1,5794,0.26347371,0.25085471,0.25716421,1,1,245,217,125,126
1,5795,0.28023491,0.24253564,0.26138527,1,1,245,217,125,126
1,5796,0.28308541,0.25257298,0.26782919,1,1,245,217,125,126
1,5797,0.28487783,0.25257298,0.26872540,1,1,245,217,125,126
1,5798,0.30179144,0.25085471,0.27632307,1,1,245,217,125,126
1,5799,0.28487783,0.25257298,0.26872540,1,1,245,217,125,126
1,5800,0.30332342,0.26058880,0.28195611,1,1,245,217,125,126
1,5801,0.30628196,0.24088565,0.27358380,1,1,245,217,125,126
1,5802,0.30628196,0.24088565,0.27358380,1,1,245,217,125,126
1,5803,0.25988886,0.27161608,0.26575247,1,1,245,217,125,126
1,5804,0.25988886,0.29213465,0.27601175,1,1,245,217,125,126
1,5805,0.30320367,0.26082196,0.28201281,1,1,245,217,125,126
1,5806,0.25988886,0.24088565,0.25038726,1,1,245,217,125,126
1,5807,0.29361011,0.28052511,0.28706761,1,1,245,217,125,126
1,5808,0.28154626,0.26082196,0.27118411,1,1,245,217,125,126
1,5809,0.28308541,0.24088565,0.26198553,1,1,245,217,125,126
1,5810,0.30628196,0.26082196,0.28355196,1,1,245,217,125,126
1,5811,0.25257298,0.25917198,0.25587248,1,1,245,217,125,126
1,5812,0.25257298,0.27161608,0.26209453,1,1,245,217,125,126
1,5813,0.30332342,0.27161608,0.28746975,1,1,245,217,125,126
1,5814,0.26224653,0.27232127,0.26728390,1,1,245,217,125,126
1,5815,0.29235267,0.27207783,0.28221525,1,1,245,217,125,126
1,5816,0.28308541,0.27207783,0.27758162,1,1,245,217,125,126
1,5817,0.26347371,0.26144617,0.26245994,1,1,245,217,125,126
1,5818,0.25257298,0.27232127,0.26244712,1,1,245,217,125,126
1,5819,0.30474281,0.25979224,0.28226753,1,1,245,217,125,126
1,5820,0.28023491,0.24146215,0.26084853,1,1,245,217,125,126
1,5821,0.28154626,0.24088565,0.26121596,1,1,245,217,125,126
1,5822,0.27137328,0.28119648,0.27628488,1,1,245,217,125,126
1,5823,0.30474281,0.27137328,0.28805804,1,1,245,217,125,126
1,5824,0.30320367,0.26082196,0.28201281,1,1,245,217,125,126
1,5825,0.30179144,0.28052511,0.29115828,1,1,245,217,125,126
1,5826,0.25988886,0.27207783,0.26598335,1,1,245,217,125,126
1,5827,0.25988886,0.25150600,0.25569743,1,1,245,217,125,126
1,5828,0.25988886,0.25085471,0.25537178,1,1,245,217,125,126
1,5829,0.26168128,0.26144617,0.26156373,1,1,245,217,125,126
1,5830,0.25988886,0.24146215,0.25067551,1,1,245,217,125,126
1,5831,0.27535374,0.24088565,0.25811970,1,1,245,217,125,126
1,5832,0.30474281,0.28119648,0.29296965,1,1,245,217,125,126
1,5833,0.28154626,0.26144617,0.27149622,1,1,245,217,125,126
1,5834,0.25988886,0.24088565,0.25038726,1,1,245,217,125,126
1,5835,0.26347371,0.24088565,0.25217968,1,1,245,217,125,126
1,5836,0.25988886,0.25085471,0.25537178,1,1,245,217,125,126
1,5837,0.25988886,0.27380056,0.26684471,1,1,245,217,125,126
1,5838,0.30628196,0.27137328,0.28882762,1,1,245,217,125,126
1,5839,0.28487783,0.29141381,0.28814582,1,1,245,217,125,126
1,5840,0.28487783,0.25085471,0.26786627,1,1,245,217,125,126
1,5841,0.29676332,0.26144617,0.27910475,1,1,245,217,125,126
1,5842,0.24913644,0.26144617,0.25529131,1,1,245,217,125,126
1,5843,0.25988886,0.27207783,0.26598335,1,1,245,217,125,126
1,5844,0.25988886,0.25150600,0.25569743,1,1,245,217,125,126
1,5845,0.26421833,0.27207783,0.26814808,1,1,245,217,125,126
1,5846,0.26421833,0.24146215,0.25284024,1,1,245,217,125,126
1,5847,0.27160725,0.25150600,0.26155662,1,1,245,217,125,126
1,5848,0.27432501,0.25085471,0.26258986,1,1,245,217,125,126
1,5849,0.26168128,0.26058880,0.26113504,1,1,245,217,125,126
1,5850,0.28568295,0.27380056,0.27974176,1,1,245,217,125,126
1,5851,0.26062335,0.23009334,0.24535834,1,1,245,217,125,126
1,5852,0.26168128,0.24146215,0.25157172,1,1,245,217,125,126
1,5853,0.28234196,0.22896799,0.25565498,1,1,245,217,125,126
1,5854,0.28568295,0.27137328,0.27852811,1,1,245,217,125,126
1,5855,0.28413945,0.25150600,0.26782272,1,1,245,217,125,126
1,5856,0.25988886,0.25085471,0.25537178,1,1,245,217,125,126
1,5857,0.25988886,0.27137328,0.26563107,1,1,245,217,125,126
1,5858,0.26168128,0.23923567,0.25045848,1,1,245,217,125,126
1,5859,0.25988886,0.23923567,0.24956226,1,1,245,217,125,126
1,5860,0.25988886,0.25085471,0.25537178,1,1,245,217,125,126
1,5861,0.26168128,0.25085471,0.25626800,1,1,245,217,125,126
1,5862,0.25988886,0.24088565,0.25038726,1,1,245,217,125,126
1,5863,0.28234196,0.27059854,0.27647025,1,1,245,217,125,126
1,5864,0.26062335,0.24146215,0.25104275,1,1,245,217,125,126
1,5865,0.26347371,0.25085471,0.25716421,1,1,245,217,125,126
1,5866,0.26062335,0.24146215,0.25104275,1,1,245,217,125,126
1,5867,0.30714756,0.24146215,0.27430486,1,1,245,217,125,126
1,5868,0.29141381,0.26144617,0.27642999,1,1,245,217,125,126
1,5869,0.28154626,0.26058880,0.27106753,1,1,245,217,125,126
1,5870,0.28154626,0.25085471,0.26620049,1,1,245,217,125,126
1,5871,0.28308541,0.25150600,0.26729570,1,1,245,217,125,126
1,5872,0.32620941,0.29437240,0.31029091,1,1,245,217,125,126
1,5873,0.30320367,0.24253564,0.27286965,1,1,245,217,125,126
1,5874,0.30560407,0.26082196,0.28321301,1,1,245,217,125,126
1,5875,0.30560407,0.29213465,0.29886936,1,1,245,217,125,126
1,5876,0.32577919,0.29213465,0.30895692,1,1,245,217,125,126
1,5877,0.30406057,0.29213465,0.29809761,1,1,245,217,125,126
1,5878,0.28308541,0.27207783,0.27758162,1,1,245,217,125,126
1,5879,0.28234196,0.26242084,0.27238140,1,1,245,217,125,126
1,5880,0.28234196,0.26421833,0.27328015,1,1,245,217,125,126
1,5881,0.26062335,0.24216838,0.25139587,1,1,245,217,125,126
1,5882,0.28234196,0.25257298,0.26745747,1,1,245,217,125,126
1,5883,0.26062335,0.25150600,0.25606467,1,1,245,217,125,126
1,5884,0.26062335,0.26168128,0.26115232,1,1,245,217,125,126
1,5885,0.26062335,0.25150600,0.25606467,1,1,245,217,125,126
1,5886,0.23890474,0.25322872,0.24606673,1,1,245,217,125,126
1,5887,0.26062335,0.25150600,0.25606467,1,1,245,217,125,126
1,5888,0.26242084,0.25150600,0.25696342,1,1,245,217,125,126
1,5889,0.26242084,0.23214912,0.24728498,1,1,245,217,125,126
1,5890,0.27160725,0.25150600,0.26155662,1,1,245,217,125,126
1,5891,0.29514981,0.27207783,0.28361382,1,1,228,194,150,151
1,5892,0.29676332,0.25172422,0.27424377,1,1,228,194,150,151
1,5893,0.28638895,0.27059854,0.27849375,1,1,228,194,150,151
1,5894,0.29424119,0.27255756,0.28339937,1,1,231,217,125,126
1,5895,0.28442729,0.25344845,0.26893787,1,1,231,217,125,126
1,5896,0.26268668,0.25172422,0.25720545,1,1,231,217,125,126
1,5897,0.27348050,0.25172422,0.26260236,1,1,231,217,125,126
1,5898,0.30641294,0.24146215,0.27393755,1,1,231,217,125,126
1,5899,0.31846487,0.27232127,0.29539307,1,1,231,217,125,126
1,5900,0.31846487,0.27977626,0.29912057,1,1,231,217,125,126
1,5901,0.31846487,0.29141381,0.30493934,1,1,231,217,125,126
1,5902,0.32009221,0.29141381,0.30575301,1,1,228,194,150,151
1,5903,0.36355214,0.27977626,0.32166420,1,1,228,194,150,151
1,5904,0.29772298,0.29314725,0.29543511,1,1,228,211,150,150
1,5905,0.30628196,0.28000000,0.29314098,1,1,245,217,125,126
1,5906,0.34921516,0.27977626,0.31449571,1,1,245,217,125,126
1,5907,0.30332342,0.27977626,0.29154984,1,1,245,217,125,126
1,5908,0.31846487,0.27977626,0.29912057,1,1,245,217,125,126
1,5909,0.30332342,0.28261670,0.29297006,1,1,245,217,125,126
1,5910,0.34078535,0.28965880,0.31522207,1,1,245,217,125,126
1,5911,0.30332342,0.28000000,0.29166171,1,1,245,217,125,126
1,5912,0.30485539,0.29289311,0.29887425,1,1,245,217,125,126
1,5913,0.30332342,0.28142136,0.29237239,1,1,245,217,125,126
1,5914,0.32622201,0.30100444,0.31361322,1,1,245,217,125,126
1,5915,0.32622201,0.27977626,0.30299913,1,1,245,217,125,126
1,5916,0.30485539,0.27977626,0.29231583,1,1,245,217,125,126
1,5917,0.32622201,0.27977626,0.30299913,1,1,245,217,125,126
1,5918,0.31686450,0.28000000,0.29843225,1,1,245,217,125,126
1,5919,0.30485539,0.29141381,0.29813460,1,1,245,217,125,126
1,5920,0.30485539,0.29289311,0.29887425,1,1,245,217,125,126
1,5921,0.32622201,0.29437240,0.31029721,1,1,245,217,125,126
1,5922,0.30485539,0.29141381,0.29813460,1,1,245,217,125,126
1,5923,0.30485539,0.27059854,0.28772697,1,1,245,217,125,126
1,5924,0.30485539,0.29289311,0.29887425,1,1,245,217,125,126
1,5925,0.30628196,0.25979224,0.28303710,1,1,245,217,125,126
1,5926,0.30485539,0.27977626,0.29231583,1,1,245,217,125,126
1,5927,0.31526414,0.28119648,0.29823031,1,1,245,217,125,126
1,5928,0.28023491,0.25979224,0.27001358,1,1,245,217,125,126
1,5929,0.29620936,0.25979224,0.27800080,1,1,245,217,125,126
1,5930,0.31846487,0.26144617,0.28995552,1,1,245,217,125,126
1,5931,0.30485539,0.25979224,0.28232382,1,1,245,217,125,126
1,5932,0.28023491,0.25979224,0.27001358,1,1,245,217,125,126
1,5933,0.24216838,0.25000000,0.24608419,1,1,245,217,125,126
1,5934,0.26347371,0.24165525,0.25256448,1,1,245,217,125,126
1,5935,0.28154626,0.27083333,0.27618980,1,1,245,217,125,126
1,5936,0.25084656,0.25172422,0.25128539,1,1,245,217,125,126
1,5937,0.27160725,0.25172422,0.26166574,1,1,245,217,125,126
1,5938,0.29424119,0.25172422,0.27298270,1,1,245,217,125,126
1,5939,0.28487783,0.26142136,0.27314959,1,1,245,217,125,126
1,5940,0.26224653,0.26121246,0.26172950,1,1,245,217,125,126
1,5941,0.26168128,0.25150600,0.25659364,1,1,245,217,125,126
1,5942,0.29424119,0.27207783,0.28315951,1,1,245,217,125,126
1,5943,0.25180107,0.25150600,0.25165353,1,1,245,217,125,126
1,5944,0.24216838,0.23980822,0.24098830,1,1,245,217,125,126
1,5945,0.28487783,0.26121246,0.27304515,1,1,245,217,125,126
1,5946,0.28308541,0.24146215,0.26227378,1,1,245,217,125,126
1,5947,0.27348050,0.25150600,0.26249325,1,1,245,217,125,126
1,5948,0.25084656,0.25150600,0.25117628,1,1,245,217,125,126
1,5949,0.29424119,0.25979224,0.27701671,1,1,245,217,125,126
1,5950,0.28308541,0.24978327,0.26643434,1,1,245,217,125,126
1,5951,0.29611443,0.27232127,0.28421785,1,1,245,217,125,126
1,5952,0.29424119,0.25979224,0.27701671,1,1,245,217,125,126
1,5953,0.27160725,0.24978327,0.26069526,1,1,245,217,125,126
1,5954,0.27432501,0.24088565,0.25760533,1,1,245,217,125,126
1,5955,0.26168128,0.23980822,0.25074475,1,1,245,217,125,126
1,5956,0.25988886,0.23980822,0.24984854,1,1,245,217,125,126
1,5957,0.27244598,0.24146215,0.25695407,1,1,245,217,125,126
1,5958,0.26347371,0.24146215,0.25246793,1,1,245,217,125,126
1,5959,0.26142800,0.24146215,0.25144508,1,1,245,217,125,126
1,5960,0.26168128,0.26082196,0.26125162,1,1,245,217,125,126
1,5961,0.26168128,0.27232127,0.26700128,1,1,245,217,125,126
1,5962,0.26421833,0.24088565,0.25255199,1,1,245,217,125,126
1,5963,0.26168128,0.26144617,0.26156373,1,1,245,217,125,126
1,5964,0.25988886,0.26989781,0.26489333,1,1,245,217,125,126
1,5965,0.25988886,0.24913644,0.25451265,1,1,245,217,125,126
1,5966,0.27160725,0.25150600,0.26155662,1,1,245,217,125,126
1,5967,0.25988886,0.27059854,0.26524370,1,1,245,217,125,126
1,5968,0.29065918,0.27207783,0.28136851,1,1,245,217,125,126
1,5969,0.25988886,0.23009334,0.24499110,1,1,245,217,125,126
1,5970,0.24913644,0.28052511,0.26483078,1,1,245,217,125,126
1,5971,0.26062335,0.24146215,0.25104275,1,1,245,217,125,126
1,5972,0.25988886,0.24146215,0.25067551,1,1,245,217,125,126
1,5973,0.28154626,0.27207783,0.27681205,1,1,245,217,125,126
1,5974,0.28154626,0.24088565,0.26121596,1,1,245,217,125,126
1,5975,0.28234196,0.24088565,0.26161381,1,1,245,217,125,126
1,5976,0.23823145,0.23980822,0.23901984,1,1,245,217,125,126
1,5977,0.26062335,0.23980822,0.25021579,1,1,245,217,125,126
1,5978,0.23823145,0.24978327,0.24400736,1,1,245,217,125,126
1,5979,0.26242084,0.23275184,0.24758634,1,1,245,217,125,126
1,5980,0.26242084,0.25085471,0.25663777,1,1,245,217,125,126
1,5981,0.25988886,0.24088565,0.25038726,1,1,245,217,125,126
1,5982,0.25988886,0.27137328,0.26563107,1,1,245,217,125,126
1,5983,0.25988886,0.26144617,0.26066752,1,1,245,217,125,126
1,5984,0.26347371,0.24146215,0.25246793,1,1,245,217,125,126
1,5985,0.28487783,0.26082196,0.27284990,1,1,245,217,125,126
1,5986,0.30560407,0.27207783,0.28884095,1,1,245,217,125,126
1,5987,0.30714756,0.23980822,0.27347789,1,1,245,217,125,126
1,5988,0.29065918,0.23923567,0.26494743,1,1,245,217,125,126
1,5989,0.29141381,0.24088565,0.26614973,1,1,245,217,125,126
1,5990,0.30455201,0.27977626,0.29216413,1,1,245,217,125,126
1,5991,0.29213465,0.28119648,0.28666556,1,1,245,217,125,126
1,5992,0.30320367,0.27977626,0.29148996,1,1,245,217,125,126
1,5993,0.29361011,0.28119648,0.28740330,1,1,245,217,125,126
1,5994,0.30628196,0.29289311,0.29958753,1,1,245,217,125,126
1,5995,0.27309154,0.27977626,0.27643390,1,1,245,217,125,126
1,5996,0.29361011,0.28119648,0.28740330,1,1,245,217,125,126
1,5997,0.29361011,0.28119648,0.28740330,1,1,245,217,125,126
1,5998,0.29235267,0.28119648,0.28677458,1,1,245,217,125,126
1,5999,0.30485539,0.27232127,0.28858833,1,1,245,217,125,126
1,6000,0.29235267,0.29289311,0.29262289,1,1,245,217,125,126
1,6001,0.30485539,0.29289311,0.29887425,1,1,245,217,125,126
1,6002,0.30628196,0.29289311,0.29958753,1,1,245,217,125,126
1,6003,0.30485539,0.26223879,0.28354709,1,1,245,217,125,126
1,6004,0.27309154,0.26082196,0.26695675,1,1,245,217,125,126
1,6005,0.29235267,0.27137328,0.28186297,1,1,245,217,125,126
1,6006,0.30485539,0.28052511,0.29269025,1,1,245,217,125,126
1,6007,0.25084656,0.23890474,0.24487565,1,1,245,217,125,126
1,6008,0.20370544,0.21227496,0.20799020,1,1,245,217,125,126
1,6009,0.22858058,0.21227496,0.22042777,1,1,245,217,125,126
1,6010,0.24897331,0.23275184,0.24086258,1,1,245,217,125,126
1,6011,0.22928644,0.21227496,0.22078070,1,1,245,217,125,126
1,6012,0.26224653,0.23275184,0.24749919,1,1,245,217,125,126
1,6013,0.21871855,0.20761370,0.21316613,1,1,245,217,125,126
1,6014,0.22633937,0.21657405,0.22145671,1,1,245,217,125,126
1,6015,0.24897331,0.20761370,0.22829351,1,1,245,217,125,126
1,6016,0.24897331,0.22896799,0.23897065,1,1,245,217,125,126
1,6017,0.23823145,0.21982420,0.22902783,1,1,245,217,125,126
1,6018,0.24897331,0.21982420,0.23439876,1,1,245,217,125,126
1,6019,0.24002388,0.23102911,0.23552650,1,1,245,217,125,126
1,6020,0.24002388,0.20815272,0.22408830,1,1,245,217,125,126
1,6021,0.21871855,0.20815272,0.21343564,1,1,245,217,125,126
1,6022,0.21871855,0.21021384,0.21446620,1,1,245,217,125,126
1,6023,0.26168128,0.24978327,0.25573228,1,1,245,217,125,126
1,6024,0.26168128,0.22094935,0.24131531,1,1,245,217,125,126
1,6025,0.27348050,0.22094935,0.24721492,1,1,245,217,125,126
1,6026,0.28333869,0.23009334,0.25671601,1,1,245,217,125,126
1,6027,0.29424119,0.25085471,0.27254795,1,1,245,217,125,126
1,6028,0.28201899,0.25150600,0.26676249,1,1,245,217,125,126
1,6029,0.31687512,0.27059854,0.29373683,1,1,245,217,125,126
1,6030,0.28487783,0.29141381,0.28814582,1,1,245,217,125,126
1,6031,0.28355096,0.29065918,0.28710507,1,1,245,217,125,126
1,6032,0.29424119,0.27137328,0.28280723,1,1,245,217,125,126
1,6033,0.29424119,0.24913644,0.27168881,1,1,245,217,125,126
1,6034,0.31686450,0.29213465,0.30449958,1,1,245,217,125,126
1,6035,0.28355096,0.25085471,0.26720284,1,1,245,217,125,126
1,6036,0.30628196,0.28052511,0.29340353,1,1,228,194,150,151
1,6037,0.34252674,0.31289602,0.32771138,1,1,228,194,150,151
1,6038,0.32009221,0.28194194,0.30101708,1,1,228,194,150,151
1,6039,0.29424119,0.28194194,0.28809156,1,1,228,194,150,151
1,6040,0.30179144,0.28194194,0.29186669,1,1,228,194,150,151
1,6041,0.29274527,0.28052511,0.28663519,1,1,228,194,150,151
1,6042,0.29424119,0.27161608,0.28292863,1,1,228,194,150,151
1,6043,0.28487783,0.24088565,0.26288174,1,1,228,194,150,151
1,6044,0.29620936,0.28052511,0.28836724,1,1,228,194,150,151
1,6045,0.28355096,0.26223879,0.27289487,1,1,228,194,150,151
1,6046,0.26347371,0.26058880,0.26203126,1,1,228,194,150,151
1,6047,0.29434564,0.26058880,0.27746722,1,1,228,194,150,151
1,6048,0.28176688,0.29213465,0.28695077,1,1,228,194,150,151
1,6049,0.28355096,0.29213465,0.28784280,1,1,228,194,150,151
1,6050,0.29584973,0.27161608,0.28373290,1,1,228,194,150,151
1,6051,0.28487783,0.28194194,0.28340989,1,1,228,194,150,151
1,6052,0.30628196,0.24146215,0.27387205,1,1,245,217,125,126
1,6053,0.29772298,0.24253564,0.27012931,1,1,245,217,125,126
1,6054,0.30628196,0.24311609,0.27469902,1,1,245,217,125,126
1,6055,0.31687512,0.25085471,0.28386492,1,1,245,217,125,126
1,6056,0.28176688,0.28194194,0.28185441,1,1,245,217,125,126
1,6057,0.28355096,0.26223879,0.27289487,1,1,245,217,125,126
1,6058,0.28154626,0.26223879,0.27189253,1,1,245,217,125,126
1,6059,0.28154626,0.24913644,0.26534135,1,1,245,217,125,126
1,6060,0.30320367,0.24146215,0.27233291,1,1,245,217,125,126
1,6061,0.28487783,0.24146215,0.26316999,1,1,245,217,125,126
1,6062,0.26347371,0.24088565,0.25217968,1,1,245,217,125,126
1,6063,0.28023491,0.26989781,0.27506636,1,1,245,217,125,126
1,6064,0.25988886,0.26058880,0.26023883,1,1,245,217,125,126
1,6065,0.28487783,0.24146215,0.26316999,1,1,245,217,125,126
1,6066,0.28487783,0.26989781,0.27738782,1,1,245,217,125,126
1,6067,0.28154626,0.24978327,0.26566476,1,1,245,217,125,126
1,6068,0.29424119,0.26989781,0.28206950,1,1,245,217,125,126
1,6069,0.28388546,0.26082196,0.27235371,1,1,245,217,125,126
1,6070,0.28308541,0.27059854,0.27684197,1,1,245,217,125,126
1,6071,0.25988886,0.27059854,0.26524370,1,1,245,217,125,126
1,6072,0.30320367,0.27232127,0.28776247,1,1,245,217,125,126
1,6073,0.25988886,0.27137328,0.26563107,1,1,245,217,125,126
1,6074,0.24002388,0.25150600,0.24576494,1,1,245,217,125,126
1,6075,0.20658261,0.19196104,0.19927182,1,1,245,217,125,126
1,6076,0.14005177,0.13043478,0.13524327,1,1,245,217,125,126
1,6077,0.15909091,0.13396256,0.14652673,1,1,245,217,125,126
1,6078,0.17391304,0.14583333,0.15987319,1,1,245,203,125,126
1,6079,0.21039624,0.20815272,0.20927448,1,1,245,203,125,126
1,6080,0.21718612,0.21227496,0.21473054,1,1,245,203,125,126
1,6081,0.26062335,0.22896799,0.24479567,1,1,245,203,125,126
1,6082,0.23122957,0.23102911,0.23112934,1,1,245,203,125,126
1,6083,0.23913043,0.22896799,0.23404921,1,1,245,203,125,126
1,6084,0.24978327,0.23069072,0.24023700,1,1,245,203,125,126
1,6085,0.26062335,0.27161608,0.26611971,1,1,245,203,125,126
1,6086,0.28234196,0.27207783,0.27720990,1,1,245,203,125,126
1,6087,0.28413945,0.25150600,0.26782272,1,1,245,203,125,126
1,6088,0.29141381,0.27059854,0.28100618,1,1,245,203,125,126
1,6089,0.29289311,0.26144617,0.27716964,1,1,245,203,125,126
1,6090,0.29289311,0.29213465,0.29251388,1,1,245,203,125,126
1,6091,0.26062335,0.27232127,0.26647231,1,1,245,203,125,126
1,6092,0.30560407,0.29141381,0.29850894,1,1,244,194,151,151
1,6093,0.29141381,0.29289311,0.29215346,1,1,245,203,125,126
1,6094,0.29289311,0.29437240,0.29363276,1,1,244,194,151,151
1,6095,0.29289311,0.29289311,0.29289311,1,1,244,194,151,151
1,6096,0.29289311,0.29141381,0.29215346,1,1,244,194,151,151
1,6097,0.30560407,0.29904459,0.30232433,1,1,244,194,151,151
1,6098,0.30560407,0.31352500,0.30956453,1,1,244,194,151,151
1,6099,0.29213465,0.29361011,0.29287238,1,1,244,194,151,151
1,6100,0.29141381,0.29437240,0.29289311,1,1,244,194,151,151
1,6101,0.27207783,0.27380056,0.27293920,1,1,244,194,151,151
1,6102,0.27207783,0.28194194,0.27700989,1,1,244,194,151,151
1,6103,0.27232127,0.29437240,0.28334684,1,1,244,194,151,151
1,6104,0.27059854,0.28119648,0.27589751,1,1,244,194,151,151
1,6105,0.25150600,0.27380056,0.26265328,1,1,244,194,151,151
1,6106,0.29213465,0.29437240,0.29325352,1,1,244,194,151,151
1,6107,0.29213465,0.27207783,0.28210624,1,1,244,194,151,151
1,6108,0.29213465,0.29437240,0.29325352,1,1,244,194,151,151
1,6109,0.27137328,0.27059854,0.27098591,1,1,244,194,151,151
1,6110,0.29213465,0.25085471,0.27149468,1,1,244,194,151,151
1,6111,0.29289311,0.27059854,0.28174582,1,1,244,194,151,151
1,6112,0.30474281,0.30474281,0.30474281,1,1,244,194,151,151
1,6113,0.29361011,0.29289311,0.29325161,1,1,244,194,151,151
1,6114,0.29213465,0.31271311,0.30242388,1,1,244,194,151,151
1,6115,0.25322872,0.25150600,0.25236736,1,1,244,194,151,151
1,6116,0.25150600,0.22896799,0.24023700,1,1,244,194,151,151
1,6117,0.26062335,0.22837507,0.24449921,1,1,244,194,151,151
1,6118,0.28308541,0.27232127,0.27770334,1,1,244,194,151,151
1,6119,0.25257298,0.22896799,0.24077049,1,1,259,217,125,126
1,6120,0.24913644,0.23043085,0.23978365,1,1,259,217,125,126
1,6121,0.24913644,0.25150600,0.25032122,1,1,259,217,125,126
1,6122,0.24978327,0.22837507,0.23907917,1,1,259,217,125,126
1,6123,0.27309154,0.24913644,0.26111399,1,1,259,217,125,126
1,6124,0.23823145,0.25150600,0.24486872,1,1,244,194,151,151
1,6125,0.26242084,0.23043085,0.24642585,1,1,259,217,125,126
1,6126,0.28333869,0.25150600,0.26742234,1,1,259,217,125,126
1,6127,0.28487783,0.24913644,0.26700714,1,1,259,217,125,126
1,6128,0.26421833,0.22896799,0.24659316,1,1,259,217,125,126
1,6129,0.26242084,0.25150600,0.25696342,1,1,259,217,125,126
1,6130,0.26347371,0.25085471,0.25716421,1,1,259,217,125,126
1,6131,0.26347371,0.25085471,0.25716421,1,1,259,217,125,126
1,6132,0.26347371,0.25085471,0.25716421,1,1,259,217,125,126
1,6133,0.26168128,0.25150600,0.25659364,1,1,259,217,125,126
1,6134,0.26242084,0.27161608,0.26701846,1,1,259,217,125,126
1,6135,0.25150600,0.23009334,0.24079967,1,1,259,217,125,126
1,6136,0.25988886,0.24913644,0.25451265,1,1,259,217,125,126
1,6137,0.24216838,0.26989781,0.25603310,1,1,259,217,125,126
1,6138,0.26347371,0.24913644,0.25630508,1,1,259,217,125,126
1,6139,0.26242084,0.27059854,0.26650969,1,1,259,217,125,126
1,6140,0.26168128,0.25150600,0.25659364,1,1,259,217,125,126
1,6141,0.27137328,0.24146215,0.25641772,1,1,259,217,125,126
1,6142,0.27137328,0.24146215,0.25641772,1,1,259,217,125,126
1,6143,0.29213465,0.26989781,0.28101623,1,1,259,217,125,126
1,6144,0.29065918,0.27059854,0.28062886,1,1,259,217,125,126
1,6145,0.30628196,0.27059854,0.28844025,1,1,259,217,125,126
1,6146,0.28308541,0.26121246,0.27214893,1,1,259,217,125,126
1,6147,0.30474281,0.24146215,0.27310248,1,1,259,217,125,126
1,6148,0.29088353,0.26121246,0.27604799,1,1,259,217,125,126
1,6149,0.29235267,0.27977626,0.28606447,1,1,259,217,125,126
1,6150,0.30332342,0.27207783,0.28770063,1,1,259,217,125,126
1,6151,0.30485539,0.24978327,0.27731933,1,1,259,217,125,126
1,6152,0.32622201,0.29289311,0.30955756,1,1,259,217,125,126
1,6153,0.32487995,0.28261670,0.30374832,1,1,259,217,125,126
1,6154,0.30474281,0.30046142,0.30260211,1,1,259,217,125,126
1,6155,0.29213465,0.29141381,0.29177423,1,1,259,217,125,126
1,6156,0.30474281,0.29065918,0.29770100,1,1,259,217,125,126
1,6157,0.28487783,0.29065918,0.28776851,1,1,259,217,125,126
1,6158,0.30485539,0.31271311,0.30878425,1,1,259,217,125,126
1,6159,0.32622201,0.30028578,0.31325389,1,1,259,217,125,126
1,6160,0.32622201,0.33218192,0.32920197,1,1,259,217,125,126
1,6161,0.32622201,0.31898089,0.32260145,1,1,259,217,125,126
1,6162,0.32487995,0.29904459,0.31196227,1,1,259,217,125,126
1,6163,0.30485539,0.29213465,0.29849502,1,1,259,217,125,126
1,6164,0.32622201,0.31898089,0.32260145,1,1,259,217,125,126
1,6165,0.30485539,0.28194194,0.29339867,1,1,259,217,125,126
1,6166,0.30485539,0.29289311,0.29887425,1,1,259,217,125,126
1,6167,0.30332342,0.29065918,0.29699130,1,1,259,217,125,126
1,6168,0.29361011,0.28119648,0.28740330,1,1,259,217,125,126
1,6169,0.30628196,0.29065918,0.29847057,1,1,259,217,125,126
1,6170,0.30485539,0.28194194,0.29339867,1,1,259,217,125,126
1,6171,0.30485539,0.28261670,0.29373605,1,1,259,217,125,126
1,6172,0.29088353,0.29437240,0.29262796,1,1,259,217,125,126
1,6173,0.32640022,0.31289602,0.31964812,1,1,259,217,125,126
1,6174,0.32469003,0.33347448,0.32908226,1,1,259,217,125,126
1,6175,0.32622201,0.33218192,0.32920197,1,1,259,217,125,126
1,6176,0.32640022,0.29065918,0.30852970,1,1,259,217,125,126
1,6177,0.30628196,0.29213465,0.29920830,1,1,259,217,125,126
1,6178,0.30474281,0.29361011,0.29917646,1,1,245,217,125,126
1,6179,0.29213465,0.28194194,0.28703829,1,1,245,217,125,126
1,6180,0.27137328,0.29361011,0.28249169,1,1,245,217,125,126
1,6181,0.26989781,0.28052511,0.27521146,1,1,245,217,125,126
1,6182,0.31137386,0.33476703,0.32307045,1,1,245,217,125,126
1,6183,0.28308541,0.29213465,0.28761003,1,1,245,217,125,126
1,6184,0.32620941,0.28261670,0.30441306,1,1,245,217,125,126
1,6185,0.32620941,0.28194194,0.30407568,1,1,245,217,125,126
1,6186,0.30455201,0.28119648,0.29287424,1,1,245,217,125,126
1,6187,0.30474281,0.31271311,0.30872796,1,1,245,217,125,126
1,6188,0.32620941,0.29361011,0.30990976,1,1,245,217,125,126
1,6189,0.32620941,0.28052511,0.30336726,1,1,245,217,125,126
1,6190,0.32469003,0.30028578,0.31248791,1,1,245,217,125,126
1,6191,0.28308541,0.29361011,0.28834776,1,1,245,217,125,126
1,6192,0.31137386,0.31418857,0.31278121,1,1,245,217,125,126
1,6193,0.32469003,0.27309154,0.29889079,1,1,245,217,125,126
1,6194,0.28333869,0.29289311,0.28811590,1,1,245,217,125,126
1,6195,0.27045283,0.29213465,0.28129374,1,1,245,217,125,126
1,6196,0.32622201,0.28194194,0.30408197,1,1,245,217,125,126
1,6197,0.32622201,0.30028578,0.31325389,1,1,245,217,125,126
1,6198,0.30332342,0.29213465,0.29772903,1,1,245,217,125,126
1,6199,0.28308541,0.28052511,0.28180526,1,1,245,217,125,126
1,6200,0.32469003,0.31271311,0.31870157,1,1,245,217,125,126
1,6201,0.28023491,0.27207783,0.27615637,1,1,245,217,125,126
1,6202,0.27021107,0.26286639,0.26653873,1,1,245,217,125,126
1,6203,0.24913644,0.24311609,0.24612626,1,1,245,217,125,126
1,6204,0.24806947,0.25150600,0.24978773,1,1,245,217,125,126
1,6205,0.27021107,0.24311609,0.25666358,1,1,245,217,125,126
1,6206,0.26168128,0.25150600,0.25659364,1,1,259,217,125,126
1,6207,0.24806947,0.26223879,0.25515413,1,1,245,217,125,126
1,6208,0.27160725,0.25150600,0.26155662,1,1,259,217,125,126
1,6209,0.24897331,0.25150600,0.25023965,1,1,259,217,125,126
1,6210,0.23823145,0.24978327,0.24400736,1,1,259,217,125,126
1,6211,0.27160725,0.25150600,0.26155662,1,1,259,217,125,126
1,6212,0.25988886,0.25150600,0.25569743,1,1,259,217,125,126
1,6213,0.25988886,0.25085471,0.25537178,1,1,259,217,125,126
1,6214,0.28308541,0.27137328,0.27722934,1,1,259,217,125,126
1,6215,0.27137328,0.25322872,0.26230100,1,1,245,217,125,126
1,6216,0.29213465,0.25150600,0.27182032,1,1,259,217,125,126
1,6217,0.27160725,0.25150600,0.26155662,1,1,259,217,125,126
1,6218,0.29424119,0.27207783,0.28315951,1,1,259,217,125,126
1,6219,0.25988886,0.24146215,0.25067551,1,1,259,217,125,126
1,6220,0.24913644,0.25150600,0.25032122,1,1,245,217,125,126
1,6221,0.25988886,0.27059854,0.26524370,1,1,259,217,125,126
1,6222,0.28201899,0.29141381,0.28671640,1,1,259,217,125,126
1,6223,0.32640022,0.25917198,0.29278610,1,1,259,217,125,126
1,6224,0.33333333,0.32146327,0.32739830,1,1,259,217,125,126
1,6225,0.34921516,0.31898089,0.33409803,1,1,259,217,125,126
1,6226,0.34921516,0.29904459,0.32412987,1,1,259,217,125,126
1,6227,0.34921516,0.29904459,0.32412987,1,1,259,217,125,126
1,6228,0.36899702,0.31898089,0.34398896,1,1,259,217,125,126
1,6229,0.36899702,0.33891720,0.35395711,1,1,259,217,125,126
1,6230,0.32774856,0.31418857,0.32096857,1,1,259,217,125,126
1,6231,0.34624657,0.32146327,0.33385492,1,1,259,217,125,126
1,6232,0.34758863,0.31898089,0.33328476,1,1,259,217,125,126
1,6233,0.34786682,0.29213465,0.32000073,1,1,259,217,125,126
1,6234,0.33476703,0.33480727,0.33478715,1,1,259,217,125,126
1,6235,0.34624657,0.32022208,0.33323432,1,1,245,217,125,126
1,6236,0.36780310,0.32146327,0.34463318,1,1,245,217,125,126
1,6237,0.35257670,0.32146327,0.33701999,1,1,245,217,125,126
1,6238,0.32640022,0.31418857,0.32029439,1,1,259,217,125,126
1,6239,0.35271877,0.36106187,0.35689032,1,1,245,217,125,126
1,6240,0.36899702,0.36106187,0.36502945,1,1,245,217,125,126
1,6241,0.34758863,0.31898089,0.33328476,1,1,245,217,125,126
1,6242,0.33204631,0.30170261,0.31687446,1,1,245,217,125,126
1,6243,0.35271877,0.34126257,0.34699067,1,1,245,217,125,126
1,6244,0.33204631,0.34126257,0.33665444,1,1,245,217,125,126
1,6245,0.35257670,0.34126257,0.34691964,1,1,245,217,125,126
1,6246,0.33204631,0.34126257,0.33665444,1,1,245,217,125,126
1,6247,0.33204631,0.33218192,0.33211412,1,1,245,217,125,126
1,6248,0.33204631,0.32019315,0.32611973,1,1,245,217,125,126
1,6249,0.34624657,0.31898089,0.33261373,1,1,245,217,125,126
1,6250,0.34758863,0.32022208,0.33390535,1,1,245,217,125,126
1,6251,0.34624657,0.33218192,0.33921424,1,1,245,217,125,126
1,6252,0.34758863,0.32022208,0.33390535,1,1,245,217,125,126
1,6253,0.31284300,0.31898089,0.31591195,1,1,245,217,125,126
1,6254,0.32774856,0.33347448,0.33061152,1,1,245,217,125,126
1,6255,0.30628196,0.29786304,0.30207250,1,1,245,217,125,126
1,6256,0.29213465,0.27941674,0.28577569,1,1,245,217,125,126
1,6257,0.30474281,0.27941674,0.29207977,1,1,245,217,125,126
1,6258,0.30474281,0.29361011,0.29917646,1,1,245,217,125,126
1,6259,0.30474281,0.32022208,0.31248245,1,1,245,217,125,126
1,6260,0.30474281,0.29289311,0.29881796,1,1,245,217,125,126
1,6261,0.30474281,0.29289311,0.29881796,1,1,245,217,125,126
1,6262,0.30474281,0.28119648,0.29296965,1,1,245,217,125,126
1,6263,0.34786682,0.31418857,0.33102770,1,1,245,217,125,126
1,6264,0.30474281,0.29141381,0.29807831,1,1,245,217,125,126
1,6265,0.29213465,0.28052511,0.28632988,1,1,245,217,125,126
1,6266,0.30474281,0.29213465,0.29843873,1,1,245,217,125,126
1,6267,0.30485539,0.29289311,0.29887425,1,1,245,217,125,126
1,6268,0.31271311,0.31271311,0.31271311,1,1,245,217,125,126
1,6269,0.29213465,0.29289311,0.29251388,1,1,245,217,125,126
1,6270,0.31137386,0.31418857,0.31278121,1,1,245,217,125,126
1,6271,0.31289602,0.28052511,0.29671056,1,1,245,217,125,126
1,6272,0.31271311,0.29361011,0.30316161,1,1,245,217,125,126
1,6273,0.29213465,0.30170261,0.29691863,1,1,245,217,125,126
1,6274,0.28308541,0.29289311,0.28798926,1,1,245,217,125,126
1,6275,0.28308541,0.27207783,0.27758162,1,1,245,217,125,126
1,6276,0.28487783,0.28261670,0.28374727,1,1,259,217,125,126
1,6277,0.32620941,0.30028578,0.31324760,1,1,245,217,125,126
1,6278,0.31289602,0.33476703,0.32383153,1,1,245,217,125,126
1,6279,0.32620941,0.28052511,0.30336726,1,1,245,217,125,126
1,6280,0.32469003,0.30028578,0.31248791,1,1,245,217,125,126
1,6281,0.32774856,0.29213465,0.30994160,1,1,259,217,125,126
1,6282,0.30628196,0.27977626,0.29302911,1,1,259,217,125,126
1,6283,0.30628196,0.27910828,0.29269512,1,1,259,217,125,126
1,6284,0.30485539,0.29065918,0.29775729,1,1,259,217,125,126
1,6285,0.32469003,0.29065918,0.30767461,1,1,259,217,125,126
1,6286,0.30332342,0.29065918,0.29699130,1,1,259,217,125,126
1,6287,0.32469003,0.33347448,0.32908226,1,1,259,217,125,126
1,6288,0.30485539,0.29065918,0.29775729,1,1,259,217,125,126
1,6289,0.30485539,0.27910828,0.29198184,1,1,259,217,125,126
1,6290,0.31137386,0.30170261,0.30653823,1,1,245,217,125,126
1,6291,0.32622201,0.30046142,0.31334171,1,1,259,217,125,126
1,6292,0.32622201,0.29065918,0.30844060,1,1,259,217,125,126
1,6293,0.30485539,0.28052511,0.29269025,1,1,259,217,125,126
1,6294,0.30332342,0.29065918,0.29699130,1,1,259,217,125,126
1,6295,0.30485539,0.28119648,0.29302594,1,1,259,217,125,126
1,6296,0.30332342,0.27910828,0.29121585,1,1,259,217,125,126
1,6297,0.29213465,0.28052511,0.28632988,1,1,259,217,125,126
1,6298,0.29088353,0.27910828,0.28499590,1,1,259,217,125,126
1,6299,0.32774856,0.25979224,0.29377040,1,1,259,217,125,126
1,6300,0.32774856,0.27910828,0.30342842,1,1,259,217,125,126
1,6301,0.30332342,0.30100444,0.30216393,1,1,259,217,125,126
1,6302,0.30332342,0.28119648,0.29225995,1,1,259,217,125,126
1,6303,0.30332342,0.27977626,0.29154984,1,1,259,217,125,126
1,6304,0.30332342,0.27977626,0.29154984,1,1,259,217,125,126
1,6305,0.29235267,0.27977626,0.28606447,1,1,259,217,125,126
1,6306,0.29235267,0.29976028,0.29605648,1,1,259,217,125,126
1,6307,0.30485539,0.28052511,0.29269025,1,1,259,217,125,126
1,6308,0.30474281,0.27910828,0.29192555,1,1,259,217,125,126
1,6309,0.30628196,0.27910828,0.29269512,1,1,259,217,125,126
1,6310,0.30474281,0.27910828,0.29192555,1,1,259,217,125,126
1,6311,0.28487783,0.26058880,0.27273332,1,1,259,217,125,126
1,6312,0.28487783,0.27232127,0.27859955,1,1,259,217,125,126
1,6313,0.26347371,0.25150600,0.25748985,1,1,259,217,125,126
1,6314,0.27137328,0.26058880,0.26598104,1,1,259,217,125,126
1,6315,0.30320367,0.27161608,0.28740987,1,1,259,217,125,126
1,6316,0.30320367,0.27910828,0.29115597,1,1,259,217,125,126
1,6317,0.28176688,0.27910828,0.28043758,1,1,259,217,125,126
1,6318,0.28308541,0.26082196,0.27195368,1,1,259,217,125,126
1,6319,0.30474281,0.28194194,0.29334238,1,1,259,217,125,126
1,6320,0.28487783,0.28052511,0.28270147,1,1,259,217,125,126
1,6321,0.27021107,0.28052511,0.27536809,1,1,245,217,125,126
1,6322,0.29213465,0.29361011,0.29287238,1,1,245,217,125,126
1,6323,0.29213465,0.29361011,0.29287238,1,1,245,217,125,126
1,6324,0.27192198,0.27207783,0.27199991,1,1,245,217,125,126
1,6325,0.25085471,0.27137328,0.26111399,1,1,245,217,125,126
1,6326,0.28154626,0.26058880,0.27106753,1,1,245,217,125,126
1,6327,0.25988886,0.24146215,0.25067551,1,1,245,217,125,126
1,6328,0.28487783,0.27059854,0.27773819,1,1,245,217,125,126
1,6329,0.30474281,0.27207783,0.28841032,1,1,245,217,125,126
1,6330,0.29213465,0.27161608,0.28187536,1,1,245,217,125,126
1,6331,0.30474281,0.26058880,0.28266581,1,1,245,217,125,126
1,6332,0.25988886,0.27380056,0.26684471,1,1,245,217,125,126
1,6333,0.30474281,0.29213465,0.29843873,1,1,245,217,125,126
1,6334,0.30474281,0.29213465,0.29843873,1,1,245,217,125,126
1,6335,0.30560407,0.28194194,0.29377300,1,1,245,217,125,126
1,6336,0.30332342,0.29289311,0.29810826,1,1,245,217,125,126
1,6337,0.30474281,0.29289311,0.29881796,1,1,245,217,125,126
1,6338,0.30474281,0.29289311,0.29881796,1,1,245,217,125,126
1,6339,0.30474281,0.29437240,0.29955761,1,1,245,217,125,126
1,6340,0.32774856,0.31271311,0.32023083,1,1,245,217,125,126
1,6341,0.34786682,0.31352500,0.33069591,1,1,245,217,125,126
1,6342,0.30474281,0.29289311,0.29881796,1,1,245,217,125,126
1,6343,0.30332342,0.29361011,0.29846676,1,1,245,217,125,126
1,6344,0.32620941,0.27309154,0.29965048,1,1,245,217,125,126
1,6345,0.32620941,0.28194194,0.30407568,1,1,245,217,125,126
1,6346,0.34786682,0.28194194,0.31490438,1,1,245,217,125,126
1,6347,0.34786682,0.31418857,0.33102770,1,1,245,217,125,126
1,6348,0.31271311,0.32022208,0.31646760,1,1,245,217,125,126
1,6349,0.32620941,0.29361011,0.30990976,1,1,245,217,125,126
1,6350,0.31418857,0.28052511,0.29735684,1,1,245,217,125,126
1,6351,0.32620941,0.30118050,0.31369496,1,1,245,217,125,126
1,6352,0.32620941,0.32146327,0.32383634,1,1,245,217,125,126
1,6353,0.32620941,0.32022208,0.32321575,1,1,245,217,125,126
1,6354,0.30332342,0.28052511,0.29192426,1,1,245,217,125,126
1,6355,0.29088353,0.29361011,0.29224682,1,1,245,217,125,126
1,6356,0.29088353,0.28194194,0.28641273,1,1,245,217,125,126
1,6357,0.29065918,0.29437240,0.29251579,1,1,245,217,125,126
1,6358,0.32640022,0.29437240,0.31038631,1,1,245,217,125,126
1,6359,0.30455201,0.28261670,0.29358435,1,1,245,217,125,126
1,6360,0.28308541,0.29361011,0.28834776,1,1,245,217,125,126
1,6361,0.30474281,0.28119648,0.29296965,1,1,245,217,125,126
1,6362,0.30474281,0.29361011,0.29917646,1,1,245,217,125,126
1,6363,0.30474281,0.28119648,0.29296965,1,1,245,217,125,126
1,6364,0.30474281,0.28194194,0.29334238,1,1,245,217,125,126
1,6365,0.30474281,0.30170261,0.30322271,1,1,245,217,125,126
1,6366,0.31137386,0.28052511,0.29594948,1,1,245,217,125,126
1,6367,0.32774856,0.31418857,0.32096857,1,1,245,217,125,126
1,6368,0.32622201,0.29361011,0.30991606,1,1,245,217,125,126
1,6369,0.32469003,0.29289311,0.30879157,1,1,245,217,125,126
1,6370,0.34921516,0.29437240,0.32179378,1,1,244,194,151,151
1,6371,0.34921516,0.28261670,0.31591593,1,1,244,194,151,151
1,6372,0.29235267,0.30046142,0.29640704,1,1,245,217,125,126
1,6373,0.33204631,0.30242466,0.31723549,1,1,245,217,125,126
1,6374,0.31418857,0.30170261,0.30794559,1,1,245,217,125,126
1,6375,0.34921516,0.30170261,0.32545888,1,1,259,217,125,126
1,6376,0.34758863,0.31974430,0.33366646,1,1,259,217,125,126
1,6377,0.34758863,0.32146327,0.33452595,1,1,245,217,125,126
1,6378,0.33347448,0.32146327,0.32746888,1,1,245,217,125,126
1,6379,0.31284300,0.28261670,0.29772985,1,1,245,217,125,126
1,6380,0.32622201,0.32146327,0.32384264,1,1,245,217,125,126
1,6381,0.31137386,0.30170261,0.30653823,1,1,245,217,125,126
1,6382,0.34758863,0.35294329,0.35026596,1,1,245,217,125,126
1,6383,0.33333333,0.32146327,0.32739830,1,1,245,217,125,126
1,6384,0.33333333,0.33218192,0.33275763,1,1,245,217,125,126
1,6385,0.33075929,0.31895686,0.32485808,1,1,245,217,125,126
1,6386,0.33333333,0.33218192,0.33275763,1,1,245,217,125,126
1,6387,0.33075929,0.32019315,0.32547622,1,1,245,217,125,126
1,6388,0.36899702,0.34126257,0.35512980,1,1,245,217,125,126
1,6389,0.35386372,0.36106187,0.35746280,1,1,245,217,125,126
1,6390,0.33204631,0.31898089,0.32551360,1,1,245,217,125,126
1,6391,0.34624657,0.33347448,0.33986052,1,1,245,217,125,126
1,6392,0.32469003,0.28194194,0.30331599,1,1,245,217,125,126
1,6393,0.32469003,0.30170261,0.31319632,1,1,245,217,125,126
1,6394,0.34758863,0.30170261,0.32464562,1,1,245,217,125,126
1,6395,0.37072373,0.35538573,0.36305473,1,1,245,217,125,126
1,6396,0.34758863,0.32019315,0.33389089,1,1,245,217,125,126
1,6397,0.32622201,0.32019315,0.32320758,1,1,245,217,125,126
1,6398,0.32640022,0.28194194,0.30417108,1,1,245,217,125,126
1,6399,0.34758863,0.32146327,0.33452595,1,1,245,217,125,126
1,6400,0.33333333,0.32146327,0.32739830,1,1,245,217,125,126
1,6401,0.36899702,0.34126257,0.35512980,1,1,245,217,125,126
1,6402,0.34786682,0.32019315,0.33402998,1,1,245,217,125,126
1,6403,0.36899702,0.34126257,0.35512980,1,1,245,217,125,126
1,6404,0.34921516,0.34126257,0.34523887,1,1,245,217,125,126
1,6405,0.32469003,0.28052511,0.30260757,1,1,245,217,125,126
1,6406,0.35386372,0.34002138,0.34694255,1,1,245,217,125,126
1,6407,0.33135674,0.32146327,0.32641001,1,1,245,217,125,126
1,6408,0.35538573,0.34126257,0.34832415,1,1,245,217,125,126
1,6409,0.35143175,0.34126257,0.34634716,1,1,245,217,125,126
1,6410,0.31155598,0.33563618,0.32359608,1,1,245,217,125,126
1,6411,0.30474281,0.28052511,0.29263396,1,1,245,217,125,126
1,6412,0.34786682,0.31418857,0.33102770,1,1,245,217,125,126
1,6413,0.29213465,0.29437240,0.29325352,1,1,245,217,125,126
1,6414,0.30474281,0.27910828,0.29192555,1,1,245,217,125,126
1,6415,0.32334797,0.31418857,0.31876827,1,1,245,217,125,126
1,6416,0.31289602,0.29213465,0.30251533,1,1,245,217,125,126
1,6417,0.31008684,0.32146327,0.31577505,1,1,245,217,125,126
1,6418,0.30332342,0.30046142,0.30189242,1,1,245,217,125,126
1,6419,0.31137386,0.32146327,0.31641856,1,1,245,217,125,126
1,6420,0.31155598,0.30046142,0.30600870,1,1,245,217,125,126
1,6421,0.31008684,0.29213465,0.30111074,1,1,245,217,125,126
1,6422,0.31142055,0.31289602,0.31215828,1,1,245,217,125,126
1,6423,0.32334797,0.29213465,0.30774131,1,1,245,217,125,126
1,6424,0.32334797,0.28052511,0.30193654,1,1,245,217,125,126
1,6425,0.32469003,0.32146327,0.32307665,1,1,245,217,125,126
1,6426,0.31137386,0.32146327,0.31641856,1,1,245,217,125,126
1,6427,0.32469003,0.33347448,0.32908226,1,1,245,217,125,126
1,6428,0.31155598,0.33476703,0.32316151,1,1,245,217,125,126
1,6429,0.31155598,0.33476703,0.32316151,1,1,245,217,125,126
1,6430,0.29361011,0.29361011,0.29361011,1,1,245,217,125,126
1,6431,0.29088353,0.29213465,0.29150909,1,1,245,217,125,126
1,6432,0.32469003,0.31418857,0.31943930,1,1,245,217,125,126
1,6433,0.30485539,0.31418857,0.30952198,1,1,245,217,125,126
1,6434,0.31289602,0.33476703,0.32383153,1,1,245,217,125,126
1,6435,0.31271311,0.30046142,0.30658726,1,1,245,217,125,126
1,6436,0.34624657,0.30170261,0.32397459,1,1,245,217,125,126
1,6437,0.32620941,0.32146327,0.32383634,1,1,245,217,125,126
1,6438,0.34921516,0.31142055,0.33031786,1,1,245,217,125,126
1,6439,0.32620941,0.33476703,0.33048822,1,1,245,217,125,126
1,6440,0.37072373,0.35409317,0.36240845,1,1,245,217,125,126
1,6441,0.34921516,0.32223262,0.33572389,1,1,245,217,125,126
1,6442,0.32774856,0.29361011,0.31067933,1,1,245,217,125,126
1,6443,0.34758863,0.29361011,0.32059937,1,1,245,217,125,126
1,6444,0.34624657,0.30046142,0.32335399,1,1,245,217,125,126
1,6445,0.34624657,0.32022208,0.33323432,1,1,245,217,125,126
1,6446,0.34624657,0.30046142,0.32335399,1,1,245,217,125,126
1,6447,0.34758863,0.31271311,0.33015087,1,1,245,217,125,126
1,6448,0.32620941,0.28052511,0.30336726,1,1,245,217,125,126
1,6449,0.32469003,0.32022208,0.32245606,1,1,245,217,125,126
1,6450,0.34624657,0.32146327,0.33385492,1,1,245,217,125,126
1,6451,0.36780310,0.35538573,0.36159441,1,1,245,217,125,126
1,6452,0.33333333,0.32146327,0.32739830,1,1,245,217,125,126
1,6453,0.34758863,0.31898089,0.33328476,1,1,245,217,125,126
1,6454,0.34758863,0.32022208,0.33390535,1,1,245,217,125,126
1,6455,0.32469003,0.32022208,0.32245606,1,1,245,217,125,126
1,6456,0.31137386,0.32022208,0.31579797,1,1,245,217,125,126
1,6457,0.31271311,0.32022208,0.31646760,1,1,245,217,125,126
1,6458,0.32469003,0.33476703,0.32972853,1,1,245,217,125,126
1,6459,0.32622201,0.32146327,0.32384264,1,1,245,217,125,126
1,6460,0.32622201,0.32146327,0.32384264,1,1,245,217,125,126
1,6461,0.32487995,0.31898089,0.32193042,1,1,245,217,125,126
1,6462,0.30474281,0.32022208,0.31248245,1,1,245,217,125,126
1,6463,0.34786682,0.28119648,0.31453165,1,1,245,217,125,126
1,6464,0.30474281,0.28052511,0.29263396,1,1,245,217,125,126
1,6465,0.34921516,0.32022208,0.33471862,1,1,245,217,125,126
1,6466,0.34786682,0.33347448,0.34067065,1,1,245,217,125,126
1,6467,0.29213465,0.33476703,0.31345084,1,1,245,217,125,126
1,6468,0.33347448,0.33476703,0.33412076,1,1,245,217,125,126
1,6469,0.33347448,0.32146327,0.32746888,1,1,245,217,125,126
1,6470,0.29213465,0.33476703,0.31345084,1,1,245,217,125,126
1,6471,0.30320367,0.33476703,0.31898535,1,1,245,217,125,126
1,6472,0.33347448,0.32146327,0.32746888,1,1,245,217,125,126
1,6473,0.33347448,0.33476703,0.33412076,1,1,245,217,125,126
1,6474,0.33204631,0.29235267,0.31219949,1,1,245,217,125,126
1,6475,0.32469003,0.29213465,0.30841234,1,1,245,217,125,126
1,6476,0.34786682,0.33476703,0.34131693,1,1,245,217,125,126
1,6477,0.32640022,0.32146327,0.32393174,1,1,245,217,125,126
1,6478,0.32620941,0.28194194,0.30407568,1,1,245,217,125,126
1,6479,0.32469003,0.33476703,0.32972853,1,1,245,217,125,126
1,6480,0.32640022,0.33476703,0.33058363,1,1,245,217,125,126
1,6481,0.30320367,0.33476703,0.31898535,1,1,245,217,125,126
1,6482,0.32640022,0.33476703,0.33058363,1,1,245,217,125,126
1,6483,0.32486107,0.31418857,0.31952482,1,1,245,217,125,126
1,6484,0.30474281,0.29235267,0.29854774,1,1,245,217,125,126
1,6485,0.30332342,0.29361011,0.29846676,1,1,245,217,125,126
1,6486,0.31526414,0.29361011,0.30443712,1,1,245,217,125,126
1,6487,0.30320367,0.29361011,0.29840689,1,1,245,217,125,126
1,6488,0.25988886,0.25322872,0.25655879,1,1,245,217,125,126
1,6489,0.17374890,0.16652218,0.17013554,1,1,245,217,125,126
1,6490,0.17374890,0.16652218,0.17013554,1,1,245,217,125,126
1,6491,0.19546751,0.20815272,0.20181012,1,1,245,217,125,126
1,6492,0.28388546,0.29361011,0.28874778,1,1,245,217,125,126
1,6493,0.30560407,0.28052511,0.29306459,1,1,245,217,125,126
1,6494,0.30628196,0.29213465,0.29920830,1,1,245,217,125,126
1,6495,0.30474281,0.29361011,0.29917646,1,1,245,217,125,126
1,6496,0.34786682,0.32146327,0.33466505,1,1,245,217,125,126
1,6497,0.32640022,0.33476703,0.33058363,1,1,245,217,125,126
1,6498,0.33347448,0.33347448,0.33347448,1,1,245,217,125,126
1,6499,0.34786682,0.32022208,0.33404445,1,1,245,217,125,126
1,6500,0.32620941,0.32146327,0.32383634,1,1,245,217,125,126
1,6501,0.34786682,0.29213465,0.32000073,1,1,245,217,125,126
1,6502,0.34758863,0.32146327,0.33452595,1,1,245,217,125,126
1,6503,0.34758863,0.30170261,0.32464562,1,1,245,217,125,126
1,6504,0.33204631,0.33347448,0.33276040,1,1,245,217,125,126
1,6505,0.32486107,0.30170261,0.31328184,1,1,245,217,125,126
1,6506,0.36765496,0.35963529,0.36364512,1,1,245,217,125,126
1,6507,0.38551763,0.34453529,0.36502646,1,1,245,217,125,126
1,6508,0.41184316,0.34126257,0.37655286,1,1,245,217,125,126
1,6509,0.41184316,0.34126257,0.37655286,1,1,245,217,125,126
1,6510,0.41184316,0.35963529,0.38573922,1,1,245,217,125,126
1,6511,0.38921149,0.35963529,0.37442339,1,1,245,217,125,126
1,6512,0.41076802,0.35963529,0.38520166,1,1,245,217,125,126
1,6513,0.41184316,0.36289508,0.38736912,1,1,245,217,125,126
1,6514,0.36899702,0.36106187,0.36502945,1,1,245,217,125,126
1,6515,0.36765496,0.36106187,0.36435841,1,1,245,217,125,126
1,6516,0.36646104,0.31895686,0.34270895,1,1,245,217,125,126
1,6517,0.35176539,0.37941259,0.36558899,1,1,245,217,125,126
1,6518,0.37217404,0.38088832,0.37653118,1,1,245,217,125,126
1,6519,0.39495266,0.35963529,0.37729398,1,1,245,217,125,126
1,6520,0.35176539,0.37938341,0.36557440,1,1,245,217,125,126
1,6521,0.35538573,0.38088832,0.36813703,1,1,245,217,125,126
1,6522,0.37439412,0.35963529,0.36701470,1,1,245,217,125,126
1,6523,0.39495266,0.35963529,0.37729398,1,1,245,217,125,126
1,6524,0.35176539,0.35963529,0.35570034,1,1,245,217,125,126
1,6525,0.41184316,0.37439412,0.39311864,1,1,245,217,125,126
1,6526,0.41184316,0.35963529,0.38573922,1,1,245,217,125,126
1,6527,0.39495266,0.35963529,0.37729398,1,1,245,217,125,126
1,6528,0.40693528,0.36289508,0.38491518,1,1,245,217,125,126
1,6529,0.40918972,0.35963529,0.38441250,1,1,245,217,125,126
1,6530,0.39040541,0.35386372,0.37213457,1,1,245,217,125,126
1,6531,0.41184316,0.39495266,0.40339791,1,1,245,217,125,126
1,6532,0.40918972,0.35963529,0.38441250,1,1,245,217,125,126
1,6533,0.36989771,0.35963529,0.36476650,1,1,245,217,125,126
1,6534,0.39147251,0.35963529,0.37555390,1,1,245,217,125,126
1,6535,0.39495266,0.35963529,0.37729398,1,1,245,217,125,126
1,6536,0.41184316,0.36106187,0.38645251,1,1,245,217,125,126
1,6537,0.39040541,0.33991422,0.36515981,1,1,245,217,125,126
1,6538,0.37439412,0.38088832,0.37764122,1,1,245,217,125,126
1,6539,0.36899702,0.35995769,0.36447735,1,1,245,217,125,126
1,6540,0.37439412,0.33991422,0.35715417,1,1,245,217,125,126
1,6541,0.37210420,0.36106187,0.36658304,1,1,245,217,125,126
1,6542,0.41184316,0.37600442,0.39392379,1,1,245,217,125,126
1,6543,0.41184316,0.37439412,0.39311864,1,1,245,217,125,126
1,6544,0.39040541,0.38088832,0.38564687,1,1,245,217,125,126
1,6545,0.39495266,0.36106187,0.37800727,1,1,245,217,125,126
1,6546,0.39040541,0.36106187,0.37573364,1,1,245,217,125,126
1,6547,0.35386372,0.36106187,0.35746280,1,1,245,217,125,126
1,6548,0.39040541,0.36106187,0.37573364,1,1,245,217,125,126
1,6549,0.38921149,0.35853547,0.37387348,1,1,245,217,125,126
1,6550,0.37324916,0.35963529,0.36644223,1,1,245,217,125,126
1,6551,0.41064924,0.35853547,0.38459235,1,1,245,217,125,126
1,6552,0.37439412,0.31772058,0.34605735,1,1,245,217,125,126
1,6553,0.37324916,0.31898089,0.34611503,1,1,245,217,125,126
1,6554,0.37439412,0.36106187,0.36772799,1,1,245,217,125,126
1,6555,0.35386372,0.36106187,0.35746280,1,1,245,217,125,126
1,6556,0.37439412,0.35995769,0.36717590,1,1,245,217,125,126
1,6557,0.36899702,0.34126257,0.35512980,1,1,245,217,125,126
1,6558,0.36899702,0.37600442,0.37250072,1,1,245,217,125,126
1,6559,0.35386372,0.36106187,0.35746280,1,1,245,217,125,126
1,6560,0.36899702,0.33075929,0.34987815,1,1,245,217,125,126
1,6561,0.39040541,0.33218192,0.36129367,1,1,245,217,125,126
1,6562,0.35386372,0.35143175,0.35264774,1,1,245,217,125,126
1,6563,0.35386372,0.39495266,0.37440819,1,1,245,217,125,126
1,6564,0.35386372,0.33333333,0.34359853,1,1,245,217,125,126
1,6565,0.35386372,0.32019315,0.33702844,1,1,245,217,125,126
1,6566,0.39040541,0.35386372,0.37213457,1,1,245,217,125,126
1,6567,0.37600442,0.36106187,0.36853315,1,1,245,217,125,126
1,6568,0.39223230,0.36106187,0.37664709,1,1,245,217,125,126
1,6569,0.34758863,0.32146327,0.33452595,1,1,245,217,125,126
1,6570,0.39223230,0.33218192,0.36220711,1,1,245,203,125,126
1,6571,0.37072373,0.33218192,0.35145283,1,1,244,194,151,151
1,6572,0.34758863,0.33347448,0.34053155,1,1,244,194,151,151
1,6573,0.33347448,0.34002138,0.33674793,1,1,244,194,151,151
1,6574,0.33333333,0.32008508,0.32670921,1,1,244,194,151,151
1,6575,0.32019315,0.32022208,0.32020762,1,1,244,194,151,151
1,6576,0.35995769,0.32146327,0.34071048,1,1,244,194,151,151
1,6577,0.35294329,0.32146327,0.33720328,1,1,244,194,151,151
1,6578,0.33476703,0.31895686,0.32686195,1,1,244,194,151,151
1,6579,0.33991422,0.34126257,0.34058840,1,1,244,194,151,151
1,6580,0.37485454,0.36106187,0.36795821,1,1,244,194,151,151
1,6581,0.32019315,0.33891720,0.32955517,1,1,244,194,151,151
1,6582,0.37600442,0.33891720,0.35746081,1,1,244,194,151,151
1,6583,0.36106187,0.35294329,0.35700258,1,1,244,194,151,151
1,6584,0.32146327,0.34002138,0.33074233,1,1,244,194,151,151
1,6585,0.34002138,0.34126257,0.34064198,1,1,244,194,151,151
1,6586,0.35294329,0.34126257,0.34710293,1,1,244,194,151,151
1,6587,0.33304436,0.32146327,0.32725381,1,1,244,194,151,151
1,6588,0.33476703,0.34126257,0.33801480,1,1,244,194,151,151
1,6589,0.32146327,0.35294329,0.33720328,1,1,244,194,151,151
1,6590,0.36081916,0.34126257,0.35104087,1,1,244,194,151,151
1,6591,0.36192599,0.33991422,0.35092010,1,1,244,194,151,151
1,6592,0.33563618,0.33991422,0.33777520,1,1,244,194,151,151
1,6593,0.34207930,0.37439412,0.35823671,1,1,244,194,151,151
1,6594,0.32223262,0.35409317,0.33816289,1,1,244,194,151,151
1,6595,0.32098846,0.35538573,0.33818709,1,1,259,203,125,126
1,6596,0.32098846,0.31284300,0.31691573,1,1,244,194,151,151
1,6597,0.31974430,0.33333333,0.32653881,1,1,244,194,151,151
1,6598,0.33304436,0.36899702,0.35102069,1,1,259,203,125,126
1,6599,0.31974430,0.35386372,0.33680401,1,1,259,203,125,126
1,6600,0.31974430,0.33204631,0.32589530,1,1,244,194,151,151
1,6601,0.33972831,0.35386372,0.34679602,1,1,244,194,151,151
1,6602,0.32223262,0.35386372,0.33804817,1,1,259,203,125,126
1,6603,0.32098846,0.35386372,0.33742609,1,1,244,194,151,151
1,6604,0.33972831,0.35386372,0.34679602,1,1,244,194,151,151
1,6605,0.32098846,0.35386372,0.33742609,1,1,244,194,151,151
1,6606,0.35515554,0.33333333,0.34424444,1,1,244,194,151,151
1,6607,0.34097248,0.35386372,0.34741810,1,1,244,194,151,151
1,6608,0.31974430,0.34126257,0.33050343,1,1,259,203,125,126
1,6609,0.35995769,0.33991422,0.34993595,1,1,244,194,151,151
1,6610,0.33972831,0.33991422,0.33982127,1,1,244,194,151,151
1,6611,0.33972831,0.35386372,0.34679602,1,1,259,203,125,126
1,6612,0.34083514,0.35386372,0.34734943,1,1,244,194,151,151
1,6613,0.35971233,0.35554561,0.35762897,1,1,244,194,151,151
1,6614,0.32098846,0.35409317,0.33754081,1,1,259,203,125,126
1,6615,0.33891720,0.35386372,0.34639046,1,1,259,203,125,126
1,6616,0.33972831,0.33991422,0.33982127,1,1,244,194,151,151
1,6617,0.35294329,0.35386372,0.35340351,1,1,259,203,125,126
1,6618,0.34002138,0.33991422,0.33996780,1,1,259,203,125,126
1,6619,0.36106187,0.32019315,0.34062751,1,1,259,203,125,126
1,6620,0.32146327,0.35409317,0.33777822,1,1,244,194,151,151
1,6621,0.32098846,0.33204631,0.32651738,1,1,259,203,125,126
1,6622,0.35630841,0.33333333,0.34482087,1,1,244,194,151,151
1,6623,0.35385963,0.33333333,0.34359648,1,1,244,194,151,151
1,6624,0.31898089,0.32022208,0.31960149,1,1,244,194,151,151
1,6625,0.32022208,0.31898089,0.31960149,1,1,244,194,151,151
1,6626,0.31974430,0.33476703,0.32725567,1,1,244,194,151,151
1,6627,0.31222908,0.32146327,0.31684618,1,1,244,194,151,151
1,6628,0.33434027,0.29361011,0.31397519,1,1,244,194,151,151
1,6629,0.29289311,0.32146327,0.30717819,1,1,244,194,151,151
1,6630,0.31370838,0.32146327,0.31758583,1,1,244,194,151,151
1,6631,0.33218192,0.31142055,0.32180124,1,1,244,194,151,151
1,6632,0.30242466,0.33476703,0.31859585,1,1,244,194,151,151
1,6633,0.33304436,0.31898089,0.32601262,1,1,244,194,151,151
1,6634,0.33218192,0.33347448,0.33282820,1,1,244,194,151,151
1,6635,0.33434027,0.29361011,0.31397519,1,1,244,194,151,151
1,6636,0.29141381,0.27910828,0.28526105,1,1,244,194,151,151
1,6637,0.31352500,0.31418857,0.31385678,1,1,244,194,151,151
1,6638,0.31222908,0.29065918,0.30144413,1,1,244,194,151,151
1,6639,0.32713134,0.31142055,0.31927595,1,1,244,194,151,151
1,6640,0.29289311,0.31418857,0.30354084,1,1,244,194,151,151
1,6641,0.29141381,0.31500429,0.30320905,1,1,244,194,151,151
1,6642,0.29289311,0.29904459,0.29596885,1,1,244,194,151,151
1,6643,0.33434027,0.31142055,0.32288041,1,1,244,194,151,151
1,6644,0.32146327,0.28194194,0.30170261,1,1,244,194,151,151
1,6645,0.33434027,0.30242466,0.31838246,1,1,244,194,151,151
1,6646,0.32146327,0.29976028,0.31061178,1,1,244,194,151,151
1,6647,0.31370838,0.33218192,0.32294515,1,1,244,194,151,151
1,6648,0.28261670,0.31418857,0.29840264,1,1,244,194,151,151
1,6649,0.31370838,0.31222908,0.31296873,1,1,244,194,151,151
1,6650,0.33434027,0.30170261,0.31802144,1,1,244,194,151,151
1,6651,0.29289311,0.27910828,0.28600069,1,1,244,194,151,151
1,6652,0.31289602,0.30170261,0.30729931,1,1,244,194,151,151
1,6653,0.33347448,0.30242466,0.31794957,1,1,244,194,151,151
1,6654,0.31222908,0.28194194,0.29708551,1,1,244,194,151,151
1,6655,0.29141381,0.29065918,0.29103650,1,1,244,194,151,151
1,6656,0.31222908,0.32022208,0.31622558,1,1,244,194,151,151
1,6657,0.33304436,0.30170261,0.31737348,1,1,244,194,151,151
1,6658,0.31222908,0.30100444,0.30661676,1,1,244,194,151,151
1,6659,0.31222908,0.30028578,0.30625743,1,1,244,194,151,151
1,6660,0.32732268,0.31142055,0.31937162,1,1,244,194,151,151
1,6661,0.31370838,0.31898089,0.31634464,1,1,244,194,151,151
1,6662,0.31222908,0.29904459,0.30563684,1,1,244,194,151,151
1,6663,0.31222908,0.28194194,0.29708551,1,1,244,194,151,151
1,6664,0.29141381,0.28194194,0.28667788,1,1,244,194,151,151
1,6665,0.29289311,0.28194194,0.28741752,1,1,244,194,151,151
1,6666,0.28261670,0.30170261,0.29215965,1,1,244,194,151,151
1,6667,0.28194194,0.28194194,0.28194194,1,1,244,194,151,151
1,6668,0.29065918,0.28194194,0.28630056,1,1,244,194,151,151
1,6669,0.28261670,0.28194194,0.28227932,1,1,244,194,151,151
1,6670,0.28261670,0.31370838,0.29816254,1,1,244,194,151,151
1,6671,0.31222908,0.26989781,0.29106345,1,1,244,194,151,151
1,6672,0.29289311,0.31500429,0.30394870,1,1,244,194,151,151
1,6673,0.28052511,0.27977626,0.28015068,1,1,244,194,151,151
1,6674,0.29289311,0.28194194,0.28741752,1,1,244,194,151,151
1,6675,0.29289311,0.28194194,0.28741752,1,1,244,194,151,151
1,6676,0.31398058,0.27910828,0.29654443,1,1,244,194,151,151
1,6677,0.29141381,0.27910828,0.28526105,1,1,244,194,151,151
1,6678,0.29213465,0.25917198,0.27565331,1,1,244,194,151,151
1,6679,0.29289311,0.29904459,0.29596885,1,1,244,194,151,151
1,6680,0.29289311,0.31142055,0.30215683,1,1,244,194,151,151
1,6681,0.29289311,0.28052511,0.28670911,1,1,244,194,151,151
1,6682,0.29289311,0.27910828,0.28600069,1,1,244,194,151,151
1,6683,0.29213465,0.29065918,0.29139691,1,1,244,194,151,151
1,6684,0.31271311,0.29195174,0.30233242,1,1,244,194,151,151
1,6685,0.31271311,0.29213465,0.30242388,1,1,244,194,151,151
1,6686,0.30560407,0.29361011,0.29960709,1,1,244,194,151,151
1,6687,0.29141381,0.29361011,0.29251196,1,1,244,194,151,151
1,6688,0.30560407,0.29065918,0.29813163,1,1,244,194,151,151
1,6689,0.29289311,0.27207783,0.28248547,1,1,244,194,151,151
1,6690,0.29289311,0.27207783,0.28248547,1,1,244,194,151,151
1,6691,0.29289311,0.31352500,0.30320905,1,1,244,194,151,151
1,6692,0.30560407,0.29065918,0.29813163,1,1,244,194,151,151
1,6693,0.30560407,0.29289311,0.29924859,1,1,244,194,151,151
1,6694,0.30560407,0.31500429,0.31030418,1,1,244,194,151,151
1,6695,0.30406057,0.29361011,0.29883534,1,1,244,194,151,151
1,6696,0.30560407,0.29289311,0.29924859,1,1,244,194,151,151
1,6697,0.26242084,0.27232127,0.26737105,1,1,244,194,151,151
1,6698,0.30541273,0.29141381,0.29841327,1,1,244,194,151,151
1,6699,0.30406057,0.29213465,0.29809761,1,1,244,194,151,151
1,6700,0.29141381,0.29065918,0.29103650,1,1,244,194,151,151
1,6701,0.29289311,0.29213465,0.29251388,1,1,244,194,151,151
1,6702,0.29141381,0.32146327,0.30643854,1,1,244,194,151,151
1,6703,0.30406057,0.29065918,0.29735988,1,1,244,194,151,151
1,6704,0.31222908,0.29361011,0.30291960,1,1,244,194,151,151
1,6705,0.34749780,0.29141381,0.31945581,1,1,244,194,151,151
1,6706,0.27059854,0.29141381,0.28100618,1,1,244,194,151,151
1,6707,0.27059854,0.28261670,0.27660762,1,1,244,194,151,151
1,6708,0.29141381,0.28194194,0.28667788,1,1,244,194,151,151
1,6709,0.30406057,0.33476703,0.31941380,1,1,244,194,151,151
1,6710,0.29289311,0.28194194,0.28741752,1,1,244,194,151,151
1,6711,0.27059854,0.29289311,0.28174582,1,1,244,194,151,151
1,6712,0.29141381,0.29361011,0.29251196,1,1,244,194,151,151
1,6713,0.31222908,0.29289311,0.30256110,1,1,244,194,151,151
1,6714,0.27137328,0.29289311,0.28213319,1,1,244,194,151,151
1,6715,0.30406057,0.29361011,0.29883534,1,1,244,194,151,151
1,6716,0.30406057,0.30714756,0.30560407,1,1,244,194,151,151
1,6717,0.30320367,0.28194194,0.29257280,1,1,244,194,151,151
1,6718,0.32577919,0.28194194,0.30386056,1,1,244,194,151,151
1,6719,0.30406057,0.29361011,0.29883534,1,1,244,194,151,151
1,6720,0.30560407,0.27309154,0.28934781,1,1,244,194,151,151
1,6721,0.30560407,0.30474281,0.30517344,1,1,244,194,151,151
1,6722,0.32577919,0.29289311,0.30933615,1,1,244,194,151,151
1,6723,0.28234196,0.29437240,0.28835718,1,1,244,194,151,151
1,6724,0.29141381,0.29141381,0.29141381,1,1,244,194,151,151
1,6725,0.29213465,0.27910828,0.28562146,1,1,244,194,151,151
1,6726,0.27207783,0.27207783,0.27207783,1,1,244,194,151,151
1,6727,0.28154626,0.27207783,0.27681205,1,1,244,194,151,151
1,6728,0.28234196,0.24978327,0.26606261,1,1,244,194,151,151
1,6729,0.27231391,0.26242084,0.26736738,1,1,244,194,151,151
1,6730,0.30474281,0.30046142,0.30260211,1,1,244,194,151,151
1,6731,0.30474281,0.27161608,0.28817945,1,1,244,194,151,151
1,6732,0.32640022,0.29289311,0.30964666,1,1,244,194,151,151
1,6733,0.28234196,0.27207783,0.27720990,1,1,244,194,151,151
1,6734,0.30560407,0.31370838,0.30965622,1,1,244,194,151,151
1,6735,0.28388546,0.27207783,0.27798165,1,1,244,194,151,151
1,6736,0.30406057,0.27137328,0.28771693,1,1,244,194,151,151
1,6737,0.26242084,0.27207783,0.26724934,1,1,244,194,151,151
1,6738,0.30406057,0.27207783,0.28806920,1,1,244,194,151,151
1,6739,0.29065918,0.26989781,0.28027850,1,1,244,194,151,151
1,6740,0.30474281,0.27910828,0.29192555,1,1,244,194,151,151
1,6741,0.30474281,0.27910828,0.29192555,1,1,244,194,151,151
1,6742,0.30560407,0.29361011,0.29960709,1,1,244,194,151,151
1,6743,0.30560407,0.31418857,0.30989632,1,1,244,194,151,151
1,6744,0.29289311,0.29976028,0.29632669,1,1,244,194,151,151
1,6745,0.27207783,0.26058880,0.26633332,1,1,244,194,151,151
1,6746,0.30714756,0.29361011,0.30037884,1,1,244,194,151,151
1,6747,0.24913644,0.27137328,0.26025486,1,1,244,194,151,151
1,6748,0.29141381,0.29065918,0.29103650,1,1,244,194,151,151
1,6749,0.29289311,0.29361011,0.29325161,1,1,244,194,151,151
1,6750,0.29141381,0.33347448,0.31244414,1,1,244,194,151,151
1,6751,0.32713134,0.34786682,0.33749908,1,1,244,194,151,151
1,6752,0.32713134,0.33347448,0.33030291,1,1,244,194,151,151
1,6753,0.32486107,0.29065918,0.30776013,1,1,244,194,151,151
1,6754,0.32620941,0.29213465,0.30917203,1,1,244,194,151,151
1,6755,0.30320367,0.31289602,0.30804984,1,1,244,194,151,151
1,6756,0.30320367,0.33476703,0.31898535,1,1,244,194,151,151
1,6757,0.29141381,0.31271311,0.30206346,1,1,244,194,151,151
1,6758,0.32713134,0.29213465,0.30963299,1,1,244,194,151,151
1,6759,0.34055747,0.29213465,0.31634606,1,1,244,194,151,151
1,6760,0.30406057,0.29213465,0.29809761,1,1,244,194,151,151
1,6761,0.31352500,0.33476703,0.32414602,1,1,244,194,151,151
1,6762,0.31352500,0.33218192,0.32285346,1,1,244,194,151,151
1,6763,0.30560407,0.31142055,0.30851231,1,1,244,194,151,151
1,6764,0.30406057,0.31271311,0.30838684,1,1,244,194,151,151
1,6765,0.30560407,0.29213465,0.29886936,1,1,244,194,151,151
1,6766,0.29141381,0.29065918,0.29103650,1,1,244,194,151,151
1,6767,0.30406057,0.29361011,0.29883534,1,1,244,194,151,151
1,6768,0.29195174,0.27161608,0.28178391,1,1,244,194,151,151
1,6769,0.30406057,0.31142055,0.30774056,1,1,244,194,151,151
1,6770,0.28388546,0.29141381,0.28764963,1,1,244,194,151,151
1,6771,0.29289311,0.29141381,0.29215346,1,1,244,194,151,151
1,6772,0.27059854,0.29213465,0.28136659,1,1,244,194,151,151
1,6773,0.30560407,0.26223879,0.28392143,1,1,244,194,151,151
1,6774,0.30560407,0.27309154,0.28934781,1,1,244,194,151,151
1,6775,0.30560407,0.29367001,0.29963704,1,1,244,194,151,151
1,6776,0.33218192,0.31418857,0.32318525,1,1,244,194,151,151
1,6777,0.31222908,0.31500429,0.31361669,1,1,244,194,151,151
1,6778,0.33347448,0.31418857,0.32383153,1,1,244,194,151,151
1,6779,0.34884995,0.31418857,0.33151926,1,1,244,194,151,151
1,6780,0.31142055,0.31418857,0.31280456,1,1,244,194,151,151
1,6781,0.31289602,0.31352500,0.31321051,1,1,244,194,151,151
1,6782,0.29213465,0.29289311,0.29251388,1,1,244,194,151,151
1,6783,0.29213465,0.29437240,0.29325352,1,1,244,194,151,151
1,6784,0.32620941,0.31418857,0.32019899,1,1,244,194,151,151
1,6785,0.30474281,0.29437240,0.29955761,1,1,244,194,151,151
1,6786,0.31271311,0.27910828,0.29591069,1,1,244,194,151,151
1,6787,0.31271311,0.29065918,0.30168614,1,1,244,194,151,151
1,6788,0.32620941,0.27910828,0.30265885,1,1,244,194,151,151
1,6789,0.30474281,0.32713134,0.31593708,1,1,244,194,151,151
1,6790,0.30474281,0.30320367,0.30397324,1,1,244,194,151,151
1,6791,0.31142055,0.27910828,0.29526442,1,1,244,194,151,151
1,6792,0.31142055,0.29904459,0.30523257,1,1,244,194,151,151
1,6793,0.30560407,0.27910828,0.29235617,1,1,244,194,151,151
1,6794,0.32620941,0.29904459,0.31262700,1,1,244,194,151,151
1,6795,0.32620941,0.30046142,0.31333542,1,1,244,194,151,151
1,6796,0.31271311,0.29904459,0.30587885,1,1,244,194,151,151
1,6797,0.30474281,0.29065918,0.29770100,1,1,244,194,151,151
1,6798,0.32620941,0.29065918,0.30843430,1,1,244,194,151,151
1,6799,0.30560407,0.29289311,0.29924859,1,1,244,194,151,151
1,6800,0.31142055,0.29141381,0.30141718,1,1,244,194,151,151
1,6801,0.32640022,0.29361011,0.31000516,1,1,244,194,151,151
1,6802,0.31289602,0.31418857,0.31354229,1,1,244,194,151,151
1,6803,0.30560407,0.29289311,0.29924859,1,1,244,194,151,151
1,6804,0.32577919,0.29437240,0.31007580,1,1,244,194,151,151
1,6805,0.30560407,0.29437240,0.29998824,1,1,244,194,151,151
1,6806,0.32486107,0.29361011,0.30923559,1,1,244,194,151,151
1,6807,0.32577919,0.29289311,0.30933615,1,1,244,194,151,151
1,6808,0.31142055,0.31418857,0.31280456,1,1,244,194,151,151
1,6809,0.31271311,0.29361011,0.30316161,1,1,244,194,151,151
1,6810,0.33347448,0.33476703,0.33412076,1,1,244,194,151,151
1,6811,0.33347448,0.32146327,0.32746888,1,1,244,194,151,151
1,6812,0.34786682,0.33476703,0.34131693,1,1,244,194,151,151
1,6813,0.34884995,0.33476703,0.34180849,1,1,244,194,151,151
1,6814,0.34786682,0.33476703,0.34131693,1,1,244,194,151,151
1,6815,0.33476703,0.32146327,0.32811515,1,1,244,194,151,151
1,6816,0.34921516,0.33476703,0.34199110,1,1,244,194,151,151
1,6817,0.33347448,0.32146327,0.32746888,1,1,244,194,151,151
1,6818,0.32713134,0.30170261,0.31441697,1,1,244,194,151,151
1,6819,0.33434027,0.31284300,0.32359164,1,1,244,194,151,151
1,6820,0.29141381,0.27910828,0.28526105,1,1,244,194,151,151
1,6821,0.29141381,0.28052511,0.28596946,1,1,244,194,151,151
1,6822,0.33304436,0.31898089,0.32601262,1,1,244,194,151,151
1,6823,0.33304436,0.31898089,0.32601262,1,1,244,194,151,151
1,6824,0.29213465,0.33218192,0.31215828,1,1,244,194,151,151
1,6825,0.33347448,0.29904459,0.31625953,1,1,244,194,151,151
1,6826,0.33434027,0.31898089,0.32666058,1,1,244,194,151,151
1,6827,0.29141381,0.29904459,0.29522920,1,1,244,194,151,151
1,6828,0.29141381,0.29065918,0.29103650,1,1,244,194,151,151
1,6829,0.29289311,0.29213465,0.29251388,1,1,244,194,151,151
1,6830,0.30560407,0.29065918,0.29813163,1,1,244,194,151,151
1,6831,0.30628196,0.31418857,0.31023526,1,1,244,194,151,151
1,6832,0.34884995,0.33476703,0.34180849,1,1,244,194,151,151
1,6833,0.33434027,0.33476703,0.33455365,1,1,244,194,151,151
1,6834,0.34786682,0.30170261,0.32478471,1,1,244,194,151,151
1,6835,0.34884995,0.33347448,0.34116221,1,1,244,194,151,151
1,6836,0.29289311,0.29213465,0.29251388,1,1,244,194,151,151
1,6837,0.34884995,0.33476703,0.34180849,1,1,244,194,151,151
1,6838,0.33434027,0.33476703,0.33455365,1,1,244,194,151,151
1,6839,0.34884995,0.33347448,0.34116221,1,1,244,194,151,151
1,6840,0.33434027,0.27910828,0.30672427,1,1,244,194,151,151
1,6841,0.34786682,0.31271311,0.33028996,1,1,244,194,151,151
1,6842,0.29289311,0.33218192,0.31253751,1,1,244,194,151,151
1,6843,0.34884995,0.33476703,0.34180849,1,1,244,194,151,151
1,6844,0.29289311,0.33218192,0.31253751,1,1,244,194,151,151
1,6845,0.33347448,0.31418857,0.32383153,1,1,244,194,151,151
1,6846,0.32620941,0.29141381,0.30881161,1,1,244,194,151,151
1,6847,0.34786682,0.31222908,0.33004795,1,1,244,194,151,151
1,6848,0.33434027,0.31142055,0.32288041,1,1,244,194,151,151
1,6849,0.31500429,0.31418857,0.31459643,1,1,244,194,151,151
1,6850,0.30560407,0.29437240,0.29998824,1,1,244,194,151,151
1,6851,0.30560407,0.29437240,0.29998824,1,1,244,194,151,151
1,6852,0.33563618,0.32146327,0.32854973,1,1,244,194,151,151
1,6853,0.32640022,0.31418857,0.32029439,1,1,244,194,151,151
1,6854,0.33434027,0.31898089,0.32666058,1,1,244,194,151,151
1,6855,0.33304436,0.32146327,0.32725381,1,1,244,194,151,151
1,6856,0.32732268,0.31898089,0.32315179,1,1,244,194,151,151
1,6857,0.33347448,0.32146327,0.32746888,1,1,244,194,151,151
1,6858,0.33347448,0.32146327,0.32746888,1,1,244,194,151,151
1,6859,0.33304436,0.27910828,0.30607632,1,1,244,194,151,151
1,6860,0.33434027,0.27977626,0.30705826,1,1,244,194,151,151
1,6861,0.33434027,0.31898089,0.32666058,1,1,244,194,151,151
1,6862,0.33434027,0.31898089,0.32666058,1,1,244,194,151,151
1,6863,0.33563618,0.32022208,0.32792913,1,1,244,194,151,151
1,6864,0.32774856,0.32146327,0.32460592,1,1,244,194,151,151
1,6865,0.33434027,0.29904459,0.31669243,1,1,244,194,151,151
1,6866,0.29289311,0.29065918,0.29177614,1,1,244,194,151,151
1,6867,0.29289311,0.31271311,0.30280311,1,1,244,194,151,151
1,6868,0.29289311,0.29361011,0.29325161,1,1,244,194,151,151
1,6869,0.29289311,0.27910828,0.28600069,1,1,244,194,151,151
1,6870,0.33434027,0.30170261,0.31802144,1,1,244,194,151,151
1,6871,0.33434027,0.31898089,0.32666058,1,1,244,194,151,151
1,6872,0.33476703,0.31222908,0.32349806,1,1,244,194,151,151
1,6873,0.32774856,0.31142055,0.31958455,1,1,244,194,151,151
1,6874,0.31142055,0.33218192,0.32180124,1,1,244,194,151,151
1,6875,0.29289311,0.31142055,0.30215683,1,1,244,194,151,151
1,6876,0.31500429,0.27910828,0.29705629,1,1,244,194,151,151
1,6877,0.29289311,0.29213465,0.29251388,1,1,244,194,151,151
1,6878,0.29289311,0.29361011,0.29325161,1,1,244,194,151,151
1,6879,0.29289311,0.29361011,0.29325161,1,1,244,194,151,151
1,6880,0.34786682,0.31418857,0.33102770,1,1,244,194,151,151
1,6881,0.32732268,0.29141381,0.30936825,1,1,244,194,151,151
1,6882,0.29289311,0.31222908,0.30256110,1,1,244,194,151,151
1,6883,0.29289311,0.31222908,0.30256110,1,1,244,194,151,151
1,6884,0.29213465,0.31500429,0.30356947,1,1,244,194,151,151
1,6885,0.28261670,0.29437240,0.28849455,1,1,244,194,151,151
1,6886,0.32620941,0.29904459,0.31262700,1,1,244,194,151,151
1,6887,0.29361011,0.29976028,0.29668519,1,1,244,194,151,151
1,6888,0.33218192,0.29904459,0.31561325,1,1,244,194,151,151
1,6889,0.32022208,0.31898089,0.31960149,1,1,244,194,151,151
1,6890,0.33347448,0.31898089,0.32622769,1,1,244,194,151,151
1,6891,0.34786682,0.29213465,0.32000073,1,1,244,194,151,151
1,6892,0.30560407,0.29786304,0.30173355,1,1,244,194,151,151
1,6893,0.33434027,0.33476703,0.33455365,1,1,244,194,151,151
1,6894,0.33563618,0.33476703,0.33520161,1,1,244,194,151,151
1,6895,0.33218192,0.33333333,0.33275763,1,1,244,194,151,151
1,6896,0.33476703,0.33333333,0.33405018,1,1,244,194,151,151
1,6897,0.33347448,0.33333333,0.33340391,1,1,244,194,151,151
1,6898,0.34884995,0.31898089,0.33391542,1,1,244,194,151,151
1,6899,0.35294329,0.33891720,0.34593024,1,1,244,194,151,151
1,6900,0.31142055,0.32146327,0.31644191,1,1,244,194,151,151
1,6901,0.33347448,0.31898089,0.32622769,1,1,244,194,151,151
1,6902,0.34786682,0.33476703,0.34131693,1,1,244,194,151,151
1,6903,0.34749780,0.33476703,0.34113242,1,1,244,194,151,151
1,6904,0.32713134,0.29065918,0.30889526,1,1,244,194,151,151
1,6905,0.34884995,0.29065918,0.31975457,1,1,244,194,151,151
1,6906,0.34786682,0.30474281,0.32630482,1,1,244,194,151,151
1,6907,0.33434027,0.33476703,0.33455365,1,1,244,194,151,151
1,6908,0.33476703,0.33476703,0.33476703,1,1,244,194,151,151
1,6909,0.36937539,0.33476703,0.35207121,1,1,244,194,151,151
1,6910,0.33434027,0.35538573,0.34486300,1,1,244,194,151,151
1,6911,0.30560407,0.33218192,0.31889300,1,1,244,194,151,151
1,6912,0.34786682,0.31142055,0.32964369,1,1,244,194,151,151
1,6913,0.30474281,0.33347448,0.31910864,1,1,244,194,151,151
1,6914,0.30474281,0.31142055,0.30808168,1,1,244,194,151,151
1,6915,0.32620941,0.32146327,0.32383634,1,1,244,194,151,151
1,6916,0.33304436,0.31418857,0.32361646,1,1,245,203,125,126
1,6917,0.34884995,0.29361011,0.32123003,1,1,244,194,151,151
1,6918,0.33434027,0.34126257,0.33780142,1,1,245,203,125,126
1,6919,0.34749780,0.30170261,0.32460020,1,1,244,194,151,151
1,6920,0.33304436,0.29904459,0.31604447,1,1,245,203,125,126
1,6921,0.34884995,0.29361011,0.32123003,1,1,245,203,125,126
1,6922,0.34884995,0.33476703,0.34180849,1,1,245,203,125,126
1,6923,0.34749780,0.29361011,0.32055396,1,1,244,194,151,151
1,6924,0.34749780,0.29361011,0.32055396,1,1,244,194,151,151
1,6925,0.33347448,0.33347448,0.33347448,1,1,244,194,151,151
1,6926,0.33476703,0.33476703,0.33476703,1,1,244,194,151,151
1,6927,0.33347448,0.33347448,0.33347448,1,1,244,194,151,151
1,6928,0.33563618,0.31418857,0.32491238,1,1,244,194,151,151
1,6929,0.35423585,0.32146327,0.33784956,1,1,244,194,151,151
1,6930,0.33347448,0.33476703,0.33412076,1,1,244,194,151,151
1,6931,0.33218192,0.33476703,0.33347448,1,1,244,194,151,151
1,6932,0.31289602,0.33476703,0.32383153,1,1,244,194,151,151
1,6933,0.33563618,0.30170261,0.31866939,1,1,244,194,151,151
1,6934,0.33347448,0.33333333,0.33340391,1,1,244,194,151,151
1,6935,0.33434027,0.32146327,0.32790177,1,1,244,194,151,151
1,6936,0.34786682,0.31142055,0.32964369,1,1,244,194,151,151
1,6937,0.33563618,0.32146327,0.32854973,1,1,244,194,151,151
1,6938,0.35409317,0.31974430,0.33691873,1,1,244,194,151,151
1,6939,0.35423585,0.32019315,0.33721450,1,1,244,194,151,151
1,6940,0.34786682,0.31895686,0.33341184,1,1,244,194,151,151
1,6941,0.34786682,0.35538573,0.35162627,1,1,244,194,151,151
1,6942,0.33434027,0.31289602,0.32361814,1,1,244,194,151,151
1,6943,0.34786682,0.33476703,0.34131693,1,1,244,194,151,151
1,6944,0.30628196,0.33347448,0.31987822,1,1,244,194,151,151
1,6945,0.33304436,0.32146327,0.32725381,1,1,244,194,151,151
1,6946,0.33434027,0.31898089,0.32666058,1,1,244,194,151,151
1,6947,0.33218192,0.31142055,0.32180124,1,1,244,194,151,151
1,6948,0.35294329,0.34002138,0.34648234,1,1,244,194,151,151
1,6949,0.33347448,0.34126257,0.33736853,1,1,244,194,151,151
1,6950,0.33218192,0.31898089,0.32558141,1,1,244,194,151,151
1,6951,0.33218192,0.35294329,0.34256261,1,1,244,194,151,151
1,6952,0.33476703,0.35294329,0.34385516,1,1,244,194,151,151
1,6953,0.35294329,0.33218192,0.34256261,1,1,244,194,151,151
1,6954,0.33347448,0.33218192,0.33282820,1,1,244,194,151,151
1,6955,0.33347448,0.35294329,0.34320888,1,1,244,194,151,151
1,6956,0.33347448,0.33476703,0.33412076,1,1,244,194,151,151
1,6957,0.34921516,0.33476703,0.34199110,1,1,244,194,151,151
1,6958,0.35020210,0.31418857,0.33219534,1,1,244,194,151,151
1,6959,0.33304436,0.33476703,0.33390570,1,1,244,194,151,151
1,6960,0.39223230,0.33333333,0.36278282,1,1,244,194,151,151
1,6961,0.33347448,0.33991422,0.33669435,1,1,244,194,151,151
1,6962,0.37485454,0.33218192,0.35351823,1,1,244,194,151,151
1,6963,0.33347448,0.34126257,0.33736853,1,1,244,194,151,151
1,6964,0.33075929,0.34002138,0.33539034,1,1,244,194,151,151
1,6965,0.33347448,0.34002138,0.33674793,1,1,244,194,151,151
1,6966,0.33434027,0.31898089,0.32666058,1,1,244,194,151,151
1,6967,0.33476703,0.35294329,0.34385516,1,1,244,194,151,151
1,6968,0.28234196,0.29195174,0.28714685,1,1,244,194,151,151
1,6969,0.17391304,0.14570691,0.15980997,1,1,244,194,151,151
1,6970,0.18163065,0.13636364,0.15899714,1,1,244,194,151,151
1,6971,0.13031167,0.15570169,0.14300668,1,1,244,194,151,151
1,6972,0.15555473,0.17658925,0.16607199,1,1,244,194,151,151
1,6973,0.21739130,0.20815272,0.21277201,1,1,244,194,151,151
1,6974,0.22928644,0.21933669,0.22431156,1,1,244,194,151,151
1,6975,0.26086957,0.26062335,0.26074646,1,1,244,194,151,151
1,6976,0.28260870,0.29361011,0.28810940,1,1,244,194,151,151
1,6977,0.32620941,0.29361011,0.30990976,1,1,244,194,151,151
1,6978,0.30474281,0.33347448,0.31910864,1,1,244,194,151,151
1,6979,0.30474281,0.33347448,0.31910864,1,1,244,194,151,151
1,6980,0.32732268,0.33218192,0.32975230,1,1,244,194,151,151
1,6981,0.33347448,0.33218192,0.33282820,1,1,244,194,151,151
1,6982,0.34884995,0.31898089,0.33391542,1,1,244,194,151,151
1,6983,0.34786682,0.33204631,0.33995657,1,1,244,194,151,151
1,6984,0.32620941,0.33204631,0.32912786,1,1,244,194,151,151
1,6985,0.34884995,0.31418857,0.33151926,1,1,244,194,151,151
1,6986,0.33304436,0.29065918,0.31185177,1,1,244,194,151,151
1,6987,0.33434027,0.29065918,0.31249972,1,1,244,194,151,151
1,6988,0.33434027,0.29065918,0.31249972,1,1,244,194,151,151
1,6989,0.33304436,0.29235267,0.31269851,1,1,244,194,151,151
1,6990,0.34786682,0.31418857,0.33102770,1,1,244,194,151,151
1,6991,0.33347448,0.31418857,0.32383153,1,1,244,194,151,151
1,6992,0.33347448,0.29361011,0.31354229,1,1,244,194,151,151
1,6993,0.33347448,0.29786304,0.31566876,1,1,244,194,151,151
1,6994,0.31222908,0.33476703,0.32349806,1,1,244,194,151,151
1,6995,0.33304436,0.31271311,0.32287873,1,1,244,194,151,151
1,6996,0.33304436,0.29904459,0.31604447,1,1,244,194,151,151
1,6997,0.29065918,0.31142055,0.30103987,1,1,244,194,151,151
1,6998,0.33434027,0.31418857,0.32426442,1,1,244,194,151,151
1,6999,0.33434027,0.31418857,0.32426442,1,1,244,194,151,151
1,7000,0.33304436,0.31418857,0.32361646,1,1,244,194,151,151
1,7001,0.34884995,0.31271311,0.33078153,1,1,244,194,151,151
1,7002,0.34884995,0.29065918,0.31975457,1,1,244,194,151,151
1,7003,0.31352500,0.31142055,0.31247277,1,1,244,194,151,151
1,7004,0.34786682,0.32486107,0.33636395,1,1,244,194,151,151
1,7005,0.33434027,0.31898089,0.32666058,1,1,244,194,151,151
1,7006,0.33434027,0.31898089,0.32666058,1,1,244,194,151,151
1,7007,0.33434027,0.33476703,0.33455365,1,1,244,194,151,151
1,7008,0.34786682,0.30046142,0.32416412,1,1,244,194,151,151
1,7009,0.33563618,0.32146327,0.32854973,1,1,244,194,151,151
1,7010,0.34884995,0.33476703,0.34180849,1,1,244,194,151,151
1,7011,0.34884995,0.30046142,0.32465568,1,1,244,194,151,151
1,7012,0.33434027,0.29904459,0.31669243,1,1,244,194,151,151
1,7013,0.34786682,0.31289602,0.33038142,1,1,244,194,151,151
1,7014,0.34921516,0.30170261,0.32545888,1,1,244,194,151,151
1,7015,0.33347448,0.33480727,0.33414087,1,1,244,194,151,151
1,7016,0.32774856,0.32039772,0.32407314,1,1,244,194,151,151
1,7017,0.33218192,0.31271311,0.32244751,1,1,244,194,151,151
1,7018,0.31142055,0.31222908,0.31182482,1,1,244,194,151,151
1,7019,0.33218192,0.31289602,0.32253897,1,1,244,194,151,151
1,7020,0.33304436,0.35294329,0.34299382,1,1,244,194,151,151
1,7021,0.33347448,0.31418857,0.32383153,1,1,244,194,151,151
1,7022,0.33476703,0.32022208,0.32749456,1,1,244,194,151,151
1,7023,0.33563618,0.30170261,0.31866939,1,1,244,194,151,151
1,7024,0.34921516,0.33476703,0.34199110,1,1,244,194,151,151
1,7025,0.32640022,0.33218192,0.32929107,1,1,244,194,151,151
1,7026,0.32774856,0.32146327,0.32460592,1,1,244,194,151,151
1,7027,0.30714756,0.31898089,0.31306423,1,1,244,194,151,151
1,7028,0.34786682,0.33218192,0.34002437,1,1,244,194,151,151
1,7029,0.33218192,0.31898089,0.32558141,1,1,244,194,151,151
1,7030,0.34786682,0.33218192,0.34002437,1,1,244,194,151,151
1,7031,0.33218192,0.33480727,0.33349459,1,1,244,194,151,151
1,7032,0.33218192,0.31284300,0.32251246,1,1,244,194,151,151
1,7033,0.33563618,0.35386372,0.34474995,1,1,244,194,151,151
1,7034,0.31142055,0.33333333,0.32237694,1,1,244,194,151,151
1,7035,0.33347448,0.33204631,0.33276040,1,1,244,194,151,151
1,7036,0.31271311,0.33218192,0.32244751,1,1,244,194,151,151
1,7037,0.32620941,0.33218192,0.32919567,1,1,244,194,151,151
1,7038,0.34771799,0.30170261,0.32471030,1,1,245,203,125,126
1,7039,0.33304436,0.33476703,0.33390570,1,1,245,203,125,126
1,7040,0.34749780,0.33476703,0.34113242,1,1,245,203,125,126
1,7041,0.33218192,0.32019315,0.32618754,1,1,245,203,125,126
1,7042,0.33304436,0.33333333,0.33318884,1,1,245,203,125,126
1,7043,0.34884995,0.34786682,0.34835839,1,1,245,203,125,126
1,7044,0.34786682,0.32146327,0.33466505,1,1,245,203,125,126
1,7045,0.35020210,0.33476703,0.34248457,1,1,245,203,125,126
1,7046,0.34786682,0.33476703,0.34131693,1,1,245,203,125,126
1,7047,0.34749780,0.33713610,0.34231695,1,1,245,203,125,126
1,7048,0.33218192,0.32384601,0.32801396,1,1,245,203,125,126
1,7049,0.33304436,0.33333333,0.33318884,1,1,245,203,125,126
1,7050,0.34749780,0.33333333,0.34041557,1,1,245,203,125,126
1,7051,0.33304436,0.32022208,0.32663322,1,1,245,203,125,126
1,7052,0.36952422,0.37600442,0.37276432,1,1,245,203,125,126
1,7053,0.31142055,0.33476703,0.32309379,1,1,245,203,125,126
1,7054,0.33218192,0.34126257,0.33672225,1,1,245,203,125,126
1,7055,0.33218192,0.33476703,0.33347448,1,1,245,203,125,126
1,7056,0.37370466,0.35409317,0.36389892,1,1,245,203,125,126
1,7057,0.33218192,0.33476703,0.33347448,1,1,245,203,125,126
1,7058,0.33218192,0.34002138,0.33610165,1,1,245,203,125,126
1,7059,0.33304436,0.37485454,0.35394945,1,1,245,203,125,126
1,7060,0.37370466,0.37600442,0.37485454,1,1,245,203,125,126
1,7061,0.37370466,0.36106187,0.36738327,1,1,245,203,125,126
1,7062,0.33218192,0.35294329,0.34256261,1,1,245,203,125,126
1,7063,0.33218192,0.35538573,0.34378383,1,1,245,203,125,126
1,7064,0.33218192,0.34126257,0.33672225,1,1,245,203,125,126
1,7065,0.33476703,0.33476703,0.33476703,1,1,245,203,125,126
1,7066,0.31370838,0.29361011,0.30365925,1,1,245,203,125,126
1,7067,0.31370838,0.31284300,0.31327569,1,1,245,203,125,126
1,7068,0.31352500,0.33476703,0.32414602,1,1,245,203,125,126
1,7069,0.34786682,0.33347448,0.34067065,1,1,245,203,125,126
1,7070,0.34786682,0.32022208,0.33404445,1,1,245,203,125,126
1,7071,0.33218192,0.32146327,0.32682260,1,1,245,203,125,126
1,7072,0.33304436,0.33476703,0.33390570,1,1,245,203,125,126
1,7073,0.29141381,0.33333333,0.31237357,1,1,245,203,125,126
1,7074,0.31222908,0.33480727,0.32351818,1,1,245,203,125,126
1,7075,0.33304436,0.32146327,0.32725381,1,1,245,203,125,126
1,7076,0.33304436,0.32146327,0.32725381,1,1,245,203,125,126
1,7077,0.33304436,0.33476703,0.33390570,1,1,245,203,125,126
1,7078,0.33218192,0.33476703,0.33347448,1,1,245,203,125,126
1,7079,0.31271311,0.33476703,0.32374007,1,1,245,203,125,126
1,7080,0.32640022,0.33476703,0.33058363,1,1,244,194,151,151
1,7081,0.31370838,0.33476703,0.32423771,1,1,244,194,151,151
1,7082,0.33218192,0.33476703,0.33347448,1,1,245,203,125,126
1,7083,0.31142055,0.33476703,0.32309379,1,1,245,203,125,126
1,7084,0.33304436,0.33333333,0.33318884,1,1,245,203,125,126
1,7085,0.33304436,0.31418857,0.32361646,1,1,245,203,125,126
1,7086,0.29141381,0.29235267,0.29188324,1,1,245,203,125,126
1,7087,0.34884995,0.31418857,0.33151926,1,1,245,203,125,126
1,7088,0.34749780,0.33476703,0.34113242,1,1,244,194,151,151
1,7089,0.31142055,0.33476703,0.32309379,1,1,244,194,151,151
1,7090,0.32713134,0.31500429,0.32106782,1,1,245,203,125,126
1,7091,0.30406057,0.29361011,0.29883534,1,1,245,203,125,126
1,7092,0.30560407,0.33476703,0.32018555,1,1,245,203,125,126
1,7093,0.30560407,0.33476703,0.32018555,1,1,245,203,125,126
1,7094,0.29141381,0.29361011,0.29251196,1,1,245,203,125,126
1,7095,0.29141381,0.29361011,0.29251196,1,1,245,203,125,126
1,7096,0.29289311,0.29289311,0.29289311,1,1,245,203,125,126
1,7097,0.29289311,0.29361011,0.29325161,1,1,245,203,125,126
1,7098,0.29141381,0.28941438,0.29041410,1,1,244,194,151,151
1,7099,0.29141381,0.29065918,0.29103650,1,1,244,194,151,151
1,7100,0.29141381,0.29065918,0.29103650,1,1,244,194,151,151
1,7101,0.32577919,0.29361011,0.30969465,1,1,245,203,125,126
1,7102,0.30560407,0.29235267,0.29897837,1,1,244,194,151,151
1,7103,0.29141381,0.29361011,0.29251196,1,1,245,203,125,126
1,7104,0.29141381,0.29361011,0.29251196,1,1,245,203,125,126
1,7105,0.31142055,0.29361011,0.30251533,1,1,245,203,125,126
1,7106,0.29141381,0.29361011,0.29251196,1,1,245,203,125,126
1,7107,0.29289311,0.29213465,0.29251388,1,1,245,203,125,126
1,7108,0.32577919,0.29361011,0.30969465,1,1,245,203,125,126
1,7109,0.30406057,0.29361011,0.29883534,1,1,245,203,125,126
1,7110,0.32577919,0.29361011,0.30969465,1,1,245,203,125,126
1,7111,0.34651848,0.33476703,0.34064276,1,1,245,203,125,126
1,7112,0.32713134,0.33476703,0.33094919,1,1,245,203,125,126
1,7113,0.31142055,0.31418857,0.31280456,1,1,245,203,125,126
1,7114,0.31370838,0.33476703,0.32423771,1,1,245,203,125,126
1,7115,0.33218192,0.33476703,0.33347448,1,1,245,203,125,126
1,7116,0.31142055,0.28194194,0.29668125,1,1,245,203,125,126
1,7117,0.31352500,0.33476703,0.32414602,1,1,245,203,125,126
1,7118,0.31289602,0.28194194,0.29741898,1,1,245,203,125,126
1,7119,0.31142055,0.33476703,0.32309379,1,1,245,203,125,126
1,7120,0.32486107,0.33476703,0.32981405,1,1,245,203,125,126
1,7121,0.29141381,0.31418857,0.30280119,1,1,245,203,125,126
1,7122,0.31142055,0.31418857,0.31280456,1,1,245,203,125,126
1,7123,0.31222908,0.33204631,0.32213770,1,1,245,203,125,126
1,7124,0.31222908,0.33333333,0.32278121,1,1,245,203,125,126
1,7125,0.34884995,0.33476703,0.34180849,1,1,245,203,125,126
1,7126,0.32620941,0.30170261,0.31395601,1,1,245,203,125,126
1,7127,0.32713134,0.30051056,0.31382095,1,1,245,203,125,126
1,7128,0.31222908,0.32146327,0.31684618,1,1,245,203,125,126
1,7129,0.31271311,0.33204631,0.32237971,1,1,245,203,125,126
1,7130,0.31271311,0.33333333,0.32302322,1,1,245,203,125,126
1,7131,0.31222908,0.33476703,0.32349806,1,1,245,203,125,126
1,7132,0.31271311,0.33333333,0.32302322,1,1,245,203,125,126
1,7133,0.33347448,0.31418857,0.32383153,1,1,245,203,125,126
1,7134,0.33304436,0.32022208,0.32663322,1,1,245,203,125,126
1,7135,0.34884995,0.33333333,0.34109164,1,1,245,203,125,126
1,7136,0.33304436,0.32019315,0.32661875,1,1,245,203,125,126
1,7137,0.39223230,0.37600442,0.38411836,1,1,245,203,125,126
1,7138,0.35020210,0.33333333,0.34176772,1,1,245,203,125,126
1,7139,0.33434027,0.32019315,0.32726671,1,1,245,203,125,126
1,7140,0.35294329,0.35538573,0.35416451,1,1,245,203,125,126
1,7141,0.33218192,0.35538573,0.34378383,1,1,245,203,125,126
1,7142,0.39223230,0.35386372,0.37304801,1,1,245,203,125,126
1,7143,0.37370466,0.33333333,0.35351900,1,1,245,203,125,126
1,7144,0.37370466,0.34126257,0.35748362,1,1,245,203,125,126
1,7145,0.33218192,0.33476703,0.33347448,1,1,245,203,125,126
1,7146,0.33218192,0.34015839,0.33617015,1,1,245,203,125,126
1,7147,0.33476703,0.31895686,0.32686195,1,1,245,203,125,126
1,7148,0.33218192,0.32146327,0.32682260,1,1,245,203,125,126
1,7149,0.33434027,0.35963529,0.34698778,1,1,245,203,125,126
1,7150,0.33304436,0.33757811,0.33531123,1,1,244,194,151,151
1,7151,0.33218192,0.34126257,0.33672225,1,1,245,203,125,126
1,7152,0.37370466,0.34126257,0.35748362,1,1,245,203,125,126
1,7153,0.37370466,0.36106187,0.36738327,1,1,245,203,125,126
1,7154,0.33434027,0.31898089,0.32666058,1,1,244,194,151,151
1,7155,0.33218192,0.29904459,0.31561325,1,1,244,194,151,151
1,7156,0.33347448,0.32008508,0.32677978,1,1,244,194,151,151
1,7157,0.32732268,0.29904459,0.31318363,1,1,244,194,151,151
1,7158,0.32577919,0.34921516,0.33749717,1,1,244,194,151,151
1,7159,0.33434027,0.28194194,0.30814110,1,1,245,203,125,126
1,7160,0.34786682,0.28082797,0.31434739,1,1,244,194,151,151
1,7161,0.34786682,0.28082797,0.31434739,1,1,244,194,151,151
1,7162,0.34749780,0.31284300,0.33017040,1,1,244,194,151,151
1,7163,0.33434027,0.33333333,0.33383680,1,1,245,203,125,126
1,7164,0.33218192,0.33476703,0.33347448,1,1,245,203,125,126
1,7165,0.33304436,0.31418857,0.32361646,1,1,245,203,125,126
1,7166,0.33218192,0.33476703,0.33347448,1,1,245,203,125,126
1,7167,0.35385963,0.37485454,0.36435709,1,1,245,203,125,126
1,7168,0.33218192,0.33476703,0.33347448,1,1,245,203,125,126
1,7169,0.33304436,0.33476703,0.33390570,1,1,245,203,125,126
1,7170,0.31142055,0.33476703,0.32309379,1,1,245,203,125,126
1,7171,0.29289311,0.27309154,0.28299233,1,1,245,203,125,126
1,7172,0.26062335,0.25257298,0.25659816,1,1,245,203,125,126
1,7173,0.21739130,0.20815272,0.21277201,1,1,244,194,151,151
1,7174,0.23913043,0.21021384,0.22467214,1,1,244,194,151,151
1,7175,0.25000000,0.23009334,0.24004667,1,1,245,203,125,126
1,7176,0.26086957,0.23009334,0.24548145,1,1,245,203,125,126
1,7177,0.21039624,0.20815272,0.20927448,1,1,245,203,125,126
1,7178,0.21954390,0.21227496,0.21590943,1,1,245,203,125,126
1,7179,0.25172422,0.23102911,0.24137667,1,1,245,203,125,126
1,7180,0.21739130,0.20815272,0.21277201,1,1,245,217,125,126
1,7181,0.21718612,0.22086306,0.21902459,1,1,245,217,125,126
1,7182,0.22916667,0.20966948,0.21941807,1,1,245,203,125,126
1,7183,0.21739130,0.20815272,0.21277201,1,1,245,203,125,126
1,7184,0.21739130,0.20815272,0.21277201,1,1,245,203,125,126
1,7185,0.26086957,0.22147814,0.24117385,1,1,245,189,125,126
1,7186,0.21039624,0.22837507,0.21938566,1,1,245,189,125,126
1,7187,0.26086957,0.24978327,0.25532642,1,1,245,203,125,126
1,7188,0.21739130,0.20966948,0.21353039,1,1,245,203,125,126
1,7189,0.23102911,0.22180301,0.22641606,1,1,245,203,125,126
1,7190,0.26446794,0.20761370,0.23604082,1,1,245,203,125,126
1,7191,0.23890474,0.21021384,0.22455929,1,1,245,203,125,126
1,7192,0.23913043,0.20761370,0.22337207,1,1,245,203,125,126
1,7193,0.21739130,0.21657405,0.21698268,1,1,245,203,125,126
1,7194,0.21739130,0.21172526,0.21455828,1,1,245,203,125,126
1,7195,0.21739130,0.21657405,0.21698268,1,1,245,203,125,126
1,7196,0.25199027,0.22896799,0.24047913,1,1,231,203,125,126
1,7197,0.23890474,0.23069072,0.23479773,1,1,231,203,125,126
1,7198,0.21718612,0.23102911,0.22410762,1,1,231,203,125,126
1,7199,0.22703831,0.22148726,0.22426279,1,1,231,203,125,126
1,7200,0.23913043,0.20966948,0.22439996,1,1,231,203,125,126
1,7201,0.22727273,0.22896799,0.22812036,1,1,228,194,150,151
1,7202,0.20712945,0.16652218,0.18682581,1,1,228,194,150,151
1,7203,0.17391304,0.18989993,0.18190648,1,1,228,194,150,151
1,7204,0.22703831,0.20815272,0.21759552,1,1,228,194,150,151
1,7205,0.21954390,0.20815272,0.21384831,1,1,228,194,150,151
1,7206,0.21739130,0.22896799,0.22317965,1,1,228,194,150,151
1,7207,0.20454545,0.20833333,0.20643939,1,1,245,203,125,126
1,7208,0.21739130,0.20181899,0.20960515,1,1,245,203,125,126
1,7209,0.19832838,0.18733745,0.19283292,1,1,228,194,150,151
1,7210,0.23913043,0.22896799,0.23404921,1,1,228,194,150,151
1,7211,0.21739130,0.20815272,0.21277201,1,1,228,194,150,151
1,7212,0.21739130,0.23069072,0.22404101,1,1,228,194,150,151
1,7213,0.23913043,0.20815272,0.22364158,1,1,228,194,150,151
1,7214,0.23890474,0.21982420,0.22936447,1,1,245,203,125,126
1,7215,0.23913043,0.20181899,0.22047471,1,1,245,203,125,126
1,7216,0.28415365,0.25085471,0.26750418,1,1,245,203,125,126
1,7217,0.31946715,0.29213465,0.30580090,1,1,245,203,125,126
1,7218,0.30560407,0.31418857,0.30989632,1,1,245,203,125,126
1,7219,0.37041931,0.34126257,0.35584094,1,1,245,203,125,126
1,7220,0.29289311,0.32146327,0.30717819,1,1,245,203,125,126
1,7221,0.30474281,0.27910828,0.29192555,1,1,245,203,125,126
1,7222,0.30560407,0.29904459,0.30232433,1,1,245,203,125,126
1,7223,0.34884995,0.29361011,0.32123003,1,1,245,203,125,126
1,7224,0.32640022,0.33347448,0.32993735,1,1,245,203,125,126
1,7225,0.34651848,0.29213465,0.31932656,1,1,245,203,125,126
1,7226,0.34786682,0.29213465,0.32000073,1,1,245,203,125,126
1,7227,0.33347448,0.33891720,0.33619584,1,1,245,203,125,126
1,7228,0.34884995,0.33476703,0.34180849,1,1,245,203,125,126
1,7229,0.34884995,0.27910828,0.31397912,1,1,245,203,125,126
1,7230,0.34884995,0.29904459,0.32394727,1,1,245,203,125,126
1,7231,0.27059854,0.24088565,0.25574210,1,1,245,203,125,126
1,7232,0.24974215,0.22896799,0.23935507,1,1,245,203,125,126
1,7233,0.21718612,0.20815272,0.21266942,1,1,245,203,125,126
1,7234,0.23913043,0.22180301,0.23046672,1,1,245,203,125,126
1,7235,0.21718612,0.22896799,0.22307706,1,1,245,203,125,126
1,7236,0.21739130,0.20815272,0.21277201,1,1,245,203,125,126
1,7237,0.21739130,0.21021384,0.21380257,1,1,245,203,125,126
1,7238,0.21739130,0.21718612,0.21728871,1,1,245,203,125,126
1,7239,0.21739130,0.20815272,0.21277201,1,1,245,203,125,126
1,7240,0.19761808,0.18733745,0.19247776,1,1,245,203,125,126
1,7241,0.21718612,0.20815272,0.21266942,1,1,245,203,125,126
1,7242,0.21739130,0.21021384,0.21380257,1,1,245,203,125,126
1,7243,0.21739130,0.21021384,0.21380257,1,1,245,203,125,126
1,7244,0.21739130,0.21933669,0.21836400,1,1,245,203,125,126
1,7245,0.21739130,0.20815272,0.21277201,1,1,245,203,125,126
1,7246,0.21739130,0.18733745,0.20236438,1,1,245,203,125,126
1,7247,0.21039624,0.21021384,0.21030504,1,1,245,203,125,126
1,7248,0.24070223,0.20815272,0.22442748,1,1,245,203,125,126
1,7249,0.30560407,0.25085471,0.27822939,1,1,245,203,125,126
1,7250,0.30406057,0.29088353,0.29747205,1,1,245,203,125,126
1,7251,0.31289602,0.29065918,0.30177760,1,1,245,203,125,126
1,7252,0.31289602,0.28082797,0.29686199,1,1,245,203,125,126
1,7253,0.29289311,0.29213465,0.29251388,1,1,245,203,125,126
1,7254,0.30560407,0.30560407,0.30560407,1,1,245,203,125,126
1,7255,0.30560407,0.29213465,0.29886936,1,1,245,203,125,126
1,7256,0.29289311,0.29065918,0.29177614,1,1,245,203,125,126
1,7257,0.30406057,0.28052511,0.29229284,1,1,245,203,125,126
1,7258,0.30560407,0.29213465,0.29886936,1,1,245,203,125,126
1,7259,0.31370838,0.31418857,0.31394848,1,1,245,203,125,126
1,7260,0.29289311,0.33476703,0.31383007,1,1,245,203,125,126
1,7261,0.34749780,0.33476703,0.34113242,1,1,245,203,125,126
1,7262,0.30560407,0.27910828,0.29235617,1,1,245,203,125,126
1,7263,0.34749780,0.27910828,0.31330304,1,1,245,203,125,126
1,7264,0.29141381,0.33476703,0.31309042,1,1,245,203,125,126
1,7265,0.29289311,0.27941674,0.28615492,1,1,245,203,125,126
1,7266,0.29141381,0.33476703,0.31309042,1,1,228,194,150,151
1,7267,0.34884995,0.28082797,0.31483896,1,1,245,203,125,126
1,7268,0.31222908,0.32146327,0.31684618,1,1,228,194,150,151
1,7269,0.32713134,0.33476703,0.33094919,1,1,245,203,125,126
1,7270,0.30406057,0.27910828,0.29158443,1,1,245,203,125,126
1,7271,0.34884995,0.28194194,0.31539595,1,1,245,203,125,126
1,7272,0.31352500,0.28082797,0.29717648,1,1,245,203,125,126
1,7273,0.32713134,0.27941674,0.30327404,1,1,245,203,125,126
1,7274,0.30406057,0.28194194,0.29300126,1,1,245,203,125,126
1,7275,0.30406057,0.27910828,0.29158443,1,1,245,203,125,126
1,7276,0.30406057,0.30028578,0.30217318,1,1,245,203,125,126
1,7277,0.30560407,0.31418857,0.30989632,1,1,245,203,125,126
1,7278,0.26062335,0.29213465,0.27637900,1,1,245,203,125,126
1,7279,0.21739130,0.18733745,0.20236438,1,1,245,203,125,126
1,7280,0.19565217,0.18733745,0.19149481,1,1,245,203,125,126
1,7281,0.17391304,0.18733745,0.18062525,1,1,245,203,125,126
1,7282,0.21739130,0.18733745,0.20236438,1,1,245,203,125,126
1,7283,0.19565217,0.16652218,0.18108718,1,1,245,203,125,126
1,7284,0.21739130,0.19196104,0.20467617,1,1,245,203,125,126
1,7285,0.21718612,0.18989993,0.20354302,1,1,245,203,125,126
1,7286,0.21954390,0.18183497,0.20068944,1,1,245,203,125,126
1,7287,0.19565217,0.16609096,0.18087157,1,1,245,203,125,126
1,7288,0.20833333,0.20815272,0.20824303,1,1,245,203,125,126
1,7289,0.21718612,0.18733745,0.20226179,1,1,245,203,125,126
1,7290,0.21739130,0.20815272,0.21277201,1,1,245,203,125,126
1,7291,0.21718612,0.21021384,0.21369998,1,1,245,203,125,126
1,7292,0.21245915,0.18733745,0.19989830,1,1,245,203,125,126
1,7293,0.21718612,0.16908465,0.19313539,1,1,245,203,125,126
1,7294,0.16666667,0.18733745,0.17700206,1,1,245,203,125,126
1,7295,0.21021384,0.22896799,0.21959092,1,1,228,194,150,151
1,7296,0.16666667,0.17985617,0.17326142,1,1,228,194,150,151
1,7297,0.20815272,0.16479243,0.18647258,1,1,228,194,150,151
1,7298,0.19565217,0.20815272,0.20190245,1,1,245,203,125,126
1,7299,0.19565217,0.18989993,0.19277605,1,1,245,203,125,126
1,7300,0.21933669,0.18939857,0.20436763,1,1,245,203,125,126
1,7301,0.19565217,0.18750000,0.19157609,1,1,245,203,125,126
1,7302,0.19212761,0.20815272,0.20014016,1,1,245,203,125,126
1,7303,0.21718612,0.20815272,0.21266942,1,1,245,203,125,126
1,7304,0.21039624,0.18733745,0.19886685,1,1,245,203,125,126
1,7305,0.21718612,0.20833333,0.21275973,1,1,245,203,125,126
1,7306,0.21739130,0.18183497,0.19961314,1,1,245,203,125,126
1,7307,0.21739130,0.18733745,0.20236438,1,1,245,203,125,126
1,7308,0.19546751,0.18183497,0.18865124,1,1,245,203,125,126
1,7309,0.20815272,0.18750000,0.19782636,1,1,245,203,125,126
1,7310,0.20833333,0.19006470,0.19919902,1,1,245,203,125,126
1,7311,0.19565217,0.18939857,0.19252537,1,1,245,203,125,126
1,7312,0.21718612,0.19196104,0.20457358,1,1,245,203,125,126
1,7313,0.20815272,0.16652218,0.18733745,1,1,245,203,125,126
1,7314,0.17374890,0.16666667,0.17020778,1,1,245,203,125,126
1,7315,0.21718612,0.16666667,0.19192640,1,1,245,203,125,126
1,7316,0.21739130,0.18733745,0.20236438,1,1,245,203,125,126
1,7317,0.20815272,0.16652218,0.18733745,1,1,245,203,125,126
1,7318,0.19832838,0.18733745,0.19283292,1,1,228,194,150,151
1,7319,0.17391304,0.18939857,0.18165581,1,1,245,203,125,126
1,7320,0.17642258,0.16652218,0.17147238,1,1,245,203,125,126
1,7321,0.18956291,0.18733745,0.18845018,1,1,245,203,125,126
1,7322,0.16666667,0.15987215,0.16326941,1,1,245,203,125,126
1,7323,0.19761808,0.18750000,0.19255904,1,1,245,203,125,126
1,7324,0.18750000,0.16233229,0.17491615,1,1,245,203,125,126
1,7325,0.18750000,0.18733745,0.18741873,1,1,245,203,125,126
1,7326,0.19565217,0.17985617,0.18775417,1,1,245,203,125,126
1,7327,0.17391304,0.17985617,0.17688461,1,1,245,203,125,126
1,7328,0.19832838,0.19565217,0.19699028,1,1,245,203,125,126
1,7329,0.21954390,0.20815272,0.21384831,1,1,245,203,125,126
1,7330,0.18750000,0.16652218,0.17701109,1,1,245,203,125,126
1,7331,0.16666667,0.20815272,0.18740969,1,1,245,203,125,126
1,7332,0.19006470,0.18733745,0.18870107,1,1,245,203,125,126
1,7333,0.19006470,0.18989993,0.18998231,1,1,245,203,125,126
1,7334,0.20833333,0.18940817,0.19887075,1,1,245,203,125,126
1,7335,0.21739130,0.20133714,0.20936422,1,1,245,203,125,126
1,7336,0.17658925,0.16652218,0.17155571,1,1,245,203,125,126
1,7337,0.21933669,0.18733745,0.20333707,1,1,245,203,125,126
1,7338,0.21021384,0.18733745,0.19877565,1,1,245,203,125,126
1,7339,0.21718612,0.18989993,0.20354302,1,1,245,203,125,126
1,7340,0.17391304,0.18183497,0.17787401,1,1,245,203,125,126
1,7341,0.19546751,0.16652218,0.18099485,1,1,245,203,125,126
1,7342,0.21718612,0.21021384,0.21369998,1,1,245,203,125,126
1,7343,0.19565217,0.20181899,0.19873558,1,1,245,203,125,126
1,7344,0.21718612,0.16652218,0.19185415,1,1,245,203,125,126
1,7345,0.20833333,0.20181899,0.20507616,1,1,245,203,125,126
1,7346,0.18956291,0.20181899,0.19569095,1,1,245,203,125,126
1,7347,0.18956291,0.18733745,0.18845018,1,1,245,203,125,126
1,7348,0.17391304,0.16194472,0.16792888,1,1,245,203,125,126
1,7349,0.21718612,0.17179606,0.19449109,1,1,245,203,125,126
1,7350,0.19565217,0.18750000,0.19157609,1,1,245,203,125,126
1,7351,0.18956291,0.18733745,0.18845018,1,1,245,203,125,126
1,7352,0.21039624,0.20815272,0.20927448,1,1,245,203,125,126
1,7353,0.21739130,0.18231631,0.19985381,1,1,245,203,125,126
1,7354,0.19546751,0.20815272,0.20181012,1,1,245,203,125,126
1,7355,0.19565217,0.18940817,0.19253017,1,1,245,203,125,126
1,7356,0.17391304,0.16652218,0.17021761,1,1,245,203,125,126
1,7357,0.19565217,0.18733745,0.19149481,1,1,245,203,125,126
1,7358,0.19565217,0.17985617,0.18775417,1,1,245,203,125,126
1,7359,0.21718612,0.16652218,0.19185415,1,1,245,203,125,126
1,7360,0.18750000,0.18246211,0.18498106,1,1,245,203,125,126
1,7361,0.21718612,0.18733745,0.20226179,1,1,245,203,125,126
1,7362,0.21021384,0.18733745,0.19877565,1,1,245,203,125,126
1,7363,0.19565217,0.18733745,0.19149481,1,1,245,203,125,126
1,7364,0.20833333,0.18733745,0.19783539,1,1,245,203,125,126
1,7365,0.18750000,0.18246211,0.18498106,1,1,245,203,125,126
1,7366,0.19565217,0.18733745,0.19149481,1,1,245,203,125,126
1,7367,0.21718612,0.18733745,0.20226179,1,1,245,203,125,126
1,7368,0.21039624,0.18733745,0.19886685,1,1,245,203,125,126
1,7369,0.21739130,0.20966948,0.21353039,1,1,245,203,125,126
1,7370,0.19212761,0.18231631,0.18722196,1,1,245,203,125,126
1,7371,0.21718612,0.18183497,0.19951055,1,1,245,203,125,126
1,7372,0.17391304,0.18231631,0.17811468,1,1,245,203,125,126
1,7373,0.21718612,0.18733745,0.20226179,1,1,245,203,125,126
1,7374,0.21718612,0.16652218,0.19185415,1,1,245,203,125,126
1,7375,0.21718612,0.18750000,0.20234306,1,1,245,203,125,126
1,7376,0.21021384,0.20815272,0.20918328,1,1,245,203,125,126
1,7377,0.17391304,0.16652218,0.17021761,1,1,245,203,125,126
1,7378,0.21718612,0.18989993,0.20354302,1,1,228,194,150,151
1,7379,0.18939857,0.18733745,0.18836801,1,1,228,194,150,151
1,7380,0.16923137,0.20815272,0.18869204,1,1,228,194,150,151
1,7381,0.18750000,0.18733745,0.18741873,1,1,228,194,150,151
1,7382,0.18181818,0.16652218,0.17417018,1,1,245,203,125,126
1,7383,0.19546751,0.16652218,0.18099485,1,1,245,203,125,126
1,7384,0.17374890,0.16652218,0.17013554,1,1,245,203,125,126
1,7385,0.19565217,0.18989993,0.19277605,1,1,228,194,150,151
1,7386,0.19761808,0.15987215,0.17874511,1,1,245,203,125,126
1,7387,0.21718612,0.16652218,0.19185415,1,1,245,203,125,126
1,7388,0.21933669,0.18733745,0.20333707,1,1,245,203,125,126
1,7389,0.19546751,0.17164713,0.18355732,1,1,245,203,125,126
1,7390,0.17391304,0.16652218,0.17021761,1,1,228,194,150,151
1,7391,0.19814119,0.18750000,0.19282060,1,1,228,194,150,151
1,7392,0.17642258,0.18733745,0.18188002,1,1,228,194,150,151
1,7393,0.21718612,0.19546751,0.20632682,1,1,245,203,125,126
1,7394,0.21718612,0.20815272,0.21266942,1,1,245,203,125,126
1,7395,0.21718612,0.17164713,0.19441663,1,1,245,203,125,126
1,7396,0.24128303,0.20761370,0.22444837,1,1,228,194,150,151
1,7397,0.29676332,0.25257298,0.27466815,1,1,228,194,150,151
1,7398,0.32713134,0.28941438,0.30827286,1,1,228,194,150,151
1,7399,0.31222908,0.27941674,0.29582291,1,1,228,194,150,151
1,7400,0.33347448,0.31284300,0.32315874,1,1,228,194,150,151
1,7401,0.34786682,0.31772058,0.33279370,1,1,245,203,125,126
1,7402,0.34884995,0.29904459,0.32394727,1,1,245,203,125,126
1,7403,0.34884995,0.31898089,0.33391542,1,1,245,203,125,126
1,7404,0.34884995,0.32019315,0.33452155,1,1,228,194,150,151
1,7405,0.35515554,0.32022208,0.33768881,1,1,228,194,150,151
1,7406,0.33434027,0.31772058,0.32603042,1,1,245,203,125,126
1,7407,0.34884995,0.31284300,0.33084648,1,1,228,194,150,151
1,7408,0.34749780,0.33333333,0.34041557,1,1,245,203,125,126
1,7409,0.34884995,0.32146327,0.33515661,1,1,228,194,150,151
1,7410,0.34884995,0.32146327,0.33515661,1,1,228,194,150,151
1,7411,0.32577919,0.34126257,0.33352088,1,1,228,194,150,151
1,7412,0.32713134,0.29235267,0.30974201,1,1,228,194,150,151
1,7413,0.34749780,0.33991422,0.34370601,1,1,228,194,150,151
1,7414,0.32577919,0.28052511,0.30315215,1,1,245,203,125,126
1,7415,0.32608696,0.33476703,0.33042700,1,1,245,203,125,126
1,7416,0.30406057,0.29361011,0.29883534,1,1,245,203,125,126
1,7417,0.30406057,0.27941674,0.29173866,1,1,245,203,125,126
1,7418,0.29141381,0.32022208,0.30581795,1,1,228,194,150,151
1,7419,0.33434027,0.27800550,0.30617289,1,1,228,194,150,151
1,7420,0.34749780,0.32146327,0.33448054,1,1,228,194,150,151
1,7421,0.29141381,0.32146327,0.30643854,1,1,228,194,150,151
1,7422,0.29141381,0.32146327,0.30643854,1,1,228,194,150,151
1,7423,0.33218192,0.31284300,0.32251246,1,1,228,194,150,151
1,7424,0.34749780,0.33075929,0.33912855,1,1,245,203,125,126
1,7425,0.32620941,0.30051056,0.31335999,1,1,245,203,125,126
1,7426,0.31370838,0.29235267,0.30303053,1,1,245,203,125,126
1,7427,0.31222908,0.29213465,0.30218186,1,1,245,203,125,126
1,7428,0.34884995,0.32146327,0.33515661,1,1,245,203,125,126
1,7429,0.33304436,0.33476703,0.33390570,1,1,245,203,125,126
1,7430,0.33434027,0.33476703,0.33455365,1,1,245,203,125,126
1,7431,0.32577919,0.33476703,0.33027311,1,1,245,203,125,126
1,7432,0.35020210,0.32146327,0.33583269,1,1,245,203,125,126
1,7433,0.34884995,0.33476703,0.34180849,1,1,245,203,125,126
1,7434,0.33434027,0.31772058,0.32603042,1,1,245,203,125,126
1,7435,0.33304436,0.33476703,0.33390570,1,1,245,203,125,126
1,7436,0.32577919,0.29235267,0.30906593,1,1,245,203,125,126
1,7437,0.34884995,0.32019315,0.33452155,1,1,245,203,125,126
1,7438,0.34884995,0.28052511,0.31468753,1,1,245,203,125,126
1,7439,0.33434027,0.31418857,0.32426442,1,1,245,203,125,126
1,7440,0.36817588,0.31895686,0.34356637,1,1,245,203,125,126
1,7441,0.34884995,0.33476703,0.34180849,1,1,245,203,125,126
1,7442,0.32713134,0.30028578,0.31370856,1,1,245,203,125,126
1,7443,0.34217098,0.29361011,0.31789055,1,1,245,203,125,126
1,7444,0.34884995,0.35538573,0.35211784,1,1,245,203,125,126
1,7445,0.34651848,0.33333333,0.33992591,1,1,245,203,125,126
1,7446,0.34749780,0.34126257,0.34438019,1,1,245,203,125,126
1,7447,0.37056856,0.33476703,0.35266780,1,1,245,203,125,126
1,7448,0.37056856,0.31772058,0.34414457,1,1,245,203,125,126
1,7449,0.33304436,0.32146327,0.32725381,1,1,245,203,125,126
1,7450,0.34055747,0.33476703,0.33766225,1,1,245,203,125,126
1,7451,0.32608696,0.29235267,0.30921981,1,1,228,194,150,151
1,7452,0.33304436,0.32022208,0.32663322,1,1,228,194,150,151
1,7453,0.33304436,0.33333333,0.33318884,1,1,228,194,150,151
1,7454,0.32486107,0.32146327,0.32316217,1,1,228,194,150,151
1,7455,0.34884995,0.31418857,0.33151926,1,1,228,194,150,151
1,7456,0.37056856,0.32223262,0.34640059,1,1,245,203,125,126
1,7457,0.34884995,0.27977626,0.31431311,1,1,245,203,125,126
1,7458,0.30474281,0.27977626,0.29225954,1,1,228,194,150,151
1,7459,0.30320367,0.29289311,0.29804839,1,1,228,194,150,151
1,7460,0.34786682,0.29166667,0.31976674,1,1,245,203,125,126
1,7461,0.30560407,0.31352500,0.30956453,1,1,245,203,125,126
1,7462,0.29289311,0.31398058,0.30343684,1,1,245,203,125,126
1,7463,0.29065918,0.29141381,0.29103650,1,1,245,203,125,126
1,7464,0.27059854,0.27083333,0.27071594,1,1,245,203,125,126
1,7465,0.30474281,0.29314725,0.29894503,1,1,245,203,125,126
1,7466,0.30320367,0.27059854,0.28690110,1,1,245,203,125,126
1,7467,0.28308541,0.29289311,0.28798926,1,1,245,203,125,126
1,7468,0.30474281,0.29437240,0.29955761,1,1,245,203,125,126
1,7469,0.30474281,0.31379704,0.30926992,1,1,245,203,125,126
1,7470,0.30474281,0.28142136,0.29308208,1,1,245,203,125,126
1,7471,0.28154626,0.29289311,0.28721968,1,1,245,203,125,126
1,7472,0.28333869,0.29289311,0.28811590,1,1,245,203,125,126
1,7473,0.29213465,0.29289311,0.29251388,1,1,245,203,125,126
1,7474,0.30320367,0.29289311,0.29804839,1,1,245,203,125,126
1,7475,0.30499609,0.29289311,0.29894460,1,1,245,203,125,126
1,7476,0.30474281,0.29289311,0.29881796,1,1,245,203,125,126
1,7477,0.28388546,0.29289311,0.28838928,1,1,245,203,125,126
1,7478,0.29213465,0.29976028,0.29594746,1,1,245,203,125,126
1,7479,0.28568295,0.29289311,0.28928803,1,1,245,203,125,126
1,7480,0.28487783,0.27207783,0.27847783,1,1,245,203,125,126
1,7481,0.25988886,0.27231391,0.26610139,1,1,245,203,125,126
1,7482,0.24913644,0.27207783,0.26060714,1,1,245,203,125,126
1,7483,0.28308541,0.27207783,0.27758162,1,1,245,203,125,126
1,7484,0.28568295,0.27207783,0.27888039,1,1,245,203,125,126
1,7485,0.30628196,0.29289311,0.29958753,1,1,245,203,125,126
1,7486,0.29514981,0.28413945,0.28964463,1,1,245,203,125,126
1,7487,0.27059854,0.27083333,0.27071594,1,1,245,203,125,126
1,7488,0.28308541,0.26286639,0.27297590,1,1,245,203,125,126
1,7489,0.28154626,0.27207783,0.27681205,1,1,245,203,125,126
1,7490,0.26242084,0.25172422,0.25707253,1,1,245,203,125,126
1,7491,0.30474281,0.27083333,0.28778807,1,1,245,203,125,126
1,7492,0.28388546,0.27083333,0.27735939,1,1,245,203,125,126
1,7493,0.26062335,0.25000000,0.25531167,1,1,245,203,125,126
1,7494,0.25121451,0.23102911,0.24112181,1,1,245,203,125,126
1,7495,0.26242084,0.27083333,0.26662709,1,1,245,203,125,126
1,7496,0.30474281,0.31352500,0.30913390,1,1,245,203,125,126
1,7497,0.30474281,0.29141381,0.29807831,1,1,245,203,125,126
1,7498,0.30714756,0.29314725,0.30014740,1,1,245,203,125,126
1,7499,0.32009221,0.29289311,0.30649266,1,1,245,217,125,126
1,7500,0.30474281,0.31222908,0.30848595,1,1,245,217,125,126
1,7501,0.30474281,0.32098846,0.31286563,1,1,245,217,125,126
1,7502,0.30320367,0.31222908,0.30771638,1,1,245,217,125,126
1,7503,0.33347448,0.31222908,0.32285178,1,1,245,217,125,126
1,7504,0.34786682,0.29289311,0.32037996,1,1,245,217,125,126
1,7505,0.32867483,0.31352500,0.32109991,1,1,245,203,125,126
1,7506,0.34786682,0.31222908,0.33004795,1,1,245,203,125,126
1,7507,0.34921516,0.33304436,0.34112976,1,1,245,203,125,126
1,7508,0.30474281,0.31370838,0.30922560,1,1,245,203,125,126
1,7509,0.34786682,0.28119648,0.31453165,1,1,245,203,125,126
1,7510,0.33476703,0.29976028,0.31726366,1,1,245,203,125,126
1,7511,0.33347448,0.33434027,0.33390737,1,1,245,203,125,126
1,7512,0.34786682,0.35385963,0.35086322,1,1,245,203,125,126
1,7513,0.34884995,0.33304436,0.34094715,1,1,245,203,125,126
1,7514,0.34786682,0.29141381,0.31964032,1,1,245,203,125,126
1,7515,0.29213465,0.31352500,0.30282982,1,1,245,203,125,126
1,7516,0.34786682,0.33434027,0.34110354,1,1,245,203,125,126
1,7517,0.33434027,0.30100444,0.31767235,1,1,245,203,125,126
1,7518,0.29213465,0.32098846,0.30656155,1,1,245,203,125,126
1,7519,0.34921516,0.29976028,0.32448772,1,1,245,203,125,126
1,7520,0.32732268,0.29976028,0.31354148,1,1,245,203,125,126
1,7521,0.31271311,0.29976028,0.30623669,1,1,245,203,125,126
1,7522,0.33347448,0.30118050,0.31732749,1,1,245,203,125,126
1,7523,0.31370838,0.31974430,0.31672634,1,1,245,203,125,126
1,7524,0.30406057,0.27977626,0.29191842,1,1,245,203,125,126
1,7525,0.30560407,0.31352500,0.30956453,1,1,245,203,125,126
1,7526,0.30474281,0.31898089,0.31186185,1,1,245,203,125,126
1,7527,0.32640022,0.31352500,0.31996261,1,1,245,203,125,126
1,7528,0.32640022,0.31222908,0.31931465,1,1,245,203,125,126
1,7529,0.34884995,0.29289311,0.32087153,1,1,245,203,125,126
1,7530,0.29213465,0.28261670,0.28737567,1,1,245,203,125,126
1,7531,0.29289311,0.29141381,0.29215346,1,1,245,203,125,126
1,7532,0.33434027,0.28261670,0.30847848,1,1,245,203,125,126
1,7533,0.29213465,0.26989781,0.28101623,1,1,245,203,125,126
1,7534,0.29213465,0.30046142,0.29629803,1,1,245,203,125,126
1,7535,0.34749780,0.28261670,0.31505725,1,1,245,203,125,126
1,7536,0.29289311,0.27977626,0.28633468,1,1,245,203,125,126
1,7537,0.30560407,0.28261670,0.29411038,1,1,245,203,125,126
1,7538,0.29289311,0.30100444,0.29694877,1,1,245,203,125,126
1,7539,0.31500429,0.31352500,0.31426464,1,1,245,203,125,126
1,7540,0.29437240,0.28119648,0.28778444,1,1,245,203,125,126
1,7541,0.33563618,0.30100444,0.31832031,1,1,245,203,125,126
1,7542,0.31500429,0.30242466,0.30871448,1,1,245,203,125,126
1,7543,0.29213465,0.31222908,0.30218186,1,1,245,203,125,126
1,7544,0.31271311,0.33218192,0.32244751,1,1,245,203,125,126
1,7545,0.30474281,0.31271311,0.30872796,1,1,245,203,125,126
1,7546,0.29289311,0.31271311,0.30280311,1,1,245,203,125,126
1,7547,0.33434027,0.30170261,0.31802144,1,1,245,203,125,126
1,7548,0.34786682,0.33218192,0.34002437,1,1,245,203,125,126
1,7549,0.30628196,0.28261670,0.29444933,1,1,245,203,125,126
1,7550,0.31271311,0.30170261,0.30720786,1,1,245,203,125,126
1,7551,0.31289602,0.31271311,0.31280456,1,1,245,203,125,126
1,7552,0.29141381,0.32146327,0.30643854,1,1,245,203,125,126
1,7553,0.32774856,0.33218192,0.32996524,1,1,245,203,125,126
1,7554,0.30474281,0.33476703,0.31975492,1,1,245,203,125,126
1,7555,0.30406057,0.29213465,0.29809761,1,1,245,203,125,126
1,7556,0.32713134,0.33476703,0.33094919,1,1,245,203,125,126
1,7557,0.30406057,0.29361011,0.29883534,1,1,245,203,125,126
1,7558,0.30320367,0.29361011,0.29840689,1,1,245,203,125,126
1,7559,0.30560407,0.29213465,0.29886936,1,1,245,203,125,126
1,7560,0.29213465,0.32146327,0.30679896,1,1,245,203,125,126
1,7561,0.32486107,0.29289311,0.30887709,1,1,245,203,125,126
1,7562,0.34884995,0.29213465,0.32049230,1,1,245,203,125,126
1,7563,0.34884995,0.29213465,0.32049230,1,1,245,203,125,126
1,7564,0.34884995,0.33218192,0.34051594,1,1,245,203,125,126
1,7565,0.32620941,0.31974430,0.32297686,1,1,245,203,125,126
1,7566,0.32577919,0.33434027,0.33005973,1,1,245,203,125,126
1,7567,0.32620941,0.33347448,0.32984195,1,1,245,203,125,126
1,7568,0.34884995,0.29213465,0.32049230,1,1,245,203,125,126
1,7569,0.34884995,0.29361011,0.32123003,1,1,245,203,125,126
1,7570,0.32620941,0.33347448,0.32984195,1,1,245,203,125,126
1,7571,0.32620941,0.29437240,0.31029091,1,1,245,203,125,126
1,7572,0.34884995,0.31418857,0.33151926,1,1,245,203,125,126
1,7573,0.34884995,0.33476703,0.34180849,1,1,245,203,125,126
1,7574,0.34884995,0.31418857,0.33151926,1,1,245,203,125,126
1,7575,0.34786682,0.33218192,0.34002437,1,1,245,203,125,126
1,7576,0.32486107,0.33476703,0.32981405,1,1,245,203,125,126
1,7577,0.34786682,0.31898089,0.33342386,1,1,245,203,125,126
1,7578,0.32620941,0.29904459,0.31262700,1,1,245,203,125,126
1,7579,0.32620941,0.33563618,0.33092280,1,1,245,203,125,126
1,7580,0.32620941,0.33476703,0.33048822,1,1,245,203,125,126
1,7581,0.32620941,0.33563618,0.33092280,1,1,245,203,125,126
1,7582,0.34884995,0.35538573,0.35211784,1,1,245,203,125,126
1,7583,0.34749780,0.29213465,0.31981622,1,1,245,203,125,126
1,7584,0.34749780,0.29213465,0.31981622,1,1,245,203,125,126
1,7585,0.30474281,0.33476703,0.31975492,1,1,245,203,125,126
1,7586,0.34884995,0.31271311,0.33078153,1,1,245,203,125,126
1,7587,0.34884995,0.33347448,0.34116221,1,1,245,203,125,126
1,7588,0.34884995,0.29065918,0.31975457,1,1,245,203,125,126
1,7589,0.32620941,0.33476703,0.33048822,1,1,245,203,125,126
1,7590,0.34884995,0.33476703,0.34180849,1,1,245,203,125,126
1,7591,0.32486107,0.33476703,0.32981405,1,1,245,203,125,126
1,7592,0.32620941,0.33476703,0.33048822,1,1,245,203,125,126
1,7593,0.32577919,0.33476703,0.33027311,1,1,245,203,125,126
1,7594,0.30406057,0.33434027,0.31920042,1,1,245,203,125,126
1,7595,0.32620941,0.33476703,0.33048822,1,1,245,203,125,126
1,7596,0.30474281,0.33563618,0.32018950,1,1,245,203,125,126
1,7597,0.32486107,0.33563618,0.33024863,1,1,245,203,125,126
1,7598,0.33434027,0.33476703,0.33455365,1,1,245,203,125,126
1,7599,0.33434027,0.33476703,0.33455365,1,1,245,203,125,126
1,7600,0.31289602,0.33476703,0.32383153,1,1,245,203,125,126
1,7601,0.33434027,0.33333333,0.33383680,1,1,245,203,125,126
1,7602,0.31289602,0.33563618,0.32426610,1,1,245,203,125,126
1,7603,0.33347448,0.33476703,0.33412076,1,1,245,203,125,126
1,7604,0.33434027,0.33476703,0.33455365,1,1,245,203,125,126
1,7605,0.31142055,0.33563618,0.32352837,1,1,245,203,125,126
1,7606,0.33434027,0.33476703,0.33455365,1,1,245,203,125,126
1,7607,0.33434027,0.33563618,0.33498822,1,1,245,203,125,126
1,7608,0.31370838,0.32146327,0.31758583,1,1,245,203,125,126
1,7609,0.31222908,0.33476703,0.32349806,1,1,245,203,125,126
1,7610,0.31289602,0.33476703,0.32383153,1,1,245,203,125,126
1,7611,0.32486107,0.32223262,0.32354684,1,1,245,203,125,126
1,7612,0.31289602,0.32098846,0.31694224,1,1,245,203,125,126
1,7613,0.32620941,0.33347448,0.32984195,1,1,245,203,125,126
1,7614,0.32620941,0.33434027,0.33027484,1,1,245,203,125,126
1,7615,0.34786682,0.33476703,0.34131693,1,1,245,203,125,126
1,7616,0.34786682,0.37600442,0.36193562,1,1,245,203,125,126
1,7617,0.34884995,0.35885350,0.35385173,1,1,245,203,125,126
1,7618,0.35020210,0.31898089,0.33459150,1,1,245,203,125,126
1,7619,0.34884995,0.33218192,0.34051594,1,1,245,203,125,126
1,7620,0.33304436,0.32022208,0.32663322,1,1,245,203,125,126
1,7621,0.34884995,0.33476703,0.34180849,1,1,245,203,125,126
1,7622,0.34884995,0.33434027,0.34159511,1,1,245,203,125,126
1,7623,0.33434027,0.33563618,0.33498822,1,1,245,203,125,126
1,7624,0.34786682,0.33476703,0.34131693,1,1,245,203,125,126
1,7625,0.34786682,0.33434027,0.34110354,1,1,245,203,125,126
1,7626,0.34786682,0.33563618,0.34175150,1,1,245,203,125,126
1,7627,0.34786682,0.33563618,0.34175150,1,1,245,203,125,126
1,7628,0.34786682,0.33563618,0.34175150,1,1,245,203,125,126
1,7629,0.34921516,0.33476703,0.34199110,1,1,245,203,125,126
1,7630,0.34786682,0.30170261,0.32478471,1,1,245,203,125,126
1,7631,0.35294329,0.33891720,0.34593024,1,1,245,203,125,126
1,7632,0.33218192,0.35885350,0.34551771,1,1,245,203,125,126
1,7633,0.29213465,0.29065918,0.29139691,1,1,245,203,125,126
1,7634,0.34884995,0.33434027,0.34159511,1,1,245,203,125,126
1,7635,0.34884995,0.33434027,0.34159511,1,1,245,203,125,126
1,7636,0.32620941,0.33476703,0.33048822,1,1,245,203,125,126
1,7637,0.34884995,0.30046142,0.32465568,1,1,245,203,125,126
1,7638,0.33434027,0.31898089,0.32666058,1,1,245,203,125,126
1,7639,0.34884995,0.31898089,0.33391542,1,1,245,203,125,126
1,7640,0.35020210,0.35885350,0.35452780,1,1,245,203,125,126
1,7641,0.33434027,0.33218192,0.33326109,1,1,245,203,125,126
1,7642,0.34749780,0.29904459,0.32327119,1,1,245,203,125,126
1,7643,0.34884995,0.33476703,0.34180849,1,1,245,203,125,126
1,7644,0.34884995,0.33476703,0.34180849,1,1,245,203,125,126
1,7645,0.32713134,0.31500429,0.32106782,1,1,245,203,125,126
1,7646,0.33347448,0.32223262,0.32785355,1,1,245,203,125,126
1,7647,0.34786682,0.32223262,0.33504972,1,1,245,203,125,126
1,7648,0.34786682,0.33563618,0.34175150,1,1,245,203,125,126
1,7649,0.32620941,0.31370838,0.31995890,1,1,245,203,125,126
1,7650,0.36937539,0.31898089,0.34417814,1,1,245,203,125,126
1,7651,0.34884995,0.33476703,0.34180849,1,1,245,203,125,126
1,7652,0.34884995,0.32146327,0.33515661,1,1,245,203,125,126
1,7653,0.34884995,0.31898089,0.33391542,1,1,245,217,125,126
1,7654,0.34884995,0.31271311,0.33078153,1,1,245,217,125,126
1,7655,0.34884995,0.29065918,0.31975457,1,1,245,217,125,126
1,7656,0.34786682,0.31142055,0.32964369,1,1,245,217,125,126
1,7657,0.34786682,0.31898089,0.33342386,1,1,245,203,125,126
1,7658,0.34749780,0.33347448,0.34048614,1,1,245,203,125,126
1,7659,0.34884995,0.31898089,0.33391542,1,1,245,203,125,126
1,7660,0.33434027,0.31898089,0.32666058,1,1,245,203,125,126
1,7661,0.33434027,0.33333180,0.33383604,1,1,245,203,125,126
1,7662,0.34884995,0.29213465,0.32049230,1,1,245,203,125,126
1,7663,0.32640022,0.31974430,0.32307226,1,1,245,203,125,126
1,7664,0.31142055,0.32098846,0.31620450,1,1,245,203,125,126
1,7665,0.34884995,0.33347448,0.34116221,1,1,245,203,125,126
1,7666,0.33347448,0.33476703,0.33412076,1,1,245,203,125,126
1,7667,0.34749780,0.33476703,0.34113242,1,1,245,203,125,126
1,7668,0.33434027,0.33476703,0.33455365,1,1,245,203,125,126
1,7669,0.36355214,0.32577919,0.34466566,1,1,245,203,125,126
1,7670,0.32620941,0.33563618,0.33092280,1,1,245,203,125,126
1,7671,0.32640022,0.31974430,0.32307226,1,1,245,203,125,126
1,7672,0.34749780,0.31289602,0.33019691,1,1,245,203,125,126
1,7673,0.34786682,0.29904459,0.32345570,1,1,245,203,125,126
1,7674,0.32486107,0.33476703,0.32981405,1,1,245,217,125,126
1,7675,0.30406057,0.29289311,0.29847684,1,1,245,217,125,126
1,7676,0.34055747,0.29289311,0.31672529,1,1,245,203,125,126
1,7677,0.30406057,0.29213465,0.29809761,1,1,245,203,125,126
1,7678,0.32577919,0.33476703,0.33027311,1,1,245,203,125,126
1,7679,0.30406057,0.33218192,0.31812125,1,1,245,203,125,126
1,7680,0.30406057,0.31142055,0.30774056,1,1,245,203,125,126
1,7681,0.32713134,0.31142055,0.31927595,1,1,245,203,125,126
1,7682,0.32620941,0.29437240,0.31029091,1,1,245,203,125,126
1,7683,0.34786682,0.29437240,0.32111961,1,1,245,203,125,126
1,7684,0.34786682,0.27910828,0.31348755,1,1,245,203,125,126
1,7685,0.32620941,0.28052511,0.30336726,1,1,245,203,125,126
1,7686,0.32486107,0.29141381,0.30813744,1,1,245,203,125,126
1,7687,0.30541273,0.29141381,0.29841327,1,1,245,203,125,126
1,7688,0.30406057,0.29361011,0.29883534,1,1,245,203,125,126
1,7689,0.32577919,0.29437240,0.31007580,1,1,245,203,125,126
1,7690,0.29141381,0.29289311,0.29215346,1,1,245,203,125,126
1,7691,0.28234196,0.27059854,0.27647025,1,1,245,203,125,126
1,7692,0.28388546,0.27207783,0.27798165,1,1,245,203,125,126
1,7693,0.28154626,0.25979224,0.27066925,1,1,245,203,125,126
1,7694,0.26062335,0.27207783,0.26635059,1,1,245,203,125,126
1,7695,0.31222908,0.28261670,0.29742289,1,1,245,203,125,126
1,7696,0.32577919,0.31289602,0.31933760,1,1,245,203,125,126
1,7697,0.30560407,0.31418857,0.30989632,1,1,245,203,125,126
1,7698,0.30406057,0.29213465,0.29809761,1,1,245,203,125,126
1,7699,0.30560407,0.29065918,0.29813163,1,1,245,203,125,126
1,7700,0.30406057,0.27910828,0.29158443,1,1,245,203,125,126
1,7701,0.29141381,0.29904459,0.29522920,1,1,245,203,125,126
1,7702,0.30406057,0.32022208,0.31214133,1,1,245,203,125,126
1,7703,0.34651848,0.29904459,0.32278153,1,1,245,203,125,126
1,7704,0.29141381,0.27910828,0.28526105,1,1,245,203,125,126
1,7705,0.30560407,0.27910828,0.29235617,1,1,245,203,125,126
1,7706,0.34217098,0.29361011,0.31789055,1,1,245,203,125,126
1,7707,0.32713134,0.30118050,0.31415592,1,1,245,203,125,126
1,7708,0.34884995,0.33347448,0.34116221,1,1,245,203,125,126
1,7709,0.34749780,0.31418857,0.33084319,1,1,245,203,125,126
1,7710,0.30406057,0.31271311,0.30838684,1,1,245,203,125,126
1,7711,0.30560407,0.29904459,0.30232433,1,1,245,203,125,126
1,7712,0.28234196,0.24146215,0.26190206,1,1,245,217,125,126
1,7713,0.21933669,0.18733745,0.20333707,1,1,245,217,125,126
1,7714,0.18461603,0.15217391,0.16839497,1,1,245,217,125,126
1,7715,0.15909091,0.14583333,0.15246212,1,1,245,217,125,126
1,7716,0.23913043,0.21039624,0.22476334,1,1,245,217,125,126
1,7717,0.21739130,0.22896799,0.22317965,1,1,245,217,125,126
1,7718,0.25000000,0.20815272,0.22907636,1,1,245,217,125,126
1,7719,0.27648921,0.24978327,0.26313624,1,1,245,217,125,126
1,7720,0.26086957,0.25085471,0.25586214,1,1,245,217,125,126
1,7721,0.28234196,0.25150600,0.26692398,1,1,245,217,125,126
1,7722,0.30434783,0.25150600,0.27792691,1,1,245,217,125,126
1,7723,0.28440789,0.25150600,0.26795694,1,1,245,217,125,126
1,7724,0.30406057,0.25150600,0.27778328,1,1,245,217,125,126
1,7725,0.28260870,0.25150600,0.26705735,1,1,245,217,125,126
1,7726,0.26062335,0.27137328,0.26599831,1,1,245,217,125,126
1,7727,0.26062335,0.29213465,0.27637900,1,1,245,217,125,126
1,7728,0.26062335,0.27137328,0.26599831,1,1,245,217,125,126
1,7729,0.26062335,0.28052511,0.27057423,1,1,245,217,125,126
1,7730,0.26062335,0.25917198,0.25989766,1,1,245,217,125,126
1,7731,0.25988886,0.25150600,0.25569743,1,1,245,217,125,126
1,7732,0.32141217,0.27207783,0.29674500,1,1,245,217,125,126
1,7733,0.29864235,0.27207783,0.28536009,1,1,245,217,125,126
1,7734,0.26242084,0.26989781,0.26615933,1,1,245,217,125,126
1,7735,0.27207783,0.29361011,0.28284397,1,1,245,217,125,126
1,7736,0.27207783,0.29213465,0.28210624,1,1,245,217,125,126
1,7737,0.26062335,0.27161608,0.26611971,1,1,245,217,125,126
1,7738,0.30560407,0.28119648,0.29340027,1,1,245,217,125,126
1,7739,0.31848367,0.29213465,0.30530916,1,1,245,217,125,126
1,7740,0.28388546,0.27207783,0.27798165,1,1,245,217,125,126
1,7741,0.26242084,0.27161608,0.26701846,1,1,245,217,125,126
1,7742,0.26421833,0.29213465,0.27817649,1,1,245,217,125,126
1,7743,0.26421833,0.29213465,0.27817649,1,1,245,217,125,126
1,7744,0.25322872,0.29213465,0.27268169,1,1,245,217,125,126
1,7745,0.26421833,0.27137328,0.26779580,1,1,245,217,125,126
1,7746,0.28234196,0.29361011,0.28797604,1,1,245,217,125,126
1,7747,0.26242084,0.29213465,0.27727774,1,1,245,217,125,126
1,7748,0.28388546,0.25150600,0.26769573,1,1,245,217,125,126
1,7749,0.26062335,0.25150600,0.25606467,1,1,245,217,125,126
1,7750,0.24978327,0.28052511,0.26515419,1,1,245,217,125,126
1,7751,0.26242084,0.27161608,0.26701846,1,1,245,217,125,126
1,7752,0.29289311,0.27232127,0.28260719,1,1,245,217,125,126
1,7753,0.24978327,0.28194194,0.26586260,1,1,245,217,125,126
1,7754,0.26242084,0.27161608,0.26701846,1,1,245,217,125,126
1,7755,0.26062335,0.24978327,0.25520331,1,1,245,217,125,126
1,7756,0.26062335,0.24146215,0.25104275,1,1,245,217,125,126
1,7757,0.26062335,0.26242084,0.26152210,1,1,245,217,125,126
1,7758,0.26062335,0.24146215,0.25104275,1,1,245,217,125,126
1,7759,0.26062335,0.22094935,0.24078635,1,1,245,217,125,126
1,7760,0.26062335,0.25085471,0.25573903,1,1,245,217,125,126
1,7761,0.26062335,0.27207783,0.26635059,1,1,245,217,125,126
1,7762,0.28234196,0.25150600,0.26692398,1,1,245,217,125,126
1,7763,0.28234196,0.23980822,0.26107509,1,1,245,217,125,126
1,7764,0.28234196,0.27232127,0.27733161,1,1,245,217,125,126
1,7765,0.28234196,0.27232127,0.27733161,1,1,245,217,125,126
1,7766,0.26062335,0.25150600,0.25606467,1,1,245,217,125,126
1,7767,0.26062335,0.25150600,0.25606467,1,1,245,217,125,126
1,7768,0.28234196,0.25150600,0.26692398,1,1,245,217,125,126
1,7769,0.26062335,0.25150600,0.25606467,1,1,245,217,125,126
1,7770,0.26062335,0.25150600,0.25606467,1,1,245,217,125,126
1,7771,0.26062335,0.25150600,0.25606467,1,1,245,217,125,126
1,7772,0.28234196,0.25150600,0.26692398,1,1,245,217,125,126
1,7773,0.26062335,0.25150600,0.25606467,1,1,245,217,125,126
1,7774,0.26062335,0.24146215,0.25104275,1,1,245,217,125,126
1,7775,0.26062335,0.25150600,0.25606467,1,1,245,217,125,126
1,7776,0.26062335,0.25150600,0.25606467,1,1,245,217,125,126
1,7777,0.26062335,0.25150600,0.25606467,1,1,245,217,125,126
1,7778,0.26062335,0.25150600,0.25606467,1,1,245,217,125,126
1,7779,0.26062335,0.25150600,0.25606467,1,1,245,217,125,126
1,7780,0.26062335,0.25150600,0.25606467,1,1,245,217,125,126
1,7781,0.26242084,0.24978327,0.25610205,1,1,245,217,125,126
1,7782,0.28413945,0.27059854,0.27736900,1,1,245,217,125,126
1,7783,0.28234196,0.27232127,0.27733161,1,1,245,217,125,126
1,7784,0.30320367,0.29141381,0.29730874,1,1,245,217,125,126
1,7785,0.28234196,0.26286639,0.27260418,1,1,245,217,125,126
1,7786,0.28154626,0.25150600,0.26652613,1,1,245,217,125,126
1,7787,0.26062335,0.24913644,0.25487990,1,1,245,217,125,126
1,7788,0.26062335,0.24978327,0.25520331,1,1,245,217,125,126
1,7789,0.26062335,0.27137328,0.26599831,1,1,245,217,125,126
1,7790,0.26062335,0.25150600,0.25606467,1,1,245,217,125,126
1,7791,0.26242084,0.24311609,0.25276846,1,1,245,217,125,126
1,7792,0.26062335,0.25150600,0.25606467,1,1,245,217,125,126
1,7793,0.24002388,0.25150600,0.24576494,1,1,245,217,125,126
1,7794,0.26086957,0.25150600,0.25618778,1,1,245,217,125,126
1,7795,0.27059854,0.24146215,0.25603035,1,1,245,217,125,126
1,7796,0.26062335,0.25150600,0.25606467,1,1,245,217,125,126
1,7797,0.27244598,0.23069072,0.25156835,1,1,245,217,125,126
1,7798,0.26062335,0.25150600,0.25606467,1,1,245,217,125,126
1,7799,0.26242084,0.23069072,0.24655578,1,1,245,217,125,126
1,7800,0.28234196,0.27207783,0.27720990,1,1,245,217,125,126
1,7801,0.28234196,0.27207783,0.27720990,1,1,245,217,125,126
1,7802,0.24070223,0.25150600,0.24610411,1,1,245,217,125,126
1,7803,0.28234196,0.25150600,0.26692398,1,1,245,217,125,126
1,7804,0.27432501,0.23069072,0.25250787,1,1,245,217,125,126
1,7805,0.26062335,0.25085471,0.25573903,1,1,245,217,125,126
1,7806,0.30560407,0.25150600,0.27855503,1,1,245,217,125,126
1,7807,0.29676332,0.27207783,0.28442058,1,1,245,217,125,126
1,7808,0.29514981,0.25150600,0.27332790,1,1,245,217,125,126
1,7809,0.29676332,0.24978327,0.27327329,1,1,245,217,125,126
1,7810,0.32108066,0.27059854,0.29583960,1,1,245,217,125,126
1,7811,0.29676332,0.25150600,0.27413466,1,1,245,217,125,126
1,7812,0.26086957,0.25150600,0.25618778,1,1,245,217,125,126
1,7813,0.28260870,0.25150600,0.26705735,1,1,245,217,125,126
1,7814,0.30434783,0.25150600,0.27792691,1,1,245,217,125,126
1,7815,0.28234196,0.25150600,0.26692398,1,1,245,217,125,126
1,7816,0.29514981,0.27232127,0.28373554,1,1,245,217,125,126
1,7817,0.30589278,0.24978327,0.27783802,1,1,245,217,125,126
1,7818,0.23913043,0.24978327,0.24445685,1,1,245,217,125,126
1,7819,0.28260870,0.25150600,0.26705735,1,1,245,217,125,126
1,7820,0.28260870,0.25150600,0.26705735,1,1,245,217,125,126
1,7821,0.26086957,0.26121246,0.26104101,1,1,245,217,125,126
1,7822,0.23913043,0.23102911,0.23507977,1,1,245,217,125,126
1,7823,0.23913043,0.25150600,0.24531822,1,1,245,217,125,126
1,7824,0.28234196,0.25150600,0.26692398,1,1,245,217,125,126
1,7825,0.28260870,0.27232127,0.27746498,1,1,245,217,125,126
1,7826,0.26086957,0.24978327,0.25532642,1,1,245,217,125,126
1,7827,0.26062335,0.25085471,0.25573903,1,1,245,217,125,126
1,7828,0.26062335,0.25150600,0.25606467,1,1,245,217,125,126
1,7829,0.28388546,0.24146215,0.26267381,1,1,245,217,125,126
1,7830,0.28234196,0.27380056,0.27807126,1,1,245,217,125,126
1,7831,0.27272727,0.26242084,0.26757406,1,1,245,217,125,126
1,7832,0.26086957,0.24146215,0.25116586,1,1,245,217,125,126
1,7833,0.28234196,0.24146215,0.26190206,1,1,245,217,125,126
1,7834,0.26062335,0.25150600,0.25606467,1,1,245,217,125,126
1,7835,0.26062335,0.24146215,0.25104275,1,1,245,217,125,126
1,7836,0.26062335,0.24146215,0.25104275,1,1,245,217,125,126
1,7837,0.28388546,0.24146215,0.26267381,1,1,245,217,125,126
1,7838,0.26062335,0.27207783,0.26635059,1,1,245,217,125,126
1,7839,0.28234196,0.29289311,0.28761753,1,1,245,217,125,126
1,7840,0.32577919,0.29213465,0.30895692,1,1,245,217,125,126
1,7841,0.32867483,0.29213465,0.31040474,1,1,245,217,125,126
1,7842,0.31271311,0.33476703,0.32374007,1,1,245,217,125,126
1,7843,0.32713134,0.29361011,0.31037073,1,1,245,217,125,126
1,7844,0.32577919,0.29361011,0.30969465,1,1,245,217,125,126
1,7845,0.30560407,0.29361011,0.29960709,1,1,245,217,125,126
1,7846,0.30474281,0.33347448,0.31910864,1,1,245,217,125,126
1,7847,0.30560407,0.33476703,0.32018555,1,1,245,217,125,126
1,7848,0.30474281,0.32223262,0.31348771,1,1,245,217,125,126
1,7849,0.32620941,0.29437240,0.31029091,1,1,245,217,125,126
1,7850,0.30474281,0.29213465,0.29843873,1,1,245,217,125,126
1,7851,0.32486107,0.29289311,0.30887709,1,1,245,217,125,126
1,7852,0.34884995,0.31500429,0.33192712,1,1,245,203,125,126
1,7853,0.34921516,0.33347448,0.34134482,1,1,245,217,125,126
1,7854,0.34786682,0.30170261,0.32478471,1,1,245,217,125,126
1,7855,0.32867483,0.31898089,0.32382786,1,1,245,217,125,126
1,7856,0.33304436,0.32022208,0.32663322,1,1,245,203,125,126
1,7857,0.34786682,0.29904459,0.32345570,1,1,245,217,125,126
1,7858,0.34786682,0.30046142,0.32416412,1,1,245,217,125,126
1,7859,0.34921516,0.31142055,0.33031786,1,1,245,217,125,126
1,7860,0.30560407,0.33476703,0.32018555,1,1,245,217,125,126
1,7861,0.30560407,0.33476703,0.32018555,1,1,245,217,125,126
1,7862,0.29213465,0.32146327,0.30679896,1,1,245,217,125,126
1,7863,0.34786682,0.29904459,0.32345570,1,1,245,217,125,126
1,7864,0.34921516,0.31271311,0.33096413,1,1,245,217,125,126
1,7865,0.34786682,0.29088353,0.31937517,1,1,245,217,125,126
1,7866,0.30560407,0.33476703,0.32018555,1,1,245,217,125,126
1,7867,0.30406057,0.29361011,0.29883534,1,1,245,217,125,126
1,7868,0.34786682,0.29361011,0.32073847,1,1,245,217,125,126
1,7869,0.32486107,0.29437240,0.30961674,1,1,245,217,125,126
1,7870,0.30406057,0.29213465,0.29809761,1,1,245,217,125,126
1,7871,0.29289311,0.29361011,0.29325161,1,1,245,217,125,126
1,7872,0.31352500,0.29213465,0.30282982,1,1,245,217,125,126
1,7873,0.32640022,0.27910828,0.30275425,1,1,245,217,125,126
1,7874,0.31946715,0.29213465,0.30580090,1,1,245,217,125,126
1,7875,0.30560407,0.27910828,0.29235617,1,1,245,217,125,126
1,7876,0.31271311,0.27910828,0.29591069,1,1,245,217,125,126
1,7877,0.32640022,0.29213465,0.30926743,1,1,245,217,125,126
1,7878,0.32486107,0.27910828,0.30198468,1,1,245,217,125,126
1,7879,0.33434027,0.27910828,0.30672427,1,1,245,217,125,126
1,7880,0.33347448,0.31898089,0.32622769,1,1,245,217,125,126
1,7881,0.34921516,0.31898089,0.33409803,1,1,245,217,125,126
1,7882,0.33347448,0.31898089,0.32622769,1,1,245,217,125,126
1,7883,0.34921516,0.31898089,0.33409803,1,1,245,217,125,126
1,7884,0.34921516,0.35294329,0.35107923,1,1,245,217,125,126
1,7885,0.34786682,0.33347448,0.34067065,1,1,245,217,125,126
1,7886,0.34786682,0.29904459,0.32345570,1,1,245,217,125,126
1,7887,0.35020210,0.32039772,0.33529991,1,1,245,217,125,126
1,7888,0.34884995,0.33480727,0.34182861,1,1,245,217,125,126
1,7889,0.32620941,0.33476703,0.33048822,1,1,245,217,125,126
1,7890,0.34786682,0.32146327,0.33466505,1,1,245,217,125,126
1,7891,0.30406057,0.28194194,0.29300126,1,1,245,203,125,126
1,7892,0.30406057,0.29361011,0.29883534,1,1,245,203,125,126
1,7893,0.29065918,0.31418857,0.30242388,1,1,245,203,125,126
1,7894,0.29141381,0.29065918,0.29103650,1,1,245,203,125,126
1,7895,0.30499609,0.28194194,0.29346902,1,1,245,217,125,126
1,7896,0.30560407,0.29361011,0.29960709,1,1,245,217,125,126
1,7897,0.32640022,0.29361011,0.31000516,1,1,245,217,125,126
1,7898,0.32620941,0.29213465,0.30917203,1,1,245,217,125,126
1,7899,0.30455201,0.29361011,0.29908106,1,1,245,217,125,126
1,7900,0.32486107,0.29213465,0.30849786,1,1,245,217,125,126
1,7901,0.32486107,0.29213465,0.30849786,1,1,245,217,125,126
1,7902,0.32620941,0.29213465,0.30917203,1,1,245,217,125,126
1,7903,0.30455201,0.29289311,0.29872256,1,1,245,217,125,126
1,7904,0.32486107,0.29213465,0.30849786,1,1,245,217,125,126
1,7905,0.32620941,0.29213465,0.30917203,1,1,245,217,125,126
1,7906,0.30320367,0.29289311,0.29804839,1,1,245,217,125,126
1,7907,0.30320367,0.29289311,0.29804839,1,1,245,217,125,126
1,7908,0.30455201,0.28261670,0.29358435,1,1,245,217,125,126
1,7909,0.30406057,0.27977626,0.29191842,1,1,245,203,125,126
1,7910,0.30560407,0.27977626,0.29269016,1,1,245,203,125,126
1,7911,0.30474281,0.29141381,0.29807831,1,1,245,203,125,126
1,7912,0.32713134,0.29289311,0.31001222,1,1,245,203,125,126
1,7913,0.34749780,0.27977626,0.31363703,1,1,245,203,125,126
1,7914,0.30560407,0.27977626,0.29269016,1,1,245,203,125,126
1,7915,0.34786682,0.31222908,0.33004795,1,1,245,203,125,126
1,7916,0.30560407,0.29289311,0.29924859,1,1,245,217,125,126
1,7917,0.30560407,0.29976028,0.30268217,1,1,245,203,125,126
1,7918,0.32486107,0.31222908,0.31854508,1,1,245,203,125,126
1,7919,0.30406057,0.33434027,0.31920042,1,1,245,203,125,126
1,7920,0.30560407,0.29289311,0.29924859,1,1,245,203,125,126
1,7921,0.30560407,0.29141381,0.29850894,1,1,245,203,125,126
1,7922,0.28234196,0.27232127,0.27733161,1,1,245,217,125,126
1,7923,0.30406057,0.29289311,0.29847684,1,1,245,203,125,126
1,7924,0.32577919,0.29976028,0.31276973,1,1,245,203,125,126
1,7925,0.32577919,0.29289311,0.30933615,1,1,245,203,125,126
1,7926,0.30406057,0.29141381,0.29773719,1,1,245,203,125,126
1,7927,0.30406057,0.33434027,0.31920042,1,1,245,203,125,126
1,7928,0.34749780,0.29289311,0.32019545,1,1,245,203,125,126
1,7929,0.28154626,0.29289311,0.28721968,1,1,245,217,125,126
1,7930,0.28154626,0.29141381,0.28648004,1,1,245,217,125,126
1,7931,0.30560407,0.26058880,0.28309644,1,1,245,217,125,126
1,7932,0.28308541,0.28052511,0.28180526,1,1,245,217,125,126
1,7933,0.30560407,0.27137328,0.28848867,1,1,245,217,125,126
1,7934,0.30560407,0.26058880,0.28309644,1,1,245,217,125,126
1,7935,0.28333869,0.29289311,0.28811590,1,1,245,217,125,126
1,7936,0.28487783,0.26058880,0.27273332,1,1,245,217,125,126
1,7937,0.31946715,0.26989781,0.29468248,1,1,245,217,125,126
1,7938,0.26062335,0.29213465,0.27637900,1,1,245,217,125,126
1,7939,0.26062335,0.27137328,0.26599831,1,1,245,217,125,126
1,7940,0.31785364,0.29213465,0.30499414,1,1,245,217,125,126
1,7941,0.30406057,0.29213465,0.29809761,1,1,245,217,125,126
1,7942,0.30406057,0.26058880,0.28232469,1,1,245,217,125,126
1,7943,0.30406057,0.26144617,0.28275337,1,1,245,217,125,126
1,7944,0.30406057,0.27137328,0.28771693,1,1,245,217,125,126
1,7945,0.28388546,0.28052511,0.28220528,1,1,245,217,125,126
1,7946,0.28154626,0.27232127,0.27693377,1,1,245,217,125,126
1,7947,0.28308541,0.27207783,0.27758162,1,1,245,217,125,126
1,7948,0.29289311,0.28261670,0.28775490,1,1,245,217,125,126
1,7949,0.29514981,0.29213465,0.29364223,1,1,245,217,125,126
1,7950,0.30406057,0.29361011,0.29883534,1,1,245,217,125,126
1,7951,0.29141381,0.29213465,0.29177423,1,1,245,217,125,126
1,7952,0.26062335,0.29213465,0.27637900,1,1,245,217,125,126
1,7953,0.31785364,0.29213465,0.30499414,1,1,245,217,125,126
1,7954,0.30406057,0.29289311,0.29847684,1,1,245,217,125,126
1,7955,0.30474281,0.29289311,0.29881796,1,1,245,217,125,126
1,7956,0.30406057,0.29361011,0.29883534,1,1,245,217,125,126
1,7957,0.30320367,0.29213465,0.29766916,1,1,245,217,125,126
1,7958,0.28234196,0.29213465,0.28723830,1,1,245,217,125,126
1,7959,0.29514981,0.29213465,0.29364223,1,1,245,217,125,126
1,7960,0.28234196,0.29213465,0.28723830,1,1,245,217,125,126
1,7961,0.30406057,0.29213465,0.29809761,1,1,245,217,125,126
1,7962,0.29514981,0.27059854,0.28287417,1,1,245,217,125,126
1,7963,0.28388546,0.29213465,0.28801005,1,1,245,217,125,126
1,7964,0.30560407,0.29213465,0.29886936,1,1,245,217,125,126
1,7965,0.28234196,0.29213465,0.28723830,1,1,245,217,125,126
1,7966,0.30560407,0.29213465,0.29886936,1,1,245,217,125,126
1,7967,0.30560407,0.29213465,0.29886936,1,1,245,217,125,126
1,7968,0.30406057,0.29213465,0.29809761,1,1,245,217,125,126
1,7969,0.30406057,0.26223879,0.28314968,1,1,245,217,125,126
1,7970,0.28234196,0.29361011,0.28797604,1,1,228,194,150,151
1,7971,0.28413945,0.24146215,0.26280080,1,1,245,217,125,126
1,7972,0.26242084,0.26058880,0.26150482,1,1,245,217,125,126
1,7973,0.28388546,0.28052511,0.28220528,1,1,245,217,125,126
1,7974,0.28388546,0.26082196,0.27235371,1,1,245,217,125,126
1,7975,0.26062335,0.27207783,0.26635059,1,1,245,217,125,126
1,7976,0.26062335,0.26989781,0.26526058,1,1,245,217,125,126
1,7977,0.26062335,0.29065918,0.27564127,1,1,245,217,125,126
1,7978,0.26062335,0.26989781,0.26526058,1,1,245,217,125,126
1,7979,0.26062335,0.27161608,0.26611971,1,1,245,217,125,126
1,7980,0.26062335,0.27137328,0.26599831,1,1,245,217,125,126
1,7981,0.26062335,0.27137328,0.26599831,1,1,245,217,125,126
1,7982,0.26062335,0.26223879,0.26143107,1,1,245,217,125,126
1,7983,0.24978327,0.27207783,0.26093055,1,1,245,217,125,126
1,7984,0.26062335,0.27137328,0.26599831,1,1,245,217,125,126
1,7985,0.26062335,0.27137328,0.26599831,1,1,245,217,125,126
1,7986,0.26062335,0.27137328,0.26599831,1,1,245,217,125,126
1,7987,0.26242084,0.27207783,0.26724934,1,1,245,217,125,126
1,7988,0.28413945,0.29289311,0.28851628,1,1,245,217,125,126
1,7989,0.28308541,0.26121246,0.27214893,1,1,245,217,125,126
1,7990,0.28234196,0.24978327,0.26606261,1,1,245,217,125,126
1,7991,0.28234196,0.26989781,0.27611989,1,1,245,217,125,126
1,7992,0.28415365,0.26121246,0.27268305,1,1,245,217,125,126
1,7993,0.26242084,0.27207783,0.26724934,1,1,245,217,125,126
1,7994,0.28415365,0.25150600,0.26782982,1,1,245,217,125,126
1,7995,0.26062335,0.26242084,0.26152210,1,1,245,217,125,126
1,7996,0.28234196,0.27207783,0.27720990,1,1,245,217,125,126
1,7997,0.26062335,0.24978327,0.25520331,1,1,245,217,125,126
1,7998,0.28234196,0.27207783,0.27720990,1,1,245,217,125,126
1,7999,0.28388546,0.27207783,0.27798165,1,1,245,217,125,126
1,8000,0.28260870,0.25150600,0.26705735,1,1,245,217,125,126
1,8001,0.28234196,0.24088565,0.26161381,1,1,245,217,125,126
1,8002,0.28234196,0.26144617,0.27189407,1,1,245,217,125,126
1,8003,0.30406057,0.27232127,0.28819092,1,1,245,217,125,126
1,8004,0.28234196,0.25085471,0.26659834,1,1,245,217,125,126
1,8005,0.26062335,0.25150600,0.25606467,1,1,245,217,125,126
1,8006,0.26062335,0.24978327,0.25520331,1,1,245,217,125,126
1,8007,0.28388546,0.27207783,0.27798165,1,1,245,217,125,126
1,8008,0.28568295,0.24978327,0.26773311,1,1,245,217,125,126
1,8009,0.26062335,0.27137328,0.26599831,1,1,245,217,125,126
1,8010,0.26242084,0.27232127,0.26737105,1,1,245,217,125,126
1,8011,0.26421833,0.27161608,0.26791721,1,1,245,217,125,126
1,8012,0.26062335,0.27161608,0.26611971,1,1,245,217,125,126
1,8013,0.28234196,0.29213465,0.28723830,1,1,245,217,125,126
1,8014,0.26062335,0.27137328,0.26599831,1,1,245,217,125,126
1,8015,0.26062335,0.27137328,0.26599831,1,1,245,217,125,126
1,8016,0.26062335,0.27137328,0.26599831,1,1,245,217,125,126
1,8017,0.28234196,0.27207783,0.27720990,1,1,245,217,125,126
1,8018,0.27244598,0.27137328,0.27190963,1,1,245,217,125,126
1,8019,0.26062335,0.27137328,0.26599831,1,1,245,217,125,126
1,8020,0.29166667,0.27232127,0.28199397,1,1,245,217,125,126
1,8021,0.29514981,0.25150600,0.27332790,1,1,245,217,125,126
1,8022,0.28234196,0.27207783,0.27720990,1,1,245,217,125,126
1,8023,0.26062335,0.27137328,0.26599831,1,1,245,217,125,126
1,8024,0.28234196,0.27207783,0.27720990,1,1,245,217,125,126
1,8025,0.28260870,0.25150600,0.26705735,1,1,245,217,125,126
1,8026,0.28260870,0.27232127,0.27746498,1,1,245,217,125,126
1,8027,0.26062335,0.25150600,0.25606467,1,1,245,217,125,126
1,8028,0.28260870,0.27207783,0.27734327,1,1,245,217,125,126
1,8029,0.29514981,0.27207783,0.28361382,1,1,245,217,125,126
1,8030,0.26062335,0.27137328,0.26599831,1,1,245,217,125,126
1,8031,0.26062335,0.25257298,0.25659816,1,1,245,217,125,126
1,8032,0.28234196,0.27380056,0.27807126,1,1,245,217,125,126
1,8033,0.28234196,0.27161608,0.27697902,1,1,245,217,125,126
1,8034,0.26062335,0.27232127,0.26647231,1,1,245,217,125,126
1,8035,0.26062335,0.27137328,0.26599831,1,1,245,217,125,126
1,8036,0.23890474,0.25150600,0.24520537,1,1,245,217,125,126
1,8037,0.24092962,0.22896799,0.23494881,1,1,245,217,125,126
1,8038,0.26062335,0.27161608,0.26611971,1,1,245,217,125,126
1,8039,0.26086957,0.24978327,0.25532642,1,1,245,217,125,126
1,8040,0.26062335,0.27232127,0.26647231,1,1,245,217,125,126
1,8041,0.28388546,0.24146215,0.26267381,1,1,245,217,125,126
1,8042,0.26421833,0.26082196,0.26252015,1,1,245,217,125,126
1,8043,0.26242084,0.27161608,0.26701846,1,1,245,217,125,126
1,8044,0.30560407,0.27207783,0.28884095,1,1,245,217,125,126
1,8045,0.28413945,0.25150600,0.26782272,1,1,245,217,125,126
1,8046,0.30560407,0.27207783,0.28884095,1,1,245,217,125,126
1,8047,0.30406057,0.27207783,0.28806920,1,1,245,217,125,126
1,8048,0.30406057,0.29213465,0.29809761,1,1,245,217,125,126
1,8049,0.26421833,0.25085471,0.25753652,1,1,245,217,125,126
1,8050,0.30560407,0.28052511,0.29306459,1,1,245,217,125,126
1,8051,0.30560407,0.28052511,0.29306459,1,1,245,217,125,126
1,8052,0.26242084,0.27161608,0.26701846,1,1,245,217,125,126
1,8053,0.28568295,0.27059854,0.27814074,1,1,245,217,125,126
1,8054,0.30406057,0.27207783,0.28806920,1,1,245,217,125,126
1,8055,0.28234196,0.27207783,0.27720990,1,1,245,217,125,126
1,8056,0.28388546,0.25150600,0.26769573,1,1,245,217,125,126
1,8057,0.30406057,0.25150600,0.27778328,1,1,245,217,125,126
1,8058,0.30560407,0.27059854,0.28810130,1,1,245,217,125,126
1,8059,0.30560407,0.29065918,0.29813163,1,1,245,217,125,126
1,8060,0.28413945,0.24913644,0.26663795,1,1,245,217,125,126
1,8061,0.26062335,0.28333869,0.27198102,1,1,245,217,125,126
1,8062,0.23890474,0.25150600,0.24520537,1,1,245,217,125,126
1,8063,0.23890474,0.22147814,0.23019144,1,1,245,217,125,126
1,8064,0.23913043,0.26242084,0.25077564,1,1,245,217,125,126
1,8065,0.23913043,0.26242084,0.25077564,1,1,245,217,125,126
1,8066,0.23890474,0.25150600,0.24520537,1,1,245,217,125,126
1,8067,0.26062335,0.25085471,0.25573903,1,1,245,217,125,126
1,8068,0.26062335,0.25085471,0.25573903,1,1,245,217,125,126
1,8069,0.30560407,0.29213465,0.29886936,1,1,245,217,125,126
1,8070,0.29514981,0.27309154,0.28412068,1,1,245,217,125,126
1,8071,0.28234196,0.27207783,0.27720990,1,1,245,217,125,126
1,8072,0.29514981,0.27207783,0.28361382,1,1,245,217,125,126
1,8073,0.31785364,0.25150600,0.28467982,1,1,245,217,125,126
1,8074,0.28154626,0.26144617,0.27149622,1,1,245,217,125,126
1,8075,0.30560407,0.27207783,0.28884095,1,1,245,217,125,126
1,8076,0.30560407,0.29361011,0.29960709,1,1,245,217,125,126
1,8077,0.30406057,0.28194194,0.29300126,1,1,245,217,125,126
1,8078,0.34055747,0.29213465,0.31634606,1,1,245,217,125,126
1,8079,0.30406057,0.29213465,0.29809761,1,1,245,217,125,126
1,8080,0.32732268,0.29213465,0.30972866,1,1,245,217,125,126
1,8081,0.32867483,0.29361011,0.31114247,1,1,245,217,125,126
1,8082,0.31687512,0.29213465,0.30450489,1,1,245,217,125,126
1,8083,0.30320367,0.29213465,0.29766916,1,1,245,217,125,126
1,8084,0.30320367,0.29361011,0.29840689,1,1,245,217,125,126
1,8085,0.30474281,0.33347448,0.31910864,1,1,245,217,125,126
1,8086,0.34884995,0.33476703,0.34180849,1,1,245,217,125,126
1,8087,0.34921516,0.33476703,0.34199110,1,1,245,217,125,126
1,8088,0.34884995,0.33476703,0.34180849,1,1,245,217,125,126
1,8089,0.34786682,0.33476703,0.34131693,1,1,245,217,125,126
1,8090,0.34884995,0.33480727,0.34182861,1,1,245,217,125,126
1,8091,0.34921516,0.33476703,0.34199110,1,1,245,217,125,126
1,8092,0.34884995,0.33218192,0.34051594,1,1,245,217,125,126
1,8093,0.34884995,0.31418857,0.33151926,1,1,245,217,125,126
1,8094,0.35020210,0.31772058,0.33396134,1,1,245,217,125,126
1,8095,0.35020210,0.32019315,0.33519763,1,1,245,217,125,126
1,8096,0.34921516,0.31898089,0.33409803,1,1,245,217,125,126
1,8097,0.34786682,0.31898089,0.33342386,1,1,245,217,125,126
1,8098,0.34884995,0.33891720,0.34388358,1,1,245,217,125,126
1,8099,0.32486107,0.27977626,0.30231867,1,1,245,217,125,126
1,8100,0.30560407,0.27977626,0.29269016,1,1,245,217,125,126
1,8101,0.29289311,0.27910828,0.28600069,1,1,245,217,125,126
1,8102,0.29437240,0.29065918,0.29251579,1,1,245,217,125,126
1,8103,0.29289311,0.27910828,0.28600069,1,1,245,217,125,126
1,8104,0.30560407,0.28119648,0.29340027,1,1,245,217,125,126
1,8105,0.30560407,0.26144617,0.28352512,1,1,245,217,125,126
1,8106,0.30560407,0.26144617,0.28352512,1,1,245,217,125,126
1,8107,0.30560407,0.28119648,0.29340027,1,1,245,217,125,126
1,8108,0.30589278,0.26144617,0.28366948,1,1,245,217,125,126
1,8109,0.29289311,0.27207783,0.28248547,1,1,245,217,125,126
1,8110,0.30560407,0.26144617,0.28352512,1,1,245,217,125,126
1,8111,0.30560407,0.26144617,0.28352512,1,1,245,217,125,126
1,8112,0.27231391,0.25150600,0.26190995,1,1,245,217,125,126
1,8113,0.30560407,0.28052511,0.29306459,1,1,245,217,125,126
1,8114,0.30560407,0.26144617,0.28352512,1,1,245,217,125,126
1,8115,0.30406057,0.26082196,0.28244127,1,1,245,217,125,126
1,8116,0.28234196,0.29213465,0.28723830,1,1,245,217,125,126
1,8117,0.28234196,0.29213465,0.28723830,1,1,245,217,125,126
1,8118,0.28234196,0.25150600,0.26692398,1,1,245,203,125,126
1,8119,0.30406057,0.25085471,0.27745764,1,1,245,203,125,126
1,8120,0.23102911,0.21021384,0.22062148,1,1,245,217,125,126
1,8121,0.24105530,0.20815272,0.22460401,1,1,245,217,125,126
1,8122,0.24092962,0.21021384,0.22557173,1,1,245,203,125,126
1,8123,0.22916667,0.20815272,0.21865969,1,1,245,203,125,126
1,8124,0.18181818,0.17658925,0.17920372,1,1,245,217,125,126
1,8125,0.13043478,0.15217391,0.14130435,1,1,245,217,125,126
1,8126,0.13636364,0.13043478,0.13339921,1,1,245,217,125,126
1,8127,0.15217391,0.15570169,0.15393780,1,1,245,217,125,126
1,8128,0.16666667,0.18750000,0.17708333,1,1,245,217,125,126
1,8129,0.18750000,0.18750000,0.18750000,1,1,245,203,125,126
1,8130,0.24070223,0.20815272,0.22442748,1,1,245,203,125,126
1,8131,0.21739130,0.20815272,0.21277201,1,1,245,203,125,126
1,8132,0.26242084,0.24978327,0.25610205,1,1,245,203,125,126
1,8133,0.26242084,0.24978327,0.25610205,1,1,245,203,125,126
1,8134,0.26242084,0.24978327,0.25610205,1,1,245,203,125,126
1,8135,0.26062335,0.25085471,0.25573903,1,1,245,203,125,126
1,8136,0.29289311,0.24088565,0.26688938,1,1,245,203,125,126
1,8137,0.23890474,0.25257298,0.24573886,1,1,245,217,125,126
1,8138,0.25085471,0.24913644,0.24999557,1,1,245,217,125,126
1,8139,0.23890474,0.25085471,0.24487972,1,1,245,217,125,126
1,8140,0.24913644,0.27137328,0.26025486,1,1,245,217,125,126
1,8141,0.26242084,0.25085471,0.25663777,1,1,245,217,125,126
1,8142,0.25150600,0.24978038,0.25064319,1,1,245,217,125,126
1,8143,0.25150600,0.24157736,0.24654168,1,1,245,217,125,126
1,8144,0.25257298,0.25085471,0.25171384,1,1,245,217,125,126
1,8145,0.26989781,0.24088565,0.25539173,1,1,245,217,125,126
1,8146,0.25150600,0.24978038,0.25064319,1,1,245,217,125,126
1,8147,0.25150600,0.23993390,0.24571995,1,1,245,217,125,126
1,8148,0.25322872,0.24157736,0.24740304,1,1,245,217,125,126
1,8149,0.25085471,0.23993390,0.24539430,1,1,245,217,125,126
1,8150,0.25085471,0.25257298,0.25171384,1,1,245,217,125,126
1,8151,0.25988886,0.24253564,0.25121225,1,1,245,217,125,126
1,8152,0.25085471,0.27137328,0.26111399,1,1,245,217,125,126
1,8153,0.27207783,0.25085471,0.26146627,1,1,245,217,125,126
1,8154,0.25988886,0.24978038,0.25483462,1,1,245,217,125,126
1,8155,0.25988886,0.24978038,0.25483462,1,1,245,217,125,126
1,8156,0.25085471,0.27137328,0.26111399,1,1,245,217,125,126
1,8157,0.24978327,0.25085471,0.25031899,1,1,245,217,125,126
1,8158,0.24913644,0.24088565,0.24501105,1,1,245,217,125,126
1,8159,0.26989781,0.24088565,0.25539173,1,1,245,217,125,126
1,8160,0.25988886,0.25085471,0.25537178,1,1,245,217,125,126
1,8161,0.28333869,0.25085471,0.26709670,1,1,245,217,125,126
1,8162,0.26989781,0.25085471,0.26037626,1,1,245,217,125,126
1,8163,0.27137328,0.24088565,0.25612946,1,1,245,217,125,126
1,8164,0.27059854,0.24253564,0.25656709,1,1,245,217,125,126
1,8165,0.25085471,0.25085471,0.25085471,1,1,245,217,125,126
1,8166,0.25150600,0.25085471,0.25118035,1,1,245,217,125,126
1,8167,0.29289311,0.25085471,0.27187391,1,1,245,217,125,126
1,8168,0.30406057,0.24088565,0.27247311,1,1,245,217,125,126
1,8169,0.28413945,0.24088565,0.26251255,1,1,245,217,125,126
1,8170,0.29437240,0.25085471,0.27261356,1,1,245,217,125,126
1,8171,0.29289311,0.27137328,0.28213319,1,1,245,217,125,126
1,8172,0.25322872,0.28052511,0.26687692,1,1,245,217,125,126
1,8173,0.29289311,0.24088565,0.26688938,1,1,245,217,125,126
1,8174,0.29289311,0.26082196,0.27685753,1,1,245,217,125,126
1,8175,0.25322872,0.24253564,0.24788218,1,1,245,217,125,126
1,8176,0.26062335,0.22127345,0.24094840,1,1,245,217,125,126
1,8177,0.21657405,0.20133714,0.20895559,1,1,245,217,125,126
1,8178,0.26062335,0.20966948,0.23514642,1,1,245,217,125,126
1,8179,0.26062335,0.23009334,0.24535834,1,1,245,217,125,126
1,8180,0.23009334,0.25085471,0.24047402,1,1,245,217,125,126
1,8181,0.24913644,0.24088565,0.24501105,1,1,245,217,125,126
1,8182,0.25150600,0.25150600,0.25150600,1,1,245,217,125,126
1,8183,0.25150600,0.24088565,0.24619582,1,1,245,217,125,126
1,8184,0.27232127,0.23980822,0.25606474,1,1,245,217,125,126
1,8185,0.24913644,0.24253564,0.24583604,1,1,245,217,125,126
1,8186,0.23043085,0.20133714,0.21588400,1,1,245,217,125,126
1,8187,0.24913644,0.22127345,0.23520494,1,1,245,217,125,126
1,8188,0.22896799,0.19984019,0.21440409,1,1,245,217,125,126
1,8189,0.25085471,0.25150600,0.25118035,1,1,245,217,125,126
1,8190,0.25150600,0.25150600,0.25150600,1,1,245,217,125,126
1,8191,0.25150600,0.25150600,0.25150600,1,1,245,217,125,126
1,8192,0.25150600,0.25150600,0.25150600,1,1,245,217,125,126
1,8193,0.25150600,0.24146215,0.24648407,1,1,245,217,125,126
1,8194,0.26242084,0.24978327,0.25610205,1,1,245,217,125,126
1,8195,0.26062335,0.22180301,0.24121318,1,1,245,217,125,126
1,8196,0.24978327,0.24146215,0.24562271,1,1,245,217,125,126
1,8197,0.24978327,0.23980822,0.24479574,1,1,245,217,125,126
1,8198,0.23890474,0.22094935,0.22992704,1,1,245,217,125,126
1,8199,0.25150600,0.24088565,0.24619582,1,1,245,217,125,126
1,8200,0.25150600,0.22180301,0.23665450,1,1,245,217,125,126
1,8201,0.24978327,0.22180301,0.23579314,1,1,245,217,125,126
1,8202,0.25322872,0.22180301,0.23751587,1,1,245,217,125,126
1,8203,0.23069072,0.20761370,0.21915221,1,1,245,217,125,126
1,8204,0.24978327,0.23069072,0.24023700,1,1,245,217,125,126
1,8205,0.26062335,0.23069072,0.24565704,1,1,245,217,125,126
1,8206,0.21021384,0.20966948,0.20994166,1,1,245,217,125,126
1,8207,0.23890474,0.22896799,0.23393637,1,1,245,217,125,126
1,8208,0.21718612,0.21227496,0.21473054,1,1,245,217,125,126
1,8209,0.25150600,0.21982420,0.23566510,1,1,245,217,125,126
1,8210,0.25150600,0.21021384,0.23085992,1,1,245,217,125,126
1,8211,0.26062335,0.22896799,0.24479567,1,1,245,217,125,126
1,8212,0.26062335,0.22896799,0.24479567,1,1,245,217,125,126
1,8213,0.25150600,0.23102911,0.24126755,1,1,245,217,125,126
1,8214,0.26062335,0.25085471,0.25573903,1,1,245,217,125,126
1,8215,0.26062335,0.25150600,0.25606467,1,1,245,217,125,126
1,8216,0.26062335,0.25322872,0.25692604,1,1,245,217,125,126
1,8217,0.26062335,0.25085471,0.25573903,1,1,245,217,125,126
1,8218,0.26062335,0.25150600,0.25606467,1,1,245,217,125,126
1,8219,0.26062335,0.25150600,0.25606467,1,1,245,217,125,126
1,8220,0.26062335,0.25322872,0.25692604,1,1,245,217,125,126
1,8221,0.26062335,0.25322872,0.25692604,1,1,245,217,125,126
1,8222,0.26062335,0.23275184,0.24668760,1,1,245,217,125,126
1,8223,0.26242084,0.25150600,0.25696342,1,1,245,217,125,126
1,8224,0.26168128,0.25322872,0.25745500,1,1,245,217,125,126
1,8225,0.28388546,0.25322872,0.26855709,1,1,245,217,125,126
1,8226,0.26421833,0.24146215,0.25284024,1,1,245,217,125,126
1,8227,0.25988886,0.24088565,0.25038726,1,1,245,217,125,126
1,8228,0.26347371,0.25085471,0.25716421,1,1,245,217,125,126
1,8229,0.26168128,0.25257298,0.25712713,1,1,245,217,125,126
1,8230,0.30474281,0.29213465,0.29843873,1,1,245,217,125,126
1,8231,0.30474281,0.29213465,0.29843873,1,1,245,217,125,126
1,8232,0.34786682,0.33333333,0.34060008,1,1,245,217,125,126
1,8233,0.34786682,0.33333333,0.34060008,1,1,245,217,125,126
1,8234,0.34786682,0.33333333,0.34060008,1,1,245,217,125,126
1,8235,0.32620941,0.31418857,0.32019899,1,1,245,217,125,126
1,8236,0.32640022,0.33476703,0.33058363,1,1,245,217,125,126
1,8237,0.31289602,0.33476703,0.32383153,1,1,245,217,125,126
1,8238,0.33347448,0.33476703,0.33412076,1,1,245,217,125,126
1,8239,0.33347448,0.33476703,0.33412076,1,1,245,217,125,126
1,8240,0.29213465,0.29213465,0.29213465,1,1,245,217,125,126
1,8241,0.25085471,0.25085471,0.25085471,1,1,245,217,125,126
1,8242,0.29361011,0.24253564,0.26807287,1,1,245,217,125,126
1,8243,0.29065918,0.24088565,0.26577242,1,1,245,217,125,126
1,8244,0.25085471,0.25085471,0.25085471,1,1,245,217,125,126
1,8245,0.23823145,0.24088565,0.23955855,1,1,245,217,125,126
1,8246,0.25988886,0.24088565,0.25038726,1,1,245,217,125,126
1,8247,0.25988886,0.25085471,0.25537178,1,1,245,217,125,126
1,8248,0.23890474,0.23214912,0.23552693,1,1,245,217,125,126
1,8249,0.25988886,0.25150600,0.25569743,1,1,245,217,125,126
1,8250,0.26242084,0.29213465,0.27727774,1,1,245,217,125,126
1,8251,0.28413945,0.28052511,0.28233228,1,1,245,217,125,126
1,8252,0.29289311,0.28194194,0.28741752,1,1,245,217,125,126
1,8253,0.29289311,0.28194194,0.28741752,1,1,245,217,125,126
1,8254,0.26168128,0.27161608,0.26664868,1,1,245,217,125,126
1,8255,0.28154626,0.24146215,0.26150421,1,1,245,217,125,126
1,8256,0.26242084,0.27309154,0.26775619,1,1,245,217,125,126
1,8257,0.29141381,0.28052511,0.28596946,1,1,245,217,125,126
1,8258,0.30474281,0.25257298,0.27865789,1,1,245,217,125,126
1,8259,0.26168128,0.25085471,0.25626800,1,1,245,217,125,126
1,8260,0.28308541,0.25085471,0.26697006,1,1,245,217,125,126
1,8261,0.30560407,0.28052511,0.29306459,1,1,245,217,125,126
1,8262,0.30560407,0.26082196,0.28321301,1,1,245,217,125,126
1,8263,0.30406057,0.27137328,0.28771693,1,1,245,217,125,126
1,8264,0.30406057,0.27161608,0.28783833,1,1,245,217,125,126
1,8265,0.30474281,0.27309154,0.28891718,1,1,245,217,125,126
1,8266,0.29213465,0.27309154,0.28261310,1,1,245,217,125,126
1,8267,0.26989781,0.26223879,0.26606830,1,1,245,217,125,126
1,8268,0.29213465,0.25149129,0.27181297,1,1,245,217,125,126
1,8269,0.29065918,0.29361011,0.29213465,1,1,245,217,125,126
1,8270,0.30474281,0.28194194,0.29334238,1,1,245,217,125,126
1,8271,0.29065918,0.28194194,0.28630056,1,1,245,217,125,126
1,8272,0.30406057,0.29361011,0.29883534,1,1,245,217,125,126
1,8273,0.29065918,0.29361011,0.29213465,1,1,245,217,125,126
1,8274,0.28154626,0.25257298,0.26705962,1,1,245,217,125,126
1,8275,0.30474281,0.29361011,0.29917646,1,1,245,217,125,126
1,8276,0.30320367,0.27309154,0.28814761,1,1,245,217,125,126
1,8277,0.28154626,0.25150600,0.26652613,1,1,245,217,125,126
1,8278,0.25988886,0.24088565,0.25038726,1,1,245,217,125,126
1,8279,0.25085471,0.25322872,0.25204172,1,1,245,217,125,126
1,8280,0.28487783,0.29213465,0.28850624,1,1,245,217,125,126
1,8281,0.29437240,0.29213465,0.29325352,1,1,245,217,125,126
1,8282,0.30474281,0.28052511,0.29263396,1,1,245,217,125,126
1,8283,0.27161608,0.27161608,0.27161608,1,1,245,217,125,126
1,8284,0.25085471,0.24088565,0.24587018,1,1,245,217,125,126
1,8285,0.28388546,0.27207783,0.27798165,1,1,245,217,125,126
1,8286,0.26168128,0.25150600,0.25659364,1,1,245,217,125,126
1,8287,0.28308541,0.25257298,0.26782919,1,1,245,217,125,126
1,8288,0.30560407,0.25257298,0.27908852,1,1,245,217,125,126
1,8289,0.26168128,0.25257298,0.25712713,1,1,245,217,125,126
1,8290,0.28308541,0.27137328,0.27722934,1,1,245,217,125,126
1,8291,0.30474281,0.25085471,0.27779876,1,1,245,217,125,126
1,8292,0.30474281,0.27137328,0.28805804,1,1,245,217,125,126
1,8293,0.30474281,0.29213465,0.29843873,1,1,245,217,125,126
1,8294,0.31142055,0.29361011,0.30251533,1,1,245,217,125,126
1,8295,0.32487995,0.28194194,0.30341094,1,1,245,217,125,126
1,8296,0.31284300,0.31142055,0.31213178,1,1,245,217,125,126
1,8297,0.31284300,0.33476703,0.32380502,1,1,245,217,125,126
1,8298,0.36952422,0.32146327,0.34549375,1,1,245,217,125,126
1,8299,0.33347448,0.32146327,0.32746888,1,1,245,217,125,126
1,8300,0.35409317,0.35963529,0.35686423,1,1,245,217,125,126
1,8301,0.36937539,0.35853547,0.36395543,1,1,245,217,125,126
1,8302,0.37072373,0.35963529,0.36517951,1,1,245,217,125,126
1,8303,0.36646104,0.35963529,0.36304816,1,1,245,217,125,126
1,8304,0.37072373,0.34126257,0.35599315,1,1,245,217,125,126
1,8305,0.36899702,0.35963529,0.36431615,1,1,245,217,125,126
1,8306,0.39040541,0.37439412,0.38239976,1,1,245,217,125,126
1,8307,0.36899702,0.37439412,0.37169557,1,1,245,217,125,126
1,8308,0.36899702,0.35538573,0.36219137,1,1,245,217,125,126
1,8309,0.36899702,0.38088832,0.37494267,1,1,245,217,125,126
1,8310,0.37439412,0.36106187,0.36772799,1,1,245,217,125,126
1,8311,0.36765496,0.36106187,0.36435841,1,1,245,217,125,126
1,8312,0.41064924,0.38088832,0.39576878,1,1,245,217,125,126
1,8313,0.39103279,0.35963529,0.37533404,1,1,245,217,125,126
1,8314,0.36780310,0.37439412,0.37109861,1,1,245,217,125,126
1,8315,0.41064924,0.36106187,0.38585555,1,1,245,217,125,126
1,8316,0.39103279,0.37600442,0.38351861,1,1,245,217,125,126
1,8317,0.41377037,0.36106187,0.38741612,1,1,245,217,125,126
1,8318,0.35538573,0.34126257,0.34832415,1,1,245,217,125,126
1,8319,0.39103279,0.37989399,0.38546339,1,1,245,217,125,126
1,8320,0.37600442,0.40071477,0.38835960,1,1,245,217,125,126
1,8321,0.37072373,0.36106187,0.36589280,1,1,245,217,125,126
1,8322,0.37072373,0.37600442,0.37336408,1,1,245,217,125,126
1,8323,0.36899702,0.41626288,0.39262995,1,1,245,217,125,126
1,8324,0.37072373,0.39665139,0.38368756,1,1,245,217,125,126
1,8325,0.37072373,0.37600442,0.37336408,1,1,245,217,125,126
1,8326,0.39223230,0.37485454,0.38354342,1,1,245,217,125,126
1,8327,0.37072373,0.37600442,0.37336408,1,1,245,217,125,126
1,8328,0.36899702,0.39972044,0.38435873,1,1,245,217,125,126
1,8329,0.36780310,0.39550151,0.38165230,1,1,245,203,125,126
1,8330,0.36899702,0.35538573,0.36219137,1,1,245,203,125,126
1,8331,0.36899702,0.35995769,0.36447735,1,1,245,203,125,126
1,8332,0.36899702,0.33347448,0.35123575,1,1,245,203,125,126
1,8333,0.39040541,0.37485454,0.38262998,1,1,245,203,125,126
1,8334,0.39040541,0.37600442,0.38320492,1,1,245,203,125,126
1,8335,0.39103279,0.37600442,0.38351861,1,1,245,203,125,126
1,8336,0.37072373,0.37600442,0.37336408,1,1,245,203,125,126
1,8337,0.38921149,0.37600442,0.38260796,1,1,245,203,125,126
1,8338,0.37324916,0.35995769,0.36660342,1,1,245,203,125,126
1,8339,0.36899702,0.36106187,0.36502945,1,1,245,203,125,126
1,8340,0.35386372,0.35995769,0.35691071,1,1,245,203,125,126
1,8341,0.35257670,0.35995769,0.35626720,1,1,245,203,125,126
1,8342,0.37439412,0.35853547,0.36646479,1,1,245,203,125,126
1,8343,0.39550151,0.35995769,0.37772960,1,1,245,203,125,126
1,8344,0.39665139,0.35995769,0.37830454,1,1,245,203,125,126
1,8345,0.41184316,0.35995769,0.38590042,1,1,245,203,125,126
1,8346,0.37324916,0.34015839,0.35670377,1,1,245,203,125,126
1,8347,0.35386372,0.35995769,0.35691071,1,1,245,203,125,126
1,8348,0.36899702,0.33347448,0.35123575,1,1,245,203,125,126
1,8349,0.39040541,0.35995769,0.37518155,1,1,245,203,125,126
1,8350,0.36780310,0.33347448,0.35063879,1,1,245,203,125,126
1,8351,0.38921149,0.36106187,0.37513668,1,1,245,203,125,126
1,8352,0.38921149,0.35995769,0.37458459,1,1,245,203,125,126
1,8353,0.37439412,0.41729836,0.39584624,1,1,245,203,125,126
1,8354,0.36765496,0.35538573,0.36152034,1,1,245,203,125,126
1,8355,0.35409317,0.32022208,0.33715763,1,1,245,203,125,126
1,8356,0.41184316,0.33891720,0.37538018,1,1,245,203,125,126
1,8357,0.39495266,0.37989399,0.38742333,1,1,245,203,125,126
1,8358,0.41184316,0.35995769,0.38590042,1,1,245,217,125,126
1,8359,0.38546993,0.36106187,0.37326590,1,1,245,217,125,126
1,8360,0.38546993,0.35995769,0.37271381,1,1,245,217,125,126
1,8361,0.41184316,0.35995769,0.38590042,1,1,245,217,125,126
1,8362,0.37439412,0.37485454,0.37462433,1,1,245,203,125,126
1,8363,0.36899702,0.37467490,0.37183596,1,1,245,203,125,126
1,8364,0.35409317,0.37698063,0.36553690,1,1,245,203,125,126
1,8365,0.41269020,0.39768121,0.40518570,1,1,245,203,125,126
1,8366,0.41184316,0.37467490,0.39325903,1,1,245,203,125,126
1,8367,0.41377037,0.37698063,0.39537550,1,1,245,203,125,126
1,8368,0.40991806,0.39561591,0.40276699,1,1,228,194,150,151
1,8369,0.41377037,0.37969635,0.39673336,1,1,228,194,150,151
1,8370,0.47746825,0.43815888,0.45781357,1,1,228,194,150,151
1,8371,0.43220577,0.39652834,0.41436705,1,1,228,194,150,151
1,8372,0.39040541,0.38069306,0.38554923,1,1,228,194,150,151
1,8373,0.41184316,0.38069306,0.39626811,1,1,228,194,150,151
1,8374,0.41184316,0.38080318,0.39632317,1,1,228,194,150,151
1,8375,0.43022883,0.39652834,0.41337858,1,1,228,194,150,151
1,8376,0.43022883,0.37615387,0.40319135,1,1,228,194,150,151
1,8377,0.36899702,0.36110771,0.36505236,1,1,228,194,150,151
1,8378,0.43022883,0.39664304,0.41343593,1,1,228,194,150,151
1,8379,0.43022883,0.41734361,0.42378622,1,1,228,194,150,151
1,8380,0.43392550,0.38080318,0.40736434,1,1,228,194,150,151
1,8381,0.43022883,0.41630544,0.42326714,1,1,228,194,150,151
1,8382,0.43022883,0.40099751,0.41561317,1,1,228,194,150,151
1,8383,0.43356531,0.39698720,0.41527625,1,1,228,194,150,151
1,8384,0.41184316,0.39549017,0.40366666,1,1,228,194,150,151
1,8385,0.40863986,0.39664304,0.40264145,1,1,228,194,150,151
1,8386,0.43022883,0.38110771,0.40566827,1,1,228,194,150,151
1,8387,0.45031532,0.38099751,0.41565641,1,1,228,194,150,151
1,8388,0.43022883,0.39583333,0.41303108,1,1,228,194,150,151
1,8389,0.44944409,0.38099751,0.41522080,1,1,228,194,150,151
1,8390,0.40863986,0.35971233,0.38417610,1,1,228,194,150,151
1,8391,0.43022883,0.36000000,0.39511441,1,1,228,194,150,151
1,8392,0.43022883,0.36000000,0.39511441,1,1,228,194,150,151
1,8393,0.40496916,0.38069306,0.39283111,1,1,228,194,150,151
1,8394,0.40863986,0.36110771,0.38487379,1,1,228,194,150,151
1,8395,0.41184316,0.38000000,0.39592158,1,1,228,194,150,151
1,8396,0.43022883,0.36000000,0.39511441,1,1,228,194,150,151
1,8397,0.43392550,0.37500000,0.40446275,1,1,228,194,150,151
1,8398,0.43022883,0.36000000,0.39511441,1,1,228,194,150,151
1,8399,0.43392550,0.38099751,0.40746150,1,1,228,194,150,151
1,8400,0.39040541,0.40000000,0.39520270,1,1,245,203,125,126
1,8401,0.39040541,0.35416667,0.37228604,1,1,245,203,125,126
1,8402,0.39040541,0.36110771,0.37575656,1,1,245,203,125,126
1,8403,0.43022883,0.38000000,0.40511441,1,1,228,194,150,151
1,8404,0.41184316,0.38000000,0.39592158,1,1,228,194,150,151
1,8405,0.41184316,0.39968037,0.40576176,1,1,228,194,150,151
1,8406,0.43022883,0.39583333,0.41303108,1,1,228,194,150,151
1,8407,0.43022883,0.40099751,0.41561317,1,1,228,194,150,151
1,8408,0.40783405,0.36000000,0.38391702,1,1,228,194,150,151
1,8409,0.43022883,0.38099751,0.40561317,1,1,228,194,150,151
1,8410,0.43022883,0.38099751,0.40561317,1,1,228,194,150,151
1,8411,0.40786471,0.39687240,0.40236856,1,1,228,194,150,151
1,8412,0.43022883,0.37615387,0.40319135,1,1,228,194,150,151
1,8413,0.40499961,0.37615387,0.39057674,1,1,228,194,150,151
1,8414,0.40496916,0.36000000,0.38248458,1,1,228,194,150,151
1,8415,0.40863986,0.37500000,0.39181993,1,1,228,194,150,151
1,8416,0.43022883,0.39583333,0.41303108,1,1,228,194,150,151
1,8417,0.43022883,0.38000000,0.40511441,1,1,228,194,150,151
1,8418,0.43022883,0.38110771,0.40566827,1,1,228,194,150,151
1,8419,0.40783405,0.36000000,0.38391702,1,1,228,194,150,151
1,8420,0.41184316,0.38000000,0.39592158,1,1,228,194,150,151
1,8421,0.41184316,0.37969635,0.39576975,1,1,228,194,150,151
1,8422,0.38276214,0.36000000,0.37138107,1,1,228,194,150,151
1,8423,0.40496916,0.40099751,0.40298333,1,1,228,194,150,151
1,8424,0.38546993,0.36081916,0.37314455,1,1,228,194,150,151
1,8425,0.38546993,0.38110771,0.38328882,1,1,228,194,150,151
1,8426,0.38921149,0.38099751,0.38510450,1,1,228,194,150,151
1,8427,0.41184316,0.37582777,0.39383546,1,1,228,194,150,151
1,8428,0.41184316,0.35971233,0.38577775,1,1,228,194,150,151
1,8429,0.43356531,0.39583333,0.41469932,1,1,228,194,150,151
1,8430,0.43022883,0.38000000,0.40511441,1,1,228,194,150,151
1,8431,0.42359308,0.37500000,0.39929654,1,1,228,194,150,151
1,8432,0.40346672,0.33333333,0.36840003,1,1,228,194,150,151
1,8433,0.26242084,0.24978327,0.25610205,1,1,245,203,125,126
1,8434,0.20594664,0.19491664,0.20043164,1,1,228,194,150,151
1,8435,0.19047619,0.17592538,0.18320079,1,1,228,194,150,151
1,8436,0.24171672,0.21718612,0.22945142,1,1,228,194,150,151
1,8437,0.27348050,0.26062335,0.26705192,1,1,228,194,150,151
1,8438,0.33520078,0.30434783,0.31977430,1,1,228,194,150,151
1,8439,0.33778301,0.31250000,0.32514150,1,1,228,194,150,151
1,8440,0.36355214,0.33563618,0.34959416,1,1,228,194,150,151
1,8441,0.38743967,0.34000000,0.36371983,1,1,228,194,150,151
1,8442,0.38546993,0.34000000,0.36273497,1,1,228,194,150,151
1,8443,0.38743967,0.32000000,0.35371983,1,1,228,194,150,151
1,8444,0.38546993,0.33333333,0.35940163,1,1,228,194,150,151
1,8445,0.36355214,0.34000000,0.35177607,1,1,245,203,125,126
1,8446,0.34624657,0.32000000,0.33312328,1,1,245,203,125,126
1,8447,0.34758863,0.32000000,0.33379431,1,1,245,203,125,126
1,8448,0.34624657,0.32000000,0.33312328,1,1,245,203,125,126
1,8449,0.34786682,0.32000000,0.33393341,1,1,245,203,125,126
1,8450,0.36952422,0.34000000,0.35476211,1,1,245,203,125,126
1,8451,0.34921516,0.32000000,0.33460758,1,1,245,203,125,126
1,8452,0.36170385,0.31250000,0.33710192,1,1,228,194,150,151
1,8453,0.34786682,0.32000000,0.33393341,1,1,228,194,150,151
1,8454,0.34921516,0.30000000,0.32460758,1,1,228,194,150,151
1,8455,0.34921516,0.33333333,0.34127425,1,1,245,203,125,126
1,8456,0.34786682,0.32000000,0.33393341,1,1,245,203,125,126
1,8457,0.34786682,0.30000000,0.32393341,1,1,245,203,125,126
1,8458,0.34921516,0.30000000,0.32460758,1,1,245,203,125,126
1,8459,0.34884995,0.30000000,0.32442498,1,1,228,194,150,151
1,8460,0.30474281,0.31974430,0.31224355,1,1,228,194,150,151
1,8461,0.34786682,0.30000000,0.32393341,1,1,228,194,150,151
1,8462,0.34884995,0.33333333,0.34109164,1,1,228,194,150,151
1,8463,0.34884995,0.30000000,0.32442498,1,1,228,194,150,151
1,8464,0.33434027,0.33972831,0.33703429,1,1,228,194,150,151
1,8465,0.34921516,0.32249031,0.33585274,1,1,228,194,150,151
1,8466,0.34786682,0.29976028,0.32381355,1,1,228,194,150,151
1,8467,0.34786682,0.31974430,0.33380556,1,1,228,194,150,151
1,8468,0.34884995,0.30000000,0.32442498,1,1,228,194,150,151
1,8469,0.36608828,0.31222908,0.33915868,1,1,228,194,150,151
1,8470,0.30714756,0.28261670,0.29488213,1,1,228,194,150,151
1,8471,0.31785364,0.31222908,0.31504136,1,1,228,194,150,151
1,8472,0.34090909,0.31370838,0.32730874,1,1,228,194,150,151
1,8473,0.30434783,0.29289311,0.29862047,1,1,228,194,150,151
1,8474,0.34090909,0.29437240,0.31764075,1,1,228,194,150,151
1,8475,0.30560407,0.31500429,0.31030418,1,1,228,194,150,151
1,8476,0.31818182,0.29437240,0.30627711,1,1,228,194,150,151
1,8477,0.30560407,0.30242466,0.30401436,1,1,228,194,150,151
1,8478,0.28595284,0.27207783,0.27901534,1,1,245,203,125,126
1,8479,0.29514981,0.28119648,0.28817314,1,1,245,203,125,126
1,8480,0.30406057,0.29289311,0.29847684,1,1,245,203,125,126
1,8481,0.26062335,0.27059854,0.26561094,1,1,245,203,125,126
1,8482,0.28260870,0.28261670,0.28261270,1,1,245,203,125,126
1,8483,0.29864235,0.25150600,0.27507417,1,1,245,203,125,126
1,8484,0.27272727,0.27232127,0.27252427,1,1,245,203,125,126
1,8485,0.26242084,0.27137328,0.26689706,1,1,245,203,125,126
1,8486,0.30406057,0.30406057,0.30406057,1,1,245,203,125,126
1,8487,0.30406057,0.27207783,0.28806920,1,1,245,203,125,126
1,8488,0.31785364,0.27207783,0.29496574,1,1,245,203,125,126
1,8489,0.30434783,0.29141381,0.29788082,1,1,245,203,125,126
1,8490,0.29545455,0.27059854,0.28302654,1,1,245,203,125,126
1,8491,0.28260870,0.27059854,0.27660362,1,1,245,203,125,126
1,8492,0.29514981,0.24146215,0.26830598,1,1,245,203,125,126
1,8493,0.31785364,0.27059854,0.29422609,1,1,245,203,125,126
1,8494,0.29514981,0.27059854,0.28287417,1,1,245,203,125,126
1,8495,0.29514981,0.27232127,0.28373554,1,1,245,203,125,126
1,8496,0.29706972,0.31352500,0.30529736,1,1,228,194,150,151
1,8497,0.29514981,0.25150600,0.27332790,1,1,245,203,125,126
1,8498,0.28415365,0.25979224,0.27197294,1,1,245,203,125,126
1,8499,0.28260870,0.27059854,0.27660362,1,1,245,203,125,126
1,8500,0.28568295,0.27207783,0.27888039,1,1,245,203,125,126
1,8501,0.28413945,0.24978327,0.26696136,1,1,245,203,125,126
1,8502,0.26086957,0.27083333,0.26585145,1,1,245,203,125,126
1,8503,0.27272727,0.24978327,0.26125527,1,1,228,194,150,151
1,8504,0.28260870,0.26989781,0.27625325,1,1,245,203,125,126
1,8505,0.28260870,0.28052511,0.28156690,1,1,228,194,150,151
1,8506,0.28260870,0.26989781,0.27625325,1,1,245,203,125,126
1,8507,0.29895069,0.25979224,0.27937147,1,1,228,194,150,151
1,8508,0.30589278,0.29289311,0.29939294,1,1,245,203,125,126
1,8509,0.29545455,0.27059854,0.28302654,1,1,245,203,125,126
1,8510,0.28440789,0.27207783,0.27824286,1,1,228,194,150,151
1,8511,0.29895069,0.27232127,0.28563598,1,1,245,203,125,126
1,8512,0.28260870,0.26989781,0.27625325,1,1,245,203,125,126
1,8513,0.31979700,0.27207783,0.29593742,1,1,245,203,125,126
1,8514,0.29545455,0.25979224,0.27762339,1,1,245,203,125,126
1,8515,0.28440789,0.29289311,0.28865050,1,1,245,203,125,126
1,8516,0.30434783,0.27207783,0.28821283,1,1,245,203,125,126
1,8517,0.28260870,0.25979224,0.27120047,1,1,245,203,125,126
1,8518,0.30434783,0.25979224,0.28207003,1,1,245,203,125,126
1,8519,0.30434783,0.26144617,0.28289700,1,1,245,203,125,126
1,8520,0.30589278,0.29141381,0.29865329,1,1,245,203,125,126
1,8521,0.28260870,0.30118050,0.29189460,1,1,245,203,125,126
1,8522,0.30589278,0.31370838,0.30980058,1,1,245,203,125,126
1,8523,0.30434783,0.27059854,0.28747318,1,1,245,203,125,126
1,8524,0.29314725,0.27059854,0.28187289,1,1,245,203,125,126
1,8525,0.28260870,0.29361011,0.28810940,1,1,245,203,125,126
1,8526,0.28260870,0.26989781,0.27625325,1,1,245,203,125,126
1,8527,0.28413945,0.29289311,0.28851628,1,1,245,203,125,126
1,8528,0.30406057,0.29141381,0.29773719,1,1,245,203,125,126
1,8529,0.28413945,0.29213465,0.28813705,1,1,245,203,125,126
1,8530,0.30406057,0.30242466,0.30324262,1,1,245,203,125,126
1,8531,0.30406057,0.29141381,0.29773719,1,1,245,203,125,126
1,8532,0.30434783,0.25979224,0.28207003,1,1,245,203,125,126
1,8533,0.28234196,0.25979224,0.27106710,1,1,245,203,125,126
1,8534,0.30434783,0.27910828,0.29172805,1,1,245,203,125,126
1,8535,0.28415365,0.29065918,0.28740641,1,1,245,203,125,126
1,8536,0.30406057,0.29289311,0.29847684,1,1,245,203,125,126
1,8537,0.30406057,0.29213465,0.29809761,1,1,245,203,125,126
1,8538,0.30560407,0.29289311,0.29924859,1,1,245,203,125,126
1,8539,0.30560407,0.29213465,0.29886936,1,1,245,203,125,126
1,8540,0.28415365,0.29289311,0.28852338,1,1,245,203,125,126
1,8541,0.30434783,0.29289311,0.29862047,1,1,245,203,125,126
1,8542,0.29895069,0.29065918,0.29480494,1,1,245,203,125,126
1,8543,0.31979700,0.29289311,0.30634505,1,1,245,203,125,126
1,8544,0.30406057,0.29361011,0.29883534,1,1,245,203,125,126
1,8545,0.32763191,0.31418857,0.32091024,1,1,245,203,125,126
1,8546,0.38596513,0.33476703,0.36036608,1,1,245,203,125,126
1,8547,0.34884995,0.33476703,0.34180849,1,1,245,203,125,126
1,8548,0.35501249,0.33476703,0.34488976,1,1,245,203,125,126
1,8549,0.35501249,0.33476703,0.34488976,1,1,245,203,125,126
1,8550,0.35501249,0.33476703,0.34488976,1,1,245,203,125,126
1,8551,0.35409317,0.37600442,0.36504880,1,1,245,203,125,126
1,8552,0.37582777,0.37600442,0.37591609,1,1,245,203,125,126
1,8553,0.40992643,0.37439412,0.39216027,1,1,245,203,125,126
1,8554,0.39334082,0.37600442,0.38467262,1,1,245,203,125,126
1,8555,0.37041931,0.35963529,0.36502730,1,1,245,203,125,126
1,8556,0.39334082,0.36106187,0.37720135,1,1,245,203,125,126
1,8557,0.34921516,0.33476703,0.34199110,1,1,245,203,125,126
1,8558,0.34786682,0.34921516,0.34854099,1,1,245,203,125,126
1,8559,0.36952422,0.35538573,0.36245498,1,1,245,203,125,126
1,8560,0.34786682,0.33476703,0.34131693,1,1,245,203,125,126
1,8561,0.37056856,0.36106187,0.36581522,1,1,245,203,125,126
1,8562,0.39334082,0.35995769,0.37664925,1,1,245,203,125,126
1,8563,0.39213792,0.37485454,0.38349623,1,1,245,203,125,126
1,8564,0.39334082,0.36106187,0.37720135,1,1,245,203,125,126
1,8565,0.36817588,0.35423585,0.36120586,1,1,245,203,125,126
1,8566,0.39213792,0.33218192,0.36215992,1,1,245,203,125,126
1,8567,0.39213792,0.35538573,0.37376183,1,1,245,203,125,126
1,8568,0.39334082,0.33218192,0.36276137,1,1,245,203,125,126
1,8569,0.39223230,0.37499722,0.38361476,1,1,245,203,125,126
1,8570,0.39223230,0.31898089,0.35560660,1,1,245,203,125,126
1,8571,0.36952422,0.33476703,0.35214563,1,1,245,203,125,126
1,8572,0.39213792,0.37600442,0.38407117,1,1,245,203,125,126
1,8573,0.38603053,0.41626288,0.40114671,1,1,245,203,125,126
1,8574,0.39093502,0.35294329,0.37193916,1,1,245,203,125,126
1,8575,0.38983329,0.37600442,0.38291885,1,1,245,203,125,126
1,8576,0.38983329,0.37600442,0.38291885,1,1,245,203,125,126
1,8577,0.39550151,0.37439412,0.38494781,1,1,245,203,125,126
1,8578,0.39334082,0.35409317,0.37371700,1,1,245,203,125,126
1,8579,0.39103279,0.36081916,0.37592598,1,1,245,203,125,126
1,8580,0.41373686,0.41626288,0.41499987,1,1,245,203,125,126
1,8581,0.38983329,0.37485454,0.38234391,1,1,245,203,125,126
1,8582,0.38983329,0.37698063,0.38340696,1,1,245,203,125,126
1,8583,0.38983329,0.39665139,0.39324234,1,1,245,203,125,126
1,8584,0.36817588,0.37485454,0.37151521,1,1,245,203,125,126
1,8585,0.37370466,0.36081916,0.36726191,1,1,245,203,125,126
1,8586,0.36817588,0.35971233,0.36394411,1,1,245,203,125,126
1,8587,0.41149069,0.41626288,0.41387679,1,1,245,203,125,126
1,8588,0.39550151,0.39103279,0.39326715,1,1,245,203,125,126
1,8589,0.41149069,0.37600442,0.39374756,1,1,245,203,125,126
1,8590,0.41377037,0.37600442,0.39488740,1,1,245,203,125,126
1,8591,0.39103279,0.37600442,0.38351861,1,1,245,203,125,126
1,8592,0.39118163,0.37600442,0.38359303,1,1,245,203,125,126
1,8593,0.38983329,0.37698063,0.38340696,1,1,245,203,125,126
1,8594,0.36937539,0.37698063,0.37317801,1,1,245,203,125,126
1,8595,0.41377037,0.37600442,0.39488740,1,1,245,203,125,126
1,8596,0.36952422,0.37485454,0.37218938,1,1,245,203,125,126
1,8597,0.41269020,0.37600442,0.39434731,1,1,245,203,125,126
1,8598,0.39213792,0.37582777,0.38398284,1,1,245,203,125,126
1,8599,0.37072373,0.37698063,0.37385218,1,1,245,203,125,126
1,8600,0.41377037,0.37600442,0.39488740,1,1,245,203,125,126
1,8601,0.38983329,0.37698063,0.38340696,1,1,245,203,125,126
1,8602,0.39103279,0.37600442,0.38351861,1,1,245,203,125,126
1,8603,0.39334082,0.37600442,0.38467262,1,1,245,203,125,126
1,8604,0.41377037,0.37600442,0.39488740,1,1,245,203,125,126
1,8605,0.41377037,0.37600442,0.39488740,1,1,245,203,125,126
1,8606,0.39213792,0.39665139,0.39439466,1,1,245,203,125,126
1,8607,0.36817588,0.37600442,0.37209015,1,1,245,203,125,126
1,8608,0.37056856,0.37600442,0.37328649,1,1,245,203,125,126
1,8609,0.39213792,0.37600442,0.38407117,1,1,245,203,125,126
1,8610,0.41373686,0.37600442,0.39487064,1,1,245,203,125,126
1,8611,0.40853975,0.37600442,0.39227209,1,1,245,203,125,126
1,8612,0.37072373,0.37698063,0.37385218,1,1,245,203,125,126
1,8613,0.40853975,0.37600442,0.39227209,1,1,245,203,125,126
1,8614,0.39091346,0.37485454,0.38288400,1,1,245,203,125,126
1,8615,0.43250516,0.37600442,0.40425479,1,1,245,203,125,126
1,8616,0.39213792,0.37600442,0.38407117,1,1,245,203,125,126
1,8617,0.39334082,0.37485454,0.38409768,1,1,245,203,125,126
1,8618,0.37072373,0.37600442,0.37336408,1,1,245,203,125,126
1,8619,0.39213792,0.37600442,0.38407117,1,1,245,203,125,126
1,8620,0.38722260,0.33347448,0.36034854,1,1,245,203,125,126
1,8621,0.37072373,0.35538573,0.36305473,1,1,245,203,125,126
1,8622,0.40992643,0.33476703,0.37234673,1,1,245,203,125,126
1,8623,0.39334082,0.37600442,0.38467262,1,1,245,203,125,126
1,8624,0.30560407,0.29289311,0.29924859,1,1,245,203,125,126
1,8625,0.22952317,0.21739130,0.22345724,1,1,245,203,125,126
1,8626,0.18181818,0.15470397,0.16826108,1,1,245,203,125,126
1,8627,0.13636364,0.13043478,0.13339921,1,1,245,203,125,126
1,8628,0.13043478,0.15485012,0.14264245,1,1,245,203,125,126
1,8629,0.13043478,0.15217391,0.14130435,1,1,245,203,125,126
1,8630,0.13043478,0.14570691,0.13807084,1,1,245,203,125,126
1,8631,0.13031167,0.13043478,0.13037323,1,1,245,203,125,126
1,8632,0.13043478,0.12500000,0.12771739,1,1,245,203,125,126
1,8633,0.12838079,0.13396256,0.13117167,1,1,245,203,125,126
1,8634,0.10416667,0.12826949,0.11621808,1,1,245,203,125,126
1,8635,0.17374890,0.12489163,0.14932027,1,1,245,203,125,126
1,8636,0.17374890,0.16652218,0.17013554,1,1,245,203,125,126
1,8637,0.17374890,0.17374890,0.17374890,1,1,245,203,125,126
1,8638,0.15217391,0.13031167,0.14124279,1,1,245,203,125,126
1,8639,0.12489163,0.16652218,0.14570691,1,1,245,203,125,126
1,8640,0.12489163,0.16652218,0.14570691,1,1,245,203,125,126
1,8641,0.14570691,0.17642258,0.16106474,1,1,245,203,125,126
1,8642,0.15470397,0.14839803,0.15155100,1,1,245,203,125,126
1,8643,0.14908476,0.15217391,0.15062934,1,1,245,203,125,126
1,8644,0.17642258,0.12838079,0.15240168,1,1,245,203,125,126
1,8645,0.17374890,0.14570691,0.15972790,1,1,245,203,125,126
1,8646,0.17642258,0.17374890,0.17508574,1,1,245,203,125,126
1,8647,0.16652218,0.16652218,0.16652218,1,1,245,203,125,126
1,8648,0.13383612,0.12500000,0.12941806,1,1,245,217,125,126
1,8649,0.17325924,0.12489163,0.14907544,1,1,245,217,125,126
1,8650,0.13031167,0.16652218,0.14841693,1,1,245,203,125,126
1,8651,0.16652218,0.17374890,0.17013554,1,1,245,203,125,126
1,8652,0.12489163,0.16652218,0.14570691,1,1,245,203,125,126
1,8653,0.14908476,0.12489163,0.13698820,1,1,245,203,125,126
1,8654,0.17374890,0.17374890,0.17374890,1,1,245,203,125,126
1,8655,0.14570691,0.12826949,0.13698820,1,1,245,217,125,126
1,8656,0.14570691,0.15203029,0.14886860,1,1,245,217,125,126
1,8657,0.16609096,0.16652218,0.16630657,1,1,245,203,125,126
1,8658,0.18989993,0.17642258,0.18316125,1,1,245,203,125,126
1,8659,0.17592538,0.16652218,0.17122378,1,1,245,203,125,126
1,8660,0.16908465,0.17391304,0.17149885,1,1,245,203,125,126
1,8661,0.16652218,0.18733745,0.17692981,1,1,245,203,125,126
1,8662,0.16652218,0.16652218,0.16652218,1,1,245,217,125,126
1,8663,0.16652218,0.16652218,0.16652218,1,1,245,217,125,126
1,8664,0.13031167,0.17642258,0.15336713,1,1,245,203,125,126
1,8665,0.15203029,0.16652218,0.15927623,1,1,245,203,125,126
1,8666,0.16652218,0.12500000,0.14576109,1,1,245,203,125,126
1,8667,0.16652218,0.14234827,0.15443523,1,1,245,203,125,126
1,8668,0.16652218,0.16666667,0.16659442,1,1,245,203,125,126
1,8669,0.12489163,0.16908465,0.14698814,1,1,245,203,125,126
1,8670,0.14788543,0.16652218,0.15720380,1,1,245,217,125,126
1,8671,0.15470397,0.12838079,0.14154238,1,1,245,217,125,126
1,8672,0.13031167,0.17374890,0.15203029,1,1,245,217,125,126
1,8673,0.17642258,0.14583333,0.16112796,1,1,245,203,125,126
1,8674,0.18163065,0.15203029,0.16683047,1,1,245,203,125,126
1,8675,0.13383612,0.16652218,0.15017915,1,1,228,194,150,151
1,8676,0.18442562,0.17374890,0.17908726,1,1,245,217,125,126
1,8677,0.17592538,0.16652218,0.17122378,1,1,245,217,125,126
1,8678,0.21718612,0.18750000,0.20234306,1,1,245,217,125,126
1,8679,0.19761808,0.16652218,0.18207013,1,1,245,217,125,126
1,8680,0.21657405,0.16000000,0.18828702,1,1,245,217,125,126
1,8681,0.17642258,0.16652218,0.17147238,1,1,245,217,125,126
1,8682,0.21021384,0.18733745,0.19877565,1,1,245,217,125,126
1,8683,0.21871855,0.17985617,0.19928736,1,1,245,217,125,126
1,8684,0.19814119,0.18231631,0.19022875,1,1,228,194,150,151
1,8685,0.21871855,0.16233229,0.19052542,1,1,245,217,125,126
1,8686,0.17592538,0.16233229,0.16912884,1,1,245,217,125,126
1,8687,0.21933669,0.19936306,0.20934987,1,1,245,217,125,126
1,8688,0.19758279,0.16864680,0.18311479,1,1,245,217,125,126
1,8689,0.21871855,0.18940817,0.20406336,1,1,245,217,125,126
1,8690,0.20029176,0.15987215,0.18008195,1,1,245,217,125,126
1,8691,0.18940817,0.15987215,0.17464016,1,1,245,217,125,126
1,8692,0.18890811,0.18188102,0.18539457,1,1,245,217,125,126
1,8693,0.18940817,0.19984019,0.19462418,1,1,245,217,125,126
1,8694,0.21769983,0.18231631,0.20000807,1,1,245,217,125,126
1,8695,0.18890811,0.16652218,0.17771514,1,1,245,217,125,126
1,8696,0.21871855,0.16652218,0.19262037,1,1,245,217,125,126
1,8697,0.19706115,0.16652218,0.18179166,1,1,245,217,125,126
1,8698,0.19879703,0.16908465,0.18394084,1,1,245,217,125,126
1,8699,0.20966948,0.20966948,0.20966948,1,1,245,217,125,126
1,8700,0.17859153,0.16652218,0.17255685,1,1,245,217,125,126
1,8701,0.17592538,0.16652218,0.17122378,1,1,245,217,125,126
1,8702,0.18890811,0.19936306,0.19413558,1,1,245,217,125,126
1,8703,0.18890811,0.19936306,0.19413558,1,1,245,217,125,126
1,8704,0.18890811,0.16233229,0.17562020,1,1,245,217,125,126
1,8705,0.20672456,0.18733745,0.19703100,1,1,245,217,125,126
1,8706,0.20966948,0.18733745,0.19850347,1,1,245,217,125,126
1,8707,0.20761370,0.18733745,0.19747558,1,1,245,217,125,126
1,8708,0.21769983,0.20966948,0.21368466,1,1,245,217,125,126
1,8709,0.21657405,0.18685233,0.20171319,1,1,245,217,125,126
1,8710,0.21871855,0.18685233,0.20278544,1,1,245,217,125,126
1,8711,0.21871855,0.20815272,0.21343564,1,1,245,217,125,126
1,8712,0.21556531,0.20815272,0.21185902,1,1,245,217,125,126
1,8713,0.19758279,0.21227496,0.20492887,1,1,245,217,125,126
1,8714,0.20966948,0.19984019,0.20475483,1,1,245,217,125,126
1,8715,0.20761370,0.20815272,0.20788321,1,1,245,217,125,126
1,8716,0.21871855,0.20815272,0.21343564,1,1,245,217,125,126
1,8717,0.24216838,0.21982420,0.23099629,1,1,245,217,125,126
1,8718,0.24002388,0.19936306,0.21969347,1,1,245,217,125,126
1,8719,0.19614330,0.20761370,0.20187850,1,1,245,217,125,126
1,8720,0.24104044,0.19984019,0.22044031,1,1,245,217,125,126
1,8721,0.20877153,0.21021384,0.20949269,1,1,245,217,125,126
1,8722,0.21871855,0.21227496,0.21549676,1,1,245,217,125,126
1,8723,0.23009334,0.20815272,0.21912303,1,1,245,217,125,126
1,8724,0.24216838,0.20815272,0.22516055,1,1,245,217,125,126
1,8725,0.24216838,0.21982420,0.23099629,1,1,245,217,125,126
1,8726,0.21556531,0.21227496,0.21392014,1,1,245,217,125,126
1,8727,0.21172526,0.20815272,0.20993899,1,1,245,217,125,126
1,8728,0.19491664,0.21227496,0.20359580,1,1,245,217,125,126
1,8729,0.18940817,0.19984019,0.19462418,1,1,245,217,125,126
1,8730,0.21657405,0.20379780,0.21018592,1,1,245,217,125,126
1,8731,0.19146395,0.18733745,0.18940070,1,1,245,217,125,126
1,8732,0.19064397,0.18939857,0.19002127,1,1,245,217,125,126
1,8733,0.19491664,0.20815272,0.20153468,1,1,245,217,125,126
1,8734,0.21657405,0.20815272,0.21236339,1,1,245,217,125,126
1,8735,0.21172526,0.20181899,0.20677213,1,1,245,217,125,126
1,8736,0.22837507,0.20966948,0.21902228,1,1,245,217,125,126
1,8737,0.21172526,0.21227496,0.21200011,1,1,245,217,125,126
1,8738,0.21172526,0.23275184,0.22223855,1,1,245,217,125,126
1,8739,0.20761370,0.18733745,0.19747558,1,1,245,217,125,126
1,8740,0.20761370,0.18429512,0.19595441,1,1,245,217,125,126
1,8741,0.16609096,0.18733745,0.17671421,1,1,245,217,125,126
1,8742,0.20966948,0.18939857,0.19953403,1,1,245,217,125,126
1,8743,0.16609096,0.16652218,0.16630657,1,1,245,217,125,126
1,8744,0.19706115,0.16652218,0.18179166,1,1,245,217,125,126
1,8745,0.19064397,0.18733745,0.18899071,1,1,245,217,125,126
1,8746,0.17325924,0.17985617,0.17655770,1,1,245,217,125,126
1,8747,0.19491664,0.20815272,0.20153468,1,1,245,217,125,126
1,8748,0.20966948,0.20761370,0.20864159,1,1,245,217,125,126
1,8749,0.21657405,0.18989993,0.20323699,1,1,245,217,125,126
1,8750,0.18685233,0.18429512,0.18557372,1,1,245,217,125,126
1,8751,0.19491664,0.19196104,0.19343884,1,1,245,217,125,126
1,8752,0.19491664,0.20379780,0.19935722,1,1,245,217,125,126
1,8753,0.19491664,0.17985617,0.18738640,1,1,245,217,125,126
1,8754,0.21657405,0.18733745,0.20195575,1,1,245,217,125,126
1,8755,0.20761370,0.20761370,0.20761370,1,1,245,217,125,126
1,8756,0.21657405,0.20379780,0.21018592,1,1,245,217,125,126
1,8757,0.21657405,0.20133714,0.20895559,1,1,245,217,125,126
1,8758,0.21657405,0.18231631,0.19944518,1,1,245,217,125,126
1,8759,0.20761370,0.20133714,0.20447542,1,1,245,217,125,126
1,8760,0.23823145,0.20815272,0.22319209,1,1,245,217,125,126
1,8761,0.21657405,0.20181899,0.20919652,1,1,245,217,125,126
1,8762,0.20761370,0.20181899,0.20471635,1,1,245,217,125,126
1,8763,0.21657405,0.20815272,0.21236339,1,1,245,217,125,126
1,8764,0.21657405,0.20815272,0.21236339,1,1,245,217,125,126
1,8765,0.23214912,0.20815272,0.22015092,1,1,245,217,125,126
1,8766,0.23214912,0.19984019,0.21599465,1,1,245,217,125,126
1,8767,0.22837507,0.22896799,0.22867153,1,1,245,217,125,126
1,8768,0.20966948,0.20133714,0.20550331,1,1,245,217,125,126
1,8769,0.21172526,0.20133714,0.20653120,1,1,245,217,125,126
1,8770,0.20966948,0.20815272,0.20891110,1,1,245,217,125,126
1,8771,0.21657405,0.22180301,0.21918853,1,1,245,217,125,126
1,8772,0.21657405,0.20815272,0.21236339,1,1,245,217,125,126
1,8773,0.21172526,0.20133714,0.20653120,1,1,245,217,125,126
1,8774,0.20815272,0.20181899,0.20498586,1,1,245,217,125,126
1,8775,0.23823145,0.22180301,0.23001723,1,1,245,217,125,126
1,8776,0.21657405,0.21718612,0.21688009,1,1,245,217,125,126
1,8777,0.23823145,0.22180301,0.23001723,1,1,245,217,125,126
1,8778,0.21657405,0.20181899,0.20919652,1,1,245,217,125,126
1,8779,0.21172526,0.22896799,0.22034663,1,1,245,217,125,126
1,8780,0.21172526,0.22896799,0.22034663,1,1,245,217,125,126
1,8781,0.21657405,0.22896799,0.22277102,1,1,245,217,125,126
1,8782,0.23823145,0.20761370,0.22292258,1,1,245,217,125,126
1,8783,0.25085471,0.24978327,0.25031899,1,1,245,217,125,126
1,8784,0.23009334,0.22896799,0.22953067,1,1,245,217,125,126
1,8785,0.26046246,0.25150600,0.25598423,1,1,245,217,125,126
1,8786,0.28176688,0.25979224,0.27077956,1,1,245,217,125,126
1,8787,0.29361011,0.28119648,0.28740330,1,1,245,217,125,126
1,8788,0.29361011,0.28119648,0.28740330,1,1,245,217,125,126
1,8789,0.29361011,0.28119648,0.28740330,1,1,245,217,125,126
1,8790,0.30485539,0.28261670,0.29373605,1,1,245,217,125,126
1,8791,0.29213465,0.29213465,0.29213465,1,1,245,217,125,126
1,8792,0.31284300,0.26980042,0.29132171,1,1,245,217,125,126
1,8793,0.29235267,0.27910828,0.28573048,1,1,245,217,125,126
1,8794,0.31284300,0.27910828,0.29597564,1,1,245,217,125,126
1,8795,0.31284300,0.27910828,0.29597564,1,1,245,217,125,126
1,8796,0.29213465,0.30100444,0.29656954,1,1,245,217,125,126
1,8797,0.29088353,0.26121246,0.27604799,1,1,245,217,125,126
1,8798,0.27192198,0.27977626,0.27584912,1,1,245,217,125,126
1,8799,0.27161608,0.25150600,0.26156104,1,1,245,217,125,126
1,8800,0.25257298,0.27207783,0.26232541,1,1,245,217,125,126
1,8801,0.25257298,0.26144617,0.25700957,1,1,245,217,125,126
1,8802,0.25085471,0.26144617,0.25615044,1,1,245,217,125,126
1,8803,0.25085471,0.26121246,0.25603358,1,1,245,217,125,126
1,8804,0.25257298,0.25150600,0.25203949,1,1,245,217,125,126
1,8805,0.29235267,0.24146215,0.26690741,1,1,245,217,125,126
1,8806,0.25149129,0.24978327,0.25063728,1,1,245,217,125,126
1,8807,0.29235267,0.25150600,0.27192933,1,1,245,217,125,126
1,8808,0.25257298,0.27207783,0.26232541,1,1,245,217,125,126
1,8809,0.24978038,0.25150600,0.25064319,1,1,245,217,125,126
1,8810,0.27192198,0.24146215,0.25669207,1,1,245,217,125,126
1,8811,0.25085471,0.24146215,0.24615843,1,1,245,217,125,126
1,8812,0.27021107,0.23923567,0.25472337,1,1,245,217,125,126
1,8813,0.27309154,0.25979224,0.26644189,1,1,245,217,125,126
1,8814,0.25257298,0.25979224,0.25618261,1,1,245,217,125,126
1,8815,0.27161608,0.26121246,0.26641427,1,1,245,217,125,126
1,8816,0.26168128,0.26121246,0.26144687,1,1,245,217,125,126
1,8817,0.25988886,0.24088565,0.25038726,1,1,245,217,125,126
1,8818,0.27137328,0.25085471,0.26111399,1,1,245,217,125,126
1,8819,0.28308541,0.25257298,0.26782919,1,1,245,217,125,126
1,8820,0.25085471,0.27161608,0.26123539,1,1,245,217,125,126
1,8821,0.25085471,0.25257298,0.25171384,1,1,245,217,125,126
1,8822,0.25085471,0.25085471,0.25085471,1,1,245,217,125,126
1,8823,0.25085471,0.25085471,0.25085471,1,1,245,217,125,126
1,8824,0.26168128,0.25979224,0.26073676,1,1,245,217,125,126
1,8825,0.26168128,0.27161608,0.26664868,1,1,245,217,125,126
1,8826,0.27045283,0.27207783,0.27126533,1,1,245,217,125,126
1,8827,0.25988886,0.25979224,0.25984055,1,1,245,217,125,126
1,8828,0.25085471,0.27161608,0.26123539,1,1,245,217,125,126
1,8829,0.25085471,0.25979224,0.25532347,1,1,245,217,125,126
1,8830,0.26168128,0.26144617,0.26156373,1,1,245,217,125,126
1,8831,0.26168128,0.27232127,0.26700128,1,1,245,217,125,126
1,8832,0.27021107,0.25150600,0.26085853,1,1,245,217,125,126
1,8833,0.25085471,0.27137328,0.26111399,1,1,245,217,125,126
1,8834,0.25988886,0.24146215,0.25067551,1,1,245,217,125,126
1,8835,0.25085471,0.25150600,0.25118035,1,1,245,217,125,126
1,8836,0.25085471,0.24978327,0.25031899,1,1,245,217,125,126
1,8837,0.25085471,0.24978327,0.25031899,1,1,245,217,125,126
1,8838,0.25257298,0.24978327,0.25117812,1,1,245,217,125,126
1,8839,0.25257298,0.22147814,0.23702556,1,1,245,217,125,126
1,8840,0.25257298,0.22896799,0.24077049,1,1,245,217,125,126
1,8841,0.25085471,0.21982420,0.23533946,1,1,245,217,125,126
1,8842,0.25149129,0.22147814,0.23648471,1,1,245,217,125,126
1,8843,0.23043085,0.22147814,0.22595449,1,1,245,217,125,126
1,8844,0.25085471,0.24088565,0.24587018,1,1,245,217,125,126
1,8845,0.25988886,0.24088565,0.25038726,1,1,245,217,125,126
1,8846,0.26168128,0.26058880,0.26113504,1,1,245,217,125,126
1,8847,0.25988886,0.27137328,0.26563107,1,1,245,217,125,126
1,8848,0.25988886,0.24913644,0.25451265,1,1,245,217,125,126
1,8849,0.25988886,0.24088565,0.25038726,1,1,245,217,125,126
1,8850,0.28154626,0.25979224,0.27066925,1,1,245,217,125,126
1,8851,0.28154626,0.25979224,0.27066925,1,1,245,217,125,126
1,8852,0.27309154,0.23923567,0.25616361,1,1,245,217,125,126
1,8853,0.29213465,0.26121246,0.27667355,1,1,245,217,125,126
1,8854,0.28308541,0.25085471,0.26697006,1,1,245,217,125,126
1,8855,0.26168128,0.27232127,0.26700128,1,1,245,217,125,126
1,8856,0.27137328,0.28194194,0.27665761,1,1,245,217,125,126
1,8857,0.28308541,0.24088565,0.26198553,1,1,245,217,125,126
1,8858,0.29213465,0.28261670,0.28737567,1,1,245,217,125,126
1,8859,0.29213465,0.28261670,0.28737567,1,1,245,217,125,126
1,8860,0.28308541,0.26082196,0.27195368,1,1,245,217,125,126
1,8861,0.26168128,0.23980822,0.25074475,1,1,245,217,125,126
1,8862,0.28308541,0.28119648,0.28214094,1,1,245,217,125,126
1,8863,0.26168128,0.25979224,0.26073676,1,1,245,217,125,126
1,8864,0.26168128,0.25979224,0.26073676,1,1,245,217,125,126
1,8865,0.26168128,0.27977626,0.27072877,1,1,245,217,125,126
1,8866,0.26168128,0.25979224,0.26073676,1,1,245,217,125,126
1,8867,0.26168128,0.25979224,0.26073676,1,1,245,217,125,126
1,8868,0.26347371,0.27977626,0.27162498,1,1,245,217,125,126
1,8869,0.26168128,0.25979224,0.26073676,1,1,245,217,125,126
1,8870,0.28023491,0.23980822,0.26002157,1,1,245,217,125,126
1,8871,0.28355096,0.23980822,0.26167959,1,1,245,217,125,126
1,8872,0.26168128,0.25979224,0.26073676,1,1,245,217,125,126
1,8873,0.25867838,0.25150600,0.25509219,1,1,245,217,125,126
1,8874,0.30332342,0.27977626,0.29154984,1,1,245,217,125,126
1,8875,0.26168128,0.24146215,0.25157172,1,1,245,217,125,126
1,8876,0.26168128,0.25979224,0.26073676,1,1,245,217,125,126
1,8877,0.26347371,0.26121246,0.26234309,1,1,245,217,125,126
1,8878,0.23214912,0.23980822,0.23597867,1,1,245,217,125,126
1,8879,0.23214912,0.23980822,0.23597867,1,1,245,217,125,126
1,8880,0.25257298,0.23980822,0.24619060,1,1,245,217,125,126
1,8881,0.23214912,0.21982420,0.22598666,1,1,245,217,125,126
1,8882,0.25085471,0.24146215,0.24615843,1,1,245,217,125,126
1,8883,0.23214912,0.24146215,0.23680564,1,1,245,217,125,126
1,8884,0.26168128,0.22896799,0.24532464,1,1,245,217,125,126
1,8885,0.24037596,0.23102911,0.23570254,1,1,245,217,125,126
1,8886,0.20966948,0.23102911,0.22034930,1,1,245,217,125,126
1,8887,0.21871855,0.23102911,0.22487383,1,1,245,217,125,126
1,8888,0.25085471,0.22180301,0.23632886,1,1,245,217,125,126
1,8889,0.28355096,0.24146215,0.26250656,1,1,245,217,125,126
1,8890,0.28487783,0.25322872,0.26905328,1,1,245,217,125,126
1,8891,0.30485539,0.26121246,0.28303393,1,1,245,217,125,126
1,8892,0.28487783,0.28119648,0.28303716,1,1,245,217,125,126
1,8893,0.28487783,0.25979224,0.27233504,1,1,245,217,125,126
1,8894,0.26347371,0.27207783,0.26777577,1,1,245,217,125,126
1,8895,0.28355096,0.24146215,0.26250656,1,1,245,217,125,126
1,8896,0.30332342,0.29141381,0.29736861,1,1,245,217,125,126
1,8897,0.30332342,0.25150600,0.27741471,1,1,245,217,125,126
1,8898,0.29088353,0.27059854,0.28074103,1,1,245,217,125,126
1,8899,0.26168128,0.27232127,0.26700128,1,1,245,217,125,126
1,8900,0.25085471,0.23980822,0.24533147,1,1,245,217,125,126
1,8901,0.26347371,0.24146215,0.25246793,1,1,245,217,125,126
1,8902,0.28355096,0.24146215,0.26250656,1,1,245,217,125,126
1,8903,0.30485539,0.27207783,0.28846661,1,1,245,217,125,126
1,8904,0.27192198,0.25150600,0.26171399,1,1,245,217,125,126
1,8905,0.29235267,0.27232127,0.28233697,1,1,245,217,125,126
1,8906,0.28201899,0.25150600,0.26676249,1,1,245,217,125,126
1,8907,0.28154626,0.24978327,0.26566476,1,1,245,217,125,126
1,8908,0.27021107,0.24978327,0.25999717,1,1,245,217,125,126
1,8909,0.22910792,0.24146215,0.23528504,1,1,245,217,125,126
1,8910,0.25085471,0.22180301,0.23632886,1,1,245,217,125,126
1,8911,0.25085471,0.25979224,0.25532347,1,1,245,217,125,126
1,8912,0.25257298,0.25150600,0.25203949,1,1,245,217,125,126
1,8913,0.28308541,0.24146215,0.26227378,1,1,245,217,125,126
1,8914,0.25085471,0.24088565,0.24587018,1,1,245,217,125,126
1,8915,0.25257298,0.24146215,0.24701756,1,1,245,217,125,126
1,8916,0.25085471,0.23980822,0.24533147,1,1,245,217,125,126
1,8917,0.25257298,0.24146215,0.24701756,1,1,245,217,125,126
1,8918,0.25257298,0.26121246,0.25689272,1,1,245,217,125,126
1,8919,0.26168128,0.24978327,0.25573228,1,1,245,217,125,126
1,8920,0.25257298,0.25150600,0.25203949,1,1,245,217,125,126
1,8921,0.26347371,0.25150600,0.25748985,1,1,245,217,125,126
1,8922,0.26347371,0.25150600,0.25748985,1,1,245,217,125,126
1,8923,0.26347371,0.24146215,0.25246793,1,1,245,217,125,126
1,8924,0.25988886,0.24146215,0.25067551,1,1,245,217,125,126
1,8925,0.25988886,0.24978327,0.25483606,1,1,245,217,125,126
1,8926,0.26168128,0.25150600,0.25659364,1,1,245,217,125,126
1,8927,0.25988886,0.22837507,0.24413196,1,1,245,217,125,126
1,8928,0.25988886,0.24913644,0.25451265,1,1,245,217,125,126
1,8929,0.26168128,0.22896799,0.24532464,1,1,245,217,125,126
1,8930,0.25988886,0.25150600,0.25569743,1,1,245,217,125,126
1,8931,0.28308541,0.23980822,0.26144681,1,1,245,217,125,126
1,8932,0.27021107,0.24146215,0.25583661,1,1,245,217,125,126
1,8933,0.27207783,0.24146215,0.25676999,1,1,245,217,125,126
1,8934,0.25988886,0.27207783,0.26598335,1,1,245,217,125,126
1,8935,0.28308541,0.24978327,0.26643434,1,1,245,217,125,126
1,8936,0.26168128,0.27137328,0.26652728,1,1,245,217,125,126
1,8937,0.25988886,0.24913644,0.25451265,1,1,245,217,125,126
1,8938,0.26168128,0.24978327,0.25573228,1,1,245,217,125,126
1,8939,0.25988886,0.25150600,0.25569743,1,1,245,217,125,126
1,8940,0.25988886,0.25150600,0.25569743,1,1,245,217,125,126
1,8941,0.25988886,0.25150600,0.25569743,1,1,245,217,125,126
1,8942,0.26347371,0.24146215,0.25246793,1,1,245,217,125,126
1,8943,0.27192198,0.26058880,0.26625539,1,1,245,217,125,126
1,8944,0.26347371,0.26058880,0.26203126,1,1,245,217,125,126
1,8945,0.27192198,0.24146215,0.25669207,1,1,245,217,125,126
1,8946,0.25257298,0.24146215,0.24701756,1,1,245,217,125,126
1,8947,0.27021107,0.24146215,0.25583661,1,1,245,217,125,126
1,8948,0.25085471,0.27207783,0.26146627,1,1,245,217,125,126
1,8949,0.28176688,0.25150600,0.26663644,1,1,245,217,125,126
1,8950,0.25257298,0.25979224,0.25618261,1,1,245,217,125,126
1,8951,0.25085471,0.25150600,0.25118035,1,1,245,217,125,126
1,8952,0.26168128,0.25150600,0.25659364,1,1,245,217,125,126
1,8953,0.25085471,0.25150600,0.25118035,1,1,245,217,125,126
1,8954,0.25085471,0.24146215,0.24615843,1,1,245,217,125,126
1,8955,0.26046246,0.27207783,0.26627015,1,1,245,217,125,126
1,8956,0.28176688,0.25150600,0.26663644,1,1,245,217,125,126
1,8957,0.27021107,0.24978327,0.25999717,1,1,245,217,125,126
1,8958,0.29088353,0.24978327,0.27033340,1,1,245,217,125,126
1,8959,0.27045283,0.27207783,0.27126533,1,1,245,217,125,126
1,8960,0.28308541,0.24146215,0.26227378,1,1,245,217,125,126
1,8961,0.25085471,0.24978327,0.25031899,1,1,245,217,125,126
1,8962,0.28201899,0.27059854,0.27630876,1,1,245,217,125,126
1,8963,0.28333869,0.27207783,0.27770826,1,1,245,217,125,126
1,8964,0.25085471,0.27207783,0.26146627,1,1,245,217,125,126
1,8965,0.26168128,0.27059854,0.26613991,1,1,245,217,125,126
1,8966,0.24002388,0.24146215,0.24074302,1,1,245,217,125,126
1,8967,0.25988886,0.25150600,0.25569743,1,1,245,217,125,126
1,8968,0.26347371,0.25085471,0.25716421,1,1,245,217,125,126
1,8969,0.26347371,0.27137328,0.26742349,1,1,245,217,125,126
1,8970,0.26347371,0.25150600,0.25748985,1,1,245,217,125,126
1,8971,0.26168128,0.25150600,0.25659364,1,1,245,217,125,126
1,8972,0.26168128,0.26058880,0.26113504,1,1,245,217,125,126
1,8973,0.25988886,0.24913644,0.25451265,1,1,245,217,125,126
1,8974,0.25988886,0.25150600,0.25569743,1,1,245,217,125,126
1,8975,0.27161608,0.26058880,0.26610244,1,1,245,217,125,126
1,8976,0.25988886,0.24913644,0.25451265,1,1,245,217,125,126
1,8977,0.26168128,0.27137328,0.26652728,1,1,245,217,125,126
1,8978,0.23823145,0.25085471,0.24454308,1,1,245,217,125,126
1,8979,0.23009334,0.22345694,0.22677514,1,1,245,217,125,126
1,8980,0.23214912,0.23214912,0.23214912,1,1,245,217,125,126
1,8981,0.24002388,0.25150600,0.24576494,1,1,245,217,125,126
1,8982,0.24002388,0.25150600,0.24576494,1,1,245,217,125,126
1,8983,0.23214912,0.25150600,0.24182756,1,1,245,217,125,126
1,8984,0.25988886,0.25150600,0.25569743,1,1,245,217,125,126
1,8985,0.23823145,0.23214912,0.23519029,1,1,245,217,125,126
1,8986,0.23115490,0.25322872,0.24219181,1,1,245,217,125,126
1,8987,0.21081851,0.23275184,0.22178518,1,1,245,217,125,126
1,8988,0.23214912,0.24978327,0.24096619,1,1,245,217,125,126
1,8989,0.26168128,0.22127345,0.24147737,1,1,245,217,125,126
1,8990,0.23823145,0.22127345,0.22975245,1,1,245,217,125,126
1,8991,0.24806947,0.22127345,0.23467146,1,1,245,217,125,126
1,8992,0.25988886,0.24978327,0.25483606,1,1,245,217,125,126
1,8993,0.20877153,0.24978327,0.22927740,1,1,245,217,125,126
1,8994,0.24978038,0.24146215,0.24562127,1,1,245,217,125,126
1,8995,0.22837507,0.23980822,0.23409165,1,1,245,217,125,126
1,8996,0.23823145,0.24978327,0.24400736,1,1,245,217,125,126
1,8997,0.25988886,0.23043085,0.24515985,1,1,245,217,125,126
1,8998,0.23009334,0.22837507,0.22923420,1,1,245,217,125,126
1,8999,0.23823145,0.22837507,0.23330326,1,1,245,217,125,126
1,9000,0.19758279,0.20815272,0.20286776,1,1,245,217,125,126
1,9001,0.19491664,0.22896799,0.21194232,1,1,245,217,125,126
1,9002,0.21718612,0.22896799,0.22307706,1,1,245,217,125,126
1,9003,0.21657405,0.21227496,0.21442450,1,1,245,217,125,126
1,9004,0.21657405,0.24978327,0.23317866,1,1,245,217,125,126
1,9005,0.25988886,0.22896799,0.24442843,1,1,245,217,125,126
1,9006,0.25988886,0.25150600,0.25569743,1,1,245,217,125,126
1,9007,0.23712185,0.24146215,0.23929200,1,1,245,217,125,126
1,9008,0.25988886,0.24978327,0.25483606,1,1,245,217,125,126
1,9009,0.21657405,0.20815272,0.21236339,1,1,245,217,125,126
1,9010,0.22837507,0.21929936,0.22383722,1,1,245,217,125,126
1,9011,0.22837507,0.22837507,0.22837507,1,1,245,217,125,126
1,9012,0.23823145,0.22147814,0.22985479,1,1,245,217,125,126
1,9013,0.24002388,0.22896799,0.23449594,1,1,245,217,125,126
1,9014,0.24002388,0.24978327,0.24490357,1,1,245,217,125,126
1,9015,0.23823145,0.24978327,0.24400736,1,1,245,217,125,126
1,9016,0.23890592,0.25150600,0.24520596,1,1,245,217,125,126
1,9017,0.24002388,0.25150600,0.24576494,1,1,245,217,125,126
1,9018,0.24002388,0.23069072,0.23535730,1,1,245,217,125,126
1,9019,0.24002388,0.23980822,0.23991605,1,1,245,217,125,126
1,9020,0.26168128,0.25085471,0.25626800,1,1,245,217,125,126
1,9021,0.25867838,0.26058880,0.25963359,1,1,245,217,125,126
1,9022,0.23823145,0.26058880,0.24941013,1,1,245,217,125,126
1,9023,0.24913644,0.26121246,0.25517445,1,1,245,217,125,126
1,9024,0.24913644,0.24146215,0.24529930,1,1,245,217,125,126
1,9025,0.25988886,0.24146215,0.25067551,1,1,245,217,125,126
1,9026,0.25988886,0.24146215,0.25067551,1,1,245,217,125,126
1,9027,0.23823145,0.24088565,0.23955855,1,1,245,217,125,126
1,9028,0.23214912,0.24088565,0.23651739,1,1,245,217,125,126
1,9029,0.23823145,0.24146215,0.23984680,1,1,245,217,125,126
1,9030,0.21657405,0.22896799,0.22277102,1,1,245,217,125,126
1,9031,0.28176688,0.25150600,0.26663644,1,1,245,217,125,126
1,9032,0.23823145,0.24978327,0.24400736,1,1,245,217,125,126
1,9033,0.22837507,0.26144617,0.24491062,1,1,245,217,125,126
1,9034,0.24002388,0.24978327,0.24490357,1,1,245,217,125,126
1,9035,0.23823145,0.24978327,0.24400736,1,1,245,217,125,126
1,9036,0.22837507,0.24978327,0.23907917,1,1,245,217,125,126
1,9037,0.25988886,0.26144617,0.26066752,1,1,245,217,125,126
1,9038,0.22910792,0.26144617,0.24527705,1,1,245,217,125,126
1,9039,0.26874192,0.24146215,0.25510204,1,1,245,217,125,126
1,9040,0.22739701,0.24146215,0.23442958,1,1,245,217,125,126
1,9041,0.28176688,0.24146215,0.26161452,1,1,245,217,125,126
1,9042,0.24913644,0.24978327,0.24945985,1,1,245,217,125,126
1,9043,0.23823145,0.22896799,0.23359972,1,1,245,217,125,126
1,9044,0.21556531,0.23102911,0.22329721,1,1,245,217,125,126
1,9045,0.23823145,0.24978327,0.24400736,1,1,245,217,125,126
1,9046,0.21556531,0.23275184,0.22415858,1,1,245,217,125,126
1,9047,0.26224653,0.24978327,0.25601490,1,1,245,217,125,126
1,9048,0.26347371,0.23069072,0.24708222,1,1,245,217,125,126
1,9049,0.25149129,0.24146215,0.24647672,1,1,245,217,125,126
1,9050,0.26224653,0.27059854,0.26642254,1,1,245,217,125,126
1,9051,0.28355096,0.24978327,0.26666711,1,1,245,217,125,126
1,9052,0.23214912,0.25150600,0.24182756,1,1,245,217,125,126
1,9053,0.26347371,0.25150600,0.25748985,1,1,245,217,125,126
1,9054,0.21657405,0.23214912,0.22436158,1,1,245,217,125,126
1,9055,0.24002388,0.23043085,0.23522737,1,1,245,217,125,126
1,9056,0.24002388,0.23043085,0.23522737,1,1,245,217,125,126
1,9057,0.25085471,0.25150600,0.25118035,1,1,245,217,125,126
1,9058,0.26168128,0.25150600,0.25659364,1,1,245,217,125,126
1,9059,0.28176688,0.24146215,0.26161452,1,1,245,217,125,126
1,9060,0.25988886,0.23980822,0.24984854,1,1,245,217,125,126
1,9061,0.23009334,0.22896799,0.22953067,1,1,245,217,125,126
1,9062,0.24913644,0.24088565,0.24501105,1,1,245,217,125,126
1,9063,0.23009334,0.24146215,0.23577775,1,1,245,217,125,126
1,9064,0.24002388,0.22127345,0.23064866,1,1,245,217,125,126
1,9065,0.23823145,0.22094935,0.22959040,1,1,245,217,125,126
1,9066,0.22837507,0.24088565,0.23463036,1,1,245,217,125,126
1,9067,0.24913644,0.25085471,0.24999557,1,1,245,217,125,126
1,9068,0.22837507,0.22127345,0.22482426,1,1,245,217,125,126
1,9069,0.23009334,0.22837507,0.22923420,1,1,245,217,125,126
1,9070,0.20761370,0.20761370,0.20761370,1,1,245,217,125,126
1,9071,0.22837507,0.22837507,0.22837507,1,1,245,217,125,126
1,9072,0.23823145,0.23069072,0.23446109,1,1,245,217,125,126
1,9073,0.23823145,0.25085471,0.24454308,1,1,245,217,125,126
1,9074,0.23823145,0.25150600,0.24486872,1,1,245,217,125,126
1,9075,0.22837507,0.25150600,0.23994053,1,1,245,217,125,126
1,9076,0.23823145,0.22837507,0.23330326,1,1,245,217,125,126
1,9077,0.25988886,0.24978327,0.25483606,1,1,245,217,125,126
1,9078,0.23823145,0.22896799,0.23359972,1,1,245,217,125,126
1,9079,0.22837507,0.22896799,0.22867153,1,1,245,217,125,126
1,9080,0.24913644,0.24146215,0.24529930,1,1,245,217,125,126
1,9081,0.24913644,0.24978327,0.24945985,1,1,245,217,125,126
1,9082,0.22837507,0.21982420,0.22409964,1,1,245,217,125,126
1,9083,0.27309154,0.26144617,0.26726886,1,1,245,217,125,126
1,9084,0.28308541,0.25085471,0.26697006,1,1,245,217,125,126
1,9085,0.30474281,0.29065918,0.29770100,1,1,245,217,125,126
1,9086,0.32487995,0.29289311,0.30888653,1,1,245,217,125,126
1,9087,0.30332342,0.27910828,0.29121585,1,1,245,217,125,126
1,9088,0.30332342,0.29289311,0.29810826,1,1,245,217,125,126
1,9089,0.32487995,0.27977626,0.30232810,1,1,245,217,125,126
1,9090,0.32469003,0.27977626,0.30223315,1,1,245,217,125,126
1,9091,0.31284300,0.28052511,0.29668406,1,1,245,217,125,126
1,9092,0.33333333,0.32022208,0.32677771,1,1,245,217,125,126
1,9093,0.29235267,0.28119648,0.28677458,1,1,245,217,125,126
1,9094,0.31284300,0.32223262,0.31753781,1,1,245,217,125,126
1,9095,0.33333333,0.30170261,0.31751797,1,1,245,217,125,126
1,9096,0.31284300,0.28194194,0.29739247,1,1,245,217,125,126
1,9097,0.28333869,0.27910828,0.28122348,1,1,245,217,125,126
1,9098,0.25085471,0.27977626,0.26531548,1,1,245,217,125,126
1,9099,0.30474281,0.27977626,0.29225954,1,1,245,217,125,126
1,9100,0.28487783,0.27910828,0.28199306,1,1,245,217,125,126
1,9101,0.25085471,0.27232127,0.26158799,1,1,245,217,125,126
1,9102,0.25085471,0.25979224,0.25532347,1,1,245,217,125,126
1,9103,0.26168128,0.26144617,0.26156373,1,1,245,217,125,126
1,9104,0.28176688,0.27232127,0.27704408,1,1,245,217,125,126
1,9105,0.25988886,0.26082196,0.26035541,1,1,245,217,125,126
1,9106,0.28308541,0.28119648,0.28214094,1,1,245,217,125,126
1,9107,0.26168128,0.25917198,0.26042663,1,1,245,217,125,126
1,9108,0.25257298,0.25979224,0.25618261,1,1,245,217,125,126
1,9109,0.30332342,0.26121246,0.28226794,1,1,245,217,125,126
1,9110,0.29088353,0.25979224,0.27533788,1,1,245,217,125,126
1,9111,0.27045283,0.26144617,0.26594950,1,1,245,217,125,126
1,9112,0.25988886,0.26144617,0.26066752,1,1,245,217,125,126
1,9113,0.25988886,0.24978327,0.25483606,1,1,245,217,125,126
1,9114,0.25085471,0.25150600,0.25118035,1,1,245,217,125,126
1,9115,0.24002388,0.24978327,0.24490357,1,1,245,217,125,126
1,9116,0.27137328,0.24978327,0.26057827,1,1,245,217,125,126
1,9117,0.23009334,0.23980822,0.23495078,1,1,245,217,125,126
1,9118,0.21871855,0.24978327,0.23425091,1,1,245,217,125,126
1,9119,0.25085471,0.24978327,0.25031899,1,1,245,217,125,126
1,9120,0.29213465,0.25150600,0.27182032,1,1,245,217,125,126
1,9121,0.25085471,0.27232127,0.26158799,1,1,245,217,125,126
1,9122,0.28308541,0.25150600,0.26729570,1,1,245,217,125,126
1,9123,0.29213465,0.27232127,0.28222796,1,1,245,217,125,126
1,9124,0.23823145,0.24978327,0.24400736,1,1,245,217,125,126
1,9125,0.28023491,0.27059854,0.27541672,1,1,245,217,125,126
1,9126,0.23823145,0.24978327,0.24400736,1,1,245,217,125,126
1,9127,0.24978038,0.27232127,0.26105082,1,1,245,217,125,126
1,9128,0.26046246,0.24311609,0.25178927,1,1,245,217,125,126
1,9129,0.24978038,0.24146215,0.24562127,1,1,245,217,125,126
1,9130,0.24978038,0.24146215,0.24562127,1,1,245,217,125,126
1,9131,0.27137328,0.24146215,0.25641772,1,1,245,217,125,126
1,9132,0.27309154,0.25150600,0.26229877,1,1,245,217,125,126
1,9133,0.28201899,0.27232127,0.27717013,1,1,245,217,125,126
1,9134,0.26046246,0.25150600,0.25598423,1,1,245,217,125,126
1,9135,0.29088353,0.26082196,0.27585274,1,1,245,217,125,126
1,9136,0.28941438,0.26144617,0.27543028,1,1,245,217,125,126
1,9137,0.25988886,0.29213465,0.27601175,1,1,245,217,125,126
1,9138,0.28487783,0.25085471,0.26786627,1,1,245,217,125,126
1,9139,0.25988886,0.27137328,0.26563107,1,1,245,217,125,126
1,9140,0.29088353,0.29213465,0.29150909,1,1,245,217,125,126
1,9141,0.30332342,0.27207783,0.28770063,1,1,245,217,125,126
1,9142,0.29088353,0.28119648,0.28604000,1,1,245,217,125,126
1,9143,0.30179144,0.29289311,0.29734227,1,1,245,217,125,126
1,9144,0.30332342,0.29289311,0.29810826,1,1,245,217,125,126
1,9145,0.30179144,0.27232127,0.28705635,1,1,245,217,125,126
1,9146,0.30179144,0.27232127,0.28705635,1,1,245,217,125,126
1,9147,0.28308541,0.27309154,0.27808848,1,1,245,217,125,126
1,9148,0.28333869,0.25150600,0.26742234,1,1,245,217,125,126
1,9149,0.29361011,0.27309154,0.28335083,1,1,245,217,125,126
1,9150,0.25988886,0.27137328,0.26563107,1,1,245,217,125,126
1,9151,0.25988886,0.26989781,0.26489333,1,1,245,217,125,126
1,9152,0.28308541,0.26989781,0.27649161,1,1,245,217,125,126
1,9153,0.25085471,0.26058880,0.25572176,1,1,245,217,125,126
1,9154,0.30474281,0.27137328,0.28805804,1,1,245,217,125,126
1,9155,0.25988886,0.26989781,0.26489333,1,1,245,217,125,126
1,9156,0.26168128,0.27137328,0.26652728,1,1,245,217,125,126
1,9157,0.26347371,0.25150600,0.25748985,1,1,245,217,125,126
1,9158,0.30474281,0.28052511,0.29263396,1,1,245,217,125,126
1,9159,0.30474281,0.27232127,0.28853204,1,1,245,217,125,126
1,9160,0.26347371,0.24978327,0.25662849,1,1,245,217,125,126
1,9161,0.26347371,0.25150600,0.25748985,1,1,245,217,125,126
1,9162,0.25988886,0.27137328,0.26563107,1,1,245,217,125,126
1,9163,0.26168128,0.21982420,0.24075274,1,1,245,217,125,126
1,9164,0.24002388,0.23043085,0.23522737,1,1,245,217,125,126
1,9165,0.22086306,0.24070223,0.23078264,1,1,245,217,125,126
1,9166,0.26168128,0.22896799,0.24532464,1,1,245,217,125,126
1,9167,0.24216838,0.24978327,0.24597583,1,1,245,217,125,126
1,9168,0.23082178,0.25000000,0.24041089,1,1,245,217,125,126
1,9169,0.26347371,0.24978327,0.25662849,1,1,245,217,125,126
1,9170,0.28487783,0.25172422,0.26830103,1,1,245,217,125,126
1,9171,0.26421833,0.27232127,0.26826980,1,1,245,217,125,126
1,9172,0.28487783,0.27232127,0.27859955,1,1,245,217,125,126
1,9173,0.26421833,0.27232127,0.26826980,1,1,245,217,125,126
1,9174,0.30320367,0.29289311,0.29804839,1,1,245,217,125,126
1,9175,0.30320367,0.29314725,0.29817546,1,1,245,217,125,126
1,9176,0.30320367,0.29314725,0.29817546,1,1,245,217,125,126
1,9177,0.31289602,0.31500429,0.31395015,1,1,245,217,125,126
1,9178,0.29213465,0.29314725,0.29264095,1,1,245,217,125,126
1,9179,0.30474281,0.29289311,0.29881796,1,1,245,217,125,126
1,9180,0.30474281,0.28000000,0.29237141,1,1,245,217,125,126
1,9181,0.30474281,0.26000000,0.28237141,1,1,245,217,125,126
1,9182,0.30474281,0.27977626,0.29225954,1,1,245,217,125,126
1,9183,0.30474281,0.27977626,0.29225954,1,1,245,217,125,126
1,9184,0.30332342,0.29289311,0.29810826,1,1,245,217,125,126
1,9185,0.32620941,0.28119648,0.30370295,1,1,245,217,125,126
1,9186,0.28308541,0.26082196,0.27195368,1,1,245,217,125,126
1,9187,0.28487783,0.28119648,0.28303716,1,1,245,217,125,126
1,9188,0.30332342,0.26144617,0.28238479,1,1,245,217,125,126
1,9189,0.31284300,0.26121246,0.28702773,1,1,245,217,125,126
1,9190,0.28333869,0.29213465,0.28773667,1,1,245,217,125,126
1,9191,0.25988886,0.25085471,0.25537178,1,1,245,217,125,126
1,9192,0.30320367,0.29289311,0.29804839,1,1,245,217,125,126
1,9193,0.30628196,0.27207783,0.28917990,1,1,245,217,125,126
1,9194,0.30628196,0.28052511,0.29340353,1,1,245,217,125,126
1,9195,0.30320367,0.28052511,0.29186439,1,1,245,217,125,126
1,9196,0.28333869,0.28052511,0.28193190,1,1,245,217,125,126
1,9197,0.27309154,0.24253564,0.25781359,1,1,245,217,125,126
1,9198,0.28487783,0.26082196,0.27284990,1,1,245,217,125,126
1,9199,0.28487783,0.26223879,0.27355831,1,1,245,217,125,126
1,9200,0.30474281,0.27977626,0.29225954,1,1,245,217,125,126
1,9201,0.27309154,0.24088565,0.25698860,1,1,245,217,125,126
1,9202,0.28308541,0.26058880,0.27183711,1,1,245,217,125,126
1,9203,0.28308541,0.27137328,0.27722934,1,1,245,217,125,126
1,9204,0.28176688,0.24088565,0.26132627,1,1,245,217,125,126
1,9205,0.28154626,0.27137328,0.27645977,1,1,245,217,125,126
1,9206,0.30628196,0.26082196,0.28355196,1,1,245,217,125,126
1,9207,0.30474281,0.29289311,0.29881796,1,1,245,217,125,126
1,9208,0.30474281,0.29361011,0.29917646,1,1,245,217,125,126
1,9209,0.30474281,0.29289311,0.29881796,1,1,245,217,125,126
1,9210,0.30628196,0.31418857,0.31023526,1,1,245,217,125,126
1,9211,0.28154626,0.29289311,0.28721968,1,1,245,217,125,126
1,9212,0.30474281,0.29361011,0.29917646,1,1,245,217,125,126
1,9213,0.30474281,0.31370838,0.30922560,1,1,245,217,125,126
1,9214,0.30474281,0.29289311,0.29881796,1,1,245,217,125,126
1,9215,0.30474281,0.29289311,0.29881796,1,1,245,217,125,126
1,9216,0.28333869,0.26058880,0.27196375,1,1,245,217,125,126
1,9217,0.29772298,0.29213465,0.29492881,1,1,245,217,125,126
1,9218,0.30474281,0.30046142,0.30260211,1,1,245,217,125,126
1,9219,0.30474281,0.31352500,0.30913390,1,1,245,217,125,126
1,9220,0.32469003,0.29289311,0.30879157,1,1,245,217,125,126
1,9221,0.28308541,0.29289311,0.28798926,1,1,245,217,125,126
1,9222,0.32774856,0.29289311,0.31032083,1,1,245,217,125,126
1,9223,0.30474281,0.29289311,0.29881796,1,1,245,217,125,126
1,9224,0.30485539,0.29289311,0.29887425,1,1,245,217,125,126
1,9225,0.30485539,0.28052511,0.29269025,1,1,245,217,125,126
1,9226,0.28487783,0.27161608,0.27824696,1,1,245,217,125,126
1,9227,0.27137328,0.26082196,0.26609762,1,1,245,217,125,126
1,9228,0.28333869,0.25979224,0.27156546,1,1,245,217,125,126
1,9229,0.25257298,0.26058880,0.25658089,1,1,245,217,125,126
1,9230,0.29235267,0.26058880,0.27647074,1,1,245,217,125,126
1,9231,0.29235267,0.29289311,0.29262289,1,1,245,217,125,126
1,9232,0.30332342,0.26989781,0.28661061,1,1,245,217,125,126
1,9233,0.29235267,0.29289311,0.29262289,1,1,245,217,125,126
1,9234,0.30332342,0.27207783,0.28770063,1,1,245,217,125,126
1,9235,0.30179144,0.27137328,0.28658236,1,1,245,217,125,126
1,9236,0.30332342,0.27137328,0.28734835,1,1,245,217,125,126
1,9237,0.30179144,0.27207783,0.28693464,1,1,245,217,125,126
1,9238,0.28023491,0.29289311,0.28656401,1,1,245,217,125,126
1,9239,0.28176688,0.29213465,0.28695077,1,1,245,217,125,126
1,9240,0.28023491,0.29213465,0.28618478,1,1,245,217,125,126
1,9241,0.30474281,0.28119648,0.29296965,1,1,245,217,125,126
1,9242,0.28308541,0.27232127,0.27770334,1,1,245,217,125,126
1,9243,0.28176688,0.29289311,0.28733000,1,1,245,217,125,126
1,9244,0.30474281,0.29289311,0.29881796,1,1,245,217,125,126
1,9245,0.28308541,0.27232127,0.27770334,1,1,245,217,125,126
1,9246,0.28308541,0.29361011,0.28834776,1,1,245,217,125,126
1,9247,0.28308541,0.27137328,0.27722934,1,1,245,217,125,126
1,9248,0.28308541,0.29361011,0.28834776,1,1,245,217,125,126
1,9249,0.25257298,0.27207783,0.26232541,1,1,245,217,125,126
1,9250,0.27137328,0.25917198,0.26527263,1,1,245,217,125,126
1,9251,0.30474281,0.28119648,0.29296965,1,1,245,217,125,126
1,9252,0.27309154,0.25979224,0.26644189,1,1,245,217,125,126
1,9253,0.27309154,0.26144617,0.26726886,1,1,245,217,125,126
1,9254,0.25257298,0.26144617,0.25700957,1,1,245,217,125,126
1,9255,0.28308541,0.25979224,0.27143882,1,1,245,217,125,126
1,9256,0.27309154,0.28052511,0.27680833,1,1,245,217,125,126
1,9257,0.27309154,0.28052511,0.27680833,1,1,245,217,125,126
1,9258,0.27161608,0.28052511,0.27607059,1,1,245,217,125,126
1,9259,0.29361011,0.28119648,0.28740330,1,1,245,217,125,126
1,9260,0.27137328,0.26144617,0.26640972,1,1,245,217,125,126
1,9261,0.30474281,0.28052511,0.29263396,1,1,245,217,125,126
1,9262,0.27137328,0.28119648,0.27628488,1,1,245,217,125,126
1,9263,0.30628196,0.26082196,0.28355196,1,1,245,217,125,126
1,9264,0.30474281,0.25085471,0.27779876,1,1,245,217,125,126
1,9265,0.28308541,0.27161608,0.27735074,1,1,245,217,125,126
1,9266,0.30474281,0.27137328,0.28805804,1,1,245,217,125,126
1,9267,0.30332342,0.27207783,0.28770063,1,1,245,217,125,126
1,9268,0.30332342,0.27207783,0.28770063,1,1,245,217,125,126
1,9269,0.30332342,0.26058880,0.28195611,1,1,245,217,125,126
1,9270,0.30179144,0.27977626,0.29078385,1,1,245,217,125,126
1,9271,0.30332342,0.26144617,0.28238479,1,1,245,217,125,126
1,9272,0.30332342,0.26058880,0.28195611,1,1,245,217,125,126
1,9273,0.28308541,0.26082196,0.27195368,1,1,245,217,125,126
1,9274,0.30474281,0.27137328,0.28805804,1,1,245,217,125,126
1,9275,0.29213465,0.26121246,0.27667355,1,1,245,217,125,126
1,9276,0.29088353,0.28119648,0.28604000,1,1,245,217,125,126
1,9277,0.25257298,0.27137328,0.26197313,1,1,245,217,125,126
1,9278,0.25988886,0.26058880,0.26023883,1,1,245,217,125,126
1,9279,0.28176688,0.26989781,0.27583235,1,1,245,217,125,126
1,9280,0.30179144,0.29213465,0.29696304,1,1,245,217,125,126
1,9281,0.26168128,0.27137328,0.26652728,1,1,245,217,125,126
1,9282,0.26347371,0.25085471,0.25716421,1,1,245,217,125,126
1,9283,0.25257298,0.27137328,0.26197313,1,1,245,217,125,126
1,9284,0.25085471,0.26058880,0.25572176,1,1,245,217,125,126
1,9285,0.26347371,0.24146215,0.25246793,1,1,245,217,125,126
1,9286,0.27192198,0.26121246,0.26656722,1,1,245,217,125,126
1,9287,0.26168128,0.26144617,0.26156373,1,1,245,217,125,126
1,9288,0.25257298,0.29289311,0.27273304,1,1,245,217,125,126
1,9289,0.29361011,0.25979224,0.27670118,1,1,245,217,125,126
1,9290,0.29361011,0.26058880,0.27709946,1,1,245,217,125,126
1,9291,0.26347371,0.26144617,0.26245994,1,1,245,217,125,126
1,9292,0.25257298,0.26058880,0.25658089,1,1,245,217,125,126
1,9293,0.29361011,0.26058880,0.27709946,1,1,245,217,125,126
1,9294,0.30179144,0.24913644,0.27546394,1,1,245,217,125,126
1,9295,0.30474281,0.25979224,0.28226753,1,1,245,217,125,126
1,9296,0.30474281,0.27977626,0.29225954,1,1,245,217,125,126
1,9297,0.28333869,0.26058880,0.27196375,1,1,245,217,125,126
1,9298,0.30628196,0.25917198,0.28272697,1,1,245,217,125,126
1,9299,0.27137328,0.25979224,0.26558276,1,1,245,217,125,126
1,9300,0.30474281,0.25085471,0.27779876,1,1,245,217,125,126
1,9301,0.28308541,0.25085471,0.26697006,1,1,245,217,125,126
1,9302,0.28234196,0.24978327,0.26606261,1,1,245,217,125,126
1,9303,0.23214912,0.24978327,0.24096619,1,1,245,217,125,126
1,9304,0.25988886,0.22837507,0.24413196,1,1,245,217,125,126
1,9305,0.26062335,0.24253564,0.25157949,1,1,245,217,125,126
1,9306,0.25988886,0.25257298,0.25623092,1,1,245,217,125,126
1,9307,0.25988886,0.26058880,0.26023883,1,1,245,217,125,126
1,9308,0.26062335,0.27161608,0.26611971,1,1,245,217,125,126
1,9309,0.30320367,0.25257298,0.27788832,1,1,245,217,125,126
1,9310,0.26347371,0.29213465,0.27780418,1,1,245,217,125,126
1,9311,0.25988886,0.27137328,0.26563107,1,1,245,217,125,126
1,9312,0.26347371,0.29213465,0.27780418,1,1,245,217,125,126
1,9313,0.30474281,0.25085471,0.27779876,1,1,245,217,125,126
1,9314,0.30406057,0.25322872,0.27864465,1,1,245,217,125,126
1,9315,0.30560407,0.25150600,0.27855503,1,1,245,217,125,126
1,9316,0.25322872,0.23923567,0.24623220,1,1,245,217,125,126
1,9317,0.29289311,0.24978327,0.27133819,1,1,245,217,125,126
1,9318,0.30320367,0.25085471,0.27702919,1,1,245,217,125,126
1,9319,0.28308541,0.24913644,0.26611092,1,1,245,217,125,126
1,9320,0.28176688,0.29289311,0.28733000,1,1,245,217,125,126
1,9321,0.28355096,0.28333869,0.28344483,1,1,245,217,125,126
1,9322,0.30628196,0.29213465,0.29920830,1,1,245,217,125,126
1,9323,0.28487783,0.27232127,0.27859955,1,1,245,217,125,126
1,9324,0.30474281,0.29213465,0.29843873,1,1,245,217,125,126
1,9325,0.27309154,0.27137328,0.27223241,1,1,245,217,125,126
1,9326,0.30320367,0.28052511,0.29186439,1,1,245,217,125,126
1,9327,0.30628196,0.27137328,0.28882762,1,1,245,217,125,126
1,9328,0.28308541,0.27137328,0.27722934,1,1,245,217,125,126
1,9329,0.26347371,0.26058880,0.26203126,1,1,245,217,125,126
1,9330,0.28487783,0.25085471,0.26786627,1,1,245,217,125,126
1,9331,0.28154626,0.27161608,0.27658117,1,1,245,217,125,126
1,9332,0.25867838,0.24088565,0.24978202,1,1,245,217,125,126
1,9333,0.25257298,0.24978038,0.25117668,1,1,245,217,125,126
1,9334,0.27161608,0.27021107,0.27091357,1,1,228,211,150,150
1,9335,0.26347371,0.24088565,0.25217968,1,1,245,217,125,126
1,9336,0.26347371,0.24978038,0.25662704,1,1,245,217,125,126
1,9337,0.26168128,0.26989781,0.26578955,1,1,245,217,125,126
1,9338,0.27309154,0.24978038,0.26143596,1,1,245,217,125,126
1,9339,0.25257298,0.24088565,0.24672931,1,1,245,217,125,126
1,9340,0.25257298,0.24913644,0.25085471,1,1,245,217,125,126
1,9341,0.23823145,0.22837507,0.23330326,1,1,245,217,125,126
1,9342,0.27309154,0.24978038,0.26143596,1,1,245,217,125,126
1,9343,0.24913644,0.24913644,0.24913644,1,1,245,217,125,126
1,9344,0.26168128,0.24978038,0.25573083,1,1,245,217,125,126
1,9345,0.25257298,0.22739701,0.23998499,1,1,245,217,125,126
1,9346,0.24913644,0.27137328,0.26025486,1,1,228,211,150,150
1,9347,0.25085471,0.25979143,0.25532307,1,1,228,211,150,150
1,9348,0.24913644,0.25085471,0.24999557,1,1,228,211,150,150
1,9349,0.26224653,0.24978038,0.25601345,1,1,228,211,150,150
1,9350,0.25988886,0.23993390,0.24991138,1,1,228,211,150,150
1,9351,0.26989781,0.27045283,0.27017532,1,1,245,217,125,126
1,9352,0.25085471,0.25955920,0.25520695,1,1,245,217,125,126
1,9353,0.29213465,0.27021107,0.28117286,1,1,245,217,125,126
1,9354,0.25085471,0.24088565,0.24587018,1,1,245,217,125,126
1,9355,0.25257298,0.27137328,0.26197313,1,1,245,217,125,126
1,9356,0.25257298,0.24088565,0.24672931,1,1,245,217,125,126
1,9357,0.25257298,0.22127345,0.23692321,1,1,245,217,125,126
1,9358,0.25257298,0.21929936,0.23593617,1,1,245,217,125,126
1,9359,0.24913644,0.20761370,0.22837507,1,1,228,211,150,150
1,9360,0.25085471,0.24157736,0.24621603,1,1,245,217,125,126
1,9361,0.26347371,0.23923567,0.25135469,1,1,228,211,150,150
1,9362,0.25988886,0.25814797,0.25901841,1,1,228,211,150,150
1,9363,0.21657405,0.22837507,0.22247456,1,1,245,217,125,126
1,9364,0.23214912,0.22837507,0.23026210,1,1,245,217,125,126
1,9365,0.25322872,0.22739701,0.24031287,1,1,228,211,150,150
1,9366,0.18107150,0.16609096,0.17358123,1,1,245,217,125,126
1,9367,0.13383612,0.16908465,0.15146039,1,1,245,217,125,126
1,9368,0.10416667,0.12489163,0.11452915,1,1,245,217,125,126
1,9369,0.08687445,0.08326109,0.08506777,1,1,245,217,125,126
1,9370,0.12500000,0.11372013,0.11936007,1,1,245,217,125,126
1,9371,0.10859306,0.09617497,0.10238402,1,1,245,203,125,126
1,9372,0.08326109,0.08687445,0.08506777,1,1,259,203,125,126
1,9373,0.13031167,0.13990731,0.13510949,1,1,259,203,125,126
1,9374,0.10859306,0.11351916,0.11105611,1,1,259,203,125,126
1,9375,0.12489163,0.14269545,0.13379354,1,1,259,203,125,126
1,9376,0.13622299,0.15405694,0.14513997,1,1,272,203,126,126
1,9377,0.15426798,0.15000000,0.15213399,1,1,272,203,126,126
1,9378,0.15426798,0.21052632,0.18239715,1,1,272,203,126,126
1,9379,0.22858058,0.21052632,0.21955345,1,1,272,203,126,126
1,9380,0.20266980,0.26315789,0.23291385,1,1,272,203,126,126
1,9381,0.23712185,0.27735011,0.25723598,1,1,286,203,126,126
1,9382,0.24104044,0.28947368,0.26525706,1,1,286,189,126,126
1,9383,0.24104044,0.30555556,0.27329800,1,1,286,189,126,126
1,9384,0.25180107,0.27735011,0.26457559,1,1,286,189,126,126
1,9385,0.29584973,0.33333333,0.31459153,1,1,286,189,126,126
1,9386,0.29434564,0.30555556,0.29995060,1,1,286,189,126,126
1,9387,0.25180107,0.32352941,0.28766524,1,1,286,189,126,126
1,9388,0.29620936,0.32352941,0.30986939,1,1,277,178,151,150
1,9389,0.29620936,0.35294118,0.32457527,1,1,277,178,151,150
1,9390,0.29620936,0.35537537,0.32579237,1,1,277,178,151,150
1,9391,0.28674418,0.32352941,0.30513680,1,1,277,178,151,150
1,9392,0.30765513,0.35537537,0.33151525,1,1,277,178,151,150
1,9393,0.28479345,0.33333333,0.30906339,1,1,286,189,126,126
1,9394,0.27395385,0.35294118,0.31344751,1,1,277,178,151,150
1,9395,0.27395385,0.36055514,0.31725449,1,1,286,189,126,126
1,9396,0.29620936,0.33282013,0.31451474,1,1,286,189,126,126
1,9397,0.29434564,0.38235294,0.33834929,1,1,286,189,126,126
1,9398,0.29584973,0.38377976,0.33981475,1,1,277,178,151,150
1,9399,0.27535374,0.35537537,0.31536456,1,1,277,178,151,150
1,9400,0.28674418,0.37500000,0.33087209,1,1,277,178,151,150
1,9401,0.28442729,0.35537537,0.31990133,1,1,277,178,151,150
1,9402,0.25180107,0.32644175,0.28912141,1,1,286,189,126,126
1,9403,0.25180107,0.29411765,0.27295936,1,1,286,189,126,126
1,9404,0.14359164,0.21280832,0.17819998,1,1,286,189,126,126
1,9405,0.19318836,0.19325516,0.19322176,1,1,286,189,126,126
1,9406,0.13622299,0.16641006,0.15131653,1,1,286,203,126,126
1,9407,0.13990731,0.16641006,0.15315869,1,1,286,203,126,126
1,9408,0.08695652,0.12500000,0.10597826,1,1,286,203,126,126
1,9409,0.13031167,0.12500000,0.12765584,1,1,272,203,126,126
1,9410,0.08687445,0.14672090,0.11679767,1,1,272,203,126,126
1,9411,0.12500000,0.13636364,0.13068182,1,1,272,203,126,126
1,9412,0.13396256,0.15058465,0.14227361,1,1,259,203,125,126
1,9413,0.12826949,0.13990731,0.13408840,1,1,259,203,125,126
1,9414,0.12838079,0.16540611,0.14689345,1,1,259,203,125,126
1,9415,0.16666667,0.17592538,0.17129603,1,1,259,203,125,126
1,9416,0.14583333,0.13031167,0.13807250,1,1,259,203,125,126
1,9417,0.16666667,0.12456822,0.14561744,1,1,244,194,151,151
1,9418,0.16666667,0.12489163,0.14577915,1,1,244,194,151,151
1,9419,0.15485012,0.15203029,0.15344020,1,1,245,203,125,126
1,9420,0.15217391,0.17374890,0.16296141,1,1,245,203,125,126
1,9421,0.15217391,0.15470397,0.15343894,1,1,245,203,125,126
1,9422,0.15570169,0.14788543,0.15179356,1,1,245,203,125,126
1,9423,0.14921412,0.13345894,0.14133653,1,1,245,203,125,126
1,9424,0.15217391,0.12826949,0.14022170,1,1,245,203,125,126
1,9425,0.14826938,0.15511635,0.15169286,1,1,245,203,125,126
1,9426,0.17391304,0.16908465,0.17149885,1,1,245,203,125,126
1,9427,0.15217391,0.14532959,0.14875175,1,1,245,203,125,126
1,9428,0.17391304,0.15426798,0.16409051,1,1,245,203,125,126
1,9429,0.17391304,0.16864680,0.17127992,1,1,245,203,125,126
1,9430,0.16652218,0.17859153,0.17255685,1,1,245,203,125,126
1,9431,0.16652218,0.14532959,0.15592588,1,1,245,203,125,126
1,9432,0.17391304,0.16908465,0.17149885,1,1,245,203,125,126
1,9433,0.16652218,0.16908465,0.16780342,1,1,245,203,125,126
1,9434,0.17642258,0.16652218,0.17147238,1,1,245,203,125,126
1,9435,0.17374890,0.16609096,0.16991993,1,1,245,203,125,126
1,9436,0.12826949,0.16233229,0.14530089,1,1,245,203,125,126
1,9437,0.16652218,0.16652218,0.16652218,1,1,245,203,125,126
1,9438,0.17391304,0.13383612,0.15387458,1,1,245,203,125,126
1,9439,0.16666667,0.17592538,0.17129603,1,1,245,203,125,126
1,9440,0.16666667,0.14869870,0.15768268,1,1,245,203,125,126
1,9441,0.15470397,0.12826949,0.14148673,1,1,245,203,125,126
1,9442,0.10859306,0.12489163,0.11674235,1,1,245,203,125,126
1,9443,0.11222343,0.12489163,0.11855753,1,1,245,203,125,126
1,9444,0.10869565,0.08825142,0.09847353,1,1,245,203,125,126
1,9445,0.08333333,0.10899018,0.09616176,1,1,245,203,125,126
1,9446,0.10859306,0.08817491,0.09838399,1,1,245,203,125,126
1,9447,0.08695652,0.10407636,0.09551644,1,1,245,203,125,126
1,9448,0.10416667,0.08326109,0.09371388,1,1,228,194,150,151
1,9449,0.10407636,0.10859306,0.10633471,1,1,228,194,150,151
1,9450,0.08695652,0.08817491,0.08756572,1,1,228,194,150,151
1,9451,0.13383612,0.12489163,0.12936388,1,1,228,178,150,150
1,9452,0.13383612,0.16864680,0.15124146,1,1,231,203,125,126
1,9453,0.13636364,0.13164734,0.13400549,1,1,231,203,125,126
1,9454,0.16923137,0.17942675,0.17432906,1,1,231,203,125,126
1,9455,0.15217391,0.13988813,0.14603102,1,1,231,203,125,126
1,9456,0.20048098,0.16652218,0.18350158,1,1,231,203,125,126
1,9457,0.16652218,0.17374890,0.17013554,1,1,231,203,125,126
1,9458,0.12500000,0.15164724,0.13832362,1,1,231,203,125,126
1,9459,0.14839803,0.12793733,0.13816768,1,1,231,203,125,126
1,9460,0.17391304,0.16908465,0.17149885,1,1,231,203,125,126
1,9461,0.17391304,0.16652218,0.17021761,1,1,231,203,125,126
1,9462,0.16188876,0.16479243,0.16334060,1,1,231,203,125,126
1,9463,0.20433448,0.22148726,0.21291087,1,1,231,203,125,126
1,9464,0.13990731,0.13383612,0.13687172,1,1,231,203,125,126
1,9465,0.19565217,0.19196104,0.19380661,1,1,231,203,125,126
1,9466,0.15203029,0.16652218,0.15927623,1,1,231,203,125,126
1,9467,0.18181818,0.14570691,0.16376254,1,1,231,203,125,126
1,9468,0.15217391,0.16652218,0.15934805,1,1,231,203,125,126
1,9469,0.13622299,0.17642258,0.15632278,1,1,231,203,125,126
1,9470,0.13622299,0.12489163,0.13055731,1,1,228,211,150,150
1,9471,0.12500000,0.13164734,0.12832367,1,1,231,203,125,126
1,9472,0.16277904,0.11990411,0.14134157,1,1,231,203,125,126
1,9473,0.08333333,0.09992009,0.09162671,1,1,231,203,125,126
1,9474,0.15217391,0.15987215,0.15602303,1,1,231,203,125,126
1,9475,0.12500000,0.11990411,0.12245206,1,1,231,203,125,126
1,9476,0.12489163,0.12000000,0.12244582,1,1,231,203,125,126
1,9477,0.13043478,0.14000000,0.13521739,1,1,231,203,125,126
1,9478,0.13622299,0.13988813,0.13805556,1,1,231,203,125,126
1,9479,0.13636364,0.13043478,0.13339921,1,1,231,203,125,126
1,9480,0.15909091,0.14000000,0.14954545,1,1,231,203,125,126
1,9481,0.18181818,0.14583333,0.16382576,1,1,231,203,125,126
1,9482,0.15909091,0.12500000,0.14204545,1,1,231,203,125,126
1,9483,0.18181818,0.16923137,0.17552477,1,1,231,189,125,126
1,9484,0.18163065,0.16666667,0.17414866,1,1,231,189,125,126
1,9485,0.19047619,0.15987215,0.17517417,1,1,231,189,125,126
1,9486,0.19340727,0.16652218,0.17996473,1,1,231,189,125,126
1,9487,0.16666667,0.16233229,0.16449948,1,1,231,203,125,126
1,9488,0.17500000,0.16609096,0.17054548,1,1,231,203,125,126
1,9489,0.16666667,0.12826949,0.14746808,1,1,231,203,125,126
1,9490,0.14285714,0.16609096,0.15447405,1,1,231,189,125,126
1,9491,0.13622299,0.16864680,0.15243489,1,1,231,189,125,126
1,9492,0.17478166,0.16194472,0.16836319,1,1,231,189,125,126
1,9493,0.20282427,0.18809908,0.19546167,1,1,211,161,150,151
1,9494,0.19900745,0.15603576,0.17752160,1,1,211,161,150,151
1,9495,0.20447218,0.15603576,0.18025397,1,1,211,161,150,151
1,9496,0.26430343,0.17046943,0.21738643,1,1,231,189,125,126
1,9497,0.20936957,0.17397780,0.19167369,1,1,211,161,150,151
1,9498,0.19900745,0.17661443,0.18781094,1,1,211,161,150,151
1,9499,0.18319838,0.15060676,0.16690257,1,1,231,176,125,125
1,9500,0.23554077,0.15060676,0.19307377,1,1,231,176,125,125
1,9501,0.26402868,0.16923137,0.21663002,1,1,231,176,125,125
1,9502,0.37164705,0.22916667,0.30040686,1,1,231,176,125,125
1,9503,,,,0,0,,,,
1,9504,,,,0,0,,,,
1,9505,,,,0,0,,,,
1,9506,,,,0,0,,,,
1,9507,,,,0,0,,,,
1,9508,,,,0,0,,,,
1,9509,,,,0,0,,,,
1,9510,,,,0,0,,,,
1,9511,,,,0,0,,,,
1,9512,,,,0,0,,,,
1,9513,,,,0,0,,,,
1,9514,,,,0,0,,,,
1,9515,,,,0,0,,,,
1,9516,,,,0,0,,,,
1,9517,,,,0,0,,,,
1,9518,,,,0,0,,,,
1,9519,,,,0,0,,,,
1,9520,,,,0,0,,,,
1,9521,,,,0,0,,,,
1,9522,,,,0,0,,,,
1,9523,,,,0,0,,,,
1,9524,,,,0,0,,,,
1,9525,,,,0,0,,,,
1,9526,,,,0,0,,,,
1,9527,,,,0,0,,,,
1,9528,,,,0,0,,,,
1,9529,,,,0,0,,,,
1,9530,,,,0,0,,,,
1,9531,,,,0,0,,,,
1,9532,,,,0,0,,,,
1,9533,,,,0,0,,,,
1,9534,,,,0,0,,,,
1,9535,,,,0,0,,,,
1,9536,,,,0,0,,,,
1,9537,,,,0,0,,,,
1,9538,,,,0,0,,,,
1,9539,,,,0,0,,,,
1,9540,,,,0,0,,,,
1,9541,,,,0,0,,,,
1,9542,,,,0,0,,,,
1,9543,,,,0,0,,,,
1,9544,,,,0,0,,,,
1,9545,,,,0,0,,,,
1,9546,,,,0,0,,,,
1,9547,,,,0,0,,,,
1,9548,,,,0,0,,,,
1,9549,,,,0,0,,,,
1,9550,,,,0,0,,,,
1,9551,,,,0,0,,,,
1,9552,,,,0,0,,,,
1,9553,,,,0,0,,,,
1,9554,,,,0,0,,,,
1,9555,,,,0,0,,,,
1,9556,,,,0,0,,,,
1,9557,,,,0,0,,,,
1,9558,,,,0,0,,,,
1,9559,,,,0,0,,,,
1,9560,,,,0,0,,,,
1,9561,,,,0,0,,,,
1,9562,,,,0,0,,,,
1,9563,,,,0,0,,,,
1,9564,,,,0,0,,,,
1,9565,,,,0,0,,,,
1,9566,,,,0,0,,,,
1,9567,,,,0,0,,,,
1,9568,0.25150600,0.21203587,0.23177093,1,1,245,176,125,125
1,9569,0.21957441,0.20956841,0.21457141,1,1,245,176,125,125
1,9570,0.35133780,0.27192198,0.31162989,1,1,245,176,125,125
1,9571,0.27620404,0.28176688,0.27898546,1,1,228,178,150,150
1,9572,0.26242084,0.24978038,0.25610061,1,1,245,189,125,126
1,9573,0.26168128,0.29213465,0.27690796,1,1,245,189,125,126
1,9574,0.25322872,0.27137328,0.26230100,1,1,245,189,125,126
1,9575,0.25257298,0.27207783,0.26232541,1,1,245,189,125,126
1,9576,0.29213465,0.29289311,0.29251388,1,1,245,189,125,126
1,9577,0.27309154,0.29166667,0.28237911,1,1,245,189,125,126
1,9578,0.27941674,0.27977626,0.27959650,1,1,245,203,125,126
1,9579,0.28194194,0.29314725,0.28754459,1,1,245,203,125,126
1,9580,0.28194194,0.27083333,0.27638764,1,1,245,203,125,126
1,9581,0.30170261,0.29976028,0.30073144,1,1,245,203,125,126
1,9582,0.28082797,0.29166667,0.28624732,1,1,245,203,125,126
1,9583,0.26058880,0.29289311,0.27674096,1,1,245,203,125,126
1,9584,0.25257298,0.27231391,0.26244344,1,1,245,203,125,126
1,9585,0.20815272,0.22148726,0.21481999,1,1,245,203,125,126
1,9586,0.21982420,0.24978327,0.23480374,1,1,245,203,125,126
1,9587,0.21172526,0.20833333,0.21002930,1,1,245,203,125,126
1,9588,0.21021384,0.22896799,0.21959092,1,1,245,203,125,126
1,9589,0.20966948,0.25150600,0.23058774,1,1,245,203,125,126
1,9590,0.23069072,0.21227496,0.22148284,1,1,245,203,125,126
1,9591,0.20761370,0.20761370,0.20761370,1,1,245,203,125,126
1,9592,0.20966948,0.21021384,0.20994166,1,1,245,203,125,126
1,9593,0.21172526,0.20815272,0.20993899,1,1,245,203,125,126
1,9594,0.21172526,0.23069072,0.22120799,1,1,245,203,125,126
1,9595,0.21172526,0.24978327,0.23075426,1,1,245,203,125,126
1,9596,0.25257298,0.23980822,0.24619060,1,1,245,203,125,126
1,9597,0.25257298,0.23980822,0.24619060,1,1,245,203,125,126
1,9598,0.20966948,0.25150600,0.23058774,1,1,245,203,125,126
1,9599,0.25257298,0.24146215,0.24701756,1,1,245,203,125,126
1,9600,0.25322872,0.25150600,0.25236736,1,1,245,203,125,126
1,9601,0.25322872,0.23980822,0.24651847,1,1,245,203,125,126
1,9602,0.27309154,0.23923567,0.25616361,1,1,245,203,125,126
1,9603,0.29289311,0.25150600,0.27219955,1,1,245,203,125,126
1,9604,0.29289311,0.28119648,0.28704479,1,1,245,203,125,126
1,9605,0.24978327,0.27137328,0.26057827,1,1,245,203,125,126
1,9606,0.26062335,0.24978327,0.25520331,1,1,245,203,125,126
1,9607,0.24978327,0.22896799,0.23937563,1,1,245,203,125,126
1,9608,0.26242084,0.24978327,0.25610205,1,1,245,203,125,126
1,9609,0.24978327,0.25172422,0.25075375,1,1,245,203,125,126
1,9610,0.20833333,0.22916667,0.21875000,1,1,245,203,125,126
1,9611,0.22916667,0.24165525,0.23541096,1,1,228,194,150,151
1,9612,0.23913043,0.23913043,0.23913043,1,1,228,194,150,151
1,9613,0.21739130,0.20833333,0.21286232,1,1,228,194,150,151
1,9614,0.23913043,0.22916667,0.23414855,1,1,228,194,150,151
1,9615,0.23913043,0.22916667,0.23414855,1,1,228,194,150,151
1,9616,0.26266875,0.27059854,0.26663365,1,1,228,194,150,151
1,9617,0.26062335,0.27059854,0.26561094,1,1,228,194,150,151
1,9618,0.26086957,0.25000000,0.25543478,1,1,228,194,150,151
1,9619,0.28260870,0.26242084,0.27251477,1,1,228,194,150,151
1,9620,0.23913043,0.24978327,0.24445685,1,1,228,194,150,151
1,9621,0.23890474,0.22896799,0.23393637,1,1,228,194,150,151
1,9622,0.23913043,0.24978327,0.24445685,1,1,228,194,150,151
1,9623,0.23890474,0.23890474,0.23890474,1,1,228,194,150,151
1,9624,0.24092962,0.27207783,0.25650373,1,1,228,194,150,151
1,9625,0.26266875,0.25000000,0.25633438,1,1,228,194,150,151
1,9626,0.26086957,0.23069072,0.24578014,1,1,228,194,150,151
1,9627,0.28260870,0.24978327,0.26619598,1,1,228,194,150,151
1,9628,0.26062335,0.27059854,0.26561094,1,1,228,194,150,151
1,9629,0.26062335,0.25000000,0.25531167,1,1,228,194,150,151
1,9630,0.26062335,0.25000000,0.25531167,1,1,228,194,150,151
1,9631,0.23913043,0.25000000,0.24456522,1,1,228,194,150,151
1,9632,0.21739130,0.22896799,0.22317965,1,1,228,194,150,151
1,9633,0.26062335,0.26086957,0.26074646,1,1,228,194,150,151
1,9634,0.24070223,0.25000000,0.24535111,1,1,228,194,150,151
1,9635,0.26446794,0.28234196,0.27340495,1,1,228,194,150,151
1,9636,0.26421833,0.26062335,0.26242084,1,1,228,194,150,151
1,9637,0.26086957,0.23913043,0.25000000,1,1,228,194,150,151
1,9638,0.26062335,0.25000000,0.25531167,1,1,228,194,150,151
1,9639,0.26062335,0.24978327,0.25520331,1,1,228,194,150,151
1,9640,0.23913043,0.24978327,0.24445685,1,1,228,194,150,151
1,9641,0.27244598,0.23890474,0.25567536,1,1,228,194,150,151
1,9642,0.26242084,0.24978327,0.25610205,1,1,228,194,150,151
1,9643,0.26086957,0.22896799,0.24491878,1,1,228,194,150,151
1,9644,0.22952317,0.24978327,0.23965322,1,1,228,194,150,151
1,9645,0.24128303,0.22896799,0.23512551,1,1,228,194,150,151
1,9646,0.22928644,0.20815272,0.21871958,1,1,228,194,150,151
1,9647,0.21739130,0.21718612,0.21728871,1,1,228,194,150,151
1,9648,0.24308222,0.23102911,0.23705567,1,1,228,194,150,151
1,9649,0.28119648,0.29065918,0.28592783,1,1,228,194,150,151
1,9650,0.29289311,0.31289602,0.30289456,1,1,228,194,150,151
1,9651,0.29213465,0.30028578,0.29621021,1,1,245,203,125,126
1,9652,0.25257298,0.29237745,0.27247521,1,1,245,203,125,126
1,9653,0.29213465,0.31289602,0.30251533,1,1,245,203,125,126
1,9654,0.26421833,0.29141381,0.27781607,1,1,245,203,125,126
1,9655,0.29213465,0.26989781,0.28101623,1,1,245,203,125,126
1,9656,0.25085471,0.27207783,0.26146627,1,1,245,203,125,126
1,9657,0.29213465,0.31271311,0.30242388,1,1,245,203,125,126
1,9658,0.30714756,0.31222908,0.30968832,1,1,245,203,125,126
1,9659,0.30628196,0.29065918,0.29847057,1,1,245,203,125,126
1,9660,0.29213465,0.27207783,0.28210624,1,1,245,203,125,126
1,9661,0.25085471,0.30406057,0.27745764,1,1,245,203,125,126
1,9662,0.29361011,0.28119648,0.28740330,1,1,245,203,125,126
1,9663,0.27380056,0.29166667,0.28273362,1,1,245,203,125,126
1,9664,0.29361011,0.31271311,0.30316161,1,1,245,203,125,126
1,9665,0.29289311,0.29065918,0.29177614,1,1,245,203,125,126
1,9666,0.29213465,0.29289311,0.29251388,1,1,245,203,125,126
1,9667,0.25085471,0.29270972,0.27178222,1,1,245,203,125,126
1,9668,0.27161608,0.28119648,0.27640628,1,1,245,203,125,126
1,9669,0.25085471,0.27059854,0.26072662,1,1,245,203,125,126
1,9670,0.25085471,0.28102042,0.26593756,1,1,245,203,125,126
1,9671,0.27161608,0.29289311,0.28225459,1,1,245,203,125,126
1,9672,0.25150600,0.27232127,0.26191363,1,1,245,203,125,126
1,9673,0.29213465,0.29213465,0.29213465,1,1,245,203,125,126
1,9674,0.28487783,0.30474281,0.29481032,1,1,245,203,125,126
1,9675,0.29289311,0.29289311,0.29289311,1,1,245,203,125,126
1,9676,0.27161608,0.26121246,0.26641427,1,1,245,203,125,126
1,9677,0.25257298,0.27232127,0.26244712,1,1,245,203,125,126
1,9678,0.24146215,0.29237745,0.26691980,1,1,228,194,150,151
1,9679,0.24913644,0.27059854,0.25986749,1,1,245,203,125,126
1,9680,0.24122844,0.26058880,0.25090862,1,1,228,194,150,151
1,9681,0.26242084,0.26242084,0.26242084,1,1,228,194,150,151
1,9682,0.25150600,0.27059854,0.26105227,1,1,245,203,125,126
1,9683,0.25150600,0.27207783,0.26179192,1,1,245,203,125,126
1,9684,0.27207783,0.26989781,0.27098782,1,1,245,203,125,126
1,9685,0.22086306,0.20815272,0.21450789,1,1,245,203,125,126
1,9686,0.24978327,0.24978327,0.24978327,1,1,245,203,125,126
1,9687,0.25085471,0.23069072,0.24077272,1,1,228,194,150,151
1,9688,0.25150600,0.24978327,0.25064463,1,1,228,194,150,151
1,9689,0.19565217,0.20433448,0.19999333,1,1,228,194,150,151
1,9690,0.19565217,0.21954390,0.20759804,1,1,231,203,125,126
1,9691,0.21933669,0.20815272,0.21374471,1,1,231,217,125,126
1,9692,0.20815272,0.25257298,0.23036285,1,1,231,217,125,126
1,9693,0.23890474,0.21718612,0.22804543,1,1,228,194,150,151
1,9694,0.21933669,0.22633937,0.22283803,1,1,228,194,150,151
1,9695,0.21718612,0.26168128,0.23943370,1,1,231,203,125,126
1,9696,0.24913644,0.23043085,0.23978365,1,1,231,203,125,126
1,9697,0.22148726,0.21227496,0.21688111,1,1,228,194,150,151
1,9698,0.20815272,0.23214912,0.22015092,1,1,228,194,150,151
1,9699,0.20815272,0.21227496,0.21021384,1,1,245,203,125,126
1,9700,0.21021384,0.23275184,0.22148284,1,1,228,194,150,151
1,9701,0.21039624,0.21227496,0.21133560,1,1,231,203,125,126
1,9702,0.21933669,0.21933669,0.21933669,1,1,231,203,125,126
1,9703,0.20815272,0.21227496,0.21021384,1,1,231,203,125,126
1,9704,0.15217391,0.17642258,0.16429825,1,1,228,194,150,151
1,9705,0.10869565,0.13043478,0.11956522,1,1,228,194,150,151
1,9706,0.10859306,0.13383612,0.12121459,1,1,231,203,125,126
1,9707,0.05243337,0.06521739,0.05882538,1,1,231,203,125,126
1,9708,0.09208844,0.08687445,0.08948144,1,1,231,203,125,126
1,9709,0.09200152,0.08326109,0.08763130,1,1,231,203,125,126
1,9710,0.13396256,0.13383612,0.13389934,1,1,231,203,125,126
1,9711,0.14005177,0.13383612,0.13694394,1,1,211,194,150,151
1,9712,0.10869565,0.08794658,0.09832111,1,1,231,217,125,126
1,9713,0.11363636,0.08756993,0.10060315,1,1,231,217,125,126
1,9714,0.13031167,0.13345894,0.13188531,1,1,211,194,150,151
1,9715,0.12500000,0.10870795,0.11685397,1,1,211,194,150,151
1,9716,0.11724458,0.12738941,0.12231700,1,1,211,194,150,151
1,9717,0.13043478,0.10397541,0.11720510,1,1,211,194,150,151
1,9718,0.15203029,0.15511635,0.15357332,1,1,211,194,150,151
1,9719,0.15217391,0.15125454,0.15171423,1,1,211,194,150,151
1,9720,0.13043478,0.13074409,0.13058944,1,1,211,211,150,150
1,9721,0.13396256,0.10671696,0.12033976,1,1,211,211,150,150
1,9722,0.13043478,0.12793733,0.12918606,1,1,211,194,150,151
1,9723,0.15570169,0.13074409,0.14322289,1,1,211,194,150,151
1,9724,0.13396256,0.14806187,0.14101221,1,1,211,194,150,151
1,9725,0.13636364,0.12793733,0.13215048,1,1,211,194,150,151
1,9726,0.13031167,0.12236765,0.12633966,1,1,211,194,150,151
1,9727,0.15203029,0.12826949,0.14014989,1,1,211,194,150,151
1,9728,0.13031167,0.13130644,0.13080906,1,1,211,194,150,151
1,9729,0.12500000,0.08445155,0.10472577,1,1,211,194,150,151
1,9730,0.13383612,0.10717596,0.12050604,1,1,211,194,150,151
1,9731,0.13031167,0.12826949,0.12929058,1,1,211,194,150,151
1,9732,0.13031167,0.11990411,0.12510789,1,1,211,194,150,151
1,9733,0.15203029,0.10899018,0.13051023,1,1,211,194,150,151
1,9734,0.15203029,0.11815628,0.13509329,1,1,231,217,125,126
1,9735,0.13031167,0.13176157,0.13103662,1,1,231,217,125,126
1,9736,0.13383612,0.13988813,0.13686213,1,1,231,217,125,126
1,9737,0.12489163,0.13988813,0.13238988,1,1,231,217,125,126
1,9738,0.21871855,0.17294905,0.19583380,1,1,231,217,125,126
1,9739,0.21933669,0.19984019,0.20958844,1,1,231,217,125,126
1,9740,0.19546751,0.19984019,0.19765385,1,1,231,217,125,126
1,9741,0.20815272,0.19984019,0.20399645,1,1,231,217,125,126
1,9742,0.21227496,0.19984019,0.20605757,1,1,231,217,125,126
1,9743,0.20761370,0.21138217,0.20949793,1,1,231,217,125,126
1,9744,0.20761370,0.20181899,0.20471635,1,1,231,217,125,126
1,9745,0.26062335,0.21982420,0.24022378,1,1,231,217,125,126
1,9746,0.25085471,0.21982420,0.23533946,1,1,231,217,125,126
1,9747,0.21657405,0.20181899,0.20919652,1,1,231,217,125,126
1,9748,0.21081851,0.21982420,0.21532136,1,1,228,211,150,150
1,9749,0.24216838,0.21982420,0.23099629,1,1,228,211,150,150
1,9750,0.21172526,0.20966948,0.21069737,1,1,228,211,150,150
1,9751,0.21657405,0.22180301,0.21918853,1,1,228,211,150,150
1,9752,0.21172526,0.17985617,0.19579071,1,1,245,217,125,126
1,9753,0.16609096,0.15987215,0.16298155,1,1,228,211,150,150
1,9754,0.15949045,0.15373249,0.15661147,1,1,245,217,125,126
1,9755,0.16609096,0.15987215,0.16298155,1,1,245,217,125,126
1,9756,0.15949045,0.18183497,0.17066271,1,1,245,217,125,126
1,9757,0.21227496,0.17985617,0.19606556,1,1,245,217,125,126
1,9758,0.17120264,0.15987215,0.16553739,1,1,245,217,125,126
1,9759,0.16908465,0.15987215,0.16447840,1,1,245,217,125,126
1,9760,0.18989993,0.17985617,0.18487805,1,1,245,217,125,126
1,9761,0.16652218,0.15987215,0.16319716,1,1,245,217,125,126
1,9762,0.16609096,0.15987215,0.16298155,1,1,245,217,125,126
1,9763,0.21021384,0.15987215,0.18504299,1,1,245,217,125,126
1,9764,0.15125454,0.15987215,0.15556334,1,1,245,217,125,126
1,9765,0.17120264,0.17985617,0.17552940,1,1,245,217,125,126
1,9766,0.16609096,0.15987215,0.16298155,1,1,245,217,125,126
1,9767,0.16652218,0.15987215,0.16319716,1,1,245,217,125,126
1,9768,0.16652218,0.13955414,0.15303816,1,1,245,217,125,126
1,9769,0.15987215,0.16652218,0.16319716,1,1,245,217,125,126
1,9770,0.14826938,0.15987215,0.15407076,1,1,245,217,125,126
1,9771,0.16609096,0.16233229,0.16421163,1,1,245,217,125,126
1,9772,0.13988813,0.15987215,0.14988014,1,1,245,217,125,126
1,9773,0.18733745,0.17985617,0.18359681,1,1,245,217,125,126
1,9774,0.20181899,0.17294905,0.18738402,1,1,245,217,125,126
1,9775,0.16233229,0.15987215,0.16110222,1,1,245,217,125,126
1,9776,0.16908465,0.15987215,0.16447840,1,1,245,217,125,126
1,9777,0.17942675,0.17985617,0.17964146,1,1,245,217,125,126
1,9778,0.23823145,0.23069072,0.23446109,1,1,245,217,125,126
1,9779,0.28023491,0.25085471,0.26554481,1,1,245,217,125,126
1,9780,0.25085471,0.24088565,0.24587018,1,1,245,217,125,126
1,9781,0.25085471,0.20815272,0.22950372,1,1,245,217,125,126
1,9782,0.25085471,0.24088565,0.24587018,1,1,245,217,125,126
1,9783,0.25257298,0.24088565,0.24672931,1,1,245,217,125,126
1,9784,0.27045283,0.24088565,0.25566924,1,1,245,217,125,126
1,9785,0.25955920,0.28119648,0.27037784,1,1,245,217,125,126
1,9786,0.27161608,0.24088565,0.25625087,1,1,245,217,125,126
1,9787,0.25988886,0.24088565,0.25038726,1,1,245,217,125,126
1,9788,0.23009334,0.24146215,0.23577775,1,1,245,203,125,126
1,9789,0.22910792,0.24088565,0.23499679,1,1,245,203,125,126
1,9790,0.25085471,0.25085471,0.25085471,1,1,245,203,125,126
1,9791,0.27137328,0.24088565,0.25612946,1,1,245,217,125,126
1,9792,0.24216838,0.23043085,0.23629962,1,1,245,217,125,126
1,9793,0.24037596,0.23043085,0.23540341,1,1,245,203,125,126
1,9794,0.23823145,0.23043085,0.23433115,1,1,245,203,125,126
1,9795,0.25085471,0.25867838,0.25476654,1,1,245,203,125,126
1,9796,0.24913644,0.27192198,0.26052921,1,1,245,203,125,126
1,9797,0.24913644,0.25257298,0.25085471,1,1,245,203,125,126
1,9798,0.25988886,0.24104044,0.25046465,1,1,244,194,151,151
1,9799,0.22837507,0.21769983,0.22303745,1,1,259,217,125,126
1,9800,0.24978327,0.21556531,0.23267429,1,1,259,217,125,126
1,9801,0.23980822,0.24993734,0.24487278,1,1,259,217,125,126
1,9802,0.20761370,0.25003225,0.22882298,1,1,244,211,151,150
1,9803,0.19984019,0.21556531,0.20770275,1,1,259,217,125,126
1,9804,0.25150600,0.27395385,0.26272992,1,1,244,194,151,151
1,9805,0.20815272,0.19879703,0.20347488,1,1,259,217,125,126
1,9806,0.16652218,0.17510598,0.17081408,1,1,259,217,125,126
1,9807,0.14583333,0.15426798,0.15005066,1,1,259,217,125,126
1,9808,0.16652218,0.15426798,0.16039508,1,1,244,211,151,150
1,9809,0.17179606,0.17592538,0.17386072,1,1,244,211,151,150
1,9810,0.12489163,0.13345894,0.12917529,1,1,244,211,151,150
1,9811,0.10000000,0.13345894,0.11672947,1,1,244,211,151,150
1,9812,0.12489163,0.13345894,0.12917529,1,1,244,211,151,150
1,9813,0.12826949,0.12738941,0.12782945,1,1,244,211,151,150
1,9814,0.10416667,0.13074409,0.11745538,1,1,244,211,151,150
1,9815,0.11990411,0.15426798,0.13708605,1,1,244,211,151,150
1,9816,0.12826949,0.12456822,0.12641885,1,1,244,194,151,151
1,9817,0.14570691,0.15160183,0.14865437,1,1,244,194,151,151
1,9818,0.12500000,0.15470397,0.13985198,1,1,244,194,151,151
1,9819,0.12489163,0.13345894,0.12917529,1,1,244,211,151,150
1,9820,0.12489163,0.13283733,0.12886448,1,1,245,217,125,126
1,9821,0.13383612,0.12738941,0.13061277,1,1,245,217,125,126
1,9822,0.11990411,0.11180154,0.11585282,1,1,244,211,151,150
1,9823,0.12489163,0.13283733,0.12886448,1,1,244,211,151,150
1,9824,0.12838079,0.13345894,0.13091986,1,1,244,211,151,150
1,9825,0.12500000,0.12456822,0.12478411,1,1,244,211,151,150
1,9826,0.16652218,0.15354945,0.16003581,1,1,245,217,125,126
1,9827,0.14908476,0.15354945,0.15131710,1,1,245,217,125,126
1,9828,0.12489163,0.14806187,0.13647675,1,1,245,217,125,126
1,9829,0.16652218,0.12738941,0.14695580,1,1,245,217,125,126
1,9830,0.12489163,0.14806187,0.13647675,1,1,245,217,125,126
1,9831,0.12838079,0.12793733,0.12815906,1,1,245,217,125,126
1,9832,0.14826938,0.12738941,0.13782940,1,1,228,211,150,150
1,9833,0.12489163,0.12793733,0.12641448,1,1,228,194,150,151
1,9834,0.12324555,0.14524363,0.13424459,1,1,228,194,150,151
1,9835,0.11990411,0.12793733,0.12392072,1,1,228,211,150,150
1,9836,0.12489163,0.14466976,0.13478070,1,1,228,211,150,150
1,9837,0.15987215,0.14466976,0.15227095,1,1,228,211,150,150
1,9838,0.14583333,0.14466976,0.14525155,1,1,228,211,150,150
1,9839,0.12489163,0.14200841,0.13345002,1,1,231,217,125,126
1,9840,0.12826949,0.14466976,0.13646962,1,1,228,211,150,150
1,9841,0.12500000,0.12236765,0.12368383,1,1,231,217,125,126
1,9842,0.12500000,0.10251012,0.11375506,1,1,231,217,125,126
1,9843,0.12500000,0.10719784,0.11609892,1,1,231,217,125,126
1,9844,0.12500000,0.11914522,0.12207261,1,1,231,217,125,126
1,9845,0.12489163,0.11914522,0.12201842,1,1,231,217,125,126
1,9846,0.12838079,0.12559009,0.12698544,1,1,231,217,125,126
1,9847,0.12489163,0.12236765,0.12362964,1,1,231,217,125,126
1,9848,0.14570691,0.14222519,0.14396605,1,1,231,217,125,126
1,9849,0.12500000,0.13955414,0.13227707,1,1,231,217,125,126
1,9850,0.14570691,0.14466976,0.14518833,1,1,231,217,125,126
1,9851,0.12838079,0.12559009,0.12698544,1,1,231,217,125,126
1,9852,0.10416667,0.11914522,0.11165594,1,1,231,217,125,126
1,9853,0.12500000,0.09928768,0.11214384,1,1,231,217,125,126
1,9854,0.12838079,0.10397541,0.11617810,1,1,231,217,125,126
1,9855,0.13043478,0.11772427,0.12407952,1,1,231,217,125,126
1,9856,0.10416667,0.12082442,0.11249554,1,1,231,217,125,126
1,9857,0.12489163,0.09928768,0.11208966,1,1,231,217,125,126
1,9858,0.14570691,0.14144732,0.14357712,1,1,231,217,125,126
1,9859,0.12489163,0.13900275,0.13194719,1,1,231,217,125,126
1,9860,0.14570691,0.16194472,0.15382581,1,1,231,217,125,126
1,9861,0.12489163,0.15753577,0.14121370,1,1,231,217,125,126
1,9862,0.13031167,0.12793733,0.12912450,1,1,231,217,125,126
1,9863,0.14788543,0.14524363,0.14656453,1,1,231,217,125,126
1,9864,0.14532959,0.14524363,0.14528661,1,1,231,217,125,126
1,9865,0.13383612,0.12608827,0.12996220,1,1,231,217,125,126
1,9866,0.13345894,0.12285305,0.12815600,1,1,231,217,125,126
1,9867,0.13031167,0.12608827,0.12819997,1,1,231,217,125,126
1,9868,0.13031167,0.13202516,0.13116842,1,1,211,194,150,151
1,9869,0.12994443,0.13130644,0.13062543,1,1,211,194,150,151
1,9870,0.12994443,0.13202516,0.13098479,1,1,211,194,150,151
1,9871,0.13622299,0.15160183,0.14391241,1,1,211,194,150,151
1,9872,0.13622299,0.16864680,0.15243489,1,1,211,194,150,151
1,9873,0.13622299,0.13130644,0.13376471,1,1,211,194,150,151
1,9874,0.15203029,0.14532959,0.14867994,1,1,211,194,150,151
1,9875,0.18163065,0.13130644,0.15646854,1,1,211,194,150,151
1,9876,0.15203029,0.17046943,0.16124986,1,1,211,194,150,151
1,9877,0.15843756,0.15060676,0.15452216,1,1,211,194,150,151
1,9878,0.18163065,0.16439899,0.17301482,1,1,211,194,150,151
1,9879,0.18163065,0.16130486,0.17146776,1,1,211,194,150,151
1,9880,0.13043478,0.15060676,0.14052077,1,1,211,211,150,150
1,9881,0.18442562,0.17046943,0.17744753,1,1,211,211,150,150
1,9882,0.18163065,0.15125454,0.16644259,1,1,211,211,150,150
1,9883,0.18442562,0.17120264,0.17781413,1,1,211,194,150,151
1,9884,0.18163065,0.17120264,0.17641665,1,1,211,194,150,151
1,9885,0.18442562,0.16609096,0.17525829,1,1,211,194,150,151
1,9886,0.10074460,0.10869565,0.10472013,1,1,211,194,150,151
1,9887,0.11351916,0.06521739,0.08936827,1,1,211,194,150,151
1,9888,0.09712859,0.07422203,0.08567531,1,1,211,194,150,151
1,9889,0.11363636,0.10745422,0.11054529,1,1,211,194,150,151
1,9890,0.15909091,0.13383612,0.14646352,1,1,211,194,150,151
1,9891,0.15892682,0.12826949,0.14359815,1,1,211,194,150,151
1,9892,0.22703831,0.20133714,0.21418773,1,1,211,194,150,151
1,9893,0.18163065,0.17164713,0.17663889,1,1,211,194,150,151
1,9894,0.19758279,0.17942675,0.18850477,1,1,211,194,150,151
1,9895,0.20370544,0.20966948,0.20668746,1,1,211,194,150,151
1,9896,0.19546751,0.19146395,0.19346573,1,1,211,194,150,151
1,9897,0.19546751,0.20133714,0.19840233,1,1,211,194,150,151
1,9898,0.22928644,0.20331123,0.21629883,1,1,211,194,150,151
1,9899,0.20433448,0.21172526,0.20802987,1,1,211,194,150,151
1,9900,0.21718612,0.20133714,0.20926163,1,1,211,194,150,151
1,9901,0.19491664,0.17120264,0.18305964,1,1,211,194,150,151
1,9902,0.23890474,0.20181899,0.22036187,1,1,211,194,150,151
1,9903,0.23890474,0.20761370,0.22325922,1,1,211,194,150,151
1,9904,0.23890474,0.25085471,0.24487972,1,1,211,194,150,151
1,9905,0.23890474,0.25085471,0.24487972,1,1,231,217,125,126
1,9906,0.23890474,0.25085471,0.24487972,1,1,231,217,125,126
1,9907,0.23890474,0.20331123,0.22110798,1,1,231,217,125,126
1,9908,0.23890474,0.23009334,0.23449904,1,1,231,217,125,126
1,9909,0.21718612,0.20966948,0.21342780,1,1,231,217,125,126
1,9910,0.23890474,0.20331123,0.22110798,1,1,231,217,125,126
1,9911,0.20815272,0.22127345,0.21471308,1,1,228,211,150,150
1,9912,0.21227496,0.20877153,0.21052325,1,1,228,211,150,150
1,9913,0.23890474,0.25257298,0.24573886,1,1,228,211,150,150
1,9914,0.21718612,0.23115490,0.22417051,1,1,228,211,150,150
1,9915,0.23275184,0.24978038,0.24126611,1,1,228,211,150,150
1,9916,0.21718612,0.20331123,0.21024867,1,1,228,211,150,150
1,9917,0.21227496,0.20133714,0.20680605,1,1,245,217,125,126
1,9918,0.23069072,0.20966948,0.22018010,1,1,245,217,125,126
1,9919,0.23890474,0.20133714,0.22012094,1,1,245,217,125,126
1,9920,0.23102911,0.20054164,0.21578538,1,1,244,211,151,150
1,9921,0.24070223,0.20133714,0.22101969,1,1,244,211,151,150
1,9922,0.23275184,0.20133714,0.21704449,1,1,244,211,151,150
1,9923,0.23102911,0.22094935,0.22598923,1,1,244,211,151,150
1,9924,0.23069072,0.22094935,0.22582003,1,1,244,211,151,150
1,9925,0.22896799,0.20133714,0.21515257,1,1,244,211,151,150
1,9926,0.22916667,0.23009334,0.22963000,1,1,244,211,151,150
1,9927,0.23069072,0.20877153,0.21973113,1,1,244,211,151,150
1,9928,0.23069072,0.20877153,0.21973113,1,1,244,211,151,150
1,9929,0.22896799,0.22204264,0.22550532,1,1,244,211,151,150
1,9930,0.22000000,0.23115490,0.22557745,1,1,244,211,151,150
1,9931,0.22147814,0.22007636,0.22077725,1,1,244,211,151,150
1,9932,0.19984019,0.22007636,0.20995827,1,1,244,211,151,150
1,9933,0.21982420,0.24157736,0.23070078,1,1,244,211,151,150
1,9934,0.21039624,0.22944399,0.21992011,1,1,244,211,151,150
1,9935,0.20833333,0.20250793,0.20542063,1,1,259,217,125,126
1,9936,0.23122957,0.23115490,0.23119224,1,1,244,211,151,150
1,9937,0.20815272,0.22204264,0.21509768,1,1,244,211,151,150
1,9938,0.20833333,0.21081851,0.20957592,1,1,245,217,125,126
1,9939,0.19984019,0.22204264,0.21094141,1,1,245,217,125,126
1,9940,0.20198039,0.20956841,0.20577440,1,1,245,217,125,126
1,9941,0.20815272,0.21081851,0.20948562,1,1,245,217,125,126
1,9942,0.22165525,0.20250793,0.21208159,1,1,245,217,125,126
1,9943,0.23980822,0.22204264,0.23092543,1,1,245,217,125,126
1,9944,0.19984019,0.20877153,0.20430586,1,1,245,217,125,126
1,9945,0.21982420,0.20250793,0.21116607,1,1,245,217,125,126
1,9946,0.24913644,0.22978420,0.23946032,1,1,245,217,125,126
1,9947,0.21982420,0.21081851,0.21532136,1,1,245,217,125,126
1,9948,0.21982420,0.22204264,0.22093342,1,1,245,217,125,126
1,9949,0.25085471,0.22978420,0.24031946,1,1,245,217,125,126
1,9950,0.21982420,0.24157736,0.23070078,1,1,245,217,125,126
1,9951,0.22896799,0.20139916,0.21518358,1,1,245,217,125,126
1,9952,0.21929936,0.21081851,0.21505894,1,1,245,217,125,126
1,9953,0.25150600,0.22204264,0.23677432,1,1,245,217,125,126
1,9954,0.22147814,0.22204264,0.22176039,1,1,245,217,125,126
1,9955,0.25150600,0.22082692,0.23616646,1,1,245,217,125,126
1,9956,0.20815272,0.22204264,0.21509768,1,1,245,217,125,126
1,9957,0.24978327,0.22082692,0.23530509,1,1,245,217,125,126
1,9958,0.20815272,0.22127345,0.21471308,1,1,245,217,125,126
1,9959,0.22896799,0.20250793,0.21573796,1,1,245,217,125,126
1,9960,0.21021384,0.22204264,0.21612824,1,1,245,217,125,126
1,9961,0.22896799,0.23214912,0.23055856,1,1,245,217,125,126
1,9962,0.25150600,0.24978038,0.25064319,1,1,245,217,125,126
1,9963,0.25150600,0.24157736,0.24654168,1,1,245,217,125,126
1,9964,0.25085471,0.24253564,0.24669517,1,1,245,217,125,126
1,9965,0.25150600,0.24157736,0.24654168,1,1,245,217,125,126
1,9966,0.23923567,0.24157736,0.24040651,1,1,245,217,125,126
1,9967,0.25150600,0.22007636,0.23579118,1,1,245,217,125,126
1,9968,0.25150600,0.24157736,0.24654168,1,1,245,217,125,126
1,9969,0.27207783,0.24157736,0.25682760,1,1,245,217,125,126
1,9970,0.27059854,0.25149129,0.26104491,1,1,245,217,125,126
1,9971,0.23980822,0.24157736,0.24069279,1,1,245,217,125,126
1,9972,0.22896799,0.25257298,0.24077049,1,1,245,217,125,126
1,9973,0.22896799,0.22292343,0.22594571,1,1,245,217,125,126
1,9974,0.20815272,0.22007636,0.21411454,1,1,245,217,125,126
1,9975,0.22896799,0.22204264,0.22550532,1,1,245,217,125,126
1,9976,0.24913644,0.22204264,0.23558954,1,1,245,217,125,126
1,9977,0.23890474,0.24978038,0.24434256,1,1,245,217,125,126
1,9978,0.20966948,0.23993390,0.22480169,1,1,245,217,125,126
1,9979,0.25257298,0.24157736,0.24707517,1,1,245,217,125,126
1,9980,0.26989781,0.23993390,0.25491585,1,1,245,217,125,126
1,9981,0.27232127,0.23993390,0.25612758,1,1,245,217,125,126
1,9982,0.26168128,0.24157736,0.25162932,1,1,245,217,125,126
1,9983,0.24913644,0.22039918,0.23476781,1,1,245,217,125,126
1,9984,0.26168128,0.24157736,0.25162932,1,1,245,217,125,126
1,9985,0.25085471,0.26120266,0.25602869,1,1,228,211,150,150
1,9986,0.24978327,0.22039918,0.23509122,1,1,228,211,150,150
1,9987,0.25988886,0.26120266,0.26054576,1,1,228,211,150,150
1,9988,0.22896799,0.22007636,0.22452218,1,1,228,211,150,150
1,9989,0.20966948,0.22007636,0.21487292,1,1,228,211,150,150
1,9990,0.23275184,0.24088565,0.23681875,1,1,228,211,150,150
1,9991,0.25150600,0.24088565,0.24619582,1,1,228,211,150,150
1,9992,0.21982420,0.24088565,0.23035493,1,1,228,211,150,150
1,9993,0.23102911,0.24253564,0.23678237,1,1,228,211,150,150
1,9994,0.23069072,0.23993390,0.23531231,1,1,245,217,125,126
1,9995,0.24088565,0.23326331,0.23707448,1,1,245,217,125,126
1,9996,0.25150600,0.24253564,0.24702082,1,1,245,217,125,126
1,9997,0.24978327,0.22094935,0.23536631,1,1,245,217,125,126
1,9998,0.25150600,0.20133714,0.22642157,1,1,245,217,125,126
1,9999,0.25085471,0.23993390,0.24539430,1,1,245,217,125,126
1,10000,0.24913644,0.23241042,0.24077343,1,1,245,217,125,126
1,10001,0.24088565,0.23993390,0.24040977,1,1,245,217,125,126
1,10002,0.25085471,0.24157736,0.24621603,1,1,245,217,125,126
1,10003,0.25085471,0.24157736,0.24621603,1,1,245,217,125,126
1,10004,0.26121246,0.26223879,0.26172562,1,1,245,217,125,126
1,10005,0.27232127,0.25085471,0.26158799,1,1,245,217,125,126
1,10006,0.28119648,0.26223879,0.27171763,1,1,245,217,125,126
1,10007,0.26082196,0.24253564,0.25167880,1,1,245,217,125,126
1,10008,0.25150600,0.26223879,0.25687239,1,1,245,217,125,126
1,10009,0.26082196,0.24088565,0.25085381,1,1,245,217,125,126
1,10010,0.24088565,0.25085053,0.24586809,1,1,245,217,125,126
1,10011,0.27137328,0.26223879,0.26680603,1,1,245,217,125,126
1,10012,0.27137328,0.24157736,0.25647532,1,1,245,217,125,126
1,10013,0.29065918,0.28082797,0.28574357,1,1,245,217,125,126
1,10014,0.29786304,0.30051056,0.29918680,1,1,245,217,125,126
1,10015,0.28194194,0.29361011,0.28777603,1,1,245,217,125,126
1,10016,0.29213465,0.28082797,0.28648131,1,1,245,217,125,126
1,10017,0.30170261,0.27941674,0.29055967,1,1,245,217,125,126
1,10018,0.28194194,0.29786304,0.28990249,1,1,245,217,125,126
1,10019,0.29065918,0.28082797,0.28574357,1,1,245,217,125,126
1,10020,0.33218192,0.28082797,0.30650494,1,1,245,217,125,126
1,10021,0.31142055,0.28082797,0.29612426,1,1,245,217,125,126
1,10022,0.29289311,0.26223879,0.27756595,1,1,245,217,125,126
1,10023,0.22896799,0.20133714,0.21515257,1,1,245,217,125,126
1,10024,0.24978327,0.20133714,0.22556020,1,1,245,217,125,126
1,10025,0.23275184,0.24978038,0.24126611,1,1,245,217,125,126
1,10026,0.23890474,0.20054164,0.21972319,1,1,245,217,125,126
1,10027,0.20761370,0.20877153,0.20819262,1,1,245,217,125,126
1,10028,0.24978327,0.24088565,0.24533446,1,1,228,211,150,150
1,10029,0.26062335,0.24157736,0.25110035,1,1,245,217,125,126
1,10030,0.29141381,0.28082797,0.28612089,1,1,228,211,150,150
1,10031,0.30474281,0.28082797,0.29278539,1,1,228,211,150,150
1,10032,0.26168128,0.28082797,0.27125463,1,1,228,211,150,150
1,10033,0.30320367,0.29088353,0.29704360,1,1,228,211,150,150
1,10034,0.25988886,0.27416516,0.26702701,1,1,231,217,125,126
1,10035,0.28154626,0.28497903,0.28326265,1,1,231,217,125,126
1,10036,0.26989781,0.26223879,0.26606830,1,1,231,217,125,126
1,10037,0.30406057,0.24253564,0.27329810,1,1,231,217,125,126
1,10038,0.29065918,0.27017162,0.28041540,1,1,231,217,125,126
1,10039,0.29141381,0.30416342,0.29778861,1,1,231,217,125,126
1,10040,0.30406057,0.28082797,0.29244427,1,1,231,217,125,126
1,10041,0.29289311,0.26223879,0.27756595,1,1,231,217,125,126
1,10042,0.29289311,0.24253564,0.26771437,1,1,231,217,125,126
1,10043,0.29141381,0.25221319,0.27181350,1,1,231,217,125,126
1,10044,0.29141381,0.25221319,0.27181350,1,1,231,217,125,126
1,10045,0.29289311,0.24253564,0.26771437,1,1,231,217,125,126
1,10046,0.29289311,0.23326331,0.26307821,1,1,231,217,125,126
1,10047,0.29141381,0.24253564,0.26697472,1,1,231,217,125,126
1,10048,0.28234196,0.26120266,0.27177231,1,1,231,217,125,126
1,10049,0.28154626,0.28082797,0.28118712,1,1,231,217,125,126
1,10050,0.28333869,0.24253564,0.26293716,1,1,231,217,125,126
1,10051,0.24913644,0.24253564,0.24583604,1,1,231,217,125,126
1,10052,0.24913644,0.24253564,0.24583604,1,1,231,217,125,126
1,10053,0.28333869,0.24253564,0.26293716,1,1,231,217,125,126
1,10054,0.27059854,0.24157736,0.25608795,1,1,231,217,125,126
1,10055,0.26989781,0.24253564,0.25621672,1,1,231,217,125,126
1,10056,0.26989781,0.24253564,0.25621672,1,1,231,217,125,126
1,10057,0.24913644,0.24253564,0.24583604,1,1,231,217,125,126
1,10058,0.26989781,0.28194194,0.27591988,1,1,231,217,125,126
1,10059,0.26062335,0.24253564,0.25157949,1,1,231,217,125,126
1,10060,0.25150600,0.24157736,0.24654168,1,1,231,217,125,126
1,10061,0.25150600,0.24157736,0.24654168,1,1,231,217,125,126
1,10062,0.25150600,0.23993390,0.24571995,1,1,231,217,125,126
1,10063,0.25150600,0.24157736,0.24654168,1,1,231,217,125,126
1,10064,0.27059854,0.19553848,0.23306851,1,1,231,217,125,126
1,10065,0.27977626,0.23993390,0.25985508,1,1,231,217,125,126
1,10066,0.25150600,0.23993390,0.24571995,1,1,231,217,125,126
1,10067,0.25257298,0.24157736,0.24707517,1,1,228,211,150,150
1,10068,0.26242084,0.24088565,0.25165325,1,1,228,211,150,150
1,10069,0.27380056,0.24088565,0.25734311,1,1,228,211,150,150
1,10070,0.25257298,0.23167641,0.24212469,1,1,228,211,150,150
1,10071,0.25322872,0.24088565,0.24705719,1,1,245,217,125,126
1,10072,0.25150600,0.24088565,0.24619582,1,1,245,217,125,126
1,10073,0.25150600,0.23993390,0.24571995,1,1,245,217,125,126
1,10074,0.25085471,0.24088565,0.24587018,1,1,245,217,125,126
1,10075,0.25257298,0.19553848,0.22405573,1,1,245,217,125,126
1,10076,0.25085471,0.20966948,0.23026210,1,1,245,217,125,126
1,10077,0.25150600,0.20331123,0.22740861,1,1,245,217,125,126
1,10078,0.25150600,0.20133714,0.22642157,1,1,245,217,125,126
1,10079,0.20966948,0.20133714,0.20550331,1,1,245,217,125,126
1,10080,0.21871855,0.21172526,0.21522191,1,1,245,217,125,126
1,10081,0.24002388,0.24088565,0.24045477,1,1,245,217,125,126
1,10082,0.21172526,0.20054164,0.20613345,1,1,245,217,125,126
1,10083,0.23275184,0.20331123,0.21803153,1,1,245,217,125,126
1,10084,0.26242084,0.20054164,0.23148124,1,1,245,217,125,126
1,10085,0.23069072,0.20966948,0.22018010,1,1,245,217,125,126
1,10086,0.22148726,0.20133714,0.21141220,1,1,245,217,125,126
1,10087,0.24285280,0.22007636,0.23146458,1,1,245,217,125,126
1,10088,0.24285280,0.25085471,0.24685375,1,1,245,217,125,126
1,10089,0.23275184,0.24157736,0.23716460,1,1,245,217,125,126
1,10090,0.23214912,0.23082932,0.23148922,1,1,245,217,125,126
1,10091,0.25322872,0.24088565,0.24705719,1,1,245,217,125,126
1,10092,0.25322872,0.24088565,0.24705719,1,1,245,217,125,126
1,10093,0.24978327,0.24088565,0.24533446,1,1,245,217,125,126
1,10094,0.25150600,0.23993390,0.24571995,1,1,245,217,125,126
1,10095,0.25150600,0.22039918,0.23595259,1,1,245,217,125,126
1,10096,0.25085471,0.23993390,0.24539430,1,1,245,217,125,126
1,10097,0.21021384,0.24088565,0.22554975,1,1,245,217,125,126
1,10098,0.23102911,0.20133714,0.21618313,1,1,245,217,125,126
1,10099,0.23275184,0.24088565,0.23681875,1,1,245,217,125,126
1,10100,0.25322872,0.23326331,0.24324602,1,1,245,217,125,126
1,10101,0.25150600,0.23241042,0.24195821,1,1,245,217,125,126
1,10102,0.25150600,0.22039918,0.23595259,1,1,245,217,125,126
1,10103,0.25150600,0.24088565,0.24619582,1,1,245,217,125,126
1,10104,0.24978327,0.24088565,0.24533446,1,1,245,217,125,126
1,10105,0.25085471,0.24088565,0.24587018,1,1,245,217,125,126
1,10106,0.23102911,0.22094935,0.22598923,1,1,245,217,125,126
1,10107,0.26989781,0.24088565,0.25539173,1,1,245,217,125,126
1,10108,0.23043085,0.23993390,0.23518237,1,1,245,217,125,126
1,10109,0.23043085,0.23082932,0.23063009,1,1,245,217,125,126
1,10110,0.23009334,0.24253564,0.23631449,1,1,245,217,125,126
1,10111,0.23009334,0.24088565,0.23548950,1,1,245,217,125,126
1,10112,0.23923567,0.23326331,0.23624949,1,1,245,217,125,126
1,10113,0.24978327,0.21440089,0.23209208,1,1,245,217,125,126
1,10114,0.25085471,0.21250228,0.23167849,1,1,245,217,125,126
1,10115,0.25085471,0.20133714,0.22609592,1,1,245,217,125,126
1,10116,0.25085471,0.22094935,0.23590203,1,1,245,217,125,126
1,10117,0.24088565,0.24120975,0.24104770,1,1,245,217,125,126
1,10118,0.24088565,0.21250228,0.22669397,1,1,245,217,125,126
1,10119,0.25085471,0.24088565,0.24587018,1,1,245,217,125,126
1,10120,0.25085471,0.23923567,0.24504519,1,1,245,217,125,126
1,10121,0.25085471,0.24088565,0.24587018,1,1,245,217,125,126
1,10122,0.24913644,0.22127345,0.23520494,1,1,245,217,125,126
1,10123,0.25085471,0.24088565,0.24587018,1,1,245,217,125,126
1,10124,0.24088565,0.19363987,0.21726276,1,1,245,217,125,126
1,10125,0.25085471,0.24088565,0.24587018,1,1,245,217,125,126
1,10126,0.27137328,0.24253564,0.25695446,1,1,245,217,125,126
1,10127,0.21021384,0.22094935,0.21558159,1,1,245,217,125,126
1,10128,0.21227496,0.24088565,0.22658031,1,1,245,217,125,126
1,10129,0.19984019,0.24088565,0.22036292,1,1,245,217,125,126
1,10130,0.20761370,0.24253564,0.22507467,1,1,245,217,125,126
1,10131,0.19936306,0.23993390,0.21964848,1,1,245,217,125,126
1,10132,0.20966948,0.20133714,0.20550331,1,1,245,217,125,126
1,10133,0.16652218,0.20966948,0.18809583,1,1,245,217,125,126
1,10134,0.21227496,0.16609096,0.18918296,1,1,245,217,125,126
1,10135,0.20815272,0.16652218,0.18733745,1,1,245,217,125,126
1,10136,0.20815272,0.16864680,0.18839976,1,1,245,217,125,126
1,10137,0.25322872,0.19936306,0.22629589,1,1,245,217,125,126
1,10138,0.20966948,0.20966948,0.20966948,1,1,245,217,125,126
1,10139,0.21172526,0.20761370,0.20966948,1,1,245,217,125,126
1,10140,0.23275184,0.20966948,0.22121066,1,1,245,217,125,126
1,10141,0.21243793,0.20331123,0.20787458,1,1,245,217,125,126
1,10142,0.20987545,0.18183497,0.19585521,1,1,245,217,125,126
1,10143,0.21172526,0.20331123,0.20751824,1,1,245,217,125,126
1,10144,0.20966948,0.18385511,0.19676229,1,1,245,217,125,126
1,10145,0.22837507,0.20331123,0.21584315,1,1,245,217,125,126
1,10146,0.20761370,0.20966948,0.20864159,1,1,245,217,125,126
1,10147,0.20815272,0.20331123,0.20573197,1,1,245,217,125,126
1,10148,0.20815272,0.20331123,0.20573197,1,1,245,217,125,126
1,10149,0.21021384,0.20133714,0.20577549,1,1,245,217,125,126
1,10150,0.23069072,0.20133714,0.21601393,1,1,245,217,125,126
1,10151,0.25322872,0.20133714,0.22728293,1,1,245,217,125,126
1,10152,0.25322872,0.21440089,0.23381481,1,1,245,217,125,126
1,10153,0.21172526,0.24253564,0.22713045,1,1,245,217,125,126
1,10154,0.25257298,0.24088565,0.24672931,1,1,245,217,125,126
1,10155,0.25322872,0.20133714,0.22728293,1,1,245,217,125,126
1,10156,0.23275184,0.20133714,0.21704449,1,1,245,217,125,126
1,10157,0.23275184,0.20133714,0.21704449,1,1,245,217,125,126
1,10158,0.25085471,0.22127345,0.23606408,1,1,245,217,125,126
1,10159,0.25257298,0.20133714,0.22695506,1,1,245,217,125,126
1,10160,0.25257298,0.24088565,0.24672931,1,1,245,217,125,126
1,10161,0.20966948,0.24088565,0.22527757,1,1,245,217,125,126
1,10162,0.20966948,0.23829043,0.22397996,1,1,245,217,125,126
1,10163,0.20966948,0.20133714,0.20550331,1,1,245,217,125,126
1,10164,0.20966948,0.20054164,0.20510556,1,1,245,217,125,126
1,10165,0.20966948,0.19363987,0.20165467,1,1,245,217,125,126
1,10166,0.21929936,0.24088565,0.23009251,1,1,245,217,125,126
1,10167,0.20761370,0.24088565,0.22424968,1,1,245,217,125,126
1,10168,0.25085471,0.24146215,0.24615843,1,1,245,217,125,126
1,10169,0.20966948,0.20133714,0.20550331,1,1,245,217,125,126
1,10170,0.20761370,0.20133714,0.20447542,1,1,245,217,125,126
1,10171,0.20761370,0.20331123,0.20546246,1,1,245,217,125,126
1,10172,0.20761370,0.20133714,0.20447542,1,1,245,217,125,126
1,10173,0.20761370,0.20133714,0.20447542,1,1,245,217,125,126
1,10174,0.20761370,0.20133714,0.20447542,1,1,245,217,125,126
1,10175,0.20966948,0.20133714,0.20550331,1,1,245,217,125,126
1,10176,0.20966948,0.20133714,0.20550331,1,1,245,217,125,126
1,10177,0.20966948,0.20133714,0.20550331,1,1,245,217,125,126
1,10178,0.20966948,0.20331123,0.20649035,1,1,245,217,125,126
1,10179,0.20966948,0.20133714,0.20550331,1,1,245,217,125,126
1,10180,0.21172526,0.20761370,0.20966948,1,1,245,217,125,126
1,10181,0.23009334,0.22094935,0.22552134,1,1,245,217,125,126
1,10182,0.25085471,0.24088565,0.24587018,1,1,245,217,125,126
1,10183,0.24913644,0.20331123,0.22622383,1,1,245,217,125,126
1,10184,0.25257298,0.25149129,0.25203213,1,1,245,217,125,126
1,10185,0.22837507,0.24157736,0.23497622,1,1,245,217,125,126
1,10186,0.24913644,0.23993390,0.24453517,1,1,245,217,125,126
1,10187,0.24913644,0.26120266,0.25516955,1,1,245,217,125,126
1,10188,0.22896799,0.24253564,0.23575181,1,1,245,217,125,126
1,10189,0.22837507,0.24157736,0.23497622,1,1,245,217,125,126
1,10190,0.24065250,0.23993390,0.24029320,1,1,245,217,125,126
1,10191,0.25085471,0.24253564,0.24669517,1,1,245,217,125,126
1,10192,0.26062335,0.20133714,0.23098025,1,1,245,217,125,126
1,10193,0.24913644,0.23993390,0.24453517,1,1,245,217,125,126
1,10194,0.25085471,0.24088565,0.24587018,1,1,245,217,125,126
1,10195,0.26062335,0.20966948,0.23514642,1,1,245,217,125,126
1,10196,0.23993390,0.23241042,0.23617216,1,1,245,217,125,126
1,10197,0.25257298,0.23993390,0.24625344,1,1,245,217,125,126
1,10198,0.25085471,0.23326331,0.24205901,1,1,245,217,125,126
1,10199,0.25150600,0.22127345,0.23638972,1,1,245,217,125,126
1,10200,0.25322872,0.22127345,0.23725109,1,1,245,217,125,126
1,10201,0.25085471,0.24088565,0.24587018,1,1,245,217,125,126
1,10202,0.25085471,0.25257298,0.25171384,1,1,245,217,125,126
1,10203,0.24913644,0.24088565,0.24501105,1,1,245,217,125,126
1,10204,0.25085471,0.24088565,0.24587018,1,1,245,217,125,126
1,10205,0.26062335,0.24088565,0.25075450,1,1,245,217,125,126
1,10206,0.24978327,0.24088565,0.24533446,1,1,245,217,125,126
1,10207,0.25150600,0.20133714,0.22642157,1,1,245,217,125,126
1,10208,0.25085471,0.24088565,0.24587018,1,1,245,217,125,126
1,10209,0.25085471,0.23993390,0.24539430,1,1,245,217,125,126
1,10210,0.25257298,0.23993390,0.24625344,1,1,245,217,125,126
1,10211,0.25257298,0.24157736,0.24707517,1,1,245,217,125,126
1,10212,0.29213465,0.28052511,0.28632988,1,1,245,217,125,126
1,10213,0.29213465,0.28194194,0.28703829,1,1,245,217,125,126
1,10214,0.29213465,0.28194194,0.28703829,1,1,245,217,125,126
1,10215,0.25085471,0.24088565,0.24587018,1,1,245,217,125,126
1,10216,0.25085471,0.26082196,0.25583833,1,1,245,217,125,126
1,10217,0.25085471,0.23923567,0.24504519,1,1,245,217,125,126
1,10218,0.25085471,0.23923567,0.24504519,1,1,245,217,125,126
1,10219,0.29213465,0.26223879,0.27718672,1,1,245,217,125,126
1,10220,0.29235267,0.23326331,0.26280799,1,1,245,217,125,126
1,10221,0.25085471,0.24088565,0.24587018,1,1,245,217,125,126
1,10222,0.29065918,0.26082196,0.27574057,1,1,245,217,125,126
1,10223,0.24913644,0.24253564,0.24583604,1,1,245,217,125,126
1,10224,0.24088565,0.24253564,0.24171064,1,1,245,217,125,126
1,10225,0.25085471,0.28194194,0.26639832,1,1,245,217,125,126
1,10226,0.24088565,0.23326331,0.23707448,1,1,245,217,125,126
1,10227,0.29213465,0.28194194,0.28703829,1,1,245,217,125,126
1,10228,0.30474281,0.28082797,0.29278539,1,1,245,217,125,126
1,10229,0.29213465,0.23167641,0.26190553,1,1,245,217,125,126
1,10230,0.25257298,0.23923567,0.24590432,1,1,245,217,125,126
1,10231,0.25085471,0.24088565,0.24587018,1,1,245,217,125,126
1,10232,0.24806947,0.26843775,0.25825361,1,1,245,217,125,126
1,10233,0.25085471,0.26120266,0.25602869,1,1,245,217,125,126
1,10234,0.25149129,0.26223879,0.25686504,1,1,245,217,125,126
1,10235,0.27021107,0.25221319,0.26121213,1,1,245,217,125,126
1,10236,0.29213465,0.28082797,0.28648131,1,1,245,217,125,126
1,10237,0.29213465,0.28082797,0.28648131,1,1,245,217,125,126
1,10238,0.29213465,0.28082797,0.28648131,1,1,245,217,125,126
1,10239,0.24913644,0.26120266,0.25516955,1,1,245,217,125,126
1,10240,0.29235267,0.25221319,0.27228293,1,1,245,217,125,126
1,10241,0.25085471,0.23993390,0.24539430,1,1,245,217,125,126
1,10242,0.26347371,0.28082797,0.27215084,1,1,245,217,125,126
1,10243,0.25085471,0.28082797,0.26584134,1,1,245,217,125,126
1,10244,0.29213465,0.28082797,0.28648131,1,1,245,217,125,126
1,10245,0.27137328,0.28082797,0.27610062,1,1,245,217,125,126
1,10246,0.29213465,0.24253564,0.26733514,1,1,245,217,125,126
1,10247,0.27137328,0.28082797,0.27610062,1,1,245,217,125,126
1,10248,0.30628196,0.26881394,0.28754795,1,1,245,217,125,126
1,10249,0.26168128,0.28082797,0.27125463,1,1,245,217,125,126
1,10250,0.25085471,0.24993334,0.25039402,1,1,245,217,125,126
1,10251,0.25257298,0.26120266,0.25688782,1,1,245,217,125,126
1,10252,0.27161608,0.28082797,0.27622202,1,1,245,217,125,126
1,10253,0.25085471,0.28082797,0.26584134,1,1,245,217,125,126
1,10254,0.29361011,0.26120266,0.27740639,1,1,245,217,125,126
1,10255,0.25257298,0.27017162,0.26137230,1,1,245,217,125,126
1,10256,0.26347371,0.25085471,0.25716421,1,1,245,217,125,126
1,10257,0.25257298,0.24088565,0.24672931,1,1,245,217,125,126
1,10258,0.26347371,0.23923567,0.25135469,1,1,245,217,125,126
1,10259,0.26347371,0.24088565,0.25217968,1,1,245,217,125,126
1,10260,0.26347371,0.24088565,0.25217968,1,1,245,217,125,126
1,10261,0.25257298,0.24253564,0.24755431,1,1,245,217,125,126
1,10262,0.26989781,0.24253564,0.25621672,1,1,228,211,150,150
1,10263,0.30320367,0.26223879,0.28272123,1,1,228,211,150,150
1,10264,0.28154626,0.24157736,0.26156181,1,1,228,211,150,150
1,10265,0.26168128,0.24993334,0.25580731,1,1,228,211,150,150
1,10266,0.29361011,0.26058880,0.27709946,1,1,228,211,150,150
1,10267,0.29213465,0.27941674,0.28577569,1,1,245,217,125,126
1,10268,0.29065918,0.29927427,0.29496673,1,1,228,211,150,150
1,10269,0.29065918,0.23008950,0.26037434,1,1,228,211,150,150
1,10270,0.29213465,0.26223879,0.27718672,1,1,245,217,125,126
1,10271,0.26168128,0.26120266,0.26144197,1,1,245,217,125,126
1,10272,0.28154626,0.24970992,0.26562809,1,1,228,211,150,150
1,10273,0.26168128,0.24253564,0.25210846,1,1,228,211,150,150
1,10274,0.25988886,0.24088565,0.25038726,1,1,228,211,150,150
1,10275,0.30332342,0.28082797,0.29207569,1,1,228,211,150,150
1,10276,0.30474281,0.27800550,0.29137416,1,1,228,211,150,150
1,10277,0.30560407,0.25814797,0.28187602,1,1,228,211,150,150
1,10278,0.28333869,0.26120266,0.27227068,1,1,228,211,150,150
1,10279,0.28308541,0.28194194,0.28251367,1,1,231,217,125,126
1,10280,0.28154626,0.24253564,0.26204095,1,1,231,217,125,126
1,10281,0.29065918,0.27116308,0.28091113,1,1,231,217,125,126
1,10282,0.30320367,0.25917198,0.28118782,1,1,228,211,150,150
1,10283,0.29065918,0.27017162,0.28041540,1,1,231,217,125,126
1,10284,0.30628196,0.29088353,0.29858274,1,1,245,217,125,126
1,10285,0.25085471,0.28082797,0.26584134,1,1,245,217,125,126
1,10286,0.30474281,0.28082797,0.29278539,1,1,228,211,150,150
1,10287,0.25085471,0.24253564,0.24669517,1,1,245,217,125,126
1,10288,0.29065918,0.26223879,0.27644898,1,1,228,211,150,150
1,10289,0.29065918,0.26223879,0.27644898,1,1,228,211,150,150
1,10290,0.25085471,0.24157736,0.24621603,1,1,245,217,125,126
1,10291,0.30628196,0.27941674,0.29284935,1,1,245,217,125,126
1,10292,0.30474281,0.25814797,0.28144539,1,1,245,217,125,126
1,10293,0.30474281,0.23993390,0.27233835,1,1,245,217,125,126
1,10294,0.29235267,0.23923567,0.26579417,1,1,245,217,125,126
1,10295,0.30628196,0.24835224,0.27731710,1,1,245,217,125,126
1,10296,0.25085471,0.23993390,0.24539430,1,1,245,217,125,126
1,10297,0.26347371,0.27941674,0.27144522,1,1,245,217,125,126
1,10298,0.26347371,0.26874192,0.26610782,1,1,245,217,125,126
1,10299,0.30474281,0.25955920,0.28215101,1,1,245,217,125,126
1,10300,0.24913644,0.23993390,0.24453517,1,1,245,217,125,126
1,10301,0.30332342,0.24253564,0.27292953,1,1,245,217,125,126
1,10302,0.29088353,0.24253564,0.26670958,1,1,245,217,125,126
1,10303,0.28023491,0.23082932,0.25553211,1,1,228,211,150,150
1,10304,0.25988886,0.24253564,0.25121225,1,1,245,217,125,126
1,10305,0.25085471,0.28082797,0.26584134,1,1,245,217,125,126
1,10306,0.30474281,0.28082797,0.29278539,1,1,228,211,150,150
1,10307,0.25988886,0.25979143,0.25984015,1,1,245,217,125,126
1,10308,0.25988886,0.23993390,0.24991138,1,1,245,217,125,126
1,10309,0.24913644,0.23829043,0.24371344,1,1,245,217,125,126
1,10310,0.25085471,0.23993390,0.24539430,1,1,245,217,125,126
1,10311,0.29065918,0.23326331,0.26196124,1,1,245,217,125,126
1,10312,0.29213465,0.25979143,0.27596304,1,1,245,217,125,126
1,10313,0.30474281,0.23008950,0.26741616,1,1,245,217,125,126
1,10314,0.26168128,0.24088565,0.25128347,1,1,228,211,150,150
1,10315,0.30474281,0.24088565,0.27281423,1,1,228,211,150,150
1,10316,0.29213465,0.24253564,0.26733514,1,1,228,211,150,150
1,10317,0.26347371,0.24088565,0.25217968,1,1,228,211,150,150
1,10318,0.26347371,0.22094935,0.24221153,1,1,228,211,150,150
1,10319,0.26347371,0.23993390,0.25170380,1,1,228,211,150,150
1,10320,0.22837507,0.23993390,0.23415448,1,1,228,211,150,150
1,10321,0.22837507,0.23993390,0.23415448,1,1,228,211,150,150
1,10322,0.20761370,0.23993390,0.22377380,1,1,228,211,150,150
1,10323,0.26168128,0.23993390,0.25080759,1,1,228,211,150,150
1,10324,0.24070223,0.24088565,0.24079394,1,1,245,217,125,126
1,10325,0.22837507,0.23993390,0.23415448,1,1,228,211,150,150
1,10326,0.24978327,0.23082932,0.24030629,1,1,228,211,150,150
1,10327,0.22896799,0.23993390,0.23445095,1,1,228,211,150,150
1,10328,0.24002388,0.24157736,0.24080062,1,1,228,211,150,150
1,10329,0.20761370,0.24088565,0.22424968,1,1,228,211,150,150
1,10330,0.24913644,0.28052511,0.26483078,1,1,228,211,150,150
1,10331,0.25988886,0.27137328,0.26563107,1,1,228,211,150,150
1,10332,0.26168128,0.28082797,0.27125463,1,1,228,211,150,150
1,10333,0.26347371,0.28082797,0.27215084,1,1,228,211,150,150
1,10334,0.28487783,0.28082797,0.28285290,1,1,228,211,150,150
1,10335,0.26347371,0.28082797,0.27215084,1,1,228,211,150,150
1,10336,0.26168128,0.23993390,0.25080759,1,1,228,211,150,150
1,10337,0.28487783,0.24253564,0.26370673,1,1,228,211,150,150
1,10338,0.26168128,0.25221319,0.25694724,1,1,228,211,150,150
1,10339,0.25988886,0.26120266,0.26054576,1,1,228,211,150,150
1,10340,0.26347371,0.24253564,0.25300467,1,1,228,211,150,150
1,10341,0.29065918,0.28082797,0.28574357,1,1,228,211,150,150
1,10342,0.24913644,0.28082797,0.26498220,1,1,228,211,150,150
1,10343,0.24913644,0.24157736,0.24535690,1,1,228,211,150,150
1,10344,0.28487783,0.28082797,0.28285290,1,1,228,211,150,150
1,10345,0.26989781,0.24253564,0.25621672,1,1,228,211,150,150
1,10346,0.24216838,0.23993390,0.24105114,1,1,228,211,150,150
1,10347,0.26062335,0.25085471,0.25573903,1,1,228,211,150,150
1,10348,0.25988886,0.24253564,0.25121225,1,1,231,217,125,126
1,10349,0.27160725,0.24253564,0.25707144,1,1,231,217,125,126
1,10350,0.29434564,0.23043085,0.26238824,1,1,231,217,125,126
1,10351,0.26224653,0.25149129,0.25686891,1,1,231,217,125,126
1,10352,0.25180107,0.22292343,0.23736225,1,1,231,217,125,126
1,10353,0.24002388,0.24253564,0.24127976,1,1,231,217,125,126
1,10354,0.26347371,0.24088565,0.25217968,1,1,231,217,125,126
1,10355,0.28023491,0.26121246,0.27072369,1,1,231,217,125,126
1,10356,0.25180107,0.27137328,0.26158717,1,1,231,217,125,126
1,10357,0.29620936,0.26223879,0.27922407,1,1,231,217,125,126
1,10358,0.30485539,0.27176321,0.28830930,1,1,231,217,125,126
1,10359,0.32622201,0.29016828,0.30819514,1,1,231,217,125,126
1,10360,0.30485539,0.27116308,0.28800924,1,1,231,217,125,126
1,10361,0.32412021,0.27116308,0.29764165,1,1,231,217,125,126
1,10362,0.31284300,0.28824841,0.30054571,1,1,231,217,125,126
1,10363,0.32412021,0.30866135,0.31639078,1,1,231,217,125,126
1,10364,0.36055513,0.29976028,0.33015770,1,1,231,217,125,126
1,10365,0.34534917,0.30866135,0.32700526,1,1,231,217,125,126
1,10366,0.33135674,0.29081047,0.31108361,1,1,231,217,125,126
1,10367,0.31098792,0.32098846,0.31598819,1,1,231,217,125,126
1,10368,0.33135674,0.32098846,0.32617260,1,1,231,217,125,126
1,10369,0.32412021,0.29976028,0.31194024,1,1,231,217,125,126
1,10370,0.34534917,0.32000000,0.33267458,1,1,231,217,125,126
1,10371,0.34401575,0.32223262,0.33312419,1,1,231,217,125,126
1,10372,0.34401575,0.31974430,0.33188002,1,1,231,217,125,126
1,10373,0.31098792,0.32000000,0.31549396,1,1,231,217,125,126
1,10374,0.32147669,0.30769231,0.31458450,1,1,231,217,125,126
1,10375,0.34928901,0.30985773,0.32957337,1,1,231,217,125,126
1,10376,0.36055513,0.28284271,0.32169892,1,1,231,217,125,126
1,10377,0.32412021,0.31008684,0.31710352,1,1,231,217,125,126
1,10378,0.32147669,0.30124516,0.31136093,1,1,228,211,150,150
1,10379,0.30042088,0.30100444,0.30071266,1,1,231,217,125,126
1,10380,0.34534917,0.30242466,0.32388691,1,1,231,217,125,126
1,10381,0.32806006,0.28824841,0.30815423,1,1,231,217,125,126
1,10382,0.32147669,0.29976028,0.31061849,1,1,231,217,125,126
1,10383,0.36055513,0.30769231,0.33412372,1,1,231,217,125,126
1,10384,0.36661963,0.32098846,0.34380404,1,1,231,217,125,126
1,10385,0.38789009,0.34696241,0.36742625,1,1,228,194,150,151
1,10386,0.38789009,0.34097248,0.36443128,1,1,228,194,150,151
1,10387,0.38789009,0.34696241,0.36742625,1,1,228,194,150,151
1,10388,0.39140598,0.34696241,0.36918420,1,1,228,194,150,151
1,10389,0.38789009,0.34696241,0.36742625,1,1,228,194,150,151
1,10390,0.42720662,0.36106187,0.39413425,1,1,231,217,125,126
1,10391,0.36362949,0.32787791,0.34575370,1,1,231,217,125,126
1,10392,0.37013552,0.36081916,0.36547734,1,1,228,211,150,150
1,10393,0.37013552,0.33972831,0.35493192,1,1,228,211,150,150
1,10394,0.38687546,0.32668153,0.35677850,1,1,228,211,150,150
1,10395,0.39140598,0.32668153,0.35904376,1,1,228,211,150,150
1,10396,0.38789009,0.32668153,0.35728581,1,1,245,217,125,126
1,10397,0.36362949,0.35971233,0.36167091,1,1,245,217,125,126
1,10398,0.39140598,0.35971233,0.37555916,1,1,245,217,125,126
1,10399,0.38791926,0.35385963,0.37088944,1,1,245,217,125,126
1,10400,0.40496916,0.35971233,0.38234075,1,1,245,217,125,126
1,10401,0.39140598,0.36081916,0.37611257,1,1,245,217,125,126
1,10402,0.40918972,0.35971233,0.38445102,1,1,245,217,125,126
1,10403,0.39140598,0.35971233,0.37555916,1,1,245,217,125,126
1,10404,0.39140598,0.36081916,0.37611257,1,1,245,217,125,126
1,10405,0.39140598,0.36081916,0.37611257,1,1,245,217,125,126
1,10406,0.38276214,0.34097248,0.36186731,1,1,245,217,125,126
1,10407,0.36661963,0.33972831,0.35317397,1,1,245,217,125,126
1,10408,0.38789009,0.36081916,0.37435462,1,1,245,217,125,126
1,10409,0.38472647,0.36081916,0.37277281,1,1,245,217,125,126
1,10410,0.38789009,0.36081916,0.37435462,1,1,245,217,125,126
1,10411,0.38789009,0.33972831,0.36380920,1,1,245,217,125,126
1,10412,0.38789009,0.32668153,0.35728581,1,1,245,217,125,126
1,10413,0.39140598,0.32668153,0.35904376,1,1,245,217,125,126
1,10414,0.38276214,0.36081916,0.37179065,1,1,245,217,125,126
1,10415,0.40496916,0.35971233,0.38234075,1,1,245,217,125,126
1,10416,0.36055513,0.34097248,0.35076380,1,1,245,217,125,126
1,10417,0.38687546,0.34083514,0.36385530,1,1,245,217,125,126
1,10418,0.39140598,0.34083514,0.36612056,1,1,245,217,125,126
1,10419,0.39492188,0.36081916,0.37787052,1,1,245,217,125,126
1,10420,0.39140598,0.34083514,0.36612056,1,1,245,217,125,126
1,10421,0.39140598,0.34083514,0.36612056,1,1,245,217,125,126
1,10422,0.36711671,0.34083514,0.35397592,1,1,245,217,125,126
1,10423,0.36661963,0.34015839,0.35338901,1,1,245,217,125,126
1,10424,0.38276214,0.35971233,0.37123724,1,1,245,217,125,126
1,10425,0.34928901,0.34000000,0.34464451,1,1,245,217,125,126
1,10426,0.37013552,0.33891720,0.35452636,1,1,245,217,125,126
1,10427,0.36055513,0.34097248,0.35076380,1,1,228,211,150,150
1,10428,0.36661963,0.36081916,0.36371939,1,1,228,211,150,150
1,10429,0.37055947,0.32098846,0.34577397,1,1,228,211,150,150
1,10430,0.34534917,0.32223262,0.33379089,1,1,228,211,150,150
1,10431,0.36466845,0.32223262,0.34345053,1,1,228,211,150,150
1,10432,0.34928901,0.32098846,0.33513874,1,1,228,211,150,150
1,10433,0.36711671,0.34083514,0.35397592,1,1,228,211,150,150
1,10434,0.40496916,0.36081916,0.38289416,1,1,228,211,150,150
1,10435,0.40496916,0.36081916,0.38289416,1,1,228,211,150,150
1,10436,0.38276214,0.34097248,0.36186731,1,1,228,211,150,150
1,10437,0.37554749,0.34097248,0.35825998,1,1,228,211,150,150
1,10438,0.38687546,0.34083514,0.36385530,1,1,228,211,150,150
1,10439,0.36661963,0.33972831,0.35317397,1,1,228,211,150,150
1,10440,0.34758863,0.34207930,0.34483396,1,1,228,211,150,150
1,10441,0.36661963,0.33304436,0.34983199,1,1,228,211,150,150
1,10442,0.40496916,0.31898089,0.36197503,1,1,228,211,150,150
1,10443,0.36661963,0.33304436,0.34983199,1,1,228,211,150,150
1,10444,0.37296241,0.36081916,0.36689079,1,1,228,211,150,150
1,10445,0.38789009,0.34126257,0.36457633,1,1,228,211,150,150
1,10446,0.36055513,0.34207930,0.35131722,1,1,228,211,150,150
1,10447,0.36661963,0.34207930,0.35434947,1,1,228,211,150,150
1,10448,0.36055513,0.32223262,0.34139387,1,1,228,211,150,150
1,10449,0.40137292,0.34083514,0.37110403,1,1,228,211,150,150
1,10450,0.36661963,0.34207930,0.35434947,1,1,228,211,150,150
1,10451,0.38789009,0.31898089,0.35343549,1,1,228,211,150,150
1,10452,0.38789009,0.34207930,0.36498470,1,1,228,211,150,150
1,10453,0.36310582,0.35385963,0.35848272,1,1,228,211,150,150
1,10454,0.36661963,0.35385963,0.36023963,1,1,228,211,150,150
1,10455,0.34928901,0.33304436,0.34116669,1,1,228,211,150,150
1,10456,0.36362949,0.33304436,0.34833692,1,1,228,211,150,150
1,10457,0.37055947,0.34083514,0.35569731,1,1,228,211,150,150
1,10458,0.38276214,0.35385963,0.36831089,1,1,228,211,150,150
1,10459,0.39394410,0.35409317,0.37401864,1,1,228,211,150,150
1,10460,0.36466845,0.32223262,0.34345053,1,1,228,211,150,150
1,10461,0.36661963,0.32098846,0.34380404,1,1,228,211,150,150
1,10462,0.36466845,0.32223262,0.34345053,1,1,228,211,150,150
1,10463,0.38789009,0.36081916,0.37435462,1,1,228,211,150,150
1,10464,0.39140598,0.34015839,0.36578219,1,1,228,211,150,150
1,10465,0.41153072,0.36106187,0.38629630,1,1,228,211,150,150
1,10466,0.38687546,0.36081916,0.37384731,1,1,228,211,150,150
1,10467,0.38687546,0.33972831,0.36330189,1,1,228,211,150,150
1,10468,0.41184316,0.35630841,0.38407578,1,1,231,217,125,126
1,10469,0.38789009,0.34126257,0.36457633,1,1,231,217,125,126
1,10470,0.38789009,0.34207930,0.36498470,1,1,231,217,125,126
1,10471,0.38276214,0.35501249,0.36888732,1,1,231,217,125,126
1,10472,0.38789009,0.35971233,0.37380121,1,1,231,217,125,126
1,10473,0.38789009,0.35630841,0.37209925,1,1,231,217,125,126
1,10474,0.38789009,0.34696241,0.36742625,1,1,231,217,125,126
1,10475,0.38670386,0.36081916,0.37376151,1,1,231,217,125,126
1,10476,0.36661963,0.34097248,0.35379605,1,1,231,217,125,126
1,10477,0.36661963,0.34002138,0.35332051,1,1,231,217,125,126
1,10478,0.36661963,0.32022208,0.34342086,1,1,231,217,125,126
1,10479,0.36661963,0.34097248,0.35379605,1,1,231,217,125,126
1,10480,0.38789009,0.34083514,0.36436261,1,1,231,217,125,126
1,10481,0.38789009,0.34097248,0.36443128,1,1,231,217,125,126
1,10482,0.36661963,0.36081916,0.36371939,1,1,231,217,125,126
1,10483,0.38791926,0.37878981,0.38335453,1,1,231,217,125,126
1,10484,0.40918972,0.35995769,0.38457370,1,1,231,217,125,126
1,10485,0.41184316,0.35885350,0.38534833,1,1,231,217,125,126
1,10486,0.38670386,0.35971233,0.37320810,1,1,231,217,125,126
1,10487,0.38789009,0.35995769,0.37392389,1,1,231,217,125,126
1,10488,0.36899702,0.32668153,0.34783927,1,1,231,217,125,126
1,10489,0.38789009,0.34097248,0.36443128,1,1,231,217,125,126
1,10490,0.39140598,0.34083514,0.36612056,1,1,231,217,125,126
1,10491,0.36661963,0.34083514,0.35372738,1,1,231,217,125,126
1,10492,0.38789009,0.35995769,0.37392389,1,1,231,217,125,126
1,10493,0.36661963,0.34002138,0.35332051,1,1,228,211,150,150
1,10494,0.38687546,0.34002138,0.36344842,1,1,228,211,150,150
1,10495,0.39140598,0.35995769,0.37568184,1,1,228,211,150,150
1,10496,0.39140598,0.35995769,0.37568184,1,1,228,211,150,150
1,10497,0.40501103,0.34015839,0.37258471,1,1,228,211,150,150
1,10498,0.38789009,0.34589809,0.36689409,1,1,228,211,150,150
1,10499,0.39140598,0.37582777,0.38361688,1,1,228,211,150,150
1,10500,0.38789009,0.36081916,0.37435462,1,1,228,211,150,150
1,10501,0.39140598,0.36192599,0.37666599,1,1,231,217,125,126
1,10502,0.38789009,0.35995769,0.37392389,1,1,245,217,125,126
1,10503,0.39140598,0.34002138,0.36571368,1,1,245,217,125,126
1,10504,0.38789009,0.34002138,0.36395574,1,1,245,217,125,126
1,10505,0.40863986,0.34002138,0.37433062,1,1,245,217,125,126
1,10506,0.40863986,0.37370466,0.39117226,1,1,245,217,125,126
1,10507,0.38789009,0.35385963,0.37087486,1,1,245,217,125,126
1,10508,0.38687546,0.33304436,0.35995991,1,1,228,211,150,150
1,10509,0.37055947,0.33972831,0.35514389,1,1,245,217,125,126
1,10510,0.38276214,0.37467490,0.37871852,1,1,245,217,125,126
1,10511,0.38789009,0.35971233,0.37380121,1,1,245,217,125,126
1,10512,0.38789009,0.33972831,0.36380920,1,1,245,217,125,126
1,10513,0.39140598,0.37467490,0.38304044,1,1,245,217,125,126
1,10514,0.36661963,0.33972831,0.35317397,1,1,245,217,125,126
1,10515,0.38276214,0.36192599,0.37234407,1,1,245,217,125,126
1,10516,0.40496916,0.36081916,0.38289416,1,1,245,217,125,126
1,10517,0.36661963,0.36081916,0.36371939,1,1,245,217,125,126
1,10518,0.38789009,0.36081916,0.37435462,1,1,245,217,125,126
1,10519,0.36310582,0.32146327,0.34228455,1,1,245,217,125,126
1,10520,0.23936973,0.21739130,0.22838052,1,1,245,217,125,126
1,10521,0.20873300,0.21739130,0.21306215,1,1,245,217,125,126
1,10522,0.19026060,0.17391304,0.18208682,1,1,245,217,125,126
1,10523,0.22858058,0.18939857,0.20898957,1,1,245,217,125,126
1,10524,0.23936973,0.21039624,0.22488298,1,1,245,217,125,126
1,10525,0.25084656,0.23890474,0.24487565,1,1,245,217,125,126
1,10526,0.24216838,0.24000000,0.24108419,1,1,245,217,125,126
1,10527,0.26503367,0.22916667,0.24710017,1,1,245,217,125,126
1,10528,0.29620936,0.24000000,0.26810468,1,1,245,217,125,126
1,10529,0.29620936,0.23980822,0.26800879,1,1,245,217,125,126
1,10530,0.27348050,0.24978327,0.26163188,1,1,245,217,125,126
1,10531,0.27348050,0.24978327,0.26163188,1,1,245,217,125,126
1,10532,0.26347371,0.27059854,0.26703612,1,1,245,217,125,126
1,10533,0.29620936,0.24000000,0.26810468,1,1,245,217,125,126
1,10534,0.29460899,0.24165525,0.26813212,1,1,245,217,125,126
1,10535,0.26347371,0.23980822,0.25164097,1,1,228,211,150,150
1,10536,0.27348050,0.23980822,0.25664436,1,1,245,217,125,126
1,10537,0.29620936,0.26000000,0.27810468,1,1,245,217,125,126
1,10538,0.29620936,0.26000000,0.27810468,1,1,245,217,125,126
1,10539,0.28355096,0.27083333,0.27719215,1,1,245,217,125,126
1,10540,0.28487783,0.26165525,0.27326654,1,1,245,217,125,126
1,10541,0.30485539,0.29166667,0.29826103,1,1,245,217,125,126
1,10542,0.33918498,0.30242466,0.32080482,1,1,245,217,125,126
1,10543,0.30485539,0.30100444,0.30292992,1,1,245,217,125,126
1,10544,0.32622201,0.29976028,0.31299114,1,1,228,211,150,150
1,10545,0.30485539,0.29065918,0.29775729,1,1,228,211,150,150
1,10546,0.32412021,0.30100444,0.31256233,1,1,228,211,150,150
1,10547,0.32412021,0.30242466,0.31327244,1,1,245,217,125,126
1,10548,0.30289126,0.27977626,0.29133376,1,1,245,217,125,126
1,10549,0.32622201,0.30118050,0.31370125,1,1,231,217,125,126
1,10550,0.36055513,0.32098846,0.34077179,1,1,231,217,125,126
1,10551,0.33938337,0.32098846,0.33018591,1,1,231,217,125,126
1,10552,0.34078535,0.27977626,0.31028080,1,1,231,217,125,126
1,10553,0.30332342,0.28052511,0.29192426,1,1,231,217,125,126
1,10554,0.30485539,0.29976028,0.30230783,1,1,245,217,125,126
1,10555,0.32412021,0.27977626,0.30194824,1,1,231,217,125,126
1,10556,0.32622201,0.32098846,0.32360523,1,1,231,217,125,126
1,10557,0.32622201,0.30100444,0.31361322,1,1,231,217,125,126
1,10558,0.34758863,0.28824841,0.31791852,1,1,245,217,125,126
1,10559,0.32622201,0.29976028,0.31299114,1,1,228,211,150,150
1,10560,0.33839145,0.30028578,0.31933861,1,1,231,217,125,126
1,10561,0.32487995,0.29904459,0.31196227,1,1,228,211,150,150
1,10562,0.32412021,0.29361011,0.30886516,1,1,231,217,125,126
1,10563,0.32622201,0.31974430,0.32298315,1,1,245,217,125,126
1,10564,0.32622201,0.30746497,0.31684349,1,1,228,194,150,151
1,10565,0.32622201,0.30866135,0.31744168,1,1,228,211,150,150
1,10566,0.32278680,0.28880562,0.30579621,1,1,231,217,125,126
1,10567,0.36310582,0.29904459,0.33107520,1,1,231,217,125,126
1,10568,0.32412021,0.29904459,0.31158240,1,1,231,217,125,126
1,10569,0.36170385,0.30170261,0.33170323,1,1,231,217,125,126
1,10570,0.33699932,0.30170261,0.31935096,1,1,231,217,125,126
1,10571,0.32412021,0.32223262,0.32317641,1,1,231,217,125,126
1,10572,0.34624657,0.30170261,0.32397459,1,1,231,217,125,126
1,10573,0.32622201,0.32098846,0.32360523,1,1,231,217,125,126
1,10574,0.32622201,0.31974430,0.32298315,1,1,231,217,125,126
1,10575,0.32622201,0.33434027,0.33028114,1,1,231,217,125,126
1,10576,0.32622201,0.32223262,0.32422731,1,1,231,217,125,126
1,10577,0.32622201,0.30242466,0.31432333,1,1,231,217,125,126
1,10578,0.32622201,0.31352500,0.31987350,1,1,231,217,125,126
1,10579,0.32412021,0.29976028,0.31194024,1,1,231,217,125,126
1,10580,0.32622201,0.32098846,0.32360523,1,1,231,217,125,126
1,10581,0.32622201,0.31352500,0.31987350,1,1,231,217,125,126
1,10582,0.32622201,0.30100444,0.31361322,1,1,231,217,125,126
1,10583,0.34624657,0.31271311,0.32947984,1,1,231,217,125,126
1,10584,0.32622201,0.30170261,0.31396231,1,1,231,217,125,126
1,10585,0.32622201,0.30028578,0.31325389,1,1,231,217,125,126
1,10586,0.32469003,0.30100444,0.31284724,1,1,231,217,125,126
1,10587,0.36765496,0.32223262,0.34494379,1,1,231,217,125,126
1,10588,0.36899702,0.32146327,0.34523015,1,1,231,217,125,126
1,10589,0.32622201,0.32223262,0.32422731,1,1,231,217,125,126
1,10590,0.34786682,0.30242466,0.32514574,1,1,231,217,125,126
1,10591,0.32622201,0.29976028,0.31299114,1,1,231,217,125,126
1,10592,0.32487995,0.32223262,0.32355628,1,1,231,217,125,126
1,10593,0.32469003,0.30170261,0.31319632,1,1,231,217,125,126
1,10594,0.33778301,0.28119648,0.30948974,1,1,231,217,125,126
1,10595,0.30474281,0.27977626,0.29225954,1,1,231,217,125,126
1,10596,0.31289602,0.27977626,0.29633614,1,1,231,217,125,126
1,10597,0.32487995,0.29904459,0.31196227,1,1,231,217,125,126
1,10598,0.32622201,0.32223262,0.32422731,1,1,231,217,125,126
1,10599,0.32622201,0.32223262,0.32422731,1,1,231,217,125,126
1,10600,0.32622201,0.32223262,0.32422731,1,1,231,217,125,126
1,10601,0.32622201,0.32146327,0.32384264,1,1,231,217,125,126
1,10602,0.32622201,0.30118050,0.31370125,1,1,231,217,125,126
1,10603,0.32622201,0.29904459,0.31263330,1,1,231,217,125,126
1,10604,0.32622201,0.32223262,0.32422731,1,1,231,217,125,126
1,10605,0.32622201,0.30170261,0.31396231,1,1,231,217,125,126
1,10606,0.33938337,0.30170261,0.32054299,1,1,231,217,125,126
1,10607,0.32622201,0.30242466,0.31432333,1,1,231,217,125,126
1,10608,0.32487995,0.32223262,0.32355628,1,1,231,217,125,126
1,10609,0.32622201,0.32223262,0.32422731,1,1,231,217,125,126
1,10610,0.32487995,0.30242466,0.31365230,1,1,231,217,125,126
1,10611,0.34624657,0.31500429,0.33062543,1,1,231,217,125,126
1,10612,0.32469003,0.32223262,0.32346133,1,1,231,217,125,126
1,10613,0.36765496,0.30242466,0.33503981,1,1,231,217,125,126
1,10614,0.36765496,0.32223262,0.34494379,1,1,231,217,125,126
1,10615,0.36765496,0.30118050,0.33441773,1,1,231,217,125,126
1,10616,0.36170385,0.30046142,0.33108263,1,1,231,217,125,126
1,10617,0.36899702,0.30242466,0.33571084,1,1,231,217,125,126
1,10618,0.36780310,0.31974430,0.34377370,1,1,231,217,125,126
1,10619,0.32487995,0.29976028,0.31232011,1,1,231,217,125,126
1,10620,0.32774856,0.30242466,0.31508661,1,1,231,217,125,126
1,10621,0.36170385,0.29976028,0.33073206,1,1,231,217,125,126
1,10622,0.33938337,0.30242466,0.32090402,1,1,231,217,125,126
1,10623,0.32487995,0.30242466,0.31365230,1,1,231,217,125,126
1,10624,0.32622201,0.31974430,0.32298315,1,1,231,217,125,126
1,10625,0.36170385,0.30170261,0.33170323,1,1,231,217,125,126
1,10626,0.36899702,0.30242466,0.33571084,1,1,231,217,125,126
1,10627,0.39040541,0.32146327,0.35593434,1,1,231,217,125,126
1,10628,0.38152368,0.31974430,0.35063399,1,1,231,217,125,126
1,10629,0.34624657,0.33476703,0.34050680,1,1,231,217,125,126
1,10630,0.36899702,0.32223262,0.34561482,1,1,231,217,125,126
1,10631,0.36661963,0.32223262,0.34442612,1,1,231,217,125,126
1,10632,0.36661963,0.32022208,0.34342086,1,1,231,217,125,126
1,10633,0.36543340,0.35630841,0.36087090,1,1,231,217,125,126
1,10634,0.36528621,0.34126257,0.35327439,1,1,231,217,125,126
1,10635,0.36899702,0.34207930,0.35553816,1,1,231,217,125,126
1,10636,0.36780310,0.34015839,0.35398074,1,1,228,194,150,151
1,10637,0.36543340,0.33891720,0.35217530,1,1,231,217,125,126
1,10638,0.36661963,0.33891720,0.35276841,1,1,231,217,125,126
1,10639,0.36661963,0.34207930,0.35434947,1,1,231,217,125,126
1,10640,0.36661963,0.32146327,0.34404145,1,1,231,217,125,126
1,10641,0.36899702,0.32223262,0.34561482,1,1,231,217,125,126
1,10642,0.36661963,0.33891720,0.35276841,1,1,231,217,125,126
1,10643,0.35176539,0.36081916,0.35629228,1,1,231,217,125,126
1,10644,0.36661963,0.34126257,0.35394110,1,1,231,217,125,126
1,10645,0.36780310,0.32146327,0.34463318,1,1,231,217,125,126
1,10646,0.36661963,0.34126257,0.35394110,1,1,228,194,150,151
1,10647,0.36899702,0.35515554,0.36207628,1,1,228,194,150,151
1,10648,0.36661963,0.34097248,0.35379605,1,1,231,217,125,126
1,10649,0.36661963,0.34002138,0.35332051,1,1,231,217,125,126
1,10650,0.36528621,0.34002138,0.35265380,1,1,228,194,150,151
1,10651,0.36899702,0.32223262,0.34561482,1,1,231,217,125,126
1,10652,0.36899702,0.31898089,0.34398896,1,1,231,217,125,126
1,10653,0.36661963,0.32146327,0.34404145,1,1,231,217,125,126
1,10654,0.34534917,0.31974430,0.33254673,1,1,231,217,125,126
1,10655,0.36899702,0.31974430,0.34437066,1,1,231,217,125,126
1,10656,0.38789009,0.32596013,0.35692511,1,1,231,217,125,126
1,10657,0.34758863,0.33972831,0.34365847,1,1,231,217,125,126
1,10658,0.38789009,0.33972831,0.36380920,1,1,231,217,125,126
1,10659,0.36899702,0.31974430,0.34437066,1,1,231,217,125,126
1,10660,0.35386372,0.34126257,0.34756315,1,1,231,217,125,126
1,10661,0.36899702,0.32223262,0.34561482,1,1,231,217,125,126
1,10662,0.36899702,0.34126257,0.35512980,1,1,231,217,125,126
1,10663,0.36899702,0.32223262,0.34561482,1,1,231,217,125,126
1,10664,0.33333333,0.33972831,0.33653082,1,1,231,217,125,126
1,10665,0.33333333,0.34126257,0.33729795,1,1,231,217,125,126
1,10666,0.33204631,0.32146327,0.32675479,1,1,231,217,125,126
1,10667,0.33333333,0.32223262,0.32778298,1,1,231,217,125,126
1,10668,0.36899702,0.32223262,0.34561482,1,1,231,217,125,126
1,10669,0.34928901,0.35385963,0.35157432,1,1,228,194,150,151
1,10670,0.36661963,0.32702210,0.34682086,1,1,245,217,125,126
1,10671,0.35155402,0.31974430,0.33564916,1,1,245,217,125,126
1,10672,0.35176539,0.31974430,0.33575484,1,1,245,217,125,126
1,10673,0.34534917,0.33891720,0.34213318,1,1,245,217,125,126
1,10674,0.37013552,0.35971233,0.36492393,1,1,245,217,125,126
1,10675,0.34758863,0.31898089,0.33328476,1,1,245,217,125,126
1,10676,0.36899702,0.34207930,0.35553816,1,1,245,217,125,126
1,10677,0.39040541,0.33972831,0.36506686,1,1,245,217,125,126
1,10678,0.34758863,0.31974430,0.33366646,1,1,245,217,125,126
1,10679,0.34758863,0.32098846,0.33428854,1,1,245,217,125,126
1,10680,0.36310582,0.32223262,0.34266922,1,1,245,217,125,126
1,10681,0.38276214,0.35501249,0.36888732,1,1,245,217,125,126
1,10682,0.38546993,0.35501249,0.37024121,1,1,228,194,150,151
1,10683,0.36661963,0.35385963,0.36023963,1,1,228,194,150,151
1,10684,0.36899702,0.35385963,0.36142832,1,1,228,194,150,151
1,10685,0.38789009,0.35995769,0.37392389,1,1,228,194,150,151
1,10686,0.39394410,0.36192599,0.37793505,1,1,245,217,125,126
1,10687,0.36899702,0.36192599,0.36546150,1,1,228,194,150,151
1,10688,0.36899702,0.34786682,0.35843192,1,1,228,194,150,151
1,10689,0.36055513,0.33333333,0.34694423,1,1,228,194,150,151
1,10690,0.40863986,0.36921641,0.38892814,1,1,245,217,125,126
1,10691,0.38472647,0.36192599,0.37332623,1,1,245,217,125,126
1,10692,0.38821369,0.36000000,0.37410684,1,1,245,217,125,126
1,10693,0.40501103,0.34589809,0.37545456,1,1,245,217,125,126
1,10694,0.38821369,0.34615385,0.36718377,1,1,245,217,125,126
1,10695,0.40501103,0.34124516,0.37312809,1,1,245,217,125,126
1,10696,0.40864914,0.34696241,0.37780577,1,1,228,194,150,151
1,10697,0.36143010,0.34000000,0.35071505,1,1,245,217,125,126
1,10698,0.36739494,0.34721895,0.35730695,1,1,245,217,125,126
1,10699,0.38441606,0.30769231,0.34605418,1,1,245,217,125,126
1,10700,0.36739494,0.34615385,0.35677439,1,1,245,217,125,126
1,10701,0.38441606,0.34615385,0.36528495,1,1,245,217,125,126
1,10702,0.37102442,0.30769231,0.33935836,1,1,245,217,125,126
1,10703,0.38343991,0.34615385,0.36479688,1,1,245,217,125,126
1,10704,0.38343991,0.36000000,0.37171995,1,1,228,194,150,151
1,10705,0.43033464,0.34721895,0.38877680,1,1,228,194,150,151
1,10706,0.42705102,0.38110771,0.40407937,1,1,228,194,150,151
1,10707,0.38643285,0.36000000,0.37321642,1,1,228,194,150,151
1,10708,0.42669654,0.36110771,0.39390212,1,1,228,194,150,151
1,10709,0.40496916,0.36000000,0.38248458,1,1,228,194,150,151
1,10710,0.36143010,0.36000000,0.36071505,1,1,228,194,150,151
1,10711,0.40899981,0.34721895,0.37810938,1,1,228,194,150,151
1,10712,0.38343991,0.36000000,0.37171995,1,1,228,194,150,151
1,10713,0.40864914,0.34615385,0.37740149,1,1,228,194,150,151
1,10714,0.40899981,0.34615385,0.37757683,1,1,228,194,150,151
1,10715,0.42705102,0.35971233,0.39338168,1,1,228,194,150,151
1,10716,0.38707801,0.36000000,0.37353901,1,1,228,194,150,151
1,10717,0.36711671,0.36110771,0.36411221,1,1,228,194,150,151
1,10718,0.40501103,0.34721895,0.37611499,1,1,228,194,150,151
1,10719,0.40585237,0.34721895,0.37653566,1,1,228,194,150,151
1,10720,0.40864914,0.36000000,0.38432457,1,1,228,194,150,151
1,10721,0.40863986,0.37969635,0.39416811,1,1,228,194,150,151
1,10722,0.36753720,0.34696241,0.35724981,1,1,228,194,150,151
1,10723,0.38475540,0.37969635,0.38222587,1,1,228,194,150,151
1,10724,0.38276214,0.32668153,0.35472184,1,1,228,194,150,151
1,10725,0.38276214,0.34589809,0.36433012,1,1,228,194,150,151
1,10726,0.39140598,0.34015839,0.36578219,1,1,228,194,150,151
1,10727,0.42720662,0.37969635,0.40345149,1,1,228,194,150,151
1,10728,0.38687546,0.36081916,0.37384731,1,1,228,194,150,151
1,10729,0.43022883,0.33972831,0.38497857,1,1,228,194,150,151
1,10730,0.43022883,0.38069306,0.40546094,1,1,228,194,150,151
1,10731,0.38276214,0.36081916,0.37179065,1,1,228,194,150,151
1,10732,0.45031532,0.36192599,0.40612065,1,1,228,194,150,151
1,10733,0.43022883,0.35995769,0.39509326,1,1,228,194,150,151
1,10734,0.40658683,0.36081916,0.38370299,1,1,228,194,150,151
1,10735,0.43129841,0.36192599,0.39661220,1,1,228,194,150,151
1,10736,0.43022883,0.36106187,0.39564535,1,1,228,194,150,151
1,10737,0.40783405,0.32702210,0.36742807,1,1,228,194,150,151
1,10738,0.43022883,0.36081916,0.39552399,1,1,228,194,150,151
1,10739,0.40866447,0.32146327,0.36506387,1,1,228,194,150,151
1,10740,0.31848367,0.25150600,0.28499483,1,1,228,194,150,151
1,10741,0.21428571,0.18181818,0.19805195,1,1,228,194,150,151
1,10742,0.19633836,0.15485012,0.17559424,1,1,231,203,125,126
1,10743,0.21428571,0.17374890,0.19401731,1,1,231,203,125,126
1,10744,0.29514981,0.25085471,0.27300226,1,1,231,203,125,126
1,10745,0.31785364,0.29213465,0.30499414,1,1,231,203,125,126
1,10746,0.34055747,0.34758863,0.34407305,1,1,231,203,125,126
1,10747,0.36326130,0.33333333,0.34829732,1,1,231,203,125,126
1,10748,0.34055747,0.33333333,0.33694540,1,1,231,203,125,126
1,10749,0.38636364,0.33333333,0.35984848,1,1,231,203,125,126
1,10750,0.38636364,0.33333333,0.35984848,1,1,211,178,150,150
1,10751,0.40476190,0.33713610,0.37094900,1,1,211,178,150,150
1,10752,0.38636364,0.33713610,0.36174987,1,1,211,178,150,150
1,10753,0.38596513,0.33333333,0.35964923,1,1,211,178,150,150
1,10754,0.35673862,0.34758863,0.35216362,1,1,211,178,150,150
1,10755,0.34197096,0.32019315,0.33108205,1,1,211,178,150,150
1,10756,0.36467479,0.35386372,0.35926926,1,1,211,178,150,150
1,10757,0.40430377,0.33991422,0.37210899,1,1,211,178,150,150
1,10758,0.40866897,0.35386372,0.38126634,1,1,211,178,150,150
1,10759,0.38636364,0.33135674,0.35886019,1,1,211,178,150,150
1,10760,0.38636364,0.33333333,0.35984848,1,1,211,178,150,150
1,10761,0.38636364,0.35386372,0.37011368,1,1,211,178,150,150
1,10762,0.38636364,0.35538573,0.37087468,1,1,211,178,150,150
1,10763,0.38596513,0.34356708,0.36476611,1,1,211,178,150,150
1,10764,0.40909091,0.37439412,0.39174251,1,1,211,178,150,150
1,10765,0.42956699,0.37439412,0.40198055,1,1,211,178,150,150
1,10766,0.38722260,0.37600442,0.38161351,1,1,231,203,125,126
1,10767,0.36214300,0.35963529,0.36088915,1,1,231,203,125,126
1,10768,0.38618607,0.35995769,0.37307188,1,1,231,203,125,126
1,10769,0.38743967,0.34015839,0.36379903,1,1,231,203,125,126
1,10770,0.38603053,0.35995769,0.37299411,1,1,231,203,125,126
1,10771,0.40992643,0.32146327,0.36569485,1,1,231,203,125,126
1,10772,0.40866447,0.32146327,0.36506387,1,1,231,203,125,126
1,10773,0.36355214,0.33972831,0.35164023,1,1,231,203,125,126
1,10774,0.38743967,0.34207930,0.36475949,1,1,231,203,125,126
1,10775,0.38743967,0.37467490,0.38105728,1,1,231,203,125,126
1,10776,0.40866447,0.37698063,0.39282255,1,1,231,203,125,126
1,10777,0.38406796,0.35971233,0.37189015,1,1,231,203,125,126
1,10778,0.42898161,0.36081916,0.39490038,1,1,231,203,125,126
1,10779,0.40346672,0.34207930,0.37277301,1,1,231,203,125,126
1,10780,0.38546993,0.34083514,0.36315254,1,1,231,203,125,126
1,10781,0.38546993,0.33972831,0.36259912,1,1,231,203,125,126
1,10782,0.45031532,0.33891720,0.39461626,1,1,231,203,125,126
1,10783,0.38546993,0.35971233,0.37259113,1,1,231,203,125,126
1,10784,0.40783405,0.36081916,0.38432660,1,1,231,203,125,126
1,10785,0.38546993,0.36192599,0.37369796,1,1,231,203,125,126
1,10786,0.38276214,0.37698063,0.37987139,1,1,231,203,125,126
1,10787,0.38422271,0.37582777,0.38002524,1,1,231,203,125,126
1,10788,0.38743967,0.36081916,0.37412941,1,1,231,203,125,126
1,10789,0.38406796,0.36081916,0.37244356,1,1,231,203,125,126
1,10790,0.40783405,0.34235287,0.37509346,1,1,231,203,125,126
1,10791,0.38546993,0.36192599,0.37369796,1,1,231,203,125,126
1,10792,0.38546993,0.34207930,0.36377462,1,1,231,217,125,126
1,10793,0.38546993,0.33972831,0.36259912,1,1,231,217,125,126
1,10794,0.36899702,0.33972831,0.35436267,1,1,231,217,125,126
1,10795,0.38546993,0.34207930,0.36377462,1,1,231,217,125,126
1,10796,0.40783405,0.33972831,0.37378118,1,1,231,217,125,126
1,10797,0.36899702,0.35630841,0.36265271,1,1,231,217,125,126
1,10798,0.36661963,0.34097248,0.35379605,1,1,231,217,125,126
1,10799,0.38546993,0.33972831,0.36259912,1,1,231,203,125,126
1,10800,0.40783405,0.33891720,0.37337562,1,1,231,217,125,126
1,10801,0.38546993,0.31974430,0.35260712,1,1,231,217,125,126
1,10802,0.36310582,0.31370838,0.33840710,1,1,231,217,125,126
1,10803,0.34758863,0.31352500,0.33055681,1,1,231,217,125,126
1,10804,0.34758863,0.31352500,0.33055681,1,1,231,217,125,126
1,10805,0.32640022,0.31370838,0.32005430,1,1,231,217,125,126
1,10806,0.30332342,0.28000000,0.29166171,1,1,231,217,125,126
1,10807,0.38546993,0.29976028,0.34261511,1,1,231,217,125,126
1,10808,0.32622201,0.30118050,0.31370125,1,1,231,217,125,126
1,10809,0.32640022,0.29976028,0.31308025,1,1,231,217,125,126
1,10810,0.34078535,0.28824841,0.31451688,1,1,245,217,125,126
1,10811,0.34078535,0.29976028,0.32027281,1,1,245,217,125,126
1,10812,0.32622201,0.30118050,0.31370125,1,1,245,217,125,126
1,10813,0.34758863,0.31974430,0.33366646,1,1,245,217,125,126
1,10814,0.36310582,0.29976028,0.33143305,1,1,245,217,125,126
1,10815,0.34252674,0.29141381,0.31697028,1,1,245,217,125,126
1,10816,0.33918498,0.31974430,0.32946464,1,1,228,194,150,151
1,10817,0.34091820,0.28000000,0.31045910,1,1,228,194,150,151
1,10818,0.34078535,0.30000000,0.32039267,1,1,228,194,150,151
1,10819,0.33950906,0.30000000,0.31975453,1,1,228,194,150,151
1,10820,0.34091820,0.30000000,0.32045910,1,1,228,194,150,151
1,10821,0.34111761,0.29976028,0.32043894,1,1,228,194,150,151
1,10822,0.36310582,0.29976028,0.33143305,1,1,228,194,150,151
1,10823,0.29584973,0.28000000,0.28792487,1,1,228,194,150,151
1,10824,0.32009221,0.26142136,0.29075678,1,1,245,217,125,126
1,10825,0.29424119,0.26000000,0.27712059,1,1,245,217,125,126
1,10826,0.31687512,0.27083333,0.29385423,1,1,245,217,125,126
1,10827,0.28487783,0.26000000,0.27243892,1,1,245,217,125,126
1,10828,0.28487783,0.26000000,0.27243892,1,1,245,217,125,126
1,10829,0.34091820,0.30000000,0.32045910,1,1,245,217,125,126
1,10830,0.34921516,0.31222908,0.33072212,1,1,228,194,150,151
1,10831,0.34078535,0.30124516,0.32101525,1,1,245,217,125,126
1,10832,0.36214300,0.28000000,0.32107150,1,1,228,194,150,151
1,10833,0.36355214,0.32223262,0.34289238,1,1,228,194,150,151
1,10834,0.31848367,0.29976028,0.30912197,1,1,228,194,150,151
1,10835,0.33938337,0.30242466,0.32090402,1,1,228,194,150,151
1,10836,0.29584973,0.29141381,0.29363177,1,1,228,194,150,151
1,10837,0.36355214,0.32223262,0.34289238,1,1,228,194,150,151
1,10838,0.34078535,0.30266651,0.32172593,1,1,228,194,150,151
1,10839,0.33778301,0.31222908,0.32500604,1,1,228,194,150,151
1,10840,0.34078535,0.31222908,0.32650721,1,1,228,194,150,151
1,10841,0.34252674,0.29141381,0.31697028,1,1,228,194,150,151
1,10842,0.31526414,0.29141381,0.30333897,1,1,228,194,150,151
1,10843,0.31526414,0.29166667,0.30346540,1,1,228,194,150,151
1,10844,0.31687512,0.25979224,0.28833368,1,1,228,194,150,151
1,10845,0.27160725,0.26000000,0.26580362,1,1,228,194,150,151
1,10846,0.28023491,0.27083333,0.27553412,1,1,231,217,125,126
1,10847,0.29424119,0.24146215,0.26785167,1,1,231,217,125,126
1,10848,0.29424119,0.25000000,0.27212059,1,1,228,194,150,151
1,10849,0.27620404,0.27083333,0.27351869,1,1,228,194,150,151
1,10850,0.29676332,0.25000000,0.27338166,1,1,228,194,150,151
1,10851,0.29772298,0.27083333,0.28427816,1,1,228,194,150,151
1,10852,0.29772298,0.27059854,0.28416076,1,1,228,194,150,151
1,10853,0.26347371,0.25000000,0.25673685,1,1,228,194,150,151
1,10854,0.29772298,0.25172422,0.27472360,1,1,231,217,125,126
1,10855,0.31848367,0.27083333,0.29465850,1,1,228,194,150,151
1,10856,0.31687512,0.25979224,0.28833368,1,1,228,194,150,151
1,10857,0.30474281,0.27977626,0.29225954,1,1,228,194,150,151
1,10858,0.28487783,0.28142136,0.28314959,1,1,228,194,150,151
1,10859,0.31785364,0.29166667,0.30476015,1,1,228,194,150,151
1,10860,0.33950906,0.26144617,0.30047762,1,1,231,217,125,126
1,10861,0.30628196,0.26144617,0.28386406,1,1,228,194,150,151
1,10862,0.34252674,0.28119648,0.31186161,1,1,228,194,150,151
1,10863,0.30474281,0.27083333,0.28778807,1,1,228,194,150,151
1,10864,0.31687512,0.31250000,0.31468756,1,1,228,194,150,151
1,10865,0.36355214,0.28142136,0.32248675,1,1,228,194,150,151
1,10866,0.32009221,0.29141381,0.30575301,1,1,228,194,150,151
1,10867,0.32009221,0.27083333,0.29546277,1,1,228,194,150,151
1,10868,0.31848367,0.29065918,0.30457142,1,1,228,194,150,151
1,10869,0.31785364,0.28119648,0.29952506,1,1,228,194,150,151
1,10870,0.34111761,0.31500429,0.32806095,1,1,231,203,125,126
1,10871,0.31946715,0.25917198,0.28931956,1,1,228,194,150,151
1,10872,0.31785364,0.29141381,0.30463373,1,1,228,194,150,151
1,10873,0.30560407,0.29289311,0.29924859,1,1,231,203,125,126
1,10874,0.32620941,0.31500429,0.32060685,1,1,231,203,125,126
1,10875,0.31785364,0.27083333,0.29434349,1,1,228,194,150,151
1,10876,0.32620941,0.28261670,0.30441306,1,1,231,203,125,126
1,10877,0.30320367,0.31370838,0.30845602,1,1,231,203,125,126
1,10878,0.31785364,0.28119648,0.29952506,1,1,231,203,125,126
1,10879,0.31785364,0.27977626,0.29881495,1,1,228,194,150,151
1,10880,0.32108066,0.29141381,0.30624724,1,1,228,194,150,151
1,10881,0.30628196,0.29141381,0.29884788,1,1,228,194,150,151
1,10882,0.30714756,0.28119648,0.29417202,1,1,228,194,150,151
1,10883,0.30560407,0.27977626,0.29269016,1,1,228,194,150,151
1,10884,0.30714756,0.27207783,0.28961270,1,1,228,194,150,151
1,10885,0.31687512,0.31222908,0.31455210,1,1,228,194,150,151
1,10886,0.32009221,0.29141381,0.30575301,1,1,228,194,150,151
1,10887,0.32774856,0.27059854,0.29917355,1,1,228,194,150,151
1,10888,0.30628196,0.29141381,0.29884788,1,1,228,194,150,151
1,10889,0.32009221,0.29141381,0.30575301,1,1,228,194,150,151
1,10890,0.31946715,0.31370838,0.31658777,1,1,228,194,150,151
1,10891,0.32108066,0.29166667,0.30637366,1,1,228,194,150,151
1,10892,0.30714756,0.29141381,0.29928069,1,1,228,194,150,151
1,10893,0.31946715,0.29141381,0.30544048,1,1,228,194,150,151
1,10894,0.31687512,0.29141381,0.30414447,1,1,228,194,150,151
1,10895,0.32009221,0.29141381,0.30575301,1,1,228,194,150,151
1,10896,0.30474281,0.29141381,0.29807831,1,1,228,194,150,151
1,10897,0.30628196,0.30142136,0.30385166,1,1,228,194,150,151
1,10898,0.31687512,0.29289311,0.30488412,1,1,228,194,150,151
1,10899,0.31687512,0.31250000,0.31468756,1,1,228,194,150,151
1,10900,0.31946715,0.30000000,0.30973358,1,1,228,194,150,151
1,10901,0.31687512,0.28142136,0.29914824,1,1,228,194,150,151
1,10902,0.31848367,0.28000000,0.29924183,1,1,228,194,150,151
1,10903,0.31785364,0.28000000,0.29892682,1,1,228,194,150,151
1,10904,0.35869423,0.29976028,0.32922725,1,1,228,194,150,151
1,10905,0.32774856,0.27977626,0.30376241,1,1,228,194,150,151
1,10906,0.34252674,0.28261670,0.31257172,1,1,228,194,150,151
1,10907,0.30628196,0.28261670,0.29444933,1,1,228,194,150,151
1,10908,0.30474281,0.27977626,0.29225954,1,1,228,194,150,151
1,10909,0.34252674,0.30242466,0.32247570,1,1,228,194,150,151
1,10910,0.36496128,0.29141381,0.32818754,1,1,228,194,150,151
1,10911,0.34252674,0.29141381,0.31697028,1,1,228,194,150,151
1,10912,0.34252674,0.31222908,0.32737791,1,1,228,194,150,151
1,10913,0.31846487,0.29289311,0.30567899,1,1,231,217,125,126
1,10914,0.31846487,0.29289311,0.30567899,1,1,231,217,125,126
1,10915,0.34091820,0.31222908,0.32657364,1,1,228,194,150,151
1,10916,0.36355214,0.29141381,0.32748297,1,1,228,194,150,151
1,10917,0.33950906,0.29141381,0.31546144,1,1,228,194,150,151
1,10918,0.32469003,0.27977626,0.30223315,1,1,231,217,125,126
1,10919,0.31526414,0.25979224,0.28752819,1,1,231,217,125,126
1,10920,0.31686450,0.26144617,0.28915534,1,1,231,217,125,126
1,10921,0.31848367,0.28119648,0.29984007,1,1,231,217,125,126
1,10922,0.30179144,0.26144617,0.28161881,1,1,231,217,125,126
1,10923,0.30179144,0.27232127,0.28705635,1,1,231,217,125,126
1,10924,0.32622201,0.29289311,0.30955756,1,1,231,217,125,126
1,10925,0.33938337,0.32146327,0.33042332,1,1,231,217,125,126
1,10926,0.38152368,0.32146327,0.35149348,1,1,231,217,125,126
1,10927,0.38406796,0.32223262,0.35315029,1,1,231,217,125,126
1,10928,0.38406796,0.32223262,0.35315029,1,1,231,217,125,126
1,10929,0.38422271,0.32146327,0.35284299,1,1,231,217,125,126
1,10930,0.38618607,0.32146327,0.35382467,1,1,231,217,125,126
1,10931,0.40866447,0.33972831,0.37419639,1,1,228,194,150,151
1,10932,0.38546993,0.31974430,0.35260712,1,1,228,194,150,151
1,10933,0.38546993,0.31898089,0.35222541,1,1,231,217,125,126
1,10934,0.38743967,0.33304436,0.36024201,1,1,228,194,150,151
1,10935,0.38743967,0.32223262,0.35483614,1,1,228,194,150,151
1,10936,0.36899702,0.31898089,0.34398896,1,1,231,217,125,126
1,10937,0.36937539,0.31898089,0.34417814,1,1,231,217,125,126
1,10938,0.36170385,0.33476703,0.34823544,1,1,231,203,125,126
1,10939,0.40572708,0.34207930,0.37390319,1,1,228,194,150,151
1,10940,0.38618607,0.32146327,0.35382467,1,1,231,217,125,126
1,10941,0.36899702,0.32146327,0.34523015,1,1,231,217,125,126
1,10942,0.36952422,0.32146327,0.34549375,1,1,231,217,125,126
1,10943,0.33938337,0.32146327,0.33042332,1,1,231,217,125,126
1,10944,0.36780310,0.32146327,0.34463318,1,1,231,217,125,126
1,10945,0.36899702,0.32146327,0.34523015,1,1,231,217,125,126
1,10946,0.38618607,0.32022208,0.35320408,1,1,228,194,150,151
1,10947,0.38743967,0.31974430,0.35359198,1,1,228,194,150,151
1,10948,0.36496128,0.32146327,0.34321227,1,1,228,194,150,151
1,10949,0.39223230,0.32702210,0.35962720,1,1,228,194,150,151
1,10950,0.39040541,0.32098846,0.35569693,1,1,228,194,150,151
1,10951,0.39040541,0.34083514,0.36562028,1,1,228,194,150,151
1,10952,0.37296241,0.32774585,0.35035413,1,1,228,194,150,151
1,10953,0.39040541,0.32774585,0.35907563,1,1,228,194,150,151
1,10954,0.39040541,0.33972831,0.36506686,1,1,228,194,150,151
1,10955,0.36899702,0.32098846,0.34499274,1,1,228,194,150,151
1,10956,0.36899702,0.31974430,0.34437066,1,1,228,194,150,151
1,10957,0.39223230,0.31974430,0.35598830,1,1,228,194,150,151
1,10958,0.39040541,0.32098846,0.35569693,1,1,228,194,150,151
1,10959,0.39040541,0.33972831,0.36506686,1,1,228,194,150,151
1,10960,0.37439412,0.36081916,0.36760664,1,1,228,194,150,151
1,10961,0.39223230,0.32098846,0.35661038,1,1,228,194,150,151
1,10962,0.39103279,0.33972831,0.36538055,1,1,228,194,150,151
1,10963,0.34624657,0.32098846,0.33361751,1,1,228,194,150,151
1,10964,0.34758863,0.32098846,0.33428854,1,1,228,194,150,151
1,10965,0.37072373,0.32098846,0.34585609,1,1,228,194,150,151
1,10966,0.36310582,0.30242466,0.33276524,1,1,228,194,150,151
1,10967,0.34921516,0.32098846,0.33510181,1,1,228,194,150,151
1,10968,0.34921516,0.32098846,0.33510181,1,1,228,194,150,151
1,10969,0.34758863,0.30242466,0.32500664,1,1,228,194,150,151
1,10970,0.33938337,0.30028578,0.31983457,1,1,231,217,125,126
1,10971,0.34624657,0.30242466,0.32433561,1,1,228,194,150,151
1,10972,0.34921516,0.30118050,0.32519783,1,1,228,194,150,151
1,10973,0.34786682,0.30118050,0.32452366,1,1,228,194,150,151
1,10974,0.36170385,0.31352500,0.33761442,1,1,228,194,150,151
1,10975,0.32620941,0.26121246,0.29371094,1,1,231,217,125,126
1,10976,0.30332342,0.30028578,0.30180460,1,1,231,217,125,126
1,10977,0.32622201,0.28052511,0.30337356,1,1,231,217,125,126
1,10978,0.30485539,0.28052511,0.29269025,1,1,231,217,125,126
1,10979,0.32334797,0.28052511,0.30193654,1,1,231,217,125,126
1,10980,0.30332342,0.28052511,0.29192426,1,1,231,217,125,126
1,10981,0.34786682,0.29904459,0.32345570,1,1,231,217,125,126
1,10982,0.32774856,0.28052511,0.30413683,1,1,231,217,125,126
1,10983,0.34921516,0.27977626,0.31449571,1,1,231,217,125,126
1,10984,0.34078535,0.27977626,0.31028080,1,1,231,217,125,126
1,10985,0.34078535,0.29289311,0.31683923,1,1,231,217,125,126
1,10986,0.34078535,0.29289311,0.31683923,1,1,231,217,125,126
1,10987,0.32620941,0.28119648,0.30370295,1,1,231,217,125,126
1,10988,0.30628196,0.28119648,0.29373922,1,1,231,217,125,126
1,10989,0.29772298,0.26058880,0.27915589,1,1,231,217,125,126
1,10990,0.32486107,0.28119648,0.30302878,1,1,231,217,125,126
1,10991,0.31687512,0.29289311,0.30488412,1,1,231,217,125,126
1,10992,0.31846487,0.26144617,0.28995552,1,1,231,217,125,126
1,10993,0.30179144,0.28119648,0.29149396,1,1,231,217,125,126
1,10994,0.31686450,0.27232127,0.29459289,1,1,231,217,125,126
1,10995,0.31846487,0.26144617,0.28995552,1,1,231,217,125,126
1,10996,0.34252674,0.31370838,0.32811756,1,1,231,217,125,126
1,10997,0.34078535,0.29065918,0.31572226,1,1,231,217,125,126
1,10998,0.32412021,0.31271311,0.31841666,1,1,231,217,125,126
1,10999,0.36899702,0.31898089,0.34398896,1,1,231,217,125,126
1,11000,0.36765496,0.32146327,0.34455911,1,1,231,217,125,126
1,11001,0.36899702,0.33891720,0.35395711,1,1,231,217,125,126
1,11002,0.36899702,0.30118050,0.33508876,1,1,231,217,125,126
1,11003,0.36899702,0.32146327,0.34523015,1,1,231,217,125,126
1,11004,0.36780310,0.32022208,0.34401259,1,1,231,217,125,126
1,11005,0.36899702,0.32146327,0.34523015,1,1,231,217,125,126
1,11006,0.34758863,0.32146327,0.33452595,1,1,231,217,125,126
1,11007,0.32487995,0.32146327,0.32317161,1,1,231,217,125,126
1,11008,0.34758863,0.32146327,0.33452595,1,1,231,217,125,126
1,11009,0.38618607,0.32022208,0.35320408,1,1,231,217,125,126
1,11010,0.36780310,0.32223262,0.34501786,1,1,231,217,125,126
1,11011,0.36780310,0.34207930,0.35494120,1,1,231,217,125,126
1,11012,0.38546993,0.32146327,0.35346660,1,1,231,217,125,126
1,11013,0.36899702,0.31898089,0.34398896,1,1,231,217,125,126
1,11014,0.36310582,0.32146327,0.34228455,1,1,231,217,125,126
1,11015,0.32622201,0.29904459,0.31263330,1,1,231,217,125,126
1,11016,0.38406796,0.32146327,0.35276562,1,1,231,217,125,126
1,11017,0.36899702,0.32223262,0.34561482,1,1,231,217,125,126
1,11018,0.38546993,0.34126257,0.36336625,1,1,231,217,125,126
1,11019,0.36899702,0.30242466,0.33571084,1,1,231,217,125,126
1,11020,0.38276214,0.32146327,0.35211271,1,1,231,217,125,126
1,11021,0.38276214,0.32146327,0.35211271,1,1,231,217,125,126
1,11022,0.38276214,0.32146327,0.35211271,1,1,231,217,125,126
1,11023,0.36661963,0.32146327,0.34404145,1,1,231,217,125,126
1,11024,0.37072373,0.32146327,0.34609350,1,1,231,217,125,126
1,11025,0.38743967,0.32146327,0.35445147,1,1,231,217,125,126
1,11026,0.36899702,0.32146327,0.34523015,1,1,231,217,125,126
1,11027,0.38546993,0.33476703,0.36011848,1,1,231,217,125,126
1,11028,0.38137002,0.33476703,0.35806853,1,1,231,217,125,126
1,11029,0.38743967,0.32146327,0.35445147,1,1,231,217,125,126
1,11030,0.36899702,0.32146327,0.34523015,1,1,231,217,125,126
1,11031,0.34078535,0.32146327,0.33112431,1,1,231,217,125,126
1,11032,0.32622201,0.32146327,0.32384264,1,1,231,217,125,126
1,11033,0.38276214,0.32146327,0.35211271,1,1,231,217,125,126
1,11034,0.32622201,0.32146327,0.32384264,1,1,231,217,125,126
1,11035,0.36661963,0.32146327,0.34404145,1,1,231,217,125,126
1,11036,0.38276214,0.32146327,0.35211271,1,1,231,217,125,126
1,11037,0.36310582,0.32146327,0.34228455,1,1,231,217,125,126
1,11038,0.33918498,0.32022208,0.32970353,1,1,231,217,125,126
1,11039,0.38546993,0.32146327,0.35346660,1,1,231,217,125,126
1,11040,0.36170385,0.32146327,0.34158356,1,1,231,217,125,126
1,11041,0.36310582,0.32146327,0.34228455,1,1,231,217,125,126
1,11042,0.32622201,0.30028578,0.31325389,1,1,231,217,125,126
1,11043,0.36543340,0.31898089,0.34220715,1,1,231,217,125,126
1,11044,0.32622201,0.30170261,0.31396231,1,1,231,217,125,126
1,11045,0.34758863,0.33972831,0.34365847,1,1,231,217,125,126
1,11046,0.36661963,0.34015839,0.35338901,1,1,231,217,125,126
1,11047,0.34758863,0.32022208,0.33390535,1,1,231,217,125,126
1,11048,0.32487995,0.31898089,0.32193042,1,1,231,217,125,126
1,11049,0.36899702,0.34015839,0.35457770,1,1,231,217,125,126
1,11050,0.36780310,0.31898089,0.34339199,1,1,231,217,125,126
1,11051,0.36661963,0.32146327,0.34404145,1,1,231,217,125,126
1,11052,0.36543340,0.29904459,0.33223899,1,1,231,217,125,126
1,11053,0.36899702,0.32022208,0.34460955,1,1,231,217,125,126
1,11054,0.32487995,0.32146327,0.32317161,1,1,231,217,125,126
1,11055,0.34078535,0.32146327,0.33112431,1,1,231,217,125,126
1,11056,0.34078535,0.32146327,0.33112431,1,1,231,217,125,126
1,11057,0.36661963,0.32146327,0.34404145,1,1,231,217,125,126
1,11058,0.34624657,0.32146327,0.33385492,1,1,231,217,125,126
1,11059,0.36899702,0.34207930,0.35553816,1,1,231,217,125,126
1,11060,0.34078535,0.31974430,0.33026482,1,1,231,217,125,126
1,11061,0.38546993,0.32146327,0.35346660,1,1,231,217,125,126
1,11062,0.36310582,0.32146327,0.34228455,1,1,231,217,125,126
1,11063,0.39040541,0.33476703,0.36258622,1,1,231,217,125,126
1,11064,0.37072373,0.30917348,0.33994861,1,1,231,217,125,126
1,11065,0.38546993,0.32146327,0.35346660,1,1,231,217,125,126
1,11066,0.36899702,0.30678600,0.33789151,1,1,231,217,125,126
1,11067,0.34758863,0.32223262,0.33491062,1,1,231,217,125,126
1,11068,0.38406796,0.32146327,0.35276562,1,1,231,217,125,126
1,11069,0.36170385,0.32146327,0.34158356,1,1,231,217,125,126
1,11070,0.38546993,0.32146327,0.35346660,1,1,231,217,125,126
1,11071,0.38137002,0.32146327,0.35141665,1,1,231,217,125,126
1,11072,0.38406796,0.32146327,0.35276562,1,1,231,217,125,126
1,11073,0.36310582,0.34207930,0.35259256,1,1,231,217,125,126
1,11074,0.34624657,0.32146327,0.33385492,1,1,231,217,125,126
1,11075,0.36780310,0.32146327,0.34463318,1,1,231,217,125,126
1,11076,0.34624657,0.30170261,0.32397459,1,1,231,217,125,126
1,11077,0.34758863,0.32146327,0.33452595,1,1,231,217,125,126
1,11078,0.36310582,0.32146327,0.34228455,1,1,231,217,125,126
1,11079,0.38546993,0.32146327,0.35346660,1,1,231,217,125,126
1,11080,0.36310582,0.32146327,0.34228455,1,1,231,217,125,126
1,11081,0.36310582,0.34126257,0.35218420,1,1,231,217,125,126
1,11082,0.38546993,0.32146327,0.35346660,1,1,231,217,125,126
1,11083,0.36780310,0.32146327,0.34463318,1,1,231,217,125,126
1,11084,0.36899702,0.32146327,0.34523015,1,1,231,217,125,126
1,11085,0.34624657,0.32146327,0.33385492,1,1,231,217,125,126
1,11086,0.40783405,0.34126257,0.37454831,1,1,231,217,125,126
1,11087,0.36765496,0.34207930,0.35486713,1,1,231,217,125,126
1,11088,0.39040541,0.32022208,0.35531375,1,1,231,217,125,126
1,11089,0.36899702,0.34207930,0.35553816,1,1,231,217,125,126
1,11090,0.36899702,0.34207930,0.35553816,1,1,231,217,125,126
1,11091,0.39040541,0.34126257,0.36583399,1,1,231,217,125,126
1,11092,0.38546993,0.34126257,0.36336625,1,1,231,217,125,126
1,11093,0.38546993,0.34126257,0.36336625,1,1,231,217,125,126
1,11094,0.40658683,0.34126257,0.37392470,1,1,231,217,125,126
1,11095,0.40783405,0.32146327,0.36464866,1,1,231,217,125,126
1,11096,0.36765496,0.32146327,0.34455911,1,1,231,217,125,126
1,11097,0.36765496,0.32146327,0.34455911,1,1,231,217,125,126
1,11098,0.38406796,0.32146327,0.35276562,1,1,231,217,125,126
1,11099,0.38921149,0.34126257,0.36523703,1,1,231,217,125,126
1,11100,0.38921149,0.32821584,0.35871366,1,1,231,217,125,126
1,11101,0.36899702,0.34126257,0.35512980,1,1,231,217,125,126
1,11102,0.34624657,0.34207930,0.34416293,1,1,231,217,125,126
1,11103,0.36661963,0.32146327,0.34404145,1,1,231,217,125,126
1,11104,0.36310582,0.32146327,0.34228455,1,1,231,217,125,126
1,11105,0.38546993,0.32022208,0.35284601,1,1,231,217,125,126
1,11106,0.34078535,0.28261670,0.31170102,1,1,231,217,125,126
1,11107,0.36310582,0.30046142,0.33178362,1,1,231,217,125,126
1,11108,0.36170385,0.28194194,0.32182289,1,1,231,217,125,126
1,11109,0.36661963,0.32223262,0.34442612,1,1,231,217,125,126
1,11110,0.34758863,0.30118050,0.32438456,1,1,231,217,125,126
1,11111,0.34758863,0.31898089,0.33328476,1,1,231,217,125,126
1,11112,0.32622201,0.31898089,0.32260145,1,1,231,217,125,126
1,11113,0.32622201,0.31974430,0.32298315,1,1,231,217,125,126
1,11114,0.32622201,0.31974430,0.32298315,1,1,231,217,125,126
1,11115,0.32622201,0.28119648,0.30370924,1,1,231,217,125,126
1,11116,0.32622201,0.29976028,0.31299114,1,1,231,217,125,126
1,11117,0.33918498,0.31974430,0.32946464,1,1,231,217,125,126
1,11118,0.32622201,0.34002138,0.33312170,1,1,231,217,125,126
1,11119,0.32622201,0.33891720,0.33256960,1,1,231,217,125,126
1,11120,0.36765496,0.33476703,0.35121100,1,1,231,217,125,126
1,11121,0.32622201,0.28194194,0.30408197,1,1,231,217,125,126
1,11122,0.30474281,0.28119648,0.29296965,1,1,231,217,125,126
1,11123,0.29274527,0.26121246,0.27697887,1,1,231,217,125,126
1,11124,0.29460899,0.29289311,0.29375105,1,1,231,217,125,126
1,11125,0.28201899,0.28052511,0.28127205,1,1,231,217,125,126
1,11126,0.28154626,0.28119648,0.28137137,1,1,231,217,125,126
1,11127,0.28023491,0.28119648,0.28071569,1,1,231,217,125,126
1,11128,0.34111761,0.28119648,0.31115704,1,1,231,217,125,126
1,11129,0.31848367,0.28119648,0.29984007,1,1,231,217,125,126
1,11130,0.31848367,0.28119648,0.29984007,1,1,231,217,125,126
1,11131,0.29772298,0.28119648,0.28945973,1,1,231,217,125,126
1,11132,0.31846487,0.29437240,0.30641864,1,1,231,217,125,126
1,11133,0.34078535,0.28119648,0.31099091,1,1,231,217,125,126
1,11134,0.32009221,0.26144617,0.29076919,1,1,231,217,125,126
1,11135,0.30474281,0.26286639,0.28380460,1,1,231,217,125,126
1,11136,0.28308541,0.27039753,0.27674147,1,1,231,217,125,126
1,11137,0.34252674,0.28119648,0.31186161,1,1,231,217,125,126
1,11138,0.31848367,0.26121246,0.28984806,1,1,231,217,125,126
1,11139,0.31846487,0.30046142,0.30946314,1,1,231,217,125,126
1,11140,0.31846487,0.27910828,0.29878658,1,1,231,217,125,126
1,11141,0.31846487,0.25979224,0.28912856,1,1,231,217,125,126
1,11142,0.32487995,0.28261670,0.30374832,1,1,231,217,125,126
1,11143,0.31686450,0.28119648,0.29903049,1,1,231,217,125,126
1,11144,0.33938337,0.28119648,0.31028993,1,1,231,217,125,126
1,11145,0.34078535,0.28119648,0.31099091,1,1,231,217,125,126
1,11146,0.31686450,0.29904459,0.30795455,1,1,231,217,125,126
1,11147,0.31686450,0.28052511,0.29869481,1,1,231,217,125,126
1,11148,0.31846487,0.28052511,0.29949499,1,1,231,217,125,126
1,11149,0.34252674,0.26144617,0.30198646,1,1,231,217,125,126
1,11150,0.31686450,0.29361011,0.30523731,1,1,231,217,125,126
1,11151,0.30332342,0.30046142,0.30189242,1,1,231,217,125,126
1,11152,0.31686450,0.29289311,0.30487881,1,1,231,217,125,126
1,11153,0.32334797,0.29289311,0.30812054,1,1,231,217,125,126
1,11154,0.32469003,0.29289311,0.30879157,1,1,231,217,125,126
1,11155,0.30332342,0.29437240,0.29884791,1,1,231,217,125,126
1,11156,0.30332342,0.28261670,0.29297006,1,1,231,217,125,126
1,11157,0.30332342,0.28052511,0.29192426,1,1,231,217,125,126
1,11158,0.32640022,0.28119648,0.30379835,1,1,231,217,125,126
1,11159,0.30474281,0.30046142,0.30260211,1,1,231,217,125,126
1,11160,0.30628196,0.30046142,0.30337169,1,1,231,217,125,126
1,11161,0.33918498,0.32146327,0.33032413,1,1,231,217,125,126
1,11162,0.34078535,0.30242466,0.32160500,1,1,231,217,125,126
1,11163,0.34078535,0.27910828,0.30994681,1,1,231,217,125,126
1,11164,0.32622201,0.28052511,0.30337356,1,1,231,217,125,126
1,11165,0.34624657,0.28119648,0.31372152,1,1,231,217,125,126
1,11166,0.36765496,0.30917348,0.33841422,1,1,231,217,125,126
1,11167,0.34758863,0.32223262,0.33491062,1,1,231,217,125,126
1,11168,0.34758863,0.32146327,0.33452595,1,1,231,217,125,126
1,11169,0.34758863,0.32146327,0.33452595,1,1,231,217,125,126
1,11170,0.32622201,0.28761188,0.30691694,1,1,231,217,125,126
1,11171,0.34758863,0.31898089,0.33328476,1,1,231,217,125,126
1,11172,0.32622201,0.31974430,0.32298315,1,1,231,217,125,126
1,11173,0.34078535,0.29904459,0.31991497,1,1,231,217,125,126
1,11174,0.36310582,0.32022208,0.34166395,1,1,231,217,125,126
1,11175,0.36170385,0.32098846,0.34134615,1,1,231,217,125,126
1,11176,0.36899702,0.32022208,0.34460955,1,1,231,217,125,126
1,11177,0.34758863,0.31974430,0.33366646,1,1,231,217,125,126
1,11178,0.36765496,0.29081047,0.32923271,1,1,231,217,125,126
1,11179,0.34758863,0.32022208,0.33390535,1,1,231,217,125,126
1,11180,0.34758863,0.30170261,0.32464562,1,1,231,217,125,126
1,11181,0.36310582,0.28194194,0.32252388,1,1,231,217,125,126
1,11182,0.32622201,0.29976028,0.31299114,1,1,231,217,125,126
1,11183,0.32469003,0.31974430,0.32221717,1,1,231,217,125,126
1,11184,0.32622201,0.31974430,0.32298315,1,1,231,217,125,126
1,11185,0.34624657,0.30170261,0.32397459,1,1,231,217,125,126
1,11186,0.34758863,0.30170261,0.32464562,1,1,231,217,125,126
1,11187,0.34758863,0.29904459,0.32331661,1,1,231,217,125,126
1,11188,0.34758863,0.28761188,0.31760025,1,1,231,217,125,126
1,11189,0.34758863,0.29904459,0.32331661,1,1,231,217,125,126
1,11190,0.34758863,0.29904459,0.32331661,1,1,231,217,125,126
1,11191,0.34758863,0.31898089,0.33328476,1,1,231,217,125,126
1,11192,0.34624657,0.31898089,0.33261373,1,1,231,217,125,126
1,11193,0.34758863,0.30797974,0.32778418,1,1,231,217,125,126
1,11194,0.34758863,0.32146327,0.33452595,1,1,231,217,125,126
1,11195,0.32622201,0.30985773,0.31803987,1,1,231,217,125,126
1,11196,0.32622201,0.30985773,0.31803987,1,1,231,217,125,126
1,11197,0.34758863,0.30170261,0.32464562,1,1,231,217,125,126
1,11198,0.34534917,0.31974430,0.33254673,1,1,231,217,125,126
1,11199,0.34758863,0.30242466,0.32500664,1,1,231,217,125,126
1,11200,0.32622201,0.30985773,0.31803987,1,1,231,217,125,126
1,11201,0.32622201,0.31974430,0.32298315,1,1,231,217,125,126
1,11202,0.34758863,0.30985773,0.32872318,1,1,231,217,125,126
1,11203,0.32622201,0.29976028,0.31299114,1,1,231,217,125,126
1,11204,0.32487995,0.29976028,0.31232011,1,1,231,217,125,126
1,11205,0.32622201,0.29976028,0.31299114,1,1,231,217,125,126
1,11206,0.34624657,0.29904459,0.32264558,1,1,231,217,125,126
1,11207,0.34624657,0.30242466,0.32433561,1,1,231,217,125,126
1,11208,0.34534917,0.28194194,0.31364555,1,1,231,217,125,126
1,11209,0.34758863,0.30242466,0.32500664,1,1,231,217,125,126
1,11210,0.34624657,0.32223262,0.33423959,1,1,231,217,125,126
1,11211,0.34758863,0.31898089,0.33328476,1,1,231,217,125,126
1,11212,0.34758863,0.31898089,0.33328476,1,1,231,217,125,126
1,11213,0.32622201,0.31898089,0.32260145,1,1,231,217,125,126
1,11214,0.36899702,0.31898089,0.34398896,1,1,231,217,125,126
1,11215,0.36899702,0.30242466,0.33571084,1,1,231,217,125,126
1,11216,0.37072373,0.29976028,0.33524200,1,1,231,217,125,126
1,11217,0.36899702,0.31974430,0.34437066,1,1,231,217,125,126
1,11218,0.34921516,0.31974430,0.33447973,1,1,231,217,125,126
1,11219,0.33347448,0.31974430,0.32660939,1,1,231,217,125,126
1,11220,0.34921516,0.30866135,0.32893826,1,1,231,217,125,126
1,11221,0.36952422,0.32787791,0.34870107,1,1,231,217,125,126
1,11222,0.34921516,0.30985773,0.32953645,1,1,231,217,125,126
1,11223,0.36765496,0.30985773,0.33875634,1,1,231,217,125,126
1,11224,0.34534917,0.30985773,0.32760345,1,1,231,217,125,126
1,11225,0.36780310,0.32223262,0.34501786,1,1,231,217,125,126
1,11226,0.36937539,0.32223262,0.34580400,1,1,231,217,125,126
1,11227,0.34921516,0.30917348,0.32919432,1,1,231,217,125,126
1,11228,0.34786682,0.32146327,0.33466505,1,1,231,217,125,126
1,11229,0.34758863,0.30242466,0.32500664,1,1,231,217,125,126
1,11230,0.34624657,0.29904459,0.32264558,1,1,231,217,125,126
1,11231,0.34758863,0.30170261,0.32464562,1,1,231,217,125,126
1,11232,0.34758863,0.30242466,0.32500664,1,1,231,217,125,126
1,11233,0.34786682,0.32223262,0.33504972,1,1,231,217,125,126
1,11234,0.34921516,0.31898089,0.33409803,1,1,231,217,125,126
1,11235,0.34921516,0.32022208,0.33471862,1,1,231,217,125,126
1,11236,0.34758863,0.31974430,0.33366646,1,1,231,217,125,126
1,11237,0.34624657,0.32223262,0.33423959,1,1,231,217,125,126
1,11238,0.34758863,0.31974430,0.33366646,1,1,231,217,125,126
1,11239,0.34758863,0.32098846,0.33428854,1,1,231,217,125,126
1,11240,0.34624657,0.31974430,0.33299543,1,1,231,217,125,126
1,11241,0.34758863,0.32223262,0.33491062,1,1,231,217,125,126
1,11242,0.32622201,0.30678600,0.31650401,1,1,231,217,125,126
1,11243,0.34758863,0.32146327,0.33452595,1,1,231,217,125,126
1,11244,0.34758863,0.32146327,0.33452595,1,1,231,217,125,126
1,11245,0.34758863,0.32022208,0.33390535,1,1,231,217,125,126
1,11246,0.36899702,0.31898089,0.34398896,1,1,231,217,125,126
1,11247,0.34624657,0.32146327,0.33385492,1,1,231,217,125,126
1,11248,0.34921516,0.29976028,0.32448772,1,1,231,217,125,126
1,11249,0.34758863,0.28824841,0.31791852,1,1,231,217,125,126
1,11250,0.34624657,0.29081047,0.31852852,1,1,231,217,125,126
1,11251,0.36899702,0.32098846,0.34499274,1,1,231,217,125,126
1,11252,0.34758863,0.29904459,0.32331661,1,1,231,217,125,126
1,11253,0.32622201,0.29904459,0.31263330,1,1,231,217,125,126
1,11254,0.34078535,0.30170261,0.32124398,1,1,231,217,125,126
1,11255,0.32622201,0.30985773,0.31803987,1,1,231,217,125,126
1,11256,0.34534917,0.32223262,0.33379089,1,1,231,217,125,126
1,11257,0.32412021,0.30985773,0.31698897,1,1,231,217,125,126
1,11258,0.32622201,0.30917348,0.31769774,1,1,231,217,125,126
1,11259,0.36899702,0.30917348,0.33908525,1,1,231,217,125,126
1,11260,0.34624657,0.32821584,0.33723120,1,1,231,217,125,126
1,11261,0.34758863,0.29016828,0.31887845,1,1,231,217,125,126
1,11262,0.36310582,0.29016828,0.32663705,1,1,231,217,125,126
1,11263,0.34624657,0.30917348,0.32771002,1,1,231,217,125,126
1,11264,0.36055513,0.30866135,0.33460824,1,1,231,217,125,126
1,11265,0.36055513,0.31974430,0.34014971,1,1,231,217,125,126
1,11266,0.34758863,0.32821584,0.33790223,1,1,231,217,125,126
1,11267,0.36899702,0.29976028,0.33437865,1,1,231,217,125,126
1,11268,0.38546993,0.32022208,0.35284601,1,1,231,217,125,126
1,11269,0.36899702,0.32022208,0.34460955,1,1,231,217,125,126
1,11270,0.38546993,0.32146327,0.35346660,1,1,231,217,125,126
1,11271,0.38921149,0.34002138,0.36461644,1,1,231,217,125,126
1,11272,0.38546993,0.32022208,0.35284601,1,1,231,217,125,126
1,11273,0.36780310,0.34002138,0.35391224,1,1,231,217,125,126
1,11274,0.37296241,0.34015839,0.35656040,1,1,228,194,150,151
1,11275,0.36899702,0.34002138,0.35450920,1,1,231,217,125,126
1,11276,0.36661963,0.32022208,0.34342086,1,1,231,217,125,126
1,11277,0.36899702,0.32146327,0.34523015,1,1,231,217,125,126
1,11278,0.36899702,0.34002138,0.35450920,1,1,231,217,125,126
1,11279,0.36899702,0.32146327,0.34523015,1,1,231,217,125,126
1,11280,0.36543340,0.32146327,0.34344834,1,1,231,217,125,126
1,11281,0.36543340,0.32146327,0.34344834,1,1,231,217,125,126
1,11282,0.38276214,0.32146327,0.35211271,1,1,231,217,125,126
1,11283,0.38276214,0.34126257,0.36201236,1,1,231,217,125,126
1,11284,0.38276214,0.32146327,0.35211271,1,1,231,217,125,126
1,11285,0.38422271,0.32146327,0.35284299,1,1,231,217,125,126
1,11286,0.36661963,0.32146327,0.34404145,1,1,231,217,125,126
1,11287,0.36543340,0.35630841,0.36087090,1,1,231,217,125,126
1,11288,0.38546993,0.31974430,0.35260712,1,1,231,217,125,126
1,11289,0.38276214,0.35971233,0.37123724,1,1,231,217,125,126
1,11290,0.38406796,0.32098846,0.35252821,1,1,231,217,125,126
1,11291,0.36899702,0.34015839,0.35457770,1,1,231,217,125,126
1,11292,0.36661963,0.34015839,0.35338901,1,1,231,217,125,126
1,11293,0.36661963,0.36081916,0.36371939,1,1,231,217,125,126
1,11294,0.38137002,0.36081916,0.37109459,1,1,231,217,125,126
1,11295,0.36543340,0.34083514,0.35313427,1,1,231,217,125,126
1,11296,0.36661963,0.35995769,0.36328866,1,1,231,217,125,126
1,11297,0.34758863,0.34126257,0.34442560,1,1,231,217,125,126
1,11298,0.38670386,0.34126257,0.36398322,1,1,231,217,125,126
1,11299,0.39040541,0.33891720,0.36466130,1,1,231,217,125,126
1,11300,0.34534917,0.32022208,0.33278563,1,1,231,217,125,126
1,11301,0.36765496,0.35630841,0.36198168,1,1,231,217,125,126
1,11302,0.36661963,0.34207930,0.35434947,1,1,231,217,125,126
1,11303,0.36661963,0.33972831,0.35317397,1,1,231,217,125,126
1,11304,0.36780310,0.31898089,0.34339199,1,1,231,217,125,126
1,11305,0.36765496,0.33891720,0.35328608,1,1,231,217,125,126
1,11306,0.36765496,0.34015839,0.35390667,1,1,231,217,125,126
1,11307,0.34758863,0.31974430,0.33366646,1,1,231,217,125,126
1,11308,0.36661963,0.34083514,0.35372738,1,1,231,217,125,126
1,11309,0.38670386,0.36106187,0.37388287,1,1,231,217,125,126
1,11310,0.36899702,0.35995769,0.36447735,1,1,231,217,125,126
1,11311,0.38789009,0.33972831,0.36380920,1,1,231,217,125,126
1,11312,0.36780310,0.32022208,0.34401259,1,1,231,217,125,126
1,11313,0.36899702,0.32022208,0.34460955,1,1,231,217,125,126
1,11314,0.36661963,0.33972831,0.35317397,1,1,231,217,125,126
1,11315,0.38789009,0.33972831,0.36380920,1,1,231,217,125,126
1,11316,0.36543340,0.35971233,0.36257287,1,1,231,217,125,126
1,11317,0.36780310,0.36081916,0.36431113,1,1,231,217,125,126
1,11318,0.36661963,0.36192599,0.36427281,1,1,231,217,125,126
1,11319,0.36780310,0.31898089,0.34339199,1,1,231,217,125,126
1,11320,0.36780310,0.32022208,0.34401259,1,1,231,217,125,126
1,11321,0.39040541,0.33891720,0.36466130,1,1,231,217,125,126
1,11322,0.39040541,0.34083514,0.36562028,1,1,231,217,125,126
1,11323,0.36899702,0.32146327,0.34523015,1,1,231,217,125,126
1,11324,0.41076802,0.36192599,0.38634700,1,1,231,217,125,126
1,11325,0.36543340,0.36081916,0.36312628,1,1,231,217,125,126
1,11326,0.41076802,0.35995769,0.38536285,1,1,231,217,125,126
1,11327,0.36543340,0.34097248,0.35320294,1,1,231,217,125,126
1,11328,0.36661963,0.35995769,0.36328866,1,1,231,217,125,126
1,11329,0.36661963,0.34015839,0.35338901,1,1,231,217,125,126
1,11330,0.36661963,0.32022208,0.34342086,1,1,231,217,125,126
1,11331,0.38670386,0.34207930,0.36439158,1,1,231,217,125,126
1,11332,0.36661963,0.33972831,0.35317397,1,1,231,217,125,126
1,11333,0.39040541,0.34083514,0.36562028,1,1,231,217,125,126
1,11334,0.38921149,0.31974430,0.35447789,1,1,231,217,125,126
1,11335,0.36899702,0.33891720,0.35395711,1,1,231,217,125,126
1,11336,0.36543340,0.31898089,0.34220715,1,1,231,217,125,126
1,11337,0.36899702,0.32022208,0.34460955,1,1,231,217,125,126
1,11338,0.36661963,0.32022208,0.34342086,1,1,231,217,125,126
1,11339,0.36528621,0.36192599,0.36360610,1,1,231,217,125,126
1,11340,0.36661963,0.34207930,0.35434947,1,1,231,217,125,126
1,11341,0.36661963,0.34015839,0.35338901,1,1,231,217,125,126
1,11342,0.36528621,0.35971233,0.36249927,1,1,231,217,125,126
1,11343,0.36899702,0.32022208,0.34460955,1,1,231,217,125,126
1,11344,0.36170385,0.29976028,0.33073206,1,1,231,217,125,126
1,11345,0.32487995,0.31898089,0.32193042,1,1,231,217,125,126
1,11346,0.32487995,0.29904459,0.31196227,1,1,231,217,125,126
1,11347,0.32622201,0.27910828,0.30266515,1,1,231,217,125,126
1,11348,0.32622201,0.30028578,0.31325389,1,1,231,217,125,126
1,11349,0.32487995,0.29904459,0.31196227,1,1,231,217,125,126
1,11350,0.32622201,0.31898089,0.32260145,1,1,231,217,125,126
1,11351,0.34078535,0.31898089,0.32988312,1,1,231,217,125,126
1,11352,0.34078535,0.30028578,0.32053556,1,1,231,217,125,126
1,11353,0.34758863,0.30917348,0.32838105,1,1,231,217,125,126
1,11354,0.32487995,0.30170261,0.31329128,1,1,231,217,125,126
1,11355,0.36170385,0.29904459,0.33037422,1,1,231,217,125,126
1,11356,0.32622201,0.29976028,0.31299114,1,1,231,217,125,126
1,11357,0.32487995,0.29976028,0.31232011,1,1,231,217,125,126
1,11358,0.34624657,0.31974430,0.33299543,1,1,231,217,125,126
1,11359,0.34078535,0.29904459,0.31991497,1,1,231,217,125,126
1,11360,0.34078535,0.30118050,0.32098292,1,1,231,217,125,126
1,11361,0.33938337,0.30170261,0.32054299,1,1,231,217,125,126
1,11362,0.32622201,0.32146327,0.32384264,1,1,231,217,125,126
1,11363,0.32622201,0.30917348,0.31769774,1,1,231,217,125,126
1,11364,0.32469003,0.30046142,0.31257573,1,1,231,217,125,126
1,11365,0.32622201,0.29904459,0.31263330,1,1,231,217,125,126
1,11366,0.30485539,0.30170261,0.30327900,1,1,231,217,125,126
1,11367,0.34078535,0.32022208,0.33050371,1,1,231,217,125,126
1,11368,0.34252674,0.28194194,0.31223434,1,1,231,217,125,126
1,11369,0.34091820,0.28194194,0.31143007,1,1,231,217,125,126
1,11370,0.36355214,0.30242466,0.33298840,1,1,231,217,125,126
1,11371,0.34091820,0.30242466,0.32167143,1,1,231,217,125,126
1,11372,0.36355214,0.30242466,0.33298840,1,1,231,217,125,126
1,11373,0.36310582,0.30170261,0.33240421,1,1,231,217,125,126
1,11374,0.34921516,0.30242466,0.32581991,1,1,231,217,125,126
1,11375,0.34921516,0.30170261,0.32545888,1,1,231,217,125,126
1,11376,0.36355214,0.28119648,0.32237431,1,1,231,217,125,126
1,11377,0.31846487,0.26121246,0.28983867,1,1,231,217,125,126
1,11378,0.31846487,0.28119648,0.29983068,1,1,231,217,125,126
1,11379,0.32487995,0.27977626,0.30232810,1,1,231,217,125,126
1,11380,0.36310582,0.27977626,0.32144104,1,1,231,217,125,126
1,11381,0.36355214,0.28119648,0.32237431,1,1,231,217,125,126
1,11382,0.34078535,0.28119648,0.31099091,1,1,231,217,125,126
1,11383,0.36310582,0.28119648,0.32215115,1,1,231,217,125,126
1,11384,0.36496128,0.27977626,0.32236877,1,1,231,217,125,126
1,11385,0.34078535,0.27977626,0.31028080,1,1,231,217,125,126
1,11386,0.31846487,0.27977626,0.29912057,1,1,231,217,125,126
1,11387,0.31846487,0.28119648,0.29983068,1,1,231,217,125,126
1,11388,0.31846487,0.29976028,0.30911257,1,1,231,217,125,126
1,11389,0.30332342,0.25979224,0.28155783,1,1,231,217,125,126
1,11390,0.30332342,0.28052511,0.29192426,1,1,231,217,125,126
1,11391,0.31846487,0.27977626,0.29912057,1,1,231,217,125,126
1,11392,0.30332342,0.27977626,0.29154984,1,1,231,217,125,126
1,11393,0.30320367,0.27977626,0.29148996,1,1,231,217,125,126
1,11394,0.31848367,0.26082196,0.28965281,1,1,231,217,125,126
1,11395,0.32620941,0.27910828,0.30265885,1,1,231,217,125,126
1,11396,0.31686450,0.27232127,0.29459289,1,1,231,217,125,126
1,11397,0.32622201,0.27977626,0.30299913,1,1,231,217,125,126
1,11398,0.34091820,0.27977626,0.31034723,1,1,231,217,125,126
1,11399,0.34921516,0.29976028,0.32448772,1,1,231,217,125,126
1,11400,0.32487995,0.30917348,0.31702671,1,1,231,217,125,126
1,11401,0.32622201,0.30170261,0.31396231,1,1,231,217,125,126
1,11402,0.32622201,0.30242466,0.31432333,1,1,231,217,125,126
1,11403,0.32622201,0.32146327,0.32384264,1,1,231,217,125,126
1,11404,0.34921516,0.30917348,0.32919432,1,1,231,217,125,126
1,11405,0.32622201,0.29081047,0.30851624,1,1,231,217,125,126
1,11406,0.34624657,0.30985773,0.32805215,1,1,231,217,125,126
1,11407,0.36496128,0.30100444,0.33298286,1,1,231,217,125,126
1,11408,0.34921516,0.30242466,0.32581991,1,1,231,217,125,126
1,11409,0.34624657,0.30242466,0.32433561,1,1,231,217,125,126
1,11410,0.32469003,0.29081047,0.30775025,1,1,231,217,125,126
1,11411,0.34758863,0.30985773,0.32872318,1,1,231,217,125,126
1,11412,0.34921516,0.30985773,0.32953645,1,1,231,217,125,126
1,11413,0.34758863,0.29081047,0.31919955,1,1,231,217,125,126
1,11414,0.32469003,0.29081047,0.30775025,1,1,231,217,125,126
1,11415,0.29088353,0.29081047,0.29084700,1,1,231,217,125,126
1,11416,0.32469003,0.29081047,0.30775025,1,1,231,217,125,126
1,11417,0.36661963,0.30985773,0.33823868,1,1,231,217,125,126
1,11418,0.34786682,0.29976028,0.32381355,1,1,231,217,125,126
1,11419,0.34624657,0.29976028,0.32300342,1,1,231,217,125,126
1,11420,0.32622201,0.29976028,0.31299114,1,1,231,217,125,126
1,11421,0.32487995,0.29976028,0.31232011,1,1,231,217,125,126
1,11422,0.32774856,0.28261670,0.30518263,1,1,231,217,125,126
1,11423,0.32640022,0.29081047,0.30860534,1,1,231,217,125,126
1,11424,0.32622201,0.29081047,0.30851624,1,1,231,217,125,126
1,11425,0.31846487,0.28261670,0.30054079,1,1,231,217,125,126
1,11426,0.32774856,0.28261670,0.30518263,1,1,231,217,125,126
1,11427,0.33938337,0.29976028,0.31957182,1,1,231,217,125,126
1,11428,0.34758863,0.30100444,0.32429653,1,1,231,217,125,126
1,11429,0.34651848,0.30242466,0.32447157,1,1,231,217,125,126
1,11430,0.34758863,0.31500429,0.33129646,1,1,231,217,125,126
1,11431,0.32487995,0.30170261,0.31329128,1,1,231,217,125,126
1,11432,0.31686450,0.29016828,0.30351639,1,1,231,217,125,126
1,11433,0.30628196,0.29016828,0.29822512,1,1,231,217,125,126
1,11434,0.34786682,0.30242466,0.32514574,1,1,231,217,125,126
1,11435,0.34921516,0.30242466,0.32581991,1,1,231,217,125,126
1,11436,0.30628196,0.27116308,0.28872252,1,1,231,217,125,126
1,11437,0.30485539,0.30046142,0.30265840,1,1,231,217,125,126
1,11438,0.32622201,0.28194194,0.30408197,1,1,231,217,125,126
1,11439,0.34252674,0.29904459,0.32078567,1,1,231,217,125,126
1,11440,0.34252674,0.29904459,0.32078567,1,1,231,217,125,126
1,11441,0.34758863,0.32098846,0.33428854,1,1,231,217,125,126
1,11442,0.36310582,0.27977626,0.32144104,1,1,231,217,125,126
1,11443,0.34758863,0.32022208,0.33390535,1,1,231,217,125,126
1,11444,0.34078535,0.29976028,0.32027281,1,1,231,217,125,126
1,11445,0.36310582,0.31898089,0.34104336,1,1,231,217,125,126
1,11446,0.34078535,0.30046142,0.32062338,1,1,231,217,125,126
1,11447,0.30485539,0.30917348,0.30701444,1,1,231,217,125,126
1,11448,0.32774856,0.31898089,0.32336473,1,1,231,217,125,126
1,11449,0.30628196,0.30100444,0.30364320,1,1,231,217,125,126
1,11450,0.36496128,0.29904459,0.33200293,1,1,231,217,125,126
1,11451,0.34758863,0.30046142,0.32402502,1,1,231,217,125,126
1,11452,0.34758863,0.30100444,0.32429653,1,1,231,217,125,126
1,11453,0.34078535,0.27977626,0.31028080,1,1,231,217,125,126
1,11454,0.34078535,0.30028578,0.32053556,1,1,231,217,125,126
1,11455,0.34078535,0.29904459,0.31991497,1,1,231,217,125,126
1,11456,0.32622201,0.29904459,0.31263330,1,1,231,217,125,126
1,11457,0.32469003,0.28261670,0.30365337,1,1,231,217,125,126
1,11458,0.32469003,0.28261670,0.30365337,1,1,231,217,125,126
1,11459,0.32622201,0.27176321,0.29899261,1,1,231,217,125,126
1,11460,0.34078535,0.30118050,0.32098292,1,1,231,217,125,126
1,11461,0.32622201,0.28261670,0.30441935,1,1,231,217,125,126
1,11462,0.32622201,0.27176321,0.29899261,1,1,231,217,125,126
1,11463,0.34624657,0.31500429,0.33062543,1,1,231,217,125,126
1,11464,0.34624657,0.28119648,0.31372152,1,1,231,217,125,126
1,11465,0.32622201,0.28261670,0.30441935,1,1,231,217,125,126
1,11466,0.32622201,0.28261670,0.30441935,1,1,231,217,125,126
1,11467,0.33938337,0.27176321,0.30557329,1,1,231,217,125,126
1,11468,0.32622201,0.28261670,0.30441935,1,1,231,217,125,126
1,11469,0.34921516,0.31418857,0.33170187,1,1,231,217,125,126
1,11470,0.31848367,0.27910828,0.29879597,1,1,231,217,125,126
1,11471,0.34786682,0.30046142,0.32416412,1,1,231,217,125,126
1,11472,0.34921516,0.28119648,0.31520582,1,1,231,217,125,126
1,11473,0.32622201,0.28119648,0.30370924,1,1,231,217,125,126
1,11474,0.32469003,0.28261670,0.30365337,1,1,231,217,125,126
1,11475,0.34786682,0.27977626,0.31382154,1,1,231,217,125,126
1,11476,0.32774856,0.29976028,0.31375442,1,1,231,217,125,126
1,11477,0.30485539,0.29976028,0.30230783,1,1,231,217,125,126
1,11478,0.32469003,0.30046142,0.31257573,1,1,231,217,125,126
1,11479,0.36496128,0.29904459,0.33200293,1,1,231,217,125,126
1,11480,0.30474281,0.28119648,0.29296965,1,1,231,217,125,126
1,11481,0.36170385,0.30100444,0.33135414,1,1,231,217,125,126
1,11482,0.36496128,0.27977626,0.32236877,1,1,231,217,125,126
1,11483,0.32620941,0.28119648,0.30370295,1,1,231,217,125,126
1,11484,0.36170385,0.27977626,0.32074005,1,1,231,217,125,126
1,11485,0.36310582,0.30100444,0.33205513,1,1,231,217,125,126
1,11486,0.36496128,0.29976028,0.33236078,1,1,231,217,125,126
1,11487,0.34786682,0.28119648,0.31453165,1,1,231,217,125,126
1,11488,0.31846487,0.27977626,0.29912057,1,1,231,217,125,126
1,11489,0.36355214,0.31500429,0.33927821,1,1,231,217,125,126
1,11490,0.34624657,0.30100444,0.32362550,1,1,231,217,125,126
1,11491,0.36355214,0.30100444,0.33227829,1,1,231,217,125,126
1,11492,0.32487995,0.29976028,0.31232011,1,1,231,217,125,126
1,11493,0.36170385,0.31500429,0.33835407,1,1,231,217,125,126
1,11494,0.33938337,0.28119648,0.31028993,1,1,231,217,125,126
1,11495,0.34624657,0.28261670,0.31443163,1,1,231,217,125,126
1,11496,0.36355214,0.29289311,0.32822262,1,1,231,217,125,126
1,11497,0.33938337,0.28119648,0.31028993,1,1,231,217,125,126
1,11498,0.36355214,0.30242466,0.33298840,1,1,231,217,125,126
1,11499,0.32486107,0.27977626,0.30231867,1,1,231,217,125,126
1,11500,0.34624657,0.27977626,0.31301141,1,1,231,217,125,126
1,11501,0.32469003,0.27977626,0.30223315,1,1,231,217,125,126
1,11502,0.34078535,0.30100444,0.32089489,1,1,231,217,125,126
1,11503,0.31846487,0.30100444,0.30973465,1,1,231,217,125,126
1,11504,0.32622201,0.29976028,0.31299114,1,1,231,217,125,126
1,11505,0.36310582,0.27977626,0.32144104,1,1,231,217,125,126
1,11506,0.34786682,0.27977626,0.31382154,1,1,231,217,125,126
1,11507,0.34078535,0.29976028,0.32027281,1,1,231,217,125,126
1,11508,0.34078535,0.28119648,0.31099091,1,1,231,217,125,126
1,11509,0.32622201,0.28119648,0.30370924,1,1,231,217,125,126
1,11510,0.34078535,0.28119648,0.31099091,1,1,231,217,125,126
1,11511,0.34078535,0.28119648,0.31099091,1,1,231,217,125,126
1,11512,0.33938337,0.27977626,0.30957982,1,1,231,217,125,126
1,11513,0.34078535,0.28119648,0.31099091,1,1,231,217,125,126
1,11514,0.34078535,0.28119648,0.31099091,1,1,231,217,125,126
1,11515,0.33938337,0.28119648,0.31028993,1,1,231,217,125,126
1,11516,0.31846487,0.29437240,0.30641864,1,1,231,217,125,126
1,11517,0.33938337,0.28119648,0.31028993,1,1,231,217,125,126
1,11518,0.34078535,0.27977626,0.31028080,1,1,231,217,125,126
1,11519,0.33938337,0.30046142,0.31992239,1,1,231,217,125,126
1,11520,0.36214300,0.31418857,0.33816579,1,1,231,217,125,126
1,11521,0.34651848,0.30170261,0.32411054,1,1,231,217,125,126
1,11522,0.34786682,0.33476703,0.34131693,1,1,231,217,125,126
1,11523,0.34624657,0.30100444,0.32362550,1,1,231,217,125,126
1,11524,0.36355214,0.30170261,0.33262737,1,1,231,217,125,126
1,11525,0.34786682,0.32022208,0.33404445,1,1,231,217,125,126
1,11526,0.32469003,0.28261670,0.30365337,1,1,231,217,125,126
1,11527,0.32469003,0.30242466,0.31355735,1,1,231,217,125,126
1,11528,0.36355214,0.29904459,0.33129836,1,1,231,217,125,126
1,11529,0.30332342,0.28119648,0.29225995,1,1,231,217,125,126
1,11530,0.30628196,0.28119648,0.29373922,1,1,231,217,125,126
1,11531,0.34078535,0.28052511,0.31065523,1,1,231,217,125,126
1,11532,0.34921516,0.32223262,0.33572389,1,1,231,217,125,126
1,11533,0.34921516,0.35423585,0.35172550,1,1,231,217,125,126
1,11534,0.38422271,0.32223262,0.35322767,1,1,231,217,125,126
1,11535,0.36899702,0.34126257,0.35512980,1,1,231,217,125,126
1,11536,0.36899702,0.32022208,0.34460955,1,1,231,217,125,126
1,11537,0.36661963,0.32022208,0.34342086,1,1,231,217,125,126
1,11538,0.34534917,0.32146327,0.33340622,1,1,231,217,125,126
1,11539,0.36899702,0.32146327,0.34523015,1,1,231,217,125,126
1,11540,0.34758863,0.32022208,0.33390535,1,1,231,217,125,126
1,11541,0.36765496,0.32146327,0.34455911,1,1,231,217,125,126
1,11542,0.34758863,0.32022208,0.33390535,1,1,231,217,125,126
1,11543,0.34624657,0.32022208,0.33323432,1,1,231,217,125,126
1,11544,0.36899702,0.32022208,0.34460955,1,1,231,217,125,126
1,11545,0.36765496,0.32022208,0.34393852,1,1,231,217,125,126
1,11546,0.36899702,0.32022208,0.34460955,1,1,231,217,125,126
1,11547,0.32622201,0.31271311,0.31946756,1,1,231,217,125,126
1,11548,0.36780310,0.34015839,0.35398074,1,1,231,217,125,126
1,11549,0.34786682,0.31898089,0.33342386,1,1,231,217,125,126
1,11550,0.34758863,0.31898089,0.33328476,1,1,231,217,125,126
1,11551,0.34624657,0.32022208,0.33323432,1,1,231,217,125,126
1,11552,0.36765496,0.30797974,0.33781735,1,1,231,217,125,126
1,11553,0.36765496,0.31898089,0.34331792,1,1,231,217,125,126
1,11554,0.36899702,0.32146327,0.34523015,1,1,231,217,125,126
1,11555,0.32622201,0.32223262,0.32422731,1,1,231,217,125,126
1,11556,0.34624657,0.32223262,0.33423959,1,1,231,217,125,126
1,11557,0.36899702,0.34619622,0.35759662,1,1,231,217,125,126
1,11558,0.34758863,0.36106187,0.35432525,1,1,231,217,125,126
1,11559,0.36899702,0.36106187,0.36502945,1,1,231,217,125,126
1,11560,0.34758863,0.34126257,0.34442560,1,1,231,217,125,126
1,11561,0.34758863,0.34725819,0.34742341,1,1,231,217,125,126
1,11562,0.36899702,0.34725819,0.35812761,1,1,231,217,125,126
1,11563,0.34758863,0.32821584,0.33790223,1,1,231,217,125,126
1,11564,0.36661963,0.32821584,0.34741773,1,1,231,217,125,126
1,11565,0.39040541,0.34725819,0.36883180,1,1,231,217,125,126
1,11566,0.37072373,0.34725819,0.35899096,1,1,231,217,125,126
1,11567,0.36899702,0.34126257,0.35512980,1,1,231,217,125,126
1,11568,0.36899702,0.34725819,0.35812761,1,1,231,217,125,126
1,11569,0.33204631,0.35995769,0.34600200,1,1,231,217,125,126
1,11570,0.34758863,0.33891720,0.34325291,1,1,231,217,125,126
1,11571,0.34758863,0.31898089,0.33328476,1,1,231,217,125,126
1,11572,0.36170385,0.33891720,0.35031052,1,1,231,217,125,126
1,11573,0.37072373,0.35995769,0.36534071,1,1,231,217,125,126
1,11574,0.34786682,0.31898089,0.33342386,1,1,231,217,125,126
1,11575,0.33204631,0.33891720,0.33548176,1,1,231,217,125,126
1,11576,0.36170385,0.32146327,0.34158356,1,1,231,217,125,126
1,11577,0.34758863,0.34126257,0.34442560,1,1,231,217,125,126
1,11578,0.34786682,0.32223262,0.33504972,1,1,231,217,125,126
1,11579,0.36899702,0.30985773,0.33942737,1,1,231,217,125,126
1,11580,0.36899702,0.30985773,0.33942737,1,1,231,217,125,126
1,11581,0.39103279,0.32894223,0.35998751,1,1,231,217,125,126
1,11582,0.34786682,0.32022208,0.33404445,1,1,231,217,125,126
1,11583,0.38921149,0.34126257,0.36523703,1,1,231,217,125,126
1,11584,0.34921516,0.31898089,0.33409803,1,1,231,217,125,126
1,11585,0.34624657,0.33563618,0.34094137,1,1,231,217,125,126
1,11586,0.34758863,0.34126257,0.34442560,1,1,231,217,125,126
1,11587,0.34758863,0.32146327,0.33452595,1,1,231,217,125,126
1,11588,0.36765496,0.31974430,0.34369963,1,1,231,217,125,126
1,11589,0.36765496,0.30917348,0.33841422,1,1,231,217,125,126
1,11590,0.36937539,0.30917348,0.33927444,1,1,231,217,125,126
1,11591,0.34786682,0.30917348,0.32852015,1,1,231,217,125,126
1,11592,0.36899702,0.32146327,0.34523015,1,1,231,217,125,126
1,11593,0.34758863,0.31974430,0.33366646,1,1,231,217,125,126
1,11594,0.34758863,0.32146327,0.33452595,1,1,231,217,125,126
1,11595,0.32774856,0.30170261,0.31472558,1,1,231,217,125,126
1,11596,0.34624657,0.32146327,0.33385492,1,1,231,217,125,126
1,11597,0.38921149,0.34126257,0.36523703,1,1,231,217,125,126
1,11598,0.34921516,0.29016828,0.31969172,1,1,231,217,125,126
1,11599,0.36765496,0.32223262,0.34494379,1,1,231,217,125,126
1,11600,0.36765496,0.30985773,0.33875634,1,1,231,217,125,126
1,11601,0.34921516,0.32146327,0.33533922,1,1,231,217,125,126
1,11602,0.38921149,0.32821584,0.35871366,1,1,231,217,125,126
1,11603,0.34624657,0.32146327,0.33385492,1,1,231,217,125,126
1,11604,0.34786682,0.30170261,0.32478471,1,1,231,217,125,126
1,11605,0.36899702,0.30917348,0.33908525,1,1,231,217,125,126
1,11606,0.36899702,0.32146327,0.34523015,1,1,231,217,125,126
1,11607,0.34921516,0.30917348,0.32919432,1,1,231,217,125,126
1,11608,0.35538573,0.31898089,0.33718331,1,1,231,217,125,126
1,11609,0.36780310,0.31974430,0.34377370,1,1,231,217,125,126
1,11610,0.36899702,0.32146327,0.34523015,1,1,231,217,125,126
1,11611,0.34786682,0.32146327,0.33466505,1,1,231,217,125,126
1,11612,0.38921149,0.32098846,0.35509997,1,1,231,217,125,126
1,11613,0.35271877,0.30985773,0.33128825,1,1,231,217,125,126
1,11614,0.36899702,0.30917348,0.33908525,1,1,231,217,125,126
1,11615,0.36899702,0.30917348,0.33908525,1,1,231,217,125,126
1,11616,0.34758863,0.28761188,0.31760025,1,1,231,217,125,126
1,11617,0.34624657,0.30797974,0.32711315,1,1,231,217,125,126
1,11618,0.34758863,0.30242466,0.32500664,1,1,231,217,125,126
1,11619,0.34758863,0.30170261,0.32464562,1,1,231,217,125,126
1,11620,0.36310582,0.31898089,0.34104336,1,1,231,217,125,126
1,11621,0.32622201,0.30985773,0.31803987,1,1,231,217,125,126
1,11622,0.34758863,0.30917348,0.32838105,1,1,231,217,125,126
1,11623,0.34758863,0.30917348,0.32838105,1,1,231,217,125,126
1,11624,0.34786682,0.30797974,0.32792328,1,1,231,217,125,126
1,11625,0.35386372,0.32098846,0.33742609,1,1,231,217,125,126
1,11626,0.36899702,0.30985773,0.33942737,1,1,231,217,125,126
1,11627,0.34624657,0.27977626,0.31301141,1,1,231,217,125,126
1,11628,0.32622201,0.27977626,0.30299913,1,1,231,217,125,126
1,11629,0.34758863,0.33891720,0.34325291,1,1,231,217,125,126
1,11630,0.34758863,0.31974430,0.33366646,1,1,231,217,125,126
1,11631,0.38546993,0.30746497,0.34646745,1,1,231,217,125,126
1,11632,0.33333333,0.30917348,0.32125341,1,1,231,217,125,126
1,11633,0.34921516,0.30028578,0.32475047,1,1,231,217,125,126
1,11634,0.36899702,0.36106187,0.36502945,1,1,231,217,125,126
1,11635,0.36899702,0.30028578,0.33464140,1,1,231,217,125,126
1,11636,0.34786682,0.31898089,0.33342386,1,1,231,217,125,126
1,11637,0.36496128,0.30917348,0.33706738,1,1,231,217,125,126
1,11638,0.31846487,0.28052511,0.29949499,1,1,231,217,125,126
1,11639,0.22928644,0.21039624,0.21984134,1,1,231,217,125,126
1,11640,0.21718612,0.18750000,0.20234306,1,1,231,217,125,126
1,11641,0.19814119,0.18750000,0.19282060,1,1,231,217,125,126
1,11642,0.19546751,0.18000000,0.18773376,1,1,231,217,125,126
1,11643,0.21718612,0.18750000,0.20234306,1,1,231,217,125,126
1,11644,0.22148726,0.20181899,0.21165313,1,1,231,217,125,126
1,11645,0.21718612,0.18750000,0.20234306,1,1,231,217,125,126
1,11646,0.21718612,0.20833333,0.21275973,1,1,231,217,125,126
1,11647,0.21718612,0.18000000,0.19859306,1,1,231,217,125,126
1,11648,0.22928644,0.18750000,0.20839322,1,1,231,217,125,126
1,11649,0.21933669,0.18000000,0.19966835,1,1,231,217,125,126
1,11650,0.19761808,0.18000000,0.18880904,1,1,231,217,125,126
1,11651,0.19706115,0.18198039,0.18952077,1,1,231,217,125,126
1,11652,0.19546751,0.16000000,0.17773376,1,1,231,217,125,126
1,11653,0.21718612,0.18750000,0.20234306,1,1,231,217,125,126
1,11654,0.21718612,0.18733745,0.20226179,1,1,231,217,125,126
1,11655,0.19546751,0.18183497,0.18865124,1,1,231,217,125,126
1,11656,0.21718612,0.20833333,0.21275973,1,1,231,217,125,126
1,11657,0.24216838,0.20833333,0.22525086,1,1,231,217,125,126
1,11658,0.21933669,0.18000000,0.19966835,1,1,231,217,125,126
1,11659,0.24105530,0.20198039,0.22151785,1,1,231,217,125,126
1,11660,0.25308776,0.20833333,0.23071055,1,1,231,217,125,126
1,11661,0.20658261,0.20815272,0.20736766,1,1,231,217,125,126
1,11662,0.21954390,0.20815272,0.21384831,1,1,231,217,125,126
1,11663,0.22928644,0.20815272,0.21871958,1,1,231,217,125,126
1,11664,0.32009221,0.29289311,0.30649266,1,1,231,217,125,126
1,11665,0.32009221,0.27977626,0.29993424,1,1,231,217,125,126
1,11666,0.34758863,0.30170261,0.32464562,1,1,231,217,125,126
1,11667,0.34758863,0.30028578,0.32393720,1,1,231,217,125,126
1,11668,0.34758863,0.30170261,0.32464562,1,1,231,217,125,126
1,11669,0.36310582,0.30170261,0.33240421,1,1,231,217,125,126
1,11670,0.34758863,0.32022208,0.33390535,1,1,231,217,125,126
1,11671,0.34758863,0.31898089,0.33328476,1,1,231,217,125,126
1,11672,0.34624657,0.29904459,0.32264558,1,1,231,217,125,126
1,11673,0.34758863,0.27910828,0.31334845,1,1,231,217,125,126
1,11674,0.32774856,0.27910828,0.30342842,1,1,231,217,125,126
1,11675,0.34921516,0.33434027,0.34177771,1,1,231,217,125,126
1,11676,0.34758863,0.29904459,0.32331661,1,1,231,217,125,126
1,11677,0.32774856,0.31974430,0.32374643,1,1,231,217,125,126
1,11678,0.34921516,0.32223262,0.33572389,1,1,231,217,125,126
1,11679,0.34786682,0.29904459,0.32345570,1,1,231,217,125,126
1,11680,0.34624657,0.31974430,0.33299543,1,1,231,217,125,126
1,11681,0.34624657,0.31974430,0.33299543,1,1,231,217,125,126
1,11682,0.34921516,0.27977626,0.31449571,1,1,231,217,125,126
1,11683,0.23153456,0.20815272,0.21984364,1,1,231,217,125,126
1,11684,0.21933669,0.20833333,0.21383501,1,1,231,217,125,126
1,11685,0.25386930,0.21739130,0.23563030,1,1,231,217,125,126
1,11686,0.21933669,0.20198039,0.21065854,1,1,231,217,125,126
1,11687,0.19546751,0.18750000,0.19148376,1,1,231,217,125,126
1,11688,0.21933669,0.18198039,0.20065854,1,1,231,217,125,126
1,11689,0.19761808,0.18750000,0.19255904,1,1,231,217,125,126
1,11690,0.21933669,0.20833333,0.21383501,1,1,231,217,125,126
1,11691,0.20712945,0.18750000,0.19731472,1,1,231,217,125,126
1,11692,0.21933669,0.16666667,0.19300168,1,1,231,217,125,126
1,11693,0.20712945,0.20833333,0.20773139,1,1,231,217,125,126
1,11694,0.22727273,0.18750000,0.20738636,1,1,231,217,125,126
1,11695,0.18442562,0.16652218,0.17547390,1,1,231,217,125,126
1,11696,0.19546751,0.16666667,0.18106709,1,1,231,217,125,126
1,11697,0.20433448,0.18750000,0.19591724,1,1,231,217,125,126
1,11698,0.21718612,0.18750000,0.20234306,1,1,231,217,125,126
1,11699,0.20658261,0.18750000,0.19704130,1,1,231,217,125,126
1,11700,0.22928644,0.20833333,0.21880989,1,1,231,217,125,126
1,11701,0.21657405,0.18750000,0.20203702,1,1,231,217,125,126
1,11702,0.20712945,0.18750000,0.19731472,1,1,231,217,125,126
1,11703,0.19814119,0.20833333,0.20323726,1,1,231,217,125,126
1,11704,0.22952317,0.18198039,0.20575178,1,1,231,217,125,126
1,11705,0.19565217,0.18750000,0.19157609,1,1,231,217,125,126
1,11706,0.21718612,0.16666667,0.19192640,1,1,231,217,125,126
1,11707,0.19546751,0.18750000,0.19148376,1,1,231,217,125,126
1,11708,0.18442562,0.16666667,0.17554614,1,1,231,217,125,126
1,11709,0.19565217,0.16666667,0.18115942,1,1,231,217,125,126
1,11710,0.17374890,0.18750000,0.18062445,1,1,231,217,125,126
1,11711,0.19565217,0.16652218,0.18108718,1,1,231,217,125,126
1,11712,0.20454545,0.16666667,0.18560606,1,1,231,217,125,126
1,11713,0.20679590,0.18750000,0.19714795,1,1,231,217,125,126
1,11714,0.19546751,0.16652218,0.18099485,1,1,231,217,125,126
1,11715,0.17642258,0.16492422,0.17067340,1,1,231,217,125,126
1,11716,0.21718612,0.20815272,0.21266942,1,1,231,217,125,126
1,11717,0.21718612,0.20815272,0.21266942,1,1,231,217,125,126
1,11718,0.22928644,0.16233229,0.19580936,1,1,231,217,125,126
1,11719,0.19546751,0.18956291,0.19251521,1,1,231,217,125,126
1,11720,0.18163065,0.16666667,0.17414866,1,1,231,217,125,126
1,11721,0.21718612,0.17985617,0.19852115,1,1,231,217,125,126
1,11722,0.22148726,0.18733745,0.20441235,1,1,231,217,125,126
1,11723,0.18442562,0.16652218,0.17547390,1,1,231,217,125,126
1,11724,0.19565217,0.18750000,0.19157609,1,1,231,217,125,126
1,11725,0.21739130,0.20833333,0.21286232,1,1,231,217,125,126
1,11726,0.21739130,0.16652218,0.19195674,1,1,231,217,125,126
1,11727,0.19565217,0.15987215,0.17776216,1,1,228,194,150,151
1,11728,0.19546751,0.21039624,0.20293188,1,1,228,194,150,151
1,11729,0.21739130,0.21021384,0.21380257,1,1,228,194,150,151
1,11730,0.22952317,0.20815272,0.21883795,1,1,231,217,125,126
1,11731,0.22928644,0.18733745,0.20831194,1,1,231,217,125,126
1,11732,0.22952317,0.20815272,0.21883795,1,1,231,217,125,126
1,11733,0.21933669,0.20833333,0.21383501,1,1,231,217,125,126
1,11734,0.22928644,0.20833333,0.21880989,1,1,231,217,125,126
1,11735,0.19814119,0.16908465,0.18361292,1,1,231,217,125,126
1,11736,0.22928644,0.20833333,0.21880989,1,1,231,203,125,126
1,11737,0.22952317,0.18000000,0.20476159,1,1,231,203,125,126
1,11738,0.21718612,0.20815272,0.21266942,1,1,231,217,125,126
1,11739,0.27535374,0.22916667,0.25226020,1,1,231,217,125,126
1,11740,0.26062335,0.25150600,0.25606467,1,1,231,217,125,126
1,11741,0.32009221,0.29904459,0.30956840,1,1,231,217,125,126
1,11742,0.36496128,0.31974430,0.34235279,1,1,231,203,125,126
1,11743,0.34624657,0.32098846,0.33361751,1,1,231,203,125,126
1,11744,0.34921516,0.30028578,0.32475047,1,1,231,203,125,126
1,11745,0.36496128,0.29976028,0.33236078,1,1,231,203,125,126
1,11746,0.37072373,0.31974430,0.34523401,1,1,231,203,125,126
1,11747,0.34624657,0.31974430,0.33299543,1,1,231,203,125,126
1,11748,0.34758863,0.31974430,0.33366646,1,1,231,203,125,126
1,11749,0.34624657,0.30242466,0.32433561,1,1,231,203,125,126
1,11750,0.37072373,0.34207930,0.35640152,1,1,231,203,125,126
1,11751,0.34758863,0.30170261,0.32464562,1,1,231,203,125,126
1,11752,0.36899702,0.32146327,0.34523015,1,1,231,203,125,126
1,11753,0.34624657,0.34207930,0.34416293,1,1,231,203,125,126
1,11754,0.34758863,0.32223262,0.33491062,1,1,231,203,125,126
1,11755,0.34758863,0.33434027,0.34096445,1,1,228,194,150,151
1,11756,0.34758863,0.35501249,0.35130056,1,1,228,194,150,151
1,11757,0.36310582,0.31222908,0.33766745,1,1,228,194,150,151
1,11758,0.34758863,0.30100444,0.32429653,1,1,228,194,150,151
1,11759,0.36899702,0.32223262,0.34561482,1,1,231,203,125,126
1,11760,0.34786682,0.30170261,0.32478471,1,1,231,203,125,126
1,11761,0.36496128,0.29976028,0.33236078,1,1,228,194,150,151
1,11762,0.39040541,0.34002138,0.36521340,1,1,228,194,150,151
1,11763,0.36899702,0.31974430,0.34437066,1,1,228,194,150,151
1,11764,0.34758863,0.31974430,0.33366646,1,1,228,194,150,151
1,11765,0.32640022,0.31898089,0.32269055,1,1,228,194,150,151
1,11766,0.32774856,0.30746497,0.31760676,1,1,231,203,125,126
1,11767,0.34786682,0.31974430,0.33380556,1,1,231,203,125,126
1,11768,0.34921516,0.30000000,0.32460758,1,1,228,194,150,151
1,11769,0.33204631,0.32223262,0.32713946,1,1,231,203,125,126
1,11770,0.34921516,0.35630841,0.35276178,1,1,228,194,150,151
1,11771,0.36310582,0.30000000,0.33155291,1,1,228,194,150,151
1,11772,0.34758863,0.29976028,0.32367445,1,1,228,194,150,151
1,11773,0.36310582,0.30028578,0.33169580,1,1,228,194,150,151
1,11774,0.37072373,0.35385963,0.36229168,1,1,231,203,125,126
1,11775,0.34758863,0.33972831,0.34365847,1,1,231,203,125,126
1,11776,0.34758863,0.31974430,0.33366646,1,1,228,194,150,151
1,11777,0.30485539,0.30124516,0.30305027,1,1,228,194,150,151
1,11778,0.34758863,0.28000000,0.31379431,1,1,228,194,150,151
1,11779,0.30474281,0.27207783,0.28841032,1,1,231,217,125,126
1,11780,0.24974215,0.20833333,0.22903774,1,1,231,217,125,126
1,11781,0.21718612,0.22916667,0.22317640,1,1,231,217,125,126
1,11782,0.18442562,0.20815272,0.19628917,1,1,231,217,125,126
1,11783,0.22928644,0.18750000,0.20839322,1,1,231,203,125,126
1,11784,0.23890474,0.18198039,0.21044256,1,1,231,203,125,126
1,11785,0.22928644,0.20815272,0.21871958,1,1,231,217,125,126
1,11786,0.22928644,0.20833333,0.21880989,1,1,231,217,125,126
1,11787,0.23153456,0.20198039,0.21675748,1,1,231,217,125,126
1,11788,0.21718612,0.20198039,0.20958326,1,1,231,217,125,126
1,11789,0.22928644,0.20833333,0.21880989,1,1,231,203,125,126
1,11790,0.26062335,0.20181899,0.23122117,1,1,231,203,125,126
1,11791,0.19546751,0.18733745,0.19140248,1,1,231,203,125,126
1,11792,0.23890474,0.22916667,0.23403570,1,1,231,203,125,126
1,11793,0.21739130,0.20833333,0.21286232,1,1,231,203,125,126
1,11794,0.21718612,0.21954390,0.21836501,1,1,231,203,125,126
1,11795,0.19546751,0.20198039,0.19872395,1,1,231,203,125,126
1,11796,0.19565217,0.16666667,0.18115942,1,1,231,203,125,126
1,11797,0.25386930,0.20815272,0.23101101,1,1,231,203,125,126
1,11798,0.20658261,0.18750000,0.19704130,1,1,231,203,125,126
1,11799,0.22703831,0.20833333,0.21768582,1,1,231,203,125,126
1,11800,0.21718612,0.20833333,0.21275973,1,1,231,203,125,126
1,11801,0.20712945,0.18000000,0.19356472,1,1,231,203,125,126
1,11802,0.23890474,0.22896799,0.23393637,1,1,231,203,125,126
1,11803,0.19546751,0.20833333,0.20190042,1,1,231,203,125,126
1,11804,0.25000000,0.22916667,0.23958333,1,1,231,203,125,126
1,11805,0.27620404,0.25172422,0.26396413,1,1,231,203,125,126
1,11806,0.32774856,0.29289311,0.31032083,1,1,231,217,125,126
1,11807,0.34786682,0.30000000,0.32393341,1,1,231,203,125,126
1,11808,0.34758863,0.31974430,0.33366646,1,1,231,203,125,126
1,11809,0.34624657,0.31974430,0.33299543,1,1,231,203,125,126
1,11810,0.36496128,0.31974430,0.34235279,1,1,231,203,125,126
1,11811,0.34758863,0.32223262,0.33491062,1,1,231,203,125,126
1,11812,0.34921516,0.31974430,0.33447973,1,1,231,203,125,126
1,11813,0.34252674,0.32223262,0.33237968,1,1,231,217,125,126
1,11814,0.36496128,0.32223262,0.34359695,1,1,231,217,125,126
1,11815,0.34758863,0.33972831,0.34365847,1,1,231,203,125,126
1,11816,0.34921516,0.32022208,0.33471862,1,1,231,203,125,126
1,11817,0.34786682,0.31974430,0.33380556,1,1,231,203,125,126
1,11818,0.33204631,0.32668153,0.32936392,1,1,231,203,125,126
1,11819,0.36496128,0.31898089,0.34197108,1,1,231,203,125,126
1,11820,0.34758863,0.30000000,0.32379431,1,1,231,203,125,126
1,11821,0.36310582,0.32223262,0.34266922,1,1,231,217,125,126
1,11822,0.32622201,0.31974430,0.32298315,1,1,231,217,125,126
1,11823,0.30474281,0.28119648,0.29296965,1,1,231,203,125,126
1,11824,0.27620404,0.23980822,0.25800613,1,1,231,203,125,126
1,11825,0.25386930,0.20833333,0.23110132,1,1,231,203,125,126
1,11826,0.22928644,0.20833333,0.21880989,1,1,231,203,125,126
1,11827,0.25386930,0.20000000,0.22693465,1,1,231,217,125,126
1,11828,0.21933669,0.20833333,0.21383501,1,1,231,217,125,126
1,11829,0.26242084,0.20833333,0.23537709,1,1,231,217,125,126
1,11830,0.21933669,0.20833333,0.21383501,1,1,231,217,125,126
1,11831,0.24128303,0.22000000,0.23064152,1,1,231,203,125,126
1,11832,0.25386930,0.20000000,0.22693465,1,1,231,203,125,126
1,11833,0.23153456,0.20198039,0.21675748,1,1,231,203,125,126
1,11834,0.25162118,0.23089089,0.24125603,1,1,231,203,125,126
1,11835,0.19565217,0.20815272,0.20190245,1,1,231,217,125,126
1,11836,0.21718612,0.20198039,0.20958326,1,1,231,217,125,126
1,11837,0.21718612,0.18246211,0.19982412,1,1,231,217,125,126
1,11838,0.27244598,0.22916667,0.25080632,1,1,231,203,125,126
1,11839,0.32009221,0.29289311,0.30649266,1,1,231,203,125,126
1,11840,0.36355214,0.33434027,0.34894620,1,1,231,203,125,126
1,11841,0.38422271,0.35630841,0.37026556,1,1,231,203,125,126
1,11842,0.38743967,0.33218192,0.35981080,1,1,231,203,125,126
1,11843,0.36952422,0.35501249,0.36226836,1,1,231,203,125,126
1,11844,0.38921149,0.37698063,0.38309606,1,1,231,203,125,126
1,11845,0.39040541,0.36192599,0.37616570,1,1,231,203,125,126
1,11846,0.36355214,0.31974430,0.34164822,1,1,231,203,125,126
1,11847,0.38603053,0.33476703,0.36039878,1,1,231,203,125,126
1,11848,0.34786682,0.32098846,0.33442764,1,1,231,203,125,126
1,11849,0.40783405,0.33972831,0.37378118,1,1,231,203,125,126
1,11850,0.34078535,0.29976028,0.32027281,1,1,231,203,125,126
1,11851,0.36170385,0.32223262,0.34196823,1,1,231,203,125,126
1,11852,0.36496128,0.34207930,0.35352029,1,1,231,203,125,126
1,11853,0.36496128,0.32223262,0.34359695,1,1,231,203,125,126
1,11854,0.39103279,0.36192599,0.37647939,1,1,231,203,125,126
1,11855,0.38921149,0.36192599,0.37556874,1,1,231,203,125,126
1,11856,0.38546993,0.31898089,0.35222541,1,1,231,203,125,126
1,11857,0.38546993,0.32022208,0.35284601,1,1,231,203,125,126
1,11858,0.38603053,0.34126257,0.36364655,1,1,231,203,125,126
1,11859,0.38546993,0.34015839,0.36281416,1,1,231,203,125,126
1,11860,0.38406796,0.35501249,0.36954023,1,1,231,203,125,126
1,11861,0.38743967,0.33304436,0.36024201,1,1,231,203,125,126
1,11862,0.38603053,0.33891720,0.36247386,1,1,231,203,125,126
1,11863,0.38603053,0.35630841,0.37116947,1,1,231,203,125,126
1,11864,0.38743967,0.33476703,0.36110335,1,1,231,203,125,126
1,11865,0.38921149,0.36192599,0.37556874,1,1,231,203,125,126
1,11866,0.38406796,0.34083514,0.36245155,1,1,231,203,125,126
1,11867,0.38618607,0.35630841,0.37124724,1,1,231,203,125,126
1,11868,0.34078535,0.34207930,0.34143232,1,1,231,203,125,126
1,11869,0.38422271,0.33304436,0.35863353,1,1,231,217,125,126
1,11870,0.38618607,0.34207930,0.36413269,1,1,231,203,125,126
1,11871,0.38546993,0.33563618,0.36055306,1,1,231,203,125,126
1,11872,0.38743967,0.34207930,0.36475949,1,1,231,203,125,126
1,11873,0.36899702,0.34097248,0.35498475,1,1,231,203,125,126
1,11874,0.36355214,0.35294329,0.35824771,1,1,231,203,125,126
1,11875,0.34078535,0.33434027,0.33756281,1,1,231,217,125,126
1,11876,0.38603053,0.33434027,0.36018540,1,1,231,217,125,126
1,11877,0.38603053,0.33434027,0.36018540,1,1,231,217,125,126
1,11878,0.38406796,0.33434027,0.35920411,1,1,231,203,125,126
1,11879,0.37072373,0.34083514,0.35577944,1,1,231,203,125,126
1,11880,0.38603053,0.34207930,0.36405492,1,1,231,203,125,126
1,11881,0.38546993,0.32146327,0.35346660,1,1,231,217,125,126
1,11882,0.38546993,0.32022208,0.35284601,1,1,231,217,125,126
1,11883,0.33351631,0.25150600,0.29251115,1,1,231,217,125,126
1,11884,0.27432501,0.20815272,0.24123887,1,1,231,217,125,126
1,11885,0.22928644,0.20815272,0.21871958,1,1,231,217,125,126
1,11886,0.24974215,0.22148726,0.23561470,1,1,231,217,125,126
1,11887,0.27432501,0.22916667,0.25174584,1,1,231,217,125,126
1,11888,0.27535374,0.27207783,0.27371579,1,1,231,217,125,126
1,11889,0.32009221,0.29904459,0.30956840,1,1,231,217,125,126
1,11890,0.34786682,0.30170261,0.32478471,1,1,231,217,125,126
1,11891,0.36355214,0.29361011,0.32858112,1,1,231,217,125,126
1,11892,0.30320367,0.28119648,0.29220007,1,1,231,217,125,126
1,11893,0.32620941,0.30170261,0.31395601,1,1,231,217,125,126
1,11894,0.34252674,0.30118050,0.32185362,1,1,231,217,125,126
1,11895,0.34252674,0.29976028,0.32114351,1,1,231,217,125,126
1,11896,0.34252674,0.30118050,0.32185362,1,1,231,217,125,126
1,11897,0.34624657,0.29904459,0.32264558,1,1,231,217,125,126
1,11898,0.30628196,0.31370838,0.30999517,1,1,231,217,125,126
1,11899,0.36170385,0.29904459,0.33037422,1,1,231,217,125,126
1,11900,0.36496128,0.29437240,0.32966684,1,1,231,217,125,126
1,11901,0.30474281,0.29289311,0.29881796,1,1,231,217,125,126
1,11902,0.36310582,0.29437240,0.32873911,1,1,231,217,125,126
1,11903,0.34490450,0.29437240,0.31963845,1,1,231,217,125,126
1,11904,0.34786682,0.31271311,0.33028996,1,1,231,217,125,126
1,11905,0.30628196,0.33563618,0.32095907,1,1,228,194,150,151
1,11906,0.36355214,0.31418857,0.33887036,1,1,231,217,125,126
1,11907,0.34111761,0.30170261,0.32141011,1,1,231,217,125,126
1,11908,0.31848367,0.29141381,0.30494874,1,1,231,217,125,126
1,11909,0.32009221,0.29289311,0.30649266,1,1,231,217,125,126
1,11910,0.34252674,0.29976028,0.32114351,1,1,231,217,125,126
1,11911,0.34921516,0.32098846,0.33510181,1,1,231,217,125,126
1,11912,0.32774856,0.31500429,0.32137642,1,1,231,217,125,126
1,11913,0.36496128,0.31370838,0.33933483,1,1,231,217,125,126
1,11914,0.36496128,0.31370838,0.33933483,1,1,231,217,125,126
1,11915,0.32009221,0.30046142,0.31027681,1,1,231,217,125,126
1,11916,0.32620941,0.31418857,0.32019899,1,1,231,217,125,126
1,11917,0.32620941,0.31418857,0.32019899,1,1,231,217,125,126
1,11918,0.34786682,0.30118050,0.32452366,1,1,231,217,125,126
1,11919,0.34921516,0.32223262,0.33572389,1,1,228,194,150,151
1,11920,0.32620941,0.33563618,0.33092280,1,1,231,217,125,126
1,11921,0.34252674,0.31500429,0.32876552,1,1,231,217,125,126
1,11922,0.34624657,0.33434027,0.34029342,1,1,231,217,125,126
1,11923,0.33938337,0.29976028,0.31957182,1,1,231,217,125,126
1,11924,0.32009221,0.31370838,0.31690030,1,1,231,217,125,126
1,11925,0.34091820,0.31222908,0.32657364,1,1,228,194,150,151
1,11926,0.36310582,0.31352500,0.33831541,1,1,228,194,150,151
1,11927,0.34758863,0.32098846,0.33428854,1,1,228,194,150,151
1,11928,0.36170385,0.33304436,0.34737410,1,1,228,194,150,151
1,11929,0.36496128,0.31222908,0.33859518,1,1,228,194,150,151
1,11930,0.36496128,0.33304436,0.34900282,1,1,228,194,150,151
1,11931,0.36496128,0.31222908,0.33859518,1,1,228,194,150,151
1,11932,0.31848367,0.31222908,0.31535638,1,1,228,194,150,151
1,11933,0.32009221,0.29289311,0.30649266,1,1,228,194,150,151
1,11934,0.30406057,0.29141381,0.29773719,1,1,228,194,150,151
1,11935,0.30628196,0.29141381,0.29884788,1,1,228,194,150,151
1,11936,0.32108066,0.29141381,0.30624724,1,1,228,194,150,151
1,11937,0.32108066,0.27977626,0.30042846,1,1,228,194,150,151
1,11938,0.32009221,0.29437240,0.30723231,1,1,228,194,150,151
1,11939,0.32009221,0.28119648,0.30064435,1,1,228,194,150,151
1,11940,0.32009221,0.28119648,0.30064435,1,1,228,194,150,151
1,11941,0.32108066,0.29289311,0.30698689,1,1,228,194,150,151
1,11942,0.30474281,0.29289311,0.29881796,1,1,228,194,150,151
1,11943,0.30320367,0.25979224,0.28149795,1,1,228,194,150,151
1,11944,0.32009221,0.27207783,0.29608502,1,1,228,194,150,151
1,11945,0.31848367,0.28119648,0.29984007,1,1,228,194,150,151
1,11946,0.34921516,0.29976028,0.32448772,1,1,228,194,150,151
1,11947,0.30628196,0.27977626,0.29302911,1,1,228,194,150,151
1,11948,0.30628196,0.31352500,0.30990348,1,1,228,194,150,151
1,11949,0.31848367,0.29289311,0.30568839,1,1,228,194,150,151
1,11950,0.36496128,0.31974430,0.34235279,1,1,228,194,150,151
1,11951,0.32009221,0.29141381,0.30575301,1,1,228,194,150,151
1,11952,0.31687512,0.29141381,0.30414447,1,1,228,194,150,151
1,11953,0.32108066,0.27977626,0.30042846,1,1,228,194,150,151
1,11954,0.32009221,0.29976028,0.30992625,1,1,228,194,150,151
1,11955,0.34078535,0.27977626,0.31028080,1,1,228,194,150,151
1,11956,0.32108066,0.29289311,0.30698689,1,1,228,194,150,151
1,11957,0.32009221,0.28119648,0.30064435,1,1,228,194,150,151
1,11958,0.32009221,0.27977626,0.29993424,1,1,228,194,150,151
1,11959,0.31848367,0.29289311,0.30568839,1,1,231,217,125,126
1,11960,0.31848367,0.29289311,0.30568839,1,1,231,217,125,126
1,11961,0.30474281,0.29289311,0.29881796,1,1,231,217,125,126
1,11962,0.31848367,0.27207783,0.29528075,1,1,231,217,125,126
1,11963,0.30628196,0.29213465,0.29920830,1,1,231,217,125,126
1,11964,0.28333869,0.29289311,0.28811590,1,1,231,217,125,126
1,11965,0.28154626,0.26058880,0.27106753,1,1,231,217,125,126
1,11966,0.32640022,0.29289311,0.30964666,1,1,231,217,125,126
1,11967,0.31848367,0.29289311,0.30568839,1,1,231,217,125,126
1,11968,0.30332342,0.29289311,0.29810826,1,1,231,217,125,126
1,11969,0.31848367,0.28119648,0.29984007,1,1,231,217,125,126
1,11970,0.32009221,0.28119648,0.30064435,1,1,231,217,125,126
1,11971,0.32009221,0.29361011,0.30685116,1,1,231,217,125,126
1,11972,0.32620941,0.29213465,0.30917203,1,1,231,217,125,126
1,11973,0.30474281,0.29289311,0.29881796,1,1,231,217,125,126
1,11974,0.30474281,0.29289311,0.29881796,1,1,231,217,125,126
1,11975,0.28154626,0.27207783,0.27681205,1,1,231,217,125,126
1,11976,0.30320367,0.26082196,0.28201281,1,1,231,217,125,126
1,11977,0.30474281,0.29289311,0.29881796,1,1,231,217,125,126
1,11978,0.30332342,0.29289311,0.29810826,1,1,231,217,125,126
1,11979,0.34111761,0.27977626,0.31044693,1,1,231,217,125,126
1,11980,0.32009221,0.27059854,0.29534538,1,1,228,194,150,151
1,11981,0.32009221,0.27161608,0.29585415,1,1,228,194,150,151
1,11982,0.31848367,0.27977626,0.29912996,1,1,228,194,150,151
1,11983,0.31848367,0.29437240,0.30642804,1,1,228,194,150,151
1,11984,0.28835062,0.27232127,0.28033594,1,1,228,194,150,151
1,11985,0.28333869,0.26144617,0.27239243,1,1,231,217,125,126
1,11986,0.28154626,0.28119648,0.28137137,1,1,231,217,125,126
1,11987,0.30320367,0.25979224,0.28149795,1,1,231,217,125,126
1,11988,0.30474281,0.28119648,0.29296965,1,1,231,203,125,126
1,11989,0.30406057,0.28119648,0.29262853,1,1,231,203,125,126
1,11990,0.32108066,0.27977626,0.30042846,1,1,228,194,150,151
1,11991,0.31946715,0.27977626,0.29962171,1,1,228,194,150,151
1,11992,0.32108066,0.25979224,0.29043645,1,1,228,194,150,151
1,11993,0.32108066,0.26121246,0.29114656,1,1,231,203,125,126
1,11994,0.29424119,0.27207783,0.28315951,1,1,228,194,150,151
1,11995,0.31687512,0.28119648,0.29903580,1,1,231,203,125,126
1,11996,0.31687512,0.27083333,0.29385423,1,1,228,194,150,151
1,11997,0.31785364,0.27207783,0.29496574,1,1,231,203,125,126
1,11998,0.32009221,0.25979224,0.28994223,1,1,228,194,150,151
1,11999,0.31848367,0.25979224,0.28913795,1,1,231,203,125,126
1,12000,0.27620404,0.24978327,0.26299365,1,1,231,203,125,126
1,12001,0.27432501,0.25000000,0.26216250,1,1,228,194,150,151
1,12002,0.27620404,0.24146215,0.25883310,1,1,228,194,150,151
1,12003,0.27432501,0.25150600,0.26291550,1,1,228,194,150,151
1,12004,0.25386930,0.23089089,0.24238009,1,1,228,194,150,151
1,12005,0.26062335,0.23980822,0.25021579,1,1,228,194,150,151
1,12006,0.27244598,0.25000000,0.26122299,1,1,228,194,150,151
1,12007,0.27244598,0.25000000,0.26122299,1,1,228,194,150,151
1,12008,0.27432501,0.25172422,0.26302462,1,1,228,194,150,151
1,12009,0.27432501,0.25150600,0.26291550,1,1,228,194,150,151
1,12010,0.29772298,0.23980822,0.26876560,1,1,228,194,150,151
1,12011,0.25988886,0.27059854,0.26524370,1,1,228,194,150,151
1,12012,0.27432501,0.22896799,0.25164650,1,1,228,194,150,151
1,12013,0.25988886,0.24146215,0.25067551,1,1,231,203,125,126
1,12014,0.27620404,0.22916667,0.25268535,1,1,228,194,150,151
1,12015,0.27620404,0.22916667,0.25268535,1,1,228,194,150,151
1,12016,0.25386930,0.21982420,0.23684675,1,1,228,194,150,151
1,12017,0.25000000,0.23102911,0.24051456,1,1,228,194,150,151
1,12018,0.23913043,0.22180301,0.23046672,1,1,228,194,150,151
1,12019,0.21739130,0.22147814,0.21943472,1,1,228,194,150,151
1,12020,0.26062335,0.25085471,0.25573903,1,1,245,203,125,126
1,12021,0.23890474,0.24913644,0.24402059,1,1,245,203,125,126
1,12022,0.26062335,0.23009334,0.24535834,1,1,245,203,125,126
1,12023,0.25150600,0.23009334,0.24079967,1,1,245,203,125,126
1,12024,0.24978327,0.25085471,0.25031899,1,1,245,203,125,126
1,12025,0.27231391,0.27192198,0.27211795,1,1,245,203,125,126
1,12026,0.29141381,0.27137328,0.28139354,1,1,245,203,125,126
1,12027,0.30406057,0.25085471,0.27745764,1,1,245,203,125,126
1,12028,0.21739130,0.20966948,0.21353039,1,1,228,194,150,151
1,12029,0.26242084,0.22910792,0.24576438,1,1,228,194,150,151
1,12030,0.25000000,0.25085471,0.25042735,1,1,228,194,150,151
1,12031,0.23913043,0.25085471,0.24499257,1,1,245,217,125,126
1,12032,0.25000000,0.20761370,0.22880685,1,1,245,217,125,126
1,12033,0.22916667,0.20966948,0.21941807,1,1,245,217,125,126
1,12034,0.24092962,0.21172526,0.22632744,1,1,245,217,125,126
1,12035,0.23890474,0.20761370,0.22325922,1,1,245,217,125,126
1,12036,0.21739130,0.20761370,0.21250250,1,1,245,217,125,126
1,12037,0.21739130,0.20761370,0.21250250,1,1,245,217,125,126
1,12038,0.23913043,0.20379780,0.22146412,1,1,245,217,125,126
1,12039,0.22916667,0.22896799,0.22906733,1,1,245,217,125,126
1,12040,0.25000000,0.22837507,0.23918754,1,1,245,217,125,126
1,12041,0.22916667,0.19984019,0.21450343,1,1,245,217,125,126
1,12042,0.26086957,0.24913644,0.25500300,1,1,245,217,125,126
1,12043,0.21739130,0.23043085,0.22391108,1,1,245,217,125,126
1,12044,0.21739130,0.23102911,0.22421021,1,1,245,217,125,126
1,12045,0.23089089,0.21021384,0.22055237,1,1,245,217,125,126
1,12046,0.21739130,0.21021384,0.21380257,1,1,245,217,125,126
1,12047,0.21039624,0.21021384,0.21030504,1,1,245,217,125,126
1,12048,0.21739130,0.20761370,0.21250250,1,1,245,217,125,126
1,12049,0.23890474,0.20815272,0.22352873,1,1,245,217,125,126
1,12050,0.24978327,0.22916667,0.23947497,1,1,245,203,125,126
1,12051,0.23890474,0.20815272,0.22352873,1,1,245,203,125,126
1,12052,0.23913043,0.23122957,0.23518000,1,1,245,203,125,126
1,12053,0.26062335,0.23102911,0.24582623,1,1,245,203,125,126
1,12054,0.23089089,0.22180301,0.22634695,1,1,245,203,125,126
1,12055,0.23913043,0.20815272,0.22364158,1,1,245,203,125,126
1,12056,0.21021384,0.22165525,0.21593455,1,1,245,203,125,126
1,12057,0.21021384,0.20815272,0.20918328,1,1,245,203,125,126
1,12058,0.18989993,0.18429512,0.18709752,1,1,245,203,125,126
1,12059,0.20815272,0.21021384,0.20918328,1,1,245,203,125,126
1,12060,0.21039624,0.20181899,0.20610762,1,1,245,203,125,126
1,12061,0.20815272,0.23102911,0.21959092,1,1,245,203,125,126
1,12062,0.22896799,0.21982420,0.22439610,1,1,245,203,125,126
1,12063,0.23102911,0.23102911,0.23102911,1,1,245,203,125,126
1,12064,0.23295380,0.22896799,0.23096090,1,1,245,203,125,126
1,12065,0.21039624,0.20833333,0.20936479,1,1,245,203,125,126
1,12066,0.23089089,0.22896799,0.22992944,1,1,245,203,125,126
1,12067,0.18733745,0.21021384,0.19877565,1,1,245,203,125,126
1,12068,0.19546751,0.20815272,0.20181012,1,1,245,203,125,126
1,12069,0.19546751,0.18733745,0.19140248,1,1,245,217,125,126
1,12070,0.20815272,0.19196104,0.20005688,1,1,245,217,125,126
1,12071,0.21718612,0.21718612,0.21718612,1,1,245,217,125,126
1,12072,0.21933669,0.20815272,0.21374471,1,1,245,217,125,126
1,12073,0.21718612,0.20833333,0.21275973,1,1,245,217,125,126
1,12074,0.21718612,0.18750000,0.20234306,1,1,245,217,125,126
1,12075,0.20815272,0.17985617,0.19400444,1,1,245,217,125,126
1,12076,0.19546751,0.17985617,0.18766184,1,1,245,217,125,126
1,12077,0.20815272,0.20815272,0.20815272,1,1,245,217,125,126
1,12078,0.26062335,0.20815272,0.23438804,1,1,245,217,125,126
1,12079,0.24070223,0.20815272,0.22442748,1,1,245,217,125,126
1,12080,0.23913043,0.18733745,0.21323394,1,1,245,217,125,126
1,12081,0.23890474,0.20815272,0.22352873,1,1,245,217,125,126
1,12082,0.24070223,0.23102911,0.23586567,1,1,245,217,125,126
1,12083,0.26242084,0.22896799,0.24569442,1,1,245,203,125,126
1,12084,0.27432501,0.22896799,0.25164650,1,1,245,203,125,126
1,12085,0.26062335,0.22896799,0.24479567,1,1,245,203,125,126
1,12086,0.27648921,0.22896799,0.25272860,1,1,245,203,125,126
1,12087,0.23913043,0.22896799,0.23404921,1,1,245,217,125,126
1,12088,0.24105530,0.23069072,0.23587301,1,1,245,203,125,126
1,12089,0.21933669,0.21021384,0.21477527,1,1,245,203,125,126
1,12090,0.25162118,0.20815272,0.22988695,1,1,245,217,125,126
1,12091,0.25150600,0.20181899,0.22666249,1,1,245,203,125,126
1,12092,0.23122957,0.20198039,0.21660498,1,1,245,217,125,126
1,12093,0.26062335,0.22896799,0.24479567,1,1,245,217,125,126
1,12094,0.24285280,0.20198039,0.22241659,1,1,245,217,125,126
1,12095,0.23890474,0.20000000,0.21945237,1,1,245,217,125,126
1,12096,0.21718612,0.23089089,0.22403851,1,1,245,217,125,126
1,12097,0.21718612,0.20815272,0.21266942,1,1,245,217,125,126
1,12098,0.21718612,0.20833333,0.21275973,1,1,245,217,125,126
1,12099,0.21718612,0.20815272,0.21266942,1,1,245,217,125,126
1,12100,0.21718612,0.20000000,0.20859306,1,1,245,217,125,126
1,12101,0.21021384,0.22147814,0.21584599,1,1,245,217,125,126
1,12102,0.21718612,0.20000000,0.20859306,1,1,245,217,125,126
1,12103,0.23890474,0.19984019,0.21937246,1,1,245,217,125,126
1,12104,0.23890474,0.20833333,0.22361904,1,1,245,217,125,126
1,12105,0.26062335,0.20833333,0.23447834,1,1,245,217,125,126
1,12106,0.21718612,0.22896799,0.22307706,1,1,245,217,125,126
1,12107,0.26062335,0.22916667,0.24489501,1,1,245,217,125,126
1,12108,0.21718612,0.20833333,0.21275973,1,1,245,203,125,126
1,12109,0.23890474,0.22916667,0.23403570,1,1,245,217,125,126
1,12110,0.23890474,0.20833333,0.22361904,1,1,245,217,125,126
1,12111,0.21933669,0.21021384,0.21477527,1,1,245,217,125,126
1,12112,0.19546751,0.18000000,0.18773376,1,1,245,217,125,126
1,12113,0.21718612,0.20815272,0.21266942,1,1,245,217,125,126
1,12114,0.21021384,0.20000000,0.20510692,1,1,245,217,125,126
1,12115,0.24285280,0.22896799,0.23591039,1,1,245,217,125,126
1,12116,0.22148726,0.20815272,0.21481999,1,1,245,217,125,126
1,12117,0.26421833,0.22916667,0.24669250,1,1,245,217,125,126
1,12118,0.22148726,0.20833333,0.21491030,1,1,245,217,125,126
1,12119,0.21718612,0.20833333,0.21275973,1,1,245,217,125,126
1,12120,0.21718612,0.20833333,0.21275973,1,1,245,217,125,126
1,12121,0.24285280,0.22916667,0.23600973,1,1,245,217,125,126
1,12122,0.26062335,0.22896799,0.24479567,1,1,245,217,125,126
1,12123,0.26062335,0.23980822,0.25021579,1,1,245,203,125,126
1,12124,0.26062335,0.20815272,0.23438804,1,1,245,203,125,126
1,12125,0.23890474,0.22896799,0.23393637,1,1,245,217,125,126
1,12126,0.23890474,0.22896799,0.23393637,1,1,245,217,125,126
1,12127,0.21718612,0.20815272,0.21266942,1,1,245,217,125,126
1,12128,0.21718612,0.20181899,0.20950256,1,1,245,217,125,126
1,12129,0.23890474,0.23980822,0.23935648,1,1,245,217,125,126
1,12130,0.23890474,0.22000000,0.22945237,1,1,245,217,125,126
1,12131,0.26242084,0.25172422,0.25707253,1,1,245,203,125,126
1,12132,0.26062335,0.22916667,0.24489501,1,1,245,217,125,126
1,12133,0.23890474,0.22916667,0.23403570,1,1,245,217,125,126
1,12134,0.21933669,0.20815272,0.21374471,1,1,245,217,125,126
1,12135,0.21718612,0.22000000,0.21859306,1,1,245,217,125,126
1,12136,0.23890474,0.22916667,0.23403570,1,1,245,217,125,126
1,12137,0.26062335,0.20833333,0.23447834,1,1,245,217,125,126
1,12138,0.21718612,0.21982420,0.21850516,1,1,245,217,125,126
1,12139,0.26062335,0.25172422,0.25617379,1,1,245,217,125,126
1,12140,0.21718612,0.22916667,0.22317640,1,1,245,217,125,126
1,12141,0.23890474,0.22896799,0.23393637,1,1,245,217,125,126
1,12142,0.26062335,0.22896799,0.24479567,1,1,245,217,125,126
1,12143,0.23890474,0.22896799,0.23393637,1,1,245,217,125,126
1,12144,0.22148726,0.20815272,0.21481999,1,1,245,217,125,126
1,12145,0.23890474,0.23102911,0.23496693,1,1,245,217,125,126
1,12146,0.21718612,0.22916667,0.22317640,1,1,245,217,125,126
1,12147,0.21718612,0.22896799,0.22307706,1,1,245,217,125,126
1,12148,0.20815272,0.22000000,0.21407636,1,1,245,217,125,126
1,12149,0.23890474,0.20000000,0.21945237,1,1,245,217,125,126
1,12150,0.27620404,0.24978327,0.26299365,1,1,245,217,125,126
1,12151,0.23913043,0.20815272,0.22364158,1,1,245,217,125,126
1,12152,0.26086957,0.21982420,0.24034688,1,1,245,217,125,126
1,12153,0.21718612,0.22000000,0.21859306,1,1,245,217,125,126
1,12154,0.21718612,0.22916667,0.22317640,1,1,245,217,125,126
1,12155,0.21718612,0.20198039,0.20958326,1,1,245,217,125,126
1,12156,0.23890474,0.22896799,0.23393637,1,1,245,217,125,126
1,12157,0.26086957,0.23102911,0.24594934,1,1,245,217,125,126
1,12158,0.23890474,0.23980822,0.23935648,1,1,245,217,125,126
1,12159,0.23890474,0.25000000,0.24445237,1,1,245,217,125,126
1,12160,0.23890474,0.22916667,0.23403570,1,1,245,217,125,126
1,12161,0.21933669,0.20000000,0.20966835,1,1,245,217,125,126
1,12162,0.23069072,0.22165525,0.22617299,1,1,245,203,125,126
1,12163,0.26086957,0.22896799,0.24491878,1,1,245,203,125,126
1,12164,0.26062335,0.22896799,0.24479567,1,1,245,203,125,126
1,12165,0.26086957,0.24978327,0.25532642,1,1,245,203,125,126
1,12166,0.23890474,0.22896799,0.23393637,1,1,245,203,125,126
1,12167,0.21718612,0.22916667,0.22317640,1,1,245,217,125,126
1,12168,0.23890474,0.23069072,0.23479773,1,1,245,217,125,126
1,12169,0.21718612,0.23069072,0.22393842,1,1,245,217,125,126
1,12170,0.21718612,0.20833333,0.21275973,1,1,245,217,125,126
1,12171,0.26086957,0.22896799,0.24491878,1,1,245,203,125,126
1,12172,0.26062335,0.24978327,0.25520331,1,1,245,203,125,126
1,12173,0.26062335,0.21982420,0.24022378,1,1,245,203,125,126
1,12174,0.23890474,0.22896799,0.23393637,1,1,245,203,125,126
1,12175,0.21718612,0.20000000,0.20859306,1,1,245,217,125,126
1,12176,0.23890474,0.21982420,0.22936447,1,1,245,217,125,126
1,12177,0.23890474,0.21021384,0.22455929,1,1,245,217,125,126
1,12178,0.23890474,0.22916667,0.23403570,1,1,245,203,125,126
1,12179,0.23890474,0.23122957,0.23506716,1,1,245,203,125,126
1,12180,0.23890474,0.22180301,0.23035387,1,1,245,203,125,126
1,12181,0.23890474,0.21039624,0.22465049,1,1,245,203,125,126
1,12182,0.20815272,0.20833333,0.20824303,1,1,245,203,125,126
1,12183,0.21227496,0.21039624,0.21133560,1,1,245,217,125,126
1,12184,0.21718612,0.20833333,0.21275973,1,1,245,217,125,126
1,12185,0.21718612,0.21039624,0.21379118,1,1,245,203,125,126
1,12186,0.21718612,0.21039624,0.21379118,1,1,245,217,125,126
1,12187,0.21718612,0.21039624,0.21379118,1,1,245,203,125,126
1,12188,0.23913043,0.23122957,0.23518000,1,1,245,203,125,126
1,12189,0.23275184,0.20833333,0.22054259,1,1,245,203,125,126
1,12190,0.23069072,0.21039624,0.22054348,1,1,245,203,125,126
1,12191,0.21933669,0.20815272,0.21374471,1,1,245,203,125,126
1,12192,0.23069072,0.20833333,0.21951203,1,1,245,203,125,126
1,12193,0.23275184,0.23122957,0.23199071,1,1,245,203,125,126
1,12194,0.21933669,0.23102911,0.22518290,1,1,245,203,125,126
1,12195,0.23102911,0.23069072,0.23085992,1,1,245,203,125,126
1,12196,0.23069072,0.22896799,0.22982936,1,1,245,203,125,126
1,12197,0.23913043,0.21021384,0.22467214,1,1,245,203,125,126
1,12198,0.23275184,0.22896799,0.23085992,1,1,245,203,125,126
1,12199,0.21227496,0.22896799,0.22062148,1,1,245,203,125,126
1,12200,0.21933669,0.20833333,0.21383501,1,1,245,203,125,126
1,12201,0.21739130,0.20000000,0.20869565,1,1,245,203,125,126
1,12202,0.21933669,0.22896799,0.22415234,1,1,245,203,125,126
1,12203,0.22896799,0.22896799,0.22896799,1,1,245,203,125,126
1,12204,0.26086957,0.22896799,0.24491878,1,1,245,203,125,126
1,12205,0.23913043,0.22916667,0.23414855,1,1,245,203,125,126
1,12206,0.23102911,0.20815272,0.21959092,1,1,245,203,125,126
1,12207,0.21933669,0.22916667,0.22425168,1,1,245,203,125,126
1,12208,0.21933669,0.21039624,0.21486647,1,1,245,203,125,126
1,12209,0.23275184,0.22916667,0.23095925,1,1,245,203,125,126
1,12210,0.21933669,0.20833333,0.21383501,1,1,245,203,125,126
1,12211,0.21933669,0.20815272,0.21374471,1,1,245,203,125,126
1,12212,0.23890474,0.21982420,0.22936447,1,1,245,203,125,126
1,12213,0.23913043,0.22896799,0.23404921,1,1,245,203,125,126
1,12214,0.26086957,0.22896799,0.24491878,1,1,245,203,125,126
1,12215,0.26086957,0.21982420,0.24034688,1,1,245,203,125,126
1,12216,0.26062335,0.22896799,0.24479567,1,1,245,203,125,126
1,12217,0.30560407,0.29141381,0.29850894,1,1,245,203,125,126
1,12218,0.34921516,0.29976028,0.32448772,1,1,245,203,125,126
1,12219,0.39223230,0.34207930,0.36715580,1,1,245,203,125,126
1,12220,0.36899702,0.35885350,0.36392526,1,1,245,203,125,126
1,12221,0.39103279,0.31974430,0.35538855,1,1,245,203,125,126
1,12222,0.39103279,0.35385963,0.37244621,1,1,245,203,125,126
1,12223,0.38983329,0.33563618,0.36273473,1,1,245,203,125,126
1,12224,0.35143175,0.34126257,0.34634716,1,1,245,203,125,126
1,12225,0.35143175,0.32223262,0.33683218,1,1,245,203,125,126
1,12226,0.38983329,0.33563618,0.36273473,1,1,245,203,125,126
1,12227,0.34921516,0.31974430,0.33447973,1,1,245,203,125,126
1,12228,0.39103279,0.35538573,0.37320926,1,1,245,203,125,126
1,12229,0.36646104,0.33563618,0.35104861,1,1,245,203,125,126
1,12230,0.34786682,0.33476703,0.34131693,1,1,245,203,125,126
1,12231,0.34651848,0.36106187,0.35379017,1,1,245,203,125,126
1,12232,0.32640022,0.30046142,0.31343082,1,1,245,203,125,126
1,12233,0.34786682,0.31289602,0.33038142,1,1,245,203,125,126
1,12234,0.32640022,0.28194194,0.30417108,1,1,245,203,125,126
1,12235,0.34921516,0.33476703,0.34199110,1,1,245,203,125,126
1,12236,0.34786682,0.33563618,0.34175150,1,1,245,203,125,126
1,12237,0.34749780,0.31974430,0.33362105,1,1,245,203,125,126
1,12238,0.34884995,0.33304436,0.34094715,1,1,245,203,125,126
1,12239,0.33434027,0.32223262,0.32828644,1,1,245,203,125,126
1,12240,0.34884995,0.33563618,0.34224307,1,1,245,203,125,126
1,12241,0.34786682,0.33563618,0.34175150,1,1,245,203,125,126
1,12242,0.34786682,0.31898089,0.33342386,1,1,245,203,125,126
1,12243,0.34921516,0.32146327,0.33533922,1,1,245,203,125,126
1,12244,0.34884995,0.31898089,0.33391542,1,1,245,203,125,126
1,12245,0.32640022,0.34015839,0.33327930,1,1,245,203,125,126
1,12246,0.34786682,0.33218192,0.34002437,1,1,245,203,125,126
1,12247,0.34786682,0.31898089,0.33342386,1,1,245,203,125,126
1,12248,0.30320367,0.30170261,0.30245314,1,1,245,203,125,126
1,12249,0.30560407,0.30170261,0.30365334,1,1,245,203,125,126
1,12250,0.30560407,0.29437240,0.29998824,1,1,245,203,125,126
1,12251,0.32486107,0.31271311,0.31878709,1,1,245,203,125,126
1,12252,0.32640022,0.31271311,0.31955666,1,1,245,203,125,126
1,12253,0.30474281,0.29437240,0.29955761,1,1,245,203,125,126
1,12254,0.32620941,0.30170261,0.31395601,1,1,245,203,125,126
1,12255,0.30320367,0.29065918,0.29693142,1,1,245,203,125,126
1,12256,0.28333869,0.29141381,0.28737625,1,1,245,203,125,126
1,12257,0.30320367,0.28261670,0.29291018,1,1,245,203,125,126
1,12258,0.30560407,0.28119648,0.29340027,1,1,245,203,125,126
1,12259,0.32713134,0.28052511,0.30382823,1,1,245,203,125,126
1,12260,0.32620941,0.33218192,0.32919567,1,1,245,203,125,126
1,12261,0.36214300,0.31222908,0.33718604,1,1,245,203,125,126
1,12262,0.32620941,0.33347448,0.32984195,1,1,245,203,125,126
1,12263,0.32713134,0.29289311,0.31001222,1,1,245,203,125,126
1,12264,0.31946715,0.29141381,0.30544048,1,1,245,203,125,126
1,12265,0.30474281,0.29289311,0.29881796,1,1,245,203,125,126
1,12266,0.32713134,0.29141381,0.30927258,1,1,245,203,125,126
1,12267,0.32486107,0.29289311,0.30887709,1,1,245,203,125,126
1,12268,0.32486107,0.29141381,0.30813744,1,1,245,203,125,126
1,12269,0.30560407,0.29437240,0.29998824,1,1,245,203,125,126
1,12270,0.30560407,0.28261670,0.29411038,1,1,245,203,125,126
1,12271,0.30560407,0.28119648,0.29340027,1,1,245,203,125,126
1,12272,0.30560407,0.28119648,0.29340027,1,1,245,203,125,126
1,12273,0.30406057,0.30242466,0.30324262,1,1,245,203,125,126
1,12274,0.30560407,0.28119648,0.29340027,1,1,245,203,125,126
1,12275,0.30560407,0.28261670,0.29411038,1,1,245,203,125,126
1,12276,0.30560407,0.31222908,0.30891658,1,1,245,203,125,126
1,12277,0.30406057,0.28119648,0.29262853,1,1,245,203,125,126
1,12278,0.26062335,0.24978327,0.25520331,1,1,245,203,125,126
1,12279,0.26062335,0.24978327,0.25520331,1,1,245,203,125,126
1,12280,0.26062335,0.27083333,0.26572834,1,1,245,203,125,126
1,12281,0.30474281,0.26144617,0.28309449,1,1,245,203,125,126
1,12282,0.30560407,0.25979224,0.28269815,1,1,245,203,125,126
1,12283,0.30560407,0.29289311,0.29924859,1,1,245,203,125,126
1,12284,0.26062335,0.27232127,0.26647231,1,1,245,203,125,126
1,12285,0.30560407,0.26144617,0.28352512,1,1,245,203,125,126
1,12286,0.26062335,0.24978327,0.25520331,1,1,245,203,125,126
1,12287,0.27244598,0.27232127,0.27238362,1,1,245,203,125,126
1,12288,0.26421833,0.25150600,0.25786216,1,1,245,217,125,126
1,12289,0.26242084,0.24978327,0.25610205,1,1,245,217,125,126
1,12290,0.30560407,0.24978327,0.27769367,1,1,245,217,125,126
1,12291,0.26242084,0.26121246,0.26181665,1,1,245,217,125,126
1,12292,0.26062335,0.24978327,0.25520331,1,1,245,203,125,126
1,12293,0.30560407,0.25150600,0.27855503,1,1,245,203,125,126
1,12294,0.26062335,0.25150600,0.25606467,1,1,245,203,125,126
1,12295,0.21933669,0.23069072,0.22501371,1,1,245,217,125,126
1,12296,0.26242084,0.24978327,0.25610205,1,1,245,217,125,126
1,12297,0.23890474,0.25085471,0.24487972,1,1,245,217,125,126
1,12298,0.26062335,0.23980822,0.25021579,1,1,245,217,125,126
1,12299,0.26062335,0.24978327,0.25520331,1,1,245,217,125,126
1,12300,0.26062335,0.24146215,0.25104275,1,1,245,217,125,126
1,12301,0.26062335,0.23980822,0.25021579,1,1,245,217,125,126
1,12302,0.24974215,0.24978327,0.24976271,1,1,245,217,125,126
1,12303,0.24897331,0.23043085,0.23970208,1,1,245,217,125,126
1,12304,0.24070223,0.24978327,0.24524275,1,1,245,217,125,126
1,12305,0.26242084,0.23102911,0.24672498,1,1,245,217,125,126
1,12306,0.27244598,0.25150600,0.26197599,1,1,245,217,125,126
1,12307,0.26062335,0.22896799,0.24479567,1,1,245,217,125,126
1,12308,0.26062335,0.25150600,0.25606467,1,1,245,217,125,126
1,12309,0.22703831,0.23102911,0.22903371,1,1,245,217,125,126
1,12310,0.26062335,0.25150600,0.25606467,1,1,245,217,125,126
1,12311,0.25988886,0.25085471,0.25537178,1,1,245,217,125,126
1,12312,0.26062335,0.24978327,0.25520331,1,1,245,217,125,126
1,12313,0.25988886,0.25085471,0.25537178,1,1,245,217,125,126
1,12314,0.23823145,0.24978327,0.24400736,1,1,245,217,125,126
1,12315,0.26062335,0.24978327,0.25520331,1,1,245,217,125,126
1,12316,0.26062335,0.23069072,0.24565704,1,1,245,217,125,126
1,12317,0.28234196,0.25150600,0.26692398,1,1,245,217,125,126
1,12318,0.26062335,0.25150600,0.25606467,1,1,245,217,125,126
1,12319,0.24974215,0.22896799,0.23935507,1,1,245,217,125,126
1,12320,0.27160725,0.22896799,0.25028762,1,1,245,217,125,126
1,12321,0.26062335,0.24978327,0.25520331,1,1,245,217,125,126
1,12322,0.27244598,0.25150600,0.26197599,1,1,245,217,125,126
1,12323,0.27244598,0.24978327,0.26111462,1,1,245,217,125,126
1,12324,0.22703831,0.22896799,0.22800315,1,1,245,217,125,126
1,12325,0.27244598,0.23069072,0.25156835,1,1,245,217,125,126
1,12326,0.24974215,0.23102911,0.24038563,1,1,245,217,125,126
1,12327,0.27244598,0.23102911,0.25173755,1,1,245,217,125,126
1,12328,0.26062335,0.23102911,0.24582623,1,1,245,217,125,126
1,12329,0.27244598,0.23102911,0.25173755,1,1,245,217,125,126
1,12330,0.27244598,0.23102911,0.25173755,1,1,245,217,125,126
1,12331,0.29514981,0.27059854,0.28287417,1,1,245,217,125,126
1,12332,0.32620941,0.28052511,0.30336726,1,1,228,194,150,151
1,12333,0.32640022,0.31500429,0.32070225,1,1,245,203,125,126
1,12334,0.35020210,0.29437240,0.32228725,1,1,245,203,125,126
1,12335,0.34786682,0.33434027,0.34110354,1,1,228,194,150,151
1,12336,0.34786682,0.28052511,0.31419596,1,1,245,203,125,126
1,12337,0.34921516,0.31898089,0.33409803,1,1,245,217,125,126
1,12338,0.34921516,0.32146327,0.33533922,1,1,245,217,125,126
1,12339,0.32774856,0.30170261,0.31472558,1,1,245,217,125,126
1,12340,0.34786682,0.31418857,0.33102770,1,1,245,203,125,126
1,12341,0.32640022,0.31418857,0.32029439,1,1,245,203,125,126
1,12342,0.32486107,0.31418857,0.31952482,1,1,245,203,125,126
1,12343,0.30474281,0.32146327,0.31310304,1,1,245,203,125,126
1,12344,0.32620941,0.33563618,0.33092280,1,1,228,194,150,151
1,12345,0.34786682,0.33304436,0.34045559,1,1,245,217,125,126
1,12346,0.31687512,0.31418857,0.31553185,1,1,245,217,125,126
1,12347,0.30474281,0.31142055,0.30808168,1,1,228,194,150,151
1,12348,0.34786682,0.29904459,0.32345570,1,1,228,194,150,151
1,12349,0.36937539,0.31898089,0.34417814,1,1,228,194,150,151
1,12350,0.34786682,0.31898089,0.33342386,1,1,228,194,150,151
1,12351,0.34786682,0.30028578,0.32407630,1,1,228,194,150,151
1,12352,0.34786682,0.31271311,0.33028996,1,1,228,194,150,151
1,12353,0.34786682,0.30170261,0.32478471,1,1,228,194,150,151
1,12354,0.34786682,0.31418857,0.33102770,1,1,228,194,150,151
1,12355,0.32774856,0.33304436,0.33039646,1,1,228,194,150,151
1,12356,0.34921516,0.31898089,0.33409803,1,1,245,217,125,126
1,12357,0.33347448,0.30170261,0.31758854,1,1,245,203,125,126
1,12358,0.33476703,0.31898089,0.32687396,1,1,245,203,125,126
1,12359,0.34651848,0.31974430,0.33313139,1,1,245,203,125,126
1,12360,0.34651848,0.30028578,0.32340213,1,1,245,203,125,126
1,12361,0.33365739,0.31898089,0.32631914,1,1,245,203,125,126
1,12362,0.31289602,0.29904459,0.30597030,1,1,245,203,125,126
1,12363,0.34786682,0.31898089,0.33342386,1,1,245,203,125,126
1,12364,0.34786682,0.29904459,0.32345570,1,1,245,217,125,126
1,12365,0.34786682,0.31898089,0.33342386,1,1,245,203,125,126
1,12366,0.39223230,0.31974430,0.35598830,1,1,228,194,150,151
1,12367,0.34786682,0.31418857,0.33102770,1,1,228,194,150,151
1,12368,0.34921516,0.32098846,0.33510181,1,1,245,217,125,126
1,12369,0.33347448,0.31898089,0.32622769,1,1,245,217,125,126
1,12370,0.37485454,0.31898089,0.34691772,1,1,245,217,125,126
1,12371,0.37072373,0.31898089,0.34485231,1,1,245,203,125,126
1,12372,0.39103279,0.31898089,0.35500684,1,1,228,194,150,151
1,12373,0.32774856,0.27910828,0.30342842,1,1,245,217,125,126
1,12374,0.34786682,0.29904459,0.32345570,1,1,228,194,150,151
1,12375,0.34786682,0.29904459,0.32345570,1,1,245,217,125,126
1,12376,0.34786682,0.33476703,0.34131693,1,1,245,217,125,126
1,12377,0.34884995,0.33563618,0.34224307,1,1,228,194,150,151
1,12378,0.34786682,0.31974430,0.33380556,1,1,245,217,125,126
1,12379,0.34884995,0.31974430,0.33429712,1,1,228,194,150,151
1,12380,0.34884995,0.31898089,0.33391542,1,1,245,217,125,126
1,12381,0.34884995,0.31974430,0.33429712,1,1,228,194,150,151
1,12382,0.36170385,0.30100444,0.33135414,1,1,228,194,150,151
1,12383,0.30474281,0.30028578,0.30251429,1,1,245,217,125,126
1,12384,0.34786682,0.31898089,0.33342386,1,1,245,217,125,126
1,12385,0.34786682,0.29904459,0.32345570,1,1,245,217,125,126
1,12386,0.34786682,0.32146327,0.33466505,1,1,245,217,125,126
1,12387,0.32620941,0.33563618,0.33092280,1,1,228,194,150,151
1,12388,0.30560407,0.30118050,0.30339228,1,1,228,194,150,151
1,12389,0.36608828,0.27977626,0.32293227,1,1,228,194,150,151
1,12390,0.32577919,0.28119648,0.30348783,1,1,228,194,150,151
1,12391,0.30628196,0.28119648,0.29373922,1,1,245,203,125,126
1,12392,0.32732268,0.28119648,0.30425958,1,1,228,194,150,151
1,12393,0.34217098,0.29289311,0.31753205,1,1,228,194,150,151
1,12394,0.30560407,0.29437240,0.29998824,1,1,228,194,150,151
1,12395,0.32640022,0.31352500,0.31996261,1,1,245,203,125,126
1,12396,0.30474281,0.29904459,0.30189370,1,1,245,217,125,126
1,12397,0.30628196,0.29976028,0.30302112,1,1,245,217,125,126
1,12398,0.31289602,0.30118050,0.30703826,1,1,245,217,125,126
1,12399,0.30714756,0.28119648,0.29417202,1,1,245,217,125,126
1,12400,0.34786682,0.32146327,0.33466505,1,1,228,194,150,151
1,12401,0.34786682,0.32146327,0.33466505,1,1,228,194,150,151
1,12402,0.31271311,0.27977626,0.29624468,1,1,245,203,125,126
1,12403,0.29213465,0.28119648,0.28666556,1,1,245,203,125,126
1,12404,0.32640022,0.29976028,0.31308025,1,1,245,203,125,126
1,12405,0.35020210,0.31974430,0.33497320,1,1,245,203,125,126
1,12406,0.36496128,0.29904459,0.33200293,1,1,245,203,125,126
1,12407,0.30474281,0.28261670,0.29367976,1,1,245,203,125,126
1,12408,0.32009221,0.28119648,0.30064435,1,1,245,203,125,126
1,12409,0.32640022,0.31898089,0.32269055,1,1,245,203,125,126
1,12410,0.33434027,0.28261670,0.30847848,1,1,245,203,125,126
1,12411,0.29065918,0.28261670,0.28663794,1,1,245,203,125,126
1,12412,0.33347448,0.30242466,0.31794957,1,1,245,203,125,126
1,12413,0.33434027,0.29976028,0.31705027,1,1,245,203,125,126
1,12414,0.30628196,0.31500429,0.31064312,1,1,245,203,125,126
1,12415,0.30474281,0.30242466,0.30358374,1,1,245,203,125,126
1,12416,0.31289602,0.30170261,0.30729931,1,1,245,203,125,126
1,12417,0.34921516,0.28194194,0.31557855,1,1,245,203,125,126
1,12418,0.34884995,0.29289311,0.32087153,1,1,245,203,125,126
1,12419,0.32640022,0.27977626,0.30308824,1,1,245,203,125,126
1,12420,0.30474281,0.27977626,0.29225954,1,1,245,203,125,126
1,12421,0.35020210,0.27977626,0.31498918,1,1,245,203,125,126
1,12422,0.34884995,0.27910828,0.31397912,1,1,245,203,125,126
1,12423,0.34884995,0.27910828,0.31397912,1,1,245,203,125,126
1,12424,0.34884995,0.27977626,0.31431311,1,1,245,203,125,126
1,12425,0.33347448,0.29904459,0.31625953,1,1,245,203,125,126
1,12426,0.34921516,0.27910828,0.31416172,1,1,245,203,125,126
1,12427,0.34921516,0.27977626,0.31449571,1,1,245,203,125,126
1,12428,0.34884995,0.27910828,0.31397912,1,1,245,203,125,126
1,12429,0.34884995,0.27977626,0.31431311,1,1,245,203,125,126
1,12430,0.35020210,0.28261670,0.31640940,1,1,245,203,125,126
1,12431,0.34884995,0.29437240,0.32161118,1,1,245,203,125,126
1,12432,0.30474281,0.29976028,0.30225154,1,1,245,203,125,126
1,12433,0.32640022,0.27977626,0.30308824,1,1,245,203,125,126
1,12434,0.34651848,0.27977626,0.31314737,1,1,245,203,125,126
1,12435,0.31271311,0.29976028,0.30623669,1,1,245,203,125,126
1,12436,0.30560407,0.25979224,0.28269815,1,1,245,217,125,126
1,12437,0.29437240,0.25917198,0.27677219,1,1,245,217,125,126
1,12438,0.30628196,0.28052511,0.29340353,1,1,245,217,125,126
1,12439,0.32620941,0.32146327,0.32383634,1,1,245,203,125,126
1,12440,0.29437240,0.29976028,0.29706634,1,1,245,203,125,126
1,12441,0.30714756,0.29976028,0.30345392,1,1,245,203,125,126
1,12442,0.30560407,0.31500429,0.31030418,1,1,245,203,125,126
1,12443,0.30714756,0.30242466,0.30478611,1,1,245,217,125,126
1,12444,0.30474281,0.25917198,0.28195739,1,1,245,217,125,126
1,12445,0.32009221,0.25917198,0.28963209,1,1,245,217,125,126
1,12446,0.30474281,0.27910828,0.29192555,1,1,245,217,125,126
1,12447,0.29361011,0.30046142,0.29703576,1,1,245,217,125,126
1,12448,0.34921516,0.27910828,0.31416172,1,1,245,217,125,126
1,12449,0.30628196,0.27137328,0.28882762,1,1,245,217,125,126
1,12450,0.29772298,0.27910828,0.28841563,1,1,245,217,125,126
1,12451,0.30628196,0.27910828,0.29269512,1,1,245,217,125,126
1,12452,0.30714756,0.29976028,0.30345392,1,1,245,217,125,126
1,12453,0.32009221,0.28052511,0.30030866,1,1,245,217,125,126
1,12454,0.34921516,0.27910828,0.31416172,1,1,245,217,125,126
1,12455,0.34111761,0.27977626,0.31044693,1,1,245,217,125,126
1,12456,0.30474281,0.31271311,0.30872796,1,1,245,217,125,126
1,12457,0.32640022,0.26058880,0.29349451,1,1,245,217,125,126
1,12458,0.32486107,0.28034947,0.30260527,1,1,245,217,125,126
1,12459,0.36496128,0.28052511,0.32274319,1,1,245,217,125,126
1,12460,0.30474281,0.29443245,0.29958763,1,1,245,217,125,126
1,12461,0.30406057,0.27207783,0.28806920,1,1,245,217,125,126
1,12462,0.29361011,0.25979224,0.27670118,1,1,245,217,125,126
1,12463,0.34252674,0.25917198,0.30084936,1,1,245,217,125,126
1,12464,0.32774856,0.27910828,0.30342842,1,1,245,217,125,126
1,12465,0.32774856,0.25917198,0.29346027,1,1,245,217,125,126
1,12466,0.30474281,0.27977626,0.29225954,1,1,245,217,125,126
1,12467,0.31289602,0.29976028,0.30632815,1,1,245,203,125,126
1,12468,0.33347448,0.31974430,0.32660939,1,1,245,203,125,126
1,12469,0.32620941,0.31974430,0.32297686,1,1,245,203,125,126
1,12470,0.29289311,0.28194194,0.28741752,1,1,245,203,125,126
1,12471,0.30714756,0.31352500,0.31033628,1,1,245,203,125,126
1,12472,0.30560407,0.27910828,0.29235617,1,1,245,203,125,126
1,12473,0.30560407,0.29361011,0.29960709,1,1,245,203,125,126
1,12474,0.30714756,0.28261670,0.29488213,1,1,245,203,125,126
1,12475,0.30560407,0.27910828,0.29235617,1,1,228,194,150,151
1,12476,0.32713134,0.27137328,0.29925231,1,1,228,194,150,151
1,12477,0.30474281,0.29361011,0.29917646,1,1,228,194,150,151
1,12478,0.30560407,0.25917198,0.28238802,1,1,245,203,125,126
1,12479,0.31946715,0.26058880,0.29002798,1,1,245,203,125,126
1,12480,0.29289311,0.29289311,0.29289311,1,1,245,203,125,126
1,12481,0.29289311,0.29976028,0.29632669,1,1,245,203,125,126
1,12482,0.32620941,0.25979224,0.29300083,1,1,245,203,125,126
1,12483,0.30474281,0.28119648,0.29296965,1,1,245,203,125,126
1,12484,0.30560407,0.27910828,0.29235617,1,1,245,203,125,126
1,12485,0.30474281,0.27910828,0.29192555,1,1,245,203,125,126
1,12486,0.32108066,0.28052511,0.30080289,1,1,228,194,150,151
1,12487,0.30560407,0.28119648,0.29340027,1,1,245,203,125,126
1,12488,0.32486107,0.29213465,0.30849786,1,1,228,194,150,151
1,12489,0.30474281,0.26082196,0.28278238,1,1,245,217,125,126
1,12490,0.26062335,0.27910828,0.26986582,1,1,245,217,125,126
1,12491,0.30406057,0.27232127,0.28819092,1,1,245,217,125,126
1,12492,0.30560407,0.29289311,0.29924859,1,1,245,203,125,126
1,12493,0.30560407,0.28119648,0.29340027,1,1,228,194,150,151
1,12494,0.30560407,0.29976028,0.30268217,1,1,245,203,125,126
1,12495,0.30628196,0.27977626,0.29302911,1,1,245,203,125,126
1,12496,0.30714756,0.27977626,0.29346191,1,1,245,203,125,126
1,12497,0.30714756,0.29289311,0.30002034,1,1,245,217,125,126
1,12498,0.30560407,0.29976028,0.30268217,1,1,245,203,125,126
1,12499,0.30560407,0.27977626,0.29269016,1,1,245,203,125,126
1,12500,0.29289311,0.27977626,0.28633468,1,1,245,203,125,126
1,12501,0.31946715,0.31500429,0.31723572,1,1,245,203,125,126
1,12502,0.31946715,0.31222908,0.31584812,1,1,245,203,125,126
1,12503,0.30320367,0.28119648,0.29220007,1,1,245,217,125,126
1,12504,0.33218192,0.29976028,0.31597110,1,1,245,203,125,126
1,12505,0.32009221,0.29904459,0.30956840,1,1,245,203,125,126
1,12506,0.32713134,0.31974430,0.32343782,1,1,228,194,150,151
1,12507,0.34786682,0.27910828,0.31348755,1,1,245,217,125,126
1,12508,0.29772298,0.27910828,0.28841563,1,1,245,217,125,126
1,12509,0.30320367,0.27910828,0.29115597,1,1,245,217,125,126
1,12510,0.32867483,0.27977626,0.30422555,1,1,245,203,125,126
1,12511,0.30714756,0.29976028,0.30345392,1,1,245,203,125,126
1,12512,0.30560407,0.27977626,0.29269016,1,1,245,203,125,126
1,12513,0.30474281,0.31974430,0.31224355,1,1,245,203,125,126
1,12514,0.30560407,0.31222908,0.30891658,1,1,245,203,125,126
1,12515,0.34921516,0.29904459,0.32412987,1,1,245,217,125,126
1,12516,0.32640022,0.31271311,0.31955666,1,1,245,217,125,126
1,12517,0.30560407,0.29976028,0.30268217,1,1,245,203,125,126
1,12518,0.30560407,0.29289311,0.29924859,1,1,245,203,125,126
1,12519,0.30560407,0.29289311,0.29924859,1,1,245,203,125,126
1,12520,0.30560407,0.29361011,0.29960709,1,1,245,203,125,126
1,12521,0.30560407,0.29213465,0.29886936,1,1,245,203,125,126
1,12522,0.30474281,0.29437240,0.29955761,1,1,245,203,125,126
1,12523,0.32620941,0.28261670,0.30441306,1,1,245,203,125,126
1,12524,0.32774856,0.33476703,0.33125780,1,1,245,203,125,126
1,12525,0.31271311,0.33434027,0.32352669,1,1,245,203,125,126
1,12526,0.30560407,0.31898089,0.31229248,1,1,245,203,125,126
1,12527,0.32620941,0.31974430,0.32297686,1,1,245,203,125,126
1,12528,0.32713134,0.30100444,0.31406789,1,1,245,203,125,126
1,12529,0.31370838,0.29904459,0.30637648,1,1,245,203,125,126
1,12530,0.31370838,0.29904459,0.30637648,1,1,245,203,125,126
1,12531,0.31352500,0.31898089,0.31625294,1,1,245,203,125,126
1,12532,0.30320367,0.26144617,0.28232492,1,1,228,194,150,151
1,12533,0.28154626,0.26144617,0.27149622,1,1,228,194,150,151
1,12534,0.28308541,0.25979224,0.27143882,1,1,228,194,150,151
1,12535,0.32713134,0.29141381,0.30927258,1,1,228,194,150,151
1,12536,0.28413945,0.28119648,0.28266797,1,1,228,194,150,151
1,12537,0.30560407,0.29361011,0.29960709,1,1,228,194,150,151
1,12538,0.30406057,0.29361011,0.29883534,1,1,228,194,150,151
1,12539,0.30406057,0.28119648,0.29262853,1,1,228,194,150,151
1,12540,0.30560407,0.27910828,0.29235617,1,1,228,194,150,151
1,12541,0.30560407,0.27977626,0.29269016,1,1,228,194,150,151
1,12542,0.28413945,0.27059854,0.27736900,1,1,228,194,150,151
1,12543,0.30406057,0.29361011,0.29883534,1,1,228,194,150,151
1,12544,0.32486107,0.30242466,0.31364287,1,1,228,194,150,151
1,12545,0.32620941,0.29289311,0.30955126,1,1,228,194,150,151
1,12546,0.32620941,0.28261670,0.30441306,1,1,228,194,150,151
1,12547,0.30560407,0.27380056,0.28970232,1,1,228,194,150,151
1,12548,0.30406057,0.29213465,0.29809761,1,1,228,194,150,151
1,12549,0.30560407,0.28261670,0.29411038,1,1,228,194,150,151
1,12550,0.30560407,0.29213465,0.29886936,1,1,228,194,150,151
1,12551,0.30560407,0.27910828,0.29235617,1,1,245,203,125,126
1,12552,0.31352500,0.27910828,0.29631664,1,1,245,203,125,126
1,12553,0.30560407,0.26286639,0.28423523,1,1,245,203,125,126
1,12554,0.34884995,0.29904459,0.32394727,1,1,245,203,125,126
1,12555,0.34884995,0.31898089,0.33391542,1,1,245,203,125,126
1,12556,0.33347448,0.32085112,0.32716280,1,1,245,203,125,126
1,12557,0.34921516,0.27977626,0.31449571,1,1,245,203,125,126
1,12558,0.34786682,0.31974430,0.33380556,1,1,245,203,125,126
1,12559,0.34884995,0.29976028,0.32430511,1,1,245,203,125,126
1,12560,0.34884995,0.33563618,0.34224307,1,1,245,203,125,126
1,12561,0.34884995,0.33304436,0.34094715,1,1,245,203,125,126
1,12562,0.32620941,0.31222908,0.31921925,1,1,245,203,125,126
1,12563,0.32620941,0.29904459,0.31262700,1,1,228,194,150,151
1,12564,0.34884995,0.31898089,0.33391542,1,1,228,194,150,151
1,12565,0.34749780,0.32022208,0.33385994,1,1,245,203,125,126
1,12566,0.34786682,0.32146327,0.33466505,1,1,228,194,150,151
1,12567,0.36326130,0.33476703,0.34901417,1,1,228,194,150,151
1,12568,0.32486107,0.31418857,0.31952482,1,1,228,194,150,151
1,12569,0.34786682,0.33218192,0.34002437,1,1,228,194,150,151
1,12570,0.34786682,0.33218192,0.34002437,1,1,228,194,150,151
1,12571,0.34884995,0.32146327,0.33515661,1,1,228,194,150,151
1,12572,0.34884995,0.32223262,0.33554128,1,1,228,194,150,151
1,12573,0.32713134,0.32146327,0.32429731,1,1,228,194,150,151
1,12574,0.34884995,0.33304436,0.34094715,1,1,228,194,150,151
1,12575,0.35020210,0.33304436,0.34162323,1,1,228,194,150,151
1,12576,0.34884995,0.29976028,0.32430511,1,1,228,194,150,151
1,12577,0.34884995,0.31974430,0.33429712,1,1,228,194,150,151
1,12578,0.34651848,0.31974430,0.33313139,1,1,228,194,150,151
1,12579,0.31142055,0.32098846,0.31620450,1,1,228,194,150,151
1,12580,0.34786682,0.32223262,0.33504972,1,1,228,194,150,151
1,12581,0.34786682,0.29289311,0.32037996,1,1,228,194,150,151
1,12582,0.30474281,0.27977626,0.29225954,1,1,245,203,125,126
1,12583,0.30474281,0.29976028,0.30225154,1,1,245,203,125,126
1,12584,0.34884995,0.29976028,0.32430511,1,1,228,194,150,151
1,12585,0.32732268,0.30242466,0.31487367,1,1,228,194,150,151
1,12586,0.34921516,0.28119648,0.31520582,1,1,228,194,150,151
1,12587,0.35020210,0.30746497,0.32883354,1,1,228,194,150,151
1,12588,0.34884995,0.31222908,0.33053952,1,1,228,194,150,151
1,12589,0.37072373,0.33365739,0.35219056,1,1,228,194,150,151
1,12590,0.34921516,0.32146327,0.33533922,1,1,228,194,150,151
1,12591,0.30406057,0.29976028,0.30191043,1,1,228,194,150,151
1,12592,0.34884995,0.31974430,0.33429712,1,1,245,203,125,126
1,12593,0.33347448,0.31898089,0.32622769,1,1,228,194,150,151
1,12594,0.34786682,0.32223262,0.33504972,1,1,228,194,150,151
1,12595,0.32620941,0.32146327,0.32383634,1,1,228,194,150,151
1,12596,0.34651848,0.30046142,0.32348995,1,1,228,194,150,151
1,12597,0.34786682,0.31418857,0.33102770,1,1,228,194,150,151
1,12598,0.30560407,0.27910828,0.29235617,1,1,228,194,150,151
1,12599,0.31946715,0.26989781,0.29468248,1,1,228,194,150,151
1,12600,0.28413945,0.29141381,0.28777663,1,1,228,194,150,151
1,12601,0.30474281,0.29904459,0.30189370,1,1,228,194,150,151
1,12602,0.30474281,0.27910828,0.29192555,1,1,228,194,150,151
1,12603,0.32620941,0.29141381,0.30881161,1,1,228,194,150,151
1,12604,0.32620941,0.30118050,0.31369496,1,1,228,194,150,151
1,12605,0.34921516,0.30242466,0.32581991,1,1,228,194,150,151
1,12606,0.34786682,0.28052511,0.31419596,1,1,228,194,150,151
1,12607,0.34921516,0.30170261,0.32545888,1,1,228,194,150,151
1,12608,0.35020210,0.30170261,0.32595236,1,1,228,194,150,151
1,12609,0.29289311,0.27910828,0.28600069,1,1,228,194,150,151
1,12610,0.30560407,0.27137328,0.28848867,1,1,228,194,150,151
1,12611,0.30560407,0.27137328,0.28848867,1,1,228,194,150,151
1,12612,0.30406057,0.27910828,0.29158443,1,1,228,194,150,151
1,12613,0.30406057,0.25917198,0.28161627,1,1,228,194,150,151
1,12614,0.30406057,0.28052511,0.29229284,1,1,228,194,150,151
1,12615,0.30406057,0.27910828,0.29158443,1,1,228,194,150,151
1,12616,0.30406057,0.29289311,0.29847684,1,1,228,194,150,151
1,12617,0.34358447,0.31418857,0.32888652,1,1,228,194,150,151
1,12618,0.30474281,0.28261670,0.29367976,1,1,245,203,125,126
1,12619,0.34884995,0.29904459,0.32394727,1,1,245,203,125,126
1,12620,0.34884995,0.33476703,0.34180849,1,1,245,203,125,126
1,12621,0.34884995,0.31289602,0.33087298,1,1,245,203,125,126
1,12622,0.34786682,0.33563618,0.34175150,1,1,245,203,125,126
1,12623,0.34884995,0.31974430,0.33429712,1,1,228,194,150,151
1,12624,0.30560407,0.29976028,0.30268217,1,1,228,194,150,151
1,12625,0.34786682,0.29976028,0.32381355,1,1,245,203,125,126
1,12626,0.34884995,0.29904459,0.32394727,1,1,245,203,125,126
1,12627,0.36467479,0.31974430,0.34220954,1,1,228,194,150,151
1,12628,0.32486107,0.35630841,0.34058474,1,1,228,194,150,151
1,12629,0.32732268,0.31271311,0.32001789,1,1,228,194,150,151
1,12630,0.33347448,0.31898089,0.32622769,1,1,245,203,125,126
1,12631,0.34884995,0.29904459,0.32394727,1,1,245,203,125,126
1,12632,0.32620941,0.27977626,0.30299284,1,1,228,194,150,151
1,12633,0.34749780,0.30170261,0.32460020,1,1,228,194,150,151
1,12634,0.32732268,0.30170261,0.31451264,1,1,228,194,150,151
1,12635,0.32640022,0.30100444,0.31370233,1,1,228,194,150,151
1,12636,0.33434027,0.30170261,0.31802144,1,1,245,203,125,126
1,12637,0.34884995,0.30170261,0.32527628,1,1,245,203,125,126
1,12638,0.34884995,0.32146327,0.33515661,1,1,245,203,125,126
1,12639,0.36326130,0.33563618,0.34944874,1,1,228,194,150,151
1,12640,0.34884995,0.32146327,0.33515661,1,1,245,203,125,126
1,12641,0.33563618,0.32146327,0.32854973,1,1,245,203,125,126
1,12642,0.34884995,0.33476703,0.34180849,1,1,228,194,150,151
1,12643,0.34884995,0.30170261,0.32527628,1,1,228,194,150,151
1,12644,0.34884995,0.32146327,0.33515661,1,1,228,194,150,151
1,12645,0.33434027,0.32146327,0.32790177,1,1,245,203,125,126
1,12646,0.32640022,0.33476703,0.33058363,1,1,228,194,150,151
1,12647,0.33365739,0.33476703,0.33421221,1,1,228,194,150,151
1,12648,0.34786682,0.32146327,0.33466505,1,1,245,203,125,126
1,12649,0.34786682,0.31898089,0.33342386,1,1,228,194,150,151
1,12650,0.36467479,0.31418857,0.33943168,1,1,228,194,150,151
1,12651,0.34884995,0.31898089,0.33391542,1,1,228,194,150,151
1,12652,0.34786682,0.29904459,0.32345570,1,1,228,194,150,151
1,12653,0.34111761,0.33347448,0.33729604,1,1,228,194,150,151
1,12654,0.34651848,0.29289311,0.31970579,1,1,228,194,150,151
1,12655,0.34786682,0.32146327,0.33466505,1,1,245,203,125,126
1,12656,0.36817588,0.32146327,0.34481958,1,1,245,203,125,126
1,12657,0.35501249,0.32146327,0.33823788,1,1,228,194,150,151
1,12658,0.33347448,0.35995769,0.34671608,1,1,245,203,125,126
1,12659,0.35294329,0.36106187,0.35700258,1,1,245,203,125,126
1,12660,0.34786682,0.34126257,0.34456470,1,1,245,203,125,126
1,12661,0.34786682,0.32019315,0.33402998,1,1,245,203,125,126
1,12662,0.34786682,0.33991422,0.34389052,1,1,245,203,125,126
1,12663,0.34786682,0.36106187,0.35446435,1,1,245,203,125,126
1,12664,0.36952422,0.37485454,0.37218938,1,1,228,194,150,151
1,12665,0.34786682,0.30046142,0.32416412,1,1,245,203,125,126
1,12666,0.38603053,0.37324916,0.37963984,1,1,228,194,150,151
1,12667,0.34786682,0.35995769,0.35391225,1,1,228,194,150,151
1,12668,0.36952422,0.34015839,0.35484131,1,1,228,194,150,151
1,12669,0.34786682,0.36106187,0.35446435,1,1,228,194,150,151
1,12670,0.39103279,0.33991422,0.36547351,1,1,228,194,150,151
1,12671,0.39223230,0.35995769,0.37609500,1,1,228,194,150,151
1,12672,0.34786682,0.32146327,0.33466505,1,1,228,194,150,151
1,12673,0.36937539,0.34126257,0.35531898,1,1,228,194,150,151
1,12674,0.36937539,0.35995769,0.36466654,1,1,228,194,150,151
1,12675,0.34786682,0.34126257,0.34456470,1,1,228,194,150,151
1,12676,0.34921516,0.34126257,0.34523887,1,1,228,194,150,151
1,12677,0.34786682,0.33991422,0.34389052,1,1,228,194,150,151
1,12678,0.39103279,0.34126257,0.36614768,1,1,228,194,150,151
1,12679,0.36937539,0.34126257,0.35531898,1,1,228,194,150,151
1,12680,0.36817588,0.35995769,0.36406679,1,1,228,194,150,151
1,12681,0.34091820,0.32146327,0.33119074,1,1,228,194,150,151
1,12682,0.37041931,0.32146327,0.34594129,1,1,228,194,150,151
1,12683,0.37041931,0.32022208,0.34532070,1,1,228,194,150,151
1,12684,0.37041931,0.36106187,0.36574059,1,1,228,194,150,151
1,12685,0.36952422,0.34126257,0.35539340,1,1,228,194,150,151
1,12686,0.36952422,0.32146327,0.34549375,1,1,228,194,150,151
1,12687,0.34786682,0.30170261,0.32478471,1,1,245,203,125,126
1,12688,0.34786682,0.33218192,0.34002437,1,1,245,203,125,126
1,12689,0.34111761,0.33434027,0.33772894,1,1,245,203,125,126
1,12690,0.31271311,0.31898089,0.31584700,1,1,245,203,125,126
1,12691,0.31370838,0.33347448,0.32359143,1,1,245,203,125,126
1,12692,0.29289311,0.29141381,0.29215346,1,1,245,203,125,126
1,12693,0.31289602,0.27977626,0.29633614,1,1,245,203,125,126
1,12694,0.33347448,0.27977626,0.30662537,1,1,245,203,125,126
1,12695,0.32640022,0.29289311,0.30964666,1,1,245,203,125,126
1,12696,0.32620941,0.27977626,0.30299284,1,1,245,203,125,126
1,12697,0.29213465,0.27977626,0.28595545,1,1,245,203,125,126
1,12698,0.34651848,0.27977626,0.31314737,1,1,245,203,125,126
1,12699,0.34651848,0.29976028,0.32313938,1,1,245,203,125,126
1,12700,0.34786682,0.28119648,0.31453165,1,1,245,203,125,126
1,12701,0.32640022,0.31418857,0.32029439,1,1,245,203,125,126
1,12702,0.30560407,0.29289311,0.29924859,1,1,228,194,150,151
1,12703,0.32713134,0.27977626,0.30345380,1,1,245,203,125,126
1,12704,0.32640022,0.27977626,0.30308824,1,1,245,203,125,126
1,12705,0.29289311,0.28119648,0.28704479,1,1,245,203,125,126
1,12706,0.29289311,0.29904459,0.29596885,1,1,245,203,125,126
1,12707,0.34884995,0.31898089,0.33391542,1,1,245,203,125,126
1,12708,0.34786682,0.28194194,0.31490438,1,1,245,203,125,126
1,12709,0.30474281,0.28194194,0.29334238,1,1,245,203,125,126
1,12710,0.30628196,0.29361011,0.29994603,1,1,245,203,125,126
1,12711,0.34786682,0.29361011,0.32073847,1,1,245,203,125,126
1,12712,0.33347448,0.33476703,0.33412076,1,1,245,203,125,126
1,12713,0.32732268,0.33304436,0.33018352,1,1,245,203,125,126
1,12714,0.29213465,0.31974430,0.30593947,1,1,245,203,125,126
1,12715,0.31418857,0.31974430,0.31696643,1,1,245,203,125,126
1,12716,0.35020210,0.31898089,0.33459150,1,1,245,203,125,126
1,12717,0.34786682,0.30028578,0.32407630,1,1,245,203,125,126
1,12718,0.30628196,0.28052511,0.29340353,1,1,245,203,125,126
1,12719,0.30474281,0.28194194,0.29334238,1,1,245,203,125,126
1,12720,0.34921516,0.30170261,0.32545888,1,1,245,203,125,126
1,12721,0.32640022,0.31418857,0.32029439,1,1,245,203,125,126
1,12722,0.30560407,0.28119648,0.29340027,1,1,245,203,125,126
1,12723,0.30714756,0.30170261,0.30442508,1,1,245,203,125,126
1,12724,0.30628196,0.31222908,0.30925552,1,1,245,203,125,126
1,12725,0.29213465,0.27977626,0.28595545,1,1,245,203,125,126
1,12726,0.30474281,0.30118050,0.30296165,1,1,245,203,125,126
1,12727,0.30474281,0.27977626,0.29225954,1,1,245,203,125,126
1,12728,0.30474281,0.27977626,0.29225954,1,1,245,203,125,126
1,12729,0.30474281,0.29437240,0.29955761,1,1,245,203,125,126
1,12730,0.34921516,0.27977626,0.31449571,1,1,245,203,125,126
1,12731,0.34884995,0.28052511,0.31468753,1,1,245,203,125,126
1,12732,0.33304436,0.29904459,0.31604447,1,1,245,203,125,126
1,12733,0.32713134,0.27910828,0.30311981,1,1,245,203,125,126
1,12734,0.34884995,0.28194194,0.31539595,1,1,245,203,125,126
1,12735,0.32486107,0.27977626,0.30231867,1,1,245,203,125,126
1,12736,0.34786682,0.29437240,0.32111961,1,1,245,203,125,126
1,12737,0.34786682,0.30242466,0.32514574,1,1,245,203,125,126
1,12738,0.34884995,0.29065918,0.31975457,1,1,245,203,125,126
1,12739,0.29437240,0.27910828,0.28674034,1,1,245,203,125,126
1,12740,0.32774856,0.27910828,0.30342842,1,1,228,194,150,151
1,12741,0.34749780,0.29904459,0.32327119,1,1,228,194,150,151
1,12742,0.32640022,0.28119648,0.30379835,1,1,228,194,150,151
1,12743,0.27232127,0.27137328,0.27184727,1,1,245,203,125,126
1,12744,0.29289311,0.27910828,0.28600069,1,1,245,203,125,126
1,12745,0.30406057,0.26082196,0.28244127,1,1,228,194,150,151
1,12746,0.29289311,0.32146327,0.30717819,1,1,245,203,125,126
1,12747,0.30560407,0.27910828,0.29235617,1,1,245,203,125,126
1,12748,0.30714756,0.27910828,0.29312792,1,1,245,203,125,126
1,12749,0.30560407,0.31898089,0.31229248,1,1,245,203,125,126
1,12750,0.30560407,0.25917198,0.28238802,1,1,228,194,150,151
1,12751,0.34884995,0.29904459,0.32394727,1,1,245,203,125,126
1,12752,0.30474281,0.28194194,0.29334238,1,1,245,203,125,126
1,12753,0.30560407,0.28119648,0.29340027,1,1,228,194,150,151
1,12754,0.28388546,0.26082196,0.27235371,1,1,228,194,150,151
1,12755,0.34884995,0.29904459,0.32394727,1,1,228,194,150,151
1,12756,0.32620941,0.28119648,0.30370295,1,1,228,194,150,151
1,12757,0.32713134,0.27977626,0.30345380,1,1,228,194,150,151
1,12758,0.32732268,0.29141381,0.30936825,1,1,228,194,150,151
1,12759,0.30714756,0.28052511,0.29383634,1,1,228,194,150,151
1,12760,0.30406057,0.27977626,0.29191842,1,1,228,194,150,151
1,12761,0.30560407,0.26082196,0.28321301,1,1,228,194,150,151
1,12762,0.28388546,0.26058880,0.27223713,1,1,228,194,150,151
1,12763,0.32577919,0.28119648,0.30348783,1,1,228,194,150,151
1,12764,0.32620941,0.27977626,0.30299284,1,1,228,194,150,151
1,12765,0.32620941,0.28119648,0.30370295,1,1,228,194,150,151
1,12766,0.34786682,0.29904459,0.32345570,1,1,228,194,150,151
1,12767,0.30560407,0.25917198,0.28238802,1,1,228,194,150,151
1,12768,0.30714756,0.27910828,0.29312792,1,1,228,194,150,151
1,12769,0.34786682,0.27977626,0.31382154,1,1,228,194,150,151
1,12770,0.34786682,0.29976028,0.32381355,1,1,228,194,150,151
1,12771,0.32577919,0.29976028,0.31276973,1,1,228,194,150,151
1,12772,0.32486107,0.29289311,0.30887709,1,1,228,194,150,151
1,12773,0.34651848,0.31352500,0.33002174,1,1,228,194,150,151
1,12774,0.25322872,0.27207783,0.26265328,1,1,228,194,150,151
1,12775,0.18163065,0.19814119,0.18988592,1,1,228,194,150,151
1,12776,0.18163065,0.15570169,0.16866617,1,1,228,194,150,151
1,12777,0.18461603,0.15470397,0.16966000,1,1,245,203,125,126
1,12778,0.18181818,0.17374890,0.17778354,1,1,245,203,125,126
1,12779,0.19814119,0.18733745,0.19273932,1,1,228,194,150,151
1,12780,0.22727273,0.18750000,0.20738636,1,1,228,194,150,151
1,12781,0.26086957,0.25150600,0.25618778,1,1,228,194,150,151
1,12782,0.28260870,0.27232127,0.27746498,1,1,228,194,150,151
1,12783,0.30560407,0.29904459,0.30232433,1,1,245,203,125,126
1,12784,0.30560407,0.28119648,0.29340027,1,1,228,194,150,151
1,12785,0.30560407,0.28052511,0.29306459,1,1,245,203,125,126
1,12786,0.30560407,0.26082196,0.28321301,1,1,245,203,125,126
1,12787,0.28388546,0.28119648,0.28254097,1,1,245,203,125,126
1,12788,0.23913043,0.20181899,0.22047471,1,1,245,203,125,126
1,12789,0.25000000,0.21954390,0.23477195,1,1,245,203,125,126
1,12790,0.23890474,0.25150600,0.24520537,1,1,245,203,125,126
1,12791,0.27432501,0.23069072,0.25250787,1,1,245,203,125,126
1,12792,0.26421833,0.25150600,0.25786216,1,1,245,203,125,126
1,12793,0.28568295,0.27059854,0.27814074,1,1,245,203,125,126
1,12794,0.28413945,0.25150600,0.26782272,1,1,245,203,125,126
1,12795,0.28413945,0.28308541,0.28361243,1,1,245,203,125,126
1,12796,0.30560407,0.25979224,0.28269815,1,1,245,203,125,126
1,12797,0.28234196,0.25917198,0.27075697,1,1,245,203,125,126
1,12798,0.28234196,0.27161608,0.27697902,1,1,228,194,150,151
1,12799,0.29702884,0.25150600,0.27426742,1,1,228,194,150,151
1,12800,0.28234196,0.25150600,0.26692398,1,1,228,194,150,151
1,12801,0.29864235,0.24978327,0.27421281,1,1,228,194,150,151
1,12802,0.31946715,0.29213465,0.30580090,1,1,228,194,150,151
1,12803,0.32108066,0.27059854,0.29583960,1,1,228,194,150,151
1,12804,0.30406057,0.26989781,0.28697919,1,1,228,194,150,151
1,12805,0.30560407,0.26082196,0.28321301,1,1,228,194,150,151
1,12806,0.30406057,0.27910828,0.29158443,1,1,228,194,150,151
1,12807,0.30560407,0.27910828,0.29235617,1,1,228,194,150,151
1,12808,0.30406057,0.26082196,0.28244127,1,1,228,194,150,151
1,12809,0.30320367,0.25917198,0.28118782,1,1,228,194,150,151
1,12810,0.30406057,0.28052511,0.29229284,1,1,228,194,150,151
1,12811,0.30560407,0.27910828,0.29235617,1,1,228,194,150,151
1,12812,0.34252674,0.27910828,0.31081751,1,1,228,194,150,151
1,12813,0.30560407,0.29361011,0.29960709,1,1,228,194,150,151
1,12814,0.32620941,0.29289311,0.30955126,1,1,228,194,150,151
1,12815,0.31848367,0.29213465,0.30530916,1,1,228,194,150,151
1,12816,0.30474281,0.27309154,0.28891718,1,1,228,194,150,151
1,12817,0.32108066,0.27137328,0.29622697,1,1,228,194,150,151
1,12818,0.29213465,0.29213465,0.29213465,1,1,228,194,150,151
1,12819,0.30560407,0.27309154,0.28934781,1,1,228,194,150,151
1,12820,0.30714756,0.27137328,0.28926042,1,1,228,194,150,151
1,12821,0.30474281,0.28194194,0.29334238,1,1,245,203,125,126
1,12822,0.26421833,0.28052511,0.27237172,1,1,228,194,150,151
1,12823,0.29772298,0.29289311,0.29530804,1,1,228,194,150,151
1,12824,0.28154626,0.27977626,0.28066126,1,1,228,194,150,151
1,12825,0.29514981,0.29141381,0.29328181,1,1,228,194,150,151
1,12826,0.29772298,0.29065918,0.29419108,1,1,228,194,150,151
1,12827,0.32732268,0.29361011,0.31046640,1,1,228,194,150,151
1,12828,0.32732268,0.31289602,0.32010935,1,1,228,194,150,151
1,12829,0.32108066,0.24913644,0.28510855,1,1,228,194,150,151
1,12830,0.28154626,0.27910828,0.28032727,1,1,228,194,150,151
1,12831,0.29611443,0.28052511,0.28831977,1,1,228,194,150,151
1,12832,0.30406057,0.27910828,0.29158443,1,1,228,194,150,151
1,12833,0.30560407,0.25917198,0.28238802,1,1,228,194,150,151
1,12834,0.29289311,0.27977626,0.28633468,1,1,228,194,150,151
1,12835,0.29702884,0.27910828,0.28806856,1,1,228,194,150,151
1,12836,0.30560407,0.27232127,0.28896267,1,1,228,194,150,151
1,12837,0.28234196,0.29213465,0.28723830,1,1,228,194,150,151
1,12838,0.31946715,0.27910828,0.29928772,1,1,228,194,150,151
1,12839,0.28333869,0.29213465,0.28773667,1,1,228,194,150,151
1,12840,0.29514981,0.27161608,0.28338294,1,1,228,194,150,151
1,12841,0.30560407,0.29976028,0.30268217,1,1,228,194,150,151
1,12842,0.28388546,0.28119648,0.28254097,1,1,228,194,150,151
1,12843,0.28308541,0.28052511,0.28180526,1,1,228,194,150,151
1,12844,0.30714756,0.29361011,0.30037884,1,1,228,194,150,151
1,12845,0.32732268,0.27116308,0.29924288,1,1,228,194,150,151
1,12846,0.30560407,0.27910828,0.29235617,1,1,228,194,150,151
1,12847,0.30474281,0.27910828,0.29192555,1,1,228,194,150,151
1,12848,0.30560407,0.24146215,0.27353311,1,1,228,194,150,151
1,12849,0.28234196,0.29141381,0.28687789,1,1,228,194,150,151
1,12850,0.28234196,0.29213465,0.28723830,1,1,228,194,150,151
1,12851,0.29611443,0.29065918,0.29338681,1,1,228,194,150,151
1,12852,0.30406057,0.27059854,0.28732956,1,1,228,194,150,151
1,12853,0.31946715,0.29289311,0.30618013,1,1,228,194,150,151
1,12854,0.32732268,0.27910828,0.30321548,1,1,228,194,150,151
1,12855,0.29676332,0.26989781,0.28333057,1,1,228,194,150,151
1,12856,0.29514981,0.26989781,0.28252381,1,1,228,194,150,151
1,12857,0.30406057,0.29141381,0.29773719,1,1,228,194,150,151
1,12858,0.29702884,0.29141381,0.29422133,1,1,228,194,150,151
1,12859,0.27232127,0.29289311,0.28260719,1,1,228,194,150,151
1,12860,0.28487783,0.29289311,0.28888547,1,1,228,194,150,151
1,12861,0.30560407,0.29361011,0.29960709,1,1,228,194,150,151
1,12862,0.30406057,0.29213465,0.29809761,1,1,228,194,150,151
1,12863,0.31946715,0.29213465,0.30580090,1,1,228,194,150,151
1,12864,0.28388546,0.27161608,0.27775077,1,1,228,194,150,151
1,12865,0.26062335,0.24978327,0.25520331,1,1,228,194,150,151
1,12866,0.28234196,0.29289311,0.28761753,1,1,228,194,150,151
1,12867,0.26086957,0.24146215,0.25116586,1,1,228,194,150,151
1,12868,0.27244598,0.26242084,0.26743341,1,1,228,194,150,151
1,12869,0.26062335,0.23009334,0.24535834,1,1,228,194,150,151
1,12870,0.25000000,0.25150600,0.25075300,1,1,228,194,150,151
1,12871,0.27272727,0.25150600,0.26211663,1,1,228,194,150,151
1,12872,0.28234196,0.25150600,0.26692398,1,1,228,194,150,151
1,12873,0.23913043,0.25150600,0.24531822,1,1,228,194,150,151
1,12874,0.26086957,0.27207783,0.26647370,1,1,228,194,150,151
1,12875,0.23913043,0.22896799,0.23404921,1,1,228,194,150,151
1,12876,0.26086957,0.23069072,0.24578014,1,1,228,194,150,151
1,12877,0.24128303,0.24146215,0.24137259,1,1,228,194,150,151
1,12878,0.23890474,0.25150600,0.24520537,1,1,228,194,150,151
1,12879,0.28234196,0.25322872,0.26778534,1,1,228,194,150,151
1,12880,0.26086957,0.25150600,0.25618778,1,1,228,194,150,151
1,12881,0.27244598,0.24978327,0.26111462,1,1,228,194,150,151
1,12882,0.28234196,0.27207783,0.27720990,1,1,228,194,150,151
1,12883,0.26062335,0.25150600,0.25606467,1,1,228,194,150,151
1,12884,0.26242084,0.25150600,0.25696342,1,1,228,194,150,151
1,12885,0.26242084,0.25150600,0.25696342,1,1,228,194,150,151
1,12886,0.26062335,0.23102911,0.24582623,1,1,228,194,150,151
1,12887,0.26062335,0.21021384,0.23541860,1,1,228,194,150,151
1,12888,0.28388546,0.25150600,0.26769573,1,1,228,194,150,151
1,12889,0.21933669,0.22896799,0.22415234,1,1,228,194,150,151
1,12890,0.26062335,0.22896799,0.24479567,1,1,228,194,150,151
1,12891,0.23913043,0.25150600,0.24531822,1,1,228,194,150,151
1,12892,0.26266875,0.23102911,0.24684893,1,1,228,194,150,151
1,12893,0.26086957,0.25085471,0.25586214,1,1,228,194,150,151
1,12894,0.24128303,0.23069072,0.23598688,1,1,228,194,150,151
1,12895,0.27244598,0.25150600,0.26197599,1,1,228,194,150,151
1,12896,0.23913043,0.24978327,0.24445685,1,1,228,194,150,151
1,12897,0.26062335,0.22180301,0.24121318,1,1,228,194,150,151
1,12898,0.27272727,0.26242084,0.26757406,1,1,228,194,150,151
1,12899,0.28234196,0.25150600,0.26692398,1,1,228,194,150,151
1,12900,0.26062335,0.26062335,0.26062335,1,1,228,194,150,151
1,12901,0.27244598,0.26242084,0.26743341,1,1,228,194,150,151
1,12902,0.25000000,0.22896799,0.23948400,1,1,228,194,150,151
1,12903,0.26242084,0.23069072,0.24655578,1,1,228,194,150,151
1,12904,0.21739130,0.23043085,0.22391108,1,1,228,194,150,151
1,12905,0.28388546,0.25150600,0.26769573,1,1,228,194,150,151
1,12906,0.29864235,0.27207783,0.28536009,1,1,228,194,150,151
1,12907,0.32487995,0.31008684,0.31748339,1,1,228,194,150,151
1,12908,0.32620941,0.29088353,0.30854647,1,1,228,194,150,151
1,12909,0.34490450,0.33333333,0.33911892,1,1,228,194,150,151
1,12910,0.38743967,0.35423585,0.37083776,1,1,228,194,150,151
1,12911,0.36937539,0.33347448,0.35142493,1,1,228,194,150,151
1,12912,0.34197096,0.33476703,0.33836900,1,1,228,194,150,151
1,12913,0.37041931,0.32146327,0.34594129,1,1,228,194,150,151
1,12914,0.36339659,0.33333333,0.34836496,1,1,228,194,150,151
1,12915,0.34771799,0.32146327,0.33459063,1,1,228,194,150,151
1,12916,0.34786682,0.33476703,0.34131693,1,1,228,194,150,151
1,12917,0.34786682,0.33204631,0.33995657,1,1,228,194,150,151
1,12918,0.36937539,0.33218192,0.35077866,1,1,228,194,150,151
1,12919,0.36339659,0.33218192,0.34778926,1,1,228,194,150,151
1,12920,0.33950906,0.29213465,0.31582185,1,1,228,194,150,151
1,12921,0.26086957,0.25322872,0.25704914,1,1,228,194,150,151
1,12922,0.19565217,0.17164713,0.18364965,1,1,228,194,150,151
1,12923,0.21933669,0.19546751,0.20740210,1,1,228,194,150,151
1,12924,0.19780477,0.18733745,0.19257111,1,1,228,194,150,151
1,12925,0.21739130,0.20833333,0.21286232,1,1,228,194,150,151
1,12926,0.22727273,0.20815272,0.21771272,1,1,228,194,150,151
1,12927,0.24974215,0.20815272,0.22894743,1,1,228,194,150,151
1,12928,0.23913043,0.22896799,0.23404921,1,1,228,194,150,151
1,12929,0.24974215,0.20815272,0.22894743,1,1,228,194,150,151
1,12930,0.26086957,0.25150600,0.25618778,1,1,228,194,150,151
1,12931,0.23890474,0.21227496,0.22558985,1,1,228,194,150,151
1,12932,0.24128303,0.23890474,0.24009389,1,1,228,194,150,151
1,12933,0.23913043,0.22896799,0.23404921,1,1,228,194,150,151
1,12934,0.24974215,0.23069072,0.24021643,1,1,228,194,150,151
1,12935,0.23890474,0.21982420,0.22936447,1,1,228,194,150,151
1,12936,0.22703831,0.20815272,0.21759552,1,1,228,194,150,151
1,12937,0.23890474,0.22896799,0.23393637,1,1,228,194,150,151
1,12938,0.22896799,0.22147814,0.22522307,1,1,228,194,150,151
1,12939,0.28568295,0.25085471,0.26826883,1,1,228,194,150,151
1,12940,0.30320367,0.29289311,0.29804839,1,1,228,194,150,151
1,12941,0.32486107,0.30170261,0.31328184,1,1,228,194,150,151
1,12942,0.34055747,0.32146327,0.33101037,1,1,228,194,150,151
1,12943,0.36467479,0.32146327,0.34306903,1,1,228,194,150,151
1,12944,0.32486107,0.32019315,0.32252711,1,1,228,194,150,151
1,12945,0.32577919,0.30242466,0.31410192,1,1,228,194,150,151
1,12946,0.34055747,0.31418857,0.32737302,1,1,228,194,150,151
1,12947,0.32732268,0.30170261,0.31451264,1,1,228,194,150,151
1,12948,0.32732268,0.29361011,0.31046640,1,1,228,194,150,151
1,12949,0.34749780,0.33476703,0.34113242,1,1,228,194,150,151
1,12950,0.31785364,0.29213465,0.30499414,1,1,228,194,150,151
1,12951,0.32713134,0.33075929,0.32894532,1,1,228,194,150,151
1,12952,0.32620941,0.29065918,0.30843430,1,1,228,194,150,151
1,12953,0.34055747,0.30170261,0.32113004,1,1,228,194,150,151
1,12954,0.31687512,0.30170261,0.30928887,1,1,228,194,150,151
1,12955,0.30560407,0.32146327,0.31353367,1,1,228,194,150,151
1,12956,0.31946715,0.29213465,0.30580090,1,1,228,194,150,151
1,12957,0.31785364,0.31271311,0.31528337,1,1,228,194,150,151
1,12958,0.31687512,0.31142055,0.31414784,1,1,228,194,150,151
1,12959,0.30320367,0.29065918,0.29693142,1,1,228,194,150,151
1,12960,0.36326130,0.29141381,0.32733756,1,1,228,194,150,151
1,12961,0.31785364,0.29141381,0.30463373,1,1,228,194,150,151
1,12962,0.30455201,0.28052511,0.29253856,1,1,228,194,150,151
1,12963,0.32620941,0.33476703,0.33048822,1,1,228,194,150,151
1,12964,0.32867483,0.30028578,0.31448031,1,1,228,194,150,151
1,12965,0.32774856,0.30170261,0.31472558,1,1,228,194,150,151
1,12966,0.30474281,0.29213465,0.29843873,1,1,228,194,150,151
1,12967,0.30541273,0.31418857,0.30980065,1,1,228,194,150,151
1,12968,0.29424119,0.29213465,0.29318792,1,1,228,194,150,151
1,12969,0.31946715,0.29361011,0.30653863,1,1,228,194,150,151
1,12970,0.31946715,0.29141381,0.30544048,1,1,228,194,150,151
1,12971,0.30560407,0.28261670,0.29411038,1,1,228,194,150,151
1,12972,0.31785364,0.28194194,0.29989779,1,1,228,194,150,151
1,12973,0.28388546,0.29289311,0.28838928,1,1,228,194,150,151
1,12974,0.30406057,0.29065918,0.29735988,1,1,228,194,150,151
1,12975,0.32732268,0.29361011,0.31046640,1,1,228,194,150,151
1,12976,0.32577919,0.29065918,0.30821918,1,1,228,194,150,151
1,12977,0.30406057,0.29213465,0.29809761,1,1,228,194,150,151
1,12978,0.30541273,0.29065918,0.29803595,1,1,228,194,150,151
1,12979,0.30560407,0.27161608,0.28861007,1,1,228,194,150,151
1,12980,0.30628196,0.31289602,0.30958899,1,1,228,194,150,151
1,12981,0.30406057,0.31142055,0.30774056,1,1,228,194,150,151
1,12982,0.30406057,0.29141381,0.29773719,1,1,228,194,150,151
1,12983,0.30406057,0.29361011,0.29883534,1,1,228,194,150,151
1,12984,0.28234196,0.27161608,0.27697902,1,1,228,194,150,151
1,12985,0.28234196,0.26989781,0.27611989,1,1,228,194,150,151
1,12986,0.28234196,0.28194194,0.28214195,1,1,228,194,150,151
1,12987,0.26062335,0.28194194,0.27128264,1,1,228,194,150,151
1,12988,0.28260870,0.29361011,0.28810940,1,1,228,194,150,151
1,12989,0.30560407,0.31289602,0.30925004,1,1,228,194,150,151
1,12990,0.28234196,0.27161608,0.27697902,1,1,228,194,150,151
1,12991,0.28413945,0.26989781,0.27701863,1,1,228,194,150,151
1,12992,0.30560407,0.29213465,0.29886936,1,1,228,194,150,151
1,12993,0.28234196,0.29213465,0.28723830,1,1,228,194,150,151
1,12994,0.32620941,0.31271311,0.31946126,1,1,228,194,150,151
1,12995,0.30560407,0.28052511,0.29306459,1,1,228,194,150,151
1,12996,0.28388546,0.27161608,0.27775077,1,1,228,194,150,151
1,12997,0.28260870,0.27161608,0.27711239,1,1,228,194,150,151
1,12998,0.32620941,0.29361011,0.30990976,1,1,228,194,150,151
1,12999,0.28308541,0.29213465,0.28761003,1,1,228,194,150,151
1,13000,0.31828426,0.29213465,0.30520945,1,1,228,194,150,151
1,13001,0.28308541,0.26223879,0.27266210,1,1,228,194,150,151
1,13002,0.30541273,0.30170261,0.30355767,1,1,228,194,150,151
1,13003,0.30541273,0.31418857,0.30980065,1,1,228,194,150,151
1,13004,0.30634443,0.31418857,0.31026650,1,1,228,194,150,151
1,13005,0.30455201,0.28194194,0.29324697,1,1,228,194,150,151
1,13006,0.32620941,0.30170261,0.31395601,1,1,228,194,150,151
1,13007,0.30628196,0.31271311,0.30949753,1,1,228,194,150,151
1,13008,0.30560407,0.29213465,0.29886936,1,1,228,194,150,151
1,13009,0.32486107,0.32146327,0.32316217,1,1,228,194,150,151
1,13010,0.30634443,0.30170261,0.30402352,1,1,228,194,150,151
1,13011,0.30406057,0.28194194,0.29300126,1,1,228,194,150,151
1,13012,0.30320367,0.29213465,0.29766916,1,1,228,194,150,151
1,13013,0.30560407,0.29289311,0.29924859,1,1,228,194,150,151
1,13014,0.28234196,0.29289311,0.28761753,1,1,228,194,150,151
1,13015,0.28234196,0.26989781,0.27611989,1,1,228,194,150,151
1,13016,0.31785364,0.26223879,0.29004621,1,1,228,194,150,151
1,13017,0.31785364,0.29361011,0.30573188,1,1,228,194,150,151
1,13018,0.29514981,0.29361011,0.29437996,1,1,228,194,150,151
1,13019,0.31785364,0.26286639,0.29036002,1,1,228,194,150,151
1,13020,0.28234196,0.28261670,0.28247933,1,1,228,194,150,151
1,13021,0.31785364,0.29361011,0.30573188,1,1,228,194,150,151
1,13022,0.29676332,0.26058880,0.27867606,1,1,228,194,150,151
1,13023,0.30560407,0.28082797,0.29321602,1,1,228,194,150,151
1,13024,0.30570126,0.30028578,0.30299352,1,1,228,194,150,151
1,13025,0.29514981,0.29213465,0.29364223,1,1,228,194,150,151
1,13026,0.30560407,0.28052511,0.29306459,1,1,228,194,150,151
1,13027,0.31785364,0.28261670,0.30023517,1,1,228,194,150,151
1,13028,0.31785364,0.29289311,0.30537337,1,1,228,194,150,151
1,13029,0.29514981,0.28052511,0.28783746,1,1,228,194,150,151
1,13030,0.31926713,0.28194194,0.30060453,1,1,228,194,150,151
1,13031,0.29424119,0.28333869,0.28878994,1,1,228,194,150,151
1,13032,0.29676332,0.29213465,0.29444898,1,1,228,194,150,151
1,13033,0.30560407,0.29289311,0.29924859,1,1,228,194,150,151
1,13034,0.31785364,0.29289311,0.30537337,1,1,228,194,150,151
1,13035,0.29514981,0.25085471,0.27300226,1,1,228,194,150,151
1,13036,0.28388546,0.26144617,0.27266581,1,1,228,194,150,151
1,13037,0.32577919,0.28052511,0.30315215,1,1,228,194,150,151
1,13038,0.31785364,0.29289311,0.30537337,1,1,228,194,150,151
1,13039,0.30560407,0.29289311,0.29924859,1,1,228,194,150,151
1,13040,0.29514981,0.29213465,0.29364223,1,1,228,194,150,151
1,13041,0.31785364,0.28194194,0.29989779,1,1,228,194,150,151
1,13042,0.30560407,0.29361011,0.29960709,1,1,228,194,150,151
1,13043,0.30560407,0.28194194,0.29377300,1,1,228,194,150,151
1,13044,0.31785364,0.29437240,0.30611302,1,1,228,194,150,151
1,13045,0.31785364,0.30560407,0.31172885,1,1,228,194,150,151
1,13046,0.29676332,0.29213465,0.29444898,1,1,228,194,150,151
1,13047,0.30714756,0.29213465,0.29964110,1,1,228,194,150,151
1,13048,0.30406057,0.29141381,0.29773719,1,1,228,194,150,151
1,13049,0.28595284,0.29361011,0.28978147,1,1,228,194,150,151
1,13050,0.31926713,0.29213465,0.30570089,1,1,228,194,150,151
1,13051,0.30406057,0.29437240,0.29921649,1,1,228,194,150,151
1,13052,0.31785364,0.29437240,0.30611302,1,1,228,194,150,151
1,13053,0.28388546,0.28194194,0.28291370,1,1,228,194,150,151
1,13054,0.32108066,0.30474281,0.31291174,1,1,228,194,150,151
1,13055,0.28388546,0.29213465,0.28801005,1,1,228,194,150,151
1,13056,0.29514981,0.28194194,0.28854587,1,1,228,194,150,151
1,13057,0.30541273,0.28261670,0.29401471,1,1,228,194,150,151
1,13058,0.28308541,0.29213465,0.28761003,1,1,228,194,150,151
1,13059,0.30541273,0.28194194,0.29367733,1,1,228,194,150,151
1,13060,0.28388546,0.28194194,0.28291370,1,1,228,194,150,151
1,13061,0.32774856,0.31418857,0.32096857,1,1,228,194,150,151
1,13062,0.30541273,0.26223879,0.28382576,1,1,228,194,150,151
1,13063,0.28154626,0.27161608,0.27658117,1,1,228,194,150,151
1,13064,0.28234196,0.30714756,0.29474476,1,1,228,194,150,151
1,13065,0.29514981,0.27309154,0.28412068,1,1,228,194,150,151
1,13066,0.28388546,0.27161608,0.27775077,1,1,228,194,150,151
1,13067,0.31785364,0.29213465,0.30499414,1,1,228,194,150,151
1,13068,0.31785364,0.29289311,0.30537337,1,1,228,194,150,151
1,13069,0.30560407,0.29213465,0.29886936,1,1,228,194,150,151
1,13070,0.31687512,0.29213465,0.30450489,1,1,228,194,150,151
1,13071,0.32620941,0.29361011,0.30990976,1,1,228,194,150,151
1,13072,0.31687512,0.25085471,0.28386492,1,1,245,217,125,126
1,13073,0.30332342,0.29289311,0.29810826,1,1,231,217,125,126
1,13074,0.31687512,0.27137328,0.29412420,1,1,231,217,125,126
1,13075,0.31848367,0.28194194,0.30021280,1,1,231,217,125,126
1,13076,0.32009221,0.30028578,0.31018899,1,1,231,217,125,126
1,13077,0.32009221,0.30242466,0.31125844,1,1,231,217,125,126
1,13078,0.31003876,0.28119648,0.29561762,1,1,231,217,125,126
1,13079,0.29412859,0.27137328,0.28275094,1,1,231,217,125,126
1,13080,0.29620936,0.24978327,0.27299631,1,1,231,217,125,126
1,13081,0.31846487,0.29166667,0.30506577,1,1,231,217,125,126
1,13082,0.34078535,0.27207783,0.30643159,1,1,231,217,125,126
1,13083,0.33839145,0.30242466,0.32040805,1,1,231,217,125,126
1,13084,0.34078535,0.30242466,0.32160500,1,1,231,217,125,126
1,13085,0.33839145,0.30100444,0.31969794,1,1,231,217,125,126
1,13086,0.36055513,0.27977626,0.32016570,1,1,231,217,125,126
1,13087,0.34534917,0.30000000,0.32267458,1,1,231,217,125,126
1,13088,0.38276214,0.32223262,0.35249738,1,1,231,217,125,126
1,13089,0.36055513,0.32223262,0.34139387,1,1,231,217,125,126
1,13090,0.36055513,0.28961409,0.32508461,1,1,231,217,125,126
1,13091,0.33839145,0.28824841,0.31331993,1,1,231,217,125,126
1,13092,0.36055513,0.29976028,0.33015770,1,1,231,217,125,126
1,13093,0.36055513,0.29976028,0.33015770,1,1,231,217,125,126
1,13094,0.33839145,0.29976028,0.31907586,1,1,231,217,125,126
1,13095,0.32412021,0.32098846,0.32255433,1,1,231,217,125,126
1,13096,0.34078535,0.30242466,0.32160500,1,1,231,217,125,126
1,13097,0.34758863,0.31974430,0.33366646,1,1,231,217,125,126
1,13098,0.34758863,0.31898089,0.33328476,1,1,231,217,125,126
1,13099,0.36310582,0.29976028,0.33143305,1,1,231,217,125,126
1,13100,0.33938337,0.30242466,0.32090402,1,1,231,217,125,126
1,13101,0.34549274,0.31222908,0.32886091,1,1,231,217,125,126
1,13102,0.36310582,0.28119648,0.32215115,1,1,231,217,125,126
1,13103,0.33938337,0.31289602,0.32613969,1,1,231,217,125,126
1,13104,0.38406796,0.33476703,0.35941750,1,1,231,203,125,126
1,13105,0.36170385,0.31370838,0.33770611,1,1,231,203,125,126
1,13106,0.34758863,0.32098846,0.33428854,1,1,231,203,125,126
1,13107,0.37072373,0.30242466,0.33657420,1,1,231,203,125,126
1,13108,0.34786682,0.30170261,0.32478471,1,1,231,203,125,126
1,13109,0.34786682,0.30242466,0.32514574,1,1,231,203,125,126
1,13110,0.32640022,0.30118050,0.31379036,1,1,231,203,125,126
1,13111,0.34786682,0.28119648,0.31453165,1,1,231,203,125,126
1,13112,0.34786682,0.30118050,0.32452366,1,1,231,203,125,126
1,13113,0.32774856,0.28119648,0.30447252,1,1,231,203,125,126
1,13114,0.30485539,0.29437240,0.29961390,1,1,231,203,125,126
1,13115,0.29772298,0.27059854,0.28416076,1,1,231,203,125,126
1,13116,0.28487783,0.27059854,0.27773819,1,1,231,203,125,126
1,13117,0.27160725,0.27059854,0.27110289,1,1,231,203,125,126
1,13118,0.29424119,0.29141381,0.29282750,1,1,231,203,125,126
1,13119,0.30474281,0.25979224,0.28226753,1,1,231,203,125,126
1,13120,0.31785364,0.26144617,0.28964991,1,1,231,203,125,126
1,13121,0.27160725,0.29141381,0.28151053,1,1,231,203,125,126
1,13122,0.31687512,0.27059854,0.29373683,1,1,231,203,125,126
1,13123,0.31687512,0.27059854,0.29373683,1,1,231,203,125,126
1,13124,0.31785364,0.27059854,0.29422609,1,1,231,203,125,126
1,13125,0.31848367,0.27083333,0.29465850,1,1,231,203,125,126
1,13126,0.33950906,0.28261670,0.31106288,1,1,231,203,125,126
1,13127,0.30628196,0.28119648,0.29373922,1,1,231,203,125,126
1,13128,0.30406057,0.26000000,0.28203029,1,1,231,203,125,126
1,13129,0.31848367,0.25979224,0.28913795,1,1,231,203,125,126
1,13130,0.27244598,0.24978327,0.26111462,1,1,231,203,125,126
1,13131,0.31785364,0.27231391,0.29508378,1,1,231,203,125,126
1,13132,0.29514981,0.27059854,0.28287417,1,1,231,203,125,126
1,13133,0.27244598,0.25000000,0.26122299,1,1,231,203,125,126
1,13134,0.29545455,0.24146215,0.26845835,1,1,231,203,125,126
1,13135,0.29514981,0.27059854,0.28287417,1,1,231,203,125,126
1,13136,0.25000000,0.19984019,0.22492009,1,1,231,203,125,126
1,13137,0.25000000,0.19984019,0.22492009,1,1,231,203,125,126
1,13138,0.27272727,0.24146215,0.25709471,1,1,231,203,125,126
1,13139,0.29545455,0.24978327,0.27261891,1,1,231,203,125,126
1,13140,0.29733552,0.24088565,0.26911058,1,1,231,203,125,126
1,13141,0.27272727,0.25085471,0.26179099,1,1,231,203,125,126
1,13142,0.25199027,0.21021384,0.23110205,1,1,231,203,125,126
1,13143,0.27460824,0.25085471,0.26273148,1,1,211,178,150,150
1,13144,0.28735921,0.27161608,0.27948764,1,1,211,178,150,150
1,13145,0.27244598,0.25322872,0.26283735,1,1,211,178,150,150
1,13146,0.27620404,0.23043085,0.25331745,1,1,211,178,150,150
1,13147,0.19253607,0.17658925,0.18456266,1,1,211,178,150,150
1,13148,0.15235251,0.13031167,0.14133209,1,1,211,178,150,150
1,13149,0.17171813,0.16261115,0.16716464,1,1,211,178,150,150
1,13150,0.17859765,0.13043478,0.15451622,1,1,211,178,150,150
1,13151,0.14524628,0.12500000,0.13512314,1,1,211,178,150,150
1,13152,0.19146343,0.17658925,0.18402634,1,1,211,178,150,150
1,13153,0.22858058,0.17374890,0.20116474,1,1,211,178,150,150
1,13154,0.23936973,0.23214912,0.23575942,1,1,211,178,150,150
1,13155,0.18385786,0.18685233,0.18535510,1,1,231,203,125,126
1,13156,0.22703831,0.26168128,0.24435980,1,1,211,178,150,150
1,13157,0.23153456,0.21657405,0.22405430,1,1,211,178,150,150
1,13158,0.28735921,0.25257298,0.26996609,1,1,211,178,150,150
1,13159,0.27432501,0.25257298,0.26344899,1,1,211,178,150,150
1,13160,0.23782575,0.21657405,0.22719990,1,1,211,194,150,151
1,13161,0.26357663,0.23823145,0.25090404,1,1,217,203,126,126
1,13162,0.26357663,0.23115490,0.24736577,1,1,217,203,126,126
1,13163,0.27432501,0.25648973,0.26540737,1,1,211,194,150,151
1,13164,0.26357663,0.21081851,0.23719757,1,1,211,194,150,151
1,13165,0.24018069,0.22086306,0.23052187,1,1,211,194,150,151
1,13166,0.25199027,0.20966948,0.23082988,1,1,211,194,150,151
1,13167,0.23936973,0.23115490,0.23526231,1,1,211,194,150,151
1,13168,0.23702274,0.22600265,0.23151270,1,1,211,194,150,151
1,13169,0.28539090,0.23707022,0.26123056,1,1,211,194,150,151
1,13170,0.28735921,0.23115490,0.25925705,1,1,211,194,150,151
1,13171,0.28735921,0.21081851,0.24908886,1,1,211,194,150,151
1,13172,0.28735921,0.25000000,0.26867960,1,1,211,194,150,151
1,13173,0.28932752,0.21081851,0.25007301,1,1,211,194,150,151
1,13174,0.23809524,0.21172526,0.22491025,1,1,211,194,150,151
1,13175,0.25199027,0.23615335,0.24407181,1,1,211,194,150,151
1,13176,0.28735921,0.21081851,0.24908886,1,1,211,194,150,151
1,13177,0.24018069,0.20250793,0.22134431,1,1,211,194,150,151
1,13178,0.27244598,0.24157736,0.25701167,1,1,211,194,150,151
1,13179,0.29545455,0.27192198,0.28368826,1,1,211,194,150,151
1,13180,0.38762240,0.31844003,0.35303122,1,1,211,194,150,151
1,13181,0.34782609,0.31284300,0.33033454,1,1,211,194,150,151
1,13182,0.34055747,0.31098792,0.32577269,1,1,211,194,150,151
1,13183,0.32608696,0.31098792,0.31853744,1,1,211,194,150,151
1,13184,0.34782609,0.30051056,0.32416832,1,1,211,194,150,151
1,13185,0.36363636,0.32019315,0.34191476,1,1,211,194,150,151
1,13186,0.34749780,0.31844003,0.33296892,1,1,211,194,150,151
1,13187,0.36363636,0.31284300,0.33823968,1,1,211,194,150,151
1,13188,0.36505131,0.32019315,0.34262223,1,1,211,194,150,151
1,13189,0.36467479,0.32146327,0.34306903,1,1,211,194,150,151
1,13190,0.37041931,0.31844003,0.34442967,1,1,211,194,150,151
1,13191,0.34884995,0.31418857,0.33151926,1,1,211,194,150,151
1,13192,0.34749780,0.28082797,0.31416288,1,1,211,194,150,151
1,13193,0.32577919,0.30051056,0.31314487,1,1,231,203,125,126
1,13194,0.34055747,0.30170261,0.32113004,1,1,231,203,125,126
1,13195,0.31818182,0.31284300,0.31551241,1,1,231,203,125,126
1,13196,0.31818182,0.31155598,0.31486890,1,1,231,203,125,126
1,13197,0.31818182,0.30170261,0.30994221,1,1,231,203,125,126
1,13198,0.34055747,0.30051056,0.32053401,1,1,231,203,125,126
1,13199,0.31818182,0.28082797,0.29950489,1,1,211,194,150,151
1,13200,0.31818182,0.28052511,0.29935346,1,1,231,203,125,126
1,13201,0.34090909,0.29235267,0.31663088,1,1,211,194,150,151
1,13202,0.31818182,0.29213465,0.30515823,1,1,231,203,125,126
1,13203,0.29545455,0.27309154,0.28427304,1,1,231,203,125,126
1,13204,0.29545455,0.25257298,0.27401376,1,1,231,203,125,126
1,13205,0.33333333,0.25149129,0.29241231,1,1,231,203,125,126
1,13206,0.29514981,0.27137328,0.28326154,1,1,231,217,125,126
1,13207,0.29545455,0.28194194,0.28869824,1,1,231,203,125,126
1,13208,0.29545455,0.29213465,0.29379460,1,1,211,194,150,151
1,13209,0.30952381,0.29213465,0.30082923,1,1,231,203,125,126
1,13210,0.33333333,0.29361011,0.31347172,1,1,211,194,150,151
1,13211,0.31979700,0.24157736,0.28068718,1,1,231,203,125,126
1,13212,0.30952381,0.25257298,0.28104839,1,1,231,203,125,126
1,13213,0.30952381,0.24978038,0.27965209,1,1,231,217,125,126
1,13214,0.30952381,0.25257298,0.28104839,1,1,231,217,125,126
1,13215,0.27460824,0.25257298,0.26359061,1,1,231,203,125,126
1,13216,0.30952381,0.24978038,0.27965209,1,1,231,203,125,126
1,13217,0.29545455,0.25085471,0.27315463,1,1,231,203,125,126
1,13218,0.25000000,0.21172526,0.23086263,1,1,231,217,125,126
1,13219,0.25000000,0.20966948,0.22983474,1,1,231,217,125,126
1,13220,0.27272727,0.20966948,0.24119838,1,1,231,217,125,126
1,13221,0.29545455,0.25085471,0.27315463,1,1,231,217,125,126
1,13222,0.27272727,0.26168128,0.26720428,1,1,231,217,125,126
1,13223,0.28571429,0.26168128,0.27369778,1,1,231,217,125,126
1,13224,0.28571429,0.25085471,0.26828450,1,1,231,217,125,126
1,13225,0.29514981,0.29213465,0.29364223,1,1,231,203,125,126
1,13226,0.28571429,0.21172526,0.24871977,1,1,231,217,125,126
1,13227,0.29733552,0.25257298,0.27495425,1,1,231,217,125,126
1,13228,0.25000000,0.21172526,0.23086263,1,1,231,217,125,126
1,13229,0.29706972,0.25257298,0.27482135,1,1,231,217,125,126
1,13230,0.30952381,0.25085471,0.28018926,1,1,231,203,125,126
1,13231,0.29545455,0.24088565,0.26817010,1,1,231,203,125,126
1,13232,0.29545455,0.29361011,0.29453233,1,1,211,194,150,151
1,13233,0.33295605,0.31137386,0.32216495,1,1,231,203,125,126
1,13234,0.30917347,0.26168128,0.28542738,1,1,231,217,125,126
1,13235,0.33295605,0.25257298,0.29276451,1,1,231,217,125,126
1,13236,0.31785364,0.27309154,0.29547259,1,1,231,217,125,126
1,13237,0.33295605,0.31271311,0.32283458,1,1,231,203,125,126
1,13238,0.31785364,0.31418857,0.31602111,1,1,231,203,125,126
1,13239,0.31785364,0.30474281,0.31129823,1,1,231,217,125,126
1,13240,0.31785364,0.29361011,0.30573188,1,1,231,203,125,126
1,13241,0.31785364,0.33476703,0.32631034,1,1,231,203,125,126
1,13242,0.31818182,0.29088353,0.30453267,1,1,231,203,125,126
1,13243,0.30952381,0.25085471,0.28018926,1,1,231,203,125,126
1,13244,0.35990945,0.33333333,0.34662139,1,1,231,203,125,126
1,13245,0.33295605,0.29213465,0.31254535,1,1,231,203,125,126
1,13246,0.29545455,0.25085471,0.27315463,1,1,231,203,125,126
1,13247,0.34090909,0.28082797,0.31086853,1,1,231,203,125,126
1,13248,0.34055747,0.29361011,0.31708379,1,1,231,203,125,126
1,13249,0.31785364,0.29361011,0.30573188,1,1,231,203,125,126
1,13250,0.33464622,0.29213465,0.31339043,1,1,231,203,125,126
1,13251,0.31785364,0.30170261,0.30977812,1,1,231,203,125,126
1,13252,0.35673862,0.31155598,0.33414730,1,1,231,203,125,126
1,13253,0.33295605,0.29088353,0.31191979,1,1,231,203,125,126
1,13254,0.31946715,0.29235267,0.30590991,1,1,231,203,125,126
1,13255,0.33950906,0.30051056,0.32000981,1,1,231,203,125,126
1,13256,0.33950906,0.32019315,0.32985111,1,1,231,203,125,126
1,13257,0.34197096,0.32146327,0.33171712,1,1,231,203,125,126
1,13258,0.33633640,0.30051056,0.31842348,1,1,231,217,125,126
1,13259,0.34055747,0.30170261,0.32113004,1,1,231,203,125,126
1,13260,0.34111761,0.30170261,0.32141011,1,1,231,203,125,126
1,13261,0.36355214,0.32146327,0.34250770,1,1,231,203,125,126
1,13262,0.36467479,0.33218192,0.34842836,1,1,231,203,125,126
1,13263,0.34055747,0.31137386,0.32596566,1,1,231,203,125,126
1,13264,0.34055747,0.27800550,0.30928149,1,1,231,203,125,126
1,13265,0.36326130,0.33347448,0.34836789,1,1,231,203,125,126
1,13266,0.38737862,0.32019315,0.35378589,1,1,231,203,125,126
1,13267,0.36467479,0.32146327,0.34306903,1,1,231,203,125,126
1,13268,0.36355214,0.28194194,0.32274704,1,1,231,203,125,126
1,13269,0.36355214,0.32019315,0.34187264,1,1,231,203,125,126
1,13270,0.40992643,0.33991422,0.37492033,1,1,231,203,125,126
1,13271,0.40992643,0.32146327,0.36569485,1,1,231,203,125,126
1,13272,0.38743967,0.33476703,0.36110335,1,1,231,203,125,126
1,13273,0.40741087,0.35963529,0.38352308,1,1,231,203,125,126
1,13274,0.38603053,0.33476703,0.36039878,1,1,231,203,125,126
1,13275,0.38603053,0.32019315,0.35311184,1,1,231,203,125,126
1,13276,0.40853975,0.32146327,0.36500151,1,1,231,203,125,126
1,13277,0.38603053,0.35963529,0.37283291,1,1,231,203,125,126
1,13278,0.36952422,0.32023163,0.34487793,1,1,231,203,125,126
1,13279,0.36921641,0.33991422,0.35456532,1,1,231,203,125,126
1,13280,0.38618607,0.32146327,0.35382467,1,1,231,203,125,126
1,13281,0.39213792,0.32146327,0.35680060,1,1,231,203,125,126
1,13282,0.40992643,0.33347448,0.37170045,1,1,231,203,125,126
1,13283,0.40866897,0.33476703,0.37171800,1,1,231,203,125,126
1,13284,0.38618607,0.35538573,0.37078590,1,1,231,203,125,126
1,13285,0.43004481,0.35963529,0.39484005,1,1,231,203,125,126
1,13286,0.38477694,0.37941259,0.38209476,1,1,231,203,125,126
1,13287,0.38603053,0.36106187,0.37354620,1,1,231,203,125,126
1,13288,0.38477694,0.35963529,0.37220611,1,1,231,203,125,126
1,13289,0.38603053,0.35963529,0.37283291,1,1,231,203,125,126
1,13290,0.36214300,0.33991422,0.35102861,1,1,231,203,125,126
1,13291,0.38477694,0.35963529,0.37220611,1,1,231,203,125,126
1,13292,0.40992643,0.35963529,0.38478086,1,1,231,203,125,126
1,13293,0.38618607,0.36106187,0.37362397,1,1,231,203,125,126
1,13294,0.40741087,0.35963529,0.38352308,1,1,231,203,125,126
1,13295,0.38603053,0.32146327,0.35374690,1,1,231,203,125,126
1,13296,0.40853975,0.32022208,0.36438091,1,1,231,203,125,126
1,13297,0.36952422,0.33476703,0.35214563,1,1,231,203,125,126
1,13298,0.34786682,0.32146327,0.33466505,1,1,231,203,125,126
1,13299,0.36496128,0.33347448,0.34921788,1,1,231,203,125,126
1,13300,0.30406057,0.26082196,0.28244127,1,1,231,217,125,126
1,13301,0.34358447,0.28052511,0.31205479,1,1,231,217,125,126
1,13302,0.33295605,0.28052511,0.30674058,1,1,231,217,125,126
1,13303,0.36467479,0.27941674,0.32204576,1,1,231,217,125,126
1,13304,0.36467479,0.28194194,0.32330837,1,1,228,194,150,151
1,13305,0.36937539,0.32022208,0.34479874,1,1,228,194,150,151
1,13306,0.32620941,0.31898089,0.32259515,1,1,228,194,150,151
1,13307,0.36496128,0.33333333,0.34914730,1,1,228,194,150,151
1,13308,0.34884995,0.29904459,0.32394727,1,1,228,194,150,151
1,13309,0.35020210,0.29904459,0.32462335,1,1,245,217,125,126
1,13310,0.34786682,0.33972831,0.34379757,1,1,228,194,150,151
1,13311,0.36952422,0.31974430,0.34463426,1,1,228,194,150,151
1,13312,0.34925713,0.29904459,0.32415086,1,1,228,194,150,151
1,13313,0.33434027,0.31898089,0.32666058,1,1,245,217,125,126
1,13314,0.34786682,0.33434027,0.34110354,1,1,245,217,125,126
1,13315,0.34786682,0.29976028,0.32381355,1,1,245,217,125,126
1,13316,0.34786682,0.29289311,0.32037996,1,1,245,217,125,126
1,13317,0.33434027,0.29904459,0.31669243,1,1,245,217,125,126
1,13318,0.34786682,0.31142055,0.32964369,1,1,245,217,125,126
1,13319,0.34786682,0.29976028,0.32381355,1,1,245,217,125,126
1,13320,0.34786682,0.33972831,0.34379757,1,1,245,217,125,126
1,13321,0.34786682,0.29976028,0.32381355,1,1,245,217,125,126
1,13322,0.31418857,0.27977626,0.29698242,1,1,245,217,125,126
1,13323,0.33347448,0.31352500,0.32349974,1,1,245,217,125,126
1,13324,0.30474281,0.29065918,0.29770100,1,1,245,217,125,126
1,13325,0.29289311,0.27977626,0.28633468,1,1,245,217,125,126
1,13326,0.30474281,0.29213465,0.29843873,1,1,245,217,125,126
1,13327,0.30560407,0.27232127,0.28896267,1,1,245,217,125,126
1,13328,0.25988886,0.27977626,0.26983256,1,1,245,203,125,126
1,13329,0.29289311,0.25979224,0.27634267,1,1,245,203,125,126
1,13330,0.33347448,0.28119648,0.30733548,1,1,245,203,125,126
1,13331,0.31142055,0.28000000,0.29571028,1,1,245,203,125,126
1,13332,0.25988886,0.25979224,0.25984055,1,1,245,217,125,126
1,13333,0.32640022,0.25979224,0.29309623,1,1,245,217,125,126
1,13334,0.26062335,0.23980822,0.25021579,1,1,245,217,125,126
1,13335,0.30560407,0.27232127,0.28896267,1,1,245,217,125,126
1,13336,0.30474281,0.26121246,0.28297764,1,1,245,217,125,126
1,13337,0.32640022,0.27977626,0.30308824,1,1,245,203,125,126
1,13338,0.25988886,0.25979224,0.25984055,1,1,245,217,125,126
1,13339,0.26168128,0.26000000,0.26084064,1,1,245,217,125,126
1,13340,0.29361011,0.24146215,0.26753613,1,1,245,217,125,126
1,13341,0.30474281,0.25979224,0.28226753,1,1,245,217,125,126
1,13342,0.29213465,0.24146215,0.26679840,1,1,245,217,125,126
1,13343,0.30628196,0.24978327,0.27803261,1,1,245,217,125,126
1,13344,0.29361011,0.25979224,0.27670118,1,1,245,217,125,126
1,13345,0.29213465,0.24146215,0.26679840,1,1,245,217,125,126
1,13346,0.28154626,0.25150600,0.26652613,1,1,245,217,125,126
1,13347,0.26168128,0.24978327,0.25573228,1,1,245,217,125,126
1,13348,0.28487783,0.29141381,0.28814582,1,1,245,217,125,126
1,13349,0.30474281,0.30242466,0.30358374,1,1,245,217,125,126
1,13350,0.32469003,0.29437240,0.30953122,1,1,245,217,125,126
1,13351,0.34786682,0.31974430,0.33380556,1,1,245,203,125,126
1,13352,0.32774856,0.33218192,0.32996524,1,1,245,217,125,126
1,13353,0.30499609,0.31142055,0.30820832,1,1,245,217,125,126
1,13354,0.32640022,0.31142055,0.31891038,1,1,245,217,125,126
1,13355,0.28333869,0.29904459,0.29119164,1,1,245,217,125,126
1,13356,0.34786682,0.30028578,0.32407630,1,1,245,217,125,126
1,13357,0.32774856,0.29141381,0.30958118,1,1,245,203,125,126
1,13358,0.33347448,0.31142055,0.32244751,1,1,245,217,125,126
1,13359,0.33204631,0.32146327,0.32675479,1,1,245,217,125,126
1,13360,0.34786682,0.30170261,0.32478471,1,1,245,217,125,126
1,13361,0.33347448,0.30170261,0.31758854,1,1,245,217,125,126
1,13362,0.32774856,0.32223262,0.32499059,1,1,245,217,125,126
1,13363,0.32620941,0.32223262,0.32422102,1,1,245,217,125,126
1,13364,0.34921516,0.30242466,0.32581991,1,1,245,203,125,126
1,13365,0.30474281,0.31222908,0.30848595,1,1,245,217,125,126
1,13366,0.33347448,0.30170261,0.31758854,1,1,245,217,125,126
1,13367,0.34624657,0.32146327,0.33385492,1,1,245,217,125,126
1,13368,0.34786682,0.31289602,0.33038142,1,1,245,217,125,126
1,13369,0.33476703,0.32146327,0.32811515,1,1,245,217,125,126
1,13370,0.34786682,0.31418857,0.33102770,1,1,245,217,125,126
1,13371,0.31848367,0.29213465,0.30530916,1,1,245,217,125,126
1,13372,0.32774856,0.31289602,0.32032229,1,1,245,217,125,126
1,13373,0.32622201,0.31370838,0.31996519,1,1,245,217,125,126
1,13374,0.32469003,0.33218192,0.32843598,1,1,245,217,125,126
1,13375,0.32622201,0.33304436,0.32963318,1,1,245,217,125,126
1,13376,0.32622201,0.33218192,0.32920197,1,1,245,217,125,126
1,13377,0.33347448,0.31352500,0.32349974,1,1,245,217,125,126
1,13378,0.32774856,0.30118050,0.31446453,1,1,245,217,125,126
1,13379,0.30628196,0.29904459,0.30266327,1,1,245,217,125,126
1,13380,0.32774856,0.27910828,0.30342842,1,1,245,217,125,126
1,13381,0.30320367,0.29141381,0.29730874,1,1,245,217,125,126
1,13382,0.32620941,0.27977626,0.30299284,1,1,245,217,125,126
1,13383,0.30474281,0.30028578,0.30251429,1,1,245,217,125,126
1,13384,0.34786682,0.33347448,0.34067065,1,1,245,217,125,126
1,13385,0.34921516,0.29976028,0.32448772,1,1,245,217,125,126
1,13386,0.30179144,0.29213465,0.29696304,1,1,245,217,125,126
1,13387,0.30332342,0.29289311,0.29810826,1,1,245,217,125,126
1,13388,0.30628196,0.31222908,0.30925552,1,1,245,217,125,126
1,13389,0.32620941,0.29065918,0.30843430,1,1,245,217,125,126
1,13390,0.32009221,0.29065918,0.30537570,1,1,245,217,125,126
1,13391,0.32620941,0.28119648,0.30370295,1,1,245,217,125,126
1,13392,0.32009221,0.29976028,0.30992625,1,1,245,217,125,126
1,13393,0.34786682,0.28119648,0.31453165,1,1,245,217,125,126
1,13394,0.34786682,0.32098846,0.33442764,1,1,245,217,125,126
1,13395,0.32469003,0.31352500,0.31910751,1,1,245,217,125,126
1,13396,0.30474281,0.31142055,0.30808168,1,1,245,217,125,126
1,13397,0.30628196,0.29904459,0.30266327,1,1,245,217,125,126
1,13398,0.30628196,0.31898089,0.31263142,1,1,245,217,125,126
1,13399,0.32620941,0.29904459,0.31262700,1,1,245,217,125,126
1,13400,0.32774856,0.29976028,0.31375442,1,1,245,217,125,126
1,13401,0.34624657,0.33434027,0.34029342,1,1,245,217,125,126
1,13402,0.34786682,0.31352500,0.33069591,1,1,245,217,125,126
1,13403,0.31271311,0.30028578,0.30649944,1,1,245,217,125,126
1,13404,0.26347371,0.28119648,0.27233509,1,1,245,217,125,126
1,13405,0.30474281,0.27977626,0.29225954,1,1,245,217,125,126
1,13406,0.29213465,0.27977626,0.28595545,1,1,245,217,125,126
1,13407,0.30474281,0.25979224,0.28226753,1,1,245,217,125,126
1,13408,0.29213465,0.27977626,0.28595545,1,1,245,217,125,126
1,13409,0.30474281,0.27207783,0.28841032,1,1,245,217,125,126
1,13410,0.30320367,0.25150600,0.27735483,1,1,245,217,125,126
1,13411,0.30628196,0.27207783,0.28917990,1,1,245,217,125,126
1,13412,0.30474281,0.27232127,0.28853204,1,1,245,217,125,126
1,13413,0.30320367,0.25979224,0.28149795,1,1,245,217,125,126
1,13414,0.26062335,0.27207783,0.26635059,1,1,245,217,125,126
1,13415,0.28176688,0.25979224,0.27077956,1,1,245,217,125,126
1,13416,0.28154626,0.27977626,0.28066126,1,1,245,217,125,126
1,13417,0.28234196,0.24000000,0.26117098,1,1,245,217,125,126
1,13418,0.26242084,0.25979224,0.26110654,1,1,245,217,125,126
1,13419,0.28154626,0.25979224,0.27066925,1,1,245,217,125,126
1,13420,0.30320367,0.25979224,0.28149795,1,1,245,217,125,126
1,13421,0.25150600,0.23980822,0.24565711,1,1,245,217,125,126
1,13422,0.25988886,0.25172422,0.25580654,1,1,245,217,125,126
1,13423,0.26168128,0.25979224,0.26073676,1,1,245,217,125,126
1,13424,0.27535374,0.27207783,0.27371579,1,1,245,217,125,126
1,13425,0.26168128,0.29289311,0.27728720,1,1,245,217,125,126
1,13426,0.28487783,0.27059854,0.27773819,1,1,245,217,125,126
1,13427,0.30628196,0.29289311,0.29958753,1,1,245,217,125,126
1,13428,0.29772298,0.27207783,0.28490041,1,1,245,217,125,126
1,13429,0.28487783,0.29314725,0.28901254,1,1,245,217,125,126
1,13430,0.30474281,0.29289311,0.29881796,1,1,245,217,125,126
1,13431,0.28333869,0.29141381,0.28737625,1,1,245,217,125,126
1,13432,0.30474281,0.27207783,0.28841032,1,1,245,217,125,126
1,13433,0.28308541,0.26121246,0.27214893,1,1,245,217,125,126
1,13434,0.32009221,0.28119648,0.30064435,1,1,245,217,125,126
1,13435,0.30474281,0.29289311,0.29881796,1,1,245,217,125,126
1,13436,0.30474281,0.27910828,0.29192555,1,1,245,217,125,126
1,13437,0.30320367,0.27059854,0.28690110,1,1,245,217,125,126
1,13438,0.32640022,0.29289311,0.30964666,1,1,245,217,125,126
1,13439,0.29584973,0.29289311,0.29437142,1,1,245,217,125,126
1,13440,0.32620941,0.33347448,0.32984195,1,1,245,217,125,126
1,13441,0.34786682,0.35538573,0.35162627,1,1,245,217,125,126
1,13442,0.36765496,0.33476703,0.35121100,1,1,245,217,125,126
1,13443,0.37072373,0.33476703,0.35274538,1,1,245,217,125,126
1,13444,0.34624657,0.31974430,0.33299543,1,1,245,217,125,126
1,13445,0.36937539,0.32146327,0.34541933,1,1,245,217,125,126
1,13446,0.36937539,0.33476703,0.35207121,1,1,245,217,125,126
1,13447,0.36310582,0.33476703,0.34893643,1,1,245,217,125,126
1,13448,0.36780310,0.33218192,0.34999251,1,1,245,217,125,126
1,13449,0.35257670,0.33476703,0.34367187,1,1,245,217,125,126
1,13450,0.34624657,0.35385963,0.35005310,1,1,245,217,125,126
1,13451,0.32622201,0.33304436,0.32963318,1,1,245,217,125,126
1,13452,0.34624657,0.35515554,0.35070105,1,1,245,217,125,126
1,13453,0.36899702,0.35538573,0.36219137,1,1,245,217,125,126
1,13454,0.36899702,0.35538573,0.36219137,1,1,245,217,125,126
1,13455,0.36899702,0.35294329,0.36097015,1,1,245,217,125,126
1,13456,0.34758863,0.33434027,0.34096445,1,1,245,217,125,126
1,13457,0.36899702,0.33434027,0.35166864,1,1,245,217,125,126
1,13458,0.34624657,0.33304436,0.33964546,1,1,245,217,125,126
1,13459,0.34624657,0.35385963,0.35005310,1,1,245,217,125,126
1,13460,0.36899702,0.33218192,0.35058947,1,1,245,217,125,126
1,13461,0.36899702,0.33347448,0.35123575,1,1,245,217,125,126
1,13462,0.34624657,0.35630841,0.35127749,1,1,245,217,125,126
1,13463,0.32469003,0.33347448,0.32908226,1,1,245,217,125,126
1,13464,0.32774856,0.32022208,0.32398532,1,1,245,217,125,126
1,13465,0.36899702,0.35385963,0.36142832,1,1,245,217,125,126
1,13466,0.34758863,0.35630841,0.35194852,1,1,245,217,125,126
1,13467,0.32469003,0.33563618,0.33016311,1,1,245,217,125,126
1,13468,0.32774856,0.33218192,0.32996524,1,1,245,217,125,126
1,13469,0.32622201,0.33347448,0.32984824,1,1,245,217,125,126
1,13470,0.34624657,0.33218192,0.33921424,1,1,245,217,125,126
1,13471,0.36765496,0.32146327,0.34455911,1,1,245,217,125,126
1,13472,0.32469003,0.33434027,0.32951515,1,1,245,217,125,126
1,13473,0.34624657,0.33563618,0.34094137,1,1,245,217,125,126
1,13474,0.34786682,0.33476703,0.34131693,1,1,245,217,125,126
1,13475,0.36765496,0.32146327,0.34455911,1,1,245,217,125,126
1,13476,0.35257670,0.34002138,0.34629904,1,1,245,217,125,126
1,13477,0.36937539,0.31898089,0.34417814,1,1,245,217,125,126
1,13478,0.36765496,0.32022208,0.34393852,1,1,245,217,125,126
1,13479,0.34758863,0.33972831,0.34365847,1,1,245,217,125,126
1,13480,0.36780310,0.35385963,0.36083136,1,1,245,217,125,126
1,13481,0.34624657,0.33304436,0.33964546,1,1,245,217,125,126
1,13482,0.36899702,0.31898089,0.34398896,1,1,245,217,125,126
1,13483,0.36661963,0.34126257,0.35394110,1,1,245,217,125,126
1,13484,0.36899702,0.32146327,0.34523015,1,1,245,217,125,126
1,13485,0.35176539,0.33476703,0.34326621,1,1,245,217,125,126
1,13486,0.36661963,0.33563618,0.35112790,1,1,245,217,125,126
1,13487,0.34758863,0.33434027,0.34096445,1,1,245,217,125,126
1,13488,0.36543340,0.37698063,0.37120702,1,1,245,217,125,126
1,13489,0.32622201,0.32223262,0.32422731,1,1,245,217,125,126
1,13490,0.36899702,0.35385963,0.36142832,1,1,245,217,125,126
1,13491,0.32620941,0.30100444,0.31360693,1,1,245,217,125,126
1,13492,0.35386372,0.33972831,0.34679602,1,1,245,217,125,126
1,13493,0.31098792,0.35630841,0.33364816,1,1,245,217,125,126
1,13494,0.36899702,0.34126257,0.35512980,1,1,245,217,125,126
1,13495,0.38789009,0.35885350,0.37337180,1,1,245,217,125,126
1,13496,0.35386372,0.33476703,0.34431538,1,1,245,217,125,126
1,13497,0.36780310,0.35515554,0.36147932,1,1,245,217,125,126
1,13498,0.36780310,0.33434027,0.35107168,1,1,245,217,125,126
1,13499,0.34401575,0.33434027,0.33917801,1,1,245,217,125,126
1,13500,0.36780310,0.34207930,0.35494120,1,1,245,217,125,126
1,13501,0.36543340,0.32146327,0.34344834,1,1,245,217,125,126
1,13502,0.36780310,0.33476703,0.35128507,1,1,245,217,125,126
1,13503,0.36765496,0.35515554,0.36140525,1,1,245,217,125,126
1,13504,0.36899702,0.33563618,0.35231660,1,1,245,217,125,126
1,13505,0.36780310,0.33563618,0.35171964,1,1,245,217,125,126
1,13506,0.36780310,0.35630841,0.36205575,1,1,245,217,125,126
1,13507,0.36899702,0.35630841,0.36265271,1,1,245,217,125,126
1,13508,0.36899702,0.34126257,0.35512980,1,1,245,217,125,126
1,13509,0.34078535,0.35501249,0.34789892,1,1,245,217,125,126
1,13510,0.34624657,0.35385963,0.35005310,1,1,245,217,125,126
1,13511,0.34921516,0.31974430,0.33447973,1,1,245,217,125,126
1,13512,0.31284300,0.31974430,0.31629365,1,1,245,217,125,126
1,13513,0.35048600,0.35501249,0.35274925,1,1,245,217,125,126
1,13514,0.34624657,0.35538573,0.35081615,1,1,245,217,125,126
1,13515,0.32469003,0.33476703,0.32972853,1,1,245,217,125,126
1,13516,0.36780310,0.37467490,0.37123900,1,1,245,217,125,126
1,13517,0.36899702,0.35385963,0.36142832,1,1,245,217,125,126
1,13518,0.34758863,0.35385963,0.35072413,1,1,245,217,125,126
1,13519,0.34624657,0.32022208,0.33323432,1,1,245,217,125,126
1,13520,0.36899702,0.33218192,0.35058947,1,1,245,217,125,126
1,13521,0.34758863,0.31898089,0.33328476,1,1,245,217,125,126
1,13522,0.36765496,0.33476703,0.35121100,1,1,245,217,125,126
1,13523,0.36765496,0.35630841,0.36198168,1,1,245,217,125,126
1,13524,0.36765496,0.35630841,0.36198168,1,1,245,217,125,126
1,13525,0.34921516,0.32146327,0.33533922,1,1,245,217,125,126
1,13526,0.34624657,0.32146327,0.33385492,1,1,245,217,125,126
1,13527,0.37439412,0.33476703,0.35458057,1,1,245,217,125,126
1,13528,0.35386372,0.37600442,0.36493407,1,1,245,217,125,126
1,13529,0.34624657,0.33476703,0.34050680,1,1,245,217,125,126
1,13530,0.32469003,0.33476703,0.32972853,1,1,245,217,125,126
1,13531,0.36765496,0.33563618,0.35164557,1,1,245,217,125,126
1,13532,0.36765496,0.31418857,0.34092176,1,1,245,217,125,126
1,13533,0.38546993,0.33476703,0.36011848,1,1,245,217,125,126
1,13534,0.36899702,0.37698063,0.37298883,1,1,245,217,125,126
1,13535,0.36765496,0.35538573,0.36152034,1,1,245,217,125,126
1,13536,0.36765496,0.35538573,0.36152034,1,1,245,217,125,126
1,13537,0.36937539,0.33347448,0.35142493,1,1,245,217,125,126
1,13538,0.36899702,0.36106187,0.36502945,1,1,245,217,125,126
1,13539,0.36765496,0.35538573,0.36152034,1,1,245,217,125,126
1,13540,0.35386372,0.35538573,0.35462473,1,1,245,217,125,126
1,13541,0.38406796,0.35538573,0.36972684,1,1,245,217,125,126
1,13542,0.35386372,0.35538573,0.35462473,1,1,245,217,125,126
1,13543,0.36765496,0.33476703,0.35121100,1,1,245,217,125,126
1,13544,0.36780310,0.33476703,0.35128507,1,1,245,217,125,126
1,13545,0.36765496,0.32146327,0.34455911,1,1,245,217,125,126
1,13546,0.34758863,0.32146327,0.33452595,1,1,245,217,125,126
1,13547,0.34758863,0.32146327,0.33452595,1,1,245,217,125,126
1,13548,0.32622201,0.32022208,0.32322205,1,1,245,217,125,126
1,13549,0.32487995,0.31898089,0.32193042,1,1,245,217,125,126
1,13550,0.34758863,0.32022208,0.33390535,1,1,245,217,125,126
1,13551,0.32622201,0.33476703,0.33049452,1,1,245,217,125,126
1,13552,0.36899702,0.33347448,0.35123575,1,1,245,217,125,126
1,13553,0.36780310,0.35409317,0.36094813,1,1,245,217,125,126
1,13554,0.36765496,0.33476703,0.35121100,1,1,245,217,125,126
1,13555,0.36899702,0.33476703,0.35188203,1,1,245,217,125,126
1,13556,0.37072373,0.31898089,0.34485231,1,1,245,217,125,126
1,13557,0.32620941,0.32146327,0.32383634,1,1,245,217,125,126
1,13558,0.32469003,0.32146327,0.32307665,1,1,245,217,125,126
1,13559,0.31137386,0.32022208,0.31579797,1,1,245,217,125,126
1,13560,0.35386372,0.33891720,0.34639046,1,1,245,217,125,126
1,13561,0.35257670,0.35971233,0.35614452,1,1,245,217,125,126
1,13562,0.35257670,0.33891720,0.34574695,1,1,245,217,125,126
1,13563,0.35257670,0.31898089,0.33577880,1,1,245,217,125,126
1,13564,0.35257670,0.32146327,0.33701999,1,1,245,217,125,126
1,13565,0.36765496,0.32022208,0.34393852,1,1,245,217,125,126
1,13566,0.36899702,0.31898089,0.34398896,1,1,245,217,125,126
1,13567,0.36899702,0.33218192,0.35058947,1,1,245,217,125,126
1,13568,0.35386372,0.33347448,0.34366910,1,1,245,217,125,126
1,13569,0.35386372,0.31898089,0.33642231,1,1,245,217,125,126
1,13570,0.35257670,0.31898089,0.33577880,1,1,245,217,125,126
1,13571,0.35257670,0.31898089,0.33577880,1,1,245,217,125,126
1,13572,0.35257670,0.31898089,0.33577880,1,1,245,217,125,126
1,13573,0.35257670,0.31898089,0.33577880,1,1,245,217,125,126
1,13574,0.36899702,0.33304436,0.35102069,1,1,245,217,125,126
1,13575,0.36899702,0.31898089,0.34398896,1,1,245,217,125,126
1,13576,0.36937539,0.33218192,0.35077866,1,1,245,217,125,126
1,13577,0.35257670,0.31898089,0.33577880,1,1,245,217,125,126
1,13578,0.36765496,0.33218192,0.34991844,1,1,245,217,125,126
1,13579,0.35257670,0.33218192,0.34237931,1,1,245,217,125,126
1,13580,0.36780310,0.33218192,0.34999251,1,1,245,217,125,126
1,13581,0.32622201,0.33218192,0.32920197,1,1,245,217,125,126
1,13582,0.35538573,0.31898089,0.33718331,1,1,245,217,125,126
1,13583,0.36899702,0.33347448,0.35123575,1,1,245,217,125,126
1,13584,0.36780310,0.33347448,0.35063879,1,1,245,217,125,126
1,13585,0.35386372,0.33347448,0.34366910,1,1,245,217,125,126
1,13586,0.36780310,0.33347448,0.35063879,1,1,245,217,125,126
1,13587,0.34758863,0.33347448,0.34053155,1,1,245,217,125,126
1,13588,0.36661963,0.33347448,0.35004705,1,1,245,217,125,126
1,13589,0.36780310,0.33304436,0.35042373,1,1,245,217,125,126
1,13590,0.37072373,0.32223262,0.34647817,1,1,245,217,125,126
1,13591,0.36780310,0.35294329,0.36037319,1,1,245,217,125,126
1,13592,0.36899702,0.33972831,0.35436267,1,1,245,217,125,126
1,13593,0.36661963,0.31974430,0.34318196,1,1,245,217,125,126
1,13594,0.32774856,0.29976028,0.31375442,1,1,245,217,125,126
1,13595,0.32487995,0.32223262,0.32355628,1,1,245,217,125,126
1,13596,0.32487995,0.33304436,0.32896215,1,1,245,217,125,126
1,13597,0.32622201,0.31500429,0.32061315,1,1,245,217,125,126
1,13598,0.32469003,0.30242466,0.31355735,1,1,245,217,125,126
1,13599,0.36937539,0.35630841,0.36284190,1,1,245,217,125,126
1,13600,0.32622201,0.31500429,0.32061315,1,1,245,217,125,126
1,13601,0.32622201,0.33563618,0.33092910,1,1,245,217,125,126
1,13602,0.32622201,0.33563618,0.33092910,1,1,245,217,125,126
1,13603,0.32469003,0.29437240,0.30953122,1,1,245,217,125,126
1,13604,0.34624657,0.31974430,0.33299543,1,1,245,217,125,126
1,13605,0.33204631,0.32223262,0.32713946,1,1,245,217,125,126
1,13606,0.31284300,0.33476703,0.32380502,1,1,245,217,125,126
1,13607,0.32469003,0.31418857,0.31943930,1,1,245,217,125,126
1,13608,0.33333333,0.32223262,0.32778298,1,1,245,217,125,126
1,13609,0.33204631,0.32146327,0.32675479,1,1,245,217,125,126
1,13610,0.32469003,0.31222908,0.31845956,1,1,245,217,125,126
1,13611,0.32469003,0.31370838,0.31919921,1,1,245,217,125,126
1,13612,0.32622201,0.31352500,0.31987350,1,1,245,217,125,126
1,13613,0.32469003,0.31500429,0.31984716,1,1,245,217,125,126
1,13614,0.32469003,0.31500429,0.31984716,1,1,245,217,125,126
1,13615,0.34624657,0.33563618,0.34094137,1,1,245,217,125,126
1,13616,0.36765496,0.33434027,0.35099761,1,1,245,217,125,126
1,13617,0.34624657,0.31370838,0.32997747,1,1,245,217,125,126
1,13618,0.34624657,0.29289311,0.31956984,1,1,245,217,125,126
1,13619,0.32469003,0.33347448,0.32908226,1,1,245,217,125,126
1,13620,0.32469003,0.31418857,0.31943930,1,1,245,217,125,126
1,13621,0.32469003,0.33476703,0.32972853,1,1,245,217,125,126
1,13622,0.32620941,0.33476703,0.33048822,1,1,245,217,125,126
1,13623,0.32620941,0.33563618,0.33092280,1,1,245,217,125,126
1,13624,0.32620941,0.33476703,0.33048822,1,1,245,217,125,126
1,13625,0.32620941,0.33347448,0.32984195,1,1,245,217,125,126
1,13626,0.32620941,0.31974430,0.32297686,1,1,245,217,125,126
1,13627,0.31137386,0.31898089,0.31517737,1,1,245,217,125,126
1,13628,0.32469003,0.32022208,0.32245606,1,1,245,217,125,126
1,13629,0.31271311,0.31974430,0.31622870,1,1,245,217,125,126
1,13630,0.31271311,0.29976028,0.30623669,1,1,245,217,125,126
1,13631,0.31284300,0.29976028,0.30630164,1,1,245,217,125,126
1,13632,0.31418857,0.31898089,0.31658473,1,1,245,217,125,126
1,13633,0.31137386,0.30100444,0.30618915,1,1,245,217,125,126
1,13634,0.34921516,0.33347448,0.34134482,1,1,245,217,125,126
1,13635,0.32487995,0.33304436,0.32896215,1,1,245,217,125,126
1,13636,0.33476703,0.33304436,0.33390570,1,1,245,217,125,126
1,13637,0.32640022,0.33434027,0.33037024,1,1,245,217,125,126
1,13638,0.32640022,0.31222908,0.31931465,1,1,245,217,125,126
1,13639,0.32640022,0.33304436,0.32972229,1,1,245,217,125,126
1,13640,0.36937539,0.33304436,0.35120987,1,1,245,217,125,126
1,13641,0.36780310,0.33434027,0.35107168,1,1,245,217,125,126
1,13642,0.32640022,0.31222908,0.31931465,1,1,245,217,125,126
1,13643,0.32622201,0.33218192,0.32920197,1,1,245,217,125,126
1,13644,0.32622201,0.33347448,0.32984824,1,1,245,217,125,126
1,13645,0.32620941,0.33304436,0.32962688,1,1,245,217,125,126
1,13646,0.32774856,0.33218192,0.32996524,1,1,245,217,125,126
1,13647,0.31271311,0.31222908,0.31247110,1,1,245,217,125,126
1,13648,0.36937539,0.33304436,0.35120987,1,1,245,217,125,126
1,13649,0.34624657,0.33218192,0.33921424,1,1,245,217,125,126
1,13650,0.34786682,0.33304436,0.34045559,1,1,245,217,125,126
1,13651,0.36780310,0.33218192,0.34999251,1,1,245,217,125,126
1,13652,0.32622201,0.31142055,0.31882128,1,1,245,217,125,126
1,13653,0.36899702,0.33347448,0.35123575,1,1,245,217,125,126
1,13654,0.36899702,0.33218192,0.35058947,1,1,245,217,125,126
1,13655,0.37072373,0.33347448,0.35209910,1,1,245,217,125,126
1,13656,0.36765496,0.33218192,0.34991844,1,1,245,217,125,126
1,13657,0.32774856,0.31222908,0.31998882,1,1,245,217,125,126
1,13658,0.32487995,0.31222908,0.31855452,1,1,245,217,125,126
1,13659,0.32622201,0.33434027,0.33028114,1,1,245,217,125,126
1,13660,0.32622201,0.33304436,0.32963318,1,1,245,217,125,126
1,13661,0.35386372,0.31898089,0.33642231,1,1,245,217,125,126
1,13662,0.35257670,0.29976028,0.32616849,1,1,245,217,125,126
1,13663,0.31284300,0.32223262,0.31753781,1,1,245,217,125,126
1,13664,0.35386372,0.31974430,0.33680401,1,1,245,217,125,126
1,13665,0.32774856,0.31974430,0.32374643,1,1,245,217,125,126
1,13666,0.31284300,0.29976028,0.30630164,1,1,245,217,125,126
1,13667,0.34758863,0.33218192,0.33988527,1,1,245,217,125,126
1,13668,0.36765496,0.32223262,0.34494379,1,1,245,217,125,126
1,13669,0.36765496,0.33218192,0.34991844,1,1,245,217,125,126
1,13670,0.36765496,0.33304436,0.35034966,1,1,245,217,125,126
1,13671,0.36899702,0.33304436,0.35102069,1,1,245,217,125,126
1,13672,0.36528621,0.35385963,0.35957292,1,1,245,217,125,126
1,13673,0.32622201,0.31222908,0.31922555,1,1,245,217,125,126
1,13674,0.32622201,0.31974430,0.32298315,1,1,245,217,125,126
1,13675,0.32469003,0.30100444,0.31284724,1,1,245,217,125,126
1,13676,0.34624657,0.34097248,0.34360952,1,1,245,217,125,126
1,13677,0.38921149,0.35515554,0.37218351,1,1,245,217,125,126
1,13678,0.39040541,0.35385963,0.37213252,1,1,245,217,125,126
1,13679,0.35386372,0.33218192,0.34302282,1,1,245,217,125,126
1,13680,0.36899702,0.33476703,0.35188203,1,1,245,217,125,126
1,13681,0.35257670,0.33434027,0.34345849,1,1,245,217,125,126
1,13682,0.35257670,0.33972831,0.34615251,1,1,245,217,125,126
1,13683,0.35386372,0.35294329,0.35340351,1,1,245,217,125,126
1,13684,0.36899702,0.32098846,0.34499274,1,1,245,217,125,126
1,13685,0.38921149,0.33972831,0.36446990,1,1,245,217,125,126
1,13686,0.36780310,0.35385963,0.36083136,1,1,245,217,125,126
1,13687,0.34758863,0.33891720,0.34325291,1,1,245,217,125,126
1,13688,0.33204631,0.34126257,0.33665444,1,1,245,217,125,126
1,13689,0.34758863,0.33347448,0.34053155,1,1,245,217,125,126
1,13690,0.34758863,0.33347448,0.34053155,1,1,245,217,125,126
1,13691,0.34758863,0.33434027,0.34096445,1,1,245,217,125,126
1,13692,0.36780310,0.33347448,0.35063879,1,1,245,217,125,126
1,13693,0.36765496,0.33434027,0.35099761,1,1,245,217,125,126
1,13694,0.34758863,0.33218192,0.33988527,1,1,245,217,125,126
1,13695,0.35386372,0.33218192,0.34302282,1,1,245,217,125,126
1,13696,0.36765496,0.31898089,0.34331792,1,1,245,217,125,126
1,13697,0.36780310,0.37467490,0.37123900,1,1,245,217,125,126
1,13698,0.36765496,0.35630841,0.36198168,1,1,245,217,125,126
1,13699,0.34624657,0.35538573,0.35081615,1,1,245,217,125,126
1,13700,0.34758863,0.33476703,0.34117783,1,1,245,217,125,126
1,13701,0.36899702,0.32146327,0.34523015,1,1,245,217,125,126
1,13702,0.36899702,0.32146327,0.34523015,1,1,245,217,125,126
1,13703,0.36765496,0.32022208,0.34393852,1,1,245,217,125,126
1,13704,0.35257670,0.33891720,0.34574695,1,1,245,217,125,126
1,13705,0.36765496,0.35538573,0.36152034,1,1,245,217,125,126
1,13706,0.35257670,0.33972831,0.34615251,1,1,245,217,125,126
1,13707,0.36899702,0.32022208,0.34460955,1,1,245,217,125,126
1,13708,0.36765496,0.32146327,0.34455911,1,1,245,217,125,126
1,13709,0.36899702,0.32146327,0.34523015,1,1,245,217,125,126
1,13710,0.36780310,0.32146327,0.34463318,1,1,245,217,125,126
1,13711,0.36765496,0.32146327,0.34455911,1,1,245,217,125,126
1,13712,0.36899702,0.32223262,0.34561482,1,1,245,217,125,126
1,13713,0.35386372,0.32146327,0.33766350,1,1,245,217,125,126
1,13714,0.36899702,0.32146327,0.34523015,1,1,245,217,125,126
1,13715,0.36899702,0.31898089,0.34398896,1,1,245,217,125,126
1,13716,0.36899702,0.32146327,0.34523015,1,1,245,217,125,126
1,13717,0.36899702,0.31898089,0.34398896,1,1,245,217,125,126
1,13718,0.35048600,0.34207930,0.34628265,1,1,245,217,125,126
1,13719,0.32469003,0.32146327,0.32307665,1,1,245,217,125,126
1,13720,0.36899702,0.31898089,0.34398896,1,1,245,217,125,126
1,13721,0.36765496,0.31974430,0.34369963,1,1,245,217,125,126
1,13722,0.36765496,0.32146327,0.34455911,1,1,245,217,125,126
1,13723,0.35386372,0.32223262,0.33804817,1,1,245,217,125,126
1,13724,0.36765496,0.31974430,0.34369963,1,1,245,217,125,126
1,13725,0.36528621,0.33972831,0.35250726,1,1,245,217,125,126
1,13726,0.32622201,0.32223262,0.32422731,1,1,245,217,125,126
1,13727,0.36765496,0.32223262,0.34494379,1,1,245,217,125,126
1,13728,0.36899702,0.33434027,0.35166864,1,1,245,217,125,126
1,13729,0.36765496,0.32223262,0.34494379,1,1,245,217,125,126
1,13730,0.32622201,0.32223262,0.32422731,1,1,245,217,125,126
1,13731,0.36528621,0.35630841,0.36079731,1,1,245,217,125,126
1,13732,0.32469003,0.33434027,0.32951515,1,1,245,217,125,126
1,13733,0.32622201,0.32223262,0.32422731,1,1,245,217,125,126
1,13734,0.36899702,0.34126257,0.35512980,1,1,245,217,125,126
1,13735,0.32622201,0.33563618,0.33092910,1,1,245,217,125,126
1,13736,0.32622201,0.33304436,0.32963318,1,1,245,217,125,126
1,13737,0.32469003,0.31352500,0.31910751,1,1,245,217,125,126
1,13738,0.32469003,0.33434027,0.32951515,1,1,245,217,125,126
1,13739,0.32469003,0.35630841,0.34049922,1,1,245,217,125,126
1,13740,0.36899702,0.33347448,0.35123575,1,1,245,217,125,126
1,13741,0.32469003,0.33434027,0.32951515,1,1,245,217,125,126
1,13742,0.32469003,0.33476703,0.32972853,1,1,245,217,125,126
1,13743,0.32469003,0.32223262,0.32346133,1,1,245,217,125,126
1,13744,0.34758863,0.33304436,0.34031649,1,1,245,217,125,126
1,13745,0.36765496,0.33218192,0.34991844,1,1,245,217,125,126
1,13746,0.34758863,0.31500429,0.33129646,1,1,245,217,125,126
1,13747,0.32622201,0.31222908,0.31922555,1,1,245,217,125,126
1,13748,0.36765496,0.33218192,0.34991844,1,1,245,217,125,126
1,13749,0.32622201,0.31974430,0.32298315,1,1,245,217,125,126
1,13750,0.34758863,0.32223262,0.33491062,1,1,245,217,125,126
1,13751,0.32469003,0.29976028,0.31222516,1,1,245,217,125,126
1,13752,0.32469003,0.32146327,0.32307665,1,1,245,217,125,126
1,13753,0.35257670,0.31974430,0.33616050,1,1,245,217,125,126
1,13754,0.32622201,0.33304436,0.32963318,1,1,245,217,125,126
1,13755,0.35257670,0.31974430,0.33616050,1,1,245,217,125,126
1,13756,0.36899702,0.31974430,0.34437066,1,1,245,217,125,126
1,13757,0.32622201,0.31974430,0.32298315,1,1,245,217,125,126
1,13758,0.32487995,0.35385963,0.33936979,1,1,245,217,125,126
1,13759,0.32487995,0.31222908,0.31855452,1,1,245,217,125,126
1,13760,0.32469003,0.33304436,0.32886719,1,1,245,217,125,126
1,13761,0.32487995,0.29976028,0.31232011,1,1,245,217,125,126
1,13762,0.32622201,0.29976028,0.31299114,1,1,245,217,125,126
1,13763,0.36952422,0.33347448,0.35149935,1,1,245,217,125,126
1,13764,0.32774856,0.31222908,0.31998882,1,1,245,217,125,126
1,13765,0.32487995,0.29976028,0.31232011,1,1,245,217,125,126
1,13766,0.32622201,0.31500429,0.32061315,1,1,245,217,125,126
1,13767,0.32469003,0.31370838,0.31919921,1,1,245,217,125,126
1,13768,0.32622201,0.33434027,0.33028114,1,1,245,217,125,126
1,13769,0.37072373,0.32223262,0.34647817,1,1,245,217,125,126
1,13770,0.36765496,0.34207930,0.35486713,1,1,245,217,125,126
1,13771,0.34771799,0.33563618,0.34167708,1,1,245,217,125,126
1,13772,0.31284300,0.30242466,0.30763383,1,1,245,217,125,126
1,13773,0.31284300,0.30100444,0.30692372,1,1,245,217,125,126
1,13774,0.31284300,0.31898089,0.31591195,1,1,245,217,125,126
1,13775,0.32622201,0.30242466,0.31432333,1,1,245,217,125,126
1,13776,0.31284300,0.31500429,0.31392365,1,1,245,217,125,126
1,13777,0.36899702,0.32223262,0.34561482,1,1,245,217,125,126
1,13778,0.32469003,0.31974430,0.32221717,1,1,245,217,125,126
1,13779,0.32622201,0.31500429,0.32061315,1,1,245,217,125,126
1,13780,0.31284300,0.29976028,0.30630164,1,1,245,217,125,126
1,13781,0.32622201,0.33563618,0.33092910,1,1,245,217,125,126
1,13782,0.34763040,0.32223262,0.33493151,1,1,245,217,125,126
1,13783,0.36899702,0.33563618,0.35231660,1,1,245,217,125,126
1,13784,0.36780310,0.32098846,0.34439578,1,1,245,217,125,126
1,13785,0.32487995,0.31500429,0.31994212,1,1,245,217,125,126
1,13786,0.31098792,0.31974430,0.31536611,1,1,245,217,125,126
1,13787,0.32412021,0.31974430,0.32193225,1,1,245,217,125,126
1,13788,0.32622201,0.31974430,0.32298315,1,1,245,217,125,126
1,13789,0.32622201,0.32223262,0.32422731,1,1,245,217,125,126
1,13790,0.31271311,0.31974430,0.31622870,1,1,245,217,125,126
1,13791,0.32774856,0.31974430,0.32374643,1,1,245,217,125,126
1,13792,0.34624657,0.31974430,0.33299543,1,1,245,217,125,126
1,13793,0.31284300,0.29976028,0.30630164,1,1,245,217,125,126
1,13794,0.32774856,0.29976028,0.31375442,1,1,245,217,125,126
1,13795,0.31284300,0.29976028,0.30630164,1,1,245,217,125,126
1,13796,0.32622201,0.33218192,0.32920197,1,1,245,217,125,126
1,13797,0.31137386,0.31974430,0.31555908,1,1,245,217,125,126
1,13798,0.31284300,0.31974430,0.31629365,1,1,245,217,125,126
1,13799,0.32622201,0.31898089,0.32260145,1,1,245,217,125,126
1,13800,0.31284300,0.32146327,0.31715314,1,1,245,217,125,126
1,13801,0.32622201,0.32223262,0.32422731,1,1,245,217,125,126
1,13802,0.31284300,0.33434027,0.32359164,1,1,245,217,125,126
1,13803,0.32622201,0.33563618,0.33092910,1,1,245,217,125,126
1,13804,0.32469003,0.33476703,0.32972853,1,1,245,217,125,126
1,13805,0.31284300,0.31898089,0.31591195,1,1,245,217,125,126
1,13806,0.31284300,0.33563618,0.32423959,1,1,245,217,125,126
1,13807,0.36765496,0.33347448,0.35056472,1,1,245,217,125,126
1,13808,0.32469003,0.31500429,0.31984716,1,1,245,217,125,126
1,13809,0.36765496,0.33476703,0.35121100,1,1,245,217,125,126
1,13810,0.32622201,0.31500429,0.32061315,1,1,245,217,125,126
1,13811,0.36765496,0.32146327,0.34455911,1,1,245,217,125,126
1,13812,0.34624657,0.33476703,0.34050680,1,1,245,217,125,126
1,13813,0.34624657,0.32223262,0.33423959,1,1,245,217,125,126
1,13814,0.36765496,0.33563618,0.35164557,1,1,245,217,125,126
1,13815,0.32774856,0.30242466,0.31508661,1,1,245,217,125,126
1,13816,0.32622201,0.33347448,0.32984824,1,1,245,217,125,126
1,13817,0.32469003,0.31418857,0.31943930,1,1,245,217,125,126
1,13818,0.32469003,0.33476703,0.32972853,1,1,245,217,125,126
1,13819,0.34624657,0.32146327,0.33385492,1,1,245,217,125,126
1,13820,0.32622201,0.31222908,0.31922555,1,1,245,217,125,126
1,13821,0.36765496,0.33218192,0.34991844,1,1,245,217,125,126
1,13822,0.34758863,0.33218192,0.33988527,1,1,245,217,125,126
1,13823,0.34758863,0.33476703,0.34117783,1,1,245,217,125,126
1,13824,0.32278680,0.33347448,0.32813064,1,1,245,217,125,126
1,13825,0.32469003,0.31352500,0.31910751,1,1,245,217,125,126
1,13826,0.32412021,0.31352500,0.31882260,1,1,245,217,125,126
1,13827,0.32620941,0.33218192,0.32919567,1,1,245,217,125,126
1,13828,0.32622201,0.31352500,0.31987350,1,1,245,217,125,126
1,13829,0.32412021,0.33434027,0.32923024,1,1,245,217,125,126
1,13830,0.32412021,0.33347448,0.32879735,1,1,245,217,125,126
1,13831,0.34758863,0.33347448,0.34053155,1,1,245,217,125,126
1,13832,0.32278680,0.33476703,0.32877692,1,1,245,217,125,126
1,13833,0.36899702,0.33347448,0.35123575,1,1,245,217,125,126
1,13834,0.32622201,0.31271311,0.31946756,1,1,245,217,125,126
1,13835,0.34758863,0.33218192,0.33988527,1,1,245,217,125,126
1,13836,0.32622201,0.33347448,0.32984824,1,1,245,217,125,126
1,13837,0.34624657,0.33347448,0.33986052,1,1,245,217,125,126
1,13838,0.34758863,0.33476703,0.34117783,1,1,245,217,125,126
1,13839,0.34624657,0.32146327,0.33385492,1,1,245,217,125,126
1,13840,0.32469003,0.33434027,0.32951515,1,1,245,217,125,126
1,13841,0.34624657,0.33476703,0.34050680,1,1,245,217,125,126
1,13842,0.34624657,0.32146327,0.33385492,1,1,245,217,125,126
1,13843,0.34624657,0.32146327,0.33385492,1,1,245,217,125,126
1,13844,0.36765496,0.32146327,0.34455911,1,1,245,217,125,126
1,13845,0.36765496,0.32223262,0.34494379,1,1,245,217,125,126
1,13846,0.36765496,0.32146327,0.34455911,1,1,245,217,125,126
1,13847,0.32622201,0.32146327,0.32384264,1,1,245,217,125,126
1,13848,0.31284300,0.30100444,0.30692372,1,1,245,217,125,126
1,13849,0.31284300,0.31898089,0.31591195,1,1,245,217,125,126
1,13850,0.32469003,0.31352500,0.31910751,1,1,245,217,125,126
1,13851,0.34624657,0.31898089,0.33261373,1,1,245,217,125,126
1,13852,0.34624657,0.32022208,0.33323432,1,1,245,217,125,126
1,13853,0.32622201,0.31898089,0.32260145,1,1,245,217,125,126
1,13854,0.31284300,0.31898089,0.31591195,1,1,245,217,125,126
1,13855,0.32622201,0.31898089,0.32260145,1,1,245,217,125,126
1,13856,0.34758863,0.33476703,0.34117783,1,1,245,217,125,126
1,13857,0.32469003,0.31898089,0.32183546,1,1,245,217,125,126
1,13858,0.33333333,0.31898089,0.32615711,1,1,245,217,125,126
1,13859,0.31284300,0.32022208,0.31653254,1,1,245,217,125,126
1,13860,0.31284300,0.31974430,0.31629365,1,1,245,217,125,126
1,13861,0.33333333,0.31898089,0.32615711,1,1,245,217,125,126
1,13862,0.33333333,0.33218192,0.33275763,1,1,245,217,125,126
1,13863,0.31284300,0.31898089,0.31591195,1,1,245,217,125,126
1,13864,0.31284300,0.31898089,0.31591195,1,1,245,217,125,126
1,13865,0.36310582,0.31898089,0.34104336,1,1,245,217,125,126
1,13866,0.32622201,0.33347448,0.32984824,1,1,245,217,125,126
1,13867,0.32622201,0.33347448,0.32984824,1,1,245,217,125,126
1,13868,0.32622201,0.33218192,0.32920197,1,1,245,217,125,126
1,13869,0.32412021,0.31974430,0.32193225,1,1,245,217,125,126
1,13870,0.31137386,0.33304436,0.32220911,1,1,245,217,125,126
1,13871,0.32622201,0.33347448,0.32984824,1,1,245,217,125,126
1,13872,0.31284300,0.32022208,0.31653254,1,1,245,217,125,126
1,13873,0.31284300,0.33347448,0.32315874,1,1,245,217,125,126
1,13874,0.32469003,0.33347448,0.32908226,1,1,245,217,125,126
1,13875,0.32469003,0.33218192,0.32843598,1,1,245,217,125,126
1,13876,0.31284300,0.31898089,0.31591195,1,1,245,217,125,126
1,13877,0.32487995,0.32022208,0.32255102,1,1,245,217,125,126
1,13878,0.32487995,0.31898089,0.32193042,1,1,245,217,125,126
1,13879,0.31284300,0.31898089,0.31591195,1,1,245,217,125,126
1,13880,0.34624657,0.32022208,0.33323432,1,1,245,217,125,126
1,13881,0.33333333,0.32146327,0.32739830,1,1,245,217,125,126
1,13882,0.36310582,0.33434027,0.34872304,1,1,245,217,125,126
1,13883,0.38406796,0.33476703,0.35941750,1,1,245,217,125,126
1,13884,0.36765496,0.30118050,0.33441773,1,1,245,217,125,126
1,13885,0.36765496,0.32146327,0.34455911,1,1,245,217,125,126
1,13886,0.34624657,0.32146327,0.33385492,1,1,245,217,125,126
1,13887,0.34758863,0.33563618,0.34161240,1,1,245,217,125,126
1,13888,0.34758863,0.32146327,0.33452595,1,1,245,217,125,126
1,13889,0.30485539,0.31352500,0.30919019,1,1,245,217,125,126
1,13890,0.32469003,0.31271311,0.31870157,1,1,245,217,125,126
1,13891,0.32622201,0.29289311,0.30955756,1,1,245,217,125,126
1,13892,0.32469003,0.31352500,0.31910751,1,1,245,217,125,126
1,13893,0.36899702,0.33476703,0.35188203,1,1,245,217,125,126
1,13894,0.35257670,0.33476703,0.34367187,1,1,245,217,125,126
1,13895,0.36765496,0.33476703,0.35121100,1,1,245,217,125,126
1,13896,0.32622201,0.31500429,0.32061315,1,1,245,217,125,126
1,13897,0.31284300,0.33434027,0.32359164,1,1,245,217,125,126
1,13898,0.32469003,0.33434027,0.32951515,1,1,245,217,125,126
1,13899,0.32469003,0.31500429,0.31984716,1,1,245,217,125,126
1,13900,0.32412021,0.31418857,0.31915439,1,1,245,217,125,126
1,13901,0.36765496,0.33347448,0.35056472,1,1,245,217,125,126
1,13902,0.34763040,0.31352500,0.33057770,1,1,245,217,125,126
1,13903,0.31098792,0.31352500,0.31225646,1,1,245,217,125,126
1,13904,0.32469003,0.30242466,0.31355735,1,1,245,217,125,126
1,13905,0.32469003,0.31271311,0.31870157,1,1,245,217,125,126
1,13906,0.32469003,0.33347448,0.32908226,1,1,245,217,125,126
1,13907,0.36765496,0.33476703,0.35121100,1,1,245,217,125,126
1,13908,0.34624657,0.33476703,0.34050680,1,1,245,217,125,126
1,13909,0.34624657,0.33347448,0.33986052,1,1,245,217,125,126
1,13910,0.32469003,0.31370838,0.31919921,1,1,245,217,125,126
1,13911,0.34624657,0.33347448,0.33986052,1,1,245,217,125,126
1,13912,0.36765496,0.33347448,0.35056472,1,1,245,217,125,126
1,13913,0.36899702,0.33218192,0.35058947,1,1,245,217,125,126
1,13914,0.34624657,0.33347448,0.33986052,1,1,245,217,125,126
1,13915,0.34624657,0.33347448,0.33986052,1,1,245,217,125,126
1,13916,0.36765496,0.33218192,0.34991844,1,1,245,217,125,126
1,13917,0.32469003,0.33347448,0.32908226,1,1,245,217,125,126
1,13918,0.32469003,0.33434027,0.32951515,1,1,245,217,125,126
1,13919,0.34624657,0.33476703,0.34050680,1,1,245,217,125,126
1,13920,0.35386372,0.33476703,0.34431538,1,1,245,217,125,126
1,13921,0.36765496,0.32146327,0.34455911,1,1,245,217,125,126
1,13922,0.36765496,0.33476703,0.35121100,1,1,245,217,125,126
1,13923,0.34624657,0.33347448,0.33986052,1,1,245,217,125,126
1,13924,0.36899702,0.33476703,0.35188203,1,1,245,217,125,126
1,13925,0.34624657,0.33347448,0.33986052,1,1,245,217,125,126
1,13926,0.34624657,0.33347448,0.33986052,1,1,245,217,125,126
1,13927,0.36765496,0.32146327,0.34455911,1,1,245,217,125,126
1,13928,0.34624657,0.33476703,0.34050680,1,1,245,217,125,126
1,13929,0.33918498,0.32146327,0.33032413,1,1,245,217,125,126
1,13930,0.34624657,0.32223262,0.33423959,1,1,245,217,125,126
1,13931,0.34758863,0.32146327,0.33452595,1,1,245,217,125,126
1,13932,0.34758863,0.32146327,0.33452595,1,1,245,217,125,126
1,13933,0.34624657,0.32146327,0.33385492,1,1,245,217,125,126
1,13934,0.36310582,0.33347448,0.34829015,1,1,245,217,125,126
1,13935,0.32622201,0.31418857,0.32020529,1,1,245,217,125,126
1,13936,0.32622201,0.31500429,0.32061315,1,1,245,217,125,126
1,13937,0.32622201,0.33218192,0.32920197,1,1,245,217,125,126
1,13938,0.34624657,0.32146327,0.33385492,1,1,245,217,125,126
1,13939,0.32622201,0.33347448,0.32984824,1,1,245,217,125,126
1,13940,0.34078535,0.33347448,0.33712991,1,1,245,217,125,126
1,13941,0.36310582,0.33218192,0.34764387,1,1,245,217,125,126
1,13942,0.34758863,0.33218192,0.33988527,1,1,245,217,125,126
1,13943,0.33204631,0.32022208,0.32613420,1,1,245,217,125,126
1,13944,0.30628196,0.29141381,0.29884788,1,1,245,217,125,126
1,13945,0.25084656,0.21933669,0.23509162,1,1,245,217,125,126
1,13946,0.27348050,0.23890474,0.25619262,1,1,245,217,125,126
1,13947,0.29424119,0.28413945,0.28919032,1,1,245,217,125,126
1,13948,0.30485539,0.27059854,0.28772697,1,1,245,217,125,126
1,13949,0.30332342,0.30046142,0.30189242,1,1,245,217,125,126
1,13950,0.32622201,0.31370838,0.31996519,1,1,245,217,125,126
1,13951,0.34624657,0.32098846,0.33361751,1,1,245,217,125,126
1,13952,0.32622201,0.30118050,0.31370125,1,1,245,217,125,126
1,13953,0.33918498,0.33476703,0.33697601,1,1,245,217,125,126
1,13954,0.36899702,0.33476703,0.35188203,1,1,245,217,125,126
1,13955,0.32620941,0.29213465,0.30917203,1,1,245,217,125,126
1,13956,0.34758863,0.31370838,0.33064850,1,1,245,217,125,126
1,13957,0.32622201,0.29289311,0.30955756,1,1,245,217,125,126
1,13958,0.32469003,0.29289311,0.30879157,1,1,245,217,125,126
1,13959,0.34758863,0.33476703,0.34117783,1,1,245,217,125,126
1,13960,0.33333333,0.33476703,0.33405018,1,1,245,217,125,126
1,13961,0.32620941,0.29289311,0.30955126,1,1,245,217,125,126
1,13962,0.32469003,0.33563618,0.33016311,1,1,245,217,125,126
1,13963,0.32622201,0.33347448,0.32984824,1,1,245,217,125,126
1,13964,0.32469003,0.33476703,0.32972853,1,1,245,217,125,126
1,13965,0.32469003,0.31370838,0.31919921,1,1,245,217,125,126
1,13966,0.32469003,0.31500429,0.31984716,1,1,245,217,125,126
1,13967,0.32469003,0.29289311,0.30879157,1,1,245,217,125,126
1,13968,0.32469003,0.31370838,0.31919921,1,1,245,217,125,126
1,13969,0.32469003,0.31370838,0.31919921,1,1,245,217,125,126
1,13970,0.32622201,0.31222908,0.31922555,1,1,245,217,125,126
1,13971,0.34758863,0.33218192,0.33988527,1,1,245,217,125,126
1,13972,0.32622201,0.31370838,0.31996519,1,1,245,217,125,126
1,13973,0.34624657,0.33347448,0.33986052,1,1,245,217,125,126
1,13974,0.34624657,0.33347448,0.33986052,1,1,245,217,125,126
1,13975,0.32487995,0.31142055,0.31815025,1,1,245,217,125,126
1,13976,0.32622201,0.33434027,0.33028114,1,1,245,217,125,126
1,13977,0.32622201,0.31142055,0.31882128,1,1,245,217,125,126
1,13978,0.32622201,0.31271311,0.31946756,1,1,245,217,125,126
1,13979,0.32622201,0.30170261,0.31396231,1,1,245,217,125,126
1,13980,0.32622201,0.30046142,0.31334171,1,1,245,217,125,126
1,13981,0.32469003,0.29976028,0.31222516,1,1,245,217,125,126
1,13982,0.32487995,0.31370838,0.31929416,1,1,245,217,125,126
1,13983,0.32487995,0.32146327,0.32317161,1,1,245,217,125,126
1,13984,0.31284300,0.30242466,0.30763383,1,1,245,217,125,126
1,13985,0.32622201,0.28119648,0.30370924,1,1,245,217,125,126
1,13986,0.31284300,0.31898089,0.31591195,1,1,245,217,125,126
1,13987,0.36780310,0.31974430,0.34377370,1,1,245,217,125,126
1,13988,0.34921516,0.33218192,0.34069854,1,1,245,217,125,126
1,13989,0.34758863,0.33218192,0.33988527,1,1,245,217,125,126
1,13990,0.34758863,0.33218192,0.33988527,1,1,245,217,125,126
1,13991,0.36780310,0.33347448,0.35063879,1,1,245,217,125,126
1,13992,0.32469003,0.31500429,0.31984716,1,1,245,217,125,126
1,13993,0.32469003,0.33476703,0.32972853,1,1,245,217,125,126
1,13994,0.32469003,0.31418857,0.31943930,1,1,245,217,125,126
1,13995,0.36765496,0.33476703,0.35121100,1,1,245,217,125,126
1,13996,0.34624657,0.33347448,0.33986052,1,1,245,217,125,126
1,13997,0.33333333,0.33347448,0.33340391,1,1,245,217,125,126
1,13998,0.34624657,0.33347448,0.33986052,1,1,245,217,125,126
1,13999,0.36765496,0.33347448,0.35056472,1,1,245,217,125,126
1,14000,0.36765496,0.33563618,0.35164557,1,1,245,217,125,126
1,14001,0.33204631,0.33347448,0.33276040,1,1,245,217,125,126
1,14002,0.33333333,0.31271311,0.32302322,1,1,245,217,125,126
1,14003,0.33333333,0.33563618,0.33448476,1,1,245,217,125,126
1,14004,0.33333333,0.33476703,0.33405018,1,1,245,217,125,126
1,14005,0.34624657,0.33476703,0.34050680,1,1,245,217,125,126
1,14006,0.36765496,0.33476703,0.35121100,1,1,245,217,125,126
1,14007,0.35257670,0.33563618,0.34410644,1,1,245,217,125,126
1,14008,0.30970853,0.29289311,0.30130082,1,1,245,217,125,126
1,14009,0.32622201,0.29289311,0.30955756,1,1,245,217,125,126
1,14010,0.32622201,0.31500429,0.32061315,1,1,245,217,125,126
1,14011,0.32622201,0.29289311,0.30955756,1,1,245,217,125,126
1,14012,0.33918498,0.31352500,0.32635499,1,1,245,217,125,126
1,14013,0.32487995,0.33347448,0.32917721,1,1,245,217,125,126
1,14014,0.32469003,0.31271311,0.31870157,1,1,245,217,125,126
1,14015,0.31284300,0.33476703,0.32380502,1,1,245,217,125,126
1,14016,0.29088353,0.31352500,0.30220426,1,1,245,217,125,126
1,14017,0.32620941,0.32146327,0.32383634,1,1,245,217,125,126
1,14018,0.32622201,0.33476703,0.33049452,1,1,245,217,125,126
1,14019,0.30332342,0.31271311,0.30801826,1,1,245,217,125,126
1,14020,0.35386372,0.32146327,0.33766350,1,1,245,217,125,126
1,14021,0.32487995,0.32223262,0.32355628,1,1,245,217,125,126
1,14022,0.31098792,0.31418857,0.31258824,1,1,245,217,125,126
1,14023,0.31418857,0.31418857,0.31418857,1,1,245,217,125,126
1,14024,0.31284300,0.31271311,0.31277806,1,1,245,217,125,126
1,14025,0.31284300,0.33563618,0.32423959,1,1,245,217,125,126
1,14026,0.31418857,0.33347448,0.32383153,1,1,245,217,125,126
1,14027,0.34758863,0.33347448,0.34053155,1,1,245,217,125,126
1,14028,0.34786682,0.33563618,0.34175150,1,1,245,217,125,126
1,14029,0.36661963,0.33434027,0.35047995,1,1,245,217,125,126
1,14030,0.32469003,0.31271311,0.31870157,1,1,245,217,125,126
1,14031,0.32469003,0.29289311,0.30879157,1,1,245,217,125,126
1,14032,0.31284300,0.32223262,0.31753781,1,1,245,217,125,126
1,14033,0.32622201,0.29289311,0.30955756,1,1,245,217,125,126
1,14034,0.34401575,0.31352500,0.32877037,1,1,245,217,125,126
1,14035,0.32469003,0.29289311,0.30879157,1,1,245,217,125,126
1,14036,0.32469003,0.29289311,0.30879157,1,1,245,217,125,126
1,14037,0.32259811,0.31370838,0.31815324,1,1,245,217,125,126
1,14038,0.32622201,0.31222908,0.31922555,1,1,245,217,125,126
1,14039,0.34624657,0.33347448,0.33986052,1,1,245,217,125,126
1,14040,0.32622201,0.33347448,0.32984824,1,1,245,217,125,126
1,14041,0.36765496,0.33476703,0.35121100,1,1,245,217,125,126
1,14042,0.32487995,0.31370838,0.31929416,1,1,245,217,125,126
1,14043,0.32487995,0.31222908,0.31855452,1,1,245,217,125,126
1,14044,0.32622201,0.33434027,0.33028114,1,1,245,217,125,126
1,14045,0.32622201,0.31370838,0.31996519,1,1,245,217,125,126
1,14046,0.34758863,0.30170261,0.32464562,1,1,245,217,125,126
1,14047,0.32622201,0.31289602,0.31955901,1,1,245,217,125,126
1,14048,0.32622201,0.31352500,0.31987350,1,1,245,217,125,126
1,14049,0.32487995,0.30242466,0.31365230,1,1,245,217,125,126
1,14050,0.32487995,0.30242466,0.31365230,1,1,245,217,125,126
1,14051,0.32622201,0.31222908,0.31922555,1,1,245,217,125,126
1,14052,0.34758863,0.30100444,0.32429653,1,1,245,217,125,126
1,14053,0.36780310,0.31898089,0.34339199,1,1,245,217,125,126
1,14054,0.32622201,0.29976028,0.31299114,1,1,245,217,125,126
1,14055,0.32487995,0.29904459,0.31196227,1,1,245,217,125,126
1,14056,0.31284300,0.32146327,0.31715314,1,1,245,217,125,126
1,14057,0.32487995,0.32146327,0.32317161,1,1,245,217,125,126
1,14058,0.32487995,0.30242466,0.31365230,1,1,245,217,125,126
1,14059,0.32487995,0.30118050,0.31303022,1,1,245,217,125,126
1,14060,0.31284300,0.32022208,0.31653254,1,1,245,217,125,126
1,14061,0.32487995,0.32146327,0.32317161,1,1,245,217,125,126
1,14062,0.32487995,0.33218192,0.32853093,1,1,245,217,125,126
1,14063,0.32487995,0.33218192,0.32853093,1,1,245,217,125,126
1,14064,0.32487995,0.30170261,0.31329128,1,1,245,217,125,126
1,14065,0.32469003,0.32146327,0.32307665,1,1,245,217,125,126
1,14066,0.31284300,0.31222908,0.31253604,1,1,245,217,125,126
1,14067,0.31284300,0.31352500,0.31318400,1,1,245,217,125,126
1,14068,0.32469003,0.33434027,0.32951515,1,1,245,217,125,126
1,14069,0.31271311,0.33347448,0.32309379,1,1,245,217,125,126
1,14070,0.32469003,0.31418857,0.31943930,1,1,245,217,125,126
1,14071,0.31155598,0.31352500,0.31254049,1,1,245,217,125,126
1,14072,0.34758863,0.31500429,0.33129646,1,1,245,217,125,126
1,14073,0.32622201,0.31222908,0.31922555,1,1,245,217,125,126
1,14074,0.32469003,0.29976028,0.31222516,1,1,245,217,125,126
1,14075,0.34758863,0.31222908,0.32990886,1,1,245,217,125,126
1,14076,0.34624657,0.31142055,0.32883356,1,1,245,217,125,126
1,14077,0.34758863,0.31352500,0.33055681,1,1,245,217,125,126
1,14078,0.34758863,0.31271311,0.33015087,1,1,245,217,125,126
1,14079,0.34758863,0.31142055,0.32950459,1,1,245,217,125,126
1,14080,0.34758863,0.33218192,0.33988527,1,1,245,217,125,126
1,14081,0.33204631,0.31222908,0.32213770,1,1,245,217,125,126
1,14082,0.34758863,0.29904459,0.32331661,1,1,245,217,125,126
1,14083,0.34758863,0.33434027,0.34096445,1,1,245,217,125,126
1,14084,0.34758863,0.29289311,0.32024087,1,1,245,217,125,126
1,14085,0.32622201,0.33434027,0.33028114,1,1,245,217,125,126
1,14086,0.34758863,0.31271311,0.33015087,1,1,245,217,125,126
1,14087,0.32469003,0.29213465,0.30841234,1,1,245,217,125,126
1,14088,0.31137386,0.30046142,0.30591764,1,1,245,217,125,126
1,14089,0.30474281,0.27977626,0.29225954,1,1,245,217,125,126
1,14090,0.32469003,0.31271311,0.31870157,1,1,245,217,125,126
1,14091,0.32469003,0.29141381,0.30805192,1,1,245,217,125,126
1,14092,0.32469003,0.29213465,0.30841234,1,1,245,217,125,126
1,14093,0.32469003,0.29141381,0.30805192,1,1,245,217,125,126
1,14094,0.32469003,0.29213465,0.30841234,1,1,245,217,125,126
1,14095,0.32469003,0.29904459,0.31186731,1,1,245,217,125,126
1,14096,0.30332342,0.28119648,0.29225995,1,1,245,217,125,126
1,14097,0.30474281,0.31370838,0.30922560,1,1,245,217,125,126
1,14098,0.32469003,0.31352500,0.31910751,1,1,245,217,125,126
1,14099,0.34624657,0.31352500,0.32988578,1,1,245,217,125,126
1,14100,0.32620941,0.30118050,0.31369496,1,1,245,217,125,126
1,14101,0.30474281,0.29976028,0.30225154,1,1,245,217,125,126
1,14102,0.30474281,0.31370838,0.30922560,1,1,245,217,125,126
1,14103,0.30628196,0.27977626,0.29302911,1,1,245,217,125,126
1,14104,0.30474281,0.31352500,0.30913390,1,1,245,217,125,126
1,14105,0.32622201,0.28119648,0.30370924,1,1,245,217,125,126
1,14106,0.32774856,0.32098846,0.32436851,1,1,245,217,125,126
1,14107,0.30474281,0.30100444,0.30287362,1,1,245,217,125,126
1,14108,0.30474281,0.27977626,0.29225954,1,1,245,217,125,126
1,14109,0.30628196,0.27977626,0.29302911,1,1,245,217,125,126
1,14110,0.30474281,0.29976028,0.30225154,1,1,245,217,125,126
1,14111,0.28308541,0.25979224,0.27143882,1,1,245,217,125,126
1,14112,0.30628196,0.31500429,0.31064312,1,1,245,217,125,126
1,14113,0.30485539,0.31222908,0.30854224,1,1,245,217,125,126
1,14114,0.30474281,0.29289311,0.29881796,1,1,245,217,125,126
1,14115,0.32774856,0.33304436,0.33039646,1,1,245,217,125,126
1,14116,0.30628196,0.31352500,0.30990348,1,1,245,217,125,126
1,14117,0.32640022,0.33434027,0.33037024,1,1,245,217,125,126
1,14118,0.29213465,0.31352500,0.30282982,1,1,245,217,125,126
1,14119,0.33204631,0.33434027,0.33319329,1,1,245,217,125,126
1,14120,0.34758863,0.32223262,0.33491062,1,1,245,217,125,126
1,14121,0.33204631,0.32223262,0.32713946,1,1,245,217,125,126
1,14122,0.32622201,0.31974430,0.32298315,1,1,245,217,125,126
1,14123,0.30628196,0.30118050,0.30373123,1,1,245,217,125,126
1,14124,0.31284300,0.29213465,0.30248882,1,1,245,217,125,126
1,14125,0.31418857,0.30170261,0.30794559,1,1,245,217,125,126
1,14126,0.32774856,0.29213465,0.30994160,1,1,245,217,125,126
1,14127,0.32620941,0.31271311,0.31946126,1,1,245,217,125,126
1,14128,0.34624657,0.32223262,0.33423959,1,1,245,217,125,126
1,14129,0.33204631,0.32223262,0.32713946,1,1,245,217,125,126
1,14130,0.31284300,0.30118050,0.30701175,1,1,245,217,125,126
1,14131,0.34758863,0.32223262,0.33491062,1,1,245,217,125,126
1,14132,0.34758863,0.30242466,0.32500664,1,1,245,217,125,126
1,14133,0.34758863,0.32223262,0.33491062,1,1,245,217,125,126
1,14134,0.34758863,0.30242466,0.32500664,1,1,245,217,125,126
1,14135,0.31289602,0.27910828,0.29600215,1,1,245,217,125,126
1,14136,0.30485539,0.31370838,0.30928189,1,1,245,217,125,126
1,14137,0.34758863,0.31370838,0.33064850,1,1,245,217,125,126
1,14138,0.34624657,0.31271311,0.32947984,1,1,245,217,125,126
1,14139,0.35386372,0.33218192,0.34302282,1,1,245,217,125,126
1,14140,0.34758863,0.31289602,0.33024232,1,1,245,217,125,126
1,14141,0.34758863,0.31898089,0.33328476,1,1,245,217,125,126
1,14142,0.36780310,0.33476703,0.35128507,1,1,245,217,125,126
1,14143,0.36765496,0.33476703,0.35121100,1,1,245,217,125,126
1,14144,0.36780310,0.33891720,0.35336015,1,1,245,217,125,126
1,14145,0.36780310,0.32146327,0.34463318,1,1,245,217,125,126
1,14146,0.32469003,0.31898089,0.32183546,1,1,245,217,125,126
1,14147,0.31284300,0.29976028,0.30630164,1,1,245,217,125,126
1,14148,0.34624657,0.32022208,0.33323432,1,1,245,217,125,126
1,14149,0.33333333,0.33304436,0.33318884,1,1,245,217,125,126
1,14150,0.32622201,0.29141381,0.30881791,1,1,245,217,125,126
1,14151,0.33476703,0.29976028,0.31726366,1,1,245,217,125,126
1,14152,0.36765496,0.34097248,0.35431372,1,1,245,217,125,126
1,14153,0.34786682,0.32223262,0.33504972,1,1,245,217,125,126
1,14154,0.36765496,0.32223262,0.34494379,1,1,245,217,125,126
1,14155,0.36899702,0.34207930,0.35553816,1,1,245,217,125,126
1,14156,0.32259811,0.32223262,0.32241536,1,1,245,217,125,126
1,14157,0.37072373,0.34207930,0.35640152,1,1,245,217,125,126
1,14158,0.34921516,0.33347448,0.34134482,1,1,245,217,125,126
1,14159,0.36765496,0.32146327,0.34455911,1,1,245,217,125,126
1,14160,0.35257670,0.34207930,0.34732800,1,1,245,217,125,126
1,14161,0.33333333,0.31974430,0.32653881,1,1,245,217,125,126
1,14162,0.35386372,0.31898089,0.33642231,1,1,245,217,125,126
1,14163,0.32469003,0.29976028,0.31222516,1,1,245,217,125,126
1,14164,0.36765496,0.29213465,0.32989480,1,1,245,217,125,126
1,14165,0.36899702,0.31974430,0.34437066,1,1,245,217,125,126
1,14166,0.35176539,0.32223262,0.33699901,1,1,245,217,125,126
1,14167,0.34758863,0.29904459,0.32331661,1,1,245,217,125,126
1,14168,0.36899702,0.33304436,0.35102069,1,1,245,217,125,126
1,14169,0.34758863,0.32098846,0.33428854,1,1,245,217,125,126
1,14170,0.34758863,0.33891720,0.34325291,1,1,245,217,125,126
1,14171,0.31137386,0.31142055,0.31139720,1,1,245,217,125,126
1,14172,0.33347448,0.33434027,0.33390737,1,1,245,217,125,126
1,14173,0.33333333,0.31974430,0.32653881,1,1,245,217,125,126
1,14174,0.34758863,0.31898089,0.33328476,1,1,245,217,125,126
1,14175,0.34758863,0.31142055,0.32950459,1,1,245,217,125,126
1,14176,0.34758863,0.29904459,0.32331661,1,1,245,217,125,126
1,14177,0.36899702,0.33304436,0.35102069,1,1,245,217,125,126
1,14178,0.34758863,0.31974430,0.33366646,1,1,245,217,125,126
1,14179,0.34758863,0.33304436,0.34031649,1,1,245,217,125,126
1,14180,0.34758863,0.33304436,0.34031649,1,1,245,217,125,126
1,14181,0.34758863,0.33434027,0.34096445,1,1,245,217,125,126
1,14182,0.34758863,0.29904459,0.32331661,1,1,245,217,125,126
1,14183,0.36765496,0.33347448,0.35056472,1,1,245,217,125,126
1,14184,0.32469003,0.31352500,0.31910751,1,1,245,217,125,126
1,14185,0.32622201,0.31222908,0.31922555,1,1,245,217,125,126
1,14186,0.32622201,0.31222908,0.31922555,1,1,245,217,125,126
1,14187,0.33918498,0.31222908,0.32570703,1,1,245,217,125,126
1,14188,0.32622201,0.31352500,0.31987350,1,1,245,217,125,126
1,14189,0.32469003,0.33434027,0.32951515,1,1,245,217,125,126
1,14190,0.32469003,0.33304436,0.32886719,1,1,245,217,125,126
1,14191,0.32622201,0.35385963,0.34004082,1,1,245,217,125,126
1,14192,0.31284300,0.32146327,0.31715314,1,1,245,217,125,126
1,14193,0.32469003,0.33304436,0.32886719,1,1,245,217,125,126
1,14194,0.34624657,0.33347448,0.33986052,1,1,245,217,125,126
1,14195,0.35386372,0.33476703,0.34431538,1,1,245,217,125,126
1,14196,0.36899702,0.33476703,0.35188203,1,1,245,217,125,126
1,14197,0.34786682,0.33476703,0.34131693,1,1,245,217,125,126
1,14198,0.34624657,0.33347448,0.33986052,1,1,245,217,125,126
1,14199,0.33333333,0.32223262,0.32778298,1,1,245,217,125,126
1,14200,0.33333333,0.34207930,0.33770632,1,1,245,217,125,126
1,14201,0.35257670,0.33891720,0.34574695,1,1,245,217,125,126
1,14202,0.36937539,0.33476703,0.35207121,1,1,245,217,125,126
1,14203,0.36765496,0.32146327,0.34455911,1,1,245,217,125,126
1,14204,0.34624657,0.33476703,0.34050680,1,1,245,217,125,126
1,14205,0.32259811,0.32146327,0.32203069,1,1,245,217,125,126
1,14206,0.36899702,0.32146327,0.34523015,1,1,245,217,125,126
1,14207,0.31271311,0.33347448,0.32309379,1,1,245,217,125,126
1,14208,0.32620941,0.33476703,0.33048822,1,1,245,217,125,126
1,14209,0.32622201,0.31418857,0.32020529,1,1,245,217,125,126
1,14210,0.32469003,0.33476703,0.32972853,1,1,245,217,125,126
1,14211,0.36899702,0.32146327,0.34523015,1,1,245,217,125,126
1,14212,0.32622201,0.32146327,0.32384264,1,1,245,217,125,126
1,14213,0.35257670,0.30170261,0.32713965,1,1,245,217,125,126
1,14214,0.36765496,0.31418857,0.34092176,1,1,245,217,125,126
1,14215,0.30332342,0.28261670,0.29297006,1,1,245,217,125,126
1,14216,0.31137386,0.30170261,0.30653823,1,1,245,217,125,126
1,14217,0.34786682,0.32146327,0.33466505,1,1,245,217,125,126
1,14218,0.36765496,0.31352500,0.34058998,1,1,245,217,125,126
1,14219,0.33204631,0.31974430,0.32589530,1,1,245,217,125,126
1,14220,0.34624657,0.31222908,0.32923782,1,1,245,217,125,126
1,14221,0.32622201,0.33218192,0.32920197,1,1,245,217,125,126
1,14222,0.34624657,0.35385963,0.35005310,1,1,245,217,125,126
1,14223,0.32620941,0.31370838,0.31995890,1,1,245,217,125,126
1,14224,0.32620941,0.33218192,0.32919567,1,1,245,217,125,126
1,14225,0.33347448,0.33218192,0.33282820,1,1,245,217,125,126
1,14226,0.32622201,0.33347448,0.32984824,1,1,245,217,125,126
1,14227,0.34624657,0.31352500,0.32988578,1,1,245,217,125,126
1,14228,0.33918498,0.31352500,0.32635499,1,1,245,217,125,126
1,14229,0.32469003,0.31222908,0.31845956,1,1,245,217,125,126
1,14230,0.36765496,0.35538573,0.36152034,1,1,245,217,125,126
1,14231,0.35257670,0.32146327,0.33701999,1,1,245,217,125,126
1,14232,0.36765496,0.33347448,0.35056472,1,1,245,217,125,126
1,14233,0.34786682,0.33476703,0.34131693,1,1,245,217,125,126
1,14234,0.35257670,0.33434027,0.34345849,1,1,245,217,125,126
1,14235,0.34624657,0.35630841,0.35127749,1,1,245,217,125,126
1,14236,0.31284300,0.31352500,0.31318400,1,1,245,217,125,126
1,14237,0.35386372,0.31898089,0.33642231,1,1,245,217,125,126
1,14238,0.36899702,0.35294329,0.36097015,1,1,245,217,125,126
1,14239,0.32469003,0.29141381,0.30805192,1,1,245,217,125,126
1,14240,0.30474281,0.29289311,0.29881796,1,1,245,217,125,126
1,14241,0.30485539,0.26989781,0.28737660,1,1,245,217,125,126
1,14242,0.36310582,0.29141381,0.32725982,1,1,245,217,125,126
1,14243,0.32622201,0.29289311,0.30955756,1,1,245,217,125,126
1,14244,0.34078535,0.29289311,0.31683923,1,1,245,217,125,126
1,14245,0.34624657,0.29289311,0.31956984,1,1,245,217,125,126
1,14246,0.34758863,0.33304436,0.34031649,1,1,245,217,125,126
1,14247,0.34758863,0.30118050,0.32438456,1,1,245,217,125,126
1,14248,0.34624657,0.29065918,0.31845287,1,1,245,217,125,126
1,14249,0.34758863,0.29065918,0.31912390,1,1,245,217,125,126
1,14250,0.34758863,0.28119648,0.31439255,1,1,245,217,125,126
1,14251,0.31284300,0.30046142,0.30665221,1,1,245,217,125,126
1,14252,0.32622201,0.30046142,0.31334171,1,1,245,217,125,126
1,14253,0.34758863,0.29213465,0.31986164,1,1,245,217,125,126
1,14254,0.33333333,0.29141381,0.31237357,1,1,245,217,125,126
1,14255,0.34758863,0.27977626,0.31368244,1,1,245,217,125,126
1,14256,0.31284300,0.29904459,0.30594379,1,1,245,217,125,126
1,14257,0.29361011,0.31974430,0.30667720,1,1,245,217,125,126
1,14258,0.32009221,0.31222908,0.31616065,1,1,245,217,125,126
1,14259,0.30474281,0.29976028,0.30225154,1,1,245,217,125,126
1,14260,0.32487995,0.31271311,0.31879653,1,1,245,217,125,126
1,14261,0.30332342,0.31271311,0.30801826,1,1,245,217,125,126
1,14262,0.32487995,0.29904459,0.31196227,1,1,245,217,125,126
1,14263,0.34786682,0.29289311,0.32037996,1,1,245,217,125,126
1,14264,0.34624657,0.29289311,0.31956984,1,1,245,217,125,126
1,14265,0.32469003,0.29289311,0.30879157,1,1,245,217,125,126
1,14266,0.32640022,0.29289311,0.30964666,1,1,245,217,125,126
1,14267,0.34624657,0.29289311,0.31956984,1,1,245,217,125,126
1,14268,0.32487995,0.29289311,0.30888653,1,1,245,217,125,126
1,14269,0.32622201,0.29289311,0.30955756,1,1,245,217,125,126
1,14270,0.32487995,0.29141381,0.30814688,1,1,245,217,125,126
1,14271,0.32487995,0.29289311,0.30888653,1,1,245,217,125,126
1,14272,0.30332342,0.29289311,0.29810826,1,1,245,217,125,126
1,14273,0.32334797,0.28119648,0.30227223,1,1,245,217,125,126
1,14274,0.32469003,0.27977626,0.30223315,1,1,245,217,125,126
1,14275,0.30332342,0.29141381,0.29736861,1,1,245,217,125,126
1,14276,0.30332342,0.28119648,0.29225995,1,1,245,217,125,126
1,14277,0.28201899,0.29141381,0.28671640,1,1,245,217,125,126
1,14278,0.30474281,0.27977626,0.29225954,1,1,245,217,125,126
1,14279,0.30474281,0.28119648,0.29296965,1,1,245,217,125,126
1,14280,0.32620941,0.27977626,0.30299284,1,1,245,217,125,126
1,14281,0.30485539,0.29289311,0.29887425,1,1,245,217,125,126
1,14282,0.30474281,0.26121246,0.28297764,1,1,245,217,125,126
1,14283,0.30474281,0.28052511,0.29263396,1,1,245,217,125,126
1,14284,0.30628196,0.27977626,0.29302911,1,1,245,217,125,126
1,14285,0.30179144,0.29289311,0.29734227,1,1,245,217,125,126
1,14286,0.28308541,0.26144617,0.27226579,1,1,245,217,125,126
1,14287,0.30628196,0.29141381,0.29884788,1,1,245,217,125,126
1,14288,0.34786682,0.29141381,0.31964032,1,1,245,217,125,126
1,14289,0.28308541,0.29141381,0.28724961,1,1,245,217,125,126
1,14290,0.28487783,0.29289311,0.28888547,1,1,245,217,125,126
1,14291,0.28487783,0.27059854,0.27773819,1,1,245,217,125,126
1,14292,0.30474281,0.29141381,0.29807831,1,1,245,217,125,126
1,14293,0.30628196,0.29141381,0.29884788,1,1,245,217,125,126
1,14294,0.28487783,0.27910828,0.28199306,1,1,245,217,125,126
1,14295,0.28487783,0.27910828,0.28199306,1,1,245,217,125,126
1,14296,0.30474281,0.27910828,0.29192555,1,1,245,217,125,126
1,14297,0.30474281,0.25917198,0.28195739,1,1,245,217,125,126
1,14298,0.30474281,0.27977626,0.29225954,1,1,245,217,125,126
1,14299,0.30474281,0.27910828,0.29192555,1,1,245,217,125,126
1,14300,0.30474281,0.27910828,0.29192555,1,1,245,217,125,126
1,14301,0.30474281,0.29065918,0.29770100,1,1,245,217,125,126
1,14302,0.30474281,0.27059854,0.28767068,1,1,245,217,125,126
1,14303,0.30320367,0.27137328,0.28728847,1,1,245,217,125,126
1,14304,0.30474281,0.27910828,0.29192555,1,1,245,217,125,126
1,14305,0.30474281,0.27137328,0.28805804,1,1,245,217,125,126
1,14306,0.30332342,0.27207783,0.28770063,1,1,245,217,125,126
1,14307,0.30474281,0.27207783,0.28841032,1,1,245,217,125,126
1,14308,0.32009221,0.27137328,0.29573274,1,1,245,217,125,126
1,14309,0.30474281,0.25917198,0.28195739,1,1,245,217,125,126
1,14310,0.30320367,0.27232127,0.28776247,1,1,245,217,125,126
1,14311,0.28154626,0.26144617,0.27149622,1,1,245,217,125,126
1,14312,0.28154626,0.28119648,0.28137137,1,1,245,217,125,126
1,14313,0.28154626,0.27059854,0.27607240,1,1,245,217,125,126
1,14314,0.30474281,0.24978327,0.27726304,1,1,245,217,125,126
1,14315,0.28308541,0.25917198,0.27112869,1,1,245,217,125,126
1,14316,0.27309154,0.25979224,0.26644189,1,1,245,217,125,126
1,14317,0.28487783,0.25917198,0.27202490,1,1,245,217,125,126
1,14318,0.28308541,0.26144617,0.27226579,1,1,245,217,125,126
1,14319,0.28487783,0.25979224,0.27233504,1,1,245,217,125,126
1,14320,0.30485539,0.25979224,0.28232382,1,1,245,217,125,126
1,14321,0.27309154,0.25979224,0.26644189,1,1,245,217,125,126
1,14322,0.28154626,0.29141381,0.28648004,1,1,245,217,125,126
1,14323,0.30474281,0.29289311,0.29881796,1,1,245,217,125,126
1,14324,0.28308541,0.27207783,0.27758162,1,1,245,217,125,126
1,14325,0.28308541,0.27059854,0.27684197,1,1,245,217,125,126
1,14326,0.28154626,0.27059854,0.27607240,1,1,245,217,125,126
1,14327,0.30474281,0.25085471,0.27779876,1,1,245,217,125,126
1,14328,0.30474281,0.27059854,0.28767068,1,1,245,217,125,126
1,14329,0.30474281,0.27137328,0.28805804,1,1,245,217,125,126
1,14330,0.30474281,0.29289311,0.29881796,1,1,245,217,125,126
1,14331,0.28308541,0.28119648,0.28214094,1,1,245,217,125,126
1,14332,0.32622201,0.28119648,0.30370924,1,1,245,217,125,126
1,14333,0.30474281,0.25979224,0.28226753,1,1,245,217,125,126
1,14334,0.30474281,0.28052511,0.29263396,1,1,245,217,125,126
1,14335,0.30474281,0.26058880,0.28266581,1,1,245,217,125,126
1,14336,0.30474281,0.26989781,0.28732031,1,1,245,217,125,126
1,14337,0.30474281,0.29141381,0.29807831,1,1,245,217,125,126
1,14338,0.30628196,0.27977626,0.29302911,1,1,245,217,125,126
1,14339,0.28308541,0.29141381,0.28724961,1,1,245,217,125,126
1,14340,0.28308541,0.27977626,0.28143083,1,1,245,217,125,126
1,14341,0.30474281,0.27977626,0.29225954,1,1,245,217,125,126
1,14342,0.30474281,0.27977626,0.29225954,1,1,245,217,125,126
1,14343,0.30474281,0.25979224,0.28226753,1,1,245,217,125,126
1,14344,0.27309154,0.29141381,0.28225268,1,1,245,217,125,126
1,14345,0.29772298,0.29289311,0.29530804,1,1,245,217,125,126
1,14346,0.30628196,0.29289311,0.29958753,1,1,245,217,125,126
1,14347,0.30628196,0.27232127,0.28930161,1,1,245,217,125,126
1,14348,0.29361011,0.29141381,0.29251196,1,1,245,217,125,126
1,14349,0.30485539,0.29289311,0.29887425,1,1,245,217,125,126
1,14350,0.31846487,0.29289311,0.30567899,1,1,245,217,125,126
1,14351,0.30332342,0.29289311,0.29810826,1,1,245,217,125,126
1,14352,0.32009221,0.29141381,0.30575301,1,1,245,217,125,126
1,14353,0.32009221,0.29141381,0.30575301,1,1,245,217,125,126
1,14354,0.29361011,0.27059854,0.28210433,1,1,245,217,125,126
1,14355,0.29361011,0.27207783,0.28284397,1,1,245,217,125,126
1,14356,0.32108066,0.29289311,0.30698689,1,1,245,217,125,126
1,14357,0.29437240,0.27977626,0.28707433,1,1,245,217,125,126
1,14358,0.30628196,0.27207783,0.28917990,1,1,245,217,125,126
1,14359,0.30332342,0.29289311,0.29810826,1,1,245,217,125,126
1,14360,0.30474281,0.26121246,0.28297764,1,1,245,217,125,126
1,14361,0.30474281,0.27207783,0.28841032,1,1,245,217,125,126
1,14362,0.30628196,0.27232127,0.28930161,1,1,245,217,125,126
1,14363,0.30474281,0.25979224,0.28226753,1,1,245,217,125,126
1,14364,0.30474281,0.27207783,0.28841032,1,1,245,217,125,126
1,14365,0.30320367,0.25979224,0.28149795,1,1,245,217,125,126
1,14366,0.30474281,0.25979224,0.28226753,1,1,245,217,125,126
1,14367,0.28154626,0.27232127,0.27693377,1,1,245,217,125,126
1,14368,0.30406057,0.25979224,0.28192641,1,1,245,217,125,126
1,14369,0.30474281,0.26082196,0.28278238,1,1,245,217,125,126
1,14370,0.28308541,0.25979224,0.27143882,1,1,245,217,125,126
1,14371,0.28308541,0.27977626,0.28143083,1,1,245,217,125,126
1,14372,0.30474281,0.29141381,0.29807831,1,1,245,217,125,126
1,14373,0.30474281,0.29141381,0.29807831,1,1,245,217,125,126
1,14374,0.30474281,0.27161608,0.28817945,1,1,245,217,125,126
1,14375,0.28308541,0.26989781,0.27649161,1,1,245,217,125,126
1,14376,0.30320367,0.29141381,0.29730874,1,1,245,217,125,126
1,14377,0.30474281,0.29213465,0.29843873,1,1,245,217,125,126
1,14378,0.30485539,0.29141381,0.29813460,1,1,245,217,125,126
1,14379,0.34252674,0.30046142,0.32149408,1,1,245,217,125,126
1,14380,0.32487995,0.33563618,0.33025806,1,1,245,217,125,126
1,14381,0.32469003,0.30046142,0.31257573,1,1,245,217,125,126
1,14382,0.36899702,0.31222908,0.34061305,1,1,245,217,125,126
1,14383,0.34758863,0.29976028,0.32367445,1,1,245,217,125,126
1,14384,0.34624657,0.33304436,0.33964546,1,1,245,217,125,126
1,14385,0.34758863,0.33304436,0.34031649,1,1,245,217,125,126
1,14386,0.32622201,0.31289602,0.31955901,1,1,245,217,125,126
1,14387,0.32622201,0.31898089,0.32260145,1,1,245,217,125,126
1,14388,0.32487995,0.32146327,0.32317161,1,1,245,217,125,126
1,14389,0.32622201,0.33347448,0.32984824,1,1,245,217,125,126
1,14390,0.32469003,0.33218192,0.32843598,1,1,245,217,125,126
1,14391,0.32622201,0.31898089,0.32260145,1,1,245,217,125,126
1,14392,0.32487995,0.31974430,0.32231212,1,1,245,217,125,126
1,14393,0.32487995,0.31222908,0.31855452,1,1,245,217,125,126
1,14394,0.32469003,0.31500429,0.31984716,1,1,245,217,125,126
1,14395,0.33333333,0.31974430,0.32653881,1,1,245,217,125,126
1,14396,0.32622201,0.31974430,0.32298315,1,1,245,217,125,126
1,14397,0.34758863,0.33347448,0.34053155,1,1,245,217,125,126
1,14398,0.32622201,0.31352500,0.31987350,1,1,245,217,125,126
1,14399,0.30485539,0.29213465,0.29849502,1,1,245,217,125,126
1,14400,0.32622201,0.29213465,0.30917833,1,1,245,217,125,126
1,14401,0.30485539,0.29213465,0.29849502,1,1,245,217,125,126
1,14402,0.29235267,0.29213465,0.29224366,1,1,245,217,125,126
1,14403,0.29361011,0.28052511,0.28706761,1,1,245,217,125,126
1,14404,0.30332342,0.29289311,0.29810826,1,1,245,217,125,126
1,14405,0.29235267,0.30046142,0.29640704,1,1,245,217,125,126
1,14406,0.30332342,0.28052511,0.29192426,1,1,245,217,125,126
1,14407,0.30485539,0.28119648,0.29302594,1,1,245,217,125,126
1,14408,0.29235267,0.28052511,0.28643889,1,1,245,217,125,126
1,14409,0.29235267,0.28052511,0.28643889,1,1,245,217,125,126
1,14410,0.33333333,0.33476703,0.33405018,1,1,245,217,125,126
1,14411,0.29235267,0.32098846,0.30667056,1,1,245,217,125,126
1,14412,0.32487995,0.33347448,0.32917721,1,1,245,217,125,126
1,14413,0.30332342,0.29289311,0.29810826,1,1,245,217,125,126
1,14414,0.32487995,0.32146327,0.32317161,1,1,245,217,125,126
1,14415,0.32487995,0.32146327,0.32317161,1,1,245,217,125,126
1,14416,0.32622201,0.32146327,0.32384264,1,1,245,217,125,126
1,14417,0.32622201,0.32146327,0.32384264,1,1,245,217,125,126
1,14418,0.32622201,0.33347448,0.32984824,1,1,245,217,125,126
1,14419,0.32487995,0.32146327,0.32317161,1,1,245,217,125,126
1,14420,0.33918498,0.33476703,0.33697601,1,1,245,217,125,126
1,14421,0.29274527,0.28119648,0.28697088,1,1,245,217,125,126
1,14422,0.32469003,0.28194194,0.30331599,1,1,245,217,125,126
1,14423,0.30485539,0.28194194,0.29339867,1,1,245,217,125,126
1,14424,0.29434564,0.28119648,0.28777106,1,1,245,217,125,126
1,14425,0.32469003,0.30170261,0.31319632,1,1,245,217,125,126
1,14426,0.32622201,0.32146327,0.32384264,1,1,245,217,125,126
1,14427,0.32622201,0.33347448,0.32984824,1,1,245,217,125,126
1,14428,0.31137386,0.32146327,0.31641856,1,1,245,217,125,126
1,14429,0.32622201,0.30170261,0.31396231,1,1,245,217,125,126
1,14430,0.32622201,0.28194194,0.30408197,1,1,245,217,125,126
1,14431,0.32622201,0.28052511,0.30337356,1,1,245,217,125,126
1,14432,0.32469003,0.28194194,0.30331599,1,1,245,217,125,126
1,14433,0.32622201,0.28082797,0.30352499,1,1,245,217,125,126
1,14434,0.32469003,0.30170261,0.31319632,1,1,245,217,125,126
1,14435,0.32487995,0.29213465,0.30850730,1,1,245,217,125,126
1,14436,0.32622201,0.31271311,0.31946756,1,1,245,217,125,126
1,14437,0.28355096,0.29213465,0.28784280,1,1,245,217,125,126
1,14438,0.30485539,0.29289311,0.29887425,1,1,245,217,125,126
1,14439,0.28355096,0.28194194,0.28274645,1,1,245,217,125,126
1,14440,0.28355096,0.28052511,0.28203804,1,1,245,217,125,126
1,14441,0.27045283,0.29213465,0.28129374,1,1,245,217,125,126
1,14442,0.28176688,0.28052511,0.28114600,1,1,245,217,125,126
1,14443,0.31284300,0.29213465,0.30248882,1,1,245,217,125,126
1,14444,0.28355096,0.29213465,0.28784280,1,1,245,217,125,126
1,14445,0.30289126,0.29065918,0.29677522,1,1,245,217,125,126
1,14446,0.28915865,0.29213465,0.29064665,1,1,245,217,125,126
1,14447,0.30332342,0.29289311,0.29810826,1,1,245,217,125,126
1,14448,0.28176688,0.29213465,0.28695077,1,1,245,217,125,126
1,14449,0.30332342,0.29213465,0.29772903,1,1,245,217,125,126
1,14450,0.32469003,0.29213465,0.30841234,1,1,245,217,125,126
1,14451,0.27995151,0.29213465,0.28604308,1,1,245,217,125,126
1,14452,0.28172409,0.25257298,0.26714853,1,1,245,217,125,126
1,14453,0.30289126,0.25085471,0.27687298,1,1,245,217,125,126
1,14454,0.32469003,0.25085471,0.28777237,1,1,245,217,125,126
1,14455,0.28176688,0.28052511,0.28114600,1,1,245,217,125,126
1,14456,0.28355096,0.24088565,0.26221831,1,1,245,217,125,126
1,14457,0.30485539,0.29213465,0.29849502,1,1,245,217,125,126
1,14458,0.32487995,0.32146327,0.32317161,1,1,245,217,125,126
1,14459,0.32469003,0.31271311,0.31870157,1,1,245,217,125,126
1,14460,0.32469003,0.31271311,0.31870157,1,1,245,217,125,126
1,14461,0.32469003,0.31271311,0.31870157,1,1,245,217,125,126
1,14462,0.31137386,0.29289311,0.30213348,1,1,245,217,125,126
1,14463,0.29460899,0.29289311,0.29375105,1,1,245,217,125,126
1,14464,0.28176688,0.28194194,0.28185441,1,1,245,217,125,126
1,14465,0.31137386,0.28052511,0.29594948,1,1,245,217,125,126
1,14466,0.29088353,0.29437240,0.29262796,1,1,245,217,125,126
1,14467,0.32469003,0.29213465,0.30841234,1,1,245,217,125,126
1,14468,0.32469003,0.29289311,0.30879157,1,1,245,217,125,126
1,14469,0.30485539,0.27232127,0.28858833,1,1,245,217,125,126
1,14470,0.29068884,0.25085471,0.27077177,1,1,245,217,125,126
1,14471,0.29434564,0.23923567,0.26679065,1,1,245,217,125,126
1,14472,0.29434564,0.25150600,0.27292582,1,1,245,217,125,126
1,14473,0.23712185,0.22896799,0.23304492,1,1,245,217,125,126
1,14474,0.26224653,0.27207783,0.26716218,1,1,245,217,125,126
1,14475,0.26224653,0.26082196,0.26153425,1,1,245,217,125,126
1,14476,0.28355096,0.23923567,0.26139332,1,1,245,217,125,126
1,14477,0.26224653,0.24088565,0.25156609,1,1,245,217,125,126
1,14478,0.25180107,0.23275184,0.24227645,1,1,245,217,125,126
1,14479,0.24104044,0.25150600,0.24627322,1,1,245,217,125,126
1,14480,0.26046246,0.27161608,0.26603927,1,1,245,217,125,126
1,14481,0.26224653,0.26144617,0.26184635,1,1,245,217,125,126
1,14482,0.26347371,0.24913644,0.25630508,1,1,245,217,125,126
1,14483,0.29620936,0.28154626,0.28887781,1,1,245,217,125,126
1,14484,0.28355096,0.26989781,0.27672439,1,1,245,217,125,126
1,14485,0.28355096,0.26989781,0.27672439,1,1,245,217,125,126
1,14486,0.31526414,0.26989781,0.29258097,1,1,245,217,125,126
1,14487,0.29434564,0.25322872,0.27378718,1,1,245,217,125,126
1,14488,0.29274527,0.25150600,0.27212563,1,1,245,217,125,126
1,14489,0.27022640,0.27137328,0.27079984,1,1,245,217,125,126
1,14490,0.29274527,0.25257298,0.27265912,1,1,245,217,125,126
1,14491,0.28176688,0.27137328,0.27657008,1,1,245,217,125,126
1,14492,0.28023491,0.29141381,0.28582436,1,1,245,217,125,126
1,14493,0.28023491,0.27059854,0.27541672,1,1,245,217,125,126
1,14494,0.28355096,0.27059854,0.27707475,1,1,245,217,125,126
1,14495,0.28355096,0.26989781,0.27672439,1,1,245,217,125,126
1,14496,0.28355096,0.26989781,0.27672439,1,1,245,217,125,126
1,14497,0.28355096,0.27137328,0.27746212,1,1,245,217,125,126
1,14498,0.26224653,0.27977626,0.27101140,1,1,245,217,125,126
1,14499,0.30485539,0.29213465,0.29849502,1,1,245,217,125,126
1,14500,0.28023491,0.29289311,0.28656401,1,1,245,217,125,126
1,14501,0.28355096,0.24913644,0.26634370,1,1,245,217,125,126
1,14502,0.28308541,0.27137328,0.27722934,1,1,245,217,125,126
1,14503,0.28487783,0.27137328,0.27812555,1,1,245,217,125,126
1,14504,0.28487783,0.27161608,0.27824696,1,1,245,217,125,126
1,14505,0.28487783,0.29213465,0.28850624,1,1,245,217,125,126
1,14506,0.28355096,0.29289311,0.28822203,1,1,245,217,125,126
1,14507,0.28176688,0.29289311,0.28733000,1,1,245,217,125,126
1,14508,0.28355096,0.29289311,0.28822203,1,1,245,217,125,126
1,14509,0.30485539,0.26121246,0.28303393,1,1,245,217,125,126
1,14510,0.28355096,0.25150600,0.26752848,1,1,245,217,125,126
1,14511,0.28355096,0.29289311,0.28822203,1,1,245,217,125,126
1,14512,0.30485539,0.29289311,0.29887425,1,1,245,217,125,126
1,14513,0.28355096,0.29289311,0.28822203,1,1,245,217,125,126
1,14514,0.32622201,0.25085471,0.28853836,1,1,245,217,125,126
1,14515,0.30485539,0.27137328,0.28811433,1,1,245,217,125,126
1,14516,0.30485539,0.25257298,0.27871418,1,1,245,217,125,126
1,14517,0.31686450,0.27137328,0.29411889,1,1,245,217,125,126
1,14518,0.30332342,0.29213465,0.29772903,1,1,245,217,125,126
1,14519,0.31686450,0.27137328,0.29411889,1,1,245,217,125,126
1,14520,0.33918498,0.27161608,0.30540053,1,1,245,217,125,126
1,14521,0.32622201,0.25085471,0.28853836,1,1,245,217,125,126
1,14522,0.29412859,0.29213465,0.29313162,1,1,245,217,125,126
1,14523,0.28355096,0.27137328,0.27746212,1,1,245,217,125,126
1,14524,0.27995151,0.26082196,0.27038673,1,1,245,217,125,126
1,14525,0.28176688,0.29213465,0.28695077,1,1,245,217,125,126
1,14526,0.29274527,0.29213465,0.29243996,1,1,245,217,125,126
1,14527,0.31526414,0.28052511,0.29789462,1,1,245,217,125,126
1,14528,0.31526414,0.29213465,0.30369939,1,1,245,217,125,126
1,14529,0.30289126,0.29065918,0.29677522,1,1,245,217,125,126
1,14530,0.32622201,0.29213465,0.30917833,1,1,245,217,125,126
1,14531,0.30289126,0.28052511,0.29170818,1,1,245,217,125,126
1,14532,0.30289126,0.28194194,0.29241660,1,1,245,217,125,126
1,14533,0.34534917,0.28052511,0.31293714,1,1,245,217,125,126
1,14534,0.34534917,0.33476703,0.34005810,1,1,245,217,125,126
1,14535,0.32622201,0.29361011,0.30991606,1,1,245,217,125,126
1,14536,0.32622201,0.29361011,0.30991606,1,1,245,217,125,126
1,14537,0.30289126,0.32022208,0.31155667,1,1,245,217,125,126
1,14538,0.30289126,0.28194194,0.29241660,1,1,245,217,125,126
1,14539,0.30289126,0.28052511,0.29170818,1,1,245,217,125,126
1,14540,0.36765496,0.28261670,0.32513583,1,1,245,203,125,126
1,14541,0.32412021,0.33347448,0.32879735,1,1,245,217,125,126
1,14542,0.34534917,0.33347448,0.33941182,1,1,245,217,125,126
1,14543,0.32622201,0.33347448,0.32984824,1,1,245,217,125,126
1,14544,0.32622201,0.33476703,0.33049452,1,1,245,217,125,126
1,14545,0.33333333,0.29088353,0.31210843,1,1,245,217,125,126
1,14546,0.30485539,0.29213465,0.29849502,1,1,245,217,125,126
1,14547,0.28487783,0.29213465,0.28850624,1,1,245,217,125,126
1,14548,0.25988886,0.24002388,0.24995637,1,1,245,217,125,126
1,14549,0.20370544,0.19565217,0.19967881,1,1,245,217,125,126
1,14550,0.15843756,0.15217391,0.15530574,1,1,245,217,125,126
1,14551,0.15470397,0.17658925,0.16564661,1,1,245,203,125,126
1,14552,0.21657405,0.20815272,0.21236339,1,1,245,203,125,126
1,14553,0.24002388,0.22916667,0.23459527,1,1,245,203,125,126
1,14554,0.30485539,0.27059854,0.28772697,1,1,245,203,125,126
1,14555,0.32622201,0.29976028,0.31299114,1,1,245,203,125,126
1,14556,0.32412021,0.29166667,0.30789344,1,1,245,203,125,126
1,14557,0.33839145,0.30124516,0.31981830,1,1,245,203,125,126
1,14558,0.34539067,0.33333333,0.33936200,1,1,245,203,125,126
1,14559,0.34890657,0.32000000,0.33445328,1,1,245,203,125,126
1,14560,0.34534917,0.32000000,0.33267458,1,1,245,203,125,126
1,14561,0.34001926,0.31250000,0.32625963,1,1,228,194,150,151
1,14562,0.33538644,0.31974430,0.32756537,1,1,228,194,150,151
1,14563,0.32147669,0.29314725,0.30731197,1,1,228,194,150,151
1,14564,0.34409605,0.31974430,0.33192017,1,1,228,194,150,151
1,14565,0.32557641,0.31222908,0.31890275,1,1,228,194,150,151
1,14566,0.32090209,0.27977626,0.30033918,1,1,228,194,150,151
1,14567,0.32147669,0.28000000,0.30073835,1,1,228,194,150,151
1,14568,0.32557641,0.31222908,0.31890275,1,1,228,194,150,151
1,14569,0.35051890,0.29166667,0.32109278,1,1,228,194,150,151
1,14570,0.32268521,0.28119648,0.30194084,1,1,228,194,150,151
1,14571,0.32268521,0.29166667,0.30717594,1,1,228,194,150,151
1,14572,0.32090209,0.29976028,0.31033118,1,1,228,194,150,151
1,14573,0.32090209,0.31222908,0.31656559,1,1,228,194,150,151
1,14574,0.31341958,0.27059854,0.29200906,1,1,228,194,150,151
1,14575,0.31622777,0.29166667,0.30394722,1,1,228,194,150,151
1,14576,0.32090209,0.27059854,0.29575032,1,1,228,194,150,151
1,14577,0.32268521,0.32124516,0.32196518,1,1,228,194,150,151
1,14578,0.34409605,0.29976028,0.32192816,1,1,228,194,150,151
1,14579,0.32557641,0.31222908,0.31890275,1,1,228,194,150,151
1,14580,0.34534917,0.32124516,0.33329716,1,1,228,194,150,151
1,14581,0.32147669,0.31974430,0.32061050,1,1,228,194,150,151
1,14582,0.32412021,0.31974430,0.32193225,1,1,245,203,125,126
1,14583,0.34534917,0.28142136,0.31338526,1,1,245,203,125,126
1,14584,0.35735331,0.32000000,0.33867665,1,1,228,194,150,151
1,14585,0.34644022,0.28000000,0.31322011,1,1,245,203,125,126
1,14586,0.34534917,0.28000000,0.31267458,1,1,245,203,125,126
1,14587,0.32538441,0.32000000,0.32269220,1,1,245,203,125,126
1,14588,0.30289126,0.28000000,0.29144563,1,1,245,203,125,126
1,14589,0.32147669,0.28000000,0.30073835,1,1,245,203,125,126
1,14590,0.36878177,0.31250000,0.34064089,1,1,245,203,125,126
1,14591,0.30289126,0.31222908,0.30756017,1,1,245,203,125,126
1,14592,0.32090209,0.31250000,0.31670105,1,1,245,217,125,126
1,14593,0.30289126,0.28142136,0.29215631,1,1,245,217,125,126
1,14594,0.32147669,0.29141381,0.30644525,1,1,245,217,125,126
1,14595,0.34534917,0.31352500,0.32943708,1,1,245,217,125,126
1,14596,0.30289126,0.29141381,0.29715253,1,1,245,217,125,126
1,14597,0.30289126,0.30000000,0.30144563,1,1,245,217,125,126
1,14598,0.31622777,0.29141381,0.30382079,1,1,245,217,125,126
1,14599,0.32412021,0.31352500,0.31882260,1,1,245,217,125,126
1,14600,0.32412021,0.30100444,0.31256233,1,1,245,217,125,126
1,14601,0.30289126,0.29314725,0.29801925,1,1,245,217,125,126
1,14602,0.30289126,0.29314725,0.29801925,1,1,245,217,125,126
1,14603,0.33839145,0.31222908,0.32531027,1,1,245,217,125,126
1,14604,0.31622777,0.29141381,0.30382079,1,1,245,217,125,126
1,14605,0.30289126,0.31370838,0.30829982,1,1,245,217,125,126
1,14606,0.33839145,0.30118050,0.31978597,1,1,245,217,125,126
1,14607,0.34250477,0.30000000,0.32125238,1,1,245,217,125,126
1,14608,0.34534917,0.30000000,0.32267458,1,1,245,217,125,126
1,14609,0.34534917,0.30000000,0.32267458,1,1,245,217,125,126
1,14610,0.30736845,0.27977626,0.29357235,1,1,245,217,125,126
1,14611,0.30289126,0.27977626,0.29133376,1,1,245,217,125,126
1,14612,0.32090209,0.29976028,0.31033118,1,1,245,217,125,126
1,14613,0.32412021,0.29289311,0.30850666,1,1,245,217,125,126
1,14614,0.32412021,0.31222908,0.31817465,1,1,245,217,125,126
1,14615,0.30289126,0.29166667,0.29727896,1,1,245,217,125,126
1,14616,0.32412021,0.30118050,0.31265036,1,1,245,217,125,126
1,14617,0.32859740,0.28142136,0.30500938,1,1,245,217,125,126
1,14618,0.33538644,0.29166667,0.31352656,1,1,245,217,125,126
1,14619,0.33839145,0.29141381,0.31490263,1,1,245,217,125,126
1,14620,0.31622777,0.31352500,0.31487638,1,1,245,217,125,126
1,14621,0.31622777,0.29289311,0.30456044,1,1,245,217,125,126
1,14622,0.31622777,0.29141381,0.30382079,1,1,245,217,125,126
1,14623,0.32538441,0.30100444,0.31319442,1,1,245,217,125,126
1,14624,0.32412021,0.29166667,0.30789344,1,1,245,217,125,126
1,14625,0.34250477,0.28000000,0.31125238,1,1,245,217,125,126
1,14626,0.34253251,0.29314725,0.31783988,1,1,245,217,125,126
1,14627,0.30289126,0.27977626,0.29133376,1,1,245,217,125,126
1,14628,0.32412021,0.29141381,0.30776701,1,1,245,217,125,126
1,14629,0.32412021,0.29141381,0.30776701,1,1,245,217,125,126
1,14630,0.32412021,0.28119648,0.30265835,1,1,245,217,125,126
1,14631,0.32412021,0.28119648,0.30265835,1,1,245,217,125,126
1,14632,0.32412021,0.28119648,0.30265835,1,1,245,217,125,126
1,14633,0.28172409,0.27977626,0.28075017,1,1,245,217,125,126
1,14634,0.32412021,0.28119648,0.30265835,1,1,245,217,125,126
1,14635,0.31622777,0.30434783,0.31028780,1,1,245,217,125,126
1,14636,0.32622201,0.29289311,0.30955756,1,1,245,217,125,126
1,14637,0.28172409,0.27977626,0.28075017,1,1,245,217,125,126
1,14638,0.28172409,0.27977626,0.28075017,1,1,245,217,125,126
1,14639,0.30289126,0.27207783,0.28748455,1,1,245,217,125,126
1,14640,0.30289126,0.25979224,0.28134175,1,1,245,217,125,126
1,14641,0.32622201,0.25979224,0.29300713,1,1,245,217,125,126
1,14642,0.28172409,0.27977626,0.28075017,1,1,245,217,125,126
1,14643,0.32622201,0.29289311,0.30955756,1,1,245,217,125,126
1,14644,0.32622201,0.28119648,0.30370924,1,1,245,217,125,126
1,14645,0.32622201,0.28119648,0.30370924,1,1,245,217,125,126
1,14646,0.28355096,0.28119648,0.28237372,1,1,245,217,125,126
1,14647,0.28355096,0.27977626,0.28166361,1,1,245,217,125,126
1,14648,0.32622201,0.27977626,0.30299913,1,1,245,217,125,126
1,14649,0.32412021,0.29976028,0.31194024,1,1,245,217,125,126
1,14650,0.32412021,0.31222908,0.31817465,1,1,245,217,125,126
1,14651,0.32412021,0.28119648,0.30265835,1,1,245,217,125,126
1,14652,0.32412021,0.30118050,0.31265036,1,1,245,217,125,126
1,14653,0.32412021,0.31222908,0.31817465,1,1,245,217,125,126
1,14654,0.32622201,0.29976028,0.31299114,1,1,245,217,125,126
1,14655,0.32622201,0.29141381,0.30881791,1,1,245,217,125,126
1,14656,0.32412021,0.29141381,0.30776701,1,1,245,217,125,126
1,14657,0.32622201,0.29141381,0.30881791,1,1,245,217,125,126
1,14658,0.30485539,0.28000000,0.29242770,1,1,245,217,125,126
1,14659,0.32412021,0.28142136,0.30277078,1,1,245,217,125,126
1,14660,0.34534917,0.31250000,0.32892458,1,1,245,217,125,126
1,14661,0.30289126,0.31250000,0.30769563,1,1,245,217,125,126
1,14662,0.30289126,0.29289311,0.29789218,1,1,245,217,125,126
1,14663,0.30289126,0.29976028,0.30132577,1,1,245,217,125,126
1,14664,0.31622777,0.29289311,0.30456044,1,1,245,217,125,126
1,14665,0.30289126,0.29141381,0.29715253,1,1,245,217,125,126
1,14666,0.30289126,0.27207783,0.28748455,1,1,245,217,125,126
1,14667,0.30289126,0.29141381,0.29715253,1,1,245,217,125,126
1,14668,0.30289126,0.29289311,0.29789218,1,1,245,217,125,126
1,14669,0.30289126,0.29289311,0.29789218,1,1,245,217,125,126
1,14670,0.30289126,0.29141381,0.29715253,1,1,245,217,125,126
1,14671,0.30289126,0.27207783,0.28748455,1,1,245,217,125,126
1,14672,0.30289126,0.29314725,0.29801925,1,1,245,217,125,126
1,14673,0.30289126,0.29289311,0.29789218,1,1,245,217,125,126
1,14674,0.30289126,0.31250000,0.30769563,1,1,245,217,125,126
1,14675,0.32412021,0.30124516,0.31268268,1,1,245,217,125,126
1,14676,0.32412021,0.30100444,0.31256233,1,1,245,217,125,126
1,14677,0.30289126,0.29166667,0.29727896,1,1,245,217,125,126
1,14678,0.30289126,0.31222908,0.30756017,1,1,245,217,125,126
1,14679,0.30289126,0.29976028,0.30132577,1,1,245,217,125,126
1,14680,0.32412021,0.30142136,0.31277078,1,1,245,217,125,126
1,14681,0.30289126,0.29314725,0.29801925,1,1,245,217,125,126
1,14682,0.30289126,0.29976028,0.30132577,1,1,245,217,125,126
1,14683,0.32806006,0.32098846,0.32452426,1,1,245,217,125,126
1,14684,0.30289126,0.29289311,0.29789218,1,1,245,217,125,126
1,14685,0.30289126,0.29289311,0.29789218,1,1,245,217,125,126
1,14686,0.30289126,0.30142136,0.30215631,1,1,245,217,125,126
1,14687,0.32622201,0.30118050,0.31370125,1,1,245,217,125,126
1,14688,0.33839145,0.31370838,0.32604991,1,1,245,217,125,126
1,14689,0.30289126,0.30118050,0.30203588,1,1,245,217,125,126
1,14690,0.30289126,0.31370838,0.30829982,1,1,245,217,125,126
1,14691,0.32412021,0.30242466,0.31327244,1,1,245,217,125,126
1,14692,0.32412021,0.30118050,0.31265036,1,1,245,217,125,126
1,14693,0.32412021,0.30266651,0.31339336,1,1,245,217,125,126
1,14694,0.32412021,0.32098846,0.32255433,1,1,245,217,125,126
1,14695,0.30736845,0.28119648,0.29428246,1,1,245,217,125,126
1,14696,0.30289126,0.29976028,0.30132577,1,1,245,217,125,126
1,14697,0.32412021,0.30100444,0.31256233,1,1,245,217,125,126
1,14698,0.32806006,0.28119648,0.30462827,1,1,245,217,125,126
1,14699,0.32622201,0.28119648,0.30370924,1,1,245,217,125,126
1,14700,0.32412021,0.30118050,0.31265036,1,1,245,217,125,126
1,14701,0.30289126,0.29314725,0.29801925,1,1,245,217,125,126
1,14702,0.32622201,0.31250000,0.31936100,1,1,245,217,125,126
1,14703,0.32412021,0.30118050,0.31265036,1,1,245,217,125,126
1,14704,0.32622201,0.31370838,0.31996519,1,1,245,217,125,126
1,14705,0.32622201,0.31398058,0.32010129,1,1,245,217,125,126
1,14706,0.30289126,0.29289311,0.29789218,1,1,245,217,125,126
1,14707,0.31846487,0.29289311,0.30567899,1,1,245,217,125,126
1,14708,0.32622201,0.29289311,0.30955756,1,1,245,217,125,126
1,14709,0.32622201,0.31352500,0.31987350,1,1,245,217,125,126
1,14710,0.33018740,0.30100444,0.31559592,1,1,245,217,125,126
1,14711,0.32412021,0.29289311,0.30850666,1,1,245,217,125,126
1,14712,0.33918498,0.31222908,0.32570703,1,1,245,217,125,126
1,14713,0.32557641,0.27059854,0.29808748,1,1,245,217,125,126
1,14714,0.31622777,0.29141381,0.30382079,1,1,245,217,125,126
1,14715,0.31622777,0.29141381,0.30382079,1,1,245,217,125,126
1,14716,0.34078535,0.29166667,0.31622601,1,1,245,217,125,126
1,14717,0.34078535,0.29289311,0.31683923,1,1,245,217,125,126
1,14718,0.36310582,0.30118050,0.33214316,1,1,245,217,125,126
1,14719,0.32412021,0.27977626,0.30194824,1,1,245,217,125,126
1,14720,0.32412021,0.28119648,0.30265835,1,1,245,217,125,126
1,14721,0.32412021,0.30100444,0.31256233,1,1,245,217,125,126
1,14722,0.34758863,0.30100444,0.32429653,1,1,245,217,125,126
1,14723,0.36055513,0.33476703,0.34766108,1,1,245,217,125,126
1,14724,0.32412021,0.30118050,0.31265036,1,1,245,217,125,126
1,14725,0.32622201,0.28261670,0.30441935,1,1,245,217,125,126
1,14726,0.30136915,0.28119648,0.29128282,1,1,245,217,125,126
1,14727,0.32622201,0.28261670,0.30441935,1,1,245,217,125,126
1,14728,0.32622201,0.28119648,0.30370924,1,1,245,217,125,126
1,14729,0.30485539,0.29289311,0.29887425,1,1,245,217,125,126
1,14730,0.34078535,0.30100444,0.32089489,1,1,245,217,125,126
1,14731,0.34758863,0.30124516,0.32441689,1,1,245,217,125,126
1,14732,0.34758863,0.30100444,0.32429653,1,1,245,217,125,126
1,14733,0.32622201,0.31250000,0.31936100,1,1,245,217,125,126
1,14734,0.34534917,0.31370838,0.32952877,1,1,245,217,125,126
1,14735,0.32622201,0.29314725,0.30968463,1,1,245,217,125,126
1,14736,0.32412021,0.32098846,0.32255433,1,1,245,217,125,126
1,14737,0.34758863,0.31370838,0.33064850,1,1,245,217,125,126
1,14738,0.32487995,0.33304436,0.32896215,1,1,245,217,125,126
1,14739,0.34534917,0.31142055,0.32838486,1,1,245,217,125,126
1,14740,0.34758863,0.31222908,0.32990886,1,1,245,217,125,126
1,14741,0.30485539,0.31398058,0.30941799,1,1,245,217,125,126
1,14742,0.30485539,0.31398058,0.30941799,1,1,245,217,125,126
1,14743,0.30136915,0.31370838,0.30753877,1,1,245,217,125,126
1,14744,0.30289126,0.31352500,0.30820813,1,1,245,217,125,126
1,14745,0.33839145,0.31352500,0.32595822,1,1,245,217,125,126
1,14746,0.32278680,0.30046142,0.31162411,1,1,245,217,125,126
1,14747,0.32259811,0.31370838,0.31815324,1,1,245,217,125,126
1,14748,0.32622201,0.31250000,0.31936100,1,1,245,217,125,126
1,14749,0.35916300,0.31370838,0.33643569,1,1,245,217,125,126
1,14750,0.33839145,0.31370838,0.32604991,1,1,245,217,125,126
1,14751,0.32622201,0.29314725,0.30968463,1,1,245,217,125,126
1,14752,0.33918498,0.31250000,0.32584249,1,1,245,217,125,126
1,14753,0.34534917,0.31222908,0.32878913,1,1,245,217,125,126
1,14754,0.36661963,0.33304436,0.34983199,1,1,245,217,125,126
1,14755,0.36661963,0.33304436,0.34983199,1,1,245,217,125,126
1,14756,0.30289126,0.30118050,0.30203588,1,1,245,217,125,126
1,14757,0.30289126,0.29141381,0.29715253,1,1,245,217,125,126
1,14758,0.33699932,0.31289602,0.32494767,1,1,245,217,125,126
1,14759,0.32622201,0.30142136,0.31382168,1,1,245,217,125,126
1,14760,0.34758863,0.30100444,0.32429653,1,1,245,217,125,126
1,14761,0.32487995,0.31370838,0.31929416,1,1,245,217,125,126
1,14762,0.32622201,0.31398058,0.32010129,1,1,245,217,125,126
1,14763,0.34758863,0.30124516,0.32441689,1,1,245,217,125,126
1,14764,0.32622201,0.30124516,0.31373358,1,1,245,217,125,126
1,14765,0.32622201,0.30100444,0.31361322,1,1,245,217,125,126
1,14766,0.30289126,0.30124516,0.30206821,1,1,245,217,125,126
1,14767,0.34624657,0.30100444,0.32362550,1,1,245,217,125,126
1,14768,0.32622201,0.31398058,0.32010129,1,1,245,217,125,126
1,14769,0.32487995,0.31222908,0.31855452,1,1,245,217,125,126
1,14770,0.32622201,0.31370838,0.31996519,1,1,245,217,125,126
1,14771,0.34624657,0.30124516,0.32374586,1,1,245,217,125,126
1,14772,0.32487995,0.30124516,0.31306255,1,1,245,217,125,126
1,14773,0.33938337,0.31222908,0.32580623,1,1,245,217,125,126
1,14774,0.31846487,0.31352500,0.31599493,1,1,245,217,125,126
1,14775,0.33839145,0.29289311,0.31564228,1,1,245,217,125,126
1,14776,0.32412021,0.30100444,0.31256233,1,1,245,217,125,126
1,14777,0.34758863,0.31352500,0.33055681,1,1,245,217,125,126
1,14778,0.34758863,0.30046142,0.32402502,1,1,245,217,125,126
1,14779,0.32622201,0.31370838,0.31996519,1,1,245,217,125,126
1,14780,0.32412021,0.31222908,0.31817465,1,1,245,217,125,126
1,14781,0.32412021,0.31222908,0.31817465,1,1,245,217,125,126
1,14782,0.33918498,0.31352500,0.32635499,1,1,245,217,125,126
1,14783,0.32469003,0.31398058,0.31933531,1,1,245,217,125,126
1,14784,0.34078535,0.29166667,0.31622601,1,1,245,217,125,126
1,14785,0.34078535,0.30124516,0.32101525,1,1,245,217,125,126
1,14786,0.31846487,0.29166667,0.30506577,1,1,245,217,125,126
1,14787,0.32622201,0.31352500,0.31987350,1,1,245,217,125,126
1,14788,0.32412021,0.30100444,0.31256233,1,1,245,217,125,126
1,14789,0.33918498,0.31352500,0.32635499,1,1,245,217,125,126
1,14790,0.32412021,0.33434027,0.32923024,1,1,245,217,125,126
1,14791,0.33680232,0.33304436,0.33492334,1,1,245,217,125,126
1,14792,0.31846487,0.29141381,0.30493934,1,1,245,217,125,126
1,14793,0.32412021,0.31352500,0.31882260,1,1,245,217,125,126
1,14794,0.32259811,0.31142055,0.31700933,1,1,245,217,125,126
1,14795,0.32412021,0.31352500,0.31882260,1,1,245,217,125,126
1,14796,0.32622201,0.31222908,0.31922555,1,1,245,217,125,126
1,14797,0.34078535,0.33434027,0.33756281,1,1,245,217,125,126
1,14798,0.32469003,0.31352500,0.31910751,1,1,245,217,125,126
1,14799,0.32469003,0.31222908,0.31845956,1,1,245,217,125,126
1,14800,0.33918498,0.31222908,0.32570703,1,1,245,217,125,126
1,14801,0.32622201,0.31352500,0.31987350,1,1,245,217,125,126
1,14802,0.32622201,0.29141381,0.30881791,1,1,245,217,125,126
1,14803,0.32622201,0.29141381,0.30881791,1,1,245,217,125,126
1,14804,0.32622201,0.29141381,0.30881791,1,1,245,217,125,126
1,14805,0.32622201,0.29141381,0.30881791,1,1,245,217,125,126
1,14806,0.32622201,0.29141381,0.30881791,1,1,245,217,125,126
1,14807,0.34078535,0.30118050,0.32098292,1,1,245,217,125,126
1,14808,0.34078535,0.30118050,0.32098292,1,1,245,217,125,126
1,14809,0.32622201,0.30118050,0.31370125,1,1,245,217,125,126
1,14810,0.32622201,0.30118050,0.31370125,1,1,245,217,125,126
1,14811,0.32622201,0.29976028,0.31299114,1,1,245,217,125,126
1,14812,0.32622201,0.33304436,0.32963318,1,1,245,217,125,126
1,14813,0.33938337,0.30100444,0.32019390,1,1,245,217,125,126
1,14814,0.30289126,0.29976028,0.30132577,1,1,245,217,125,126
1,14815,0.32622201,0.30100444,0.31361322,1,1,245,217,125,126
1,14816,0.30485539,0.30100444,0.30292992,1,1,245,217,125,126
1,14817,0.30289126,0.30242466,0.30265796,1,1,245,217,125,126
1,14818,0.32622201,0.30100444,0.31361322,1,1,245,217,125,126
1,14819,0.30485539,0.31222908,0.30854224,1,1,245,217,125,126
1,14820,0.31846487,0.29289311,0.30567899,1,1,245,217,125,126
1,14821,0.29620936,0.29141381,0.29381159,1,1,245,217,125,126
1,14822,0.31846487,0.29141381,0.30493934,1,1,245,217,125,126
1,14823,0.32622201,0.29141381,0.30881791,1,1,245,217,125,126
1,14824,0.32622201,0.30100444,0.31361322,1,1,245,217,125,126
1,14825,0.32622201,0.30242466,0.31432333,1,1,245,217,125,126
1,14826,0.30289126,0.30028578,0.30158852,1,1,245,217,125,126
1,14827,0.34078535,0.28119648,0.31099091,1,1,245,217,125,126
1,14828,0.28355096,0.30100444,0.29227770,1,1,245,217,125,126
1,14829,0.28355096,0.28119648,0.28237372,1,1,245,217,125,126
1,14830,0.34078535,0.29289311,0.31683923,1,1,245,217,125,126
1,14831,0.28355096,0.30100444,0.29227770,1,1,245,217,125,126
1,14832,0.32622201,0.27977626,0.30299913,1,1,245,217,125,126
1,14833,0.34758863,0.29976028,0.32367445,1,1,245,217,125,126
1,14834,0.31846487,0.31222908,0.31534698,1,1,245,217,125,126
1,14835,0.34078535,0.31222908,0.32650721,1,1,245,217,125,126
1,14836,0.34078535,0.31352500,0.32715517,1,1,245,217,125,126
1,14837,0.31846487,0.31352500,0.31599493,1,1,245,217,125,126
1,14838,0.30485539,0.29141381,0.29813460,1,1,245,217,125,126
1,14839,0.32622201,0.29141381,0.30881791,1,1,245,217,125,126
1,14840,0.32622201,0.27977626,0.30299913,1,1,245,217,125,126
1,14841,0.28355096,0.29141381,0.28748239,1,1,245,217,125,126
1,14842,0.32469003,0.29141381,0.30805192,1,1,245,217,125,126
1,14843,0.32622201,0.29141381,0.30881791,1,1,245,217,125,126
1,14844,0.33938337,0.31222908,0.32580623,1,1,245,217,125,126
1,14845,0.29620936,0.29141381,0.29381159,1,1,245,217,125,126
1,14846,0.33918498,0.27977626,0.30948062,1,1,245,217,125,126
1,14847,0.30491758,0.29141381,0.29816570,1,1,245,217,125,126
1,14848,0.32622201,0.29141381,0.30881791,1,1,245,217,125,126
1,14849,0.31846487,0.29289311,0.30567899,1,1,245,217,125,126
1,14850,0.31846487,0.31222908,0.31534698,1,1,245,217,125,126
1,14851,0.36170385,0.31222908,0.33696647,1,1,245,217,125,126
1,14852,0.34078535,0.31222908,0.32650721,1,1,245,217,125,126
1,14853,0.29434564,0.29141381,0.29287972,1,1,245,217,125,126
1,14854,0.32622201,0.31222908,0.31922555,1,1,245,217,125,126
1,14855,0.30485539,0.29976028,0.30230783,1,1,245,217,125,126
1,14856,0.33918498,0.29141381,0.31529940,1,1,245,217,125,126
1,14857,0.32622201,0.31222908,0.31922555,1,1,245,217,125,126
1,14858,0.34078535,0.29314725,0.31696630,1,1,245,217,125,126
1,14859,0.31686450,0.29166667,0.30426559,1,1,245,217,125,126
1,14860,0.32622201,0.31222908,0.31922555,1,1,245,217,125,126
1,14861,0.32622201,0.31222908,0.31922555,1,1,245,217,125,126
1,14862,0.32622201,0.29141381,0.30881791,1,1,245,217,125,126
1,14863,0.32412021,0.31222908,0.31817465,1,1,245,217,125,126
1,14864,0.32622201,0.33304436,0.32963318,1,1,245,217,125,126
1,14865,0.32622201,0.31222908,0.31922555,1,1,245,217,125,126
1,14866,0.32622201,0.31222908,0.31922555,1,1,245,217,125,126
1,14867,0.34078535,0.29141381,0.31609958,1,1,245,217,125,126
1,14868,0.32622201,0.28119648,0.30370924,1,1,245,217,125,126
1,14869,0.32622201,0.31142055,0.31882128,1,1,245,217,125,126
1,14870,0.32622201,0.29141381,0.30881791,1,1,245,217,125,126
1,14871,0.32412021,0.29976028,0.31194024,1,1,245,217,125,126
1,14872,0.32622201,0.31222908,0.31922555,1,1,245,217,125,126
1,14873,0.32622201,0.29141381,0.30881791,1,1,245,217,125,126
1,14874,0.34758863,0.31222908,0.32990886,1,1,245,217,125,126
1,14875,0.30485539,0.29141381,0.29813460,1,1,245,217,125,126
1,14876,0.32622201,0.30118050,0.31370125,1,1,245,217,125,126
1,14877,0.32469003,0.30118050,0.31293527,1,1,245,217,125,126
1,14878,0.32622201,0.31974430,0.32298315,1,1,245,217,125,126
1,14879,0.32622201,0.28119648,0.30370924,1,1,245,217,125,126
1,14880,0.32622201,0.31370838,0.31996519,1,1,245,217,125,126
1,14881,0.30485539,0.28119648,0.29302594,1,1,245,217,125,126
1,14882,0.32622201,0.30118050,0.31370125,1,1,245,217,125,126
1,14883,0.32622201,0.28119648,0.30370924,1,1,245,217,125,126
1,14884,0.28355096,0.29141381,0.28748239,1,1,245,217,125,126
1,14885,0.32622201,0.30118050,0.31370125,1,1,245,217,125,126
1,14886,0.32622201,0.29976028,0.31299114,1,1,245,217,125,126
1,14887,0.28355096,0.29289311,0.28822203,1,1,245,217,125,126
1,14888,0.32622201,0.30100444,0.31361322,1,1,245,217,125,126
1,14889,0.34078535,0.30118050,0.32098292,1,1,245,217,125,126
1,14890,0.32412021,0.31222908,0.31817465,1,1,245,217,125,126
1,14891,0.32412021,0.29976028,0.31194024,1,1,245,217,125,126
1,14892,0.30485539,0.30124516,0.30305027,1,1,245,217,125,126
1,14893,0.32622201,0.30118050,0.31370125,1,1,245,217,125,126
1,14894,0.30485539,0.30118050,0.30301795,1,1,245,217,125,126
1,14895,0.31622777,0.28142136,0.29882456,1,1,245,217,125,126
1,14896,0.33699932,0.30124516,0.31912224,1,1,245,217,125,126
1,14897,0.30485539,0.28000000,0.29242770,1,1,245,217,125,126
1,14898,0.31846487,0.28119648,0.29983068,1,1,245,217,125,126
1,14899,0.32622201,0.30100444,0.31361322,1,1,245,217,125,126
1,14900,0.32412021,0.28119648,0.30265835,1,1,245,217,125,126
1,14901,0.30485539,0.29976028,0.30230783,1,1,245,217,125,126
1,14902,0.32412021,0.28119648,0.30265835,1,1,245,217,125,126
1,14903,0.32412021,0.28261670,0.30336846,1,1,245,217,125,126
1,14904,0.30332342,0.30242466,0.30287404,1,1,245,217,125,126
1,14905,0.32622201,0.30242466,0.31432333,1,1,245,217,125,126
1,14906,0.32622201,0.30100444,0.31361322,1,1,245,217,125,126
1,14907,0.32622201,0.30242466,0.31432333,1,1,245,217,125,126
1,14908,0.28355096,0.29976028,0.29165562,1,1,245,217,125,126
1,14909,0.30485539,0.28052511,0.29269025,1,1,245,217,125,126
1,14910,0.30289126,0.30100444,0.30194785,1,1,245,217,125,126
1,14911,0.30289126,0.30118050,0.30203588,1,1,245,217,125,126
1,14912,0.32622201,0.30242466,0.31432333,1,1,245,217,125,126
1,14913,0.36170385,0.31352500,0.33761442,1,1,245,217,125,126
1,14914,0.34758863,0.30100444,0.32429653,1,1,245,217,125,126
1,14915,0.31846487,0.30100444,0.30973465,1,1,245,217,125,126
1,14916,0.34401575,0.30100444,0.32251010,1,1,245,217,125,126
1,14917,0.28176688,0.28119648,0.28148168,1,1,245,217,125,126
1,14918,0.34758863,0.30028578,0.32393720,1,1,245,217,125,126
1,14919,0.32622201,0.30100444,0.31361322,1,1,245,217,125,126
1,14920,0.32622201,0.31250000,0.31936100,1,1,245,217,125,126
1,14921,0.30491758,0.31352500,0.30922129,1,1,245,217,125,126
1,14922,0.32622201,0.29141381,0.30881791,1,1,245,217,125,126
1,14923,0.30485539,0.30100444,0.30292992,1,1,245,217,125,126
1,14924,0.28355096,0.28119648,0.28237372,1,1,245,217,125,126
1,14925,0.32622201,0.30242466,0.31432333,1,1,245,217,125,126
1,14926,0.32622201,0.31222908,0.31922555,1,1,245,217,125,126
1,14927,0.34078535,0.31222908,0.32650721,1,1,245,217,125,126
1,14928,0.36310582,0.29976028,0.33143305,1,1,245,217,125,126
1,14929,0.32412021,0.33434027,0.32923024,1,1,245,217,125,126
1,14930,0.30289126,0.31142055,0.30715590,1,1,245,217,125,126
1,14931,0.30289126,0.28119648,0.29204387,1,1,245,217,125,126
1,14932,0.32412021,0.30170261,0.31291141,1,1,245,217,125,126
1,14933,0.34078535,0.31222908,0.32650721,1,1,245,217,125,126
1,14934,0.34078535,0.31222908,0.32650721,1,1,245,217,125,126
1,14935,0.28355096,0.31352500,0.29853798,1,1,245,217,125,126
1,14936,0.32412021,0.30170261,0.31291141,1,1,245,217,125,126
1,14937,0.32412021,0.28261670,0.30336846,1,1,245,217,125,126
1,14938,0.32622201,0.29141381,0.30881791,1,1,245,217,125,126
1,14939,0.31463864,0.31222908,0.31343386,1,1,245,217,125,126
1,14940,0.30289126,0.28119648,0.29204387,1,1,245,217,125,126
1,14941,0.31622777,0.31222908,0.31422843,1,1,245,217,125,126
1,14942,0.33680232,0.28052511,0.30866372,1,1,245,217,125,126
1,14943,0.32622201,0.29141381,0.30881791,1,1,245,217,125,126
1,14944,0.28355096,0.29289311,0.28822203,1,1,245,217,125,126
1,14945,0.28355096,0.29289311,0.28822203,1,1,245,217,125,126
1,14946,0.32622201,0.29141381,0.30881791,1,1,245,217,125,126
1,14947,0.32622201,0.29141381,0.30881791,1,1,245,217,125,126
1,14948,0.32622201,0.29141381,0.30881791,1,1,245,217,125,126
1,14949,0.32622201,0.29141381,0.30881791,1,1,245,217,125,126
1,14950,0.30491758,0.28119648,0.29305703,1,1,245,217,125,126
1,14951,0.32622201,0.31222908,0.31922555,1,1,245,217,125,126
1,14952,0.32622201,0.33304436,0.32963318,1,1,245,217,125,126
1,14953,0.34758863,0.30242466,0.32500664,1,1,245,217,125,126
1,14954,0.30485539,0.29141381,0.29813460,1,1,245,217,125,126
1,14955,0.30485539,0.29289311,0.29887425,1,1,245,217,125,126
1,14956,0.28355096,0.27977626,0.28166361,1,1,245,217,125,126
1,14957,0.32622201,0.30118050,0.31370125,1,1,245,217,125,126
1,14958,0.32622201,0.28261670,0.30441935,1,1,245,217,125,126
1,14959,0.32622201,0.31222908,0.31922555,1,1,245,217,125,126
1,14960,0.32622201,0.28119648,0.30370924,1,1,245,217,125,126
1,14961,0.28355096,0.25979224,0.27167160,1,1,245,217,125,126
1,14962,0.31846487,0.27059854,0.29453171,1,1,245,217,125,126
1,14963,0.29434564,0.27977626,0.28706095,1,1,245,217,125,126
1,14964,0.29434564,0.29141381,0.29287972,1,1,245,217,125,126
1,14965,0.30289126,0.28119648,0.29204387,1,1,245,217,125,126
1,14966,0.32412021,0.33218192,0.32815107,1,1,245,217,125,126
1,14967,0.32412021,0.31222908,0.31817465,1,1,245,217,125,126
1,14968,0.32622201,0.29141381,0.30881791,1,1,245,217,125,126
1,14969,0.31846487,0.29141381,0.30493934,1,1,245,217,125,126
1,14970,0.28487783,0.25172422,0.26830103,1,1,245,217,125,126
1,14971,0.25084656,0.22198039,0.23641347,1,1,245,217,125,126
1,14972,0.21871855,0.22169650,0.22020753,1,1,245,217,125,126
1,14973,0.25308776,0.24165525,0.24737151,1,1,245,217,125,126
1,14974,0.27535374,0.24165525,0.25850450,1,1,245,217,125,126
1,14975,0.26347371,0.22165525,0.24256448,1,1,245,217,125,126
1,14976,0.26347371,0.22916667,0.24632019,1,1,245,217,125,126
1,14977,0.23823145,0.25000000,0.24411573,1,1,245,217,125,126
1,14978,0.25308776,0.20833333,0.23071055,1,1,245,217,125,126
1,14979,0.21871855,0.20833333,0.21352594,1,1,245,217,125,126
1,14980,0.25308776,0.22916667,0.24112721,1,1,245,217,125,126
1,14981,0.25988886,0.25172422,0.25580654,1,1,245,203,125,126
1,14982,0.25988886,0.25000000,0.25494443,1,1,245,203,125,126
1,14983,0.27535374,0.25000000,0.26267687,1,1,245,217,125,126
1,14984,0.27535374,0.22896799,0.25216087,1,1,245,217,125,126
1,14985,0.27535374,0.22896799,0.25216087,1,1,245,217,125,126
1,14986,0.23925636,0.22896799,0.23411218,1,1,245,217,125,126
1,14987,0.28355096,0.26266875,0.27310986,1,1,245,203,125,126
1,14988,0.29434564,0.27059854,0.28247209,1,1,245,203,125,126
1,14989,0.28201899,0.29141381,0.28671640,1,1,245,203,125,126
1,14990,0.32622201,0.29141381,0.30881791,1,1,245,217,125,126
1,14991,0.31622777,0.29141381,0.30382079,1,1,245,217,125,126
1,14992,0.31622777,0.30406057,0.31014417,1,1,245,217,125,126
1,14993,0.30289126,0.29289311,0.29789218,1,1,245,217,125,126
1,14994,0.30289126,0.28154626,0.29221876,1,1,245,217,125,126
1,14995,0.30289126,0.27059854,0.28674490,1,1,245,217,125,126
1,14996,0.30136915,0.29065918,0.29601417,1,1,245,217,125,126
1,14997,0.30289126,0.29141381,0.29715253,1,1,245,217,125,126
1,14998,0.30289126,0.29141381,0.29715253,1,1,245,217,125,126
1,14999,0.30289126,0.26082196,0.28185661,1,1,245,217,125,126
1,15000,0.31463864,0.27207783,0.29335824,1,1,245,217,125,126
1,15001,0.28355096,0.25979224,0.27167160,1,1,245,217,125,126
1,15002,0.28172409,0.27232127,0.27702268,1,1,245,217,125,126
1,15003,0.28355096,0.27059854,0.27707475,1,1,245,217,125,126
1,15004,0.32622201,0.29289311,0.30955756,1,1,245,217,125,126
1,15005,0.30289126,0.26121246,0.28205186,1,1,245,217,125,126
1,15006,0.31463864,0.30118050,0.30790957,1,1,245,217,125,126
1,15007,0.30289126,0.28119648,0.29204387,1,1,245,217,125,126
1,15008,0.30295304,0.31271311,0.30783308,1,1,245,217,125,126
1,15009,0.30289126,0.28052511,0.29170818,1,1,245,217,125,126
1,15010,0.30289126,0.27059854,0.28674490,1,1,245,217,125,126
1,15011,0.30485539,0.27977626,0.29231583,1,1,245,217,125,126
1,15012,0.32622201,0.28119648,0.30370924,1,1,245,217,125,126
1,15013,0.30485539,0.30100444,0.30292992,1,1,245,217,125,126
1,15014,0.31846487,0.31352500,0.31599493,1,1,245,217,125,126
1,15015,0.31622777,0.29289311,0.30456044,1,1,245,217,125,126
1,15016,0.28355096,0.29314725,0.28834910,1,1,245,217,125,126
1,15017,0.30485539,0.29289311,0.29887425,1,1,245,217,125,126
1,15018,0.28201899,0.28261670,0.28231784,1,1,245,217,125,126
1,15019,0.33918498,0.29289311,0.31603904,1,1,245,217,125,126
1,15020,0.32622201,0.30406057,0.31514129,1,1,245,217,125,126
1,15021,0.31846487,0.28119648,0.29983068,1,1,245,217,125,126
1,15022,0.29274527,0.29141381,0.29207954,1,1,245,217,125,126
1,15023,0.31526414,0.29289311,0.30407862,1,1,245,217,125,126
1,15024,0.30485539,0.30560407,0.30522973,1,1,245,217,125,126
1,15025,0.32622201,0.29141381,0.30881791,1,1,245,217,125,126
1,15026,0.32622201,0.29141381,0.30881791,1,1,245,217,125,126
1,15027,0.32622201,0.28119648,0.30370924,1,1,245,217,125,126
1,15028,0.32622201,0.29141381,0.30881791,1,1,245,217,125,126
1,15029,0.32622201,0.29141381,0.30881791,1,1,245,217,125,126
1,15030,0.34078535,0.29141381,0.31609958,1,1,245,217,125,126
1,15031,0.32622201,0.27977626,0.30299913,1,1,245,217,125,126
1,15032,0.32622201,0.28119648,0.30370924,1,1,245,217,125,126
1,15033,0.32622201,0.29141381,0.30881791,1,1,245,217,125,126
1,15034,0.32622201,0.29289311,0.30955756,1,1,245,217,125,126
1,15035,0.32622201,0.29141381,0.30881791,1,1,245,217,125,126
1,15036,0.32622201,0.29289311,0.30955756,1,1,245,217,125,126
1,15037,0.34078535,0.29141381,0.31609958,1,1,245,217,125,126
1,15038,0.29620936,0.29289311,0.29455123,1,1,245,217,125,126
1,15039,0.32622201,0.28119648,0.30370924,1,1,245,217,125,126
1,15040,0.32622201,0.28119648,0.30370924,1,1,245,217,125,126
1,15041,0.32622201,0.29141381,0.30881791,1,1,245,217,125,126
1,15042,0.32622201,0.29289311,0.30955756,1,1,245,217,125,126
1,15043,0.32622201,0.29289311,0.30955756,1,1,245,217,125,126
1,15044,0.30289126,0.31370838,0.30829982,1,1,245,217,125,126
1,15045,0.30485539,0.30118050,0.30301795,1,1,245,217,125,126
1,15046,0.32622201,0.28119648,0.30370924,1,1,245,217,125,126
1,15047,0.33918498,0.29289311,0.31603904,1,1,245,217,125,126
1,15048,0.32487995,0.28119648,0.30303821,1,1,245,217,125,126
1,15049,0.32622201,0.29289311,0.30955756,1,1,245,217,125,126
1,15050,0.31846487,0.28119648,0.29983068,1,1,245,217,125,126
1,15051,0.32622201,0.28119648,0.30370924,1,1,245,217,125,126
1,15052,0.32412021,0.30100444,0.31256233,1,1,245,217,125,126
1,15053,0.32622201,0.28119648,0.30370924,1,1,245,217,125,126
1,15054,0.32622201,0.28119648,0.30370924,1,1,245,217,125,126
1,15055,0.32622201,0.29289311,0.30955756,1,1,245,217,125,126
1,15056,0.32622201,0.29289311,0.30955756,1,1,245,217,125,126
1,15057,0.30491758,0.29141381,0.29816570,1,1,245,217,125,126
1,15058,0.28355096,0.26144617,0.27249857,1,1,245,217,125,126
1,15059,0.32622201,0.28119648,0.30370924,1,1,245,217,125,126
1,15060,0.32622201,0.28119648,0.30370924,1,1,245,217,125,126
1,15061,0.32622201,0.29141381,0.30881791,1,1,245,217,125,126
1,15062,0.32622201,0.28119648,0.30370924,1,1,245,217,125,126
1,15063,0.32487995,0.27977626,0.30232810,1,1,245,217,125,126
1,15064,0.28355096,0.28119648,0.28237372,1,1,245,217,125,126
1,15065,0.30491758,0.29289311,0.29890534,1,1,245,217,125,126
1,15066,0.28355096,0.28119648,0.28237372,1,1,245,217,125,126
1,15067,0.32622201,0.28119648,0.30370924,1,1,245,217,125,126
1,15068,0.32622201,0.27977626,0.30299913,1,1,245,217,125,126
1,15069,0.32622201,0.27977626,0.30299913,1,1,245,217,125,126
1,15070,0.32622201,0.28261670,0.30441935,1,1,245,217,125,126
1,15071,0.32622201,0.29141381,0.30881791,1,1,245,217,125,126
1,15072,0.30485539,0.28119648,0.29302594,1,1,245,217,125,126
1,15073,0.32622201,0.29141381,0.30881791,1,1,245,217,125,126
1,15074,0.32622201,0.28119648,0.30370924,1,1,245,217,125,126
1,15075,0.33918498,0.28119648,0.31019073,1,1,245,217,125,126
1,15076,0.32622201,0.29141381,0.30881791,1,1,245,217,125,126
1,15077,0.28355096,0.29141381,0.28748239,1,1,245,217,125,126
1,15078,0.30491758,0.29141381,0.29816570,1,1,245,217,125,126
1,15079,0.32622201,0.29141381,0.30881791,1,1,245,217,125,126
1,15080,0.32622201,0.29289311,0.30955756,1,1,245,217,125,126
1,15081,0.29620936,0.29141381,0.29381159,1,1,245,217,125,126
1,15082,0.29274527,0.29141381,0.29207954,1,1,245,217,125,126
1,15083,0.28355096,0.27232127,0.27793611,1,1,245,217,125,126
1,15084,0.29620936,0.31352500,0.30486718,1,1,245,217,125,126
1,15085,0.28355096,0.29289311,0.28822203,1,1,245,217,125,126
1,15086,0.31852984,0.27059854,0.29456419,1,1,245,217,125,126
1,15087,0.29620936,0.28234196,0.28927566,1,1,245,217,125,126
1,15088,0.28355096,0.29289311,0.28822203,1,1,245,217,125,126
1,15089,0.29620936,0.29289311,0.29455123,1,1,245,217,125,126
1,15090,0.31463864,0.29314725,0.30389294,1,1,245,217,125,126
1,15091,0.30485539,0.29141381,0.29813460,1,1,245,217,125,126
1,15092,0.28355096,0.29289311,0.28822203,1,1,245,217,125,126
1,15093,0.34078535,0.31352500,0.32715517,1,1,245,217,125,126
1,15094,0.32622201,0.29289311,0.30955756,1,1,245,217,125,126
1,15095,0.29434564,0.29314725,0.29374644,1,1,245,217,125,126
1,15096,0.29620936,0.28119648,0.28870292,1,1,245,217,125,126
1,15097,0.30485539,0.29314725,0.29900132,1,1,245,217,125,126
1,15098,0.28355096,0.29976028,0.29165562,1,1,245,217,125,126
1,15099,0.28355096,0.28119648,0.28237372,1,1,245,217,125,126
1,15100,0.29620936,0.29289311,0.29455123,1,1,245,217,125,126
1,15101,0.32412021,0.30100444,0.31256233,1,1,245,217,125,126
1,15102,0.32412021,0.30100444,0.31256233,1,1,245,217,125,126
1,15103,0.30289126,0.31370838,0.30829982,1,1,245,217,125,126
1,15104,0.28355096,0.28119648,0.28237372,1,1,245,217,125,126
1,15105,0.30485539,0.29141381,0.29813460,1,1,245,217,125,126
1,15106,0.28355096,0.30100444,0.29227770,1,1,245,217,125,126
1,15107,0.28355096,0.30100444,0.29227770,1,1,245,217,125,126
1,15108,0.30485539,0.31352500,0.30919019,1,1,245,217,125,126
1,15109,0.30485539,0.29976028,0.30230783,1,1,245,217,125,126
1,15110,0.28355096,0.31222908,0.29789002,1,1,245,217,125,126
1,15111,0.30485539,0.30100444,0.30292992,1,1,245,217,125,126
1,15112,0.32622201,0.29976028,0.31299114,1,1,245,217,125,126
1,15113,0.32622201,0.29976028,0.31299114,1,1,245,217,125,126
1,15114,0.32622201,0.28119648,0.30370924,1,1,245,217,125,126
1,15115,0.32622201,0.29289311,0.30955756,1,1,245,217,125,126
1,15116,0.33918498,0.31370838,0.32644668,1,1,245,217,125,126
1,15117,0.29620936,0.27231391,0.28426164,1,1,245,217,125,126
1,15118,0.22858058,0.20815272,0.21836665,1,1,245,217,125,126
1,15119,0.20649180,0.16666667,0.18657923,1,1,245,217,125,126
1,15120,0.18385786,0.16666667,0.17526226,1,1,245,217,125,126
1,15121,0.18385786,0.16666667,0.17526226,1,1,245,217,125,126
1,15122,0.17592538,0.18750000,0.18171269,1,1,245,217,125,126
1,15123,0.22858058,0.23122957,0.22990507,1,1,245,217,125,126
1,15124,0.25308776,0.22916667,0.24112721,1,1,245,217,125,126
1,15125,0.23890592,0.20198039,0.22044316,1,1,245,217,125,126
1,15126,0.24037596,0.22916667,0.23477131,1,1,245,217,125,126
1,15127,0.23082178,0.20833333,0.21957756,1,1,245,217,125,126
1,15128,0.23925636,0.22916667,0.23421152,1,1,245,217,125,126
1,15129,0.26046246,0.24978327,0.25512286,1,1,245,217,125,126
1,15130,0.26168128,0.25000000,0.25584064,1,1,245,217,125,126
1,15131,0.25308776,0.23913043,0.24610910,1,1,245,217,125,126
1,15132,0.25180107,0.22916667,0.24048387,1,1,245,217,125,126
1,15133,0.27535374,0.26086957,0.26811165,1,1,245,217,125,126
1,15134,0.26347371,0.22165525,0.24256448,1,1,245,217,125,126
1,15135,0.27395385,0.25150600,0.26272992,1,1,245,217,125,126
1,15136,0.27535374,0.23980822,0.25758098,1,1,245,217,125,126
1,15137,0.27535374,0.23980822,0.25758098,1,1,245,217,125,126
1,15138,0.27395385,0.24000000,0.25697692,1,1,245,217,125,126
1,15139,0.26224653,0.27059854,0.26642254,1,1,245,217,125,126
1,15140,0.25180107,0.25000000,0.25090053,1,1,245,217,125,126
1,15141,0.26224653,0.25000000,0.25612327,1,1,245,217,125,126
1,15142,0.26224653,0.23980822,0.25102738,1,1,245,217,125,126
1,15143,0.26347371,0.23980822,0.25164097,1,1,245,217,125,126
1,15144,0.27535374,0.24978327,0.26256850,1,1,245,217,125,126
1,15145,0.29772298,0.23980822,0.26876560,1,1,245,217,125,126
1,15146,0.26224653,0.23980822,0.25102738,1,1,245,217,125,126
1,15147,0.29772298,0.23980822,0.26876560,1,1,245,217,125,126
1,15148,0.29772298,0.23980822,0.26876560,1,1,245,217,125,126
1,15149,0.29772298,0.23980822,0.26876560,1,1,245,217,125,126
1,15150,0.29772298,0.24978327,0.27375312,1,1,245,217,125,126
1,15151,0.27395385,0.25000000,0.26197692,1,1,245,217,125,126
1,15152,0.29620936,0.27083333,0.28352135,1,1,245,217,125,126
1,15153,0.25180107,0.22916667,0.24048387,1,1,245,217,125,126
1,15154,0.26224653,0.24000000,0.25112327,1,1,245,217,125,126
1,15155,0.27395385,0.25979224,0.26687305,1,1,245,217,125,126
1,15156,0.28487783,0.26266875,0.27377329,1,1,245,217,125,126
1,15157,0.26347371,0.23980822,0.25164097,1,1,245,217,125,126
1,15158,0.29620936,0.27059854,0.28340395,1,1,245,217,125,126
1,15159,0.27395385,0.24000000,0.25697692,1,1,245,217,125,126
1,15160,0.28355096,0.24000000,0.26177548,1,1,245,217,125,126
1,15161,0.28487783,0.26000000,0.27243892,1,1,245,217,125,126
1,15162,0.29620936,0.27059854,0.28340395,1,1,245,217,125,126
1,15163,0.29772298,0.24978327,0.27375312,1,1,245,217,125,126
1,15164,0.26347371,0.25172422,0.25759897,1,1,245,217,125,126
1,15165,0.29772298,0.25979224,0.27875761,1,1,245,217,125,126
1,15166,0.28355096,0.27083333,0.27719215,1,1,245,217,125,126
1,15167,0.28355096,0.24000000,0.26177548,1,1,245,217,125,126
1,15168,0.29772298,0.27083333,0.28427816,1,1,245,217,125,126
1,15169,0.28487783,0.27083333,0.27785558,1,1,245,217,125,126
1,15170,0.26224653,0.23980822,0.25102738,1,1,245,217,125,126
1,15171,0.26224653,0.23980822,0.25102738,1,1,245,217,125,126
1,15172,0.26046246,0.23980822,0.25013534,1,1,245,217,125,126
1,15173,0.26224653,0.24146215,0.25185434,1,1,245,217,125,126
1,15174,0.26224653,0.23980822,0.25102738,1,1,245,217,125,126
1,15175,0.28355096,0.23980822,0.26167959,1,1,245,217,125,126
1,15176,0.24216838,0.22198039,0.23207439,1,1,245,217,125,126
1,15177,0.28355096,0.23069072,0.25712084,1,1,245,217,125,126
1,15178,0.26224653,0.25000000,0.25612327,1,1,245,217,125,126
1,15179,0.23712185,0.24146215,0.23929200,1,1,245,217,125,126
1,15180,0.25867838,0.25150600,0.25509219,1,1,245,217,125,126
1,15181,0.26224653,0.25150600,0.25687626,1,1,245,217,125,126
1,15182,0.28201899,0.25150600,0.26676249,1,1,245,217,125,126
1,15183,0.26224653,0.27207783,0.26716218,1,1,245,217,125,126
1,15184,0.26224653,0.27059854,0.26642254,1,1,245,217,125,126
1,15185,0.26224653,0.25150600,0.25687626,1,1,245,217,125,126
1,15186,0.26224653,0.24978327,0.25601490,1,1,245,217,125,126
1,15187,0.26046246,0.24978327,0.25512286,1,1,245,217,125,126
1,15188,0.26224653,0.27059854,0.26642254,1,1,245,217,125,126
1,15189,0.26046246,0.25150600,0.25598423,1,1,245,217,125,126
1,15190,0.26224653,0.24978327,0.25601490,1,1,245,217,125,126
1,15191,0.26224653,0.27059854,0.26642254,1,1,245,217,125,126
1,15192,0.29772298,0.27059854,0.28416076,1,1,245,217,125,126
1,15193,0.28355096,0.25150600,0.26752848,1,1,245,217,125,126
1,15194,0.28487783,0.24978327,0.26733055,1,1,245,217,125,126
1,15195,0.28355096,0.27059854,0.27707475,1,1,245,217,125,126
1,15196,0.26224653,0.27059854,0.26642254,1,1,245,217,125,126
1,15197,0.26224653,0.24978327,0.25601490,1,1,245,217,125,126
1,15198,0.28487783,0.25979224,0.27233504,1,1,245,217,125,126
1,15199,0.24216838,0.24978327,0.24597583,1,1,245,217,125,126
1,15200,0.26347371,0.24978327,0.25662849,1,1,245,217,125,126
1,15201,0.26347371,0.24165525,0.25256448,1,1,245,217,125,126
1,15202,0.26224653,0.25979224,0.26101939,1,1,245,217,125,126
1,15203,0.26224653,0.27059854,0.26642254,1,1,245,217,125,126
1,15204,0.28355096,0.23980822,0.26167959,1,1,245,217,125,126
1,15205,0.28023491,0.27059854,0.27541672,1,1,245,217,125,126
1,15206,0.31846487,0.29289311,0.30567899,1,1,245,217,125,126
1,15207,0.28172409,0.27161608,0.27667008,1,1,245,217,125,126
1,15208,0.29620936,0.27977626,0.28799281,1,1,245,217,125,126
1,15209,0.30289126,0.30028578,0.30158852,1,1,245,217,125,126
1,15210,0.30289126,0.30028578,0.30158852,1,1,245,217,125,126
1,15211,0.30485539,0.29141381,0.29813460,1,1,245,217,125,126
1,15212,0.30289126,0.31142055,0.30715590,1,1,245,217,125,126
1,15213,0.28172409,0.29141381,0.28656895,1,1,245,217,125,126
1,15214,0.32278680,0.31222908,0.31750794,1,1,245,217,125,126
1,15215,0.32622201,0.29141381,0.30881791,1,1,245,217,125,126
1,15216,0.32469003,0.28119648,0.30294326,1,1,245,217,125,126
1,15217,0.34078535,0.29289311,0.31683923,1,1,245,217,125,126
1,15218,0.32622201,0.29289311,0.30955756,1,1,245,217,125,126
1,15219,0.33918498,0.29141381,0.31529940,1,1,245,217,125,126
1,15220,0.30289126,0.28052511,0.29170818,1,1,245,217,125,126
1,15221,0.31622777,0.30028578,0.30825677,1,1,245,217,125,126
1,15222,0.32412021,0.30028578,0.31220299,1,1,245,217,125,126
1,15223,0.32622201,0.30028578,0.31325389,1,1,245,217,125,126
1,15224,0.32622201,0.30100444,0.31361322,1,1,245,217,125,126
1,15225,0.32622201,0.29289311,0.30955756,1,1,245,217,125,126
1,15226,0.30485539,0.30100444,0.30292992,1,1,245,217,125,126
1,15227,0.30136915,0.31370838,0.30753877,1,1,245,217,125,126
1,15228,0.32469003,0.29141381,0.30805192,1,1,245,217,125,126
1,15229,0.32622201,0.29141381,0.30881791,1,1,245,217,125,126
1,15230,0.32259811,0.29976028,0.31117919,1,1,245,217,125,126
1,15231,0.32259811,0.29289311,0.30774561,1,1,245,217,125,126
1,15232,0.32622201,0.28119648,0.30370924,1,1,245,217,125,126
1,15233,0.28355096,0.26165525,0.27260311,1,1,245,217,125,126
1,15234,0.28355096,0.25979224,0.27167160,1,1,245,217,125,126
1,15235,0.28176688,0.27977626,0.28077157,1,1,245,217,125,126
1,15236,0.28176688,0.26144617,0.27160653,1,1,245,217,125,126
1,15237,0.28487783,0.25979224,0.27233504,1,1,245,217,125,126
1,15238,0.28308541,0.27059854,0.27684197,1,1,245,217,125,126
1,15239,0.29772298,0.27207783,0.28490041,1,1,245,217,125,126
1,15240,0.28487783,0.27083333,0.27785558,1,1,245,217,125,126
1,15241,0.29772298,0.25172422,0.27472360,1,1,245,217,125,126
1,15242,0.27395385,0.23980822,0.25688104,1,1,245,217,125,126
1,15243,0.29620936,0.26000000,0.27810468,1,1,245,217,125,126
1,15244,0.27395385,0.25000000,0.26197692,1,1,245,217,125,126
1,15245,0.26224653,0.25000000,0.25612327,1,1,245,217,125,126
1,15246,0.26224653,0.27059854,0.26642254,1,1,245,217,125,126
1,15247,0.27395385,0.27059854,0.27227619,1,1,245,217,125,126
1,15248,0.27395385,0.27059854,0.27227619,1,1,245,217,125,126
1,15249,0.26224653,0.24978327,0.25601490,1,1,245,217,125,126
1,15250,0.29772298,0.25000000,0.27386149,1,1,245,217,125,126
1,15251,0.29772298,0.25000000,0.27386149,1,1,245,217,125,126
1,15252,0.27395385,0.25000000,0.26197692,1,1,245,217,125,126
1,15253,0.28355096,0.25000000,0.26677548,1,1,245,217,125,126
1,15254,0.28355096,0.24978327,0.26666711,1,1,245,217,125,126
1,15255,0.26224653,0.27059854,0.26642254,1,1,245,217,125,126
1,15256,0.28487783,0.25979224,0.27233504,1,1,245,217,125,126
1,15257,0.28154626,0.27059854,0.27607240,1,1,245,217,125,126
1,15258,0.26347371,0.26142136,0.26244753,1,1,245,217,125,126
1,15259,0.29772298,0.25000000,0.27386149,1,1,245,217,125,126
1,15260,0.30320367,0.28000000,0.29160183,1,1,245,217,125,126
1,15261,0.28487783,0.24978327,0.26733055,1,1,245,217,125,126
1,15262,0.28308541,0.26000000,0.27154270,1,1,245,217,125,126
1,15263,0.30628196,0.27083333,0.28855764,1,1,245,217,125,126
1,15264,0.30628196,0.24000000,0.27314098,1,1,245,217,125,126
1,15265,0.29772298,0.25000000,0.27386149,1,1,245,217,125,126
1,15266,0.32009221,0.29141381,0.30575301,1,1,245,217,125,126
1,15267,0.32009221,0.29141381,0.30575301,1,1,245,217,125,126
1,15268,0.30320367,0.24165525,0.27242946,1,1,245,217,125,126
1,15269,0.26347371,0.25000000,0.25673685,1,1,245,217,125,126
1,15270,0.30628196,0.27083333,0.28855764,1,1,245,217,125,126
1,15271,0.28487783,0.27977626,0.28232705,1,1,245,217,125,126
1,15272,0.26347371,0.27059854,0.26703612,1,1,245,217,125,126
1,15273,0.28355096,0.25979224,0.27167160,1,1,245,217,125,126
1,15274,0.28355096,0.24978327,0.26666711,1,1,245,217,125,126
1,15275,0.24104044,0.25979224,0.25041634,1,1,245,217,125,126
1,15276,0.28487783,0.27232127,0.27859955,1,1,245,217,125,126
1,15277,0.28355096,0.27207783,0.27781440,1,1,245,217,125,126
1,15278,0.26347371,0.25150600,0.25748985,1,1,245,217,125,126
1,15279,0.28487783,0.27207783,0.27847783,1,1,245,217,125,126
1,15280,0.27160725,0.27059854,0.27110289,1,1,245,217,125,126
1,15281,0.24104044,0.25979224,0.25041634,1,1,245,217,125,126
1,15282,0.28023491,0.27059854,0.27541672,1,1,245,217,125,126
1,15283,0.23712185,0.22896799,0.23304492,1,1,245,217,125,126
1,15284,0.22964829,0.22916667,0.22940748,1,1,245,217,125,126
1,15285,0.24216838,0.22000000,0.23108419,1,1,245,217,125,126
1,15286,0.24993734,0.23913043,0.24453389,1,1,245,217,125,126
1,15287,0.27535374,0.22916667,0.25226020,1,1,245,217,125,126
1,15288,0.23153456,0.20833333,0.21993395,1,1,245,217,125,126
1,15289,0.22858058,0.20815272,0.21836665,1,1,245,217,125,126
1,15290,0.20649180,0.20833333,0.20741257,1,1,245,217,125,126
1,15291,0.25308776,0.20833333,0.23071055,1,1,245,217,125,126
1,15292,0.21871855,0.20833333,0.21352594,1,1,245,217,125,126
1,15293,0.22086306,0.20396078,0.21241192,1,1,245,217,125,126
1,15294,0.24002388,0.20833333,0.22417861,1,1,245,217,125,126
1,15295,0.21983435,0.20833333,0.21408384,1,1,245,217,125,126
1,15296,0.24104044,0.20833333,0.22468689,1,1,245,217,125,126
1,15297,0.25308776,0.20833333,0.23071055,1,1,245,217,125,126
1,15298,0.22858058,0.18750000,0.20804029,1,1,245,217,125,126
1,15299,0.23082178,0.20833333,0.21957756,1,1,245,217,125,126
1,15300,0.24216838,0.22000000,0.23108419,1,1,245,217,125,126
1,15301,0.21871855,0.20833333,0.21352594,1,1,245,217,125,126
1,15302,0.21871855,0.20833333,0.21352594,1,1,245,217,125,126
1,15303,0.21871855,0.21021384,0.21446620,1,1,245,217,125,126
1,15304,0.21871855,0.20833333,0.21352594,1,1,245,217,125,126
1,15305,0.21871855,0.21245915,0.21558885,1,1,245,217,125,126
1,15306,0.21871855,0.20833333,0.21352594,1,1,245,217,125,126
1,15307,0.21871855,0.20833333,0.21352594,1,1,245,217,125,126
1,15308,0.21871855,0.20181899,0.21026877,1,1,245,217,125,126
1,15309,0.21871855,0.21039624,0.21455740,1,1,245,217,125,126
1,15310,0.21871855,0.20000000,0.20935928,1,1,245,217,125,126
1,15311,0.19706115,0.21039624,0.20372869,1,1,245,217,125,126
1,15312,0.21871855,0.20833333,0.21352594,1,1,245,217,125,126
1,15313,0.21871855,0.20833333,0.21352594,1,1,245,217,125,126
1,15314,0.19814119,0.18733745,0.19273932,1,1,245,217,125,126
1,15315,0.19491664,0.18750000,0.19120832,1,1,245,217,125,126
1,15316,0.19706115,0.20833333,0.20269724,1,1,245,217,125,126
1,15317,0.20649180,0.18956291,0.19802735,1,1,245,217,125,126
1,15318,0.18385786,0.18733745,0.18559766,1,1,245,217,125,126
1,15319,0.18442562,0.18733745,0.18588153,1,1,245,217,125,126
1,15320,0.22928644,0.20815272,0.21871958,1,1,245,217,125,126
1,15321,0.21871855,0.20833333,0.21352594,1,1,245,217,125,126
1,15322,0.21871855,0.20833333,0.21352594,1,1,245,217,125,126
1,15323,0.21871855,0.20815272,0.21343564,1,1,245,217,125,126
1,15324,0.19761808,0.18750000,0.19255904,1,1,245,217,125,126
1,15325,0.19814119,0.16666667,0.18240393,1,1,245,217,125,126
1,15326,0.17642258,0.20833333,0.19237796,1,1,245,217,125,126
1,15327,0.17642258,0.18750000,0.18196129,1,1,245,217,125,126
1,15328,0.23082178,0.20833333,0.21957756,1,1,245,217,125,126
1,15329,0.21933669,0.20833333,0.21383501,1,1,245,217,125,126
1,15330,0.22858058,0.20833333,0.21845695,1,1,245,217,125,126
1,15331,0.23153456,0.20833333,0.21993395,1,1,245,217,125,126
1,15332,0.18722059,0.18750000,0.18736029,1,1,245,217,125,126
1,15333,0.18442562,0.19832838,0.19137700,1,1,245,217,125,126
1,15334,0.18442562,0.19780477,0.19111520,1,1,245,217,125,126
1,15335,0.22858058,0.20833333,0.21845695,1,1,245,217,125,126
1,15336,0.25121451,0.22916667,0.24019059,1,1,245,217,125,126
1,15337,0.26168128,0.25000000,0.25584064,1,1,245,217,125,126
1,15338,0.27395385,0.27059854,0.27227619,1,1,245,217,125,126
1,15339,0.28355096,0.27207783,0.27781440,1,1,245,217,125,126
1,15340,0.27535374,0.25000000,0.26267687,1,1,245,217,125,126
1,15341,0.28355096,0.27059854,0.27707475,1,1,245,217,125,126
1,15342,0.26224653,0.25000000,0.25612327,1,1,245,217,125,126
1,15343,0.28176688,0.29141381,0.28659035,1,1,245,217,125,126
1,15344,0.29620936,0.27059854,0.28340395,1,1,245,217,125,126
1,15345,0.28176688,0.25150600,0.26663644,1,1,245,217,125,126
1,15346,0.28355096,0.27232127,0.27793611,1,1,245,217,125,126
1,15347,0.30485539,0.28119648,0.29302594,1,1,245,217,125,126
1,15348,0.30485539,0.27977626,0.29231583,1,1,245,217,125,126
1,15349,0.32009221,0.28000000,0.30004611,1,1,245,217,125,126
1,15350,0.28487783,0.27231391,0.27859587,1,1,245,217,125,126
1,15351,0.28355096,0.27059854,0.27707475,1,1,245,217,125,126
1,15352,0.31846487,0.29141381,0.30493934,1,1,245,217,125,126
1,15353,0.32622201,0.30118050,0.31370125,1,1,245,217,125,126
1,15354,0.30485539,0.29289311,0.29887425,1,1,245,217,125,126
1,15355,0.30485539,0.29289311,0.29887425,1,1,245,217,125,126
1,15356,0.28355096,0.27059854,0.27707475,1,1,245,217,125,126
1,15357,0.30485539,0.29314725,0.29900132,1,1,245,217,125,126
1,15358,0.28355096,0.29213465,0.28784280,1,1,245,217,125,126
1,15359,0.30289126,0.30100444,0.30194785,1,1,245,217,125,126
1,15360,0.32622201,0.29437240,0.31029721,1,1,245,217,125,126
1,15361,0.28355096,0.29289311,0.28822203,1,1,245,217,125,126
1,15362,0.30485539,0.27977626,0.29231583,1,1,245,217,125,126
1,15363,0.32622201,0.31222908,0.31922555,1,1,245,217,125,126
1,15364,0.32622201,0.28119648,0.30370924,1,1,245,217,125,126
1,15365,0.30485539,0.31370838,0.30928189,1,1,245,217,125,126
1,15366,0.30289126,0.29289311,0.29789218,1,1,245,217,125,126
1,15367,0.32622201,0.33347448,0.32984824,1,1,245,217,125,126
1,15368,0.30289126,0.30028578,0.30158852,1,1,245,217,125,126
1,15369,0.30485539,0.30100444,0.30292992,1,1,245,217,125,126
1,15370,0.28355096,0.29289311,0.28822203,1,1,245,217,125,126
1,15371,0.30485539,0.27059854,0.28772697,1,1,245,217,125,126
1,15372,0.28355096,0.29289311,0.28822203,1,1,245,217,125,126
1,15373,0.30289126,0.28052511,0.29170818,1,1,245,217,125,126
1,15374,0.30485539,0.28119648,0.29302594,1,1,245,217,125,126
1,15375,0.32622201,0.29141381,0.30881791,1,1,245,217,125,126
1,15376,0.32622201,0.30118050,0.31370125,1,1,245,217,125,126
1,15377,0.32622201,0.28119648,0.30370924,1,1,245,217,125,126
1,15378,0.32622201,0.31352500,0.31987350,1,1,245,217,125,126
1,15379,0.30289126,0.31370838,0.30829982,1,1,245,217,125,126
1,15380,0.30485539,0.29141381,0.29813460,1,1,245,217,125,126
1,15381,0.33918498,0.31352500,0.32635499,1,1,245,217,125,126
1,15382,0.32622201,0.29141381,0.30881791,1,1,245,217,125,126
1,15383,0.32622201,0.29289311,0.30955756,1,1,245,217,125,126
1,15384,0.32622201,0.31352500,0.31987350,1,1,245,217,125,126
1,15385,0.32487995,0.29141381,0.30814688,1,1,245,217,125,126
1,15386,0.33918498,0.31222908,0.32570703,1,1,245,217,125,126
1,15387,0.32622201,0.31352500,0.31987350,1,1,245,217,125,126
1,15388,0.33918498,0.29141381,0.31529940,1,1,245,217,125,126
1,15389,0.33918498,0.29141381,0.31529940,1,1,245,217,125,126
1,15390,0.29434564,0.29141381,0.29287972,1,1,245,217,125,126
1,15391,0.33918498,0.31222908,0.32570703,1,1,245,217,125,126
1,15392,0.32622201,0.29141381,0.30881791,1,1,245,217,125,126
1,15393,0.32469003,0.29141381,0.30805192,1,1,245,217,125,126
1,15394,0.32622201,0.31222908,0.31922555,1,1,245,217,125,126
1,15395,0.32622201,0.28052511,0.30337356,1,1,245,217,125,126
1,15396,0.30485539,0.29976028,0.30230783,1,1,245,217,125,126
1,15397,0.30485539,0.29976028,0.30230783,1,1,245,217,125,126
1,15398,0.33918498,0.31222908,0.32570703,1,1,245,217,125,126
1,15399,0.29434564,0.27977626,0.28706095,1,1,245,217,125,126
1,15400,0.33918498,0.28119648,0.31019073,1,1,245,217,125,126
1,15401,0.30485539,0.29289311,0.29887425,1,1,245,217,125,126
1,15402,0.32622201,0.31352500,0.31987350,1,1,245,217,125,126
1,15403,0.30485539,0.29213465,0.29849502,1,1,245,217,125,126
1,15404,0.30289126,0.28119648,0.29204387,1,1,245,217,125,126
1,15405,0.26046246,0.24146215,0.25096230,1,1,245,217,125,126
1,15406,0.25308776,0.23913043,0.24610910,1,1,245,217,125,126
1,15407,0.27535374,0.24000000,0.25767687,1,1,245,217,125,126
1,15408,0.27348050,0.25172422,0.26260236,1,1,245,217,125,126
1,15409,0.24002388,0.22198039,0.23100213,1,1,245,217,125,126
1,15410,0.24216838,0.24165525,0.24191182,1,1,245,217,125,126
1,15411,0.22858058,0.22000000,0.22429029,1,1,245,217,125,126
1,15412,0.24216838,0.22916667,0.23566753,1,1,245,217,125,126
1,15413,0.26168128,0.20815272,0.23491700,1,1,245,217,125,126
1,15414,0.26168128,0.22896799,0.24532464,1,1,245,217,125,126
1,15415,0.22858058,0.20815272,0.21836665,1,1,245,217,125,126
1,15416,0.24037596,0.20833333,0.22435465,1,1,245,217,125,126
1,15417,0.21933669,0.22916667,0.22425168,1,1,245,217,125,126
1,15418,0.25121451,0.20815272,0.22968362,1,1,245,217,125,126
1,15419,0.25084656,0.23913043,0.24498850,1,1,245,217,125,126
1,15420,0.25084656,0.20833333,0.22958995,1,1,245,217,125,126
1,15421,0.27348050,0.23890474,0.25619262,1,1,245,217,125,126
1,15422,0.22741848,0.23102911,0.22922380,1,1,245,217,125,126
1,15423,0.25121451,0.22896799,0.24009125,1,1,245,217,125,126
1,15424,0.25121451,0.21039624,0.23080538,1,1,245,217,125,126
1,15425,0.22858058,0.23089089,0.22973573,1,1,245,217,125,126
1,15426,0.21871855,0.22916667,0.22394261,1,1,245,217,125,126
1,15427,0.21657405,0.20833333,0.21245369,1,1,245,217,125,126
1,15428,0.22928644,0.22916667,0.22922655,1,1,245,217,125,126
1,15429,0.22964829,0.22896799,0.22930814,1,1,245,217,125,126
1,15430,0.22858058,0.22896799,0.22877429,1,1,245,217,125,126
1,15431,0.23153456,0.22916667,0.23035061,1,1,245,217,125,126
1,15432,0.26168128,0.20833333,0.23500731,1,1,245,217,125,126
1,15433,0.24002388,0.20833333,0.22417861,1,1,245,217,125,126
1,15434,0.24002388,0.20833333,0.22417861,1,1,245,217,125,126
1,15435,0.20873300,0.20815272,0.20844286,1,1,245,217,125,126
1,15436,0.22858058,0.20815272,0.21836665,1,1,245,217,125,126
1,15437,0.22858058,0.18733745,0.20795901,1,1,245,217,125,126
1,15438,0.22086306,0.20833333,0.21459820,1,1,245,217,125,126
1,15439,0.21657405,0.20833333,0.21245369,1,1,245,217,125,126
1,15440,0.23823145,0.22916667,0.23369906,1,1,245,217,125,126
1,15441,0.24002388,0.22916667,0.23459527,1,1,245,217,125,126
1,15442,0.21871855,0.22916667,0.22394261,1,1,245,217,125,126
1,15443,0.21871855,0.20815272,0.21343564,1,1,245,217,125,126
1,15444,0.26168128,0.22896799,0.24532464,1,1,245,217,125,126
1,15445,0.25121451,0.22896799,0.24009125,1,1,245,217,125,126
1,15446,0.21871855,0.20815272,0.21343564,1,1,245,217,125,126
1,15447,0.25162118,0.20833333,0.22997725,1,1,245,217,125,126
1,15448,0.24002388,0.20833333,0.22417861,1,1,245,217,125,126
1,15449,0.21871855,0.20181899,0.21026877,1,1,245,217,125,126
1,15450,0.21871855,0.20833333,0.21352594,1,1,245,217,125,126
1,15451,0.22858058,0.18750000,0.20804029,1,1,245,217,125,126
1,15452,0.25308776,0.18750000,0.22029388,1,1,245,217,125,126
1,15453,0.25084656,0.20833333,0.22958995,1,1,245,217,125,126
1,15454,0.22858058,0.20833333,0.21845695,1,1,245,217,125,126
1,15455,0.21871855,0.20833333,0.21352594,1,1,245,217,125,126
1,15456,0.25084656,0.18750000,0.21917328,1,1,245,217,125,126
1,15457,0.22858058,0.20833333,0.21845695,1,1,245,217,125,126
1,15458,0.24037596,0.22198039,0.23117817,1,1,245,217,125,126
1,15459,0.26224653,0.23980822,0.25102738,1,1,245,217,125,126
1,15460,0.28355096,0.27977626,0.28166361,1,1,245,217,125,126
1,15461,0.30628196,0.28000000,0.29314098,1,1,245,217,125,126
1,15462,0.30628196,0.28000000,0.29314098,1,1,245,217,125,126
1,15463,0.30136915,0.27977626,0.29057271,1,1,245,217,125,126
1,15464,0.30474281,0.26142136,0.28308208,1,1,245,217,125,126
1,15465,0.32620941,0.28000000,0.30310471,1,1,245,217,125,126
1,15466,0.30485539,0.25979224,0.28232382,1,1,245,217,125,126
1,15467,0.30485539,0.25979224,0.28232382,1,1,245,217,125,126
1,15468,0.30485539,0.27059854,0.28772697,1,1,245,217,125,126
1,15469,0.30485539,0.27059854,0.28772697,1,1,245,217,125,126
1,15470,0.30485539,0.25979224,0.28232382,1,1,245,217,125,126
1,15471,0.30485539,0.29141381,0.29813460,1,1,245,217,125,126
1,15472,0.30485539,0.27059854,0.28772697,1,1,245,217,125,126
1,15473,0.28355096,0.25979224,0.27167160,1,1,245,217,125,126
1,15474,0.32620941,0.26000000,0.29310471,1,1,245,217,125,126
1,15475,0.30332342,0.25979224,0.28155783,1,1,245,217,125,126
1,15476,0.30485539,0.27977626,0.29231583,1,1,245,217,125,126
1,15477,0.30485539,0.27977626,0.29231583,1,1,245,217,125,126
1,15478,0.28176688,0.26000000,0.27088344,1,1,245,217,125,126
1,15479,0.30474281,0.27083333,0.28778807,1,1,245,217,125,126
1,15480,0.30474281,0.27059854,0.28767068,1,1,245,217,125,126
1,15481,0.28201899,0.27083333,0.27642616,1,1,245,217,125,126
1,15482,0.30332342,0.27232127,0.28782234,1,1,245,217,125,126
1,15483,0.28355096,0.29141381,0.28748239,1,1,245,217,125,126
1,15484,0.28176688,0.27977626,0.28077157,1,1,245,217,125,126
1,15485,0.28355096,0.25979224,0.27167160,1,1,245,217,125,126
1,15486,0.28355096,0.23980822,0.26167959,1,1,245,217,125,126
1,15487,0.30332342,0.27232127,0.28782234,1,1,245,217,125,126
1,15488,0.28201899,0.27207783,0.27704841,1,1,245,217,125,126
1,15489,0.26347371,0.25000000,0.25673685,1,1,245,217,125,126
1,15490,0.25988886,0.22916667,0.24452776,1,1,245,217,125,126
1,15491,0.25308776,0.22916667,0.24112721,1,1,245,217,125,126
1,15492,0.26168128,0.22916667,0.24542398,1,1,245,217,125,126
1,15493,0.26168128,0.22896799,0.24532464,1,1,245,217,125,126
1,15494,0.24216838,0.22916667,0.23566753,1,1,245,217,125,126
1,15495,0.17642258,0.19780477,0.18711368,1,1,245,217,125,126
1,15496,0.17642258,0.18750000,0.18196129,1,1,245,217,125,126
1,15497,0.21871855,0.18750000,0.20310928,1,1,245,217,125,126
1,15498,0.21871855,0.18750000,0.20310928,1,1,245,217,125,126
1,15499,0.23082178,0.18750000,0.20916089,1,1,245,217,125,126
1,15500,0.23082178,0.18750000,0.20916089,1,1,245,217,125,126
1,15501,0.22928644,0.20833333,0.21880989,1,1,245,217,125,126
1,15502,0.21933669,0.18750000,0.20341835,1,1,245,217,125,126
1,15503,0.17642258,0.18750000,0.18196129,1,1,245,217,125,126
1,15504,0.21933669,0.20833333,0.21383501,1,1,245,217,125,126
1,15505,0.21871855,0.18444250,0.20158053,1,1,245,217,125,126
1,15506,0.21871855,0.21245915,0.21558885,1,1,245,217,125,126
1,15507,0.19706115,0.18000000,0.18853057,1,1,245,217,125,126
1,15508,0.20658261,0.20833333,0.20745797,1,1,245,217,125,126
1,15509,0.19761808,0.18750000,0.19255904,1,1,245,217,125,126
1,15510,0.18442562,0.16666667,0.17554614,1,1,245,217,125,126
1,15511,0.18442562,0.16666667,0.17554614,1,1,245,217,125,126
1,15512,0.17642258,0.16666667,0.17154462,1,1,245,217,125,126
1,15513,0.21933669,0.16666667,0.19300168,1,1,245,217,125,126
1,15514,0.17642258,0.16233229,0.16937744,1,1,245,217,125,126
1,15515,0.18664423,0.18750000,0.18707211,1,1,245,217,125,126
1,15516,0.17642258,0.16666667,0.17154462,1,1,245,217,125,126
1,15517,0.22858058,0.18750000,0.20804029,1,1,245,217,125,126
1,15518,0.21871855,0.16923137,0.19397496,1,1,245,217,125,126
1,15519,0.21871855,0.18750000,0.20310928,1,1,245,217,125,126
1,15520,0.21871855,0.18750000,0.20310928,1,1,245,217,125,126
1,15521,0.22928644,0.16666667,0.19797655,1,1,245,217,125,126
1,15522,0.17642258,0.16666667,0.17154462,1,1,245,217,125,126
1,15523,0.17374890,0.18750000,0.18062445,1,1,245,217,125,126
1,15524,0.17592538,0.18750000,0.18171269,1,1,245,217,125,126
1,15525,0.20594664,0.18000000,0.19297332,1,1,245,217,125,126
1,15526,0.22858058,0.22169650,0.22513854,1,1,245,217,125,126
1,15527,0.18385786,0.18750000,0.18567893,1,1,245,217,125,126
1,15528,0.21871855,0.20833333,0.21352594,1,1,245,217,125,126
1,15529,0.17374890,0.18750000,0.18062445,1,1,245,217,125,126
1,15530,0.17642258,0.17642258,0.17642258,1,1,245,217,125,126
1,15531,0.17642258,0.17658925,0.17650592,1,1,245,217,125,126
1,15532,0.18163065,0.17642258,0.17902662,1,1,245,217,125,126
1,15533,0.18163065,0.16652218,0.17407641,1,1,245,217,125,126
1,15534,0.18163065,0.18750000,0.18456533,1,1,245,217,125,126
1,15535,0.18442562,0.16666667,0.17554614,1,1,245,217,125,126
1,15536,0.18442562,0.16666667,0.17554614,1,1,245,217,125,126
1,15537,0.19758279,0.20833333,0.20295806,1,1,245,217,125,126
1,15538,0.17642258,0.18750000,0.18196129,1,1,245,217,125,126
1,15539,0.20658261,0.16666667,0.18662464,1,1,245,217,125,126
1,15540,0.22858058,0.18750000,0.20804029,1,1,245,217,125,126
1,15541,0.18385786,0.18750000,0.18567893,1,1,245,217,125,126
1,15542,0.22858058,0.18750000,0.20804029,1,1,245,217,125,126
1,15543,0.18442562,0.16666667,0.17554614,1,1,245,217,125,126
1,15544,0.22928644,0.17391304,0.20159974,1,1,245,217,125,126
1,15545,0.17642258,0.16666667,0.17154462,1,1,245,217,125,126
1,15546,0.20594664,0.16666667,0.18630665,1,1,245,217,125,126
1,15547,0.17325924,0.18750000,0.18037962,1,1,245,217,125,126
1,15548,0.19706115,0.19006470,0.19356292,1,1,245,217,125,126
1,15549,0.21871855,0.18750000,0.20310928,1,1,245,217,125,126
1,15550,0.20658261,0.16666667,0.18662464,1,1,245,217,125,126
1,15551,0.17374890,0.17391304,0.17383097,1,1,245,217,125,126
1,15552,0.20594664,0.18750000,0.19672332,1,1,245,217,125,126
1,15553,0.18385786,0.18750000,0.18567893,1,1,245,217,125,126
1,15554,0.17642258,0.20833333,0.19237796,1,1,245,217,125,126
1,15555,0.22858058,0.18750000,0.20804029,1,1,245,217,125,126
1,15556,0.22858058,0.16666667,0.19762362,1,1,245,217,125,126
1,15557,0.19706115,0.16666667,0.18186391,1,1,245,217,125,126
1,15558,0.21871855,0.16666667,0.19269261,1,1,245,217,125,126
1,15559,0.19491664,0.18750000,0.19120832,1,1,245,217,125,126
1,15560,0.22858058,0.18750000,0.20804029,1,1,245,217,125,126
1,15561,0.19706115,0.18750000,0.19228057,1,1,245,217,125,126
1,15562,0.21871855,0.16666667,0.19269261,1,1,245,217,125,126
1,15563,0.21933669,0.16652218,0.19292943,1,1,245,217,125,126
1,15564,0.17642258,0.18750000,0.18196129,1,1,245,217,125,126
1,15565,0.17642258,0.16666667,0.17154462,1,1,245,217,125,126
1,15566,0.20658261,0.19761808,0.20210034,1,1,245,217,125,126
1,15567,0.21657405,0.20815272,0.21236339,1,1,245,217,125,126
1,15568,0.21871855,0.18750000,0.20310928,1,1,245,217,125,126
1,15569,0.21871855,0.18750000,0.20310928,1,1,245,217,125,126
1,15570,0.22858058,0.18750000,0.20804029,1,1,245,217,125,126
1,15571,0.22858058,0.18750000,0.20804029,1,1,245,217,125,126
1,15572,0.21871855,0.18750000,0.20310928,1,1,245,217,125,126
1,15573,0.22858058,0.18750000,0.20804029,1,1,245,217,125,126
1,15574,0.22858058,0.18750000,0.20804029,1,1,245,217,125,126
1,15575,0.22858058,0.16666667,0.19762362,1,1,245,217,125,126
1,15576,0.22858058,0.18750000,0.20804029,1,1,245,217,125,126
1,15577,0.18442562,0.18750000,0.18596281,1,1,245,217,125,126
1,15578,0.18442562,0.18750000,0.18596281,1,1,245,217,125,126
1,15579,0.22928644,0.17658925,0.20293784,1,1,245,217,125,126
1,15580,0.21871855,0.18750000,0.20310928,1,1,245,217,125,126
1,15581,0.17642258,0.17658925,0.17650592,1,1,245,217,125,126
1,15582,0.20658261,0.18733745,0.19696003,1,1,245,217,125,126
1,15583,0.21933669,0.17985617,0.19959643,1,1,245,217,125,126
1,15584,0.21933669,0.16923137,0.19428403,1,1,245,217,125,126
1,15585,0.21871855,0.16666667,0.19269261,1,1,245,217,125,126
1,15586,0.17642258,0.16246211,0.16944235,1,1,245,217,125,126
1,15587,0.21871855,0.18750000,0.20310928,1,1,245,217,125,126
1,15588,0.21933669,0.17658925,0.19796297,1,1,245,217,125,126
1,15589,0.21871855,0.18231631,0.20051743,1,1,245,217,125,126
1,15590,0.19814119,0.20833333,0.20323726,1,1,245,217,125,126
1,15591,0.18442562,0.18750000,0.18596281,1,1,245,217,125,126
1,15592,0.17642258,0.17391304,0.17516781,1,1,245,217,125,126
1,15593,0.17374890,0.16666667,0.17020778,1,1,245,217,125,126
1,15594,0.22928644,0.17374890,0.20151767,1,1,245,217,125,126
1,15595,0.21933669,0.16666667,0.19300168,1,1,245,217,125,126
1,15596,0.20658261,0.17391304,0.19024782,1,1,245,217,125,126
1,15597,0.22858058,0.18750000,0.20804029,1,1,245,217,125,126
1,15598,0.21933669,0.16666667,0.19300168,1,1,245,217,125,126
1,15599,0.21871855,0.18750000,0.20310928,1,1,245,217,125,126
1,15600,0.22928644,0.16666667,0.19797655,1,1,245,217,125,126
1,15601,0.21657405,0.18750000,0.20203702,1,1,245,217,125,126
1,15602,0.21933669,0.18750000,0.20341835,1,1,245,217,125,126
1,15603,0.21718612,0.18750000,0.20234306,1,1,245,217,125,126
1,15604,0.21933669,0.18750000,0.20341835,1,1,245,217,125,126
1,15605,0.21871855,0.18750000,0.20310928,1,1,245,217,125,126
1,15606,0.21871855,0.16666667,0.19269261,1,1,245,217,125,126
1,15607,0.21871855,0.17391304,0.19631580,1,1,245,217,125,126
1,15608,0.22858058,0.20833333,0.21845695,1,1,245,217,125,126
1,15609,0.17592538,0.16666667,0.17129603,1,1,245,217,125,126
1,15610,0.19814119,0.20833333,0.20323726,1,1,245,217,125,126
1,15611,0.21871855,0.20833333,0.21352594,1,1,245,217,125,126
1,15612,0.22858058,0.18750000,0.20804029,1,1,245,217,125,126
1,15613,0.22858058,0.20833333,0.21845695,1,1,245,217,125,126
1,15614,0.19758279,0.19006470,0.19382374,1,1,245,217,125,126
1,15615,0.18385786,0.18750000,0.18567893,1,1,245,217,125,126
1,15616,0.17592538,0.18750000,0.18171269,1,1,245,217,125,126
1,15617,0.17642258,0.21039624,0.19340941,1,1,245,217,125,126
1,15618,0.17592538,0.19832838,0.18712688,1,1,245,217,125,126
1,15619,0.17642258,0.18750000,0.18196129,1,1,245,217,125,126
1,15620,0.22858058,0.19780477,0.21319267,1,1,245,217,125,126
1,15621,0.22858058,0.19212761,0.21035409,1,1,245,217,125,126
1,15622,0.17374890,0.21039624,0.19207257,1,1,245,217,125,126
1,15623,0.20594664,0.18956291,0.19775477,1,1,245,217,125,126
1,15624,0.18442562,0.16666667,0.17554614,1,1,245,217,125,126
1,15625,0.17642258,0.16666667,0.17154462,1,1,245,217,125,126
1,15626,0.17642258,0.19832838,0.18737548,1,1,245,217,125,126
1,15627,0.17642258,0.19780477,0.18711368,1,1,245,217,125,126
1,15628,0.18163065,0.16923137,0.17543101,1,1,245,217,125,126
1,15629,0.18163065,0.16666667,0.17414866,1,1,245,217,125,126
1,15630,0.18442562,0.18750000,0.18596281,1,1,245,217,125,126
1,15631,0.18163065,0.19006470,0.18584767,1,1,245,217,125,126
1,15632,0.20433448,0.19006470,0.19719959,1,1,245,217,125,126
1,15633,0.18163065,0.19832838,0.18997952,1,1,245,217,125,126
1,15634,0.18442562,0.18750000,0.18596281,1,1,245,217,125,126
1,15635,0.18442562,0.18750000,0.18596281,1,1,245,217,125,126
1,15636,0.17642258,0.18750000,0.18196129,1,1,245,217,125,126
1,15637,0.18442562,0.18750000,0.18596281,1,1,245,217,125,126
1,15638,0.22858058,0.16666667,0.19762362,1,1,245,217,125,126
1,15639,0.20433448,0.19832838,0.20133143,1,1,245,217,125,126
1,15640,0.20370544,0.16923137,0.18646840,1,1,245,217,125,126
1,15641,0.22703831,0.16923137,0.19813484,1,1,245,217,125,126
1,15642,0.20594664,0.18956291,0.19775477,1,1,245,217,125,126
1,15643,0.18163065,0.16666667,0.17414866,1,1,245,217,125,126
1,15644,0.22703831,0.18750000,0.20726916,1,1,245,217,125,126
1,15645,0.22858058,0.18750000,0.20804029,1,1,245,217,125,126
1,15646,0.22858058,0.17658925,0.20258491,1,1,245,217,125,126
1,15647,0.20658261,0.18750000,0.19704130,1,1,245,217,125,126
1,15648,0.20658261,0.20833333,0.20745797,1,1,245,217,125,126
1,15649,0.22633937,0.19761808,0.21197873,1,1,245,217,125,126
1,15650,0.18163065,0.17179606,0.17671336,1,1,245,217,125,126
1,15651,0.20370544,0.19780477,0.20075510,1,1,245,217,125,126
1,15652,0.20370544,0.17658925,0.19014734,1,1,245,217,125,126
1,15653,0.20433448,0.18750000,0.19591724,1,1,245,217,125,126
1,15654,0.21871855,0.18733745,0.20302800,1,1,245,217,125,126
1,15655,0.17642258,0.18733745,0.18188002,1,1,245,217,125,126
1,15656,0.19814119,0.18750000,0.19282060,1,1,245,217,125,126
1,15657,0.18163065,0.17926546,0.18044805,1,1,245,217,125,126
1,15658,0.21657405,0.16666667,0.19162036,1,1,245,217,125,126
1,15659,0.22928644,0.18750000,0.20839322,1,1,245,217,125,126
1,15660,0.18442562,0.18750000,0.18596281,1,1,245,217,125,126
1,15661,0.21718612,0.20833333,0.21275973,1,1,245,217,125,126
1,15662,0.21933669,0.18750000,0.20341835,1,1,245,217,125,126
1,15663,0.21657405,0.18750000,0.20203702,1,1,245,217,125,126
1,15664,0.21657405,0.18750000,0.20203702,1,1,245,217,125,126
1,15665,0.22928644,0.18733745,0.20831194,1,1,245,217,125,126
1,15666,0.22928644,0.19546751,0.21237697,1,1,245,217,125,126
1,15667,0.21933669,0.20833333,0.21383501,1,1,245,217,125,126
1,15668,0.17642258,0.20815272,0.19228765,1,1,245,217,125,126
1,15669,0.21871855,0.18750000,0.20310928,1,1,245,217,125,126
1,15670,0.17642258,0.16666667,0.17154462,1,1,245,217,125,126
1,15671,0.20658261,0.16666667,0.18662464,1,1,245,217,125,126
1,15672,0.19546751,0.18750000,0.19148376,1,1,245,217,125,126
1,15673,0.21933669,0.18750000,0.20341835,1,1,245,217,125,126
1,15674,0.19814119,0.20833333,0.20323726,1,1,245,217,125,126
1,15675,0.21718612,0.20833333,0.21275973,1,1,245,217,125,126
1,15676,0.19546751,0.20815272,0.20181012,1,1,245,217,125,126
1,15677,0.17642258,0.19761808,0.18702033,1,1,245,217,125,126
1,15678,0.20712945,0.18733745,0.19723345,1,1,245,217,125,126
1,15679,0.17374890,0.18750000,0.18062445,1,1,245,217,125,126
1,15680,0.21657405,0.17658925,0.19658165,1,1,245,217,125,126
1,15681,0.22928644,0.20833333,0.21880989,1,1,245,217,125,126
1,15682,0.20658261,0.18750000,0.19704130,1,1,245,217,125,126
1,15683,0.22703831,0.18750000,0.20726916,1,1,245,217,125,126
1,15684,0.22633937,0.19780477,0.21207207,1,1,245,217,125,126
1,15685,0.22858058,0.17658925,0.20258491,1,1,245,217,125,126
1,15686,0.22633937,0.17391304,0.20012621,1,1,245,217,125,126
1,15687,0.17642258,0.19832838,0.18737548,1,1,245,217,125,126
1,15688,0.18442562,0.19832838,0.19137700,1,1,245,217,125,126
1,15689,0.17642258,0.19780477,0.18711368,1,1,245,217,125,126
1,15690,0.22858058,0.17658925,0.20258491,1,1,245,217,125,126
1,15691,0.22858058,0.16666667,0.19762362,1,1,245,217,125,126
1,15692,0.20594664,0.18750000,0.19672332,1,1,245,217,125,126
1,15693,0.20658261,0.20833333,0.20745797,1,1,245,217,125,126
1,15694,0.20658261,0.18750000,0.19704130,1,1,245,217,125,126
1,15695,0.20658261,0.20833333,0.20745797,1,1,245,217,125,126
1,15696,0.22858058,0.18750000,0.20804029,1,1,245,217,125,126
1,15697,0.18442562,0.20833333,0.19637948,1,1,245,217,125,126
1,15698,0.20433448,0.20833333,0.20633391,1,1,245,217,125,126
1,15699,0.22928644,0.18750000,0.20839322,1,1,245,217,125,126
1,15700,0.22928644,0.17658925,0.20293784,1,1,245,217,125,126
1,15701,0.22928644,0.17658925,0.20293784,1,1,245,217,125,126
1,15702,0.18442562,0.20833333,0.19637948,1,1,245,217,125,126
1,15703,0.17642258,0.18750000,0.18196129,1,1,245,217,125,126
1,15704,0.20658261,0.18750000,0.19704130,1,1,245,217,125,126
1,15705,0.18442562,0.20833333,0.19637948,1,1,245,217,125,126
1,15706,0.18442562,0.16666667,0.17554614,1,1,245,217,125,126
1,15707,0.18442562,0.18750000,0.18596281,1,1,245,217,125,126
1,15708,0.18442562,0.18750000,0.18596281,1,1,245,217,125,126
1,15709,0.18442562,0.18750000,0.18596281,1,1,245,217,125,126
1,15710,0.18442562,0.18750000,0.18596281,1,1,245,217,125,126
1,15711,0.19761808,0.18750000,0.19255904,1,1,245,217,125,126
1,15712,0.18442562,0.20833333,0.19637948,1,1,245,217,125,126
1,15713,0.18442562,0.18750000,0.18596281,1,1,245,217,125,126
1,15714,0.18442562,0.20833333,0.19637948,1,1,245,217,125,126
1,15715,0.17374890,0.20833333,0.19104112,1,1,245,217,125,126
1,15716,0.17592538,0.18750000,0.18171269,1,1,245,217,125,126
1,15717,0.17592538,0.18750000,0.18171269,1,1,245,217,125,126
1,15718,0.17325924,0.18750000,0.18037962,1,1,245,217,125,126
1,15719,0.17642258,0.18750000,0.18196129,1,1,245,217,125,126
1,15720,0.18442562,0.18750000,0.18596281,1,1,245,217,125,126
1,15721,0.18385786,0.18750000,0.18567893,1,1,245,217,125,126
1,15722,0.21871855,0.18750000,0.20310928,1,1,245,217,125,126
1,15723,0.20594664,0.21039624,0.20817144,1,1,245,217,125,126
1,15724,0.20594664,0.20198039,0.20396351,1,1,245,217,125,126
1,15725,0.20658261,0.21954390,0.21306325,1,1,245,217,125,126
1,15726,0.21871855,0.21739130,0.21805493,1,1,245,217,125,126
1,15727,0.22858058,0.21245915,0.22051986,1,1,245,217,125,126
1,15728,0.21718612,0.20833333,0.21275973,1,1,245,217,125,126
1,15729,0.21871855,0.20815272,0.21343564,1,1,245,217,125,126
1,15730,0.21871855,0.20833333,0.21352594,1,1,245,217,125,126
1,15731,0.25121451,0.20833333,0.22977392,1,1,245,217,125,126
1,15732,0.22858058,0.20815272,0.21836665,1,1,245,217,125,126
1,15733,0.23153456,0.20815272,0.21984364,1,1,245,217,125,126
1,15734,0.21657405,0.20833333,0.21245369,1,1,245,217,125,126
1,15735,0.24105530,0.21739130,0.22922330,1,1,245,217,125,126
1,15736,0.26168128,0.20833333,0.23500731,1,1,245,217,125,126
1,15737,0.25121451,0.20833333,0.22977392,1,1,245,217,125,126
1,15738,0.22928644,0.20815272,0.21871958,1,1,245,217,125,126
1,15739,0.22928644,0.20815272,0.21871958,1,1,245,217,125,126
1,15740,0.23082178,0.23122957,0.23102568,1,1,245,217,125,126
1,15741,0.25308776,0.25000000,0.25154388,1,1,245,217,125,126
1,15742,0.27535374,0.24000000,0.25767687,1,1,245,217,125,126
1,15743,0.27535374,0.25000000,0.26267687,1,1,245,217,125,126
1,15744,0.30628196,0.26000000,0.28314098,1,1,245,217,125,126
1,15745,0.34252674,0.27059854,0.30656264,1,1,245,217,125,126
1,15746,0.31846487,0.27977626,0.29912057,1,1,245,217,125,126
1,15747,0.34078535,0.28119648,0.31099091,1,1,245,217,125,126
1,15748,0.34078535,0.27977626,0.31028080,1,1,245,217,125,126
1,15749,0.31846487,0.27977626,0.29912057,1,1,245,217,125,126
1,15750,0.31846487,0.27977626,0.29912057,1,1,245,217,125,126
1,15751,0.30628196,0.30142136,0.30385166,1,1,245,217,125,126
1,15752,0.31846487,0.29141381,0.30493934,1,1,245,217,125,126
1,15753,0.30485539,0.27977626,0.29231583,1,1,245,217,125,126
1,15754,0.32622201,0.27977626,0.30299913,1,1,245,217,125,126
1,15755,0.32622201,0.30000000,0.31311100,1,1,245,217,125,126
1,15756,0.32622201,0.29976028,0.31299114,1,1,245,217,125,126
1,15757,0.32774856,0.29141381,0.30958118,1,1,245,217,125,126
1,15758,0.31686450,0.28119648,0.29903049,1,1,245,217,125,126
1,15759,0.32622201,0.29141381,0.30881791,1,1,245,217,125,126
1,15760,0.32622201,0.31222908,0.31922555,1,1,245,217,125,126
1,15761,0.36030187,0.31222908,0.33626548,1,1,245,217,125,126
1,15762,0.36170385,0.33304436,0.34737410,1,1,245,217,125,126
1,15763,0.33918498,0.31222908,0.32570703,1,1,245,217,125,126
1,15764,0.34624657,0.31352500,0.32988578,1,1,245,217,125,126
1,15765,0.36170385,0.33304436,0.34737410,1,1,245,217,125,126
1,15766,0.36170385,0.29976028,0.33073206,1,1,245,217,125,126
1,15767,0.34078535,0.30100444,0.32089489,1,1,245,217,125,126
1,15768,0.34078535,0.29976028,0.32027281,1,1,245,217,125,126
1,15769,0.32622201,0.30100444,0.31361322,1,1,245,217,125,126
1,15770,0.33918498,0.30100444,0.32009471,1,1,245,217,125,126
1,15771,0.33918498,0.31222908,0.32570703,1,1,245,217,125,126
1,15772,0.33938337,0.32146327,0.33042332,1,1,245,217,125,126
1,15773,0.32469003,0.31898089,0.32183546,1,1,245,217,125,126
1,15774,0.34078535,0.30242466,0.32160500,1,1,245,217,125,126
1,15775,0.32622201,0.32249031,0.32435616,1,1,245,217,125,126
1,15776,0.34078535,0.31370838,0.32724686,1,1,245,217,125,126
1,15777,0.34078535,0.31500429,0.32789482,1,1,245,217,125,126
1,15778,0.33938337,0.30170261,0.32054299,1,1,245,217,125,126
1,15779,0.36170385,0.30170261,0.33170323,1,1,245,217,125,126
1,15780,0.34078535,0.28119648,0.31099091,1,1,245,217,125,126
1,15781,0.32622201,0.29289311,0.30955756,1,1,245,217,125,126
1,15782,0.32622201,0.32146327,0.32384264,1,1,245,217,125,126
1,15783,0.36170385,0.33347448,0.34758916,1,1,245,217,125,126
