video_id,frame_id,ear_l,ear_r,ear_avg,det_ok,face_count,face_x,face_y,face_w,face_h
A,0,0.25752911,0.26607604,0.26180257,1,1,254,174,180,180
A,1,,,,0,0,,,,
A,2,,,,0,0,,,,
A,3,,,,0,0,,,,
A,4,,,,0,0,,,,
A,5,,,,0,0,,,,
A,6,,,,0,0,,,,
A,7,,,,0,0,,,,
A,8,,,,0,0,,,,
A,9,,,,0,0,,,,
A,10,,,,0,0,,,,
A,11,,,,0,0,,,,
A,12,,,,0,0,,,,
A,13,,,,0,0,,,,
A,14,,,,0,0,,,,
A,15,,,,0,0,,,,
A,16,,,,0,0,,,,
A,17,,,,0,0,,,,
A,18,,,,0,0,,,,
A,19,,,,0,0,,,,
A,20,,,,0,0,,,,
A,21,,,,0,0,,,,
A,22,,,,0,0,,,,
A,23,,,,0,0,,,,
A,24,,,,0,0,,,,
A,25,,,,0,0,,,,
A,26,,,,0,0,,,,
A,27,,,,0,0,,,,
A,28,,,,0,0,,,,
A,29,,,,0,0,,,,
A,30,,,,0,0,,,,
A,31,,,,0,0,,,,
A,32,,,,0,0,,,,
A,33,,,,0,0,,,,
A,34,,,,0,0,,,,
A,35,,,,0,0,,,,
A,36,,,,0,0,,,,
A,37,,,,0,0,,,,
A,38,,,,0,0,,,,
A,39,,,,0,0,,,,
A,40,,,,0,0,,,,
A,41,,,,0,0,,,,
A,42,,,,0,0,,,,
A,43,,,,0,0,,,,
A,44,,,,0,0,,,,
A,45,,,,0,0,,,,
A,46,,,,0,0,,,,
A,47,,,,0,0,,,,
A,48,,,,0,0,,,,
A,49,,,,0,0,,,,
A,50,,,,0,0,,,,
A,51,,,,0,0,,,,
A,52,,,,0,0,,,,
A,53,,,,0,0,,,,
A,54,,,,0,0,,,,
A,55,,,,0,0,,,,
A,56,0.29927908,0.33412989,0.31670449,1,1,254,174,180,180
A,57,0.26469765,0.20677365,0.23573565,1,1,254,174,180,180
A,58,0.26768334,0.29292934,0.28030634,1,1,254,174,180,180
A,59,0.26469765,0.26651864,0.26560814,1,1,254,174,180,180
A,60,0.26652950,0.28317605,0.27485277,1,1,254,174,180,180
A,61,0.20277295,0.20126759,0.20202027,1,1,254,174,180,180
A,62,0.13190983,0.13101783,0.13146383,1,1,254,174,180,180
A,63,0.11600693,0.12903226,0.12251960,1,1,254,174,180,180
A,64,0.12705833,0.13325932,0.13015883,1,1,254,174,180,180
A,65,0.16666667,0.13101783,0.14884225,1,1,254,174,180,180
A,66,0.19756475,0.20275876,0.20016176,1,1,254,174,180,180
A,67,0.24230242,0.20689655,0.22459949,1,1,254,174,180,180
A,68,0.24230242,0.24123593,0.24176917,1,1,254,174,180,180
A,69,0.24583185,0.25800784,0.25191984,1,1,254,174,180,180
A,70,0.26022172,0.24123593,0.25072883,1,1,254,174,180,180
A,71,0.24732412,0.24123593,0.24428002,1,1,254,174,180,180
A,72,0.24052628,0.24246051,0.24149339,1,1,254,174,180,180
A,73,0.23249528,0.24123593,0.23686560,1,1,254,174,180,180
A,74,0.25861388,0.24202972,0.25032180,1,1,254,174,180,180
A,75,0.24860996,0.24123593,0.24492294,1,1,254,174,180,180
A,76,0.24583185,0.25846706,0.25214946,1,1,254,174,180,180
A,77,0.24138024,0.24944629,0.24541326,1,1,254,174,180,180
A,78,0.25074049,0.25800784,0.25437417,1,1,254,174,180,180
A,79,0.25033047,0.24123593,0.24578320,1,1,254,174,180,180
A,80,0.26214331,0.24080732,0.25147531,1,1,254,174,180,180
A,81,0.24255155,0.23399837,0.23827496,1,1,254,174,180,180
A,82,0.25074049,0.24944629,0.25009339,1,1,254,174,180,180
A,83,0.26214331,0.24123593,0.25168962,1,1,254,174,180,180
A,84,0.25903748,0.24202972,0.25053360,1,1,254,174,180,180
A,85,0.24230242,0.21654639,0.22942441,1,1,254,174,180,180
A,86,0.24583185,0.21654639,0.23118912,1,1,254,174,180,180
A,87,0.25074049,0.23399837,0.24236943,1,1,254,174,180,180
A,88,0.24583185,0.24123593,0.24353389,1,1,254,174,180,180
A,89,0.25374685,0.23281653,0.24328169,1,1,254,174,180,180
A,90,0.23593191,0.25862069,0.24727630,1,1,254,174,180,180
A,91,0.24383644,0.24137931,0.24260787,1,1,254,174,180,180
A,92,0.23593191,0.25984600,0.24788895,1,1,254,174,180,180
A,93,0.23593191,0.24123593,0.23858392,1,1,254,174,180,180
A,94,0.23936854,0.24246051,0.24091452,1,1,254,174,180,180
A,95,0.24383644,0.24260462,0.24322053,1,1,254,174,180,180
A,96,0.24383644,0.24137931,0.24260787,1,1,254,174,180,180
A,97,0.23795784,0.24137931,0.23966858,1,1,254,174,180,180
A,98,0.23593191,0.23333333,0.23463262,1,1,254,174,180,180
A,99,0.22022269,0.24123593,0.23072931,1,1,254,174,180,180
A,100,0.20397505,0.22400479,0.21398992,1,1,254,174,180,180
A,101,0.23454147,0.21654639,0.22554393,1,1,254,174,180,180
A,102,0.25861388,0.24986122,0.25423755,1,1,254,174,180,180
A,103,0.23454147,0.21773020,0.22613583,1,1,254,174,180,180
A,104,0.23454147,0.21654639,0.22554393,1,1,254,174,180,180
A,105,0.24230242,0.24123593,0.24176917,1,1,254,174,180,180
A,106,0.21838958,0.24123593,0.22981276,1,1,254,174,180,180
A,107,0.22969846,0.22536324,0.22753085,1,1,254,174,180,180
A,108,0.23112509,0.21428571,0.22270540,1,1,254,174,180,180
A,109,0.23454147,0.22413793,0.22933970,1,1,254,174,180,180
A,110,0.20948268,0.20677365,0.20812817,1,1,254,174,180,180
A,111,0.23454147,0.22413793,0.22933970,1,1,254,174,180,180
A,112,0.23115268,0.22413793,0.22764530,1,1,254,174,180,180
A,113,0.23056340,0.22695271,0.22875805,1,1,254,174,180,180
A,114,0.23795784,0.24137931,0.23966858,1,1,254,174,180,180
A,115,0.23795784,0.21654639,0.22725212,1,1,254,174,180,180
A,116,0.23115268,0.24123593,0.23619430,1,1,254,174,180,180
A,117,0.21080892,0.24137931,0.22609412,1,1,254,174,180,180
A,118,0.20397505,0.20137938,0.20267722,1,1,254,174,180,180
A,119,0.21080892,0.20126759,0.20603826,1,1,254,174,180,180
A,120,0.22725319,0.20000000,0.21362659,1,1,254,174,180,180
A,121,0.23454147,0.23451780,0.23452963,1,1,254,174,180,180
A,122,0.23454147,0.23333333,0.23393740,1,1,254,174,180,180
A,123,0.19647186,0.21785113,0.20716149,1,1,254,174,180,180
A,124,0.23454147,0.25103763,0.24278955,1,1,254,174,180,180
A,125,0.23454147,0.24986122,0.24220134,1,1,254,174,180,180
A,126,0.23936854,0.23320381,0.23628617,1,1,254,174,180,180
A,127,0.22081306,0.22400479,0.22240893,1,1,254,174,180,180
A,128,0.22234120,0.21773020,0.22003570,1,1,254,174,180,180
A,129,0.23593191,0.22400479,0.22996835,1,1,254,174,180,180
A,130,0.20672457,0.20677365,0.20674911,1,1,254,174,180,180
A,131,0.21892483,0.20126759,0.21009621,1,1,254,174,180,180
A,132,0.23795784,0.20677365,0.22236575,1,1,254,174,180,180
A,133,0.24028467,0.22400479,0.23214473,1,1,254,174,180,180
A,134,0.23454147,0.24984072,0.24219109,1,1,254,174,180,180
A,135,0.20277295,0.19988898,0.20133096,1,1,254,174,180,180
A,136,0.20672457,0.21785113,0.21228785,1,1,254,174,180,180
A,137,0.20672457,0.20677365,0.20674911,1,1,254,174,180,180
A,138,0.20277295,0.22400479,0.21338887,1,1,254,174,180,180
A,139,0.22234120,0.22400479,0.22317300,1,1,254,174,180,180
A,140,0.23454147,0.21792501,0.22623324,1,1,254,174,180,180
A,141,0.22208665,0.20689655,0.21449160,1,1,254,174,180,180
A,142,0.23936854,0.24123593,0.24030223,1,1,254,174,180,180
A,143,0.23795784,0.23362076,0.23578930,1,1,254,174,180,180
A,144,0.26953585,0.24123593,0.25538589,1,1,254,174,180,180
A,145,0.26652950,0.24123593,0.25388271,1,1,254,174,180,180
A,146,0.24230242,0.24137931,0.24184087,1,1,254,174,180,180
A,147,0.23795784,0.24123593,0.23959688,1,1,254,174,180,180
A,148,0.23936854,0.25846706,0.24891780,1,1,254,174,180,180
A,149,0.24230242,0.24123593,0.24176917,1,1,254,174,180,180
A,150,0.24402983,0.28553225,0.26478104,1,1,254,174,180,180
A,151,0.26953585,0.28409863,0.27681724,1,1,254,174,180,180
A,152,0.25222697,0.24986122,0.25104410,1,1,254,174,180,180
A,153,0.26652950,0.27569820,0.27111385,1,1,254,174,180,180
A,154,0.24427436,0.24944629,0.24686032,1,1,254,174,180,180
A,155,0.26652950,0.24986122,0.25819536,1,1,254,174,180,180
A,156,0.26953585,0.27569820,0.27261703,1,1,254,174,180,180
A,157,0.26652950,0.25846706,0.26249828,1,1,254,174,180,180
A,158,0.25671817,0.27520836,0.26596327,1,1,254,174,180,180
A,159,0.26022172,0.25800784,0.25911478,1,1,254,174,180,180
A,160,0.23795784,0.26651864,0.25223824,1,1,254,174,180,180
A,161,0.26953585,0.27569820,0.27261703,1,1,254,174,180,180
A,162,0.25374685,0.23438761,0.24406723,1,1,254,174,180,180
A,163,0.23454147,0.23320381,0.23387264,1,1,254,174,180,180
A,164,0.23056340,0.23320381,0.23188360,1,1,254,174,180,180
A,165,0.25200285,0.24202972,0.24701629,1,1,254,174,180,180
A,166,0.23795784,0.25800784,0.24798284,1,1,254,174,180,180
A,167,0.25947395,0.25800784,0.25874090,1,1,254,174,180,180
A,168,0.23795784,0.24123593,0.23959688,1,1,254,174,180,180
A,169,0.22725319,0.23281653,0.23003486,1,1,254,174,180,180
A,170,0.24255155,0.23320381,0.23787768,1,1,254,174,180,180
A,171,0.25074049,0.21618678,0.23346364,1,1,254,174,180,180
A,172,0.24255155,0.22568906,0.23412030,1,1,254,174,180,180
A,173,0.22039647,0.22683472,0.22361559,1,1,254,174,180,180
A,174,0.23454147,0.22360680,0.22907413,1,1,254,174,180,180
A,175,0.24255155,0.24986122,0.24620639,1,1,254,174,180,180
A,176,0.25174136,0.24281334,0.24727735,1,1,254,174,180,180
A,177,0.22725319,0.23438761,0.23082040,1,1,254,174,180,180
A,178,0.23795784,0.21654639,0.22725212,1,1,254,174,180,180
A,179,0.26652950,0.24986122,0.25819536,1,1,254,174,180,180
A,180,0.25176504,0.24986122,0.25081313,1,1,254,174,180,180
A,181,0.23454147,0.21654639,0.22554393,1,1,254,174,180,180
A,182,0.24586177,0.23333333,0.23959755,1,1,254,174,180,180
A,183,0.23963862,0.23438761,0.23701312,1,1,254,174,180,180
A,184,0.24583185,0.21666667,0.23124926,1,1,254,174,180,180
A,185,0.24255155,0.23333333,0.23794244,1,1,254,174,180,180
A,186,0.23454147,0.23451780,0.23452963,1,1,254,174,180,180
A,187,0.25222697,0.24137931,0.24680314,1,1,254,174,180,180
A,188,0.25033047,0.27586207,0.26309627,1,1,254,174,180,180
A,189,0.23454147,0.25089828,0.24271987,1,1,254,174,180,180
A,190,0.25074049,0.23320381,0.24197215,1,1,254,174,180,180
A,191,0.23454147,0.24123593,0.23788870,1,1,254,174,180,180
A,192,0.22725319,0.22522937,0.22624128,1,1,254,174,180,180
A,193,0.23112509,0.24137931,0.23625220,1,1,254,174,180,180
A,194,0.26810958,0.24137931,0.25474444,1,1,254,174,180,180
A,195,0.24390077,0.23320381,0.23855229,1,1,254,174,180,180
A,196,0.14298298,0.13101783,0.13700040,1,1,254,174,180,180
A,197,0.17055588,0.15625000,0.16340294,1,1,254,174,180,180
A,198,0.11982774,0.11488880,0.11735827,1,1,254,174,180,180
A,199,0.12166157,0.09877296,0.11021726,1,1,254,174,180,180
A,200,0.13190983,0.10195593,0.11693288,1,1,254,174,180,180
A,201,0.16238586,0.19488327,0.17863457,1,1,254,174,180,180
A,202,0.22851730,0.21785113,0.22318422,1,1,254,174,180,180
A,203,0.24383644,0.20689655,0.22536650,1,1,254,174,180,180
A,204,0.23877300,0.24137931,0.24007615,1,1,254,174,180,180
A,205,0.23454147,0.24123593,0.23788870,1,1,254,174,180,180
A,206,0.23795784,0.20832350,0.22314067,1,1,254,174,180,180
A,207,0.23593191,0.23320381,0.23456786,1,1,254,174,180,180
A,208,0.23593191,0.21792501,0.22692846,1,1,254,174,180,180
A,209,0.23593191,0.25862069,0.24727630,1,1,254,174,180,180
A,210,0.23454147,0.21792501,0.22623324,1,1,254,174,180,180
A,211,0.26508540,0.27586207,0.27047374,1,1,254,174,180,180
A,212,0.23249528,0.26785714,0.25017621,1,1,254,174,180,180
A,213,0.24383644,0.21428571,0.22906108,1,1,254,174,180,180
A,214,0.21838958,0.24123593,0.22981276,1,1,254,174,180,180
A,215,0.23454147,0.24123593,0.23788870,1,1,254,174,180,180
A,216,0.24230242,0.24137931,0.24184087,1,1,254,174,180,180
A,217,0.23454147,0.20689655,0.22071901,1,1,254,174,180,180
A,218,0.23454147,0.22413793,0.22933970,1,1,254,174,180,180
A,219,0.23593191,0.22413793,0.23003492,1,1,254,174,180,180
A,220,0.23593191,0.21785113,0.22689152,1,1,254,174,180,180
A,221,0.23593191,0.24137931,0.23865561,1,1,254,174,180,180
A,222,0.23593191,0.25846706,0.24719949,1,1,254,174,180,180
A,223,0.23936854,0.22413793,0.23175323,1,1,254,174,180,180
A,224,0.24230242,0.24260462,0.24245352,1,1,254,174,180,180
A,225,0.23593191,0.23341193,0.23467192,1,1,254,174,180,180
A,226,0.23593191,0.24137931,0.23865561,1,1,254,174,180,180
A,227,0.22851730,0.23320381,0.23086056,1,1,254,174,180,180
A,228,0.23454147,0.22543089,0.22998618,1,1,254,174,180,180
A,229,0.21838958,0.23451780,0.22645369,1,1,254,174,180,180
A,230,0.23454147,0.23320381,0.23387264,1,1,254,174,180,180
A,231,0.24230242,0.22400479,0.23315361,1,1,254,174,180,180
A,232,0.23454147,0.24123593,0.23788870,1,1,254,174,180,180
A,233,0.24583185,0.20677365,0.22630275,1,1,254,174,180,180
A,234,0.24230242,0.24123593,0.24176917,1,1,254,174,180,180
A,235,0.23454147,0.24080732,0.23767439,1,1,254,174,180,180
A,236,0.24230242,0.24246051,0.24238146,1,1,254,174,180,180
A,237,0.26652950,0.25846706,0.26249828,1,1,254,174,180,180
A,238,0.26652950,0.27627923,0.27140436,1,1,254,174,180,180
A,239,0.25374685,0.24123593,0.24749139,1,1,254,174,180,180
A,240,0.24732412,0.23320381,0.24026396,1,1,254,174,180,180
A,241,0.25033047,0.23281653,0.24157350,1,1,254,174,180,180
A,242,0.26352315,0.25089828,0.25721071,1,1,254,174,180,180
A,243,0.27534894,0.26651864,0.27093379,1,1,254,174,180,180
A,244,0.25824720,0.27520836,0.26672778,1,1,254,174,180,180
A,245,0.24255155,0.24123593,0.24189374,1,1,254,174,180,180
A,246,0.23454147,0.24123593,0.23788870,1,1,254,174,180,180
A,247,0.22616903,0.22413793,0.22515348,1,1,254,174,180,180
A,248,0.26953585,0.25846706,0.26400146,1,1,254,174,180,180
A,249,0.26214331,0.25846706,0.26030519,1,1,254,174,180,180
A,250,0.25824720,0.23438761,0.24631741,1,1,254,174,180,180
A,251,0.26652950,0.26651864,0.26652407,1,1,254,174,180,180
A,252,0.24230242,0.25846706,0.25038474,1,1,254,174,180,180
A,253,0.25824720,0.24951315,0.25388017,1,1,254,174,180,180
A,254,0.26352315,0.24986122,0.25669218,1,1,254,174,180,180
A,255,0.26810958,0.23281653,0.25046305,1,1,254,174,180,180
A,256,0.23593191,0.21654639,0.22623915,1,1,254,174,180,180
A,257,0.23454147,0.22400479,0.22927313,1,1,254,174,180,180
A,258,0.23454147,0.21654639,0.22554393,1,1,254,174,180,180
A,259,0.23795784,0.21654639,0.22725212,1,1,254,174,180,180
A,260,0.20670070,0.21654639,0.21162354,1,1,254,174,180,180
A,261,0.24028467,0.19988898,0.22008682,1,1,254,174,180,180
A,262,0.21624764,0.23438761,0.22531763,1,1,254,174,180,180
A,263,0.20670070,0.19988898,0.20329484,1,1,254,174,180,180
A,264,0.20397505,0.18323156,0.19360331,1,1,254,174,180,180
A,265,0.20397505,0.19478195,0.19937850,1,1,254,174,180,180
A,266,0.20000001,0.19988898,0.19994449,1,1,254,174,180,180
A,267,0.19756475,0.17875424,0.18815950,1,1,254,174,180,180
A,268,0.20000001,0.20000000,0.20000000,1,1,254,174,180,180
A,269,0.20397505,0.21666667,0.21032086,1,1,254,174,180,180
A,270,0.23454147,0.24986122,0.24220134,1,1,254,174,180,180
A,271,0.26953585,0.25846706,0.26400146,1,1,254,174,180,180
A,272,0.27534894,0.24986122,0.26260508,1,1,254,174,180,180
A,273,0.24230242,0.23438761,0.23834502,1,1,254,174,180,180
A,274,0.26652950,0.26651864,0.26652407,1,1,254,174,180,180
A,275,0.23593191,0.24986122,0.24289657,1,1,254,174,180,180
A,276,0.26652950,0.28317605,0.27485277,1,1,254,174,180,180
A,277,0.23593191,0.26607604,0.25100397,1,1,254,174,180,180
A,278,0.29361011,0.26607604,0.27984307,1,1,254,174,180,180
A,279,0.26261286,0.26607604,0.26434445,1,1,254,174,180,180
A,280,0.26652950,0.26651864,0.26652407,1,1,254,174,180,180
A,281,0.26810958,0.27569820,0.27190389,1,1,254,174,180,180
A,282,0.30043800,0.29292934,0.29668367,1,1,254,174,180,180
A,283,0.30313675,0.27362468,0.28838072,1,1,254,174,180,180
A,284,0.26810958,0.27520836,0.27165897,1,1,254,174,180,180
A,285,0.23593191,0.27569820,0.25581506,1,1,254,174,180,180
A,286,0.23249528,0.24123593,0.23686560,1,1,254,174,180,180
A,287,0.21624764,0.21654639,0.21639702,1,1,254,174,180,180
A,288,0.20670070,0.19988898,0.20329484,1,1,254,174,180,180
A,289,0.20000001,0.21654639,0.20827320,1,1,254,174,180,180
A,290,0.23877300,0.19988898,0.21933099,1,1,254,174,180,180
A,291,0.21080892,0.19344776,0.20212834,1,1,254,174,180,180
A,292,0.20397505,0.19344776,0.19871141,1,1,254,174,180,180
A,293,0.19371463,0.17892338,0.18631900,1,1,254,174,180,180
A,294,0.20670070,0.17705126,0.19187598,1,1,254,174,180,180
A,295,0.20000001,0.18323156,0.19161578,1,1,254,174,180,180
A,296,0.20000001,0.18323156,0.19161578,1,1,261,178,150,150
A,297,0.21968427,0.19344776,0.20656602,1,1,261,178,150,150
A,298,0.20397505,0.21038628,0.20718067,1,1,261,178,150,150
A,299,0.20000001,0.19988898,0.19994449,1,1,261,178,150,150
A,300,0.21968427,0.19447895,0.20708161,1,1,261,178,150,150
A,301,0.22076087,0.17705126,0.19890607,1,1,261,178,150,150
A,302,0.18382737,0.16095569,0.17239153,1,1,254,174,180,180
A,303,0.20397505,0.18870105,0.19633805,1,1,261,178,150,150
A,304,0.20000001,0.17866131,0.18933066,1,1,261,178,150,150
A,305,0.20397505,0.17705126,0.19051316,1,1,261,178,150,150
A,306,0.20497467,0.19344776,0.19921122,1,1,261,178,150,150
A,307,0.20000001,0.17732712,0.18866356,1,1,254,174,180,180
A,308,0.20670070,0.16657415,0.18663742,1,1,254,174,180,180
A,309,0.15161080,0.12493901,0.13827491,1,1,254,174,180,180
A,310,0.15235380,0.11129852,0.13182616,1,1,261,178,150,150
A,311,0.11654003,0.09628559,0.10641281,1,1,254,154,180,180
A,312,0.15708105,0.15205176,0.15456640,1,1,261,178,150,150
A,313,0.20098014,0.18323156,0.19210585,1,1,254,154,180,180
A,314,0.26810958,0.24944629,0.25877793,1,1,254,154,180,180
A,315,0.26810958,0.25893399,0.26352178,1,1,254,154,180,180
A,316,0.27396668,0.24944629,0.26170648,1,1,254,154,180,180
A,317,0.26025117,0.25062813,0.25543965,1,1,254,154,180,180
A,318,0.27396668,0.26711137,0.27053902,1,1,254,154,180,180
A,319,0.28668762,0.24944629,0.26806695,1,1,254,154,180,180
A,320,0.25712567,0.24143354,0.24927961,1,1,254,154,180,180
A,321,0.25228028,0.25048162,0.25138095,1,1,254,154,180,180
A,322,0.31050371,0.29292934,0.30171652,1,1,254,154,180,180
A,323,0.27396668,0.26651864,0.27024266,1,1,254,154,180,180
A,324,0.26602970,0.25846706,0.26224838,1,1,254,154,180,180
A,325,0.27709217,0.26666667,0.27187942,1,1,254,154,180,180
A,326,0.27396668,0.27586207,0.27491437,1,1,254,154,180,180
A,327,0.28345390,0.26651864,0.27498627,1,1,254,154,180,180
A,328,0.29362978,0.29388370,0.29375674,1,1,254,154,180,180
A,329,0.27709217,0.27569820,0.27639519,1,1,254,154,180,180
A,330,0.27396668,0.26651864,0.27024266,1,1,254,154,180,180
A,331,0.27396668,0.26666667,0.27031667,1,1,254,154,180,180
A,332,0.27396668,0.26651864,0.27024266,1,1,254,154,180,180
A,333,0.26508540,0.26651864,0.26580202,1,1,254,154,180,180
A,334,0.29099617,0.27405100,0.28252358,1,1,254,154,180,180
A,335,0.27224310,0.24986122,0.26105216,1,1,254,154,180,180
A,336,0.28345390,0.25846706,0.27096048,1,1,254,154,180,180
A,337,0.26067744,0.25969410,0.26018577,1,1,254,154,180,180
A,338,0.27113375,0.26755569,0.26934472,1,1,254,154,180,180
A,339,0.27709217,0.27569820,0.27639519,1,1,254,154,180,180
A,340,0.29866740,0.29292934,0.29579837,1,1,254,154,180,180
A,341,0.28021766,0.25846706,0.26934236,1,1,254,154,180,180
A,342,0.27709217,0.27586207,0.27647712,1,1,254,154,180,180
A,343,0.27709217,0.26768648,0.27238933,1,1,254,154,180,180
A,344,0.29488833,0.29292934,0.29390884,1,1,254,154,180,180
A,345,0.27845477,0.27586207,0.27715842,1,1,254,154,180,180
A,346,0.28544305,0.25984600,0.27264452,1,1,277,178,151,150
A,347,0.28544305,0.28664329,0.28604317,1,1,277,178,151,150
A,348,0.30571854,0.28682603,0.29627229,1,1,277,178,151,150
A,349,0.29488833,0.28571429,0.29030131,1,1,277,178,151,150
A,350,0.29488833,0.28571429,0.29030131,1,1,277,178,151,150
A,351,0.28544305,0.33333333,0.30938819,1,1,277,178,151,150
A,352,0.26953585,0.30357143,0.28655364,1,1,273,154,181,180
A,353,0.26953585,0.29629630,0.28291607,1,1,273,154,181,180
A,354,0.29272672,0.31481481,0.30377077,1,1,277,178,151,150
A,355,0.32543943,0.33333333,0.32938638,1,1,273,154,181,180
A,356,0.31132190,0.32340663,0.31736426,1,1,273,154,181,180
A,357,0.30135024,0.30468317,0.30301671,1,1,273,154,181,180
A,358,0.28348121,0.33435899,0.30892010,1,1,273,154,181,180
A,359,0.31132190,0.29860214,0.30496202,1,1,273,154,181,180
A,360,0.32543943,0.34017634,0.33280789,1,1,273,154,181,180
A,361,0.28348121,0.29744922,0.29046521,1,1,273,154,181,180
A,362,0.26768334,0.33538465,0.30153400,1,1,273,154,181,180
A,363,0.29030987,0.30357143,0.29694065,1,1,273,154,181,180
A,364,0.29488833,0.29860214,0.29674524,1,1,273,154,181,180
A,365,0.29488833,0.33538465,0.31513649,1,1,273,154,181,180
A,366,0.26953585,0.29839754,0.28396669,1,1,273,154,181,180
A,367,0.28348263,0.28775432,0.28561848,1,1,273,154,181,180
A,368,0.29771773,0.30769231,0.30270502,1,1,273,154,181,180
A,369,0.29771773,0.29860214,0.29815994,1,1,273,154,181,180
A,370,0.28348263,0.29744922,0.29046593,1,1,273,154,181,180
A,371,0.29771773,0.32320058,0.31045915,1,1,273,154,181,180
A,372,0.29488833,0.30567220,0.30028027,1,1,273,154,181,180
A,373,0.26469765,0.28571429,0.27520597,1,1,277,178,151,150
A,374,0.28348121,0.29629630,0.28988875,1,1,277,178,151,150
A,375,0.26768334,0.30567220,0.28667777,1,1,277,178,151,150
A,376,0.28140463,0.29744922,0.28942692,1,1,277,178,151,150
A,377,0.27845477,0.29860214,0.28852845,1,1,277,178,151,150
A,378,0.27641362,0.28571429,0.28106395,1,1,277,178,151,150
A,379,0.28348121,0.29609328,0.28978724,1,1,277,178,151,150
A,380,0.27845477,0.30468317,0.29156897,1,1,277,178,151,150
A,381,0.29927908,0.27693548,0.28810728,1,1,277,178,151,150
A,382,0.28831459,0.30357143,0.29594301,1,1,277,178,151,150
A,383,0.26768334,0.32241760,0.29505047,1,1,277,178,151,150
A,384,0.28348121,0.32122378,0.30235250,1,1,277,178,151,150
A,385,0.28348121,0.28571429,0.28459775,1,1,277,178,151,150
A,386,0.28348121,0.30337802,0.29342961,1,1,277,178,151,150
A,387,0.28544305,0.28553225,0.28548765,1,1,277,178,151,150
A,388,0.29771773,0.28682603,0.29227188,1,1,273,154,181,180
A,389,0.28544305,0.30357143,0.29450724,1,1,277,178,151,150
A,390,0.26953585,0.32142857,0.29548221,1,1,277,178,151,150
A,391,0.28544305,0.32122378,0.30333341,1,1,277,178,151,150
A,392,0.30361735,0.30337802,0.30349768,1,1,277,178,151,150
A,393,0.26768334,0.28571429,0.27669881,1,1,277,178,151,150
A,394,0.29272672,0.28571429,0.28922050,1,1,277,178,151,150
A,395,0.26768334,0.28571429,0.27669881,1,1,277,178,151,150
A,396,0.28544305,0.27569820,0.28057062,1,1,277,178,151,150
A,397,0.26469765,0.27693548,0.27081657,1,1,277,178,151,150
A,398,0.28544305,0.29417686,0.28980995,1,1,277,178,151,150
A,399,0.27641362,0.28571429,0.28106395,1,1,277,178,151,150
A,400,0.25374685,0.27586207,0.26480446,1,1,277,178,151,150
A,401,0.28348263,0.28553225,0.28450744,1,1,277,178,151,150
A,402,0.26768334,0.30337802,0.28553068,1,1,277,178,151,150
A,403,0.27641362,0.28664329,0.28152845,1,1,277,178,151,150
A,404,0.23795784,0.25000000,0.24397892,1,1,277,178,151,150
A,405,0.19137209,0.17401760,0.18269484,1,1,277,178,151,150
A,406,0.16601873,0.16822356,0.16712114,1,1,277,178,151,150
A,407,0.14130490,0.16629752,0.15380121,1,1,277,178,151,150
A,408,0.17601962,0.15720149,0.16661055,1,1,277,178,151,150
A,409,0.19250661,0.18022474,0.18636567,1,1,277,178,151,150
A,410,0.24583185,0.25000000,0.24791592,1,1,277,178,151,150
A,411,0.23056340,0.24137931,0.23597135,1,1,277,178,151,150
A,412,0.22969846,0.23362076,0.23165961,1,1,277,178,151,150
A,413,0.24583185,0.21562615,0.23072900,1,1,277,178,151,150
A,414,0.24402983,0.25000000,0.24701492,1,1,277,178,151,150
A,415,0.26022172,0.25110898,0.25566535,1,1,277,178,151,150
A,416,0.25200285,0.25953984,0.25577135,1,1,277,178,151,150
A,417,0.26953585,0.25969410,0.26461497,1,1,277,178,151,150
A,418,0.25374685,0.24137931,0.24756308,1,1,277,178,151,150
A,419,0.23795784,0.24123593,0.23959688,1,1,277,178,151,150
A,420,0.23632237,0.25000000,0.24316118,1,1,277,178,151,150
A,421,0.25200285,0.27586207,0.26393246,1,1,277,178,151,150
A,422,0.25947395,0.27677097,0.26812246,1,1,277,178,151,150
A,423,0.27657302,0.27693548,0.27675425,1,1,277,178,151,150
A,424,0.26953585,0.27693548,0.27323566,1,1,277,178,151,150
A,425,0.25074049,0.27586207,0.26330128,1,1,277,178,151,150
A,426,0.25374685,0.27586207,0.26480446,1,1,277,178,151,150
A,427,0.25074049,0.27586207,0.26330128,1,1,277,178,151,150
A,428,0.25074049,0.27586207,0.26330128,1,1,273,174,181,180
A,429,0.26587572,0.26651864,0.26619718,1,1,273,174,181,180
A,430,0.26652950,0.28571429,0.27612189,1,1,277,178,151,150
A,431,0.26953585,0.28571429,0.27762507,1,1,277,178,151,150
A,432,0.26116013,0.28571429,0.27343721,1,1,277,178,151,150
A,433,0.25374685,0.28571429,0.26973057,1,1,277,178,151,150
A,434,0.26953585,0.27677097,0.27315341,1,1,273,174,181,180
A,435,0.26953585,0.27586207,0.27269896,1,1,277,178,151,150
A,436,0.26953585,0.27586207,0.27269896,1,1,277,178,151,150
A,437,0.27440267,0.28571429,0.28005848,1,1,277,178,151,150
A,438,0.24586177,0.25984600,0.25285388,1,1,277,178,151,150
A,439,0.25200285,0.24123593,0.24661939,1,1,277,178,151,150
A,440,0.24427436,0.24123593,0.24275514,1,1,277,178,151,150
A,441,0.26116013,0.25953984,0.26034998,1,1,277,178,151,150
A,442,0.24586177,0.27693548,0.26139862,1,1,277,178,151,150
A,443,0.26953585,0.27693548,0.27323566,1,1,277,178,151,150
A,444,0.26953585,0.27693548,0.27323566,1,1,277,178,151,150
A,445,0.25374685,0.27586207,0.26480446,1,1,277,178,151,150
A,446,0.24427436,0.27586207,0.26006821,1,1,277,178,151,150
A,447,0.25200285,0.26755569,0.25977927,1,1,277,178,151,150
A,448,0.25374685,0.25984600,0.25679642,1,1,273,174,181,180
A,449,0.26116013,0.27693548,0.26904781,1,1,273,174,181,180
A,450,0.24427436,0.27586207,0.26006821,1,1,273,174,181,180
A,451,0.24344359,0.25846706,0.25095533,1,1,273,174,181,180
A,452,0.26953585,0.27586207,0.27269896,1,1,277,178,151,150
A,453,0.26768334,0.26666667,0.26717500,1,1,277,178,151,150
A,454,0.26953585,0.27586207,0.27269896,1,1,277,178,151,150
A,455,0.26953585,0.27693548,0.27323566,1,1,277,178,151,150
A,456,0.26953585,0.28571429,0.27762507,1,1,277,178,151,150
A,457,0.26768334,0.26666667,0.26717500,1,1,277,178,151,150
A,458,0.26768334,0.27693548,0.27230941,1,1,277,178,151,150
A,459,0.25374685,0.27800889,0.26587787,1,1,277,178,151,150
A,460,0.25200285,0.26651864,0.25926075,1,1,277,178,151,150
A,461,0.27440267,0.27693548,0.27566908,1,1,277,178,151,150
A,462,0.25374685,0.27586207,0.26480446,1,1,277,178,151,150
A,463,0.27845477,0.27586207,0.27715842,1,1,277,178,151,150
A,464,0.26953585,0.27693548,0.27323566,1,1,277,178,151,150
A,465,0.26953585,0.28571429,0.27762507,1,1,277,178,151,150
A,466,0.26116013,0.27693548,0.26904781,1,1,277,178,151,150
A,467,0.25923259,0.27586207,0.26754733,1,1,277,178,151,150
A,468,0.25374685,0.28553225,0.26963955,1,1,277,178,151,150
A,469,0.27845477,0.27677097,0.27761287,1,1,277,178,151,150
A,470,0.27845477,0.27693548,0.27769512,1,1,277,178,151,150
A,471,0.26953585,0.27586207,0.27269896,1,1,277,178,151,150
A,472,0.28348263,0.28571429,0.28459846,1,1,277,178,151,150
A,473,0.27845477,0.28571429,0.28208453,1,1,277,178,151,150
A,474,0.26953585,0.27586207,0.27269896,1,1,277,178,151,150
A,475,0.23795784,0.27586207,0.25690996,1,1,277,178,151,150
A,476,0.23056340,0.24137931,0.23597135,1,1,277,178,151,150
A,477,0.24583185,0.22400479,0.23491832,1,1,277,178,151,150
A,478,0.22365932,0.24260462,0.23313197,1,1,277,178,151,150
A,479,0.23795784,0.24260462,0.24028123,1,1,277,178,151,150
A,480,0.23454147,0.24382992,0.23918569,1,1,254,174,180,180
A,481,0.23454147,0.23341193,0.23397670,1,1,254,174,180,180
A,482,0.23112509,0.23214286,0.23163397,1,1,254,174,180,180
A,483,0.24230242,0.25862069,0.25046156,1,1,254,174,180,180
A,484,0.23877300,0.21428571,0.22652936,1,1,254,174,180,180
A,485,0.23795784,0.23214286,0.23505035,1,1,254,174,180,180
A,486,0.23936854,0.24137931,0.24037392,1,1,277,178,151,150
A,487,0.23593191,0.23451780,0.23522485,1,1,277,178,151,150
A,488,0.23936854,0.24382992,0.24159923,1,1,277,178,151,150
A,489,0.23936854,0.23451780,0.23694317,1,1,277,178,151,150
A,490,0.23056340,0.24260462,0.23658401,1,1,254,174,180,180
A,491,0.23795784,0.24260462,0.24028123,1,1,254,174,180,180
A,492,0.26214331,0.24245272,0.25229801,1,1,254,174,180,180
A,493,0.26652950,0.25103763,0.25878356,1,1,254,174,180,180
A,494,0.23454147,0.25000000,0.24227073,1,1,254,174,180,180
A,495,0.23795784,0.25000000,0.24397892,1,1,254,174,180,180
A,496,0.25074049,0.26768648,0.25921349,1,1,254,174,180,180
A,497,0.25374685,0.25862069,0.25618377,1,1,254,174,180,180
A,498,0.26116013,0.24123593,0.25119803,1,1,254,174,180,180
A,499,0.25074049,0.24986122,0.25030086,1,1,254,174,180,180
A,500,0.26116013,0.25846706,0.25981360,1,1,254,174,180,180
A,501,0.26652950,0.24137931,0.25395440,1,1,254,174,180,180
A,502,0.25074049,0.25846706,0.25460378,1,1,254,174,180,180
A,503,0.25903748,0.24984072,0.25443910,1,1,254,174,180,180
A,504,0.25033047,0.26785714,0.25909381,1,1,254,174,180,180
A,505,0.23454147,0.24260462,0.23857304,1,1,254,174,180,180
A,506,0.23795784,0.24123593,0.23959688,1,1,254,174,180,180
A,507,0.23454147,0.25862069,0.24658108,1,1,254,174,180,180
A,508,0.23454147,0.26785714,0.25119930,1,1,254,174,180,180
A,509,0.23795784,0.26768648,0.25282216,1,1,254,174,180,180
A,510,0.26214331,0.26076442,0.26145386,1,1,254,174,180,180
A,511,0.26810958,0.26651864,0.26731411,1,1,254,174,180,180
A,512,0.26953585,0.25846706,0.26400146,1,1,254,174,180,180
A,513,0.26652950,0.26711137,0.26682043,1,1,254,174,180,180
A,514,0.26953585,0.29400211,0.28176898,1,1,254,174,180,180
A,515,0.26652950,0.27569820,0.27111385,1,1,254,174,180,180
A,516,0.26652950,0.27569820,0.27111385,1,1,254,174,180,180
A,517,0.23795784,0.24123593,0.23959688,1,1,254,174,180,180
A,518,0.23795784,0.24246051,0.24020917,1,1,254,174,180,180
A,519,0.24230242,0.23320381,0.23775311,1,1,254,174,180,180
A,520,0.25861388,0.25104503,0.25482946,1,1,254,174,180,180
A,521,0.26810958,0.28317605,0.27564281,1,1,254,174,180,180
A,522,0.26953585,0.25969164,0.26461375,1,1,254,174,180,180
A,523,0.25374685,0.25089828,0.25232256,1,1,254,174,180,180
A,524,0.25861388,0.25000000,0.25430694,1,1,254,174,180,180
A,525,0.23593191,0.24180971,0.23887081,1,1,254,174,180,180
A,526,0.23593191,0.24986122,0.24289657,1,1,254,174,180,180
A,527,0.27534894,0.25222209,0.26378551,1,1,254,174,180,180
A,528,0.25374685,0.24986122,0.25180403,1,1,254,174,180,180
A,529,0.25181451,0.24123593,0.24652522,1,1,254,174,180,180
A,530,0.23454147,0.23320381,0.23387264,1,1,254,174,180,180
A,531,0.26810958,0.25000000,0.25905479,1,1,254,174,180,180
A,532,0.26652950,0.23438761,0.25045856,1,1,254,174,180,180
A,533,0.26652950,0.25906867,0.26279909,1,1,254,174,180,180
A,534,0.26652950,0.26755569,0.26704259,1,1,254,174,180,180
A,535,0.26810958,0.24180971,0.25495964,1,1,254,174,180,180
A,536,0.23593191,0.23438761,0.23515976,1,1,254,174,180,180
A,537,0.26652950,0.25793035,0.26222993,1,1,254,174,180,180
A,538,0.25033047,0.25752911,0.25392979,1,1,254,174,180,180
A,539,0.26652950,0.23320381,0.24986665,1,1,254,174,180,180
A,540,0.23112509,0.23320381,0.23216445,1,1,254,174,180,180
A,541,0.26652950,0.26755569,0.26704259,1,1,254,174,180,180
A,542,0.27534894,0.24986122,0.26260508,1,1,254,174,180,180
A,543,0.26652950,0.26755569,0.26704259,1,1,254,174,180,180
A,544,0.26652950,0.23320381,0.24986665,1,1,254,174,180,180
A,545,0.26652950,0.25104503,0.25878726,1,1,254,174,180,180
A,546,0.26810958,0.25000000,0.25905479,1,1,254,174,180,180
A,547,0.26652950,0.26651864,0.26652407,1,1,254,174,180,180
A,548,0.26652950,0.24246051,0.25449500,1,1,254,174,180,180
A,549,0.24732412,0.26755569,0.25743990,1,1,254,174,180,180
A,550,0.25533427,0.25893399,0.25713413,1,1,254,174,180,180
A,551,0.26810958,0.25793035,0.26301996,1,1,254,174,180,180
A,552,0.25374685,0.25846706,0.25610695,1,1,254,174,180,180
A,553,0.26953585,0.26770430,0.26862007,1,1,254,174,180,180
A,554,0.25181451,0.25862069,0.25521760,1,1,254,174,180,180
A,555,0.26810958,0.27677097,0.27244028,1,1,254,174,180,180
A,556,0.26810958,0.26651864,0.26731411,1,1,254,174,180,180
A,557,0.26953585,0.27693548,0.27323566,1,1,254,174,180,180
A,558,0.26652950,0.26666667,0.26659808,1,1,254,174,180,180
A,559,0.27396668,0.25862069,0.26629368,1,1,254,154,180,180
A,560,0.26810958,0.27586207,0.27198582,1,1,254,154,180,180
A,561,0.27709217,0.27586207,0.27647712,1,1,254,154,180,180
A,562,0.27845477,0.27677097,0.27761287,1,1,254,154,180,180
A,563,0.24230242,0.27569820,0.25900031,1,1,254,154,180,180
A,564,0.27534894,0.28553225,0.28044059,1,1,254,154,180,180
A,565,0.30855027,0.27586207,0.29220617,1,1,254,154,180,180
A,566,0.27845477,0.27586207,0.27715842,1,1,254,154,180,180
A,567,0.27845477,0.31111483,0.29478480,1,1,254,154,180,180
A,568,0.27534894,0.27569820,0.27552357,1,1,254,154,180,180
A,569,0.27709217,0.27586207,0.27647712,1,1,254,154,180,180
A,570,0.26067744,0.27586207,0.26826976,1,1,254,154,180,180
A,571,0.26652950,0.28571429,0.27612189,1,1,254,154,180,180
A,572,0.26652950,0.27586207,0.27119578,1,1,254,154,180,180
A,573,0.26953585,0.31034483,0.28994034,1,1,254,154,180,180
A,574,0.26953585,0.30092309,0.28522947,1,1,254,154,180,180
A,575,0.31050371,0.31758976,0.31404673,1,1,254,154,180,180
A,576,0.29773924,0.30092309,0.29933117,1,1,254,154,180,180
A,577,0.31050371,0.30000000,0.30525185,1,1,254,154,180,180
A,578,0.32414193,0.31034483,0.31724338,1,1,254,154,180,180
A,579,0.31050371,0.29292934,0.30171652,1,1,254,154,180,180
A,580,0.31050371,0.31034483,0.31042427,1,1,254,154,180,180
A,581,0.31050371,0.30357143,0.30703757,1,1,254,154,180,180
A,582,0.27709217,0.29400211,0.28554714,1,1,254,154,180,180
A,583,0.32078751,0.30000000,0.31039376,1,1,254,154,180,180
A,584,0.28668762,0.31129975,0.29899369,1,1,254,154,180,180
A,585,0.27709217,0.27586207,0.27647712,1,1,254,154,180,180
A,586,0.28713525,0.28317605,0.28515565,1,1,254,154,180,180
A,587,0.26810958,0.29405837,0.28108397,1,1,254,154,180,180
A,588,0.27396668,0.28333333,0.27865000,1,1,254,154,180,180
A,589,0.27396668,0.31034483,0.29215575,1,1,254,154,180,180
A,590,0.27709217,0.31034483,0.29371850,1,1,254,154,180,180
A,591,0.28021766,0.26770430,0.27396098,1,1,254,154,180,180
A,592,0.28713525,0.28333333,0.28523429,1,1,254,154,180,180
A,593,0.27113375,0.25103763,0.26108569,1,1,254,154,180,180
A,594,0.27709217,0.29310345,0.28509781,1,1,254,154,180,180
A,595,0.28021766,0.27586207,0.27803987,1,1,254,154,180,180
A,596,0.27709217,0.28553225,0.28131221,1,1,254,154,180,180
A,597,0.13623124,0.12273921,0.12948523,1,1,254,154,180,180
A,598,0.10219492,0.11865252,0.11042372,1,1,254,154,180,180
A,599,0.13623124,0.13325932,0.13474528,1,1,254,154,180,180
A,600,0.15811994,0.15720149,0.15766071,1,1,254,154,180,180
A,601,0.24383644,0.24260462,0.24322053,1,1,254,154,180,180
A,602,0.28992135,0.28571429,0.28781782,1,1,254,154,180,180
A,603,0.27854334,0.30357143,0.29105738,1,1,254,154,180,180
A,604,0.29550564,0.29310345,0.29430454,1,1,254,154,180,180
A,605,0.29396610,0.27586207,0.28491408,1,1,254,154,180,180
A,606,0.29211671,0.31034483,0.30123077,1,1,254,154,180,180
A,607,0.31329288,0.29292934,0.30311111,1,1,254,154,180,180
A,608,0.31329288,0.29400211,0.30364750,1,1,254,154,180,180
A,609,0.30313675,0.32739162,0.31526418,1,1,254,154,180,180
A,610,0.31050371,0.32122378,0.31586374,1,1,254,154,180,180
A,611,0.31909411,0.32825102,0.32367257,1,1,254,154,180,180
A,612,0.32414193,0.33995961,0.33205077,1,1,254,154,180,180
A,613,0.31050371,0.32221218,0.31635794,1,1,254,154,180,180
A,614,0.31050371,0.33906955,0.32478663,1,1,254,154,180,180
A,615,0.31329288,0.32680993,0.32005141,1,1,254,154,180,180
A,616,0.30703164,0.30279997,0.30491581,1,1,254,154,180,180
A,617,0.31909411,0.31056207,0.31482809,1,1,254,154,180,180
A,618,0.30855027,0.30960941,0.30907984,1,1,254,154,180,180
A,619,0.33645865,0.32739162,0.33192513,1,1,254,154,180,180
A,620,0.30313675,0.31596530,0.30955102,1,1,254,154,180,180
A,621,0.31329288,0.33425387,0.32377338,1,1,254,154,180,180
A,622,0.31408855,0.32159825,0.31784340,1,1,254,154,180,180
A,623,0.31132190,0.33995961,0.32564075,1,1,254,154,180,180
A,624,0.30771453,0.30960941,0.30866197,1,1,254,154,180,180
A,625,0.32991818,0.32766781,0.32879300,1,1,254,154,180,180
A,626,0.31050371,0.32221218,0.31635794,1,1,254,154,180,180
A,627,0.29396610,0.32061174,0.30728892,1,1,254,154,180,180
A,628,0.29084061,0.30378649,0.29731355,1,1,254,154,180,180
A,629,0.31678731,0.32159825,0.31919278,1,1,254,154,180,180
A,630,0.34150867,0.32159825,0.33155346,1,1,254,154,180,180
A,631,0.29773924,0.33941001,0.31857463,1,1,254,154,180,180
A,632,0.30771453,0.30378649,0.30575051,1,1,254,154,180,180
A,633,0.30043800,0.32776259,0.31410030,1,1,254,154,180,180
A,634,0.30043800,0.32061174,0.31052487,1,1,254,154,180,180
A,635,0.30091215,0.30378649,0.30234932,1,1,254,154,180,180
A,636,0.31050371,0.32061174,0.31555772,1,1,254,154,180,180
A,637,0.30771453,0.33931187,0.32351320,1,1,254,154,180,180
A,638,0.31050371,0.32061174,0.31555772,1,1,254,154,180,180
A,639,0.30771453,0.32159825,0.31465639,1,1,254,154,180,180
A,640,0.31050371,0.32776259,0.31913315,1,1,254,154,180,180
A,641,0.29362978,0.30378649,0.29870813,1,1,254,154,180,180
A,642,0.32461160,0.31151473,0.31806317,1,1,254,154,180,180
A,643,0.30771453,0.34486834,0.32629144,1,1,254,154,180,180
A,644,0.29396610,0.32320058,0.30858334,1,1,254,154,180,180
A,645,0.32884222,0.32834597,0.32859410,1,1,254,154,180,180
A,646,0.31212985,0.31111483,0.31162234,1,1,254,154,180,180
A,647,0.34654348,0.34548216,0.34601282,1,1,254,154,180,180
A,648,0.33845719,0.32221218,0.33033469,1,1,254,154,180,180
A,649,0.32125617,0.32122378,0.32123998,1,1,254,154,180,180
A,650,0.34654348,0.31016048,0.32835198,1,1,254,154,180,180
A,651,0.34582778,0.31824425,0.33203602,1,1,254,154,180,180
A,652,0.32712901,0.33906955,0.33309928,1,1,254,154,180,180
A,653,0.30771453,0.32739162,0.31755307,1,1,254,154,180,180
A,654,0.26508540,0.27569820,0.27039180,1,1,254,154,180,180
A,655,0.29550564,0.27586207,0.28568385,1,1,254,154,180,180
A,656,0.27113375,0.26770430,0.26941902,1,1,254,154,180,180
A,657,0.27854334,0.26770430,0.27312382,1,1,254,154,180,180
A,658,0.27113375,0.26666667,0.26890021,1,1,254,154,180,180
A,659,0.26942349,0.23333333,0.25137841,1,1,254,154,180,180
A,660,0.26067744,0.27586207,0.26826976,1,1,254,154,180,180
A,661,0.27113375,0.27586207,0.27349791,1,1,254,154,180,180
A,662,0.24738821,0.27677097,0.26207959,1,1,254,154,180,180
A,663,0.26652950,0.28317605,0.27485277,1,1,254,154,180,180
A,664,0.24383644,0.25969410,0.25176527,1,1,254,154,180,180
A,665,0.23680340,0.22413793,0.23047067,1,1,254,154,180,180
A,666,0.24154307,0.24137931,0.24146119,1,1,254,154,180,180
A,667,0.23708813,0.23333333,0.23521073,1,1,254,154,180,180
A,668,0.25712567,0.26755569,0.26234068,1,1,254,154,180,180
A,669,0.24028467,0.24123593,0.24076030,1,1,254,154,180,180
A,670,0.22466314,0.25862069,0.24164192,1,1,254,154,180,180
A,671,0.27446917,0.25862069,0.26654493,1,1,254,154,180,180
A,672,0.24154307,0.25862069,0.25008188,1,1,254,154,180,180
A,673,0.25000958,0.23333333,0.24167146,1,1,254,154,180,180
A,674,0.23252907,0.24123593,0.23688250,1,1,254,154,180,180
A,675,0.23363466,0.25862069,0.24612767,1,1,254,154,180,180
A,676,0.23708813,0.24123593,0.23916203,1,1,254,154,180,180
A,677,0.24511344,0.25953984,0.25232664,1,1,254,154,180,180
A,678,0.23236325,0.23438761,0.23337543,1,1,254,154,180,180
A,679,0.25000958,0.25000000,0.25000479,1,1,254,154,180,180
A,680,0.23593191,0.24123593,0.23858392,1,1,254,154,180,180
A,681,0.24868381,0.25110898,0.24989640,1,1,254,154,180,180
A,682,0.22879288,0.22360680,0.22619984,1,1,254,154,180,180
A,683,0.14142135,0.15517241,0.14829688,1,1,254,154,180,180
A,684,0.13238494,0.14675838,0.13957166,1,1,254,174,180,180
A,685,0.09892941,0.10937500,0.10415220,1,1,254,174,180,180
A,686,0.08918318,0.09939158,0.09428738,1,1,254,174,180,180
A,687,0.15235380,0.12896518,0.14065949,1,1,254,174,180,180
A,688,0.21191295,0.23320381,0.22255838,1,1,254,174,180,180
A,689,0.26810958,0.26711137,0.26761047,1,1,254,174,180,180
A,690,0.27396668,0.27520836,0.27458752,1,1,254,154,180,180
A,691,0.29396610,0.27546544,0.28471577,1,1,254,154,180,180
A,692,0.28345390,0.26814670,0.27580030,1,1,254,174,180,180
A,693,0.26508540,0.25953326,0.26230933,1,1,254,174,180,180
A,694,0.29084061,0.30117764,0.29600912,1,1,254,174,180,180
A,695,0.30771453,0.30025659,0.30398556,1,1,254,154,180,180
A,696,0.29154759,0.26814670,0.27984714,1,1,254,174,180,180
A,697,0.26810958,0.30034817,0.28422887,1,1,254,174,180,180
A,698,0.26810958,0.26607604,0.26709281,1,1,254,174,180,180
A,699,0.30043800,0.26740820,0.28392310,1,1,254,174,180,180
A,700,0.29236377,0.28284571,0.28760474,1,1,254,174,180,180
A,701,0.27709217,0.26534324,0.27121771,1,1,254,174,180,180
A,702,0.26810958,0.30960941,0.28885949,1,1,254,174,180,180
A,703,0.30043800,0.30025659,0.30034730,1,1,254,174,180,180
A,704,0.30043800,0.26814670,0.28429235,1,1,254,174,180,180
A,705,0.29396610,0.26711137,0.28053873,1,1,254,174,180,180
A,706,0.26025117,0.26740820,0.26382968,1,1,254,174,180,180
A,707,0.29866740,0.30034817,0.29950778,1,1,254,174,180,180
A,708,0.29866740,0.26740820,0.28303780,1,1,254,174,180,180
A,709,0.26810958,0.26637572,0.26724265,1,1,254,174,180,180
A,710,0.28141232,0.29942966,0.29042099,1,1,254,174,180,180
A,711,0.30043800,0.26740820,0.28392310,1,1,254,174,180,180
A,712,0.29362978,0.26637572,0.28000275,1,1,254,174,180,180
A,713,0.25847227,0.22648185,0.24247706,1,1,254,174,180,180
A,714,0.21730740,0.21736862,0.21733801,1,1,254,174,180,180
A,715,0.23708813,0.23399837,0.23554325,1,1,254,174,180,180
A,716,0.21730740,0.21874494,0.21802617,1,1,254,174,180,180
A,717,0.20795010,0.21057452,0.20926231,1,1,254,174,180,180
A,718,0.21730740,0.21736862,0.21733801,1,1,254,174,180,180
A,719,0.19460482,0.19314683,0.19387582,1,1,254,174,180,180
A,720,0.20670070,0.21618678,0.21144374,1,1,254,174,180,180
A,721,0.20778321,0.20093335,0.20435828,1,1,254,174,180,180
A,722,0.20098014,0.20230968,0.20164491,1,1,254,174,180,180
A,723,0.22130193,0.20093335,0.21111764,1,1,254,174,180,180
A,724,0.20670070,0.21618678,0.21144374,1,1,254,174,180,180
A,725,0.20000001,0.20093335,0.20046668,1,1,254,174,180,180
A,726,0.21730740,0.21756310,0.21743525,1,1,254,174,180,180
A,727,0.23363466,0.24325213,0.23844339,1,1,254,174,180,180
A,728,0.22466314,0.22360680,0.22413497,1,1,254,174,180,180
A,729,0.23363466,0.24202972,0.23783219,1,1,254,174,180,180
A,730,0.21730740,0.24246051,0.22988395,1,1,254,174,180,180
A,731,0.22466314,0.23518021,0.22992168,1,1,254,174,180,180
A,732,0.24383644,0.24202972,0.24293308,1,1,254,174,180,180
A,733,0.24511344,0.24202972,0.24357158,1,1,254,174,180,180
A,734,0.21730740,0.24246051,0.22988395,1,1,254,174,180,180
A,735,0.23593191,0.23399837,0.23496514,1,1,254,174,180,180
A,736,0.23363466,0.24202972,0.23783219,1,1,254,174,180,180
A,737,0.24154307,0.24080732,0.24117520,1,1,254,174,180,180
A,738,0.24028467,0.24202972,0.24115720,1,1,254,174,180,180
A,739,0.24154307,0.25907871,0.25031089,1,1,254,174,180,180
A,740,0.23246059,0.23438761,0.23342410,1,1,254,174,180,180
A,741,0.25847227,0.25166346,0.25506787,1,1,254,174,180,180
A,742,0.24511344,0.24325213,0.24418278,1,1,254,174,180,180
A,743,0.23363466,0.23335392,0.23349429,1,1,254,174,180,180
A,744,0.23363466,0.25800784,0.24582125,1,1,254,174,180,180
A,745,0.23132693,0.23399837,0.23266265,1,1,254,174,180,180
A,746,0.23907718,0.23281653,0.23594686,1,1,254,174,180,180
A,747,0.24879034,0.28387819,0.26633426,1,1,254,174,180,180
A,748,0.23249528,0.25062813,0.24156170,1,1,254,174,180,180
A,749,0.23249528,0.23217534,0.23233531,1,1,254,174,180,180
A,750,0.22563826,0.22503036,0.22533431,1,1,254,174,180,180
A,751,0.21080892,0.20093335,0.20587114,1,1,254,174,180,180
A,752,0.20778321,0.21736862,0.21257592,1,1,254,174,180,180
A,753,0.20778321,0.20640627,0.20709474,1,1,254,174,180,180
A,754,0.20670070,0.21618678,0.21144374,1,1,254,174,180,180
A,755,0.16847635,0.18430360,0.17638997,1,1,254,174,180,180
A,756,0.20098014,0.17705126,0.18901570,1,1,254,174,180,180
A,757,0.20098014,0.19955703,0.20026858,1,1,254,174,180,180
A,758,0.20098014,0.16794419,0.18446217,1,1,254,174,180,180
A,759,0.20000001,0.18430360,0.19215180,1,1,254,174,180,180
A,760,0.16238586,0.15171499,0.15705043,1,1,254,174,180,180
A,761,0.20397505,0.17200523,0.18799014,1,1,254,174,180,180
A,762,0.17706530,0.19264839,0.18485685,1,1,254,174,180,180
A,763,0.18742047,0.17200523,0.17971285,1,1,254,174,180,180
A,764,0.16765473,0.17200523,0.16982998,1,1,254,174,180,180
A,765,0.17706313,0.16912380,0.17309346,1,1,254,174,180,180
A,766,0.15631500,0.13267162,0.14449331,1,1,254,174,180,180
A,767,0.15734883,0.13267162,0.14501022,1,1,254,174,180,180
A,768,0.17813355,0.13972166,0.15892760,1,1,254,174,180,180
A,769,0.14603910,0.13931011,0.14267460,1,1,254,174,180,180
A,770,0.15669029,0.13972166,0.14820597,1,1,254,174,180,180
A,771,0.13556687,0.13719886,0.13638287,1,1,254,174,180,180
A,772,0.11977096,0.10320314,0.11148705,1,1,254,174,180,180
A,773,0.11977096,0.13719886,0.12848491,1,1,254,174,180,180
A,774,0.13556687,0.11640827,0.12598757,1,1,254,174,180,180
A,775,0.12550899,0.10320314,0.11435606,1,1,254,174,180,180
A,776,0.13130643,0.16794419,0.14962531,1,1,254,174,180,180
A,777,0.13556687,0.16794419,0.15175553,1,1,254,174,180,180
A,778,0.17235893,0.15480471,0.16358182,1,1,254,174,180,180
A,779,0.12035792,0.13997035,0.13016413,1,1,254,174,180,180
A,780,0.14998293,0.11845548,0.13421921,1,1,254,174,180,180
A,781,0.16765473,0.15480471,0.16122972,1,1,254,174,180,180
A,782,0.15161080,0.15480471,0.15320775,1,1,254,174,180,180
A,783,0.16262056,0.16629752,0.16445904,1,1,254,174,180,180
A,784,0.16765473,0.18292728,0.17529100,1,1,254,174,180,180
A,785,0.15669029,0.19062931,0.17365980,1,1,254,174,180,180
A,786,0.16765473,0.18323156,0.17544315,1,1,254,174,180,180
A,787,0.15235380,0.18323156,0.16779268,1,1,254,174,180,180
A,788,0.20397505,0.20093335,0.20245420,1,1,254,174,180,180
A,789,0.18472824,0.19955703,0.19214264,1,1,254,174,180,180
A,790,0.19098120,0.20819975,0.19959047,1,1,254,174,180,180
A,791,0.18382737,0.18292728,0.18337732,1,1,254,174,180,180
A,792,0.20098014,0.19955703,0.20026858,1,1,254,174,180,180
A,793,0.20000001,0.19988898,0.19994449,1,1,254,174,180,180
A,794,0.20098014,0.18954251,0.19526133,1,1,254,174,180,180
A,795,0.18472824,0.18323156,0.18397990,1,1,254,174,180,180
A,796,0.18472824,0.20819975,0.19646400,1,1,254,174,180,180
A,797,0.18472824,0.20093335,0.19283080,1,1,254,174,180,180
A,798,0.18472824,0.19988898,0.19230861,1,1,254,174,180,180
A,799,0.20098014,0.19955703,0.20026858,1,1,254,174,180,180
A,800,0.17417919,0.18323156,0.17870537,1,1,254,174,180,180
A,801,0.19098120,0.18323156,0.18710638,1,1,254,174,180,180
A,802,0.18472824,0.18488097,0.18480461,1,1,254,174,180,180
A,803,0.18336097,0.16657415,0.17496756,1,1,254,174,180,180
A,804,0.16847635,0.18292728,0.17570181,1,1,254,174,180,180
A,805,0.16847635,0.18323156,0.17585396,1,1,254,174,180,180
A,806,0.20098014,0.19447895,0.19772954,1,1,254,174,180,180
A,807,0.18472824,0.19988898,0.19230861,1,1,254,174,180,180
A,808,0.18472824,0.19955703,0.19214264,1,1,254,174,180,180
A,809,0.16847635,0.19988898,0.18418266,1,1,254,174,180,180
A,810,0.16313208,0.18461018,0.17387113,1,1,254,174,180,180
A,811,0.17320360,0.18323156,0.17821758,1,1,254,174,180,180
A,812,0.18472824,0.18625959,0.18549392,1,1,254,174,180,180
A,813,0.18336097,0.19955703,0.19145900,1,1,254,174,180,180
A,814,0.18472824,0.16657415,0.17565120,1,1,254,174,180,180
A,815,0.16912380,0.18323156,0.17617768,1,1,254,174,180,180
A,816,0.16847635,0.18323156,0.17585396,1,1,254,174,180,180
A,817,0.16847635,0.18292728,0.17570181,1,1,254,174,180,180
A,818,0.18472824,0.18323156,0.18397990,1,1,254,174,180,180
A,819,0.17906645,0.16657415,0.17282030,1,1,254,174,180,180
A,820,0.18472824,0.19955703,0.19214264,1,1,254,174,180,180
A,821,0.17417919,0.18323156,0.17870537,1,1,254,174,180,180
A,822,0.18472824,0.18323156,0.18397990,1,1,254,174,180,180
A,823,0.17417919,0.16657415,0.17037667,1,1,254,174,180,180
A,824,0.16847635,0.16657415,0.16752525,1,1,254,174,180,180
A,825,0.17320360,0.16120647,0.16720504,1,1,254,174,180,180
A,826,0.16847635,0.14991673,0.15919654,1,1,254,174,180,180
A,827,0.16847635,0.20093335,0.18470485,1,1,254,174,180,180
A,828,0.17417919,0.16657415,0.17037667,1,1,254,174,180,180
A,829,0.15235380,0.16657415,0.15946397,1,1,254,174,180,180
A,830,0.16684050,0.18323156,0.17503603,1,1,254,174,180,180
A,831,0.17417919,0.18323156,0.17870537,1,1,254,174,180,180
A,832,0.15235380,0.16657415,0.15946397,1,1,254,174,180,180
A,833,0.18472824,0.16657415,0.17565120,1,1,254,174,180,180
A,834,0.16847635,0.18323156,0.17585396,1,1,254,174,180,180
A,835,0.16347222,0.14991673,0.15669448,1,1,254,174,180,180
A,836,0.17320360,0.17401760,0.17361060,1,1,254,174,180,180
A,837,0.15235380,0.16822356,0.16028868,1,1,254,174,180,180
A,838,0.16847635,0.17231138,0.17039386,1,1,254,174,180,180
A,839,0.17320360,0.19124873,0.18222617,1,1,254,174,180,180
A,840,0.18472824,0.17401760,0.17937292,1,1,254,174,180,180
A,841,0.17156775,0.16794419,0.16975597,1,1,254,174,180,180
A,842,0.16313208,0.17401760,0.16857484,1,1,254,174,180,180
A,843,0.16847635,0.18488097,0.17667866,1,1,254,174,180,180
A,844,0.15811994,0.16666667,0.16239330,1,1,254,174,180,180
A,845,0.16847635,0.16657415,0.16752525,1,1,254,174,180,180
A,846,0.16847635,0.16657415,0.16752525,1,1,254,174,180,180
A,847,0.15235380,0.18323156,0.16779268,1,1,254,174,180,180
A,848,0.16847635,0.18323156,0.17585396,1,1,254,174,180,180
A,849,0.18945550,0.19988898,0.19467224,1,1,254,174,180,180
A,850,0.15235380,0.16657415,0.15946397,1,1,254,174,180,180
A,851,0.18472824,0.18323156,0.18397990,1,1,254,174,180,180
A,852,0.16684050,0.16666667,0.16675358,1,1,254,174,180,180
A,853,0.15235380,0.16666667,0.15951023,1,1,254,174,180,180
A,854,0.17320360,0.18954251,0.18137306,1,1,254,174,180,180
A,855,0.17320360,0.16657415,0.16988887,1,1,254,174,180,180
A,856,0.15235380,0.16666667,0.15951023,1,1,254,174,180,180
A,857,0.18853157,0.18323156,0.18588156,1,1,254,174,180,180
A,858,0.15811994,0.16987297,0.16399645,1,1,254,174,180,180
A,859,0.15708105,0.16831699,0.16269902,1,1,254,174,180,180
A,860,0.18472824,0.18498366,0.18485595,1,1,254,174,180,180
A,861,0.18945550,0.18333333,0.18639442,1,1,254,174,180,180
A,862,0.18945550,0.18333333,0.18639442,1,1,254,174,180,180
A,863,0.18945550,0.18323156,0.18634353,1,1,254,174,180,180
A,864,0.18780241,0.17732712,0.18256477,1,1,254,174,180,180
A,865,0.20497467,0.19478195,0.19987831,1,1,254,174,180,180
A,866,0.17886845,0.19988898,0.18937871,1,1,254,174,180,180
A,867,0.17886845,0.19988898,0.18937871,1,1,254,174,180,180
A,868,0.18872277,0.19124873,0.18998575,1,1,254,174,180,180
A,869,0.18472824,0.19096861,0.18784843,1,1,254,174,180,180
A,870,0.16313208,0.19988898,0.18151053,1,1,254,174,180,180
A,871,0.18853157,0.16666667,0.17759912,1,1,254,174,180,180
A,872,0.18945550,0.18333333,0.18639442,1,1,254,174,180,180
A,873,0.16313208,0.18333333,0.17323271,1,1,254,174,180,180
A,874,0.17805025,0.16831699,0.17318362,1,1,254,174,180,180
A,875,0.18382737,0.18954251,0.18668494,1,1,254,174,180,180
A,876,0.18853157,0.18333333,0.18593245,1,1,254,174,180,180
A,877,0.18853157,0.18333333,0.18593245,1,1,254,174,180,180
A,878,0.18472824,0.18333333,0.18403079,1,1,254,174,180,180
A,879,0.18472824,0.16666667,0.17569746,1,1,254,174,180,180
A,880,0.17805025,0.17732712,0.17768868,1,1,254,174,180,180
A,881,0.17320360,0.18323156,0.17821758,1,1,254,174,180,180
A,882,0.16684050,0.18333333,0.17508692,1,1,254,174,180,180
A,883,0.17793085,0.18461018,0.18127051,1,1,254,174,180,180
A,884,0.17320360,0.18323156,0.17821758,1,1,254,174,180,180
A,885,0.17886845,0.17732712,0.17809778,1,1,254,174,180,180
A,886,0.16313208,0.16666667,0.16489938,1,1,254,174,180,180
A,887,0.14752096,0.13325932,0.14039014,1,1,254,174,180,180
A,888,0.16765473,0.16666667,0.16716070,1,1,254,174,180,180
A,889,0.14752096,0.15165033,0.14958564,1,1,254,174,180,180
A,890,0.17793085,0.18323156,0.18058121,1,1,254,174,180,180
A,891,0.17320360,0.18323156,0.17821758,1,1,254,174,180,180
A,892,0.19345002,0.18323156,0.18834079,1,1,254,174,180,180
A,893,0.20098014,0.19478195,0.19788105,1,1,254,174,180,180
A,894,0.18945550,0.18323156,0.18634353,1,1,254,174,180,180
A,895,0.17886845,0.18323156,0.18105001,1,1,254,174,180,180
A,896,0.14752096,0.16280273,0.15516184,1,1,254,174,180,180
A,897,0.19847263,0.21910881,0.20879072,1,1,254,174,180,180
A,898,0.15811994,0.18625959,0.17218976,1,1,254,174,180,180
A,899,0.17793085,0.18333333,0.18063209,1,1,254,174,180,180
A,900,0.20000001,0.18323156,0.19161578,1,1,254,174,180,180
A,901,0.17320360,0.18498366,0.17909363,1,1,254,174,180,180
A,902,0.18472824,0.19124873,0.18798849,1,1,254,174,180,180
A,903,0.16313208,0.16657415,0.16485312,1,1,254,174,180,180
A,904,0.19847263,0.19344776,0.19596020,1,1,254,174,180,180
A,905,0.16847635,0.17401760,0.17124697,1,1,254,174,180,180
A,906,0.17886845,0.21804605,0.19845725,1,1,254,174,180,180
A,907,0.17886845,0.17892338,0.17889591,1,1,254,174,180,180
A,908,0.20896920,0.19988898,0.20442909,1,1,254,174,180,180
A,909,0.18472824,0.19096861,0.18784843,1,1,254,174,180,180
A,910,0.15235380,0.17241379,0.16238379,1,1,254,174,180,180
A,911,0.20098014,0.18323156,0.19210585,1,1,254,174,180,180
A,912,0.17886845,0.20126759,0.19006802,1,1,254,174,180,180
A,913,0.16847635,0.18954251,0.17900943,1,1,254,174,180,180
A,914,0.18472824,0.16831699,0.17652262,1,1,254,174,180,180
A,915,0.20397505,0.21071407,0.20734456,1,1,254,174,180,180
A,916,0.17886845,0.19108212,0.18497528,1,1,254,174,180,180
A,917,0.18808822,0.18323156,0.18565989,1,1,254,174,180,180
A,918,0.18472824,0.16657415,0.17565120,1,1,254,174,180,180
A,919,0.19250661,0.18471271,0.18860966,1,1,254,174,180,180
A,920,0.17886845,0.18323156,0.18105001,1,1,254,174,180,180
A,921,0.17886845,0.18323156,0.18105001,1,1,254,174,180,180
A,922,0.16313208,0.16657415,0.16485312,1,1,254,174,180,180
A,923,0.17886845,0.18323156,0.18105001,1,1,254,174,180,180
A,924,0.18472824,0.18323156,0.18397990,1,1,254,174,180,180
A,925,0.15235380,0.18323156,0.16779268,1,1,254,174,180,180
A,926,0.19345002,0.18323156,0.18834079,1,1,254,174,180,180
A,927,0.20497467,0.20689655,0.20593561,1,1,254,174,180,180
A,928,0.18382737,0.18333333,0.18358035,1,1,254,174,180,180
A,929,0.17320360,0.18323156,0.17821758,1,1,254,174,180,180
A,930,0.18472824,0.18323156,0.18397990,1,1,254,174,180,180
A,931,0.16313208,0.16657415,0.16485312,1,1,254,174,180,180
A,932,0.16847635,0.17412103,0.17129869,1,1,254,174,180,180
A,933,0.18945550,0.18323156,0.18634353,1,1,254,174,180,180
A,934,0.17754454,0.16657415,0.17205935,1,1,254,174,180,180
A,935,0.17886845,0.18323156,0.18105001,1,1,254,174,180,180
A,936,0.17320360,0.16666667,0.16993513,1,1,254,174,180,180
A,937,0.17320360,0.18333333,0.17826847,1,1,254,174,180,180
A,938,0.17228668,0.18471271,0.17849970,1,1,254,174,180,180
A,939,0.18472824,0.17241379,0.17857102,1,1,254,174,180,180
A,940,0.18344575,0.16657415,0.17500995,1,1,254,174,180,180
A,941,0.18472824,0.16657415,0.17565120,1,1,254,174,180,180
A,942,0.18853157,0.20689655,0.19771406,1,1,254,174,180,180
A,943,0.16313208,0.17732712,0.17022960,1,1,254,174,180,180
A,944,0.16847635,0.17582826,0.17215230,1,1,254,174,180,180
A,945,0.18472824,0.18471271,0.18472048,1,1,254,174,180,180
A,946,0.18945550,0.16666667,0.17806108,1,1,254,174,180,180
A,947,0.17886845,0.17732712,0.17809778,1,1,254,174,180,180
A,948,0.17886845,0.17875424,0.17881134,1,1,254,174,180,180
A,949,0.18945550,0.16666667,0.17806108,1,1,254,174,180,180
A,950,0.18472824,0.16666667,0.17569746,1,1,254,174,180,180
A,951,0.18472824,0.16666667,0.17569746,1,1,254,174,180,180
A,952,0.18472824,0.15000000,0.16736412,1,1,254,174,180,180
A,953,0.18472824,0.16666667,0.17569746,1,1,254,174,180,180
A,954,0.18945550,0.16657415,0.17801482,1,1,254,174,180,180
A,955,0.18945550,0.18323156,0.18634353,1,1,254,174,180,180
A,956,0.18945550,0.18488097,0.18716823,1,1,254,174,180,180
A,957,0.18945550,0.16657415,0.17801482,1,1,254,174,180,180
A,958,0.17320360,0.16996732,0.17158546,1,1,254,174,180,180
A,959,0.18945550,0.20000000,0.19472775,1,1,254,174,180,180
A,960,0.16313208,0.16657415,0.16485312,1,1,254,174,180,180
A,961,0.18472824,0.16822356,0.17647590,1,1,254,174,180,180
A,962,0.18731356,0.16666667,0.17699012,1,1,254,174,180,180
A,963,0.18344575,0.18323156,0.18333866,1,1,254,174,180,180
A,964,0.18945550,0.14991673,0.16968612,1,1,254,174,180,180
A,965,0.11654003,0.10200896,0.10927449,1,1,254,174,180,180
A,966,0.11600693,0.12903226,0.12251960,1,1,254,174,180,180
A,967,0.10117022,0.11666667,0.10891845,1,1,254,174,180,180
A,968,0.15209825,0.14991673,0.15100749,1,1,254,174,180,180
A,969,0.17417919,0.18033963,0.17725941,1,1,254,174,180,180
A,970,0.24738821,0.22400479,0.23569650,1,1,254,174,180,180
A,971,0.28021766,0.27569820,0.27795793,1,1,254,174,180,180
A,972,0.27709217,0.27735010,0.27722113,1,1,254,174,180,180
A,973,0.27709217,0.25907871,0.26808544,1,1,254,174,180,180
A,974,0.27709217,0.27627923,0.27668570,1,1,254,174,180,180
A,975,0.27709217,0.27735010,0.27722113,1,1,254,174,180,180
A,976,0.27709217,0.25062813,0.26386015,1,1,254,174,180,180
A,977,0.27709217,0.27627923,0.27668570,1,1,254,174,180,180
A,978,0.27709217,0.25907871,0.26808544,1,1,254,174,180,180
A,979,0.27709217,0.27520836,0.27615027,1,1,254,174,180,180
A,980,0.26953585,0.29240889,0.28097237,1,1,254,174,180,180
A,981,0.23877300,0.27569820,0.25723560,1,1,254,174,180,180
A,982,0.25074049,0.24986122,0.25030086,1,1,254,174,180,180
A,983,0.26214331,0.29292934,0.27753632,1,1,254,174,180,180
A,984,0.24230242,0.25969164,0.25099703,1,1,254,174,180,180
A,985,0.25861388,0.27677097,0.26769243,1,1,254,174,180,180
A,986,0.24860551,0.28553225,0.26706888,1,1,254,174,180,180
A,987,0.26652950,0.27677097,0.27165024,1,1,254,174,180,180
A,988,0.26214331,0.27569820,0.26892075,1,1,254,174,180,180
A,989,0.25861388,0.27677097,0.26769243,1,1,254,174,180,180
A,990,0.27709217,0.25846706,0.26777962,1,1,254,174,180,180
A,991,0.24028467,0.20000000,0.22014233,1,1,254,174,180,180
A,992,0.23936854,0.21654639,0.22795747,1,1,254,174,180,180
A,993,0.24383644,0.24260462,0.24322053,1,1,254,174,180,180
A,994,0.23249528,0.23320381,0.23284954,1,1,254,174,180,180
A,995,0.23593191,0.24246051,0.23919621,1,1,254,174,180,180
A,996,0.21497321,0.24137931,0.22817626,1,1,254,174,180,180
A,997,0.23454147,0.24123593,0.23788870,1,1,254,174,180,180
A,998,0.23249528,0.24260462,0.23754995,1,1,254,174,180,180
A,999,0.21497321,0.24123593,0.22810457,1,1,254,174,180,180
A,1000,0.21041416,0.23333333,0.22187374,1,1,254,174,180,180
A,1001,0.22475540,0.23333333,0.22904437,1,1,254,174,180,180
A,1002,0.21730740,0.23333333,0.22532037,1,1,254,174,180,180
A,1003,0.21663040,0.23333333,0.22498187,1,1,254,174,180,180
A,1004,0.22365932,0.23333333,0.22849633,1,1,254,174,180,180
A,1005,0.22365932,0.24137931,0.23251931,1,1,254,174,180,180
A,1006,0.20795010,0.22413793,0.21604402,1,1,254,174,180,180
A,1007,0.22365932,0.24137931,0.23251931,1,1,254,174,180,180
A,1008,0.21624764,0.23451780,0.22538272,1,1,254,174,180,180
A,1009,0.25181451,0.23333333,0.24257392,1,1,254,174,180,180
A,1010,0.22022269,0.24137931,0.23080100,1,1,254,174,180,180
A,1011,0.22022269,0.24260462,0.23141365,1,1,254,174,180,180
A,1012,0.23593191,0.23333333,0.23463262,1,1,254,174,180,180
A,1013,0.18382737,0.20832350,0.19607543,1,1,254,174,180,180
A,1014,0.19250661,0.18965517,0.19108089,1,1,254,174,180,180
A,1015,0.20000001,0.20832350,0.20416175,1,1,254,174,180,180
A,1016,0.18853157,0.20689655,0.19771406,1,1,254,174,180,180
A,1017,0.20397505,0.20000000,0.20198753,1,1,254,174,180,180
A,1018,0.20945165,0.23320381,0.22132773,1,1,254,174,180,180
A,1019,0.20397505,0.20975044,0.20686275,1,1,254,174,180,180
A,1020,0.20000001,0.18965517,0.19482759,1,1,254,174,180,180
A,1021,0.18853157,0.20689655,0.19771406,1,1,254,174,180,180
A,1022,0.12768101,0.10264762,0.11516431,1,1,254,174,180,180
A,1023,0.12035792,0.11552061,0.11793926,1,1,254,174,180,180
A,1024,0.10448460,0.11871843,0.11160151,1,1,254,174,180,180
A,1025,0.16765473,0.15517241,0.16141357,1,1,254,174,180,180
A,1026,0.26025117,0.25846706,0.25935912,1,1,254,174,180,180
A,1027,0.29211671,0.29292934,0.29252302,1,1,254,174,180,180
A,1028,0.26810958,0.29983347,0.28397152,1,1,254,174,180,180
A,1029,0.31050371,0.31151473,0.31100922,1,1,254,174,180,180
A,1030,0.29866740,0.28284571,0.29075655,1,1,254,174,180,180
A,1031,0.30855027,0.31111483,0.30983255,1,1,254,174,180,180
A,1032,0.28713525,0.31056207,0.29884866,1,1,254,174,180,180
A,1033,0.31050371,0.31056207,0.31053289,1,1,254,174,180,180
A,1034,0.30043800,0.31771576,0.30907688,1,1,254,174,180,180
A,1035,0.30855027,0.28421311,0.29638169,1,1,254,174,180,180
A,1036,0.27534894,0.29388370,0.28461632,1,1,254,174,180,180
A,1037,0.30855027,0.29336155,0.30095591,1,1,254,174,180,180
A,1038,0.29178250,0.29347975,0.29263113,1,1,254,174,180,180
A,1039,0.34436332,0.31771576,0.33103954,1,1,254,174,180,180
A,1040,0.31492035,0.31596530,0.31544282,1,1,254,174,180,180
A,1041,0.29178250,0.30025659,0.29601955,1,1,254,174,180,180
A,1042,0.30771453,0.31016048,0.30893751,1,1,254,174,180,180
A,1043,0.28276020,0.29933554,0.29104787,1,1,254,174,180,180
A,1044,0.30855027,0.30025659,0.30440343,1,1,254,174,180,180
A,1045,0.32534104,0.31596530,0.32065317,1,1,254,174,180,180
A,1046,0.29866740,0.28466217,0.29166478,1,1,254,174,180,180
A,1047,0.30313675,0.28466217,0.29389946,1,1,254,174,180,180
A,1048,0.29362978,0.31016048,0.30189513,1,1,254,174,180,180
A,1049,0.29866740,0.30167863,0.30017301,1,1,254,174,180,180
A,1050,0.29866740,0.32862047,0.31364393,1,1,254,174,180,180
A,1051,0.29866740,0.29933554,0.29900147,1,1,254,174,180,180
A,1052,0.30855027,0.31688634,0.31271831,1,1,254,174,180,180
A,1053,0.27534894,0.29292934,0.28413914,1,1,254,174,180,180
A,1054,0.28243670,0.29983347,0.29113508,1,1,254,174,180,180
A,1055,0.30855027,0.31056207,0.30955617,1,1,254,174,180,180
A,1056,0.31050371,0.30025659,0.30538015,1,1,254,174,180,180
A,1057,0.27845477,0.27627923,0.27736700,1,1,254,174,180,180
A,1058,0.24383644,0.25846706,0.25115175,1,1,254,174,180,180
A,1059,0.23249528,0.25862069,0.24555798,1,1,254,174,180,180
A,1060,0.24738821,0.24123593,0.24431207,1,1,254,174,180,180
A,1061,0.26810958,0.24123593,0.25467275,1,1,254,174,180,180
A,1062,0.24383644,0.24123593,0.24253618,1,1,254,174,180,180
A,1063,0.20000001,0.21804605,0.20902303,1,1,254,174,180,180
A,1064,0.24028467,0.21666667,0.22847567,1,1,254,174,180,180
A,1065,0.23708813,0.21792501,0.22750657,1,1,254,174,180,180
A,1066,0.23112509,0.21654639,0.22383574,1,1,254,174,180,180
A,1067,0.25968373,0.22683472,0.24325922,1,1,254,174,180,180
A,1068,0.24028467,0.23320381,0.23674424,1,1,254,174,180,180
A,1069,0.23249528,0.23438761,0.23344145,1,1,254,174,180,180
A,1070,0.23112509,0.21666667,0.22389588,1,1,254,174,180,180
A,1071,0.23593191,0.21654639,0.22623915,1,1,254,174,180,180
A,1072,0.23593191,0.23451780,0.23522485,1,1,254,174,180,180
A,1073,0.26953585,0.25953984,0.26453784,1,1,254,174,180,180
A,1074,0.26214331,0.25969164,0.26091748,1,1,254,174,180,180
A,1075,0.26652950,0.24986122,0.25819536,1,1,254,174,180,180
A,1076,0.26810958,0.25104503,0.25957730,1,1,254,174,180,180
A,1077,0.26652950,0.25089828,0.25871389,1,1,254,174,180,180
A,1078,0.28021766,0.25166346,0.26594056,1,1,254,174,180,180
A,1079,0.26810958,0.30117764,0.28464361,1,1,254,174,180,180
A,1080,0.26965404,0.26711137,0.26838271,1,1,254,174,180,180
A,1081,0.28544305,0.29240889,0.28892597,1,1,254,174,180,180
A,1082,0.28276020,0.25752911,0.27014465,1,1,254,174,180,180
A,1083,0.28544305,0.25048162,0.26796233,1,1,254,174,180,180
A,1084,0.29866740,0.28362684,0.29114712,1,1,254,174,180,180
A,1085,0.27709217,0.26814670,0.27261944,1,1,254,174,180,180
A,1086,0.27534894,0.28374112,0.27954503,1,1,254,174,180,180
A,1087,0.28243670,0.27405100,0.27824385,1,1,254,174,180,180
A,1088,0.27709217,0.26607604,0.27158410,1,1,254,174,180,180
A,1089,0.27709217,0.26651864,0.27180540,1,1,254,174,180,180
A,1090,0.27709217,0.29347975,0.28528596,1,1,254,174,180,180
A,1091,0.31050371,0.29150317,0.30100344,1,1,254,174,180,180
A,1092,0.28276020,0.28270579,0.28273299,1,1,254,174,180,180
A,1093,0.30043800,0.28270579,0.29157189,1,1,254,174,180,180
A,1094,0.30313675,0.28362684,0.29338180,1,1,254,174,180,180
A,1095,0.29866740,0.28362684,0.29114712,1,1,254,174,180,180
A,1096,0.25222697,0.25953984,0.25588340,1,1,254,174,180,180
A,1097,0.20000001,0.18333333,0.19166667,1,1,254,174,180,180
A,1098,0.16694222,0.15144563,0.15919393,1,1,254,174,180,180
A,1099,0.15734883,0.14055639,0.14895261,1,1,254,174,180,180
A,1100,0.16238586,0.16288741,0.16263664,1,1,254,174,180,180
A,1101,0.18382737,0.16831699,0.17607218,1,1,254,174,180,180
A,1102,0.16765473,0.18461018,0.17613245,1,1,254,174,180,180
A,1103,0.20098014,0.16666667,0.18382340,1,1,254,174,180,180
A,1104,0.20000001,0.16831699,0.18415850,1,1,254,174,180,180
A,1105,0.20000001,0.18488097,0.19244049,1,1,254,174,180,180
A,1106,0.18472824,0.18333333,0.18403079,1,1,254,174,180,180
A,1107,0.20795010,0.20000000,0.20397505,1,1,254,174,180,180
A,1108,0.19250661,0.20126759,0.19688710,1,1,254,174,180,180
A,1109,0.23593191,0.21666667,0.22629929,1,1,254,174,180,180
A,1110,0.19756475,0.19488327,0.19622401,1,1,254,174,180,180
A,1111,0.20795010,0.22413793,0.21604402,1,1,254,174,180,180
A,1112,0.20795010,0.20137938,0.20466474,1,1,254,174,180,180
A,1113,0.22365932,0.20000000,0.21182966,1,1,254,174,180,180
A,1114,0.23454147,0.21666667,0.22560407,1,1,254,174,180,180
A,1115,0.20397505,0.20689655,0.20543580,1,1,254,174,180,180
A,1116,0.20000001,0.21785113,0.20892557,1,1,254,174,180,180
A,1117,0.20000001,0.19136241,0.19568121,1,1,254,174,180,180
A,1118,0.20397505,0.16666667,0.18532086,1,1,254,174,180,180
A,1119,0.20670070,0.20689655,0.20679862,1,1,254,174,180,180
A,1120,0.20000001,0.18965517,0.19482759,1,1,254,174,180,180
A,1121,0.23249528,0.21792501,0.22521014,1,1,254,174,180,180
A,1122,0.26380294,0.25953984,0.26167139,1,1,254,174,180,180
A,1123,0.26652950,0.25800784,0.26226867,1,1,254,174,180,180
A,1124,0.27534894,0.29292934,0.28413914,1,1,254,174,180,180
A,1125,0.26214331,0.26711137,0.26462734,1,1,254,174,180,180
A,1126,0.24583185,0.25104503,0.24843844,1,1,254,174,180,180
A,1127,0.28243670,0.26651864,0.27447767,1,1,254,174,180,180
A,1128,0.29866740,0.27627923,0.28747331,1,1,254,174,180,180
A,1129,0.26810958,0.26755569,0.26783263,1,1,254,174,180,180
A,1130,0.29488833,0.27627923,0.28558378,1,1,254,174,180,180
A,1131,0.27845477,0.26711137,0.27278307,1,1,254,174,180,180
A,1132,0.29178250,0.26711137,0.27944694,1,1,254,174,180,180
A,1133,0.29488833,0.26711137,0.28099985,1,1,254,174,180,180
A,1134,0.29396610,0.28270579,0.28833594,1,1,254,174,180,180
A,1135,0.26810958,0.26711137,0.26761047,1,1,254,174,180,180
A,1136,0.27709217,0.26755569,0.27232393,1,1,254,174,180,180
A,1137,0.27709217,0.26755569,0.27232393,1,1,254,174,180,180
A,1138,0.27709217,0.27520836,0.27615027,1,1,254,174,180,180
A,1139,0.29488833,0.26607604,0.28048219,1,1,254,174,180,180
A,1140,0.29396610,0.29292934,0.29344772,1,1,254,174,180,180
A,1141,0.27845477,0.27520836,0.27683157,1,1,254,174,180,180
A,1142,0.31050371,0.29400211,0.30225291,1,1,254,174,180,180
A,1143,0.26652950,0.27520836,0.27086893,1,1,254,174,180,180
A,1144,0.29866740,0.28513569,0.29190154,1,1,254,174,180,180
A,1145,0.31050371,0.29292934,0.30171652,1,1,254,174,180,180
A,1146,0.27709217,0.28409863,0.28059540,1,1,254,174,180,180
A,1147,0.31329288,0.29983347,0.30656317,1,1,254,174,180,180
A,1148,0.30043800,0.29292934,0.29668367,1,1,254,174,180,180
A,1149,0.28021766,0.26755569,0.27388668,1,1,254,174,180,180
A,1150,0.27709217,0.29292934,0.28501075,1,1,254,174,180,180
A,1151,0.27113375,0.26711137,0.26912256,1,1,254,174,180,180
A,1152,0.29488833,0.27520836,0.28504835,1,1,254,174,180,180
A,1153,0.27534894,0.27627923,0.27581408,1,1,254,174,180,180
A,1154,0.29866740,0.28270579,0.29068659,1,1,254,174,180,180
A,1155,0.26508540,0.27627923,0.27068232,1,1,254,174,180,180
A,1156,0.28713525,0.26755569,0.27734547,1,1,254,174,180,180
A,1157,0.26652950,0.25089828,0.25871389,1,1,254,174,180,180
A,1158,0.27534894,0.25104503,0.26319698,1,1,254,174,180,180
A,1159,0.28021766,0.25846706,0.26934236,1,1,254,174,180,180
A,1160,0.26652950,0.25800784,0.26226867,1,1,254,174,180,180
A,1161,0.27709217,0.25953984,0.26831600,1,1,254,174,180,180
A,1162,0.26508540,0.25104503,0.25806522,1,1,254,174,180,180
A,1163,0.24879034,0.25907871,0.25393452,1,1,254,174,180,180
A,1164,0.23936854,0.24080732,0.24008793,1,1,254,174,180,180
A,1165,0.17886845,0.18333333,0.18110089,1,1,254,174,180,180
A,1166,0.17235893,0.12903226,0.15069559,1,1,254,174,180,180
A,1167,0.15161080,0.14668208,0.14914644,1,1,254,174,180,180
A,1168,0.14704293,0.13743685,0.14223989,1,1,254,174,180,180
A,1169,0.18853157,0.16831699,0.17842428,1,1,254,174,180,180
A,1170,0.17235893,0.18333333,0.17784613,1,1,254,174,180,180
A,1171,0.19371463,0.17732712,0.18552087,1,1,254,174,180,180
A,1172,0.18382737,0.16657415,0.17520076,1,1,254,174,180,180
A,1173,0.17805025,0.18333333,0.18069179,1,1,254,174,180,180
A,1174,0.21278028,0.18323156,0.19800592,1,1,254,174,180,180
A,1175,0.23593191,0.19988898,0.21791044,1,1,254,174,180,180
A,1176,0.20000001,0.20000000,0.20000000,1,1,254,174,180,180
A,1177,0.20795010,0.20137938,0.20466474,1,1,254,174,180,180
A,1178,0.23249528,0.20137938,0.21693733,1,1,254,174,180,180
A,1179,0.21491714,0.20126759,0.20809237,1,1,254,174,180,180
A,1180,0.22704445,0.20126759,0.21415602,1,1,254,174,180,180
A,1181,0.24028467,0.20689655,0.22359061,1,1,254,174,180,180
A,1182,0.24583185,0.24137931,0.24360558,1,1,254,174,180,180
A,1183,0.24383644,0.20677365,0.22530505,1,1,254,174,180,180
A,1184,0.24738821,0.24137931,0.24438376,1,1,254,174,180,180
A,1185,0.24383644,0.24123593,0.24253618,1,1,254,174,180,180
A,1186,0.24230242,0.22400479,0.23315361,1,1,254,174,180,180
A,1187,0.24383644,0.23281653,0.23832649,1,1,254,174,180,180
A,1188,0.22704445,0.24246051,0.23475248,1,1,254,174,180,180
A,1189,0.24738821,0.23320381,0.24029601,1,1,254,174,180,180
A,1190,0.24383644,0.23438761,0.23911203,1,1,254,174,180,180
A,1191,0.24693239,0.24123593,0.24408416,1,1,254,174,180,180
A,1192,0.24583185,0.24123593,0.24353389,1,1,254,174,180,180
A,1193,0.25058242,0.24123593,0.24590918,1,1,254,174,180,180
A,1194,0.24583185,0.24246051,0.24414618,1,1,254,174,180,180
A,1195,0.24583185,0.26896889,0.25740037,1,1,254,174,180,180
A,1196,0.24383644,0.24137931,0.24260787,1,1,254,174,180,180
A,1197,0.24383644,0.25862069,0.25122856,1,1,254,174,180,180
A,1198,0.23112509,0.23281653,0.23197081,1,1,254,174,180,180
A,1199,0.23490680,0.21804605,0.22647642,1,1,254,174,180,180
A,1200,0.26025117,0.23399837,0.24712477,1,1,254,174,180,180
A,1201,0.24756740,0.23438761,0.24097751,1,1,254,174,180,180
A,1202,0.23115268,0.21792501,0.22453884,1,1,254,174,180,180
A,1203,0.27396668,0.23399837,0.25398252,1,1,254,174,180,180
A,1204,0.27396668,0.23320381,0.25358524,1,1,254,174,180,180
A,1205,0.24583185,0.24123593,0.24353389,1,1,254,174,180,180
A,1206,0.24230242,0.23438761,0.23834502,1,1,254,174,180,180
A,1207,0.26214331,0.23438761,0.24826546,1,1,254,174,180,180
A,1208,0.27534894,0.26651864,0.27093379,1,1,254,174,180,180
A,1209,0.27709217,0.26651864,0.27180540,1,1,254,174,180,180
A,1210,0.28021766,0.27627923,0.27824845,1,1,254,174,180,180
A,1211,0.27845477,0.26607604,0.27226540,1,1,254,174,180,180
A,1212,0.27845477,0.26607604,0.27226540,1,1,254,174,180,180
A,1213,0.27534894,0.27569820,0.27552357,1,1,254,174,180,180
A,1214,0.26214331,0.25953984,0.26084157,1,1,254,174,180,180
A,1215,0.25861388,0.25953984,0.25907686,1,1,254,174,180,180
A,1216,0.27845477,0.25846706,0.26846092,1,1,254,174,180,180
A,1217,0.24583185,0.24986122,0.24784653,1,1,254,174,180,180
A,1218,0.26214331,0.26607604,0.26410967,1,1,254,174,180,180
A,1219,0.23454147,0.25048162,0.24251154,1,1,254,174,180,180
A,1220,0.24738821,0.23320381,0.24029601,1,1,254,174,180,180
A,1221,0.24583185,0.22400479,0.23491832,1,1,254,174,180,180
A,1222,0.23249528,0.23320381,0.23284954,1,1,254,174,180,180
A,1223,0.24738821,0.22360680,0.23549750,1,1,254,174,180,180
A,1224,0.24738821,0.21773020,0.23255920,1,1,254,174,180,180
A,1225,0.24230242,0.21414919,0.22822580,1,1,254,174,180,180
A,1226,0.24738821,0.25846706,0.25292764,1,1,254,174,180,180
A,1227,0.21624764,0.19988898,0.20806831,1,1,254,174,180,180
A,1228,0.23593191,0.23320381,0.23456786,1,1,254,174,180,180
A,1229,0.23593191,0.21654639,0.22623915,1,1,254,174,180,180
A,1230,0.23112509,0.23320381,0.23216445,1,1,254,174,180,180
A,1231,0.25033047,0.25048162,0.25040604,1,1,254,174,180,180
A,1232,0.24738821,0.22400479,0.23569650,1,1,254,174,180,180
A,1233,0.27709217,0.25800784,0.26755001,1,1,254,174,180,180
A,1234,0.26652950,0.29336155,0.27994552,1,1,254,174,180,180
A,1235,0.27709217,0.26711137,0.27210177,1,1,254,174,180,180
A,1236,0.26652950,0.26607604,0.26630277,1,1,254,174,180,180
A,1237,0.26810958,0.26755569,0.26783263,1,1,254,174,180,180
A,1238,0.26652950,0.28362684,0.27507817,1,1,254,174,180,180
A,1239,0.26652950,0.26651864,0.26652407,1,1,254,174,180,180
A,1240,0.29866740,0.27520836,0.28693788,1,1,254,174,180,180
A,1241,0.28544305,0.25752911,0.27148608,1,1,254,174,180,180
A,1242,0.26623767,0.26711137,0.26667452,1,1,254,174,180,180
A,1243,0.29866740,0.26711137,0.28288938,1,1,254,174,180,180
A,1244,0.29866740,0.28270579,0.29068659,1,1,254,174,180,180
A,1245,0.27534894,0.26711137,0.27123015,1,1,254,174,180,180
A,1246,0.26652950,0.26651864,0.26652407,1,1,254,174,180,180
A,1247,0.30855027,0.28270579,0.29562803,1,1,254,174,180,180
A,1248,0.30855027,0.28270579,0.29562803,1,1,254,174,180,180
A,1249,0.29598455,0.28270579,0.28934517,1,1,254,174,180,180
A,1250,0.30135024,0.29388370,0.29761697,1,1,254,174,180,180
A,1251,0.30855027,0.29249744,0.30052386,1,1,254,174,180,180
A,1252,0.30135024,0.28421311,0.29278167,1,1,254,174,180,180
A,1253,0.30855027,0.30025659,0.30440343,1,1,254,174,180,180
A,1254,0.30135024,0.28317605,0.29226315,1,1,254,174,180,180
A,1255,0.28544305,0.29292934,0.28918619,1,1,254,174,180,180
A,1256,0.30135024,0.30025659,0.30080342,1,1,254,174,180,180
A,1257,0.29866740,0.29388370,0.29627555,1,1,254,174,180,180
A,1258,0.29866740,0.31111483,0.30489111,1,1,254,174,180,180
A,1259,0.28544305,0.29388370,0.28966337,1,1,254,174,180,180
A,1260,0.30855027,0.29292934,0.30073981,1,1,254,174,180,180
A,1261,0.30855027,0.30025659,0.30440343,1,1,254,174,180,180
A,1262,0.30135024,0.30117764,0.30126394,1,1,254,174,180,180
A,1263,0.31132190,0.30025659,0.30578925,1,1,254,174,180,180
A,1264,0.29211671,0.28362684,0.28787177,1,1,254,174,180,180
A,1265,0.29866740,0.30075605,0.29971172,1,1,254,174,180,180
A,1266,0.30855027,0.29240889,0.30047958,1,1,254,174,180,180
A,1267,0.27975385,0.27627923,0.27801654,1,1,254,174,180,180
A,1268,0.27845477,0.25923025,0.26884251,1,1,254,174,180,180
A,1269,0.12934619,0.12903226,0.12918922,1,1,254,174,180,180
A,1270,0.13686413,0.12692352,0.13189383,1,1,254,174,180,180
A,1271,0.13749307,0.12903226,0.13326266,1,1,254,174,180,180
A,1272,0.17813355,0.17412103,0.17612729,1,1,254,174,180,180
A,1273,0.22704445,0.20677365,0.21690905,1,1,254,174,180,180
A,1274,0.23593191,0.23281653,0.23437422,1,1,254,174,180,180
A,1275,0.24230242,0.25969164,0.25099703,1,1,254,174,180,180
A,1276,0.23593191,0.24986122,0.24289657,1,1,254,174,180,180
A,1277,0.26953585,0.25984600,0.26469092,1,1,254,174,180,180
A,1278,0.26652950,0.24944629,0.25798789,1,1,254,174,180,180
A,1279,0.26810958,0.24986122,0.25898540,1,1,254,174,180,180
A,1280,0.24738821,0.25969164,0.25353993,1,1,254,174,180,180
A,1281,0.27709217,0.28409863,0.28059540,1,1,254,174,180,180
A,1282,0.24383644,0.24137931,0.24260787,1,1,254,174,180,180
A,1283,0.26942349,0.24246051,0.25594200,1,1,254,174,180,180
A,1284,0.27113375,0.25846706,0.26480041,1,1,254,174,180,180
A,1285,0.25346305,0.24137931,0.24742118,1,1,254,174,180,180
A,1286,0.26942349,0.23320381,0.25131365,1,1,254,174,180,180
A,1287,0.25181451,0.26607604,0.25894528,1,1,254,174,180,180
A,1288,0.24028467,0.25846706,0.24937587,1,1,254,174,180,180
A,1289,0.27709217,0.27627923,0.27668570,1,1,254,174,180,180
A,1290,0.29488833,0.29292934,0.29390884,1,1,254,174,180,180
A,1291,0.29396610,0.27569820,0.28483215,1,1,254,154,180,180
A,1292,0.30313675,0.32142857,0.31228266,1,1,254,154,180,180
A,1293,0.30043800,0.29292934,0.29668367,1,1,254,154,180,180
A,1294,0.31329288,0.31016048,0.31172668,1,1,254,154,180,180
A,1295,0.31050371,0.29388370,0.30219370,1,1,254,154,180,180
A,1296,0.29773924,0.31056207,0.30415066,1,1,254,154,180,180
A,1297,0.30771453,0.29400211,0.30085832,1,1,254,154,180,180
A,1298,0.31329288,0.32159825,0.31744556,1,1,254,154,180,180
A,1299,0.31050371,0.29240889,0.30145630,1,1,254,154,180,180
A,1300,0.31050371,0.29388370,0.30219370,1,1,254,154,180,180
A,1301,0.31329288,0.31596530,0.31462909,1,1,254,154,180,180
A,1302,0.30771453,0.29983347,0.30377400,1,1,254,154,180,180
A,1303,0.30135024,0.31056207,0.30595616,1,1,254,174,180,180
A,1304,0.32534104,0.31111483,0.31822794,1,1,254,174,180,180
A,1305,0.31132190,0.35623526,0.33377858,1,1,254,174,180,180
A,1306,0.32740077,0.32862047,0.32801062,1,1,254,154,180,180
A,1307,0.35354391,0.31111483,0.33232937,1,1,254,174,180,180
A,1308,0.32507098,0.32058277,0.32282688,1,1,254,174,180,180
A,1309,0.33333334,0.32584730,0.32959032,1,1,254,174,180,180
A,1310,0.34436332,0.34385251,0.34410791,1,1,254,174,180,180
A,1311,0.34436332,0.33259505,0.33847918,1,1,254,174,180,180
A,1312,0.34436332,0.34470787,0.34453559,1,1,254,174,180,180
A,1313,0.35616776,0.36014702,0.35815739,1,1,254,174,180,180
A,1314,0.34654348,0.34470787,0.34562567,1,1,254,154,180,180
A,1315,0.34186175,0.34401046,0.34293610,1,1,254,154,180,180
A,1316,0.33333334,0.36178030,0.34755682,1,1,254,154,180,180
A,1317,0.33333334,0.34470787,0.33902061,1,1,254,154,180,180
A,1318,0.34402607,0.36178030,0.35290319,1,1,254,154,180,180
A,1319,0.36323488,0.36635147,0.36479318,1,1,254,154,180,180
A,1320,0.32534104,0.34486834,0.33510469,1,1,254,174,180,180
A,1321,0.28021766,0.29336155,0.28678961,1,1,254,174,180,180
A,1322,0.31050371,0.29933554,0.30491962,1,1,254,174,180,180
A,1323,0.28443650,0.25923025,0.27183337,1,1,254,174,180,180
A,1324,0.26810958,0.25846706,0.26328832,1,1,254,174,180,180
A,1325,0.26810958,0.25800784,0.26305871,1,1,254,174,180,180
A,1326,0.28021766,0.25846706,0.26934236,1,1,254,174,180,180
A,1327,0.24383644,0.22400479,0.23392061,1,1,254,174,180,180
A,1328,0.15235380,0.15165033,0.15200206,1,1,254,174,180,180
A,1329,0.11654003,0.12896518,0.12275260,1,1,254,174,180,180
A,1330,0.10448460,0.11666667,0.11057563,1,1,254,174,180,180
A,1331,0.11832416,0.11750618,0.11791517,1,1,254,174,180,180
A,1332,0.10826101,0.09677419,0.10251760,1,1,254,174,180,180
A,1333,0.12035792,0.09939158,0.10987475,1,1,254,174,180,180
A,1334,0.14199739,0.12903226,0.13551482,1,1,254,174,180,180
A,1335,0.15708105,0.13333333,0.14520719,1,1,254,174,180,180
A,1336,0.15032004,0.13101783,0.14066893,1,1,254,174,180,180
A,1337,0.17417919,0.16831699,0.17124809,1,1,254,174,180,180
A,1338,0.18472824,0.16822356,0.17647590,1,1,254,174,180,180
A,1339,0.15235380,0.12903226,0.14069303,1,1,254,174,180,180
A,1340,0.15708105,0.12903226,0.14305665,1,1,254,174,180,180
A,1341,0.15751089,0.15000000,0.15375545,1,1,254,174,180,180
A,1342,0.13623124,0.12903226,0.13263175,1,1,254,174,180,180
A,1343,0.15708105,0.13538509,0.14623307,1,1,254,174,180,180
A,1344,0.15235380,0.14516129,0.14875754,1,1,254,174,180,180
A,1345,0.16765473,0.14516129,0.15640801,1,1,254,174,180,180
A,1346,0.12550899,0.11284453,0.11917676,1,1,254,174,180,180
A,1347,0.15235380,0.14508582,0.14871981,1,1,254,174,180,180
A,1348,0.13623124,0.13538509,0.13580817,1,1,254,174,180,180
A,1349,0.15811994,0.14508582,0.15160288,1,1,254,174,180,180
A,1350,0.12035792,0.11284453,0.11660122,1,1,254,174,180,180
A,1351,0.13623124,0.11660190,0.12641657,1,1,254,174,180,180
A,1352,0.13190983,0.11660190,0.12425587,1,1,254,174,180,180
A,1353,0.13190983,0.10932163,0.12061573,1,1,254,174,180,180
A,1354,0.11457078,0.11284453,0.11370765,1,1,254,174,180,180
A,1355,0.13623124,0.12896518,0.13259821,1,1,254,174,180,180
A,1356,0.13419748,0.11266899,0.12343323,1,1,254,174,180,180
A,1357,0.13623124,0.12876456,0.13249790,1,1,254,174,180,180
A,1358,0.13623124,0.12493901,0.13058513,1,1,254,174,180,180
A,1359,0.13419748,0.14486012,0.13952880,1,1,254,174,180,180
A,1360,0.13623124,0.11660190,0.12641657,1,1,254,174,180,180
A,1361,0.13623124,0.14668208,0.14145666,1,1,254,154,180,180
A,1362,0.13623124,0.12876456,0.13249790,1,1,254,154,180,180
A,1363,0.13623124,0.12903226,0.13263175,1,1,254,154,180,180
A,1364,0.12035792,0.13325932,0.12680862,1,1,254,154,180,180
A,1365,0.15161080,0.15156614,0.15158847,1,1,254,154,180,180
A,1366,0.14684615,0.14486012,0.14585314,1,1,254,174,180,180
A,1367,0.15669029,0.13325932,0.14497480,1,1,254,174,180,180
A,1368,0.15161080,0.12896518,0.14028799,1,1,254,174,180,180
A,1369,0.13419748,0.14486012,0.13952880,1,1,254,174,180,180
A,1370,0.13623124,0.14486012,0.14054568,1,1,254,174,180,180
A,1371,0.15504729,0.14508582,0.15006656,1,1,254,174,180,180
A,1372,0.13419748,0.13303802,0.13361775,1,1,254,174,180,180
A,1373,0.13623124,0.12876456,0.13249790,1,1,254,174,180,180
A,1374,0.15235380,0.13325932,0.14280656,1,1,254,174,180,180
A,1375,0.14199739,0.15156614,0.14678177,1,1,254,154,180,180
A,1376,0.15235380,0.16254947,0.15745163,1,1,254,154,180,180
A,1377,0.15235380,0.16254947,0.15745163,1,1,254,154,180,180
A,1378,0.15161080,0.16794419,0.15977750,1,1,254,154,180,180
A,1379,0.16765473,0.13325932,0.15045702,1,1,254,174,180,180
A,1380,0.14684615,0.15131444,0.14908029,1,1,254,174,180,180
A,1381,0.15235380,0.14843535,0.15039458,1,1,254,174,180,180
A,1382,0.13130643,0.12896518,0.13013580,1,1,254,174,180,180
A,1383,0.12994058,0.12667635,0.12830847,1,1,254,174,180,180
A,1384,0.13326356,0.12896518,0.13111437,1,1,254,174,180,180
A,1385,0.14684615,0.16095569,0.15390092,1,1,254,174,180,180
A,1386,0.14752096,0.12896518,0.13824307,1,1,254,174,180,180
A,1387,0.13190983,0.13508523,0.13349753,1,1,254,174,180,180
A,1388,0.16238586,0.12896518,0.14567552,1,1,254,174,180,180
A,1389,0.13190983,0.12896518,0.13043750,1,1,254,174,180,180
A,1390,0.11654003,0.10264762,0.10959382,1,1,254,174,180,180
A,1391,0.13556687,0.10247715,0.11902201,1,1,254,174,180,180
A,1392,0.13130643,0.13325932,0.13228287,1,1,254,174,180,180
A,1393,0.13623124,0.12876456,0.13249790,1,1,254,174,180,180
A,1394,0.13623124,0.13325932,0.13474528,1,1,254,174,180,180
A,1395,0.14130490,0.16629752,0.15380121,1,1,254,174,180,180
A,1396,0.14130490,0.16629752,0.15380121,1,1,254,174,180,180
A,1397,0.17320360,0.14991673,0.16156017,1,1,254,174,180,180
A,1398,0.13556687,0.13736056,0.13646372,1,1,254,174,180,180
A,1399,0.13556687,0.16629752,0.15093220,1,1,254,174,180,180
A,1400,0.13130643,0.14645390,0.13888017,1,1,254,174,180,180
A,1401,0.16313208,0.16254947,0.16284078,1,1,254,174,180,180
A,1402,0.17417919,0.17200523,0.17309221,1,1,254,174,180,180
A,1403,0.16765473,0.14991673,0.15878573,1,1,254,174,180,180
A,1404,0.16238586,0.20093335,0.18165961,1,1,254,174,180,180
A,1405,0.15161080,0.16822356,0.15991718,1,1,254,174,180,180
A,1406,0.15161080,0.14966777,0.15063929,1,1,254,174,180,180
A,1407,0.16765473,0.16120647,0.16443060,1,1,254,174,180,180
A,1408,0.17706313,0.16095569,0.16900941,1,1,254,174,180,180
A,1409,0.17706313,0.17705126,0.17705719,1,1,254,174,180,180
A,1410,0.16765473,0.19955703,0.18360588,1,1,254,174,180,180
A,1411,0.17706313,0.16629752,0.17168032,1,1,254,174,180,180
A,1412,0.18382737,0.17231138,0.17806937,1,1,254,174,180,180
A,1413,0.16765473,0.16629752,0.16697613,1,1,254,174,180,180
A,1414,0.19371463,0.19955703,0.19663583,1,1,254,174,180,180
A,1415,0.20397505,0.19988898,0.20193202,1,1,254,174,180,180
A,1416,0.16847635,0.19314683,0.18081159,1,1,254,174,180,180
A,1417,0.16238586,0.17732712,0.16985649,1,1,254,174,180,180
A,1418,0.16765473,0.17705126,0.17235300,1,1,254,174,180,180
A,1419,0.17706313,0.17705126,0.17705719,1,1,254,174,180,180
A,1420,0.20795010,0.19447895,0.20121452,1,1,254,174,180,180
A,1421,0.19756475,0.19581106,0.19668791,1,1,254,174,180,180
A,1422,0.17320360,0.19988898,0.18654629,1,1,254,174,180,180
A,1423,0.19602549,0.20272943,0.19937746,1,1,254,174,180,180
A,1424,0.20450898,0.19988898,0.20219898,1,1,254,174,180,180
A,1425,0.21375808,0.20956841,0.21166325,1,1,254,174,180,180
A,1426,0.22130193,0.20956841,0.21543517,1,1,254,174,180,180
A,1427,0.19756475,0.21773020,0.20764748,1,1,254,174,180,180
A,1428,0.22851730,0.22683472,0.22767601,1,1,254,174,180,180
A,1429,0.23936854,0.25953984,0.24945419,1,1,254,174,180,180
A,1430,0.23936854,0.25089828,0.24513341,1,1,254,174,180,180
A,1431,0.23593191,0.24246051,0.23919621,1,1,254,174,180,180
A,1432,0.22365932,0.24246051,0.23305991,1,1,254,174,180,180
A,1433,0.23115268,0.23320381,0.23217824,1,1,254,174,180,180
A,1434,0.23115268,0.21618678,0.22366973,1,1,254,174,180,180
A,1435,0.21278028,0.22533797,0.21905913,1,1,254,174,180,180
A,1436,0.21624764,0.21654639,0.21639702,1,1,254,174,180,180
A,1437,0.22076087,0.22683472,0.22379780,1,1,254,174,180,180
A,1438,0.21278028,0.21618678,0.21448353,1,1,254,174,180,180
A,1439,0.19847263,0.23320381,0.21583822,1,1,254,174,180,180
A,1440,0.20234045,0.23438761,0.21836403,1,1,254,174,180,180
A,1441,0.20000001,0.19344776,0.19672389,1,1,254,174,180,180
A,1442,0.20670070,0.19988898,0.20329484,1,1,254,174,180,180
A,1443,0.20795010,0.19988898,0.20391954,1,1,254,174,180,180
A,1444,0.18190037,0.19955703,0.19072870,1,1,254,174,180,180
A,1445,0.18273627,0.21654639,0.19964133,1,1,254,174,180,180
A,1446,0.21080892,0.21654639,0.21367766,1,1,254,174,180,180
A,1447,0.20795010,0.19988898,0.20391954,1,1,254,174,180,180
A,1448,0.23936854,0.22533797,0.23235326,1,1,254,174,180,180
A,1449,0.21624764,0.22400479,0.22012622,1,1,254,174,180,180
A,1450,0.21624764,0.19988898,0.20806831,1,1,254,174,180,180
A,1451,0.20795010,0.22400479,0.21597745,1,1,254,174,180,180
A,1452,0.20497467,0.21792501,0.21144984,1,1,254,174,180,180
A,1453,0.20098014,0.18954251,0.19526133,1,1,254,174,180,180
A,1454,0.22022269,0.21654639,0.21838454,1,1,254,174,180,180
A,1455,0.21968427,0.21654639,0.21811533,1,1,254,174,180,180
A,1456,0.23593191,0.21654639,0.22623915,1,1,254,174,180,180
A,1457,0.20000001,0.19955703,0.19977852,1,1,254,174,180,180
A,1458,0.23593191,0.23399837,0.23496514,1,1,254,174,180,180
A,1459,0.23936854,0.23281653,0.23609254,1,1,254,174,180,180
A,1460,0.21968427,0.22568906,0.22268667,1,1,254,174,180,180
A,1461,0.20000001,0.20126759,0.20063380,1,1,254,174,180,180
A,1462,0.20397505,0.21654639,0.21026072,1,1,254,174,180,180
A,1463,0.20397505,0.19344776,0.19871141,1,1,254,174,180,180
A,1464,0.20141488,0.20126759,0.20134123,1,1,254,174,180,180
A,1465,0.17805025,0.19988898,0.18896961,1,1,254,174,180,180
A,1466,0.19345002,0.20126759,0.19735881,1,1,254,174,180,180
A,1467,0.16238586,0.17732712,0.16985649,1,1,254,174,180,180
A,1468,0.16238586,0.15361676,0.15800131,1,1,254,174,180,180
A,1469,0.16847635,0.14991673,0.15919654,1,1,254,174,180,180
A,1470,0.16238586,0.16120647,0.16179617,1,1,254,174,180,180
A,1471,0.17235893,0.16657415,0.16946654,1,1,254,174,180,180
A,1472,0.17235893,0.16629752,0.16932823,1,1,254,174,180,180
A,1473,0.16765473,0.16120647,0.16443060,1,1,254,174,180,180
A,1474,0.17235893,0.16657415,0.16946654,1,1,254,174,180,180
A,1475,0.16847635,0.19344776,0.18096206,1,1,254,174,180,180
A,1476,0.17320360,0.17732712,0.17526536,1,1,254,174,180,180
A,1477,0.17235893,0.17732712,0.17484302,1,1,254,174,180,180
A,1478,0.20397505,0.19988898,0.20193202,1,1,254,174,180,180
A,1479,0.20397505,0.16822356,0.18609931,1,1,254,174,180,180
A,1480,0.17805025,0.16794419,0.17299722,1,1,254,174,180,180
A,1481,0.16765473,0.19988898,0.18377185,1,1,254,174,180,180
A,1482,0.19371463,0.17838338,0.18604900,1,1,254,174,180,180
A,1483,0.18382737,0.17705126,0.18043932,1,1,254,174,180,180
A,1484,0.20000001,0.19955703,0.19977852,1,1,254,174,180,180
A,1485,0.20795010,0.19988898,0.20391954,1,1,254,174,180,180
A,1486,0.17706313,0.18457395,0.18081854,1,1,254,174,180,180
A,1487,0.17706313,0.16657415,0.17181864,1,1,254,174,180,180
A,1488,0.20397505,0.19988898,0.20193202,1,1,254,174,180,180
A,1489,0.22022269,0.19344776,0.20683523,1,1,254,174,180,180
A,1490,0.20795010,0.19314683,0.20054847,1,1,254,174,180,180
A,1491,0.17134315,0.19478195,0.18306255,1,1,254,174,180,180
A,1492,0.20397505,0.19344776,0.19871141,1,1,254,174,180,180
A,1493,0.20795010,0.19314683,0.20054847,1,1,254,174,180,180
A,1494,0.20672457,0.19988898,0.20330677,1,1,254,174,180,180
A,1495,0.20397505,0.18292728,0.19345116,1,1,254,174,180,180
A,1496,0.16765473,0.18430360,0.17597916,1,1,254,174,180,180
A,1497,0.19371463,0.18292728,0.18832095,1,1,254,174,180,180
A,1498,0.17805025,0.18430360,0.18117692,1,1,254,174,180,180
A,1499,0.17235893,0.18430360,0.17833126,1,1,254,174,180,180
A,1500,0.19647186,0.19955703,0.19801444,1,1,254,174,180,180
A,1501,0.18382737,0.16794419,0.17588578,1,1,254,174,180,180
A,1502,0.20397505,0.19955703,0.20176604,1,1,254,174,180,180
A,1503,0.21080892,0.20640627,0.20860760,1,1,254,174,180,180
A,1504,0.23593191,0.21618678,0.22605934,1,1,254,174,180,180
A,1505,0.20795010,0.21756310,0.21275660,1,1,254,174,180,180
A,1506,0.22234120,0.19955703,0.21094912,1,1,254,174,180,180
A,1507,0.19756475,0.19314683,0.19535579,1,1,254,174,180,180
A,1508,0.20397505,0.19314683,0.19856094,1,1,254,174,180,180
A,1509,0.20670070,0.20093335,0.20381702,1,1,254,174,180,180
A,1510,0.23593191,0.21756310,0.22674751,1,1,254,174,180,180
A,1511,0.20000001,0.20640627,0.20320314,1,1,254,174,180,180
A,1512,0.19371463,0.21618678,0.20495071,1,1,254,174,180,180
A,1513,0.19264303,0.20093335,0.19678819,1,1,254,174,180,180
A,1514,0.20000001,0.18292728,0.19146364,1,1,254,174,180,180
A,1515,0.20795010,0.19314683,0.20054847,1,1,254,174,180,180
A,1516,0.14047213,0.11528094,0.12787654,1,1,254,174,180,180
A,1517,0.10070744,0.07808688,0.08939716,1,1,254,174,180,180
A,1518,0.08635419,0.08326254,0.08480837,1,1,254,174,180,180
A,1519,0.13749307,0.11129852,0.12439580,1,1,254,174,180,180
A,1520,0.13130643,0.11290323,0.12210483,1,1,254,174,180,180
A,1521,0.19756475,0.16280273,0.18018374,1,1,254,174,180,180
A,1522,0.17886845,0.18333333,0.18110089,1,1,254,174,180,180
A,1523,0.19756475,0.17732712,0.18744594,1,1,254,174,180,180
A,1524,0.20795010,0.20126759,0.20460885,1,1,254,174,180,180
A,1525,0.20277295,0.20126759,0.20202027,1,1,254,174,180,180
A,1526,0.19371463,0.17732712,0.18552087,1,1,254,174,180,180
A,1527,0.16694222,0.15617376,0.16155799,1,1,254,174,180,180
A,1528,0.19647186,0.19478195,0.19562691,1,1,254,174,180,180
A,1529,0.19647186,0.19344776,0.19495981,1,1,254,174,180,180
A,1530,0.19756475,0.19478195,0.19617335,1,1,254,174,180,180
A,1531,0.20141488,0.19955703,0.20048595,1,1,254,174,180,180
A,1532,0.22725319,0.20956841,0.21841080,1,1,254,174,180,180
A,1533,0.21497321,0.17732712,0.19615016,1,1,254,174,180,180
A,1534,0.20030068,0.19344776,0.19687422,1,1,254,174,180,180
A,1535,0.23936854,0.23320381,0.23628617,1,1,254,174,180,180
A,1536,0.26652950,0.24944629,0.25798789,1,1,254,174,180,180
A,1537,0.26810958,0.26651864,0.26731411,1,1,254,174,180,180
A,1538,0.28544305,0.25104503,0.26824404,1,1,254,174,180,180
A,1539,0.27106061,0.25048162,0.26077111,1,1,254,174,180,180
A,1540,0.28276020,0.28374112,0.28325066,1,1,254,174,180,180
A,1541,0.25033047,0.26711137,0.25872092,1,1,254,174,180,180
A,1542,0.25533427,0.26711137,0.26122282,1,1,254,174,180,180
A,1543,0.26469765,0.26711137,0.26590451,1,1,254,174,180,180
A,1544,0.26953585,0.24243562,0.25598573,1,1,254,174,180,180
A,1545,0.30135024,0.27291855,0.28713440,1,1,254,174,180,180
A,1546,0.26116013,0.26607604,0.26361808,1,1,254,174,180,180
A,1547,0.26261286,0.25853118,0.26057202,1,1,254,174,180,180
A,1548,0.28544305,0.28362684,0.28453494,1,1,254,174,180,180
A,1549,0.28243670,0.28317605,0.28280637,1,1,254,174,180,180
A,1550,0.26171196,0.27291855,0.26731526,1,1,254,174,180,180
A,1551,0.26116013,0.28270579,0.27193296,1,1,254,174,180,180
A,1552,0.26116013,0.28317605,0.27216809,1,1,254,174,180,180
A,1553,0.25947395,0.28317605,0.27132500,1,1,254,174,180,180
A,1554,0.30135024,0.30025659,0.30080342,1,1,254,174,180,180
A,1555,0.27975385,0.26607604,0.27291494,1,1,254,174,180,180
A,1556,0.29198591,0.28317605,0.28758098,1,1,254,174,180,180
A,1557,0.26116013,0.27462675,0.26789344,1,1,254,174,180,180
A,1558,0.29198591,0.28374112,0.28786352,1,1,254,174,180,180
A,1559,0.26116013,0.25793035,0.25954524,1,1,254,174,180,180
A,1560,0.27189321,0.25886350,0.26537835,1,1,254,174,180,180
A,1561,0.27220463,0.27362468,0.27291466,1,1,254,174,180,180
A,1562,0.28348121,0.26711137,0.27529629,1,1,254,174,180,180
A,1563,0.25824720,0.27362468,0.26593594,1,1,254,174,180,180
A,1564,0.26352315,0.25048162,0.25700238,1,1,254,174,180,180
A,1565,0.25074049,0.26755569,0.25914809,1,1,254,174,180,180
A,1566,0.28544305,0.26607604,0.27575954,1,1,254,174,180,180
A,1567,0.26352315,0.24944629,0.25648472,1,1,254,174,180,180
A,1568,0.26508540,0.27520836,0.27014688,1,1,254,174,180,180
A,1569,0.27534894,0.25800784,0.26667839,1,1,254,174,180,180
A,1570,0.28544305,0.28374112,0.28459208,1,1,254,174,180,180
A,1571,0.27975385,0.26607604,0.27291494,1,1,254,174,180,180
A,1572,0.29361011,0.28409863,0.28885437,1,1,254,174,180,180
A,1573,0.29198591,0.28270579,0.28734585,1,1,254,174,180,180
A,1574,0.27657302,0.25752911,0.26705107,1,1,254,174,180,180
A,1575,0.27397354,0.26711137,0.27054245,1,1,254,174,180,180
A,1576,0.29395026,0.28466217,0.28930621,1,1,254,174,180,180
A,1577,0.26652950,0.23281653,0.24967302,1,1,254,174,180,180
A,1578,0.25824720,0.22568906,0.24196813,1,1,254,174,180,180
A,1579,0.26261286,0.26651864,0.26456575,1,1,254,174,180,180
A,1580,0.26352315,0.24986122,0.25669218,1,1,254,174,180,180
A,1581,0.26652950,0.24944629,0.25798789,1,1,254,174,180,180
A,1582,0.27657302,0.26651864,0.27154583,1,1,254,174,180,180
A,1583,0.24586177,0.24986122,0.24786149,1,1,254,174,180,180
A,1584,0.23454147,0.23320381,0.23387264,1,1,254,174,180,180
A,1585,0.24586177,0.22533797,0.23559987,1,1,254,174,180,180
A,1586,0.22725319,0.23320381,0.23022850,1,1,254,174,180,180
A,1587,0.25947395,0.25062813,0.25505104,1,1,254,174,180,180
A,1588,0.25525114,0.23320381,0.24422748,1,1,254,174,180,180
A,1589,0.23593191,0.23320381,0.23456786,1,1,254,174,180,180
A,1590,0.26768334,0.26651864,0.26710099,1,1,254,174,180,180
A,1591,0.23454147,0.25800784,0.24627465,1,1,254,174,180,180
A,1592,0.24586177,0.24944629,0.24765403,1,1,254,174,180,180
A,1593,0.24586177,0.24944629,0.24765403,1,1,254,174,180,180
A,1594,0.25374685,0.24986122,0.25180403,1,1,254,174,180,180
A,1595,0.26652950,0.24986122,0.25819536,1,1,254,174,180,180
A,1596,0.25374685,0.23320381,0.24347533,1,1,254,174,180,180
A,1597,0.25374685,0.24944629,0.25159657,1,1,254,174,180,180
A,1598,0.26652950,0.27677097,0.27165024,1,1,254,174,180,180
A,1599,0.27534894,0.27569820,0.27552357,1,1,254,174,180,180
A,1600,0.26652950,0.27569820,0.27111385,1,1,254,174,180,180
A,1601,0.26652950,0.26651864,0.26652407,1,1,254,174,180,180
A,1602,0.26508540,0.26755569,0.26632055,1,1,254,174,180,180
A,1603,0.26953585,0.26651864,0.26802724,1,1,254,174,180,180
A,1604,0.26652950,0.25969164,0.26311057,1,1,254,174,180,180
A,1605,0.26352315,0.26651864,0.26502089,1,1,254,174,180,180
A,1606,0.26953585,0.27520836,0.27237211,1,1,254,174,180,180
A,1607,0.29198591,0.28270579,0.28734585,1,1,254,174,180,180
A,1608,0.26953585,0.26651864,0.26802724,1,1,254,174,180,180
A,1609,0.26953585,0.25752911,0.26353248,1,1,254,174,180,180
A,1610,0.29866740,0.26607604,0.28237172,1,1,254,174,180,180
A,1611,0.26214331,0.25800784,0.26007557,1,1,254,174,180,180
A,1612,0.26652950,0.27569820,0.27111385,1,1,254,174,180,180
A,1613,0.26652950,0.26711137,0.26682043,1,1,254,174,180,180
A,1614,0.28544305,0.26711137,0.27627721,1,1,254,174,180,180
A,1615,0.26953585,0.25089828,0.26021706,1,1,254,174,180,180
A,1616,0.26652950,0.25923025,0.26287987,1,1,254,174,180,180
A,1617,0.26953585,0.25104503,0.26029044,1,1,254,174,180,180
A,1618,0.25374685,0.25048162,0.25211423,1,1,254,174,180,180
A,1619,0.24583185,0.24123593,0.24353389,1,1,254,174,180,180
A,1620,0.25824720,0.24143354,0.24984037,1,1,254,174,180,180
A,1621,0.24230242,0.23438761,0.23834502,1,1,254,174,180,180
A,1622,0.24586177,0.23320381,0.23953279,1,1,254,174,180,180
A,1623,0.26652950,0.25846706,0.26249828,1,1,254,174,180,180
A,1624,0.25033047,0.26651864,0.25842455,1,1,254,174,180,180
A,1625,0.26025117,0.26651864,0.26338490,1,1,254,174,180,180
A,1626,0.25074049,0.24986122,0.25030086,1,1,254,174,180,180
A,1627,0.23795784,0.23320381,0.23558082,1,1,254,174,180,180
A,1628,0.25374685,0.25846706,0.25610695,1,1,254,174,180,180
A,1629,0.26652950,0.25846706,0.26249828,1,1,254,174,180,180
A,1630,0.25374685,0.25793035,0.25583860,1,1,254,174,180,180
A,1631,0.25533427,0.26607604,0.26070516,1,1,254,174,180,180
A,1632,0.26953585,0.28270579,0.27612082,1,1,254,174,180,180
A,1633,0.28243670,0.28317605,0.28280637,1,1,254,174,180,180
A,1634,0.28938643,0.26607604,0.27773123,1,1,254,174,180,180
A,1635,0.27657302,0.26651864,0.27154583,1,1,254,174,180,180
A,1636,0.22851730,0.22568906,0.22710318,1,1,254,174,180,180
A,1637,0.17235893,0.16129032,0.16682463,1,1,254,174,180,180
A,1638,0.16601873,0.15617376,0.16109625,1,1,254,174,180,180
A,1639,0.22725319,0.20956841,0.21841080,1,1,254,174,180,180
A,1640,0.23454147,0.23320381,0.23387264,1,1,254,174,180,180
A,1641,0.26953585,0.25893399,0.26423492,1,1,254,174,180,180
A,1642,0.28049552,0.27362468,0.27706010,1,1,254,174,180,180
A,1643,0.29272672,0.26607604,0.27940138,1,1,254,174,180,180
A,1644,0.26116013,0.25969164,0.26042589,1,1,254,174,180,180
A,1645,0.28544305,0.26651864,0.27598084,1,1,254,174,180,180
A,1646,0.26953585,0.27677097,0.27315341,1,1,254,174,180,180
A,1647,0.25947395,0.28270579,0.27108987,1,1,254,174,180,180
A,1648,0.28348121,0.26607604,0.27477862,1,1,254,174,180,180
A,1649,0.26953585,0.26711137,0.26832361,1,1,254,174,180,180
A,1650,0.27478733,0.25853118,0.26665926,1,1,254,174,180,180
A,1651,0.27657302,0.26607604,0.27132453,1,1,254,174,180,180
A,1652,0.28544305,0.28317605,0.28430955,1,1,254,174,180,180
A,1653,0.26953585,0.26711137,0.26832361,1,1,254,174,180,180
A,1654,0.28348121,0.25853118,0.27100620,1,1,254,174,180,180
A,1655,0.28544305,0.28270579,0.28407442,1,1,254,174,180,180
A,1656,0.28243670,0.26711137,0.27477403,1,1,254,174,180,180
A,1657,0.27845477,0.28270579,0.28058028,1,1,254,174,180,180
A,1658,0.26652950,0.27520836,0.27086893,1,1,254,174,180,180
A,1659,0.26953585,0.27569820,0.27261703,1,1,254,174,180,180
A,1660,0.26352315,0.25752911,0.26052613,1,1,254,174,180,180
A,1661,0.26953585,0.28317605,0.27635595,1,1,254,174,180,180
A,1662,0.26953585,0.26651864,0.26802724,1,1,254,174,180,180
A,1663,0.26953585,0.28317605,0.27635595,1,1,254,174,180,180
A,1664,0.28544305,0.28270579,0.28407442,1,1,254,174,180,180
A,1665,0.26116013,0.27551822,0.26833917,1,1,254,174,180,180
A,1666,0.28544305,0.25793035,0.27168670,1,1,254,174,180,180
A,1667,0.27657302,0.28270579,0.27963941,1,1,254,174,180,180
A,1668,0.26953585,0.26607604,0.26780594,1,1,254,174,180,180
A,1669,0.27845477,0.24986122,0.26415799,1,1,254,174,180,180
A,1670,0.25824720,0.24944629,0.25384674,1,1,254,174,180,180
A,1671,0.26116013,0.27362468,0.26739241,1,1,254,174,180,180
A,1672,0.26116013,0.27405100,0.26760557,1,1,254,174,180,180
A,1673,0.27657302,0.25752911,0.26705107,1,1,254,174,180,180
A,1674,0.27845477,0.26651864,0.27248670,1,1,254,174,180,180
A,1675,0.25824720,0.26607604,0.26216162,1,1,254,174,180,180
A,1676,0.27845477,0.26607604,0.27226540,1,1,254,174,180,180
A,1677,0.29198591,0.29347975,0.29273283,1,1,254,174,180,180
A,1678,0.27845477,0.24986122,0.26415799,1,1,254,174,180,180
A,1679,0.27845477,0.27520836,0.27683157,1,1,254,174,180,180
A,1680,0.26116013,0.28317605,0.27216809,1,1,254,174,180,180
A,1681,0.28276020,0.26711137,0.27493578,1,1,254,174,180,180
A,1682,0.26116013,0.26607604,0.26361808,1,1,254,174,180,180
A,1683,0.28544305,0.26607604,0.27575954,1,1,254,174,180,180
A,1684,0.28544305,0.28317605,0.28430955,1,1,254,174,180,180
A,1685,0.26953585,0.26711137,0.26832361,1,1,254,174,180,180
A,1686,0.23795784,0.25969164,0.24882474,1,1,254,174,180,180
A,1687,0.25033047,0.25048162,0.25040604,1,1,254,174,180,180
A,1688,0.25903748,0.26755569,0.26329658,1,1,254,174,180,180
A,1689,0.26652950,0.26651864,0.26652407,1,1,254,174,180,180
A,1690,0.23056340,0.26607604,0.24831972,1,1,254,174,180,180
A,1691,0.25033047,0.24281334,0.24657190,1,1,254,174,180,180
A,1692,0.26953585,0.24944629,0.25949107,1,1,254,174,180,180
A,1693,0.25222697,0.27677097,0.26449897,1,1,254,174,180,180
A,1694,0.25525114,0.23281653,0.24403384,1,1,254,174,180,180
A,1695,0.25525114,0.22533797,0.24029456,1,1,254,174,180,180
A,1696,0.26352315,0.26651864,0.26502089,1,1,254,174,180,180
A,1697,0.25525114,0.26651864,0.26088489,1,1,254,174,180,180
A,1698,0.23454147,0.23281653,0.23367900,1,1,254,174,180,180
A,1699,0.24383644,0.23333333,0.23858489,1,1,254,174,180,180
A,1700,0.24722940,0.25104503,0.24913721,1,1,254,174,180,180
A,1701,0.25374685,0.24986122,0.25180403,1,1,254,174,180,180
A,1702,0.23593191,0.24986122,0.24289657,1,1,254,174,180,180
A,1703,0.25525114,0.23320381,0.24422748,1,1,254,174,180,180
A,1704,0.23593191,0.25793035,0.24693113,1,1,254,174,180,180
A,1705,0.26810958,0.24986122,0.25898540,1,1,254,174,180,180
A,1706,0.23936854,0.25048162,0.24492508,1,1,254,174,180,180
A,1707,0.23454147,0.24143354,0.23798750,1,1,254,174,180,180
A,1708,0.23795784,0.24986122,0.24390953,1,1,254,174,180,180
A,1709,0.23795784,0.24986122,0.24390953,1,1,254,174,180,180
A,1710,0.23454147,0.23320381,0.23387264,1,1,254,174,180,180
A,1711,0.23795784,0.24986122,0.24390953,1,1,254,174,180,180
A,1712,0.23454147,0.24986122,0.24220134,1,1,254,174,180,180
A,1713,0.24230242,0.24123593,0.24176917,1,1,254,174,180,180
A,1714,0.22969846,0.23320381,0.23145113,1,1,254,174,180,180
A,1715,0.24583185,0.25104503,0.24843844,1,1,254,174,180,180
A,1716,0.22616903,0.23451780,0.23034341,1,1,254,174,180,180
A,1717,0.22969846,0.21654639,0.22312242,1,1,254,174,180,180
A,1718,0.24583185,0.22568906,0.23576045,1,1,254,174,180,180
A,1719,0.24230242,0.23320381,0.23775311,1,1,254,174,180,180
A,1720,0.24230242,0.23320381,0.23775311,1,1,254,174,180,180
A,1721,0.22234120,0.21071407,0.21652764,1,1,254,174,180,180
A,1722,0.20277295,0.23320381,0.21798838,1,1,254,174,180,180
A,1723,0.20672457,0.23320381,0.21996419,1,1,254,174,180,180
A,1724,0.21491714,0.22413793,0.21952754,1,1,254,174,180,180
A,1725,0.20277295,0.24123593,0.22200444,1,1,254,174,180,180
A,1726,0.20540031,0.21666667,0.21103349,1,1,254,174,180,180
A,1727,0.21491714,0.20677365,0.21084540,1,1,254,174,180,180
A,1728,0.20672457,0.24123593,0.22398025,1,1,254,174,180,180
A,1729,0.20540031,0.22400479,0.21470255,1,1,254,174,180,180
A,1730,0.20948268,0.20137938,0.20543103,1,1,254,174,180,180
A,1731,0.19882132,0.20000000,0.19941066,1,1,254,174,180,180
A,1732,0.20540031,0.21923051,0.21231541,1,1,254,174,180,180
A,1733,0.20277295,0.20000000,0.20138647,1,1,254,174,180,180
A,1734,0.20672457,0.23451780,0.22062118,1,1,254,174,180,180
A,1735,0.24230242,0.20967742,0.22598992,1,1,254,174,180,180
A,1736,0.20540031,0.22413793,0.21476912,1,1,254,174,180,180
A,1737,0.20277295,0.20956841,0.20617068,1,1,254,174,180,180
A,1738,0.20277295,0.19988898,0.20133096,1,1,254,174,180,180
A,1739,0.20397505,0.23333333,0.21865419,1,1,254,174,180,180
A,1740,0.20277295,0.21654639,0.20965967,1,1,254,174,180,180
A,1741,0.23249528,0.21654639,0.22452084,1,1,254,174,180,180
A,1742,0.20000001,0.19988898,0.19994449,1,1,254,174,180,180
A,1743,0.21624764,0.23320381,0.22472572,1,1,254,174,180,180
A,1744,0.19882132,0.20956841,0.20419487,1,1,254,174,180,180
A,1745,0.20277295,0.20126759,0.20202027,1,1,254,174,180,180
A,1746,0.20277295,0.19988898,0.20133096,1,1,254,174,180,180
A,1747,0.20672457,0.20677365,0.20674911,1,1,254,174,180,180
A,1748,0.20277295,0.20956841,0.20617068,1,1,254,174,180,180
A,1749,0.20540031,0.19988898,0.20264464,1,1,254,174,180,180
A,1750,0.23877300,0.23438761,0.23658031,1,1,254,174,180,180
A,1751,0.23795784,0.21654639,0.22725212,1,1,254,174,180,180
A,1752,0.20670070,0.19988898,0.20329484,1,1,254,174,180,180
A,1753,0.20670070,0.21654639,0.21162354,1,1,254,174,180,180
A,1754,0.20000001,0.21654639,0.20827320,1,1,254,174,180,180
A,1755,0.20000001,0.21792501,0.20896251,1,1,254,174,180,180
A,1756,0.23454147,0.23320381,0.23387264,1,1,254,174,180,180
A,1757,0.23936854,0.21654639,0.22795747,1,1,254,174,180,180
A,1758,0.20397505,0.23320381,0.21858943,1,1,254,174,180,180
A,1759,0.21497321,0.23320381,0.22408851,1,1,254,174,180,180
A,1760,0.23795784,0.23320381,0.23558082,1,1,254,174,180,180
A,1761,0.23112509,0.21654639,0.22383574,1,1,254,174,180,180
A,1762,0.19756475,0.23320381,0.21538428,1,1,254,174,180,180
A,1763,0.23112509,0.21654639,0.22383574,1,1,254,174,180,180
A,1764,0.23454147,0.23438761,0.23446454,1,1,254,174,180,180
A,1765,0.20397505,0.23320381,0.21858943,1,1,254,174,180,180
A,1766,0.21892483,0.23281653,0.22587068,1,1,254,174,180,180
A,1767,0.23112509,0.20126759,0.21619634,1,1,254,174,180,180
A,1768,0.20540031,0.22400479,0.21470255,1,1,254,174,180,180
A,1769,0.20540031,0.21654639,0.21097335,1,1,254,174,180,180
A,1770,0.20397505,0.20000000,0.20198753,1,1,254,174,180,180
A,1771,0.21624764,0.21792501,0.21708632,1,1,254,174,180,180
A,1772,0.20670070,0.21654639,0.21162354,1,1,254,174,180,180
A,1773,0.20670070,0.21654639,0.21162354,1,1,254,174,180,180
A,1774,0.22234120,0.21773020,0.22003570,1,1,254,174,180,180
A,1775,0.20945165,0.23438761,0.22191963,1,1,254,174,180,180
A,1776,0.22022269,0.24202972,0.23112621,1,1,254,174,180,180
A,1777,0.24583185,0.24137931,0.24360558,1,1,254,174,180,180
A,1778,0.23454147,0.23451780,0.23452963,1,1,254,174,180,180
A,1779,0.24028467,0.24123593,0.24076030,1,1,254,174,180,180
A,1780,0.21080892,0.24986122,0.23033507,1,1,254,174,180,180
A,1781,0.25861388,0.25846706,0.25854047,1,1,254,174,180,180
A,1782,0.25374685,0.27569820,0.26472252,1,1,254,174,180,180
A,1783,0.23454147,0.25953984,0.24704065,1,1,254,174,180,180
A,1784,0.23877300,0.25846706,0.24862003,1,1,254,174,180,180
A,1785,0.23877300,0.24080732,0.23979016,1,1,254,174,180,180
A,1786,0.23454147,0.25862069,0.24658108,1,1,254,174,180,180
A,1787,0.23795784,0.23333333,0.23564559,1,1,254,174,180,180
A,1788,0.23795784,0.24137931,0.23966858,1,1,254,174,180,180
A,1789,0.23454147,0.23438761,0.23446454,1,1,254,174,180,180
A,1790,0.23795784,0.22400479,0.23098132,1,1,254,174,180,180
A,1791,0.23454147,0.24080732,0.23767439,1,1,254,174,180,180
A,1792,0.24583185,0.25800784,0.25191984,1,1,254,174,180,180
A,1793,0.25374685,0.25104503,0.25239594,1,1,254,174,180,180
A,1794,0.23795784,0.25846706,0.24821245,1,1,254,174,180,180
A,1795,0.23112509,0.24986122,0.24049316,1,1,254,174,180,180
A,1796,0.24230242,0.23399837,0.23815040,1,1,254,174,180,180
A,1797,0.24230242,0.25846706,0.25038474,1,1,254,174,180,180
A,1798,0.22725319,0.24986122,0.23855720,1,1,254,174,180,180
A,1799,0.22208665,0.24246051,0.23227358,1,1,254,174,180,180
A,1800,0.26810958,0.25104503,0.25957730,1,1,254,174,180,180
A,1801,0.27534894,0.25969164,0.26752029,1,1,254,174,180,180
A,1802,0.26953585,0.26651864,0.26802724,1,1,254,174,180,180
A,1803,0.24230242,0.26651864,0.25441053,1,1,254,174,180,180
A,1804,0.22234120,0.23320381,0.22777251,1,1,254,174,180,180
A,1805,0.24583185,0.24986122,0.24784653,1,1,254,174,180,180
A,1806,0.23795784,0.23320381,0.23558082,1,1,254,174,180,180
A,1807,0.25525114,0.25104503,0.25314809,1,1,254,174,180,180
A,1808,0.23454147,0.23320381,0.23387264,1,1,254,174,180,180
A,1809,0.23454147,0.24986122,0.24220134,1,1,254,174,180,180
A,1810,0.25074049,0.25089828,0.25081938,1,1,254,174,180,180
A,1811,0.23593191,0.24986122,0.24289657,1,1,254,174,180,180
A,1812,0.22234120,0.24986122,0.23610121,1,1,254,174,180,180
A,1813,0.27641362,0.25953984,0.26797673,1,1,254,174,180,180
A,1814,0.23795784,0.24080732,0.23938258,1,1,254,174,180,180
A,1815,0.24901717,0.24986122,0.24943919,1,1,254,174,180,180
A,1816,0.25033047,0.24986122,0.25009585,1,1,254,174,180,180
A,1817,0.22349268,0.24123593,0.23236430,1,1,254,174,180,180
A,1818,0.25074049,0.25846706,0.25460378,1,1,254,174,180,180
A,1819,0.22022269,0.22400479,0.22211374,1,1,254,174,180,180
A,1820,0.22022269,0.24123593,0.23072931,1,1,254,174,180,180
A,1821,0.27709217,0.25800784,0.26755001,1,1,254,174,180,180
A,1822,0.25033047,0.24123593,0.24578320,1,1,254,174,180,180
A,1823,0.23795784,0.25969164,0.24882474,1,1,254,174,180,180
A,1824,0.23877300,0.24123593,0.24000446,1,1,254,174,180,180
A,1825,0.25550805,0.24123593,0.24837199,1,1,254,174,180,180
A,1826,0.24383644,0.24123593,0.24253618,1,1,254,174,180,180
A,1827,0.25525114,0.25846706,0.25685910,1,1,254,174,180,180
A,1828,0.25033047,0.25800784,0.25416915,1,1,254,174,180,180
A,1829,0.25074049,0.23320381,0.24197215,1,1,254,174,180,180
A,1830,0.23454147,0.25800784,0.24627465,1,1,254,174,180,180
A,1831,0.25861388,0.24123593,0.24992490,1,1,254,174,180,180
A,1832,0.24230242,0.24123593,0.24176917,1,1,254,174,180,180
A,1833,0.22561608,0.24123593,0.23342600,1,1,254,174,180,180
A,1834,0.12630953,0.10535074,0.11583014,1,1,254,174,180,180
A,1835,0.11126242,0.09939158,0.10532700,1,1,254,174,180,180
A,1836,0.10397505,0.10270463,0.10333984,1,1,254,174,180,180
A,1837,0.16238586,0.16129032,0.16183809,1,1,254,174,180,180
A,1838,0.20672457,0.19124873,0.19898665,1,1,254,174,180,180
A,1839,0.23795784,0.19988898,0.21892341,1,1,254,174,180,180
A,1840,0.23795784,0.24123593,0.23959688,1,1,254,174,180,180
A,1841,0.25374685,0.23320381,0.24347533,1,1,254,174,180,180
A,1842,0.25374685,0.25104503,0.25239594,1,1,254,174,180,180
A,1843,0.25374685,0.25118446,0.25246565,1,1,254,174,180,180
A,1844,0.25074049,0.24986122,0.25030086,1,1,254,174,180,180
A,1845,0.23795784,0.24123593,0.23959688,1,1,254,174,180,180
A,1846,0.25903748,0.24246051,0.25074899,1,1,254,174,180,180
A,1847,0.23795784,0.23320381,0.23558082,1,1,254,174,180,180
A,1848,0.24583185,0.23333333,0.23958259,1,1,254,174,180,180
A,1849,0.26214331,0.25862069,0.26038200,1,1,254,174,180,180
A,1850,0.23795784,0.23320381,0.23558082,1,1,254,174,180,180
A,1851,0.23795784,0.23320381,0.23558082,1,1,254,174,180,180
A,1852,0.26214331,0.23320381,0.24767356,1,1,254,174,180,180
A,1853,0.26214331,0.23333333,0.24773832,1,1,254,174,180,180
A,1854,0.26652950,0.25752911,0.26202930,1,1,254,174,180,180
A,1855,0.28544305,0.25853118,0.27198712,1,1,254,174,180,180
A,1856,0.28348263,0.29240889,0.28794576,1,1,254,174,180,180
A,1857,0.27845477,0.25846706,0.26846092,1,1,254,174,180,180
A,1858,0.26469765,0.26711137,0.26590451,1,1,254,174,180,180
A,1859,0.25374685,0.23333333,0.24354009,1,1,254,174,180,180
A,1860,0.26214331,0.25846706,0.26030519,1,1,254,174,180,180
A,1861,0.25374685,0.24080732,0.24727708,1,1,254,174,180,180
A,1862,0.25861388,0.27569820,0.26715604,1,1,254,174,180,180
A,1863,0.23454147,0.24123593,0.23788870,1,1,254,174,180,180
A,1864,0.23795784,0.22683472,0.23239628,1,1,254,174,180,180
A,1865,0.24583185,0.23281653,0.23932419,1,1,254,174,180,180
A,1866,0.22969846,0.23281653,0.23125749,1,1,254,174,180,180
A,1867,0.25861388,0.25062813,0.25462100,1,1,254,174,180,180
A,1868,0.25550805,0.26651864,0.26101334,1,1,254,174,180,180
A,1869,0.26214331,0.25089828,0.25652079,1,1,254,174,180,180
A,1870,0.26214331,0.23320381,0.24767356,1,1,254,174,180,180
A,1871,0.23795784,0.23320381,0.23558082,1,1,254,174,180,180
A,1872,0.23454147,0.23320381,0.23387264,1,1,254,174,180,180
A,1873,0.23056340,0.22533797,0.22795069,1,1,254,174,180,180
A,1874,0.24583185,0.21773020,0.23178102,1,1,254,174,180,180
A,1875,0.23795784,0.21654639,0.22725212,1,1,254,174,180,180
A,1876,0.21497321,0.21101230,0.21299275,1,1,254,174,180,180
A,1877,0.21023700,0.22568906,0.21796303,1,1,254,174,180,180
A,1878,0.24230242,0.19988898,0.22109570,1,1,254,174,180,180
A,1879,0.23454147,0.21654639,0.22554393,1,1,254,174,180,180
A,1880,0.21497321,0.22568906,0.22033113,1,1,254,174,180,180
A,1881,0.22725319,0.21864327,0.22294823,1,1,254,174,180,180
A,1882,0.22725319,0.20302589,0.21513954,1,1,254,174,180,180
A,1883,0.20672457,0.21773020,0.21222738,1,1,254,174,180,180
A,1884,0.22045869,0.19988898,0.21017384,1,1,254,174,180,180
A,1885,0.23632237,0.24986122,0.24309180,1,1,254,174,180,180
A,1886,0.23292947,0.20924240,0.22108594,1,1,254,174,180,180
A,1887,0.22969846,0.22543089,0.22756467,1,1,254,174,180,180
A,1888,0.24230242,0.21654639,0.22942441,1,1,254,174,180,180
A,1889,0.25374685,0.23399837,0.24387261,1,1,254,174,180,180
A,1890,0.21892483,0.23320381,0.22606432,1,1,254,174,180,180
A,1891,0.24402983,0.21792501,0.23097742,1,1,254,174,180,180
A,1892,0.23877300,0.23438761,0.23658031,1,1,254,174,180,180
A,1893,0.26214331,0.25846706,0.26030519,1,1,254,174,180,180
A,1894,0.26022172,0.24986122,0.25504147,1,1,254,174,180,180
A,1895,0.24583185,0.23320381,0.23951783,1,1,254,174,180,180
A,1896,0.24402983,0.24986122,0.24694553,1,1,254,174,180,180
A,1897,0.26022172,0.24986122,0.25504147,1,1,254,174,180,180
A,1898,0.26214331,0.24944629,0.25579480,1,1,254,174,180,180
A,1899,0.23795784,0.23438761,0.23617273,1,1,254,174,180,180
A,1900,0.24344359,0.24202972,0.24273666,1,1,254,174,180,180
A,1901,0.22234120,0.23438761,0.22836441,1,1,254,174,180,180
A,1902,0.24052628,0.22568906,0.23310767,1,1,254,174,180,180
A,1903,0.23795784,0.23333333,0.23564559,1,1,254,174,180,180
A,1904,0.23795784,0.24986122,0.24390953,1,1,254,174,180,180
A,1905,0.23795784,0.23333333,0.23564559,1,1,254,174,180,180
A,1906,0.23795784,0.23451780,0.23623782,1,1,254,174,180,180
A,1907,0.24402983,0.24123593,0.24263288,1,1,254,174,180,180
A,1908,0.23795784,0.25000000,0.24397892,1,1,254,174,180,180
A,1909,0.21356506,0.20956841,0.21156674,1,1,254,174,180,180
A,1910,0.22234120,0.22568906,0.22401513,1,1,254,174,180,180
A,1911,0.20672457,0.22683472,0.21677964,1,1,254,174,180,180
A,1912,0.23795784,0.23320381,0.23558082,1,1,254,174,180,180
A,1913,0.21497321,0.22568906,0.22033113,1,1,254,174,180,180
A,1914,0.22616903,0.21654639,0.22135771,1,1,254,174,180,180
A,1915,0.23454147,0.22683472,0.23068809,1,1,254,174,180,180
A,1916,0.22208665,0.21654639,0.21931652,1,1,254,174,180,180
A,1917,0.21838958,0.23320381,0.22579670,1,1,254,174,180,180
A,1918,0.23454147,0.23320381,0.23387264,1,1,254,174,180,180
A,1919,0.23454147,0.22568906,0.23011526,1,1,254,174,180,180
A,1920,0.23454147,0.23320381,0.23387264,1,1,254,174,180,180
A,1921,0.22616903,0.21654639,0.22135771,1,1,254,174,180,180
A,1922,0.22234120,0.21082367,0.21658244,1,1,254,174,180,180
A,1923,0.22234120,0.21654639,0.21944380,1,1,254,174,180,180
A,1924,0.23795784,0.23320381,0.23558082,1,1,254,174,180,180
A,1925,0.23795784,0.23320381,0.23558082,1,1,254,174,180,180
A,1926,0.24583185,0.24180971,0.24382078,1,1,254,174,180,180
A,1927,0.22969846,0.23438761,0.23204303,1,1,254,174,180,180
A,1928,0.22725319,0.22568906,0.22647112,1,1,254,174,180,180
A,1929,0.23112509,0.23320381,0.23216445,1,1,254,174,180,180
A,1930,0.22234120,0.22683472,0.22458796,1,1,254,174,180,180
A,1931,0.23795784,0.23320381,0.23558082,1,1,254,174,180,180
A,1932,0.21356506,0.23438761,0.22397634,1,1,254,174,180,180
A,1933,0.22969846,0.23320381,0.23145113,1,1,254,174,180,180
A,1934,0.24177042,0.22568906,0.23372974,1,1,254,174,180,180
A,1935,0.23795784,0.23320381,0.23558082,1,1,254,174,180,180
A,1936,0.23877300,0.21654639,0.22765970,1,1,254,174,180,180
A,1937,0.22208665,0.19988898,0.21098781,1,1,254,174,180,180
A,1938,0.22234120,0.21090260,0.21662190,1,1,254,174,180,180
A,1939,0.20672457,0.19988898,0.20330677,1,1,254,174,180,180
A,1940,0.20948268,0.20126759,0.20537514,1,1,254,174,180,180
A,1941,0.20672457,0.21654639,0.21163548,1,1,254,174,180,180
A,1942,0.20672457,0.19988898,0.20330677,1,1,254,174,180,180
A,1943,0.20672457,0.19478195,0.20075326,1,1,254,174,180,180
A,1944,0.19137209,0.20137938,0.19637574,1,1,254,174,180,180
A,1945,0.19137209,0.19478195,0.19307702,1,1,254,174,180,180
A,1946,0.21491714,0.19478195,0.20484955,1,1,254,174,180,180
A,1947,0.19137209,0.19488327,0.19312768,1,1,254,174,180,180
A,1948,0.20672457,0.19988898,0.20330677,1,1,254,174,180,180
A,1949,0.20277295,0.19344776,0.19811036,1,1,254,174,180,180
A,1950,0.20000001,0.19478195,0.19739098,1,1,254,174,180,180
A,1951,0.19647186,0.20126759,0.19886972,1,1,254,174,180,180
A,1952,0.16666667,0.20126759,0.18396713,1,1,254,174,180,180
A,1953,0.20277295,0.19344776,0.19811036,1,1,254,174,180,180
A,1954,0.16666667,0.17732712,0.17199689,1,1,254,174,180,180
A,1955,0.17134315,0.18323156,0.17728735,1,1,254,174,180,180
A,1956,0.18159646,0.17741935,0.17950791,1,1,254,174,180,180
A,1957,0.16666667,0.19478195,0.18072431,1,1,254,174,180,180
A,1958,0.16601873,0.16129032,0.16365453,1,1,254,174,180,180
A,1959,0.16601873,0.19488327,0.18045100,1,1,254,174,180,180
A,1960,0.16601873,0.16120647,0.16361260,1,1,254,174,180,180
A,1961,0.10015034,0.09623861,0.09819448,1,1,254,174,180,180
A,1962,0.09200152,0.07812500,0.08506326,1,1,254,174,180,180
A,1963,0.10776579,0.09332500,0.10054540,1,1,254,174,180,180
A,1964,0.11126242,0.10200896,0.10663569,1,1,254,174,180,180
A,1965,0.14617634,0.13300340,0.13958987,1,1,254,174,180,180
A,1966,0.17134315,0.16280273,0.16707294,1,1,254,174,180,180
A,1967,0.17601962,0.19354839,0.18478400,1,1,254,174,180,180
A,1968,0.17134315,0.18488097,0.17811206,1,1,254,174,180,180
A,1969,0.20672457,0.21804605,0.21238531,1,1,254,174,180,180
A,1970,0.20672457,0.19988898,0.20330677,1,1,254,174,180,180
A,1971,0.20795010,0.20000000,0.20397505,1,1,254,174,180,180
A,1972,0.20277295,0.20137938,0.20207616,1,1,254,174,180,180
A,1973,0.20672457,0.20137938,0.20405197,1,1,254,174,180,180
A,1974,0.20000001,0.20967742,0.20483871,1,1,254,174,180,180
A,1975,0.22969846,0.20137938,0.21553892,1,1,254,174,180,180
A,1976,0.22234120,0.20137938,0.21186029,1,1,254,174,180,180
A,1977,0.22234120,0.21785113,0.22009617,1,1,254,174,180,180
A,1978,0.20530376,0.19988898,0.20259637,1,1,254,174,180,180
A,1979,0.20948268,0.20275876,0.20612072,1,1,254,174,180,180
A,1980,0.19137209,0.19988898,0.19563054,1,1,254,174,180,180
A,1981,0.19264303,0.20956841,0.20110572,1,1,254,174,180,180
A,1982,0.20672457,0.22568906,0.21620681,1,1,254,174,180,180
A,1983,0.22234120,0.22568906,0.22401513,1,1,254,174,180,180
A,1984,0.23454147,0.22683472,0.23068809,1,1,254,174,180,180
A,1985,0.19882132,0.23333333,0.21607733,1,1,254,174,180,180
A,1986,0.23112509,0.22568906,0.22840707,1,1,254,174,180,180
A,1987,0.21624764,0.20956841,0.21290803,1,1,254,174,180,180
A,1988,0.23112509,0.23320381,0.23216445,1,1,254,174,180,180
A,1989,0.19882132,0.19344776,0.19613454,1,1,254,174,180,180
A,1990,0.20795010,0.21090260,0.20942635,1,1,254,174,180,180
A,1991,0.20795010,0.20126759,0.20460885,1,1,254,174,180,180
A,1992,0.19137209,0.19988898,0.19563054,1,1,254,174,180,180
A,1993,0.20795010,0.19988898,0.20391954,1,1,254,174,180,180
A,1994,0.17134315,0.20126759,0.18630537,1,1,254,174,180,180
A,1995,0.20795010,0.20126759,0.20460885,1,1,254,174,180,180
A,1996,0.20672457,0.21654639,0.21163548,1,1,254,174,180,180
A,1997,0.20948268,0.17732712,0.19340490,1,1,254,174,180,180
A,1998,0.21080892,0.17875424,0.19478158,1,1,254,174,180,180
A,1999,0.20397505,0.20137938,0.20267722,1,1,254,174,180,180
A,2000,0.18805810,0.17241379,0.18023595,1,1,254,174,180,180
A,2001,0.17601962,0.16657415,0.17129688,1,1,254,174,180,180
A,2002,0.20670070,0.19344776,0.20007423,1,1,254,174,180,180
A,2003,0.26022172,0.25846706,0.25934439,1,1,254,174,180,180
A,2004,0.29211671,0.29400211,0.29305941,1,1,254,174,180,180
A,2005,0.30903982,0.30960941,0.30932462,1,1,254,174,180,180
A,2006,0.31516072,0.31596530,0.31556301,1,1,254,174,180,180
A,2007,0.29661467,0.30960941,0.30311204,1,1,254,174,180,180
A,2008,0.30135024,0.32739162,0.31437093,1,1,254,174,180,180
A,2009,0.28544305,0.29983347,0.29263826,1,1,254,174,180,180
A,2010,0.31949899,0.31649088,0.31799494,1,1,254,174,180,180
A,2011,0.31516072,0.33259505,0.32387788,1,1,254,174,180,180
A,2012,0.32566947,0.34572622,0.33569784,1,1,254,174,180,180
A,2013,0.34183904,0.33259505,0.33721704,1,1,254,174,180,180
A,2014,0.32273116,0.29933554,0.31103335,1,1,254,174,180,180
A,2015,0.32543943,0.34486834,0.33515388,1,1,254,174,180,180
A,2016,0.30903982,0.32776259,0.31840121,1,1,254,174,180,180
A,2017,0.31734179,0.31771576,0.31752878,1,1,254,174,180,180
A,2018,0.31734179,0.33342446,0.32538313,1,1,254,174,180,180
A,2019,0.31516072,0.32191139,0.31853605,1,1,254,174,180,180
A,2020,0.32343116,0.34401046,0.33372081,1,1,254,174,180,180
A,2021,0.32297515,0.33853359,0.33075437,1,1,254,174,180,180
A,2022,0.31734179,0.31649088,0.31691634,1,1,254,174,180,180
A,2023,0.21356506,0.23438761,0.22397634,1,1,254,174,180,180
A,2024,0.14130490,0.13101783,0.13616137,1,1,254,174,180,180
A,2025,0.14130490,0.12896518,0.13513504,1,1,254,174,180,180
A,2026,0.12705833,0.12135565,0.12420699,1,1,254,174,180,180
A,2027,0.14130490,0.15000000,0.14565245,1,1,254,174,180,180
A,2028,0.17706313,0.20137938,0.18922125,1,1,254,174,180,180
A,2029,0.20000001,0.20137938,0.20068969,1,1,254,174,180,180
A,2030,0.20277295,0.19478195,0.19877745,1,1,254,174,180,180
A,2031,0.18274400,0.16666667,0.17470533,1,1,254,174,180,180
A,2032,0.20397505,0.18333333,0.19365419,1,1,254,174,180,180
A,2033,0.20670070,0.19354839,0.20012454,1,1,254,174,180,180
A,2034,0.16694222,0.19354839,0.18024531,1,1,254,174,180,180
A,2035,0.19647186,0.21101230,0.20374208,1,1,254,174,180,180
A,2036,0.18190037,0.16996732,0.17593384,1,1,254,174,180,180
A,2037,0.18669562,0.20126759,0.19398160,1,1,254,174,180,180
A,2038,0.17706313,0.16288741,0.16997527,1,1,254,174,180,180
A,2039,0.18780241,0.19354839,0.19067540,1,1,254,174,180,180
A,2040,0.19137209,0.19988898,0.19563054,1,1,254,174,180,180
A,2041,0.18542528,0.20126759,0.19334644,1,1,254,174,180,180
A,2042,0.21080892,0.19478195,0.20279544,1,1,254,174,180,180
A,2043,0.21356506,0.22683472,0.22019989,1,1,254,174,180,180
A,2044,0.19882132,0.22580645,0.21231389,1,1,254,174,180,180
A,2045,0.21356506,0.20137938,0.20747222,1,1,254,174,180,180
A,2046,0.20795010,0.20000000,0.20397505,1,1,254,174,180,180
A,2047,0.19882132,0.20137938,0.20010035,1,1,254,174,180,180
A,2048,0.19137209,0.17875424,0.18506317,1,1,254,174,180,180
A,2049,0.20672457,0.17875424,0.19273940,1,1,254,174,180,180
A,2050,0.20672457,0.23451780,0.22062118,1,1,254,174,180,180
A,2051,0.22234120,0.20126759,0.21180440,1,1,254,174,180,180
A,2052,0.23454147,0.23333333,0.23393740,1,1,254,174,180,180
A,2053,0.19647186,0.20126759,0.19886972,1,1,254,174,180,180
A,2054,0.22760091,0.20677365,0.21718728,1,1,254,174,180,180
A,2055,0.20277295,0.20689655,0.20483475,1,1,254,174,180,180
A,2056,0.20795010,0.20126759,0.20460885,1,1,254,174,180,180
A,2057,0.20000001,0.20677365,0.20338683,1,1,254,174,180,180
A,2058,0.20000001,0.18954251,0.19477126,1,1,254,174,180,180
A,2059,0.20670070,0.20812186,0.20741128,1,1,254,174,180,180
A,2060,0.20670070,0.17241379,0.18955724,1,1,254,174,180,180
A,2061,0.20397505,0.17412103,0.18904804,1,1,254,174,180,180
A,2062,0.19371463,0.18471271,0.18921367,1,1,254,174,180,180
A,2063,0.17813355,0.17412103,0.17612729,1,1,254,174,180,180
A,2064,0.15708105,0.15165033,0.15436569,1,1,254,174,180,180
A,2065,0.19647186,0.20126759,0.19886972,1,1,254,174,180,180
A,2066,0.19264303,0.16822356,0.18043330,1,1,254,174,180,180
A,2067,0.19264303,0.16831699,0.18048001,1,1,254,174,180,180
A,2068,0.19371463,0.16987297,0.18179380,1,1,254,174,180,180
A,2069,0.17706313,0.16831699,0.17269006,1,1,254,174,180,180
A,2070,0.17235893,0.18333333,0.17784613,1,1,254,174,180,180
A,2071,0.17706313,0.20126759,0.18916536,1,1,254,174,180,180
A,2072,0.16238586,0.19478195,0.17858391,1,1,254,174,180,180
A,2073,0.16238586,0.18471271,0.17354929,1,1,254,174,180,180
A,2074,0.21080892,0.17241379,0.19161136,1,1,254,174,180,180
A,2075,0.20670070,0.17241379,0.18955724,1,1,254,174,180,180
A,2076,0.20397505,0.16996732,0.18697119,1,1,254,174,180,180
A,2077,0.20670070,0.17412103,0.19041086,1,1,254,174,180,180
A,2078,0.17235893,0.16666667,0.16951280,1,1,254,174,180,180
A,2079,0.17235893,0.17241379,0.17238636,1,1,254,174,180,180
A,2080,0.16765473,0.20677365,0.18721419,1,1,254,174,180,180
A,2081,0.20000001,0.16666667,0.18333334,1,1,254,174,180,180
A,2082,0.20000001,0.17241379,0.18620690,1,1,254,174,180,180
A,2083,0.20397505,0.18333333,0.19365419,1,1,254,174,180,180
A,2084,0.20670070,0.18965517,0.19817793,1,1,254,174,180,180
A,2085,0.21080892,0.20000000,0.20540446,1,1,254,174,180,180
A,2086,0.20397505,0.18954251,0.19675878,1,1,254,174,180,180
A,2087,0.20397505,0.18954251,0.19675878,1,1,254,174,180,180
A,2088,0.19756475,0.17741935,0.18749205,1,1,254,174,180,180
A,2089,0.20000001,0.16666667,0.18333334,1,1,254,174,180,180
A,2090,0.20000001,0.20126759,0.20063380,1,1,254,174,180,180
A,2091,0.20000001,0.19988898,0.19994449,1,1,254,174,180,180
A,2092,0.17235893,0.16657415,0.16946654,1,1,254,174,180,180
A,2093,0.19460482,0.20000000,0.19730241,1,1,254,174,180,180
A,2094,0.20795010,0.17241379,0.19018195,1,1,254,174,180,180
A,2095,0.20000001,0.20689655,0.20344828,1,1,254,174,180,180
A,2096,0.21624764,0.20677365,0.21151065,1,1,254,174,180,180
A,2097,0.20000001,0.17241379,0.18620690,1,1,254,174,180,180
A,2098,0.20795010,0.17241379,0.19018195,1,1,254,174,180,180
A,2099,0.20397505,0.16666667,0.18532086,1,1,254,174,180,180
A,2100,0.19882132,0.20677365,0.20279749,1,1,254,174,180,180
A,2101,0.20670070,0.17241379,0.18955724,1,1,254,174,180,180
A,2102,0.20397505,0.18333333,0.19365419,1,1,254,174,180,180
A,2103,0.20000001,0.17241379,0.18620690,1,1,254,174,180,180
A,2104,0.20670070,0.19988898,0.20329484,1,1,254,174,180,180
A,2105,0.20000001,0.18488097,0.19244049,1,1,254,174,180,180
A,2106,0.20397505,0.20126759,0.20262132,1,1,254,174,180,180
A,2107,0.21497321,0.19988898,0.20743109,1,1,254,174,180,180
A,2108,0.20397505,0.20126759,0.20262132,1,1,254,174,180,180
A,2109,0.20795010,0.20126759,0.20460885,1,1,254,174,180,180
A,2110,0.20277295,0.20677365,0.20477330,1,1,254,174,180,180
A,2111,0.20948268,0.19988898,0.20468583,1,1,254,174,180,180
A,2112,0.20277295,0.19988898,0.20133096,1,1,254,174,180,180
A,2113,0.19882132,0.22568906,0.21225519,1,1,254,174,180,180
A,2114,0.19647186,0.23320381,0.21483783,1,1,254,174,180,180
A,2115,0.20948268,0.23320381,0.22134325,1,1,254,174,180,180
A,2116,0.19882132,0.19988898,0.19935515,1,1,254,174,180,180
A,2117,0.20277295,0.20126759,0.20202027,1,1,254,174,180,180
A,2118,0.21278028,0.21666667,0.21472347,1,1,254,174,180,180
A,2119,0.22234120,0.19988898,0.21111509,1,1,254,174,180,180
A,2120,0.21892483,0.19344776,0.20618630,1,1,254,174,180,180
A,2121,0.19882132,0.23320381,0.21601257,1,1,254,174,180,180
A,2122,0.22851730,0.20000000,0.21425865,1,1,254,174,180,180
A,2123,0.20000001,0.20275876,0.20137938,1,1,254,174,180,180
A,2124,0.20945165,0.21090260,0.21017713,1,1,254,174,180,180
A,2125,0.12089216,0.12500000,0.12294608,1,1,254,174,180,180
A,2126,0.13130643,0.14062500,0.13596572,1,1,254,174,180,180
A,2127,0.13686413,0.12903226,0.13294819,1,1,254,174,180,180
A,2128,0.16694222,0.15625000,0.16159611,1,1,254,174,180,180
A,2129,0.17235893,0.16439899,0.16837896,1,1,254,174,180,180
A,2130,0.20000001,0.18323156,0.19161578,1,1,254,174,180,180
A,2131,0.20000001,0.18498366,0.19249183,1,1,254,174,180,180
A,2132,0.21497321,0.18636304,0.20066812,1,1,254,174,180,180
A,2133,0.19882132,0.20000000,0.19941066,1,1,254,174,180,180
A,2134,0.19882132,0.20689655,0.20285894,1,1,254,174,180,180
A,2135,0.20277295,0.19988898,0.20133096,1,1,254,174,180,180
A,2136,0.20277295,0.19478195,0.19877745,1,1,254,174,180,180
A,2137,0.20672457,0.20677365,0.20674911,1,1,254,174,180,180
A,2138,0.19882132,0.20000000,0.19941066,1,1,254,174,180,180
A,2139,0.20397505,0.20275876,0.20336691,1,1,254,174,180,180
A,2140,0.21624764,0.21666667,0.21645715,1,1,254,174,180,180
A,2141,0.20397505,0.21773020,0.21085263,1,1,254,174,180,180
A,2142,0.23115268,0.23438761,0.23277015,1,1,254,174,180,180
A,2143,0.22851730,0.23438761,0.23145246,1,1,254,174,180,180
A,2144,0.21624764,0.19478195,0.20551480,1,1,254,174,180,180
A,2145,0.22969846,0.20000000,0.21484923,1,1,254,174,180,180
A,2146,0.20277295,0.19344776,0.19811036,1,1,254,174,180,180
A,2147,0.20000001,0.20000000,0.20000000,1,1,254,174,180,180
A,2148,0.21624764,0.23320381,0.22472572,1,1,254,174,180,180
A,2149,0.19882132,0.20832350,0.20357241,1,1,254,174,180,180
A,2150,0.21892483,0.19988898,0.20940690,1,1,254,174,180,180
A,2151,0.23249528,0.23438761,0.23344145,1,1,254,174,180,180
A,2152,0.21278028,0.22683472,0.21980750,1,1,254,174,180,180
A,2153,0.23454147,0.22695271,0.23074709,1,1,254,174,180,180
A,2154,0.22725319,0.23320381,0.23022850,1,1,254,174,180,180
A,2155,0.19371463,0.17875424,0.18623443,1,1,254,174,180,180
A,2156,0.24230242,0.21666667,0.22948454,1,1,254,174,180,180
A,2157,0.19882132,0.19988898,0.19935515,1,1,254,174,180,180
A,2158,0.22725319,0.22568906,0.22647112,1,1,254,174,180,180
A,2159,0.23795784,0.21071407,0.22433596,1,1,254,174,180,180
A,2160,0.23795784,0.20967742,0.22381763,1,1,254,174,180,180
A,2161,0.22365932,0.20000000,0.21182966,1,1,254,174,180,180
A,2162,0.23249528,0.23451780,0.23350654,1,1,254,174,180,180
A,2163,0.23454147,0.22695271,0.23074709,1,1,254,174,180,180
A,2164,0.23795784,0.22580645,0.23188215,1,1,254,174,180,180
A,2165,0.19882132,0.21773020,0.20827576,1,1,254,174,180,180
A,2166,0.23795784,0.23451780,0.23623782,1,1,254,174,180,180
A,2167,0.20795010,0.19988898,0.20391954,1,1,254,174,180,180
A,2168,0.21497321,0.23320381,0.22408851,1,1,254,174,180,180
A,2169,0.22704445,0.24123593,0.23414019,1,1,254,174,180,180
A,2170,0.23936854,0.24137931,0.24037392,1,1,254,174,180,180
A,2171,0.23936854,0.21654639,0.22795747,1,1,254,174,180,180
A,2172,0.27113375,0.26651864,0.26882619,1,1,254,174,180,180
A,2173,0.23795784,0.24986122,0.24390953,1,1,254,174,180,180
A,2174,0.26508540,0.23320381,0.24914460,1,1,254,174,180,180
A,2175,0.25074049,0.23320381,0.24197215,1,1,254,174,180,180
A,2176,0.23454147,0.25104503,0.24279325,1,1,254,174,180,180
A,2177,0.24230242,0.25104503,0.24667373,1,1,254,174,180,180
A,2178,0.25074049,0.26651864,0.25862957,1,1,254,174,180,180
A,2179,0.25861388,0.27586207,0.26723798,1,1,254,174,180,180
A,2180,0.27534894,0.26755569,0.27145231,1,1,254,174,180,180
A,2181,0.27534894,0.26651864,0.27093379,1,1,254,174,180,180
A,2182,0.25861388,0.26755569,0.26308479,1,1,254,174,180,180
A,2183,0.27534894,0.27677097,0.27605996,1,1,254,174,180,180
A,2184,0.27110131,0.24246051,0.25678091,1,1,254,174,180,180
A,2185,0.24230242,0.24986122,0.24608182,1,1,254,174,180,180
A,2186,0.25903748,0.27569820,0.26736784,1,1,254,174,180,180
A,2187,0.22561608,0.24123593,0.23342600,1,1,254,174,180,180
A,2188,0.23795784,0.23320381,0.23558082,1,1,254,174,180,180
A,2189,0.23454147,0.23438761,0.23446454,1,1,254,174,180,180
A,2190,0.20795010,0.20000000,0.20397505,1,1,254,174,180,180
A,2191,0.20397505,0.20264620,0.20331063,1,1,254,174,180,180
A,2192,0.20000001,0.19988898,0.19994449,1,1,254,174,180,180
A,2193,0.20277295,0.19988898,0.20133096,1,1,254,174,180,180
A,2194,0.21497321,0.20000000,0.20748660,1,1,254,174,180,180
A,2195,0.19756475,0.19488327,0.19622401,1,1,254,174,180,180
A,2196,0.20397505,0.22580645,0.21489075,1,1,254,174,180,180
A,2197,0.19756475,0.21666667,0.20711571,1,1,254,174,180,180
A,2198,0.19756475,0.19344776,0.19550626,1,1,254,174,180,180
A,2199,0.19756475,0.21082367,0.20419421,1,1,254,174,180,180
A,2200,0.20141488,0.20967742,0.20554615,1,1,254,174,180,180
A,2201,0.20277295,0.16666667,0.18471981,1,1,254,174,180,180
A,2202,0.20672457,0.20000000,0.20336228,1,1,254,174,180,180
A,2203,0.16694222,0.18333333,0.17513778,1,1,254,174,180,180
A,2204,0.18089413,0.17875424,0.17982418,1,1,254,174,180,180
A,2205,0.20397505,0.19488327,0.19942916,1,1,254,174,180,180
A,2206,0.16765473,0.16288741,0.16527107,1,1,254,174,180,180
A,2207,0.18683058,0.18879317,0.18781187,1,1,254,174,180,180
A,2208,0.16185156,0.19354839,0.17769997,1,1,254,174,180,180
A,2209,0.16601873,0.16657415,0.16629644,1,1,254,174,180,180
A,2210,0.19647186,0.16129032,0.17888109,1,1,254,174,180,180
A,2211,0.17706530,0.17741935,0.17724233,1,1,254,174,180,180
A,2212,0.16694222,0.16120647,0.16407435,1,1,254,174,180,180
A,2213,0.17706313,0.16666667,0.17186490,1,1,254,174,180,180
A,2214,0.16238586,0.17875424,0.17057005,1,1,254,174,180,180
A,2215,0.16765473,0.16262521,0.16513997,1,1,254,174,180,180
A,2216,0.16765473,0.16129032,0.16447253,1,1,254,174,180,180
A,2217,0.16765473,0.16448450,0.16606962,1,1,254,174,180,180
A,2218,0.17235893,0.16120647,0.16678270,1,1,254,174,180,180
A,2219,0.20397505,0.16129032,0.18263269,1,1,254,174,180,180
A,2220,0.15056497,0.14062500,0.14559499,1,1,254,174,180,180
A,2221,0.16694222,0.14516129,0.15605176,1,1,254,174,180,180
A,2222,0.16765473,0.12903226,0.14834349,1,1,254,174,180,180
A,2223,0.20000001,0.16288741,0.18144371,1,1,254,174,180,180
A,2224,0.17149858,0.20000000,0.18574929,1,1,254,174,180,180
A,2225,0.10776579,0.12686159,0.11731369,1,1,254,174,180,180
A,2226,0.09650627,0.09623861,0.09637244,1,1,254,174,180,180
A,2227,0.07153815,0.08066059,0.07609937,1,1,254,174,180,180
A,2228,0.10826101,0.12692352,0.11759227,1,1,254,174,180,180
A,2229,0.16238586,0.16288741,0.16263664,1,1,254,174,180,180
A,2230,0.17706313,0.16831699,0.17269006,1,1,254,174,180,180
A,2231,0.20397505,0.19344776,0.19871141,1,1,254,174,180,180
A,2232,0.19770458,0.18323156,0.19046807,1,1,254,174,180,180
A,2233,0.23056340,0.21773020,0.22414680,1,1,254,174,180,180
A,2234,0.22969846,0.20264620,0.21617233,1,1,254,174,180,180
A,2235,0.23795784,0.23320381,0.23558082,1,1,254,174,180,180
A,2236,0.22234120,0.23320381,0.22777251,1,1,254,174,180,180
A,2237,0.22234120,0.23438761,0.22836441,1,1,254,174,180,180
A,2238,0.21356506,0.19988898,0.20672702,1,1,254,174,180,180
A,2239,0.22234120,0.23333333,0.22783727,1,1,254,174,180,180
A,2240,0.21356506,0.19988898,0.20672702,1,1,254,174,180,180
A,2241,0.21356506,0.19988898,0.20672702,1,1,254,174,180,180
A,2242,0.21497321,0.21654639,0.21575980,1,1,254,174,180,180
A,2243,0.19137209,0.16822356,0.17979783,1,1,254,174,180,180
A,2244,0.20672457,0.19988898,0.20330677,1,1,254,174,180,180
A,2245,0.21080892,0.19988898,0.20534895,1,1,254,174,180,180
A,2246,0.20795010,0.19988898,0.20391954,1,1,254,174,180,180
A,2247,0.20672457,0.20137938,0.20405197,1,1,254,174,180,180
A,2248,0.20277295,0.20137938,0.20207616,1,1,254,174,180,180
A,2249,0.19287336,0.18323156,0.18805246,1,1,254,174,180,180
A,2250,0.21080892,0.19988898,0.20534895,1,1,254,174,180,180
A,2251,0.20000001,0.20137938,0.20068969,1,1,254,174,180,180
A,2252,0.18669562,0.17241379,0.17955471,1,1,254,174,180,180
A,2253,0.18879098,0.16831699,0.17855399,1,1,254,174,180,180
A,2254,0.20000001,0.20137938,0.20068969,1,1,254,174,180,180
A,2255,0.18669562,0.18323156,0.18496359,1,1,254,174,180,180
A,2256,0.21838958,0.21666667,0.21752813,1,1,254,174,180,180
A,2257,0.20948268,0.22400479,0.21674374,1,1,254,174,180,180
A,2258,0.22969846,0.18954251,0.20962048,1,1,254,174,180,180
A,2259,0.21624764,0.20126759,0.20875762,1,1,254,174,180,180
A,2260,0.19264303,0.20000000,0.19632152,1,1,254,174,180,180
A,2261,0.20672457,0.20000000,0.20336228,1,1,254,174,180,180
A,2262,0.20672457,0.20000000,0.20336228,1,1,254,174,180,180
A,2263,0.20540031,0.19988898,0.20264464,1,1,254,174,180,180
A,2264,0.22234120,0.24123593,0.23178857,1,1,254,174,180,180
A,2265,0.22234120,0.23320381,0.22777251,1,1,254,174,180,180
A,2266,0.24738821,0.22400479,0.23569650,1,1,254,174,180,180
A,2267,0.22969846,0.24137931,0.23553888,1,1,254,174,180,180
A,2268,0.24230242,0.24123593,0.24176917,1,1,254,174,180,180
A,2269,0.21892483,0.23438761,0.22665622,1,1,254,174,180,180
A,2270,0.23454147,0.23320381,0.23387264,1,1,254,174,180,180
A,2271,0.24583185,0.24382992,0.24483089,1,1,254,174,180,180
A,2272,0.20277295,0.20000000,0.20138647,1,1,254,174,180,180
A,2273,0.19250661,0.20000000,0.19625331,1,1,254,174,180,180
A,2274,0.21356506,0.16657415,0.19006961,1,1,254,174,180,180
A,2275,0.19770458,0.19988898,0.19879678,1,1,254,174,180,180
A,2276,0.20540031,0.18954251,0.19747141,1,1,254,174,180,180
A,2277,0.20672457,0.22400479,0.21536468,1,1,254,174,180,180
A,2278,0.20672457,0.18471271,0.19571864,1,1,254,174,180,180
A,2279,0.18669562,0.20275876,0.19472719,1,1,254,174,180,180
A,2280,0.18879098,0.18323156,0.18601127,1,1,254,174,180,180
A,2281,0.18879098,0.20000000,0.19439549,1,1,254,174,180,180
A,2282,0.18382737,0.20137938,0.19260337,1,1,254,174,180,180
A,2283,0.19882132,0.18471271,0.19176702,1,1,254,174,180,180
A,2284,0.17601962,0.19488327,0.18545145,1,1,254,174,180,180
A,2285,0.19137209,0.20275876,0.19706543,1,1,254,174,180,180
A,2286,0.20670070,0.19988898,0.20329484,1,1,254,174,180,180
A,2287,0.19250661,0.16666667,0.17958664,1,1,254,174,180,180
A,2288,0.16666667,0.19344776,0.18005722,1,1,254,174,180,180
A,2289,0.16148757,0.18323156,0.17235957,1,1,254,174,180,180
A,2290,0.19137209,0.18498366,0.18817788,1,1,254,174,180,180
A,2291,0.18274400,0.19478195,0.18876298,1,1,254,174,180,180
A,2292,0.22234120,0.21773020,0.22003570,1,1,254,174,180,180
A,2293,0.20277295,0.20275876,0.20276585,1,1,254,174,180,180
A,2294,0.20795010,0.20000000,0.20397505,1,1,254,174,180,180
A,2295,0.18669562,0.16657415,0.17663488,1,1,254,174,180,180
A,2296,0.23249528,0.21654639,0.22452084,1,1,254,174,180,180
A,2297,0.19770458,0.18471271,0.19120865,1,1,254,174,180,180
A,2298,0.23454147,0.21071407,0.22262777,1,1,254,174,180,180
A,2299,0.20397505,0.19488327,0.19942916,1,1,254,174,180,180
A,2300,0.19250661,0.16831699,0.18041180,1,1,254,174,180,180
A,2301,0.20795010,0.16996732,0.18895871,1,1,254,174,180,180
A,2302,0.20277295,0.17741935,0.19009615,1,1,254,174,180,180
A,2303,0.17218166,0.17412103,0.17315134,1,1,254,174,180,180
A,2304,0.17701288,0.16996732,0.17349010,1,1,254,174,180,180
A,2305,0.17134315,0.16666667,0.16900491,1,1,254,174,180,180
A,2306,0.17134315,0.16831699,0.16983007,1,1,254,174,180,180
A,2307,0.18879098,0.16996732,0.17937915,1,1,254,174,180,180
A,2308,0.18274400,0.18333333,0.18303867,1,1,254,174,180,180
A,2309,0.17134315,0.18471271,0.17802793,1,1,254,174,180,180
A,2310,0.16666667,0.16657415,0.16662041,1,1,254,174,180,180
A,2311,0.16666667,0.16666667,0.16666667,1,1,254,174,180,180
A,2312,0.18879098,0.16657415,0.17768256,1,1,254,174,180,180
A,2313,0.21356506,0.18323156,0.19839831,1,1,254,174,180,180
A,2314,0.16666667,0.16657415,0.16662041,1,1,254,174,180,180
A,2315,0.20672457,0.16666667,0.18669562,1,1,254,174,180,180
A,2316,0.19137209,0.16822356,0.17979783,1,1,254,174,180,180
A,2317,0.18274400,0.16666667,0.17470533,1,1,254,174,180,180
A,2318,0.17218166,0.17231138,0.17224652,1,1,254,174,180,180
A,2319,0.20672457,0.18323156,0.19497806,1,1,254,174,180,180
A,2320,0.17134315,0.17572381,0.17353348,1,1,254,174,180,180
A,2321,0.17054988,0.16996732,0.17025860,1,1,254,174,180,180
A,2322,0.19770458,0.17582826,0.18676642,1,1,254,174,180,180
A,2323,0.16666667,0.16987297,0.16826982,1,1,254,174,180,180
A,2324,0.18159646,0.18488097,0.18323872,1,1,254,174,180,180
A,2325,0.17134315,0.18461018,0.17797666,1,1,254,174,180,180
A,2326,0.16765473,0.18625959,0.17695716,1,1,254,174,180,180
A,2327,0.16666667,0.16822356,0.16744511,1,1,254,174,180,180
A,2328,0.18742047,0.20126759,0.19434403,1,1,254,174,180,180
A,2329,0.16666667,0.18625959,0.17646313,1,1,254,174,180,180
A,2330,0.18274400,0.16657415,0.17465907,1,1,254,174,180,180
A,2331,0.20277295,0.19988898,0.20133096,1,1,254,174,180,180
A,2332,0.17235893,0.17231138,0.17233515,1,1,254,174,180,180
A,2333,0.19137209,0.20677365,0.19907287,1,1,254,174,180,180
A,2334,0.20000001,0.20000000,0.20000000,1,1,254,174,180,180
A,2335,0.19882132,0.18954251,0.19418192,1,1,254,174,180,180
A,2336,0.20795010,0.20000000,0.20397505,1,1,254,174,180,180
A,2337,0.20672457,0.21666667,0.21169562,1,1,254,174,180,180
A,2338,0.20397505,0.21666667,0.21032086,1,1,254,174,180,180
A,2339,0.20000001,0.20956841,0.20478421,1,1,254,174,180,180
A,2340,0.23936854,0.21654639,0.22795747,1,1,254,174,180,180
A,2341,0.21663040,0.20956841,0.21309941,1,1,254,174,180,180
A,2342,0.20277295,0.20956841,0.20617068,1,1,254,174,180,180
A,2343,0.20540031,0.21773020,0.21156525,1,1,254,174,180,180
A,2344,0.20948268,0.21654639,0.21301454,1,1,254,174,180,180
A,2345,0.21212183,0.22568906,0.21890544,1,1,254,174,180,180
A,2346,0.20672457,0.20126759,0.20399608,1,1,254,174,180,180
A,2347,0.22234120,0.22568906,0.22401513,1,1,254,174,180,180
A,2348,0.20672457,0.20956841,0.20814649,1,1,254,174,180,180
A,2349,0.21838958,0.20956841,0.21397900,1,1,254,174,180,180
A,2350,0.20672457,0.20956841,0.20814649,1,1,254,174,180,180
A,2351,0.22234120,0.23320381,0.22777251,1,1,254,174,180,180
A,2352,0.21497321,0.21654639,0.21575980,1,1,254,174,180,180
A,2353,0.22725319,0.22683472,0.22704395,1,1,254,174,180,180
A,2354,0.19647186,0.20126759,0.19886972,1,1,254,174,180,180
A,2355,0.21497321,0.19344776,0.20421049,1,1,254,174,180,180
A,2356,0.23795784,0.24143354,0.23969569,1,1,254,174,180,180
A,2357,0.23454147,0.24281334,0.23867740,1,1,254,174,180,180
A,2358,0.23454147,0.25062813,0.24258480,1,1,254,174,180,180
A,2359,0.22234120,0.23438761,0.22836441,1,1,254,174,180,180
A,2360,0.23454147,0.23320381,0.23387264,1,1,254,174,180,180
A,2361,0.25033047,0.22568906,0.23800976,1,1,254,174,180,180
A,2362,0.23292947,0.23320381,0.23306664,1,1,254,174,180,180
A,2363,0.26652950,0.26607604,0.26630277,1,1,254,174,180,180
A,2364,0.25374685,0.22533797,0.23954241,1,1,254,174,180,180
A,2365,0.25374685,0.22568906,0.23971795,1,1,254,174,180,180
A,2366,0.24583185,0.26651864,0.25617524,1,1,254,174,180,180
A,2367,0.25525114,0.24180971,0.24853042,1,1,254,174,180,180
A,2368,0.23454147,0.26755569,0.25104858,1,1,254,174,180,180
A,2369,0.25824720,0.24987802,0.25406261,1,1,254,174,180,180
A,2370,0.27709217,0.25089828,0.26399522,1,1,254,174,180,180
A,2371,0.25074049,0.26755569,0.25914809,1,1,254,174,180,180
A,2372,0.24230242,0.22568906,0.23399574,1,1,254,174,180,180
A,2373,0.22725319,0.23320381,0.23022850,1,1,254,174,180,180
A,2374,0.25074049,0.24180971,0.24627510,1,1,254,174,180,180
A,2375,0.27440267,0.26651864,0.27046066,1,1,254,174,180,180
A,2376,0.25374685,0.24180971,0.24777828,1,1,254,174,180,180
A,2377,0.26953585,0.25089828,0.26021706,1,1,254,174,180,180
A,2378,0.26652950,0.24295537,0.25474243,1,1,254,174,180,180
A,2379,0.25033047,0.25000000,0.25016523,1,1,254,174,180,180
A,2380,0.26652950,0.25895783,0.26274366,1,1,254,174,180,180
A,2381,0.25657983,0.25806452,0.25732217,1,1,254,174,180,180
A,2382,0.26352315,0.22580645,0.24466480,1,1,254,174,180,180
A,2383,0.26652950,0.25806452,0.26229701,1,1,254,174,180,180
A,2384,0.24879034,0.25806452,0.25342743,1,1,254,174,180,180
A,2385,0.23877300,0.23333333,0.23605317,1,1,254,174,180,180
A,2386,0.27224310,0.23333333,0.25278822,1,1,254,174,180,180
A,2387,0.22616903,0.24137931,0.23377417,1,1,254,174,180,180
A,2388,0.14693538,0.12686159,0.13689849,1,1,254,174,180,180
A,2389,0.11126242,0.09672388,0.10399315,1,1,254,174,180,180
A,2390,0.12862299,0.09332500,0.11097399,1,1,254,174,180,180
A,2391,0.13556687,0.13293426,0.13425057,1,1,254,174,180,180
A,2392,0.18780241,0.17732712,0.18256477,1,1,254,174,180,180
A,2393,0.20277295,0.19478195,0.19877745,1,1,254,174,180,180
A,2394,0.22561608,0.20264620,0.21413114,1,1,254,174,180,180
A,2395,0.24732412,0.22580645,0.23656528,1,1,254,174,180,180
A,2396,0.23877300,0.22580645,0.23228972,1,1,254,174,180,180
A,2397,0.23249528,0.22580645,0.22915086,1,1,254,174,180,180
A,2398,0.26652950,0.22683472,0.24668211,1,1,254,174,180,180
A,2399,0.25033047,0.23438761,0.24235904,1,1,254,174,180,180
A,2400,0.25374685,0.22695271,0.24034978,1,1,254,174,180,180
A,2401,0.26508540,0.26755569,0.26632055,1,1,254,174,180,180
A,2402,0.26652950,0.24180971,0.25416960,1,1,254,174,180,180
A,2403,0.26214331,0.23451780,0.24833055,1,1,254,174,180,180
A,2404,0.26652950,0.24180971,0.25416960,1,1,254,174,180,180
A,2405,0.26214331,0.24986122,0.25600226,1,1,254,174,180,180
A,2406,0.24860996,0.25048162,0.24954579,1,1,254,174,180,180
A,2407,0.26352315,0.24986122,0.25669218,1,1,254,174,180,180
A,2408,0.23249528,0.25000000,0.24124764,1,1,254,174,180,180
A,2409,0.23249528,0.22568906,0.22909217,1,1,254,174,180,180
A,2410,0.23795784,0.21792501,0.22794142,1,1,254,174,180,180
A,2411,0.24738821,0.22400479,0.23569650,1,1,254,174,180,180
A,2412,0.23593191,0.24123593,0.23858392,1,1,254,174,180,180
A,2413,0.23249528,0.23399837,0.23324683,1,1,254,174,180,180
A,2414,0.23249528,0.21618678,0.22434103,1,1,254,174,180,180
A,2415,0.23249528,0.23320381,0.23284954,1,1,254,174,180,180
A,2416,0.25181451,0.25062813,0.25122132,1,1,254,174,180,180
A,2417,0.23112509,0.22400479,0.22756494,1,1,254,174,180,180
A,2418,0.23593191,0.22683472,0.23138331,1,1,254,174,180,180
A,2419,0.20948268,0.19955703,0.20451986,1,1,254,174,180,180
A,2420,0.20672457,0.21773020,0.21222738,1,1,254,174,180,180
A,2421,0.20672457,0.20126759,0.20399608,1,1,254,174,180,180
A,2422,0.23593191,0.21618678,0.22605934,1,1,254,174,180,180
A,2423,0.20397505,0.23320381,0.21858943,1,1,254,174,180,180
A,2424,0.21080892,0.22400479,0.21740685,1,1,254,174,180,180
A,2425,0.19882132,0.21654639,0.20768386,1,1,254,174,180,180
A,2426,0.20277295,0.23438761,0.21858028,1,1,254,174,180,180
A,2427,0.21497321,0.23320381,0.22408851,1,1,254,174,180,180
A,2428,0.23454147,0.23281653,0.23367900,1,1,254,174,180,180
A,2429,0.21892483,0.21654639,0.21773561,1,1,254,174,180,180
A,2430,0.23112509,0.21792501,0.22452505,1,1,254,174,180,180
A,2431,0.25861388,0.24944629,0.25403008,1,1,254,174,180,180
A,2432,0.24230242,0.23438761,0.23834502,1,1,254,174,180,180
A,2433,0.23454147,0.24123593,0.23788870,1,1,254,174,180,180
A,2434,0.23112509,0.21756310,0.22434410,1,1,254,174,180,180
A,2435,0.22725319,0.23320381,0.23022850,1,1,254,174,180,180
A,2436,0.23454147,0.21654639,0.22554393,1,1,254,174,180,180
A,2437,0.23454147,0.24123593,0.23788870,1,1,254,174,180,180
A,2438,0.22365932,0.19344776,0.20855354,1,1,254,174,180,180
A,2439,0.22725319,0.23320381,0.23022850,1,1,254,174,180,180
A,2440,0.24230242,0.22400479,0.23315361,1,1,254,174,180,180
A,2441,0.22725319,0.21792501,0.22258910,1,1,254,174,180,180
A,2442,0.23112509,0.22413793,0.22763151,1,1,254,174,180,180
A,2443,0.23795784,0.25237724,0.24516754,1,1,254,174,180,180
A,2444,0.23112509,0.24137931,0.23625220,1,1,254,174,180,180
A,2445,0.25374685,0.25969164,0.25671924,1,1,254,174,180,180
A,2446,0.23936854,0.24123593,0.24030223,1,1,254,174,180,180
A,2447,0.23112509,0.23320381,0.23216445,1,1,254,174,180,180
A,2448,0.25968373,0.24986122,0.25477248,1,1,254,174,180,180
A,2449,0.26652950,0.24986122,0.25819536,1,1,254,174,180,180
A,2450,0.26953585,0.25062813,0.26008199,1,1,254,174,180,180
A,2451,0.23454147,0.25048162,0.24251154,1,1,254,174,180,180
A,2452,0.26652950,0.24944629,0.25798789,1,1,254,174,180,180
A,2453,0.26652950,0.26651864,0.26652407,1,1,254,174,180,180
A,2454,0.26652950,0.26711137,0.26682043,1,1,254,174,180,180
A,2455,0.26652950,0.24986122,0.25819536,1,1,254,174,180,180
A,2456,0.26652950,0.25062813,0.25857881,1,1,254,174,180,180
A,2457,0.26116013,0.26755569,0.26435791,1,1,254,174,180,180
A,2458,0.26652950,0.24986122,0.25819536,1,1,254,174,180,180
A,2459,0.26652950,0.24986122,0.25819536,1,1,254,174,180,180
A,2460,0.23112509,0.24944629,0.24028569,1,1,254,174,180,180
A,2461,0.27534894,0.25923025,0.26728959,1,1,254,174,180,180
A,2462,0.26652950,0.25953984,0.26303467,1,1,254,174,180,180
A,2463,0.26652950,0.24944629,0.25798789,1,1,254,174,180,180
A,2464,0.26953585,0.24986122,0.25969853,1,1,254,174,180,180
A,2465,0.23454147,0.24944629,0.24199388,1,1,254,174,180,180
A,2466,0.26953585,0.23320381,0.25136983,1,1,254,174,180,180
A,2467,0.25074049,0.23320381,0.24197215,1,1,254,174,180,180
A,2468,0.23454147,0.25104503,0.24279325,1,1,254,174,180,180
A,2469,0.23795784,0.24123593,0.23959688,1,1,254,174,180,180
A,2470,0.26652950,0.24123593,0.25388271,1,1,254,174,180,180
A,2471,0.24427436,0.23438761,0.23933099,1,1,254,174,180,180
A,2472,0.23056340,0.24123593,0.23589966,1,1,254,174,180,180
A,2473,0.23454147,0.22683472,0.23068809,1,1,254,174,180,180
A,2474,0.25374685,0.23320381,0.24347533,1,1,254,174,180,180
A,2475,0.24586177,0.22648185,0.23617181,1,1,254,174,180,180
A,2476,0.23454147,0.25846706,0.24650427,1,1,254,174,180,180
A,2477,0.26953585,0.25048162,0.26000873,1,1,254,174,180,180
A,2478,0.23795784,0.21654639,0.22725212,1,1,254,174,180,180
A,2479,0.25374685,0.25953984,0.25664334,1,1,254,174,180,180
A,2480,0.26652950,0.27569820,0.27111385,1,1,254,174,180,180
A,2481,0.25200285,0.27569820,0.26385053,1,1,254,174,180,180
A,2482,0.26768334,0.27627923,0.27198129,1,1,254,174,180,180
A,2483,0.27534894,0.25800784,0.26667839,1,1,254,174,180,180
A,2484,0.27534894,0.26755569,0.27145231,1,1,254,174,180,180
A,2485,0.25374685,0.25089828,0.25232256,1,1,254,174,180,180
A,2486,0.25200285,0.24986122,0.25093204,1,1,254,174,180,180
A,2487,0.26953585,0.26607604,0.26780594,1,1,254,174,180,180
A,2488,0.26652950,0.24944629,0.25798789,1,1,254,174,180,180
A,2489,0.24860996,0.25062813,0.24961904,1,1,254,174,180,180
A,2490,0.26652950,0.24944629,0.25798789,1,1,254,174,180,180
A,2491,0.27534894,0.25089828,0.26312361,1,1,254,174,180,180
A,2492,0.23454147,0.23320381,0.23387264,1,1,254,174,180,180
A,2493,0.20795010,0.19988898,0.20391954,1,1,254,174,180,180
A,2494,0.13556687,0.14991673,0.14274180,1,1,254,174,180,180
A,2495,0.13749307,0.13101783,0.13425545,1,1,254,174,180,180
A,2496,0.13686413,0.12500000,0.13093206,1,1,254,174,180,180
A,2497,0.15140251,0.11488880,0.13314565,1,1,254,174,180,180
A,2498,0.17611730,0.17901644,0.17756687,1,1,254,174,180,180
A,2499,0.19371463,0.16666667,0.18019065,1,1,254,174,180,180
A,2500,0.22725319,0.20137938,0.21431628,1,1,254,174,180,180
A,2501,0.19647186,0.20137938,0.19892562,1,1,254,174,180,180
A,2502,0.21838958,0.22400479,0.22119719,1,1,254,174,180,180
A,2503,0.23795784,0.20689655,0.22242720,1,1,254,174,180,180
A,2504,0.21543204,0.20126759,0.20834982,1,1,254,174,180,180
A,2505,0.22851730,0.23438761,0.23145246,1,1,254,174,180,180
A,2506,0.23056340,0.22400479,0.22728409,1,1,254,174,180,180
A,2507,0.22234120,0.20689655,0.21461888,1,1,254,174,180,180
A,2508,0.23454147,0.20832350,0.22143248,1,1,254,174,180,180
A,2509,0.23454147,0.21654639,0.22554393,1,1,254,174,180,180
A,2510,0.21838958,0.19988898,0.20913928,1,1,254,174,180,180
A,2511,0.22578593,0.23320381,0.22949487,1,1,254,174,180,180
A,2512,0.22725319,0.21654639,0.22189979,1,1,254,174,180,180
A,2513,0.22907477,0.21654639,0.22281058,1,1,254,174,180,180
A,2514,0.21212183,0.19988898,0.20600540,1,1,254,174,180,180
A,2515,0.23632237,0.22400479,0.23016358,1,1,254,174,180,180
A,2516,0.23056340,0.21654639,0.22355490,1,1,254,174,180,180
A,2517,0.23056340,0.21773020,0.22414680,1,1,254,174,180,180
A,2518,0.22907477,0.25089828,0.23998652,1,1,254,174,180,180
A,2519,0.23454147,0.20126759,0.21790453,1,1,254,174,180,180
A,2520,0.21543204,0.19988898,0.20766051,1,1,254,174,180,180
A,2521,0.22851730,0.21654639,0.22253185,1,1,254,174,180,180
A,2522,0.22907477,0.21654639,0.22281058,1,1,254,174,180,180
A,2523,0.22907477,0.21654639,0.22281058,1,1,254,174,180,180
A,2524,0.23454147,0.21654639,0.22554393,1,1,254,174,180,180
A,2525,0.24586177,0.21773020,0.23179598,1,1,254,174,180,180
A,2526,0.21543204,0.21654639,0.21598922,1,1,254,174,180,180
A,2527,0.23795784,0.21773020,0.22784402,1,1,254,174,180,180
A,2528,0.24586177,0.23438761,0.24012469,1,1,254,174,180,180
A,2529,0.25374685,0.25969164,0.25671924,1,1,254,174,180,180
A,2530,0.25200285,0.25953984,0.25577135,1,1,254,174,180,180
A,2531,0.26469765,0.26711137,0.26590451,1,1,254,174,180,180
A,2532,0.26953585,0.25800784,0.26377184,1,1,254,174,180,180
A,2533,0.28348121,0.25800784,0.27074453,1,1,254,174,180,180
A,2534,0.27845477,0.27520836,0.27683157,1,1,254,174,180,180
A,2535,0.26652950,0.29240889,0.27946919,1,1,254,174,180,180
A,2536,0.28348121,0.29240889,0.28794505,1,1,254,174,180,180
A,2537,0.26469765,0.27627923,0.27048844,1,1,254,174,180,180
A,2538,0.26652950,0.25953984,0.26303467,1,1,254,174,180,180
A,2539,0.26652950,0.27569820,0.27111385,1,1,254,174,180,180
A,2540,0.27845477,0.25800784,0.26823130,1,1,254,174,180,180
A,2541,0.26953585,0.27569820,0.27261703,1,1,254,174,180,180
A,2542,0.29488833,0.27569820,0.28529327,1,1,254,174,180,180
A,2543,0.26652950,0.24986122,0.25819536,1,1,254,174,180,180
A,2544,0.27845477,0.27569820,0.27707648,1,1,254,174,180,180
A,2545,0.26953585,0.25846706,0.26400146,1,1,254,174,180,180
A,2546,0.28544305,0.29292934,0.28918619,1,1,254,174,180,180
A,2547,0.28544305,0.29347975,0.28946140,1,1,254,174,180,180
A,2548,0.28544305,0.27627923,0.28086114,1,1,254,174,180,180
A,2549,0.28544305,0.27569820,0.28057062,1,1,254,174,180,180
A,2550,0.28348121,0.26711137,0.27529629,1,1,254,174,180,180
A,2551,0.28348121,0.27520836,0.27934479,1,1,254,174,180,180
A,2552,0.29661467,0.29240889,0.29451178,1,1,254,174,180,180
A,2553,0.28348121,0.28374112,0.28361117,1,1,254,174,180,180
A,2554,0.26469765,0.27569820,0.27019793,1,1,254,174,180,180
A,2555,0.28348121,0.29240889,0.28794505,1,1,254,174,180,180
A,2556,0.26768334,0.25923025,0.26345679,1,1,254,174,180,180
A,2557,0.26953585,0.26607604,0.26780594,1,1,254,174,180,180
A,2558,0.29178250,0.29292934,0.29235592,1,1,254,174,180,180
A,2559,0.29661467,0.29292934,0.29477200,1,1,254,174,180,180
A,2560,0.26953585,0.26651864,0.26802724,1,1,254,174,180,180
A,2561,0.29178250,0.27677097,0.28427674,1,1,254,174,180,180
A,2562,0.28243670,0.30025659,0.29134664,1,1,254,174,180,180
A,2563,0.28243670,0.29292934,0.28768302,1,1,254,174,180,180
A,2564,0.29488833,0.29400211,0.29444522,1,1,254,174,180,180
A,2565,0.29488833,0.29292934,0.29390884,1,1,254,174,180,180
A,2566,0.29488833,0.29400211,0.29444522,1,1,254,174,180,180
A,2567,0.28243670,0.27677097,0.27960384,1,1,254,174,180,180
A,2568,0.29211671,0.27569820,0.28390746,1,1,254,174,180,180
A,2569,0.30855027,0.27569820,0.29212424,1,1,254,174,180,180
A,2570,0.29211671,0.29292934,0.29252302,1,1,254,174,180,180
A,2571,0.31909289,0.31016048,0.31462668,1,1,254,174,180,180
A,2572,0.30135024,0.29336155,0.29735590,1,1,254,174,180,180
A,2573,0.29488833,0.29400211,0.29444522,1,1,254,174,180,180
A,2574,0.28964365,0.29347975,0.29156170,1,1,254,174,180,180
A,2575,0.28243670,0.29388370,0.28816020,1,1,254,174,180,180
A,2576,0.28243670,0.29240889,0.28742279,1,1,254,174,180,180
A,2577,0.31132190,0.27677097,0.29404644,1,1,254,174,180,180
A,2578,0.29272672,0.29336155,0.29304413,1,1,254,174,180,180
A,2579,0.24860996,0.23320381,0.24090688,1,1,254,174,180,180
A,2580,0.27189321,0.24986122,0.26087721,1,1,254,174,180,180
A,2581,0.28348121,0.29292934,0.28820527,1,1,254,174,180,180
A,2582,0.26953585,0.25104503,0.26029044,1,1,254,174,180,180
A,2583,0.26116013,0.26651864,0.26383938,1,1,254,174,180,180
A,2584,0.26953585,0.25104503,0.26029044,1,1,254,174,180,180
A,2585,0.25824720,0.26755569,0.26290145,1,1,254,174,180,180
A,2586,0.25374685,0.27569820,0.26472252,1,1,254,174,180,180
A,2587,0.26953585,0.26755569,0.26854577,1,1,254,174,180,180
A,2588,0.25824720,0.26755569,0.26290145,1,1,254,174,180,180
A,2589,0.25374685,0.25793035,0.25583860,1,1,254,174,180,180
A,2590,0.27657302,0.26651864,0.27154583,1,1,254,174,180,180
A,2591,0.26953585,0.25846706,0.26400146,1,1,254,174,180,180
A,2592,0.28348121,0.28421311,0.28384716,1,1,254,174,180,180
A,2593,0.28348121,0.28270579,0.28309350,1,1,254,174,180,180
A,2594,0.26652950,0.24986122,0.25819536,1,1,254,174,180,180
A,2595,0.26116013,0.26814670,0.26465342,1,1,254,174,180,180
A,2596,0.26953585,0.27569820,0.27261703,1,1,254,174,180,180
A,2597,0.26953585,0.25846706,0.26400146,1,1,254,174,180,180
A,2598,0.25074049,0.26651864,0.25862957,1,1,254,174,180,180
A,2599,0.25033047,0.24986122,0.25009585,1,1,254,174,180,180
A,2600,0.25374685,0.24986122,0.25180403,1,1,254,174,180,180
A,2601,0.25374685,0.24281334,0.24828009,1,1,254,174,180,180
A,2602,0.26953585,0.25089828,0.26021706,1,1,254,174,180,180
A,2603,0.25074049,0.24986122,0.25030086,1,1,254,174,180,180
A,2604,0.25947395,0.25793035,0.25870215,1,1,254,174,180,180
A,2605,0.25374685,0.26755569,0.26065127,1,1,254,174,180,180
A,2606,0.27251672,0.25800784,0.26526228,1,1,254,174,180,180
A,2607,0.23795784,0.24123593,0.23959688,1,1,254,174,180,180
A,2608,0.24255155,0.25846706,0.25050931,1,1,254,174,180,180
A,2609,0.25033047,0.26755569,0.25894308,1,1,254,174,180,180
A,2610,0.25200285,0.24986122,0.25093204,1,1,254,174,180,180
A,2611,0.24427436,0.23320381,0.23873908,1,1,254,174,180,180
A,2612,0.27189321,0.26711137,0.26950229,1,1,254,174,180,180
A,2613,0.24860996,0.25752911,0.25306953,1,1,254,174,180,180
A,2614,0.28049552,0.26607604,0.27328578,1,1,254,174,180,180
A,2615,0.28243670,0.25893399,0.27068534,1,1,254,174,180,180
A,2616,0.29010070,0.25752911,0.27381491,1,1,254,174,180,180
A,2617,0.27220463,0.25752911,0.26486687,1,1,254,174,180,180
A,2618,0.28544305,0.26711137,0.27627721,1,1,254,174,180,180
A,2619,0.26768334,0.25752911,0.26260623,1,1,254,174,180,180
A,2620,0.28348121,0.28270579,0.28309350,1,1,254,174,180,180
A,2621,0.28081680,0.26607604,0.27344642,1,1,254,174,180,180
A,2622,0.29927908,0.26607604,0.28267756,1,1,254,174,180,180
A,2623,0.28348121,0.25752911,0.27050516,1,1,254,174,180,180
A,2624,0.29927908,0.26711137,0.28319522,1,1,254,174,180,180
A,2625,0.28348121,0.29347975,0.28848048,1,1,254,174,180,180
A,2626,0.29927908,0.29933554,0.29930731,1,1,254,174,180,180
A,2627,0.29661467,0.28362684,0.29012075,1,1,254,174,180,180
A,2628,0.30135024,0.26859274,0.28497149,1,1,254,174,180,180
A,2629,0.29927908,0.29933554,0.29930731,1,1,254,174,180,180
A,2630,0.29661467,0.26607604,0.28134535,1,1,254,174,180,180
A,2631,0.28348121,0.26607604,0.27477862,1,1,254,174,180,180
A,2632,0.26953585,0.27520836,0.27237211,1,1,254,174,180,180
A,2633,0.26953585,0.27520836,0.27237211,1,1,254,174,180,180
A,2634,0.26652950,0.27627923,0.27140436,1,1,254,174,180,180
A,2635,0.26953585,0.28362684,0.27658134,1,1,254,174,180,180
A,2636,0.28544305,0.28409863,0.28477084,1,1,254,174,180,180
A,2637,0.26953585,0.28270579,0.27612082,1,1,254,174,180,180
A,2638,0.28544305,0.30075605,0.29309955,1,1,254,174,180,180
A,2639,0.28544305,0.31111483,0.29827894,1,1,254,174,180,180
A,2640,0.30135024,0.29933554,0.30034289,1,1,254,174,180,180
A,2641,0.29488833,0.29292934,0.29390884,1,1,254,174,180,180
A,2642,0.30135024,0.27627923,0.28881474,1,1,254,174,180,180
A,2643,0.27845477,0.28270579,0.28058028,1,1,254,174,180,180
A,2644,0.26953585,0.28317605,0.27635595,1,1,254,174,180,180
A,2645,0.30903982,0.29933554,0.30418768,1,1,254,174,180,180
A,2646,0.28544305,0.29933554,0.29238929,1,1,254,174,180,180
A,2647,0.29927908,0.31596530,0.30762219,1,1,254,174,180,180
A,2648,0.30549528,0.29851115,0.30200321,1,1,254,174,180,180
A,2649,0.28831459,0.28270579,0.28551019,1,1,254,174,180,180
A,2650,0.26953585,0.27569820,0.27261703,1,1,254,174,180,180
A,2651,0.24098552,0.26607604,0.25353078,1,1,254,174,180,180
A,2652,0.23632237,0.23281653,0.23456945,1,1,254,174,180,180
A,2653,0.26469765,0.23438761,0.24954263,1,1,254,174,180,180
A,2654,0.28544305,0.26607604,0.27575954,1,1,254,174,180,180
A,2655,0.26116013,0.26755569,0.26435791,1,1,254,174,180,180
A,2656,0.26469765,0.26607604,0.26538685,1,1,254,174,180,180
A,2657,0.26953585,0.24180971,0.25567278,1,1,254,174,180,180
A,2658,0.28049552,0.28421311,0.28235431,1,1,254,174,180,180
A,2659,0.29661467,0.25752911,0.27707189,1,1,254,174,180,180
A,2660,0.28348121,0.28317605,0.28332863,1,1,254,174,180,180
A,2661,0.28493531,0.26549540,0.27521535,1,1,254,174,180,180
A,2662,0.24427436,0.22533797,0.23480617,1,1,254,174,180,180
A,2663,0.24860996,0.24281334,0.24571165,1,1,254,174,180,180
A,2664,0.25033047,0.24395900,0.24714473,1,1,254,174,180,180
A,2665,0.25033047,0.24180971,0.24607009,1,1,254,174,180,180
A,2666,0.23292947,0.23320381,0.23306664,1,1,254,174,180,180
A,2667,0.23632237,0.22683472,0.23157854,1,1,254,174,180,180
A,2668,0.28243670,0.29017165,0.28630417,1,1,254,174,180,180
A,2669,0.25374685,0.22568906,0.23971795,1,1,254,174,180,180
A,2670,0.26116013,0.24987802,0.25551908,1,1,254,174,180,180
A,2671,0.26469765,0.25793035,0.26131400,1,1,254,174,180,180
A,2672,0.25033047,0.22533797,0.23783422,1,1,254,174,180,180
A,2673,0.25947395,0.24180971,0.25064183,1,1,254,174,180,180
A,2674,0.24586177,0.22533797,0.23559987,1,1,254,174,180,180
A,2675,0.26469765,0.25893399,0.26181582,1,1,254,174,180,180
A,2676,0.25374685,0.22568906,0.23971795,1,1,254,174,180,180
A,2677,0.23292947,0.23320381,0.23306664,1,1,254,174,180,180
A,2678,0.24860996,0.24180971,0.24520983,1,1,254,174,180,180
A,2679,0.26768334,0.24395900,0.25582117,1,1,254,174,180,180
A,2680,0.24230242,0.25089828,0.24660035,1,1,254,174,180,180
A,2681,0.23632237,0.25104503,0.24368370,1,1,254,174,180,180
A,2682,0.27845477,0.24986122,0.26415799,1,1,254,174,180,180
A,2683,0.25033047,0.26651864,0.25842455,1,1,254,174,180,180
A,2684,0.24255155,0.24986122,0.24620639,1,1,254,174,180,180
A,2685,0.23454147,0.24986122,0.24220134,1,1,254,174,180,180
A,2686,0.23454147,0.23320381,0.23387264,1,1,254,174,180,180
A,2687,0.24255155,0.26651864,0.25453509,1,1,254,174,180,180
A,2688,0.25861388,0.23320381,0.24590884,1,1,254,174,180,180
A,2689,0.24294884,0.24180971,0.24237927,1,1,254,174,180,180
A,2690,0.24901717,0.23281653,0.24091685,1,1,254,174,180,180
A,2691,0.23292947,0.21654639,0.22473793,1,1,254,174,180,180
A,2692,0.23454147,0.23320381,0.23387264,1,1,254,174,180,180
A,2693,0.21838958,0.23320381,0.22579670,1,1,254,174,180,180
A,2694,0.22725319,0.20956841,0.21841080,1,1,254,174,180,180
A,2695,0.23056340,0.22568906,0.22812623,1,1,254,174,180,180
A,2696,0.23454147,0.25104503,0.24279325,1,1,254,174,180,180
A,2697,0.23454147,0.24180971,0.23817559,1,1,254,174,180,180
A,2698,0.23795784,0.21654639,0.22725212,1,1,254,174,180,180
A,2699,0.25074049,0.23320381,0.24197215,1,1,254,174,180,180
A,2700,0.22394297,0.24295537,0.23344917,1,1,254,174,180,180
A,2701,0.22725319,0.25893399,0.24309359,1,1,254,174,180,180
A,2702,0.24255155,0.22695271,0.23475213,1,1,254,174,180,180
A,2703,0.15705871,0.15926661,0.15816266,1,1,254,174,180,180
A,2704,0.13200038,0.14217218,0.13708628,1,1,254,174,180,180
A,2705,0.13269065,0.12121212,0.12695139,1,1,254,174,180,180
A,2706,0.16185156,0.13636364,0.14910760,1,1,254,174,180,180
A,2707,0.19647186,0.18432614,0.19039900,1,1,254,174,180,180
A,2708,0.15661515,0.16129032,0.15895273,1,1,254,174,180,180
A,2709,0.21212183,0.20431843,0.20822013,1,1,254,174,180,180
A,2710,0.19647186,0.17732712,0.18689949,1,1,254,174,180,180
A,2711,0.19647186,0.19354839,0.19501012,1,1,254,174,180,180
A,2712,0.19264303,0.17875424,0.18569864,1,1,254,174,180,180
A,2713,0.19054388,0.19488327,0.19271357,1,1,254,174,180,180
A,2714,0.19647186,0.19354839,0.19501012,1,1,254,174,180,180
A,2715,0.19264303,0.19354839,0.19309571,1,1,254,174,180,180
A,2716,0.20030068,0.19488327,0.19759198,1,1,254,174,180,180
A,2717,0.21278028,0.18740851,0.20009440,1,1,254,174,180,180
A,2718,0.19647186,0.19354839,0.19501012,1,1,254,174,180,180
A,2719,0.21160322,0.20967742,0.21064032,1,1,254,174,180,180
A,2720,0.20030068,0.16129032,0.18079550,1,1,254,174,180,180
A,2721,0.19756475,0.19478195,0.19617335,1,1,254,174,180,180
A,2722,0.22394297,0.23320381,0.22857339,1,1,254,174,180,180
A,2723,0.23593191,0.23320381,0.23456786,1,1,254,174,180,180
A,2724,0.23593191,0.23333333,0.23463262,1,1,254,174,180,180
A,2725,0.23593191,0.22683472,0.23138331,1,1,254,174,180,180
A,2726,0.23056340,0.22568906,0.22812623,1,1,254,174,180,180
A,2727,0.25374685,0.23320381,0.24347533,1,1,254,174,180,180
A,2728,0.23454147,0.22683472,0.23068809,1,1,254,174,180,180
A,2729,0.25374685,0.23320381,0.24347533,1,1,254,174,180,180
A,2730,0.24586177,0.22568906,0.23577541,1,1,254,174,180,180
A,2731,0.23454147,0.23320381,0.23387264,1,1,254,174,180,180
A,2732,0.26652950,0.23320381,0.24986665,1,1,254,174,180,180
A,2733,0.26116013,0.24295537,0.25205775,1,1,254,174,180,180
A,2734,0.25033047,0.23438761,0.24235904,1,1,254,174,180,180
A,2735,0.24427436,0.24357949,0.24392693,1,1,254,174,180,180
A,2736,0.25374685,0.24180971,0.24777828,1,1,254,174,180,180
A,2737,0.24294884,0.22568906,0.23431895,1,1,254,174,180,180
A,2738,0.25033047,0.23320381,0.24176714,1,1,254,174,180,180
A,2739,0.25374685,0.24180971,0.24777828,1,1,254,174,180,180
A,2740,0.24255155,0.23320381,0.23787768,1,1,254,174,180,180
A,2741,0.22725319,0.22568906,0.22647112,1,1,254,174,180,180
A,2742,0.23184593,0.24281334,0.23732964,1,1,254,174,180,180
A,2743,0.25824720,0.24180971,0.25002845,1,1,254,174,180,180
A,2744,0.26953585,0.27569820,0.27261703,1,1,254,174,180,180
A,2745,0.25374685,0.23320381,0.24347533,1,1,254,174,180,180
A,2746,0.25374685,0.25000000,0.25187342,1,1,254,174,180,180
A,2747,0.26953585,0.26755569,0.26854577,1,1,254,174,180,180
A,2748,0.26652950,0.25752911,0.26202930,1,1,254,174,180,180
A,2749,0.26953585,0.24986122,0.25969853,1,1,254,174,180,180
A,2750,0.26415910,0.26651864,0.26533887,1,1,254,174,180,180
A,2751,0.23795784,0.23320381,0.23558082,1,1,254,174,180,180
A,2752,0.23454147,0.23451780,0.23452963,1,1,254,174,180,180
A,2753,0.22234120,0.23451780,0.22842950,1,1,254,174,180,180
A,2754,0.22725319,0.24986122,0.23855720,1,1,254,174,180,180
A,2755,0.22234120,0.19988898,0.21111509,1,1,254,174,180,180
A,2756,0.23056340,0.23320381,0.23188360,1,1,254,174,180,180
A,2757,0.23292947,0.22400479,0.22846713,1,1,254,174,180,180
A,2758,0.21543204,0.21654639,0.21598922,1,1,254,174,180,180
A,2759,0.24427436,0.22648185,0.23537810,1,1,254,174,180,180
A,2760,0.23454147,0.25089828,0.24271987,1,1,254,174,180,180
A,2761,0.22234120,0.22648185,0.22441153,1,1,254,174,180,180
A,2762,0.22725319,0.20956841,0.21841080,1,1,254,174,180,180
A,2763,0.24586177,0.20956841,0.22771509,1,1,254,174,180,180
A,2764,0.24901717,0.24243562,0.24572639,1,1,254,174,180,180
A,2765,0.24255155,0.25893399,0.25074277,1,1,254,174,180,180
A,2766,0.22725319,0.25793035,0.24259177,1,1,254,174,180,180
A,2767,0.23454147,0.24180971,0.23817559,1,1,254,174,180,180
A,2768,0.22725319,0.21654639,0.22189979,1,1,254,174,180,180
A,2769,0.22725319,0.23320381,0.23022850,1,1,254,174,180,180
A,2770,0.22725319,0.22669269,0.22697294,1,1,254,174,180,180
A,2771,0.21160322,0.23320381,0.22240351,1,1,254,174,180,180
A,2772,0.23795784,0.23320381,0.23558082,1,1,254,174,180,180
A,2773,0.21160322,0.21666667,0.21413494,1,1,254,174,180,180
A,2774,0.23454147,0.21654639,0.22554393,1,1,254,174,180,180
A,2775,0.22725319,0.23451780,0.23088549,1,1,254,174,180,180
A,2776,0.22725319,0.22568906,0.22647112,1,1,254,174,180,180
A,2777,0.24098552,0.21654639,0.22876596,1,1,254,174,180,180
A,2778,0.23454147,0.23320381,0.23387264,1,1,254,174,180,180
A,2779,0.23112509,0.21654639,0.22383574,1,1,254,174,180,180
A,2780,0.23454147,0.22683472,0.23068809,1,1,254,174,180,180
A,2781,0.24901717,0.23320381,0.24111049,1,1,254,174,180,180
A,2782,0.23454147,0.21654639,0.22554393,1,1,254,174,180,180
A,2783,0.22578593,0.23320381,0.22949487,1,1,254,174,180,180
A,2784,0.20530376,0.20689655,0.20610015,1,1,254,174,180,180
A,2785,0.22081306,0.20126759,0.21104033,1,1,254,174,180,180
A,2786,0.23795784,0.20126759,0.21961272,1,1,254,174,180,180
A,2787,0.24901717,0.26651864,0.25776790,1,1,254,174,180,180
A,2788,0.26652950,0.23320381,0.24986665,1,1,254,174,180,180
A,2789,0.26768334,0.25969164,0.26368749,1,1,254,174,180,180
A,2790,0.26469765,0.24986122,0.25727944,1,1,254,174,180,180
A,2791,0.25200285,0.24986122,0.25093204,1,1,254,174,180,180
A,2792,0.27478733,0.28362684,0.27920708,1,1,254,174,180,180
A,2793,0.26953585,0.28270579,0.27612082,1,1,254,174,180,180
A,2794,0.26768334,0.24986122,0.25877228,1,1,254,174,180,180
A,2795,0.16601873,0.16987297,0.16794585,1,1,254,174,180,180
A,2796,0.15140251,0.16129032,0.15634642,1,1,254,174,180,180
A,2797,0.10776579,0.11488880,0.11132730,1,1,254,174,180,180
A,2798,0.17601962,0.15205176,0.16403569,1,1,254,174,180,180
A,2799,0.26116013,0.26607604,0.26361808,1,1,254,174,180,180
A,2800,0.29198591,0.30869744,0.30034168,1,1,254,174,180,180
A,2801,0.32470144,0.34385251,0.33427697,1,1,254,174,180,180
A,2802,0.32681149,0.35080855,0.33881002,1,1,254,174,180,180
A,2803,0.31516072,0.34299716,0.32907894,1,1,254,174,180,180
A,2804,0.33497453,0.33333331,0.33415392,1,1,254,174,180,180
A,2805,0.31516072,0.36100237,0.33808155,1,1,254,174,180,180
A,2806,0.32470144,0.34401046,0.33435595,1,1,254,174,180,180
A,2807,0.32470144,0.34984239,0.33727191,1,1,254,174,180,180
A,2808,0.33729273,0.36199120,0.34964197,1,1,254,174,180,180
A,2809,0.29927908,0.31056207,0.30492057,1,1,254,174,180,180
A,2810,0.31275592,0.29942966,0.30609279,1,1,254,174,180,180
A,2811,0.29395026,0.31056207,0.30225616,1,1,254,174,180,180
A,2812,0.29927908,0.29933554,0.29930731,1,1,254,174,180,180
A,2813,0.26768334,0.27520836,0.27144585,1,1,254,174,180,180
A,2814,0.27534894,0.27520836,0.27527865,1,1,254,174,180,180
A,2815,0.28049552,0.27520836,0.27785194,1,1,254,174,180,180
A,2816,0.27366009,0.27627923,0.27496966,1,1,254,174,180,180
A,2817,0.26953585,0.27627923,0.27290754,1,1,254,174,180,180
A,2818,0.27534894,0.27520836,0.27527865,1,1,254,174,180,180
A,2819,0.24427436,0.24944629,0.24686032,1,1,254,174,180,180
A,2820,0.26768334,0.27520836,0.27144585,1,1,254,174,180,180
A,2821,0.26953585,0.25048162,0.26000873,1,1,254,174,180,180
A,2822,0.26652950,0.24986122,0.25819536,1,1,254,174,180,180
A,2823,0.26953585,0.25846706,0.26400146,1,1,254,174,180,180
A,2824,0.28544305,0.24986122,0.26765213,1,1,254,174,180,180
A,2825,0.16694222,0.16288741,0.16491482,1,1,254,174,180,180
A,2826,0.16284719,0.14508582,0.15396651,1,1,254,174,180,180
A,2827,0.12306529,0.14668208,0.13487369,1,1,254,174,180,180
A,2828,0.13749307,0.11290323,0.12519815,1,1,254,174,180,180
A,2829,0.16694222,0.14055639,0.15374931,1,1,254,174,180,180
A,2830,0.15156077,0.13101783,0.14128930,1,1,254,174,180,180
A,2831,0.16694222,0.16288741,0.16491482,1,1,254,174,180,180
A,2832,0.21212183,0.20000000,0.20606091,1,1,254,174,180,180
A,2833,0.20030068,0.22543089,0.21286578,1,1,254,174,180,180
A,2834,0.26116013,0.24281334,0.25198674,1,1,254,174,180,180
A,2835,0.20277295,0.22543089,0.21410192,1,1,254,174,180,180
A,2836,0.20795010,0.20819975,0.20807492,1,1,254,174,180,180
A,2837,0.23454147,0.23320381,0.23387264,1,1,254,174,180,180
A,2838,0.20277295,0.21666667,0.20971981,1,1,254,174,180,180
A,2839,0.23593191,0.21792501,0.22692846,1,1,254,174,180,180
A,2840,0.22022269,0.19988898,0.21005583,1,1,254,174,180,180
A,2841,0.19756475,0.20000000,0.19878238,1,1,254,174,180,180
A,2842,0.23184593,0.22522937,0.22853765,1,1,254,174,180,180
A,2843,0.23184593,0.20000000,0.21592297,1,1,254,174,180,180
A,2844,0.19756475,0.20000000,0.19878238,1,1,254,174,180,180
A,2845,0.17235893,0.20137938,0.18686915,1,1,254,174,180,180
A,2846,0.20397505,0.19354839,0.19876172,1,1,254,174,180,180
A,2847,0.19756475,0.20137938,0.19947207,1,1,254,174,180,180
A,2848,0.20397505,0.18488097,0.19442801,1,1,254,174,180,180
A,2849,0.19756475,0.20000000,0.19878238,1,1,254,174,180,180
A,2850,0.20000001,0.21666667,0.20833334,1,1,254,174,180,180
A,2851,0.22851730,0.20956841,0.21904286,1,1,254,174,180,180
A,2852,0.19756475,0.19988898,0.19872687,1,1,254,174,180,180
A,2853,0.20141488,0.20677365,0.20409426,1,1,254,174,180,180
A,2854,0.19137209,0.20819975,0.19978592,1,1,254,174,180,180
A,2855,0.20795010,0.20126759,0.20460885,1,1,254,174,180,180
A,2856,0.19756475,0.18954251,0.19355363,1,1,254,174,180,180
A,2857,0.23593191,0.20819975,0.22206583,1,1,254,174,180,180
A,2858,0.19756475,0.18323156,0.19039816,1,1,254,174,180,180
A,2859,0.22394297,0.19344776,0.20869537,1,1,254,174,180,180
A,2860,0.21543204,0.19988898,0.20766051,1,1,254,174,180,180
A,2861,0.20277295,0.18954251,0.19615773,1,1,254,174,180,180
A,2862,0.19264303,0.17732712,0.18498508,1,1,254,174,180,180
A,2863,0.20397505,0.19988898,0.20193202,1,1,254,174,180,180
A,2864,0.19371463,0.18323156,0.18847310,1,1,254,174,180,180
A,2865,0.21160322,0.19344776,0.20252549,1,1,254,174,180,180
A,2866,0.19527302,0.19344776,0.19436039,1,1,254,174,180,180
A,2867,0.19756475,0.18323156,0.19039816,1,1,254,174,180,180
A,2868,0.19371463,0.16794419,0.18082941,1,1,254,174,180,180
A,2869,0.21278028,0.21618678,0.21448353,1,1,254,174,180,180
A,2870,0.19756475,0.18323156,0.19039816,1,1,254,174,180,180
A,2871,0.19756475,0.19988898,0.19872687,1,1,254,174,180,180
A,2872,0.22725319,0.19344776,0.21035047,1,1,254,174,180,180
A,2873,0.21892483,0.19988898,0.20940690,1,1,254,174,180,180
A,2874,0.19647186,0.18323156,0.18985171,1,1,254,174,180,180
A,2875,0.17134315,0.17866131,0.17500223,1,1,254,174,180,180
A,2876,0.17235893,0.16666667,0.16951280,1,1,254,174,180,180
A,2877,0.19647186,0.18488097,0.19067642,1,1,254,174,180,180
A,2878,0.20672457,0.20000000,0.20336228,1,1,254,174,180,180
A,2879,0.21838958,0.20000000,0.20919479,1,1,254,174,180,180
A,2880,0.17706530,0.16666667,0.17186598,1,1,254,174,180,180
A,2881,0.20670070,0.20689655,0.20679862,1,1,254,174,180,180
A,2882,0.20277295,0.18323156,0.19300225,1,1,254,174,180,180
A,2883,0.19137209,0.17241379,0.18189294,1,1,254,174,180,180
A,2884,0.17601962,0.16657415,0.17129688,1,1,254,174,180,180
A,2885,0.21838958,0.19988898,0.20913928,1,1,254,174,180,180
A,2886,0.22234120,0.20677365,0.21455743,1,1,254,174,180,180
A,2887,0.18669562,0.20689655,0.19679609,1,1,254,174,180,180
A,2888,0.22234120,0.19988898,0.21111509,1,1,254,174,180,180
A,2889,0.20277295,0.19988898,0.20133096,1,1,254,174,180,180
A,2890,0.21160322,0.20126759,0.20643540,1,1,254,174,180,180
A,2891,0.21543204,0.19988898,0.20766051,1,1,254,174,180,180
A,2892,0.23056340,0.21654639,0.22355490,1,1,254,174,180,180
A,2893,0.20829300,0.19988898,0.20409099,1,1,254,174,180,180
A,2894,0.21160322,0.20126759,0.20643540,1,1,254,174,180,180
A,2895,0.21278028,0.19955703,0.20616866,1,1,254,174,180,180
A,2896,0.21212183,0.22568906,0.21890544,1,1,254,174,180,180
A,2897,0.22725319,0.23281653,0.23003486,1,1,254,174,180,180
A,2898,0.19647186,0.21792501,0.20719843,1,1,254,174,180,180
A,2899,0.19882132,0.20924240,0.20403186,1,1,254,174,180,180
A,2900,0.21160322,0.20924240,0.21042281,1,1,254,174,180,180
A,2901,0.19647186,0.19314683,0.19480935,1,1,254,174,180,180
A,2902,0.20277295,0.19988898,0.20133096,1,1,254,174,180,180
A,2903,0.20672457,0.22400479,0.21536468,1,1,254,174,180,180
A,2904,0.20030068,0.19447895,0.19738982,1,1,254,174,180,180
A,2905,0.20672457,0.21910881,0.21291669,1,1,254,174,180,180
A,2906,0.20397505,0.21756310,0.21076908,1,1,254,174,180,180
A,2907,0.19647186,0.19988898,0.19818042,1,1,254,174,180,180
A,2908,0.22969846,0.22400479,0.22685162,1,1,254,174,180,180
A,2909,0.23454147,0.21654639,0.22554393,1,1,254,174,180,180
A,2910,0.23936854,0.23320381,0.23628617,1,1,254,174,180,180
A,2911,0.23795784,0.20819975,0.22307879,1,1,254,174,180,180
A,2912,0.23795784,0.21654639,0.22725212,1,1,254,174,180,180
A,2913,0.23056340,0.21618678,0.22337509,1,1,254,174,180,180
A,2914,0.23795784,0.22482920,0.23139352,1,1,254,174,180,180
A,2915,0.20277295,0.24123593,0.22200444,1,1,254,174,180,180
A,2916,0.22725319,0.23320381,0.23022850,1,1,254,174,180,180
A,2917,0.22851730,0.23281653,0.23066692,1,1,254,174,180,180
A,2918,0.21838958,0.21654639,0.21746799,1,1,254,174,180,180
A,2919,0.19647186,0.21654639,0.20650913,1,1,254,174,180,180
A,2920,0.21838958,0.23320381,0.22579670,1,1,254,174,180,180
A,2921,0.20277295,0.22400479,0.21338887,1,1,254,174,180,180
A,2922,0.21160322,0.22568906,0.21864614,1,1,254,174,180,180
A,2923,0.20672457,0.23320381,0.21996419,1,1,254,174,180,180
A,2924,0.21838958,0.21773020,0.21805989,1,1,254,174,180,180
A,2925,0.19264303,0.20956841,0.20110572,1,1,254,174,180,180
A,2926,0.20672457,0.22360680,0.21516568,1,1,254,174,180,180
A,2927,0.20277295,0.21654639,0.20965967,1,1,254,174,180,180
A,2928,0.21838958,0.23320381,0.22579670,1,1,254,174,180,180
A,2929,0.22234120,0.21618678,0.21926399,1,1,254,174,180,180
A,2930,0.20672457,0.23438761,0.22055609,1,1,254,174,180,180
A,2931,0.20277295,0.23438761,0.21858028,1,1,254,174,180,180
A,2932,0.23056340,0.23438761,0.23247551,1,1,254,174,180,180
A,2933,0.24586177,0.25048162,0.24817169,1,1,254,174,180,180
A,2934,0.26652950,0.23320381,0.24986665,1,1,254,174,180,180
A,2935,0.22616903,0.22400479,0.22508691,1,1,254,174,180,180
A,2936,0.24583185,0.22400479,0.23491832,1,1,254,174,180,180
A,2937,0.23593191,0.21654639,0.22623915,1,1,254,174,180,180
A,2938,0.23936854,0.23320381,0.23628617,1,1,254,174,180,180
A,2939,0.23056340,0.23320381,0.23188360,1,1,254,174,180,180
A,2940,0.24738821,0.24080732,0.24409776,1,1,254,174,180,180
A,2941,0.23795784,0.25923025,0.24859404,1,1,254,174,180,180
A,2942,0.23795784,0.25800784,0.24798284,1,1,254,174,180,180
A,2943,0.23795784,0.22360680,0.23078232,1,1,254,174,180,180
A,2944,0.23593191,0.21618678,0.22605934,1,1,254,174,180,180
A,2945,0.23936854,0.23281653,0.23609254,1,1,254,174,180,180
A,2946,0.23454147,0.25846706,0.24650427,1,1,254,174,180,180
A,2947,0.21838958,0.21654639,0.21746799,1,1,254,174,180,180
A,2948,0.23454147,0.24944629,0.24199388,1,1,254,174,180,180
A,2949,0.22969846,0.23320381,0.23145113,1,1,254,174,180,180
A,2950,0.23454147,0.24123593,0.23788870,1,1,254,174,180,180
A,2951,0.22234120,0.22400479,0.22317300,1,1,254,174,180,180
A,2952,0.21838958,0.24123593,0.22981276,1,1,254,174,180,180
A,2953,0.23795784,0.22400479,0.23098132,1,1,254,174,180,180
A,2954,0.22616903,0.23320381,0.22968642,1,1,254,174,180,180
A,2955,0.22969846,0.23320381,0.23145113,1,1,254,174,180,180
A,2956,0.22234120,0.20819975,0.21527048,1,1,254,174,180,180
A,2957,0.21892483,0.23320381,0.22606432,1,1,254,174,180,180
A,2958,0.23593191,0.21654639,0.22623915,1,1,254,174,180,180
A,2959,0.20277295,0.19955703,0.20116499,1,1,254,174,180,180
A,2960,0.19882132,0.19988898,0.19935515,1,1,254,174,180,180
A,2961,0.20142035,0.16666667,0.18404351,1,1,254,174,180,180
A,2962,0.17235893,0.18636304,0.17936098,1,1,254,174,180,180
A,2963,0.19756475,0.18323156,0.19039816,1,1,254,174,180,180
A,2964,0.19756475,0.17741935,0.18749205,1,1,254,174,180,180
A,2965,0.21160322,0.19955703,0.20558012,1,1,254,174,180,180
A,2966,0.19756475,0.19344776,0.19550626,1,1,254,174,180,180
A,2967,0.19378727,0.19354839,0.19366783,1,1,254,174,180,180
A,2968,0.20795010,0.18323156,0.19559083,1,1,254,174,180,180
A,2969,0.20000001,0.17732712,0.18866356,1,1,254,174,180,180
A,2970,0.16148757,0.17866131,0.17007444,1,1,254,174,180,180
A,2971,0.17805025,0.17732712,0.17768868,1,1,254,174,180,180
A,2972,0.20141488,0.19344776,0.19743132,1,1,254,174,180,180
A,2973,0.19647186,0.19344776,0.19495981,1,1,254,174,180,180
A,2974,0.21497321,0.19988898,0.20743109,1,1,254,174,180,180
A,2975,0.19756475,0.21654639,0.20705557,1,1,254,174,180,180
A,2976,0.21497321,0.19988898,0.20743109,1,1,254,174,180,180
A,2977,0.18780241,0.18954251,0.18867246,1,1,254,174,180,180
A,2978,0.22969846,0.21654639,0.22312242,1,1,254,174,180,180
A,2979,0.23454147,0.23438761,0.23446454,1,1,254,174,180,180
A,2980,0.23454147,0.24123593,0.23788870,1,1,254,174,180,180
A,2981,0.23454147,0.24123593,0.23788870,1,1,254,174,180,180
A,2982,0.23454147,0.24123593,0.23788870,1,1,254,174,180,180
A,2983,0.23454147,0.24123593,0.23788870,1,1,254,174,180,180
A,2984,0.22725319,0.23399837,0.23062578,1,1,254,174,180,180
A,2985,0.25861388,0.25800784,0.25831086,1,1,254,174,180,180
A,2986,0.25033047,0.22568906,0.23800976,1,1,254,174,180,180
A,2987,0.25033047,0.23320381,0.24176714,1,1,254,174,180,180
A,2988,0.24583185,0.24123593,0.24353389,1,1,254,174,180,180
A,2989,0.23454147,0.23281653,0.23367900,1,1,254,174,180,180
A,2990,0.23454147,0.25089828,0.24271987,1,1,254,174,180,180
A,2991,0.26652950,0.26755569,0.26704259,1,1,254,174,180,180
A,2992,0.24230242,0.24123593,0.24176917,1,1,254,174,180,180
A,2993,0.25374685,0.24986122,0.25180403,1,1,254,174,180,180
A,2994,0.24583185,0.24123593,0.24353389,1,1,254,174,180,180
A,2995,0.22969846,0.24123593,0.23546719,1,1,254,174,180,180
A,2996,0.24230242,0.24123593,0.24176917,1,1,254,174,180,180
A,2997,0.23454147,0.25800784,0.24627465,1,1,254,174,180,180
A,2998,0.23454147,0.24246051,0.23850099,1,1,254,174,180,180
A,2999,0.23795784,0.23438761,0.23617273,1,1,254,174,180,180
A,3000,0.23795784,0.21792501,0.22794142,1,1,254,174,180,180
A,3001,0.22725319,0.21654639,0.22189979,1,1,254,174,180,180
A,3002,0.22234120,0.24123593,0.23178857,1,1,254,174,180,180
A,3003,0.20397505,0.20126759,0.20262132,1,1,254,174,180,180
A,3004,0.21968427,0.24123593,0.23046010,1,1,254,174,180,180
A,3005,0.21892483,0.21654639,0.21773561,1,1,254,174,180,180
A,3006,0.23056340,0.23438761,0.23247551,1,1,254,174,180,180
A,3007,0.21892483,0.23320381,0.22606432,1,1,254,174,180,180
A,3008,0.24230242,0.21654639,0.22942441,1,1,254,174,180,180
A,3009,0.21892483,0.23438761,0.22665622,1,1,254,174,180,180
A,3010,0.23936854,0.21654639,0.22795747,1,1,254,174,180,180
A,3011,0.20795010,0.21654639,0.21224825,1,1,254,174,180,180
A,3012,0.21838958,0.22683472,0.22261215,1,1,254,174,180,180
A,3013,0.24586177,0.22568906,0.23577541,1,1,254,174,180,180
A,3014,0.24255155,0.23320381,0.23787768,1,1,254,174,180,180
A,3015,0.22725319,0.21773020,0.22249169,1,1,254,174,180,180
A,3016,0.23795784,0.23570226,0.23683005,1,1,254,174,180,180
A,3017,0.23454147,0.23320381,0.23387264,1,1,254,174,180,180
A,3018,0.21212183,0.20924240,0.21068211,1,1,254,174,180,180
A,3019,0.21278028,0.22568906,0.21923467,1,1,254,174,180,180
A,3020,0.23795784,0.23320381,0.23558082,1,1,254,174,180,180
A,3021,0.22725319,0.21654639,0.22189979,1,1,254,174,180,180
A,3022,0.17235893,0.18498366,0.17867129,1,1,254,174,180,180
A,3023,0.14130490,0.11666667,0.12898578,1,1,254,174,180,180
A,3024,0.12862299,0.11129852,0.11996075,1,1,254,174,180,180
A,3025,0.13269065,0.11124422,0.12196743,1,1,254,174,180,180
A,3026,0.11126242,0.09933990,0.10530116,1,1,254,174,180,180
A,3027,0.17235893,0.17401760,0.17318826,1,1,254,174,180,180
A,3028,0.20540031,0.24123593,0.22331812,1,1,254,174,180,180
A,3029,0.23795784,0.24986122,0.24390953,1,1,254,174,180,180
A,3030,0.25033047,0.24944629,0.24988838,1,1,254,174,180,180
A,3031,0.23795784,0.25048162,0.24421973,1,1,254,174,180,180
A,3032,0.26214331,0.26711137,0.26462734,1,1,254,174,180,180
A,3033,0.28544305,0.26651864,0.27598084,1,1,254,174,180,180
A,3034,0.25903748,0.25923025,0.25913386,1,1,254,174,180,180
A,3035,0.25374685,0.27569820,0.26472252,1,1,254,174,180,180
A,3036,0.25374685,0.25800784,0.25587734,1,1,254,174,180,180
A,3037,0.25861388,0.26607604,0.26234496,1,1,254,174,180,180
A,3038,0.26810958,0.25800784,0.26305871,1,1,254,174,180,180
A,3039,0.23795784,0.25800784,0.24798284,1,1,254,174,180,180
A,3040,0.27641362,0.27520836,0.27581099,1,1,254,174,180,180
A,3041,0.27534894,0.26030111,0.26782502,1,1,254,174,180,180
A,3042,0.27845477,0.26651864,0.27248670,1,1,254,174,180,180
A,3043,0.25903748,0.25846706,0.25875227,1,1,254,174,180,180
A,3044,0.27641362,0.27586207,0.27613784,1,1,254,174,180,180
A,3045,0.25861388,0.27586207,0.26723798,1,1,254,174,180,180
A,3046,0.26521274,0.26785714,0.26653494,1,1,254,174,180,180
A,3047,0.26781058,0.27800889,0.27290973,1,1,254,174,180,180
A,3048,0.25200285,0.27693548,0.26446917,1,1,254,174,180,180
A,3049,0.27333055,0.27800889,0.27566972,1,1,254,174,180,180
A,3050,0.25550805,0.27569820,0.26560313,1,1,254,174,180,180
A,3051,0.27845477,0.28571429,0.28208453,1,1,254,174,180,180
A,3052,0.27534894,0.27677097,0.27605996,1,1,254,174,180,180
A,3053,0.27845477,0.29292934,0.28569205,1,1,254,174,180,180
A,3054,0.27709217,0.26755569,0.27232393,1,1,254,174,180,180
A,3055,0.27396668,0.28374112,0.27885390,1,1,254,154,180,180
A,3056,0.30313675,0.27451614,0.28882645,1,1,254,154,180,180
A,3057,0.30260004,0.29336155,0.29798080,1,1,254,154,180,180
A,3058,0.29396610,0.30034817,0.29715714,1,1,254,154,180,180
A,3059,0.30260004,0.31059715,0.30659860,1,1,254,154,180,180
A,3060,0.25846667,0.25000958,0.25423813,1,1,261,178,150,150
A,3061,0.26638450,0.22622350,0.24630400,1,1,261,178,150,150
A,3062,0.25953438,0.25000958,0.25477198,1,1,261,178,150,150
A,3063,0.27653315,0.24502158,0.26077736,1,1,261,178,150,150
A,3064,0.27540147,0.26810958,0.27175553,1,1,261,178,150,150
A,3065,0.26642136,0.24097164,0.25369650,1,1,261,178,150,150
A,3066,0.28504386,0.26810958,0.27657672,1,1,261,178,150,150
A,3067,0.28394328,0.26381966,0.27388147,1,1,261,178,150,150
A,3068,0.28629917,0.26810958,0.27720437,1,1,261,178,150,150
A,3069,0.30260004,0.26261286,0.28260645,1,1,261,178,150,150
A,3070,0.32015623,0.30313675,0.31164649,1,1,261,178,150,150
A,3071,0.32015623,0.28678695,0.30347159,1,1,261,178,150,150
A,3072,0.30393267,0.27549755,0.28971511,1,1,261,178,150,150
A,3073,0.32015623,0.30135024,0.31075324,1,1,261,178,150,150
A,3074,0.32156617,0.29866740,0.31011678,1,1,261,178,150,150
A,3075,0.31917714,0.26508540,0.29213127,1,1,261,178,150,150
A,3076,0.32156617,0.27256841,0.29706729,1,1,261,178,150,150
A,3077,0.30932607,0.27811149,0.29371878,1,1,261,178,150,150
A,3078,0.32305817,0.29773924,0.31039871,1,1,261,178,150,150
A,3079,0.32058277,0.29598455,0.30828366,1,1,261,178,150,150
A,3080,0.30260004,0.30043800,0.30151902,1,1,261,178,150,150
A,3081,0.31917714,0.30043800,0.30980757,1,1,261,178,150,150
A,3082,0.32765251,0.31408855,0.32087053,1,1,261,178,150,150
A,3083,0.32305817,0.28713525,0.30509671,1,1,261,178,150,150
A,3084,0.32125617,0.30313675,0.31219646,1,1,261,178,150,150
A,3085,0.30091215,0.28141232,0.29116224,1,1,261,178,150,150
A,3086,0.29236377,0.26508540,0.27872459,1,1,261,178,150,150
A,3087,0.29516755,0.29598455,0.29557605,1,1,254,174,180,180
A,3088,0.32414193,0.28713525,0.30563859,1,1,254,174,180,180
A,3089,0.32740077,0.31562780,0.32151429,1,1,254,174,180,180
A,3090,0.31212985,0.29773924,0.30493455,1,1,254,174,180,180
A,3091,0.30932607,0.28141232,0.29536920,1,1,254,174,180,180
A,3092,0.29236377,0.28141232,0.28688805,1,1,254,174,180,180
A,3093,0.31212985,0.29361011,0.30286998,1,1,254,174,180,180
A,3094,0.29828337,0.28838223,0.29333280,1,1,254,174,180,180
A,3095,0.29919837,0.29773924,0.29846880,1,1,254,174,180,180
A,3096,0.29084061,0.29362978,0.29223519,1,1,254,174,180,180
A,3097,0.30838011,0.28279143,0.29558577,1,1,254,174,180,180
A,3098,0.29236377,0.28279143,0.28757760,1,1,254,174,180,180
A,3099,0.28187644,0.27540147,0.27863896,1,1,254,174,180,180
A,3100,0.29236377,0.28141232,0.28688805,1,1,254,174,180,180
A,3101,0.29919837,0.28443650,0.29181743,1,1,254,174,180,180
A,3102,0.29141781,0.27396668,0.28269224,1,1,254,174,180,180
A,3103,0.27540147,0.27396668,0.27468408,1,1,254,174,180,180
A,3104,0.29249744,0.27709217,0.28479481,1,1,261,178,150,150
A,3105,0.29356515,0.27854334,0.28605424,1,1,261,178,150,150
A,3106,0.29356515,0.29516755,0.29436635,1,1,261,178,150,150
A,3107,0.26535597,0.27396668,0.26966132,1,1,261,178,150,150
A,3108,0.27546544,0.29236377,0.28391461,1,1,261,178,150,150
A,3109,0.29236377,0.30260004,0.29748191,1,1,261,178,150,150
A,3110,0.27854334,0.28504386,0.28179360,1,1,261,178,150,150
A,3111,0.25847227,0.27439773,0.26643500,1,1,261,178,150,150
A,3112,0.25847227,0.27653315,0.26750271,1,1,261,178,150,150
A,3113,0.26810958,0.28498821,0.27654889,1,1,254,174,180,180
A,3114,0.26638450,0.31395466,0.29016958,1,1,254,174,180,180
A,3115,0.27709217,0.24936468,0.26322843,1,1,254,174,180,180
A,3116,0.26810958,0.29548674,0.28179816,1,1,254,174,180,180
A,3117,0.26067744,0.27816859,0.26942302,1,1,254,174,180,180
A,3118,0.29675527,0.29724541,0.29700034,1,1,254,174,180,180
A,3119,0.27709217,0.29778629,0.28743923,1,1,254,174,180,180
A,3120,0.27534894,0.29663651,0.28599272,1,1,254,174,180,180
A,3121,0.26810958,0.29663651,0.28237304,1,1,277,178,151,150
A,3122,0.28021766,0.29548674,0.28785220,1,1,277,178,151,150
A,3123,0.26810958,0.28553225,0.27682091,1,1,277,178,151,150
A,3124,0.26953585,0.28519375,0.27736480,1,1,277,178,151,150
A,3125,0.26953585,0.29663651,0.28308618,1,1,277,178,151,150
A,3126,0.28021766,0.29609328,0.28815547,1,1,277,178,151,150
A,3127,0.27857687,0.28498821,0.28178254,1,1,277,178,151,150
A,3128,0.29488833,0.28498821,0.28993827,1,1,277,178,151,150
A,3129,0.26214331,0.30279997,0.28247164,1,1,277,178,151,150
A,3130,0.27845477,0.30279997,0.29062737,1,1,277,178,151,150
A,3131,0.29211671,0.30279997,0.29745834,1,1,277,178,151,150
A,3132,0.27641362,0.30279997,0.28960679,1,1,277,178,151,150
A,3133,0.26214331,0.29609328,0.27911829,1,1,277,178,151,150
A,3134,0.27641362,0.31459911,0.29550636,1,1,277,178,151,150
A,3135,0.28475821,0.30337802,0.29406811,1,1,277,178,151,150
A,3136,0.26652950,0.28553225,0.27603087,1,1,277,178,151,150
A,3137,0.28571427,0.30337802,0.29454614,1,1,277,178,151,150
A,3138,0.26768334,0.30448905,0.28608620,1,1,277,178,151,150
A,3139,0.28140463,0.26768648,0.27454556,1,1,277,178,151,150
A,3140,0.27845477,0.30279997,0.29062737,1,1,277,178,151,150
A,3141,0.26214331,0.28498821,0.27356576,1,1,277,178,151,150
A,3142,0.26214331,0.28498821,0.27356576,1,1,277,178,151,150
A,3143,0.28544305,0.30390889,0.29467597,1,1,277,178,151,150
A,3144,0.28544305,0.32061174,0.30302739,1,1,277,178,151,150
A,3145,0.26953585,0.30279997,0.28616791,1,1,277,178,151,150
A,3146,0.27845477,0.30390889,0.29118183,1,1,277,178,151,150
A,3147,0.27641362,0.30436641,0.29039001,1,1,277,178,151,150
A,3148,0.26768334,0.30436641,0.28602488,1,1,277,178,151,150
A,3149,0.29488833,0.27520836,0.28504835,1,1,277,178,151,150
A,3150,0.28544305,0.27520836,0.28032571,1,1,277,178,151,150
A,3151,0.28081680,0.30489541,0.29285610,1,1,277,178,151,150
A,3152,0.26953585,0.30337802,0.28645693,1,1,277,178,151,150
A,3153,0.29488833,0.28498821,0.28993827,1,1,277,178,151,150
A,3154,0.27845477,0.28553225,0.28199351,1,1,277,178,151,150
A,3155,0.28021766,0.30337802,0.29179784,1,1,277,178,151,150
A,3156,0.27845477,0.28498821,0.28172149,1,1,277,178,151,150
A,3157,0.27845477,0.32159825,0.30002651,1,1,277,178,151,150
A,3158,0.27845477,0.30337802,0.29091639,1,1,277,178,151,150
A,3159,0.28544305,0.29240889,0.28892597,1,1,277,178,151,150
A,3160,0.29488833,0.30436641,0.29962737,1,1,277,178,151,150
A,3161,0.28544305,0.28498821,0.28521563,1,1,277,178,151,150
A,3162,0.26965404,0.28609713,0.27787559,1,1,277,178,151,150
A,3163,0.29211671,0.28498821,0.28855246,1,1,277,178,151,150
A,3164,0.30135024,0.28498821,0.29316923,1,1,277,178,151,150
A,3165,0.26953585,0.28498821,0.27726203,1,1,277,178,151,150
A,3166,0.28021766,0.28609713,0.28315740,1,1,277,178,151,150
A,3167,0.27709217,0.28498821,0.28104019,1,1,277,178,151,150
A,3168,0.26953585,0.31056207,0.29004896,1,1,277,178,151,150
A,3169,0.28034054,0.29548674,0.28791364,1,1,277,178,151,150
A,3170,0.27709217,0.32159825,0.29934521,1,1,277,178,151,150
A,3171,0.25861388,0.28498821,0.27180105,1,1,277,178,151,150
A,3172,0.24230242,0.28498821,0.26364532,1,1,277,178,151,150
A,3173,0.27845477,0.28498821,0.28172149,1,1,277,178,151,150
A,3174,0.28021766,0.28498821,0.28260294,1,1,277,178,151,150
A,3175,0.28021766,0.28720605,0.28371186,1,1,277,178,151,150
A,3176,0.27845477,0.28498821,0.28172149,1,1,277,178,151,150
A,3177,0.28021766,0.28609713,0.28315740,1,1,277,178,151,150
A,3178,0.28021766,0.32258477,0.30140121,1,1,277,178,151,150
A,3179,0.27534894,0.30378649,0.28956771,1,1,277,178,151,150
A,3180,0.28021766,0.30448905,0.29235336,1,1,277,178,151,150
A,3181,0.27709217,0.30279997,0.28994607,1,1,277,178,151,150
A,3182,0.28021766,0.29347975,0.28684871,1,1,277,178,151,150
A,3183,0.29178250,0.30279997,0.29729124,1,1,277,178,151,150
A,3184,0.29488833,0.30279997,0.29884415,1,1,277,178,151,150
A,3185,0.27709217,0.29548674,0.28628946,1,1,277,178,151,150
A,3186,0.26810958,0.28498821,0.27654889,1,1,277,178,151,150
A,3187,0.26810958,0.26717645,0.26764301,1,1,277,178,151,150
A,3188,0.26214331,0.28498821,0.27356576,1,1,277,178,151,150
A,3189,0.27709217,0.28720605,0.28214911,1,1,277,178,151,150
A,3190,0.26214331,0.28720605,0.27467468,1,1,277,178,151,150
A,3191,0.28021766,0.28498821,0.28260294,1,1,277,178,151,150
A,3192,0.27709217,0.27627923,0.27668570,1,1,277,178,151,150
A,3193,0.27845477,0.29400211,0.28622844,1,1,277,178,151,150
A,3194,0.27857687,0.27735010,0.27796348,1,1,277,178,151,150
A,3195,0.27534894,0.28498821,0.28016857,1,1,277,178,151,150
A,3196,0.29488833,0.29347975,0.29418404,1,1,277,178,151,150
A,3197,0.27709217,0.29400211,0.28554714,1,1,277,178,151,150
A,3198,0.26810958,0.29240889,0.28025923,1,1,277,178,151,150
A,3199,0.29488833,0.29336155,0.29412494,1,1,277,178,151,150
A,3200,0.22349268,0.23281876,0.22815572,1,1,277,178,151,150
A,3201,0.14603910,0.17401760,0.16002835,1,1,277,178,151,150
A,3202,0.11832416,0.12061796,0.11947106,1,1,254,174,180,180
A,3203,0.13200294,0.12061796,0.12631045,1,1,254,174,180,180
A,3204,0.15811994,0.16666667,0.16239330,1,1,277,178,151,150
A,3205,0.21968427,0.20126759,0.21047593,1,1,254,174,180,180
A,3206,0.25525114,0.25800784,0.25662949,1,1,277,178,151,150
A,3207,0.26953585,0.27520836,0.27237211,1,1,254,174,180,180
A,3208,0.31329288,0.30489541,0.30909414,1,1,254,174,180,180
A,3209,0.30135024,0.30960941,0.30547983,1,1,254,174,180,180
A,3210,0.28243670,0.29240889,0.28742279,1,1,254,174,180,180
A,3211,0.30135024,0.31679471,0.30907248,1,1,254,174,180,180
A,3212,0.31132190,0.30869744,0.31000967,1,1,254,174,180,180
A,3213,0.27224310,0.27627923,0.27426117,1,1,254,174,180,180
A,3214,0.29866740,0.33833829,0.31850284,1,1,254,174,180,180
A,3215,0.31329288,0.33931187,0.32630237,1,1,254,174,180,180
A,3216,0.31132190,0.32159825,0.31646007,1,1,254,174,180,180
A,3217,0.31050371,0.32159825,0.31605098,1,1,254,174,180,180
A,3218,0.27224310,0.28720605,0.27972458,1,1,254,174,180,180
A,3219,0.21968427,0.22360680,0.22164553,1,1,254,174,180,180
A,3220,0.13556687,0.13530994,0.13543841,1,1,254,174,180,180
A,3221,0.18472824,0.18323156,0.18397990,1,1,254,174,180,180
A,3222,0.24383644,0.24080732,0.24232188,1,1,254,174,180,180
A,3223,0.27534894,0.27627923,0.27581408,1,1,254,174,180,180
A,3224,0.27709217,0.32058277,0.29883747,1,1,254,174,180,180
A,3225,0.31050371,0.29261530,0.30155950,1,1,254,174,180,180
A,3226,0.31050371,0.30960941,0.31005656,1,1,254,174,180,180
A,3227,0.29773924,0.31509510,0.30641717,1,1,254,174,180,180
A,3228,0.29178250,0.27546544,0.28362397,1,1,254,174,180,180
A,3229,0.31329288,0.29261530,0.30295409,1,1,254,174,180,180
A,3230,0.30313675,0.31059715,0.30686695,1,1,254,174,180,180
A,3231,0.32196045,0.31059715,0.31627880,1,1,254,174,180,180
A,3232,0.31622777,0.30964730,0.31293754,1,1,254,174,180,180
A,3233,0.30855027,0.31059715,0.30957371,1,1,254,174,180,180
A,3234,0.30855027,0.27735010,0.29295019,1,1,254,174,180,180
A,3235,0.27709217,0.27627923,0.27668570,1,1,254,174,180,180
A,3236,0.28021766,0.29942966,0.28982366,1,1,254,174,180,180
A,3237,0.27396668,0.27520836,0.27458752,1,1,254,174,180,180
A,3238,0.27396668,0.26814670,0.27105669,1,1,254,174,180,180
A,3239,0.27709217,0.26814670,0.27261944,1,1,254,174,180,180
A,3240,0.30771453,0.27546544,0.29158999,1,1,254,174,180,180
A,3241,0.29211671,0.26814670,0.28013170,1,1,254,174,180,180
A,3242,0.30771453,0.26740820,0.28756137,1,1,254,174,180,180
A,3243,0.27709217,0.26711137,0.27210177,1,1,261,178,150,150
A,3244,0.27534894,0.27520836,0.27527865,1,1,261,178,150,150
A,3245,0.27534894,0.26607604,0.27071249,1,1,261,178,150,150
A,3246,0.27534894,0.27627923,0.27581408,1,1,261,178,150,150
A,3247,0.27534894,0.26651864,0.27093379,1,1,261,178,150,150
A,3248,0.28021766,0.28362684,0.28192225,1,1,261,178,150,150
A,3249,0.28411108,0.28374112,0.28392610,1,1,261,178,150,150
A,3250,0.28021766,0.24243562,0.26132664,1,1,261,178,150,150
A,3251,0.27709217,0.25048162,0.26378689,1,1,261,178,150,150
A,3252,0.27709217,0.25166346,0.26437781,1,1,261,178,150,150
A,3253,0.27534894,0.26637572,0.27086233,1,1,261,178,150,150
A,3254,0.30043800,0.25886350,0.27965075,1,1,261,178,150,150
A,3255,0.30043800,0.30034817,0.30039309,1,1,261,178,150,150
A,3256,0.28279143,0.26637572,0.27458358,1,1,261,178,150,150
A,3257,0.27540147,0.28284571,0.27912359,1,1,261,178,150,150
A,3258,0.28279143,0.29356515,0.28817829,1,1,261,178,150,150
A,3259,0.29550564,0.28387819,0.28969191,1,1,261,178,150,150
A,3260,0.29550564,0.29942966,0.29746765,1,1,261,178,150,150
A,3261,0.29236377,0.28176290,0.28706334,1,1,261,178,150,150
A,3262,0.29773924,0.29356515,0.29565220,1,1,261,178,150,150
A,3263,0.30191035,0.29828337,0.30009686,1,1,261,178,150,150
A,3264,0.31562780,0.29736837,0.30649809,1,1,261,178,150,150
A,3265,0.29516755,0.29236377,0.29376566,1,1,261,178,150,150
A,3266,0.31212985,0.29236377,0.30224681,1,1,261,178,150,150
A,3267,0.29919837,0.29236377,0.29578107,1,1,261,178,150,150
A,3268,0.28279143,0.26637572,0.27458358,1,1,261,178,150,150
A,3269,0.29236377,0.27653315,0.28444846,1,1,261,178,150,150
A,3270,0.30550199,0.27653315,0.29101757,1,1,261,178,150,150
A,3271,0.29396610,0.29236377,0.29316494,1,1,261,178,150,150
A,3272,0.29396610,0.27433813,0.28415212,1,1,261,178,150,150
A,3273,0.31562780,0.34470787,0.33016783,1,1,261,178,150,150
A,3274,0.31678731,0.32631163,0.32154947,1,1,261,178,150,150
A,3275,0.32631163,0.34470787,0.33550975,1,1,261,178,150,150
A,3276,0.32911541,0.32631163,0.32771352,1,1,261,178,150,150
A,3277,0.32911541,0.34244534,0.33578038,1,1,261,178,150,150
A,3278,0.34582778,0.32631163,0.33606971,1,1,261,178,150,150
A,3279,0.34582778,0.32631163,0.33606971,1,1,261,178,150,150
A,3280,0.34329719,0.32631163,0.33480441,1,1,261,178,150,150
A,3281,0.32911541,0.32631163,0.32771352,1,1,261,178,150,150
A,3282,0.30771453,0.30932607,0.30852030,1,1,261,178,150,150
A,3283,0.32461160,0.30932607,0.31696884,1,1,261,178,150,150
A,3284,0.31050371,0.29828337,0.30439354,1,1,261,178,150,150
A,3285,0.30043800,0.29919837,0.29981818,1,1,261,178,150,150
A,3286,0.28583043,0.30117764,0.29350403,1,1,261,178,150,150
A,3287,0.16684050,0.19397706,0.18040878,1,1,261,178,150,150
A,3288,0.16371965,0.16212999,0.16292482,1,1,261,178,150,150
A,3289,0.16672377,0.15594572,0.16133474,1,1,261,178,150,150
A,3290,0.15293929,0.13074601,0.14184265,1,1,261,178,150,150
A,3291,0.20098014,0.19955703,0.20026858,1,1,261,178,150,150
A,3292,0.25847227,0.23217534,0.24532381,1,1,261,178,150,150
A,3293,0.27540147,0.27627923,0.27584035,1,1,261,178,150,150
A,3294,0.29236377,0.29249744,0.29243061,1,1,261,178,150,150
A,3295,0.29516755,0.29919837,0.29718296,1,1,261,178,150,150
A,3296,0.32884222,0.30034817,0.31459520,1,1,261,178,150,150
A,3297,0.30932607,0.30964730,0.30948669,1,1,261,178,150,150
A,3298,0.30932607,0.29828337,0.30380472,1,1,261,178,150,150
A,3299,0.29516755,0.30034817,0.29775786,1,1,261,178,150,150
A,3300,0.31212985,0.30838011,0.31025498,1,1,261,178,150,150
A,3301,0.27396668,0.27546544,0.27471606,1,1,261,178,150,150
A,3302,0.20037997,0.19955703,0.19996850,1,1,261,178,150,150
A,3303,0.19961286,0.16095569,0.18028428,1,1,261,178,150,150
A,3304,0.24028467,0.24080732,0.24054599,1,1,261,178,150,150
A,3305,0.29084061,0.27546544,0.28315302,1,1,261,178,150,150
A,3306,0.27396668,0.28176290,0.27786479,1,1,261,178,150,150
A,3307,0.29396610,0.28176290,0.28786450,1,1,261,178,150,150
A,3308,0.31050371,0.30034817,0.30542594,1,1,261,178,150,150
A,3309,0.31050371,0.29919837,0.30485104,1,1,261,178,150,150
A,3310,0.27709217,0.30932607,0.29320912,1,1,261,178,150,150
A,3311,0.30550199,0.29828337,0.30189268,1,1,261,178,150,150
A,3312,0.27396668,0.29919837,0.28658252,1,1,261,178,150,150
A,3313,0.29396610,0.30932607,0.30164609,1,1,261,178,150,150
A,3314,0.27540147,0.30307058,0.28923602,1,1,261,178,150,150
A,3315,0.29516755,0.31059715,0.30288235,1,1,261,178,150,150
A,3316,0.29362978,0.29236377,0.29299678,1,1,261,178,150,150
A,3317,0.30771453,0.30932607,0.30852030,1,1,261,178,150,150
A,3318,0.30771453,0.30932607,0.30852030,1,1,261,178,150,150
A,3319,0.27709217,0.27653315,0.27681266,1,1,261,178,150,150
A,3320,0.17320360,0.16095569,0.16707965,1,1,261,178,150,150
A,3321,0.12494329,0.13238494,0.12866411,1,1,254,174,180,180
A,3322,0.12035792,0.09657342,0.10846567,1,1,254,174,180,180
A,3323,0.11180768,0.09657342,0.10419055,1,1,254,174,180,180
A,3324,0.15235380,0.13272746,0.14254063,1,1,254,174,180,180
A,3325,0.16847635,0.16629752,0.16738694,1,1,254,174,180,180
A,3326,0.20636965,0.16794419,0.18715692,1,1,254,174,180,180
A,3327,0.19098120,0.20579830,0.19838975,1,1,254,174,180,180
A,3328,0.22466314,0.22416696,0.22441505,1,1,261,178,150,150
A,3329,0.19098120,0.20579830,0.19838975,1,1,254,174,180,180
A,3330,0.21191295,0.20037997,0.20614646,1,1,254,174,180,180
A,3331,0.21730740,0.24131681,0.22931211,1,1,254,174,180,180
A,3332,0.19586847,0.19900743,0.19743795,1,1,254,174,180,180
A,3333,0.21191295,0.20721766,0.20956531,1,1,254,174,180,180
A,3334,0.22466314,0.21003110,0.21734712,1,1,254,174,180,180
A,3335,0.20497467,0.21003110,0.20750288,1,1,254,174,180,180
A,3336,0.19961286,0.20037997,0.19999641,1,1,254,174,180,180
A,3337,0.22823351,0.21696392,0.22259872,1,1,254,174,180,180
A,3338,0.19098120,0.20579830,0.19838975,1,1,254,174,180,180
A,3339,0.21730740,0.23335392,0.22533066,1,1,254,174,180,180
A,3340,0.21505814,0.20721766,0.21113790,1,1,254,174,180,180
A,3341,0.24154307,0.24131681,0.24142994,1,1,254,174,180,180
A,3342,0.24154307,0.23335392,0.23744850,1,1,254,174,180,180
A,3343,0.24032926,0.24131681,0.24082304,1,1,254,174,180,180
A,3344,0.24154307,0.23246059,0.23700183,1,1,254,174,180,180
A,3345,0.22349268,0.20721766,0.21535517,1,1,254,174,180,180
A,3346,0.24154307,0.23217534,0.23685920,1,1,254,174,180,180
A,3347,0.23249528,0.24253562,0.23751545,1,1,254,174,180,180
A,3348,0.23363466,0.23335392,0.23349429,1,1,254,174,180,180
A,3349,0.24879034,0.23363466,0.24121250,1,1,254,174,180,180
A,3350,0.22466314,0.24253562,0.23359938,1,1,254,174,180,180
A,3351,0.21624764,0.23246059,0.22435411,1,1,254,174,180,180
A,3352,0.26204264,0.23335392,0.24769828,1,1,254,174,180,180
A,3353,0.22022269,0.20037997,0.21030133,1,1,254,174,180,180
A,3354,0.22466314,0.21756310,0.22111312,1,1,254,174,180,180
A,3355,0.21730740,0.19900743,0.20815742,1,1,254,174,180,180
A,3356,0.20670070,0.24325213,0.22497641,1,1,254,174,180,180
A,3357,0.23363466,0.23335392,0.23349429,1,1,254,174,180,180
A,3358,0.24868381,0.24131681,0.24500031,1,1,254,174,180,180
A,3359,0.22466314,0.20863703,0.21665009,1,1,254,174,180,180
A,3360,0.21730740,0.24131681,0.22931211,1,1,254,174,180,180
A,3361,0.22466314,0.20863703,0.21665009,1,1,254,174,180,180
A,3362,0.22466314,0.20579830,0.21523072,1,1,254,174,180,180
A,3363,0.21730740,0.20037997,0.20884368,1,1,254,174,180,180
A,3364,0.20778321,0.20863703,0.20821012,1,1,254,174,180,180
A,3365,0.21730740,0.20863703,0.21297222,1,1,254,174,180,180
A,3366,0.22879288,0.24253562,0.23566425,1,1,254,174,180,180
A,3367,0.20098014,0.22482920,0.21290467,1,1,254,174,180,180
A,3368,0.20098014,0.20863703,0.20480859,1,1,254,174,180,180
A,3369,0.21730740,0.21814250,0.21772495,1,1,254,174,180,180
A,3370,0.20778321,0.19955703,0.20367012,1,1,254,174,180,180
A,3371,0.20098014,0.20863703,0.20480859,1,1,254,174,180,180
A,3372,0.21730740,0.19900743,0.20815742,1,1,254,174,180,180
A,3373,0.21624764,0.22503036,0.22063900,1,1,254,174,180,180
A,3374,0.20778321,0.20037997,0.20408159,1,1,254,174,180,180
A,3375,0.22466314,0.23399837,0.22933076,1,1,254,174,180,180
A,3376,0.20778321,0.20175250,0.20476786,1,1,254,174,180,180
A,3377,0.20778321,0.18595027,0.19686674,1,1,254,174,180,180
A,3378,0.21730740,0.23281653,0.22506197,1,1,254,174,180,180
A,3379,0.23252907,0.24080732,0.23666819,1,1,254,174,180,180
A,3380,0.22365932,0.23335392,0.22850662,1,1,254,174,180,180
A,3381,0.20778321,0.24131681,0.22455001,1,1,254,174,180,180
A,3382,0.21933247,0.20640627,0.21286937,1,1,254,174,180,180
A,3383,0.24383644,0.20579830,0.22481737,1,1,254,174,180,180
A,3384,0.18998622,0.20093335,0.19545978,1,1,254,174,180,180
A,3385,0.20670070,0.19955703,0.20312886,1,1,254,174,180,180
A,3386,0.20670070,0.20863703,0.20766886,1,1,254,174,180,180
A,3387,0.22349268,0.20863703,0.21606486,1,1,254,174,180,180
A,3388,0.19895625,0.20579830,0.20237727,1,1,254,174,180,180
A,3389,0.20670070,0.20721766,0.20695918,1,1,254,174,180,180
A,3390,0.19250661,0.20037997,0.19644329,1,1,254,174,180,180
A,3391,0.21491714,0.20579830,0.21035772,1,1,254,174,180,180
A,3392,0.19895625,0.20925340,0.20410482,1,1,254,174,180,180
A,3393,0.21730740,0.19955703,0.20843221,1,1,254,174,180,180
A,3394,0.22466314,0.22360680,0.22413497,1,1,254,174,180,180
A,3395,0.19098120,0.17200523,0.18149321,1,1,254,174,180,180
A,3396,0.20778321,0.20230968,0.20504644,1,1,254,174,180,180
A,3397,0.20098014,0.20093335,0.20095675,1,1,254,174,180,180
A,3398,0.20778321,0.22360680,0.21569500,1,1,254,174,180,180
A,3399,0.22466314,0.21696392,0.22081353,1,1,254,174,180,180
A,3400,0.20098014,0.20037997,0.20068005,1,1,254,174,180,180
A,3401,0.20497467,0.20037997,0.20267732,1,1,254,174,180,180
A,3402,0.22130193,0.19900743,0.21015468,1,1,254,174,180,180
A,3403,0.20098014,0.20037997,0.20068005,1,1,254,174,180,180
A,3404,0.20778321,0.21676997,0.21227659,1,1,254,174,180,180
A,3405,0.21604269,0.20175250,0.20889760,1,1,254,174,180,180
A,3406,0.20098014,0.20579830,0.20338922,1,1,254,174,180,180
A,3407,0.20497467,0.20721766,0.20609617,1,1,254,174,180,180
A,3408,0.22466314,0.21814250,0.22140282,1,1,254,174,180,180
A,3409,0.18998622,0.20721766,0.19860194,1,1,254,174,180,180
A,3410,0.19098120,0.20175250,0.19636685,1,1,254,174,180,180
A,3411,0.20098014,0.19447895,0.19772954,1,1,254,174,180,180
A,3412,0.20778321,0.20640627,0.20709474,1,1,254,174,180,180
A,3413,0.18998622,0.19955703,0.19477162,1,1,254,174,180,180
A,3414,0.18472824,0.20230968,0.19351896,1,1,254,174,180,180
A,3415,0.16912380,0.19955703,0.18434041,1,1,254,174,180,180
A,3416,0.17320360,0.20640627,0.18980494,1,1,254,174,180,180
A,3417,0.20397505,0.19955703,0.20176604,1,1,254,174,180,180
A,3418,0.18472824,0.16629752,0.17551288,1,1,254,174,180,180
A,3419,0.20000001,0.20230968,0.20115484,1,1,254,174,180,180
A,3420,0.18998622,0.18292728,0.18645675,1,1,254,174,180,180
A,3421,0.20670070,0.20093335,0.20381702,1,1,254,174,180,180
A,3422,0.19098120,0.20579830,0.19838975,1,1,254,174,180,180
A,3423,0.19098120,0.19955703,0.19526911,1,1,254,174,180,180
A,3424,0.19098120,0.20640627,0.19869374,1,1,254,174,180,180
A,3425,0.20778321,0.20093335,0.20435828,1,1,254,174,180,180
A,3426,0.20778321,0.20093335,0.20435828,1,1,254,174,180,180
A,3427,0.17327174,0.20863703,0.19095439,1,1,254,174,180,180
A,3428,0.20670070,0.20863703,0.20766886,1,1,254,174,180,180
A,3429,0.21191295,0.20721766,0.20956531,1,1,254,174,180,180
A,3430,0.20000001,0.20863703,0.20431852,1,1,254,174,180,180
A,3431,0.19371463,0.19530574,0.19451019,1,1,254,174,180,180
A,3432,0.20397505,0.20037997,0.20217751,1,1,254,174,180,180
A,3433,0.21730740,0.20037997,0.20884368,1,1,254,174,180,180
A,3434,0.20896920,0.19900743,0.20398831,1,1,254,174,180,180
A,3435,0.20397505,0.20037997,0.20217751,1,1,254,174,180,180
A,3436,0.20670070,0.20579830,0.20624950,1,1,254,174,180,180
A,3437,0.20098014,0.20579830,0.20338922,1,1,254,174,180,180
A,3438,0.20778321,0.20579830,0.20679075,1,1,254,174,180,180
A,3439,0.20778321,0.19900743,0.20339532,1,1,254,174,180,180
A,3440,0.18780241,0.17705126,0.18242684,1,1,254,174,180,180
A,3441,0.22466314,0.19955703,0.21211009,1,1,254,174,180,180
A,3442,0.21624764,0.19314683,0.20469724,1,1,254,174,180,180
A,3443,0.20000001,0.19955703,0.19977852,1,1,254,174,180,180
A,3444,0.20795010,0.18242348,0.19518679,1,1,254,174,180,180
A,3445,0.22760091,0.19955703,0.21357897,1,1,254,174,180,180
A,3446,0.20670070,0.19955703,0.20312886,1,1,254,174,180,180
A,3447,0.20497467,0.19955703,0.20226585,1,1,254,174,180,180
A,3448,0.19250661,0.18457395,0.18854028,1,1,254,174,180,180
A,3449,0.19250661,0.19955703,0.19603182,1,1,254,174,180,180
A,3450,0.20000001,0.19955703,0.19977852,1,1,254,174,180,180
A,3451,0.17886845,0.16629752,0.17258299,1,1,254,174,180,180
A,3452,0.18853157,0.16794419,0.17823788,1,1,254,174,180,180
A,3453,0.19250661,0.20093335,0.19671998,1,1,254,174,180,180
A,3454,0.19345002,0.20093335,0.19719169,1,1,254,174,180,180
A,3455,0.20000001,0.20093335,0.20046668,1,1,254,174,180,180
A,3456,0.19345002,0.18457395,0.18901199,1,1,254,174,180,180
A,3457,0.16765473,0.12876456,0.14820964,1,1,254,174,180,180
A,3458,0.08683470,0.07808688,0.08246079,1,1,254,174,180,180
A,3459,0.10219492,0.08060324,0.09139908,1,1,254,174,180,180
A,3460,0.11654003,0.11377857,0.11515930,1,1,254,174,180,180
A,3461,0.15209825,0.15156614,0.15183220,1,1,254,174,180,180
A,3462,0.16847635,0.14991673,0.15919654,1,1,254,174,180,180
A,3463,0.20000001,0.18430360,0.19215180,1,1,254,174,180,180
A,3464,0.22022269,0.19447895,0.20735082,1,1,254,174,180,180
A,3465,0.20670070,0.19233250,0.19951660,1,1,254,174,180,180
A,3466,0.21624764,0.20093335,0.20859050,1,1,254,174,180,180
A,3467,0.23593191,0.21756310,0.22674751,1,1,254,174,180,180
A,3468,0.23593191,0.24202972,0.23898082,1,1,254,174,180,180
A,3469,0.23249528,0.24253562,0.23751545,1,1,254,174,180,180
A,3470,0.23593191,0.21618678,0.22605934,1,1,254,174,180,180
A,3471,0.23593191,0.21736862,0.22665026,1,1,254,174,180,180
A,3472,0.20896920,0.20037997,0.20467458,1,1,254,174,180,180
A,3473,0.21624764,0.20175250,0.20900007,1,1,254,174,180,180
A,3474,0.19882132,0.19955703,0.19918918,1,1,254,174,180,180
A,3475,0.20795010,0.21618678,0.21206844,1,1,254,174,180,180
A,3476,0.23593191,0.20782984,0.22188087,1,1,254,174,180,180
A,3477,0.23454147,0.20640627,0.22047387,1,1,254,174,180,180
A,3478,0.20896920,0.21874494,0.21385707,1,1,254,174,180,180
A,3479,0.20397505,0.22625276,0.21511391,1,1,254,174,180,180
A,3480,0.23936854,0.23518021,0.23727438,1,1,254,174,180,180
A,3481,0.21491714,0.24325213,0.22908464,1,1,254,174,180,180
A,3482,0.20397505,0.24080732,0.22239119,1,1,254,174,180,180
A,3483,0.20397505,0.24325213,0.22361359,1,1,254,174,180,180
A,3484,0.24383644,0.24325213,0.24354428,1,1,254,174,180,180
A,3485,0.24028467,0.24131681,0.24080074,1,1,254,174,180,180
A,3486,0.24028467,0.25846667,0.24937567,1,1,254,174,180,180
A,3487,0.25712567,0.25800784,0.25756676,1,1,254,174,180,180
A,3488,0.25525114,0.25923025,0.25724069,1,1,254,174,180,180
A,3489,0.26380294,0.27520836,0.26950565,1,1,254,174,180,180
A,3490,0.27113375,0.25800784,0.26457080,1,1,254,174,180,180
A,3491,0.26810958,0.24202972,0.25506965,1,1,254,174,180,180
A,3492,0.26025117,0.24080732,0.25052924,1,1,254,174,180,180
A,3493,0.24583185,0.24202972,0.24393078,1,1,254,174,180,180
A,3494,0.23936854,0.27627923,0.25782388,1,1,254,174,180,180
A,3495,0.26025117,0.24202972,0.25114044,1,1,254,174,180,180
A,3496,0.24383644,0.24202972,0.24293308,1,1,254,174,180,180
A,3497,0.24383644,0.24202972,0.24293308,1,1,254,174,180,180
A,3498,0.27113375,0.25062813,0.26088094,1,1,254,174,180,180
A,3499,0.26810958,0.24875929,0.25843443,1,1,254,174,180,180
A,3500,0.24738821,0.24080732,0.24409776,1,1,254,174,180,180
A,3501,0.25712567,0.26814670,0.26263619,1,1,254,174,180,180
A,3502,0.26067744,0.24979177,0.25523461,1,1,254,174,180,180
A,3503,0.27709217,0.24979177,0.26344197,1,1,254,174,180,180
A,3504,0.27709217,0.24009801,0.25859509,1,1,254,174,180,180
A,3505,0.26508540,0.24993788,0.25751164,1,1,254,174,180,180
A,3506,0.26810958,0.24295090,0.25553024,1,1,254,174,180,180
A,3507,0.27396668,0.26711137,0.27053902,1,1,254,174,180,180
A,3508,0.27396668,0.23335392,0.25366030,1,1,254,174,180,180
A,3509,0.23249528,0.24202972,0.23726250,1,1,254,174,180,180
A,3510,0.26025117,0.24131681,0.25078399,1,1,254,174,180,180
A,3511,0.24738821,0.23335392,0.24037107,1,1,254,174,180,180
A,3512,0.24028467,0.24131681,0.24080074,1,1,254,174,180,180
A,3513,0.25222697,0.23453251,0.24337974,1,1,254,174,180,180
A,3514,0.23593191,0.24202972,0.23898082,1,1,254,174,180,180
A,3515,0.26810958,0.23335392,0.25073175,1,1,254,174,180,180
A,3516,0.23249528,0.23399837,0.23324683,1,1,254,174,180,180
A,3517,0.24028467,0.23335392,0.23681930,1,1,254,174,180,180
A,3518,0.26508540,0.25097036,0.25802788,1,1,254,174,180,180
A,3519,0.26508540,0.26711137,0.26609839,1,1,254,174,180,180
A,3520,0.26810958,0.26637572,0.26724265,1,1,254,174,180,180
A,3521,0.25847227,0.25907871,0.25877549,1,1,254,174,180,180
A,3522,0.27396668,0.27627923,0.27512295,1,1,254,174,180,180
A,3523,0.26810958,0.27627923,0.27219440,1,1,254,174,180,180
A,3524,0.24383644,0.27627923,0.26005784,1,1,254,174,180,180
A,3525,0.23936854,0.27439773,0.25688313,1,1,254,174,180,180
A,3526,0.26508540,0.26637572,0.26573056,1,1,254,174,180,180
A,3527,0.24879034,0.24993788,0.24936411,1,1,254,174,180,180
A,3528,0.27709217,0.26637572,0.27173395,1,1,254,174,180,180
A,3529,0.26810958,0.24979177,0.25895067,1,1,254,174,180,180
A,3530,0.28021766,0.25953438,0.26987602,1,1,254,174,180,180
A,3531,0.27709217,0.26637572,0.27173395,1,1,254,174,180,180
A,3532,0.27396668,0.27546544,0.27471606,1,1,254,174,180,180
A,3533,0.27709217,0.27627923,0.27668570,1,1,254,174,180,180
A,3534,0.27854334,0.26637572,0.27245953,1,1,254,174,180,180
A,3535,0.27396668,0.26637572,0.27017120,1,1,254,174,180,180
A,3536,0.26025117,0.26711137,0.26368127,1,1,254,174,180,180
A,3537,0.26067744,0.25831558,0.25949651,1,1,254,174,180,180
A,3538,0.24383644,0.25846667,0.25115156,1,1,254,174,180,180
A,3539,0.26067744,0.25097036,0.25582390,1,1,254,174,180,180
A,3540,0.27540147,0.26637572,0.27088860,1,1,254,174,180,180
A,3541,0.26352315,0.26637572,0.26494943,1,1,254,174,180,180
A,3542,0.27540147,0.27546544,0.27543346,1,1,254,174,180,180
A,3543,0.26204264,0.23399837,0.24802051,1,1,254,174,180,180
A,3544,0.22130193,0.23399837,0.22765015,1,1,254,174,180,180
A,3545,0.26067744,0.23335392,0.24701568,1,1,254,174,180,180
A,3546,0.22466314,0.23399837,0.22933076,1,1,254,174,180,180
A,3547,0.23249528,0.24131681,0.23690605,1,1,254,174,180,180
A,3548,0.24738821,0.24131681,0.24435251,1,1,254,174,180,180
A,3549,0.25000958,0.26637572,0.25819265,1,1,254,174,180,180
A,3550,0.23363466,0.22436752,0.22900109,1,1,254,174,180,180
A,3551,0.25000958,0.23453251,0.24227104,1,1,254,174,180,180
A,3552,0.24511344,0.25907871,0.25209607,1,1,254,174,180,180
A,3553,0.26161413,0.26740820,0.26451117,1,1,254,174,180,180
A,3554,0.23249528,0.20863703,0.22056616,1,1,254,174,180,180
A,3555,0.23877300,0.25907871,0.24892585,1,1,254,174,180,180
A,3556,0.24738821,0.24131681,0.24435251,1,1,254,174,180,180
A,3557,0.23795784,0.27520836,0.25658310,1,1,254,174,180,180
A,3558,0.24383644,0.26711137,0.25547390,1,1,254,174,180,180
A,3559,0.24383644,0.26711137,0.25547390,1,1,254,174,180,180
A,3560,0.24511344,0.24944629,0.24727986,1,1,254,174,180,180
A,3561,0.27396668,0.26711137,0.27053902,1,1,254,174,180,180
A,3562,0.25847227,0.25923025,0.25885126,1,1,254,174,180,180
A,3563,0.22760091,0.22360680,0.22560385,1,1,254,174,180,180
A,3564,0.25847227,0.24944629,0.25395928,1,1,254,174,180,180
A,3565,0.24028467,0.21736862,0.22882665,1,1,254,174,180,180
A,3566,0.24028467,0.24080732,0.24054599,1,1,254,174,180,180
A,3567,0.27396668,0.27520836,0.27458752,1,1,254,174,180,180
A,3568,0.24383644,0.24080732,0.24232188,1,1,254,174,180,180
A,3569,0.24028467,0.21874494,0.22951481,1,1,254,174,180,180
A,3570,0.23936854,0.22360680,0.23148767,1,1,254,174,180,180
A,3571,0.24028467,0.24944629,0.24486548,1,1,254,174,180,180
A,3572,0.24738821,0.20579830,0.22659325,1,1,254,174,180,180
A,3573,0.24383644,0.24202972,0.24293308,1,1,254,174,180,180
A,3574,0.23936854,0.24253562,0.24095208,1,1,254,174,180,180
A,3575,0.21624764,0.21559139,0.21591951,1,1,254,174,180,180
A,3576,0.21624764,0.21736862,0.21680813,1,1,254,174,180,180
A,3577,0.24028467,0.22360680,0.23194573,1,1,254,174,180,180
A,3578,0.23593191,0.21618678,0.22605934,1,1,254,174,180,180
A,3579,0.23249528,0.23281653,0.23265591,1,1,254,174,180,180
A,3580,0.15751089,0.14966777,0.15358933,1,1,254,174,180,180
A,3581,0.12035792,0.09623861,0.10829826,1,1,254,174,180,180
A,3582,0.11977096,0.09933990,0.10955543,1,1,254,174,180,180
A,3583,0.12994058,0.10247715,0.11620887,1,1,254,174,180,180
A,3584,0.16847635,0.16629752,0.16738694,1,1,254,174,180,180
A,3585,0.19511094,0.19062931,0.19287013,1,1,254,174,180,180
A,3586,0.22466314,0.20640627,0.21553471,1,1,254,174,180,180
A,3587,0.21080892,0.19955703,0.20518297,1,1,254,174,180,180
A,3588,0.20098014,0.21756310,0.20927162,1,1,254,174,180,180
A,3589,0.24738821,0.22625276,0.23682049,1,1,254,174,180,180
A,3590,0.23593191,0.22360680,0.22976935,1,1,254,174,180,180
A,3591,0.22704445,0.20782984,0.21743714,1,1,254,174,180,180
A,3592,0.23249528,0.21736862,0.22493195,1,1,254,174,180,180
A,3593,0.23249528,0.23281653,0.23265591,1,1,254,174,180,180
A,3594,0.23249528,0.21618678,0.22434103,1,1,254,174,180,180
A,3595,0.21080892,0.21756310,0.21418601,1,1,254,174,180,180
A,3596,0.21730740,0.22360680,0.22045710,1,1,254,174,180,180
A,3597,0.21191295,0.21618678,0.21404987,1,1,254,174,180,180
A,3598,0.20670070,0.20640627,0.20655348,1,1,254,174,180,180
A,3599,0.21594012,0.21618678,0.21606345,1,1,254,174,180,180
A,3600,0.20778321,0.22360680,0.21569500,1,1,254,174,180,180
A,3601,0.20778321,0.20640627,0.20709474,1,1,254,174,180,180
A,3602,0.22466314,0.21618678,0.22042496,1,1,254,174,180,180
A,3603,0.24028467,0.23281653,0.23655060,1,1,254,174,180,180
A,3604,0.24383644,0.23399837,0.23891741,1,1,254,174,180,180
A,3605,0.23593191,0.23399837,0.23496514,1,1,254,174,180,180
A,3606,0.23936854,0.24944629,0.24440741,1,1,254,174,180,180
A,3607,0.24383644,0.23399837,0.23891741,1,1,254,174,180,180
A,3608,0.24738821,0.22360680,0.23549750,1,1,254,174,180,180
A,3609,0.24028467,0.27627923,0.25828195,1,1,254,174,180,180
A,3610,0.27396668,0.25062813,0.26229740,1,1,254,174,180,180
A,3611,0.25712567,0.25923025,0.25817796,1,1,254,174,180,180
A,3612,0.27113375,0.25800784,0.26457080,1,1,254,174,180,180
A,3613,0.27709217,0.24202972,0.25956095,1,1,254,174,180,180
A,3614,0.27709217,0.24325213,0.26017215,1,1,254,174,180,180
A,3615,0.24738821,0.25800784,0.25269803,1,1,254,174,180,180
A,3616,0.24383644,0.24202972,0.24293308,1,1,254,174,180,180
A,3617,0.27709217,0.26711137,0.27210177,1,1,254,174,180,180
A,3618,0.27709217,0.26711137,0.27210177,1,1,254,174,180,180
A,3619,0.27709217,0.24993788,0.26351502,1,1,254,174,180,180
A,3620,0.27709217,0.25907871,0.26808544,1,1,254,174,180,180
A,3621,0.27709217,0.26711137,0.27210177,1,1,254,174,180,180
A,3622,0.22466314,0.24080732,0.23273523,1,1,254,174,180,180
A,3623,0.23936854,0.24080732,0.24008793,1,1,254,174,180,180
A,3624,0.21080892,0.24080732,0.22580812,1,1,254,174,180,180
A,3625,0.24511344,0.24080732,0.24296038,1,1,254,174,180,180
A,3626,0.23708813,0.21756310,0.22732562,1,1,254,174,180,180
A,3627,0.21624764,0.22360680,0.21992722,1,1,254,174,180,180
A,3628,0.20000001,0.20230968,0.20115484,1,1,254,174,180,180
A,3629,0.21080892,0.20640627,0.20860760,1,1,254,174,180,180
A,3630,0.21080892,0.16629752,0.18855322,1,1,254,174,180,180
A,3631,0.20397505,0.20782984,0.20590244,1,1,254,174,180,180
A,3632,0.20397505,0.20126759,0.20262132,1,1,254,174,180,180
A,3633,0.20000001,0.20093335,0.20046668,1,1,254,174,180,180
A,3634,0.20940272,0.19988898,0.20464585,1,1,254,174,180,180
A,3635,0.21191295,0.20677365,0.20934330,1,1,254,174,180,180
A,3636,0.20670070,0.19062931,0.19866500,1,1,254,174,180,180
A,3637,0.20670070,0.20677365,0.20673717,1,1,254,174,180,180
A,3638,0.20670070,0.20640627,0.20655348,1,1,254,174,180,180
A,3639,0.20000001,0.20093335,0.20046668,1,1,254,174,180,180
A,3640,0.21491714,0.21756310,0.21624012,1,1,254,174,180,180
A,3641,0.21491714,0.18292728,0.19892221,1,1,254,174,180,180
A,3642,0.21491714,0.18430360,0.19961037,1,1,254,174,180,180
A,3643,0.20795010,0.20093335,0.20444173,1,1,254,174,180,180
A,3644,0.20670070,0.20782984,0.20726527,1,1,254,174,180,180
A,3645,0.20670070,0.18430360,0.19550215,1,1,254,174,180,180
A,3646,0.24262895,0.20230968,0.22246931,1,1,254,174,180,180
A,3647,0.21080892,0.19090894,0.20085893,1,1,254,174,180,180
A,3648,0.20000001,0.21618678,0.20809339,1,1,254,174,180,180
A,3649,0.24383644,0.19900743,0.22142194,1,1,254,174,180,180
A,3650,0.24383644,0.19955703,0.22169673,1,1,254,174,180,180
A,3651,0.24383644,0.21756310,0.23069977,1,1,254,174,180,180
A,3652,0.23249528,0.21736862,0.22493195,1,1,254,174,180,180
A,3653,0.22349268,0.21756310,0.22052789,1,1,254,174,180,180
A,3654,0.23363466,0.21618678,0.22491072,1,1,254,174,180,180
A,3655,0.24383644,0.24080732,0.24232188,1,1,254,174,180,180
A,3656,0.23115268,0.23281653,0.23198461,1,1,254,174,180,180
A,3657,0.23490680,0.22503036,0.22996858,1,1,254,174,180,180
A,3658,0.21080892,0.20093335,0.20587114,1,1,254,174,180,180
A,3659,0.21730740,0.23399837,0.22565289,1,1,254,174,180,180
A,3660,0.23249528,0.21736862,0.22493195,1,1,254,174,180,180
A,3661,0.23249528,0.21559139,0.22404333,1,1,254,174,180,180
A,3662,0.24383644,0.22360680,0.23372162,1,1,254,174,180,180
A,3663,0.23593191,0.23335392,0.23464292,1,1,254,174,180,180
A,3664,0.23249528,0.21736862,0.22493195,1,1,254,174,180,180
A,3665,0.23249528,0.23399837,0.23324683,1,1,254,174,180,180
A,3666,0.20000001,0.16629752,0.18314877,1,1,254,174,180,180
A,3667,0.18780241,0.20230968,0.19505605,1,1,254,174,180,180
A,3668,0.20397505,0.17200523,0.18799014,1,1,254,174,180,180
A,3669,0.17417919,0.16794419,0.17106169,1,1,254,174,180,180
A,3670,0.20000001,0.16629752,0.18314877,1,1,254,174,180,180
A,3671,0.21080892,0.16959086,0.19019989,1,1,254,174,180,180
A,3672,0.20397505,0.19233250,0.19815378,1,1,254,174,180,180
A,3673,0.21080892,0.17811763,0.19446328,1,1,254,174,180,180
A,3674,0.17235893,0.19062931,0.18149412,1,1,254,174,180,180
A,3675,0.20397505,0.18430360,0.19413933,1,1,254,174,180,180
A,3676,0.20795010,0.18595027,0.19695019,1,1,254,174,180,180
A,3677,0.21080892,0.18864844,0.19972868,1,1,254,174,180,180
A,3678,0.20795010,0.18920575,0.19857793,1,1,254,174,180,180
A,3679,0.20670070,0.18457395,0.19563732,1,1,254,174,180,180
A,3680,0.20670070,0.21874494,0.21272282,1,1,254,174,180,180
A,3681,0.20397505,0.20640627,0.20519066,1,1,254,174,180,180
A,3682,0.20795010,0.20640627,0.20717819,1,1,254,174,180,180
A,3683,0.22760091,0.24080732,0.23420411,1,1,254,174,180,180
A,3684,0.22022269,0.23335392,0.22678831,1,1,254,174,180,180
A,3685,0.24383644,0.24202972,0.24293308,1,1,254,174,180,180
A,3686,0.20670070,0.22482920,0.21576495,1,1,254,174,180,180
A,3687,0.22349268,0.24080732,0.23215000,1,1,254,174,180,180
A,3688,0.22349268,0.24080732,0.23215000,1,1,254,174,180,180
A,3689,0.23593191,0.21559139,0.22576165,1,1,254,174,180,180
A,3690,0.22349268,0.22360680,0.22354974,1,1,254,174,180,180
A,3691,0.21491714,0.22416696,0.21954205,1,1,254,174,180,180
A,3692,0.20000001,0.21618678,0.20809339,1,1,254,174,180,180
A,3693,0.20529450,0.16959086,0.18744268,1,1,254,174,180,180
A,3694,0.20000001,0.19955703,0.19977852,1,1,254,174,180,180
A,3695,0.20397505,0.17200523,0.18799014,1,1,254,174,180,180
A,3696,0.20397505,0.21618678,0.21008092,1,1,254,174,180,180
A,3697,0.20529450,0.20093335,0.20311393,1,1,254,174,180,180
A,3698,0.20670070,0.18920575,0.19795322,1,1,254,174,180,180
A,3699,0.20670070,0.20640627,0.20655348,1,1,254,174,180,180
A,3700,0.20670070,0.20093335,0.20381702,1,1,254,174,180,180
A,3701,0.20397505,0.18323156,0.19360331,1,1,254,174,180,180
A,3702,0.20670070,0.19062931,0.19866500,1,1,254,174,180,180
A,3703,0.21080892,0.19955703,0.20518297,1,1,254,174,180,180
A,3704,0.20397505,0.20093335,0.20245420,1,1,254,174,180,180
A,3705,0.20670070,0.19090894,0.19880482,1,1,254,174,180,180
A,3706,0.18998622,0.20640627,0.19819625,1,1,254,174,180,180
A,3707,0.20000001,0.22360680,0.21180340,1,1,254,174,180,180
A,3708,0.21892483,0.22503036,0.22197759,1,1,254,174,180,180
A,3709,0.22760091,0.20721766,0.21740929,1,1,254,174,180,180
A,3710,0.23936854,0.23399837,0.23668346,1,1,254,174,180,180
A,3711,0.24028467,0.20640627,0.22334547,1,1,254,174,180,180
A,3712,0.24028467,0.24080732,0.24054599,1,1,254,174,180,180
A,3713,0.24738821,0.22360680,0.23549750,1,1,254,174,180,180
A,3714,0.23593191,0.22360680,0.22976935,1,1,254,174,180,180
A,3715,0.23115268,0.22625276,0.22870272,1,1,254,174,180,180
A,3716,0.15669029,0.15196735,0.15432882,1,1,254,174,180,180
A,3717,0.12344316,0.09657342,0.11000829,1,1,254,174,180,180
A,3718,0.11126242,0.09672388,0.10399315,1,1,254,174,180,180
A,3719,0.10117022,0.08060324,0.09088673,1,1,254,174,180,180
A,3720,0.10117022,0.08321926,0.09219474,1,1,254,174,180,180
A,3721,0.10117022,0.09994449,0.10055736,1,1,254,174,180,180
A,3722,0.13190983,0.11660190,0.12425587,1,1,254,174,180,180
A,3723,0.13556687,0.11660190,0.12608439,1,1,254,174,180,180
A,3724,0.12443197,0.11930503,0.12186850,1,1,254,174,180,180
A,3725,0.11654003,0.13530994,0.12592498,1,1,254,174,180,180
A,3726,0.13190983,0.13793103,0.13492043,1,1,254,174,180,180
A,3727,0.13623124,0.11666667,0.12644895,1,1,254,174,180,180
A,3728,0.13581489,0.12561006,0.13071247,1,1,254,174,180,180
A,3729,0.13419748,0.10264762,0.11842255,1,1,254,154,180,180
A,3730,0.13419748,0.08615569,0.11017659,1,1,254,154,180,180
A,3731,0.16238586,0.13101783,0.14670185,1,1,254,154,180,180
A,3732,0.14684615,0.13784910,0.14234762,1,1,254,154,180,180
A,3733,0.14488591,0.13333333,0.13910962,1,1,254,154,180,180
A,3734,0.15751089,0.13793103,0.14772096,1,1,254,154,180,180
A,3735,0.14603910,0.13793103,0.14198507,1,1,254,154,180,180
A,3736,0.17320360,0.17412103,0.17366231,1,1,277,178,151,150
A,3737,0.16765473,0.16061189,0.16413331,1,1,254,174,180,180
A,3738,0.16313208,0.16831699,0.16572454,1,1,254,174,180,180
A,3739,0.17320360,0.15508024,0.16414192,1,1,254,174,180,180
A,3740,0.16847635,0.18323156,0.17585396,1,1,254,174,180,180
A,3741,0.15235380,0.15508024,0.15371702,1,1,254,174,180,180
A,3742,0.16313208,0.14991673,0.15652441,1,1,254,174,180,180
A,3743,0.16238586,0.18323156,0.17280871,1,1,254,174,180,180
A,3744,0.17417919,0.19630342,0.18524130,1,1,254,174,180,180
A,3745,0.16847635,0.18920575,0.17884105,1,1,254,174,180,180
A,3746,0.21191295,0.20677365,0.20934330,1,1,254,174,180,180
A,3747,0.20670070,0.20925340,0.20797705,1,1,254,174,180,180
A,3748,0.18998622,0.20640627,0.19819625,1,1,254,174,180,180
A,3749,0.20778321,0.21374116,0.21076218,1,1,254,174,180,180
A,3750,0.23115268,0.23281653,0.23198461,1,1,254,174,180,180
A,3751,0.21080892,0.24983914,0.23032403,1,1,254,174,180,180
A,3752,0.23593191,0.22436752,0.23014972,1,1,254,174,180,180
A,3753,0.24028467,0.22416696,0.23222581,1,1,254,174,180,180
A,3754,0.21968427,0.23335392,0.22651910,1,1,254,174,180,180
A,3755,0.23593191,0.24131681,0.23862436,1,1,254,174,180,180
A,3756,0.18998622,0.20782984,0.19890803,1,1,254,174,180,180
A,3757,0.21080892,0.19062931,0.20071912,1,1,254,174,180,180
A,3758,0.21624764,0.22360680,0.21992722,1,1,254,174,180,180
A,3759,0.20000001,0.21874494,0.20937248,1,1,254,174,180,180
A,3760,0.21624764,0.19955703,0.20790234,1,1,254,174,180,180
A,3761,0.20000001,0.20579830,0.20289915,1,1,254,174,180,180
A,3762,0.20670070,0.20037997,0.20354033,1,1,254,174,180,180
A,3763,0.23936854,0.21676997,0.22806925,1,1,254,174,180,180
A,3764,0.21624764,0.21618678,0.21621721,1,1,254,174,180,180
A,3765,0.23593191,0.21618678,0.22605934,1,1,254,174,180,180
A,3766,0.23249528,0.25724787,0.24487157,1,1,254,174,180,180
A,3767,0.20141488,0.21756310,0.20948899,1,1,254,174,180,180
A,3768,0.24390077,0.23217534,0.23803805,1,1,254,174,180,180
A,3769,0.24738821,0.24080732,0.24409776,1,1,254,174,180,180
A,3770,0.23593191,0.23281653,0.23437422,1,1,254,174,180,180
A,3771,0.23593191,0.23281653,0.23437422,1,1,254,174,180,180
A,3772,0.23936854,0.24080732,0.24008793,1,1,254,174,180,180
A,3773,0.23115268,0.22482920,0.22799094,1,1,254,174,180,180
A,3774,0.23389772,0.24936468,0.24163120,1,1,254,174,180,180
A,3775,0.24583185,0.25923025,0.25253105,1,1,254,174,180,180
A,3776,0.26380294,0.24202972,0.25291633,1,1,254,174,180,180
A,3777,0.23454147,0.24080732,0.23767439,1,1,254,174,180,180
A,3778,0.24738821,0.24936468,0.24837645,1,1,254,174,180,180
A,3779,0.24028467,0.26030111,0.25029289,1,1,254,174,180,180
A,3780,0.24738821,0.23155292,0.23947056,1,1,254,174,180,180
A,3781,0.20670070,0.23155292,0.21912681,1,1,254,174,180,180
A,3782,0.24230242,0.26759466,0.25494854,1,1,254,174,180,180
A,3783,0.24738821,0.25063053,0.24900937,1,1,254,174,180,180
A,3784,0.24738821,0.24202972,0.24470897,1,1,254,174,180,180
A,3785,0.24738821,0.26955121,0.25846971,1,1,254,174,180,180
A,3786,0.24738821,0.25800784,0.25269803,1,1,254,174,180,180
A,3787,0.24583185,0.24325213,0.24454199,1,1,254,174,180,180
A,3788,0.23795784,0.26637572,0.25216678,1,1,254,174,180,180
A,3789,0.26953585,0.23335392,0.25144489,1,1,254,174,180,180
A,3790,0.23454147,0.23217534,0.23335840,1,1,254,174,180,180
A,3791,0.24583185,0.24936468,0.24759827,1,1,254,174,180,180
A,3792,0.23593191,0.27439773,0.25516482,1,1,254,174,180,180
A,3793,0.24028467,0.25923025,0.24975746,1,1,254,174,180,180
A,3794,0.24738821,0.24080732,0.24409776,1,1,254,174,180,180
A,3795,0.24028467,0.25907871,0.24968169,1,1,254,174,180,180
A,3796,0.24583185,0.26759466,0.25671325,1,1,254,174,180,180
A,3797,0.25861388,0.24131681,0.24996535,1,1,254,174,180,180
A,3798,0.26652950,0.27546544,0.27099747,1,1,254,174,180,180
A,3799,0.26810958,0.29336155,0.28073556,1,1,254,174,180,180
A,3800,0.23593191,0.25923025,0.24758108,1,1,254,174,180,180
A,3801,0.27396668,0.25063053,0.26229860,1,1,254,174,180,180
A,3802,0.23593191,0.27627923,0.25610557,1,1,254,174,180,180
A,3803,0.25033047,0.25831558,0.25432302,1,1,254,174,180,180
A,3804,0.26810958,0.25846706,0.26328832,1,1,254,174,180,180
A,3805,0.23454147,0.26030111,0.24742129,1,1,254,174,180,180
A,3806,0.26380294,0.25800784,0.26090539,1,1,254,174,180,180
A,3807,0.22349268,0.22360680,0.22354974,1,1,254,174,180,180
A,3808,0.23249528,0.20721766,0.21985647,1,1,254,174,180,180
A,3809,0.24383644,0.24325213,0.24354428,1,1,254,174,180,180
A,3810,0.20636965,0.21562615,0.21099790,1,1,254,174,180,180
A,3811,0.24028467,0.23155292,0.23591880,1,1,254,174,180,180
A,3812,0.22324958,0.22360680,0.22342819,1,1,254,174,180,180
A,3813,0.24032926,0.22665546,0.23349236,1,1,254,174,180,180
A,3814,0.22466314,0.23474018,0.22970166,1,1,254,174,180,180
A,3815,0.22466314,0.22360680,0.22413497,1,1,254,174,180,180
A,3816,0.25847227,0.25800784,0.25824006,1,1,254,174,180,180
A,3817,0.21505814,0.22482920,0.21994367,1,1,254,174,180,180
A,3818,0.23363466,0.22400479,0.22881972,1,1,254,174,180,180
A,3819,0.23363466,0.22625276,0.22994371,1,1,254,174,180,180
A,3820,0.24032926,0.22400479,0.23216702,1,1,254,174,180,180
A,3821,0.24032926,0.24202972,0.24117949,1,1,254,174,180,180
A,3822,0.24154307,0.22625276,0.23389792,1,1,254,174,180,180
A,3823,0.20098014,0.19267483,0.19682748,1,1,254,174,180,180
A,3824,0.21730740,0.22625276,0.22178008,1,1,254,174,180,180
A,3825,0.24032926,0.22625276,0.23329101,1,1,254,174,180,180
A,3826,0.21730740,0.22360680,0.22045710,1,1,254,174,180,180
A,3827,0.22076087,0.20640627,0.21358357,1,1,254,174,180,180
A,3828,0.20098014,0.20640627,0.20369321,1,1,254,174,180,180
A,3829,0.21730740,0.20640627,0.21185684,1,1,254,174,180,180
A,3830,0.20098014,0.18920575,0.19509295,1,1,254,174,180,180
A,3831,0.20098014,0.19090894,0.19594454,1,1,254,174,180,180
A,3832,0.20670070,0.20640627,0.20655348,1,1,254,174,180,180
A,3833,0.20098014,0.18595027,0.19346521,1,1,254,174,180,180
A,3834,0.19239678,0.20175250,0.19707464,1,1,254,174,180,180
A,3835,0.20000001,0.20925340,0.20462670,1,1,254,174,180,180
A,3836,0.20000001,0.22625276,0.21312638,1,1,254,174,180,180
A,3837,0.18382737,0.20230968,0.19306852,1,1,254,174,180,180
A,3838,0.22365932,0.24202972,0.23284452,1,1,254,174,180,180
A,3839,0.23708813,0.24202972,0.23955893,1,1,254,174,180,180
A,3840,0.21624764,0.22360680,0.21992722,1,1,254,174,180,180
A,3841,0.20098014,0.20093335,0.20095675,1,1,254,174,180,180
A,3842,0.20670070,0.24080732,0.22375401,1,1,254,174,180,180
A,3843,0.22349268,0.22503036,0.22426152,1,1,254,174,180,180
A,3844,0.20000001,0.20093335,0.20046668,1,1,254,174,180,180
A,3845,0.20636965,0.20925340,0.20781153,1,1,254,174,180,180
A,3846,0.21191295,0.20640627,0.20915961,1,1,254,174,180,180
A,3847,0.20000001,0.18292728,0.19146364,1,1,254,174,180,180
A,3848,0.20778321,0.21618678,0.21198500,1,1,254,174,180,180
A,3849,0.21080892,0.22360680,0.21720786,1,1,254,174,180,180
A,3850,0.20000001,0.20037997,0.20018999,1,1,254,174,180,180
A,3851,0.13471320,0.15361676,0.14416498,1,1,254,174,180,180
A,3852,0.11877887,0.13074601,0.12476244,1,1,254,174,180,180
A,3853,0.09892941,0.09672388,0.09782664,1,1,254,174,180,180
A,3854,0.15089771,0.13094972,0.14092371,1,1,254,174,180,180
A,3855,0.15032004,0.14991673,0.15011838,1,1,254,174,180,180
A,3856,0.18472824,0.17200523,0.17836674,1,1,254,174,180,180
A,3857,0.20778321,0.20640627,0.20709474,1,1,254,174,180,180
A,3858,0.19098120,0.20640627,0.19869374,1,1,254,174,180,180
A,3859,0.20778321,0.20640627,0.20709474,1,1,254,174,180,180
A,3860,0.23363466,0.22360680,0.22862073,1,1,254,174,180,180
A,3861,0.23249528,0.24080732,0.23665130,1,1,254,174,180,180
A,3862,0.23249528,0.20721766,0.21985647,1,1,254,174,180,180
A,3863,0.23249528,0.20640627,0.21945078,1,1,254,174,180,180
A,3864,0.24154307,0.20640627,0.22397467,1,1,254,174,180,180
A,3865,0.22076087,0.20925340,0.21500713,1,1,254,174,180,180
A,3866,0.22466314,0.18920575,0.20693445,1,1,254,174,180,180
A,3867,0.20098014,0.20782984,0.20440499,1,1,254,174,180,180
A,3868,0.22076087,0.20925340,0.21500713,1,1,254,174,180,180
A,3869,0.20778321,0.20640627,0.20709474,1,1,254,174,180,180
A,3870,0.22879288,0.21521531,0.22200409,1,1,254,174,180,180
A,3871,0.21191295,0.21521531,0.21356413,1,1,254,174,180,180
A,3872,0.22466314,0.25189637,0.23827976,1,1,254,174,180,180
A,3873,0.22349268,0.23302707,0.22825988,1,1,254,174,180,180
A,3874,0.24154307,0.24936468,0.24545388,1,1,254,174,180,180
A,3875,0.22466314,0.23302707,0.22884511,1,1,254,174,180,180
A,3876,0.20778321,0.20640627,0.20709474,1,1,254,174,180,180
A,3877,0.19098120,0.19807050,0.19452585,1,1,254,174,180,180
A,3878,0.19961286,0.18954251,0.19457769,1,1,254,174,180,180
A,3879,0.19824558,0.18954251,0.19389405,1,1,254,174,180,180
A,3880,0.22823351,0.19090894,0.20957123,1,1,254,174,180,180
A,3881,0.20098014,0.21521531,0.20809772,1,1,254,174,180,180
A,3882,0.20778321,0.20640627,0.20709474,1,1,254,174,180,180
A,3883,0.22466314,0.21374116,0.21920215,1,1,254,174,180,180
A,3884,0.18830381,0.20640627,0.19735504,1,1,254,174,180,180
A,3885,0.20670070,0.17370842,0.19020456,1,1,254,174,180,180
A,3886,0.20778321,0.19062931,0.19920626,1,1,254,174,180,180
A,3887,0.20778321,0.20782984,0.20780652,1,1,254,174,180,180
A,3888,0.20670070,0.20925340,0.20797705,1,1,254,174,180,180
A,3889,0.20670070,0.20782984,0.20726527,1,1,254,174,180,180
A,3890,0.20778321,0.18920575,0.19849448,1,1,254,174,180,180
A,3891,0.19098120,0.20782984,0.19940552,1,1,254,174,180,180
A,3892,0.21730740,0.20925340,0.21328040,1,1,254,174,180,180
A,3893,0.22076087,0.20925340,0.21500713,1,1,254,174,180,180
A,3894,0.20778321,0.20925340,0.20851831,1,1,254,174,180,180
A,3895,0.21730740,0.20677365,0.21204053,1,1,254,174,180,180
A,3896,0.20636965,0.19096861,0.19866913,1,1,254,174,180,180
A,3897,0.23249528,0.20925340,0.22087434,1,1,254,174,180,180
A,3898,0.21730740,0.20782984,0.21256862,1,1,254,174,180,180
A,3899,0.18780241,0.20579830,0.19680036,1,1,254,174,180,180
A,3900,0.20778321,0.23281876,0.22030099,1,1,254,174,180,180
A,3901,0.20497467,0.20782984,0.20640225,1,1,254,174,180,180
A,3902,0.22130193,0.24080732,0.23105462,1,1,254,174,180,180
A,3903,0.22466314,0.25189637,0.23827976,1,1,254,174,180,180
A,3904,0.24154307,0.25063053,0.24608680,1,1,254,174,180,180
A,3905,0.24154307,0.25189637,0.24671972,1,1,254,174,180,180
A,3906,0.22349268,0.25063053,0.23706160,1,1,254,174,180,180
A,3907,0.24154307,0.24202972,0.24178640,1,1,254,174,180,180
A,3908,0.23363466,0.24080732,0.23722099,1,1,254,174,180,180
A,3909,0.22466314,0.24936468,0.23701391,1,1,254,174,180,180
A,3910,0.24154307,0.24080732,0.24117520,1,1,254,174,180,180
A,3911,0.24154307,0.24202972,0.24178640,1,1,254,174,180,180
A,3912,0.24154307,0.24246051,0.24200179,1,1,254,174,180,180
A,3913,0.24154307,0.25189637,0.24671972,1,1,254,174,180,180
A,3914,0.24154307,0.24080732,0.24117520,1,1,254,174,180,180
A,3915,0.24028467,0.24080732,0.24054599,1,1,254,174,180,180
A,3916,0.23363466,0.24009801,0.23686634,1,1,254,174,180,180
A,3917,0.25000000,0.26955121,0.25977561,1,1,254,174,180,180
A,3918,0.20670070,0.22360680,0.21515375,1,1,254,174,180,180
A,3919,0.20000001,0.19233250,0.19616625,1,1,254,174,180,180
A,3920,0.18617454,0.20093335,0.19355395,1,1,254,174,180,180
A,3921,0.20397505,0.18954251,0.19675878,1,1,254,174,180,180
A,3922,0.18382737,0.18595027,0.18488882,1,1,254,174,180,180
A,3923,0.18382737,0.18461018,0.18421877,1,1,254,174,180,180
A,3924,0.17417919,0.17370842,0.17394380,1,1,254,174,180,180
A,3925,0.18309240,0.17200523,0.17754881,1,1,254,174,180,180
A,3926,0.18472824,0.19090894,0.18781859,1,1,254,174,180,180
A,3927,0.18472824,0.18920575,0.18696700,1,1,254,174,180,180
A,3928,0.21049939,0.18595027,0.19822483,1,1,254,174,180,180
A,3929,0.18708692,0.20640627,0.19674660,1,1,254,174,180,180
A,3930,0.20497467,0.18920575,0.19709021,1,1,254,174,180,180
A,3931,0.19098120,0.18920575,0.19009348,1,1,254,174,180,180
A,3932,0.21730740,0.19955703,0.20843221,1,1,254,174,180,180
A,3933,0.18472824,0.20230968,0.19351896,1,1,254,174,180,180
A,3934,0.20778321,0.20640627,0.20709474,1,1,254,174,180,180
A,3935,0.16684050,0.18457395,0.17570722,1,1,254,174,180,180
A,3936,0.18872277,0.18954251,0.18913264,1,1,254,174,180,180
A,3937,0.20670070,0.18920575,0.19795322,1,1,254,174,180,180
A,3938,0.20000001,0.18920575,0.19460288,1,1,254,174,180,180
A,3939,0.20000001,0.20640627,0.20320314,1,1,254,174,180,180
A,3940,0.20000001,0.20640627,0.20320314,1,1,254,174,180,180
A,3941,0.18945550,0.20640627,0.19793089,1,1,254,174,180,180
A,3942,0.20778321,0.20640627,0.20709474,1,1,254,174,180,180
A,3943,0.19098120,0.21562615,0.20330368,1,1,254,174,180,180
A,3944,0.19098120,0.17370842,0.18234481,1,1,254,174,180,180
A,3945,0.19586847,0.17200523,0.18393685,1,1,254,174,180,180
A,3946,0.19098120,0.19090894,0.19094507,1,1,254,174,180,180
A,3947,0.19098120,0.17988134,0.18543127,1,1,254,174,180,180
A,3948,0.19098120,0.17200523,0.18149321,1,1,254,174,180,180
A,3949,0.20778321,0.19124873,0.19951597,1,1,254,174,180,180
A,3950,0.19098120,0.19740354,0.19419237,1,1,254,174,180,180
A,3951,0.20497467,0.18920575,0.19709021,1,1,254,174,180,180
A,3952,0.18472824,0.18920575,0.18696700,1,1,254,174,180,180
A,3953,0.20098014,0.21756310,0.20927162,1,1,254,174,180,180
A,3954,0.20000001,0.18595027,0.19297514,1,1,254,174,180,180
A,3955,0.20670070,0.18920575,0.19795322,1,1,254,174,180,180
A,3956,0.20000001,0.19233250,0.19616625,1,1,254,174,180,180
A,3957,0.20397505,0.19062931,0.19730218,1,1,254,174,180,180
A,3958,0.20000001,0.20037997,0.20018999,1,1,254,174,180,180
A,3959,0.21080892,0.19233250,0.20157071,1,1,254,174,180,180
A,3960,0.21080892,0.19233250,0.20157071,1,1,254,174,180,180
A,3961,0.23249528,0.20640627,0.21945078,1,1,254,174,180,180
A,3962,0.24383644,0.20863703,0.22623674,1,1,254,174,180,180
A,3963,0.23249528,0.22360680,0.22805104,1,1,254,174,180,180
A,3964,0.21191295,0.19176598,0.20183947,1,1,254,174,180,180
A,3965,0.24383644,0.24131681,0.24257663,1,1,254,174,180,180
A,3966,0.21730740,0.19955703,0.20843221,1,1,254,174,180,180
A,3967,0.15089771,0.13303802,0.14196786,1,1,254,174,180,180
A,3968,0.10488613,0.08328707,0.09408660,1,1,254,174,180,180
A,3969,0.09892941,0.08060324,0.08976632,1,1,254,174,180,180
A,3970,0.12443197,0.11284453,0.11863825,1,1,254,174,180,180
A,3971,0.13623124,0.11660190,0.12641657,1,1,254,174,180,180
A,3972,0.17886845,0.16794419,0.17340632,1,1,254,174,180,180
A,3973,0.16847635,0.16629752,0.16738694,1,1,254,174,180,180
A,3974,0.16765473,0.17401760,0.17083616,1,1,254,174,180,180
A,3975,0.18945550,0.17200523,0.18073036,1,1,254,174,180,180
A,3976,0.18219950,0.16822356,0.17521153,1,1,254,174,180,180
A,3977,0.20670070,0.17845766,0.19257918,1,1,254,174,180,180
A,3978,0.18956764,0.17231138,0.18093951,1,1,254,174,180,180
A,3979,0.20670070,0.18920575,0.19795322,1,1,254,174,180,180
A,3980,0.20778321,0.19096861,0.19937591,1,1,254,174,180,180
A,3981,0.20497467,0.18406562,0.19452014,1,1,254,174,180,180
A,3982,0.20778321,0.20677365,0.20727843,1,1,254,174,180,180
A,3983,0.22022269,0.20782984,0.21402626,1,1,254,174,180,180
A,3984,0.20670070,0.21562615,0.21116342,1,1,254,174,180,180
A,3985,0.23936854,0.23281653,0.23609254,1,1,254,174,180,180
A,3986,0.24154307,0.19900743,0.22027525,1,1,254,174,180,180
A,3987,0.22466314,0.20579830,0.21523072,1,1,254,174,180,180
A,3988,0.21933247,0.20863703,0.21398475,1,1,254,174,180,180
A,3989,0.23236325,0.23281653,0.23258989,1,1,254,174,180,180
A,3990,0.24154307,0.22360680,0.23257493,1,1,254,174,180,180
A,3991,0.23249528,0.23281653,0.23265591,1,1,254,174,180,180
A,3992,0.24154307,0.22503036,0.23328671,1,1,254,174,180,180
A,3993,0.25000000,0.24325213,0.24662606,1,1,254,174,180,180
A,3994,0.24154307,0.24080732,0.24117520,1,1,254,174,180,180
A,3995,0.25847227,0.23281653,0.24564440,1,1,254,174,180,180
A,3996,0.24868381,0.23281653,0.24075017,1,1,254,174,180,180
A,3997,0.24154307,0.23399837,0.23777072,1,1,254,174,180,180
A,3998,0.24154307,0.23518021,0.23836164,1,1,254,174,180,180
A,3999,0.24154307,0.24325213,0.24239760,1,1,254,174,180,180
A,4000,0.21624764,0.22558633,0.22091698,1,1,254,174,180,180
A,4001,0.22349268,0.24325213,0.23337240,1,1,254,174,180,180
A,4002,0.21191295,0.19090894,0.20141095,1,1,254,174,180,180
A,4003,0.21080892,0.22625276,0.21853084,1,1,254,174,180,180
A,4004,0.21191295,0.20782984,0.20987139,1,1,254,174,180,180
A,4005,0.21730740,0.20962584,0.21346662,1,1,254,174,180,180
A,4006,0.22324958,0.20782984,0.21553971,1,1,254,174,180,180
A,4007,0.22466314,0.20640627,0.21553471,1,1,254,174,180,180
A,4008,0.20098014,0.20230968,0.20164491,1,1,254,174,180,180
A,4009,0.20360739,0.18323156,0.19341948,1,1,254,174,180,180
A,4010,0.20098014,0.20925340,0.20511677,1,1,254,174,180,180
A,4011,0.22076087,0.19955703,0.21015895,1,1,254,174,180,180
A,4012,0.22466314,0.20230968,0.21348641,1,1,254,174,180,180
A,4013,0.20778321,0.19090894,0.19934608,1,1,254,174,180,180
A,4014,0.17417919,0.19900743,0.18659331,1,1,254,174,180,180
A,4015,0.18928998,0.17541160,0.18235079,1,1,254,174,180,180
A,4016,0.19586847,0.20925340,0.20256093,1,1,254,174,180,180
A,4017,0.17417919,0.16629752,0.17023836,1,1,254,174,180,180
A,4018,0.19484802,0.18920575,0.19202689,1,1,254,174,180,180
A,4019,0.19098120,0.19955703,0.19526911,1,1,254,174,180,180
A,4020,0.19586847,0.18292728,0.18939787,1,1,254,174,180,180
A,4021,0.18945550,0.20579830,0.19762690,1,1,254,174,180,180
A,4022,0.20272623,0.19062931,0.19667777,1,1,254,174,180,180
A,4023,0.17248796,0.16249859,0.16749328,1,1,254,174,180,180
A,4024,0.18945550,0.18292728,0.18619139,1,1,254,174,180,180
A,4025,0.18780241,0.18920575,0.18850408,1,1,254,174,180,180
A,4026,0.20670070,0.20640627,0.20655348,1,1,254,174,180,180
A,4027,0.20000001,0.19264839,0.19632420,1,1,254,174,180,180
A,4028,0.20098014,0.18430360,0.19264187,1,1,254,174,180,180
A,4029,0.21624764,0.20093335,0.20859050,1,1,254,174,180,180
A,4030,0.22704445,0.20175250,0.21439848,1,1,254,174,180,180
A,4031,0.21624764,0.20175250,0.20900007,1,1,254,174,180,180
A,4032,0.20529450,0.19397706,0.19963578,1,1,254,174,180,180
A,4033,0.20795010,0.23453251,0.22124130,1,1,254,174,180,180
A,4034,0.20098014,0.19955703,0.20026858,1,1,254,174,180,180
A,4035,0.21624764,0.21814250,0.21719507,1,1,254,174,180,180
A,4036,0.21080892,0.22558633,0.21819762,1,1,254,174,180,180
A,4037,0.21191295,0.22294815,0.21743055,1,1,254,174,180,180
A,4038,0.22349268,0.22558633,0.22453950,1,1,254,174,180,180
A,4039,0.22760091,0.22416696,0.22588393,1,1,254,174,180,180
A,4040,0.22208649,0.21696392,0.21952520,1,1,254,174,180,180
A,4041,0.22349268,0.22625276,0.22487272,1,1,254,174,180,180
A,4042,0.20778321,0.20863703,0.20821012,1,1,254,174,180,180
A,4043,0.21191295,0.20640627,0.20915961,1,1,254,174,180,180
A,4044,0.20778321,0.20640627,0.20709474,1,1,254,174,180,180
A,4045,0.21933247,0.20640627,0.21286937,1,1,254,174,180,180
A,4046,0.21191295,0.21521531,0.21356413,1,1,254,174,180,180
A,4047,0.22130193,0.20093335,0.21111764,1,1,254,174,180,180
A,4048,0.20778321,0.20819975,0.20799148,1,1,254,174,180,180
A,4049,0.21730740,0.21736862,0.21733801,1,1,254,174,180,180
A,4050,0.22130193,0.20037997,0.21084095,1,1,254,174,180,180
A,4051,0.21730740,0.20782984,0.21256862,1,1,254,174,180,180
A,4052,0.24154307,0.24325213,0.24239760,1,1,254,174,180,180
A,4053,0.21730740,0.21792501,0.21761620,1,1,254,174,180,180
A,4054,0.22466314,0.22625276,0.22545795,1,1,254,174,180,180
A,4055,0.24154307,0.24080732,0.24117520,1,1,254,174,180,180
A,4056,0.24868381,0.24080732,0.24474557,1,1,254,174,180,180
A,4057,0.21604269,0.21874494,0.21739382,1,1,254,174,180,180
A,4058,0.21505814,0.21668946,0.21587380,1,1,254,174,180,180
A,4059,0.20778321,0.20640627,0.20709474,1,1,254,174,180,180
A,4060,0.20778321,0.19955703,0.20367012,1,1,254,174,180,180
A,4061,0.22466314,0.19955703,0.21211009,1,1,254,174,180,180
A,4062,0.21933247,0.21668946,0.21801096,1,1,254,174,180,180
A,4063,0.22466314,0.20925340,0.21695827,1,1,254,174,180,180
A,4064,0.21730740,0.20093335,0.20912038,1,1,254,174,180,180
A,4065,0.21730740,0.20640627,0.21185684,1,1,254,174,180,180
A,4066,0.22466314,0.20925340,0.21695827,1,1,254,174,180,180
A,4067,0.24154307,0.22360680,0.23257493,1,1,254,174,180,180
A,4068,0.23363466,0.22294815,0.22829141,1,1,254,174,180,180
A,4069,0.24154307,0.24936468,0.24545388,1,1,254,174,180,180
A,4070,0.23708813,0.24202972,0.23955893,1,1,254,174,180,180
A,4071,0.25847227,0.24009801,0.24928514,1,1,254,174,180,180
A,4072,0.23593191,0.24009801,0.23801496,1,1,254,174,180,180
A,4073,0.26380294,0.24009801,0.25195047,1,1,254,174,180,180
A,4074,0.24154307,0.24080732,0.24117520,1,1,254,174,180,180
A,4075,0.24154307,0.24080732,0.24117520,1,1,254,174,180,180
A,4076,0.24154307,0.20640627,0.22397467,1,1,254,174,180,180
A,4077,0.23708813,0.24202972,0.23955893,1,1,254,174,180,180
A,4078,0.22130193,0.22360680,0.22245436,1,1,254,174,180,180
A,4079,0.24383644,0.25063053,0.24723348,1,1,254,174,180,180
A,4080,0.24028467,0.25189637,0.24609052,1,1,254,174,180,180
A,4081,0.24383644,0.25923025,0.25153334,1,1,254,174,180,180
A,4082,0.21604269,0.21521531,0.21562900,1,1,254,174,180,180
A,4083,0.08943034,0.09994449,0.09468741,1,1,254,174,180,180
A,4084,0.08918318,0.08721936,0.08820127,1,1,254,174,180,180
A,4085,0.11832416,0.11660190,0.11746303,1,1,254,174,180,180
A,4086,0.15129715,0.13325932,0.14227823,1,1,254,174,180,180
A,4087,0.18928998,0.16061189,0.17495093,1,1,254,174,180,180
A,4088,0.19098120,0.20782984,0.19940552,1,1,254,174,180,180
A,4089,0.22466314,0.18920575,0.20693445,1,1,254,174,180,180
A,4090,0.22466314,0.24080732,0.23273523,1,1,254,174,180,180
A,4091,0.23236325,0.22360680,0.22798502,1,1,254,174,180,180
A,4092,0.22466314,0.22360680,0.22413497,1,1,254,174,180,180
A,4093,0.23593191,0.24080732,0.23836961,1,1,254,174,180,180
A,4094,0.26204264,0.23453251,0.24828758,1,1,254,174,180,180
A,4095,0.26204264,0.23453251,0.24828758,1,1,254,174,180,180
A,4096,0.23236325,0.24080732,0.23658529,1,1,254,174,180,180
A,4097,0.22076087,0.23335392,0.22705740,1,1,254,174,180,180
A,4098,0.21080892,0.20782984,0.20931938,1,1,254,174,180,180
A,4099,0.19345002,0.17149858,0.18247430,1,1,254,174,180,180
A,4100,0.20670070,0.20925340,0.20797705,1,1,254,174,180,180
A,4101,0.20670070,0.18920575,0.19795322,1,1,254,174,180,180
A,4102,0.20778321,0.20925340,0.20851831,1,1,254,174,180,180
A,4103,0.20098014,0.19090894,0.19594454,1,1,254,174,180,180
A,4104,0.20098014,0.18920575,0.19509295,1,1,254,174,180,180
A,4105,0.20497467,0.18920575,0.19709021,1,1,254,174,180,180
A,4106,0.20098014,0.20640627,0.20369321,1,1,254,174,180,180
A,4107,0.22076087,0.22400479,0.22238283,1,1,254,174,180,180
A,4108,0.20098014,0.20640627,0.20369321,1,1,254,174,180,180
A,4109,0.21730740,0.20640627,0.21185684,1,1,254,174,180,180
A,4110,0.22076087,0.22625276,0.22350682,1,1,254,174,180,180
A,4111,0.22076087,0.22360680,0.22218383,1,1,254,174,180,180
A,4112,0.20098014,0.18920575,0.19509295,1,1,254,174,180,180
A,4113,0.22076087,0.20640627,0.21358357,1,1,254,174,180,180
A,4114,0.20098014,0.21559139,0.20828576,1,1,254,174,180,180
A,4115,0.20000001,0.19955703,0.19977852,1,1,254,174,180,180
A,4116,0.20000001,0.19900743,0.19950372,1,1,254,174,180,180
A,4117,0.20000001,0.20640627,0.20320314,1,1,254,174,180,180
A,4118,0.20896920,0.19900743,0.20398831,1,1,254,174,180,180
A,4119,0.24028467,0.22360680,0.23194573,1,1,254,174,180,180
A,4120,0.24383644,0.22360680,0.23372162,1,1,254,174,180,180
A,4121,0.23593191,0.23399837,0.23496514,1,1,254,174,180,180
A,4122,0.24028467,0.23399837,0.23714152,1,1,254,174,180,180
A,4123,0.20670070,0.21756310,0.21213190,1,1,254,174,180,180
A,4124,0.24383644,0.23335392,0.23859518,1,1,254,174,180,180
A,4125,0.23249528,0.23518021,0.23383775,1,1,254,174,180,180
A,4126,0.23593191,0.24131681,0.23862436,1,1,254,174,180,180
A,4127,0.24383644,0.24325213,0.24354428,1,1,254,174,180,180
A,4128,0.26380294,0.24080732,0.25230513,1,1,254,174,180,180
A,4129,0.25712567,0.25189637,0.25451102,1,1,254,174,180,180
A,4130,0.24738821,0.24080732,0.24409776,1,1,254,174,180,180
A,4131,0.24028467,0.24857729,0.24443098,1,1,254,174,180,180
A,4132,0.24879034,0.24202972,0.24541003,1,1,254,174,180,180
A,4133,0.24738821,0.24202972,0.24470897,1,1,254,174,180,180
A,4134,0.27224310,0.25846667,0.26535489,1,1,254,174,180,180
A,4135,0.27709217,0.24131681,0.25920449,1,1,254,174,180,180
A,4136,0.25181451,0.24979177,0.25080314,1,1,254,174,180,180
A,4137,0.28168520,0.25110098,0.26639309,1,1,254,174,180,180
A,4138,0.26953585,0.27735010,0.27344297,1,1,254,174,180,180
A,4139,0.27224310,0.25189637,0.26206974,1,1,254,174,180,180
A,4140,0.28021766,0.24080732,0.26051249,1,1,254,174,180,180
A,4141,0.26204264,0.24009801,0.25107033,1,1,254,174,180,180
A,4142,0.24879034,0.25800784,0.25339909,1,1,254,174,180,180
A,4143,0.27113375,0.25189637,0.26151506,1,1,254,174,180,180
A,4144,0.27113375,0.23399837,0.25256606,1,1,254,174,180,180
A,4145,0.27709217,0.24131681,0.25920449,1,1,254,174,180,180
A,4146,0.27709217,0.24009801,0.25859509,1,1,254,174,180,180
A,4147,0.25222697,0.24202972,0.24712835,1,1,254,174,180,180
A,4148,0.26810958,0.24080732,0.25445845,1,1,254,174,180,180
A,4149,0.27709217,0.24202972,0.25956095,1,1,254,174,180,180
A,4150,0.24738821,0.24131681,0.24435251,1,1,254,174,180,180
A,4151,0.24383644,0.24131681,0.24257663,1,1,254,174,180,180
A,4152,0.24028467,0.24202972,0.24115720,1,1,254,174,180,180
A,4153,0.23593191,0.23335392,0.23464292,1,1,254,174,180,180
A,4154,0.24383644,0.25800784,0.25092214,1,1,254,174,180,180
A,4155,0.24028467,0.24253562,0.24141014,1,1,254,174,180,180
A,4156,0.24383644,0.24080732,0.24232188,1,1,254,174,180,180
A,4157,0.23249528,0.23399837,0.23324683,1,1,254,174,180,180
A,4158,0.23593191,0.23453251,0.23523221,1,1,254,174,180,180
A,4159,0.24383644,0.21618678,0.23001161,1,1,254,174,180,180
A,4160,0.26025117,0.23399837,0.24712477,1,1,254,174,180,180
A,4161,0.23249528,0.24202972,0.23726250,1,1,254,174,180,180
A,4162,0.26508540,0.25831558,0.26170049,1,1,254,174,180,180
A,4163,0.26067744,0.24202972,0.25135358,1,1,254,174,180,180
A,4164,0.26025117,0.25724787,0.25874952,1,1,254,174,180,180
A,4165,0.25222697,0.24009801,0.24616249,1,1,254,174,180,180
A,4166,0.26810958,0.24080732,0.25445845,1,1,254,174,180,180
A,4167,0.25968373,0.26607604,0.26287988,1,1,254,174,180,180
A,4168,0.26810958,0.26637572,0.26724265,1,1,254,174,180,180
A,4169,0.24511344,0.24253562,0.24382453,1,1,254,174,180,180
A,4170,0.26810958,0.23335392,0.25073175,1,1,254,174,180,180
A,4171,0.23593191,0.23399837,0.23496514,1,1,254,174,180,180
A,4172,0.26810958,0.24993788,0.25902373,1,1,254,174,180,180
A,4173,0.23593191,0.23399837,0.23496514,1,1,254,174,180,180
A,4174,0.26508540,0.23399837,0.24954189,1,1,254,174,180,180
A,4175,0.26508540,0.26637572,0.26573056,1,1,254,174,180,180
A,4176,0.25181451,0.24253562,0.24717507,1,1,254,174,180,180
A,4177,0.26810958,0.25800784,0.26305871,1,1,254,174,180,180
A,4178,0.26025117,0.24202972,0.25114044,1,1,254,174,180,180
A,4179,0.26810958,0.25923025,0.26366991,1,1,254,174,180,180
A,4180,0.26810958,0.26637572,0.26724265,1,1,254,174,180,180
A,4181,0.26261286,0.26637572,0.26449429,1,1,254,174,180,180
A,4182,0.26810958,0.26030111,0.26420534,1,1,254,174,180,180
A,4183,0.28443650,0.24202972,0.26323311,1,1,254,174,180,180
A,4184,0.25222697,0.24202972,0.24712835,1,1,254,174,180,180
A,4185,0.25222697,0.24202972,0.24712835,1,1,254,174,180,180
A,4186,0.27709217,0.24202972,0.25956095,1,1,254,174,180,180
A,4187,0.28411108,0.27439773,0.27925440,1,1,254,174,180,180
A,4188,0.28411108,0.24202972,0.26307040,1,1,254,174,180,180
A,4189,0.29675527,0.27627923,0.28651725,1,1,254,174,180,180
A,4190,0.26652950,0.25846667,0.26249808,1,1,254,174,180,180
A,4191,0.26652950,0.26740820,0.26696885,1,1,254,174,180,180
A,4192,0.26810958,0.25907871,0.26359414,1,1,254,174,180,180
A,4193,0.29362978,0.27653315,0.28508146,1,1,254,174,180,180
A,4194,0.23593191,0.24993788,0.24293489,1,1,254,174,180,180
A,4195,0.28411108,0.26711137,0.27561122,1,1,254,174,180,180
A,4196,0.26810958,0.28720605,0.27765781,1,1,254,174,180,180
A,4197,0.31329288,0.30964730,0.31147009,1,1,254,174,180,180
A,4198,0.28713525,0.26637572,0.27675549,1,1,254,174,180,180
A,4199,0.26508540,0.27546544,0.27027542,1,1,254,174,180,180
A,4200,0.26810958,0.27546544,0.27178751,1,1,254,174,180,180
A,4201,0.27975385,0.28284571,0.28129978,1,1,254,174,180,180
A,4202,0.20795010,0.18292728,0.19543869,1,1,254,174,180,180
A,4203,0.16347222,0.17231138,0.16789180,1,1,254,174,180,180
A,4204,0.15235380,0.16095569,0.15665475,1,1,254,174,180,180
A,4205,0.15161080,0.15156614,0.15158847,1,1,254,174,180,180
A,4206,0.19756475,0.18292728,0.19024602,1,1,254,174,180,180
A,4207,0.22022269,0.19955703,0.20988986,1,1,254,174,180,180
A,4208,0.23249528,0.22482920,0.22866224,1,1,254,174,180,180
A,4209,0.28021766,0.23335392,0.25678579,1,1,254,174,180,180
A,4210,0.27709217,0.27546544,0.27627880,1,1,254,174,180,180
A,4211,0.30855027,0.27653315,0.29254171,1,1,254,174,180,180
A,4212,0.26652950,0.24202972,0.25427961,1,1,254,174,180,180
A,4213,0.25033047,0.25923025,0.25478036,1,1,254,174,180,180
A,4214,0.25033047,0.26711137,0.25872092,1,1,254,174,180,180
A,4215,0.25033047,0.27546544,0.26289795,1,1,254,174,180,180
A,4216,0.28243670,0.29336155,0.28789912,1,1,254,174,180,180
A,4217,0.26652950,0.27653315,0.27153132,1,1,254,174,180,180
A,4218,0.26953585,0.26740820,0.26847203,1,1,254,174,180,180
A,4219,0.26652950,0.26534324,0.26593637,1,1,254,174,180,180
A,4220,0.27113375,0.26740820,0.26927098,1,1,254,174,180,180
A,4221,0.27113375,0.26740820,0.26927098,1,1,254,174,180,180
A,4222,0.26953585,0.26637572,0.26795579,1,1,254,174,180,180
A,4223,0.29598455,0.29261530,0.29429992,1,1,254,174,180,180
A,4224,0.28411108,0.26814670,0.27612889,1,1,254,174,180,180
A,4225,0.27534894,0.27546544,0.27540719,1,1,254,174,180,180
A,4226,0.29211671,0.27653315,0.28432493,1,1,254,174,180,180
A,4227,0.30135024,0.28387819,0.29261422,1,1,254,174,180,180
A,4228,0.28141232,0.26534324,0.27337778,1,1,254,174,180,180
A,4229,0.27534894,0.26637572,0.27086233,1,1,254,174,180,180
A,4230,0.27845477,0.27546544,0.27696010,1,1,254,174,180,180
A,4231,0.26652950,0.26637572,0.26645261,1,1,254,174,180,180
A,4232,0.26652950,0.26535597,0.26594273,1,1,254,174,180,180
A,4233,0.26810958,0.23335392,0.25073175,1,1,254,174,180,180
A,4234,0.25181451,0.27653315,0.26417383,1,1,254,174,180,180
A,4235,0.24879034,0.24131681,0.24505358,1,1,254,174,180,180
A,4236,0.26810958,0.27546544,0.27178751,1,1,254,174,180,180
A,4237,0.24879034,0.25724787,0.25301910,1,1,254,174,180,180
A,4238,0.25181451,0.27546544,0.26363998,1,1,254,174,180,180
A,4239,0.25346305,0.28519375,0.26932840,1,1,254,174,180,180
A,4240,0.26810958,0.26637572,0.26724265,1,1,254,174,180,180
A,4241,0.26652950,0.24883551,0.25768250,1,1,254,174,180,180
A,4242,0.26810958,0.26534324,0.26672641,1,1,254,174,180,180
A,4243,0.24879034,0.24131681,0.24505358,1,1,254,174,180,180
A,4244,0.25181451,0.24131681,0.24656566,1,1,254,174,180,180
A,4245,0.25181451,0.25907871,0.25544661,1,1,254,174,180,180
A,4246,0.26810958,0.23335392,0.25073175,1,1,254,174,180,180
A,4247,0.25181451,0.24202972,0.24692212,1,1,254,174,180,180
A,4248,0.27709217,0.23335392,0.25522305,1,1,254,174,180,180
A,4249,0.24430026,0.23335392,0.23882709,1,1,254,174,180,180
A,4250,0.21080892,0.22360680,0.21720786,1,1,254,174,180,180
A,4251,0.23236325,0.20782984,0.22009654,1,1,254,174,180,180
A,4252,0.26508540,0.23335392,0.24921966,1,1,254,174,180,180
A,4253,0.23249528,0.21696392,0.22472960,1,1,254,174,180,180
A,4254,0.23249528,0.23335392,0.23292460,1,1,254,174,180,180
A,4255,0.24542291,0.24131681,0.24336986,1,1,254,174,180,180
A,4256,0.21624764,0.22482920,0.22053842,1,1,254,174,180,180
A,4257,0.25181451,0.24875929,0.25028690,1,1,254,174,180,180
A,4258,0.25222697,0.23453251,0.24337974,1,1,254,174,180,180
A,4259,0.24868381,0.23335392,0.24101887,1,1,254,174,180,180
A,4260,0.21624764,0.20093335,0.20859050,1,1,254,174,180,180
A,4261,0.21491714,0.21618678,0.21555196,1,1,254,174,180,180
A,4262,0.24028467,0.23399837,0.23714152,1,1,254,174,180,180
A,4263,0.23363466,0.24009801,0.23686634,1,1,254,174,180,180
A,4264,0.24383644,0.21736862,0.23060253,1,1,254,174,180,180
A,4265,0.26067744,0.23399837,0.24733791,1,1,254,174,180,180
A,4266,0.24028467,0.24080732,0.24054599,1,1,254,174,180,180
A,4267,0.25000958,0.24253562,0.24627260,1,1,254,174,180,180
A,4268,0.25346305,0.25063053,0.25204679,1,1,254,174,180,180
A,4269,0.26810958,0.25831558,0.26321258,1,1,254,174,180,180
A,4270,0.26067744,0.24983914,0.25525829,1,1,254,174,180,180
A,4271,0.25525114,0.24993788,0.25259451,1,1,254,174,180,180
A,4272,0.26518451,0.24080732,0.25299591,1,1,254,174,180,180
A,4273,0.26810958,0.24131681,0.25471320,1,1,254,174,180,180
A,4274,0.25346305,0.24131681,0.24738993,1,1,254,174,180,180
A,4275,0.28411108,0.25907871,0.27159489,1,1,254,174,180,180
A,4276,0.26067744,0.27627923,0.26847834,1,1,254,174,180,180
A,4277,0.25525114,0.24131681,0.24828398,1,1,254,174,180,180
A,4278,0.25222697,0.24202972,0.24712835,1,1,254,174,180,180
A,4279,0.23936854,0.27546544,0.25741699,1,1,254,174,180,180
A,4280,0.23593191,0.25724787,0.24658989,1,1,254,174,180,180
A,4281,0.23593191,0.27546544,0.25569867,1,1,254,174,180,180
A,4282,0.23593191,0.27627923,0.25610557,1,1,254,174,180,180
A,4283,0.23936854,0.23399837,0.23668346,1,1,254,174,180,180
A,4284,0.15811994,0.15508024,0.15660009,1,1,254,174,180,180
A,4285,0.13190983,0.12493901,0.12842442,1,1,254,174,180,180
A,4286,0.14752096,0.14508582,0.14630339,1,1,254,174,180,180
A,4287,0.17149858,0.14991673,0.16070766,1,1,254,174,180,180
A,4288,0.18382737,0.18430360,0.18406548,1,1,254,174,180,180
A,4289,0.22022269,0.18954251,0.20488260,1,1,254,174,180,180
A,4290,0.20795010,0.22360680,0.21577845,1,1,254,174,180,180
A,4291,0.27396668,0.25189637,0.26293152,1,1,254,174,180,180
A,4292,0.27396668,0.25800784,0.26598726,1,1,254,174,180,180
A,4293,0.24028467,0.23335392,0.23681930,1,1,254,174,180,180
A,4294,0.24383644,0.24202972,0.24293308,1,1,254,174,180,180
A,4295,0.23593191,0.24080732,0.23836961,1,1,254,174,180,180
A,4296,0.23593191,0.25846667,0.24719929,1,1,254,174,180,180
A,4297,0.24383644,0.22360680,0.23372162,1,1,254,174,180,180
A,4298,0.23249528,0.24080732,0.23665130,1,1,254,174,180,180
A,4299,0.24383644,0.24202972,0.24293308,1,1,254,174,180,180
A,4300,0.24028467,0.24009801,0.24019134,1,1,254,174,180,180
A,4301,0.23249528,0.27546544,0.25398036,1,1,254,174,180,180
A,4302,0.23593191,0.24202972,0.23898082,1,1,254,174,180,180
A,4303,0.24383644,0.22503036,0.23443340,1,1,254,174,180,180
A,4304,0.25525114,0.25923025,0.25724069,1,1,254,174,180,180
A,4305,0.26810958,0.24202972,0.25506965,1,1,254,174,180,180
A,4306,0.24383644,0.25110098,0.24746871,1,1,254,174,180,180
A,4307,0.25712567,0.24253562,0.24983065,1,1,254,174,180,180
A,4308,0.25712567,0.25800784,0.25756676,1,1,254,174,180,180
A,4309,0.25222697,0.23399837,0.24311267,1,1,254,174,180,180
A,4310,0.25222697,0.25831558,0.25527128,1,1,254,174,180,180
A,4311,0.26942349,0.24202972,0.25572661,1,1,254,174,180,180
A,4312,0.26067744,0.27546544,0.26807144,1,1,254,174,180,180
A,4313,0.22704445,0.25110098,0.23907272,1,1,254,174,180,180
A,4314,0.23708813,0.27546544,0.25627679,1,1,254,174,180,180
A,4315,0.26067744,0.24202972,0.25135358,1,1,254,174,180,180
A,4316,0.25181451,0.24202972,0.24692212,1,1,254,174,180,180
A,4317,0.23593191,0.24202972,0.23898082,1,1,254,174,180,180
A,4318,0.20795010,0.20782984,0.20788997,1,1,254,174,180,180
A,4319,0.20397505,0.20640627,0.20519066,1,1,254,174,180,180
A,4320,0.20670070,0.20640627,0.20655348,1,1,254,174,180,180
A,4321,0.24028467,0.20925340,0.22476903,1,1,254,174,180,180
A,4322,0.23593191,0.24131681,0.23862436,1,1,254,174,180,180
A,4323,0.23363466,0.22558633,0.22961049,1,1,254,174,180,180
A,4324,0.23249528,0.22360680,0.22805104,1,1,254,174,180,180
A,4325,0.24154307,0.21668946,0.22911626,1,1,254,174,180,180
A,4326,0.24511344,0.22503036,0.23507190,1,1,254,174,180,180
A,4327,0.21624764,0.20640627,0.21132696,1,1,254,174,180,180
A,4328,0.23593191,0.21756310,0.22674751,1,1,254,174,180,180
A,4329,0.22130193,0.24983914,0.23557053,1,1,254,174,180,180
A,4330,0.24868381,0.24253562,0.24560971,1,1,254,174,180,180
A,4331,0.25222697,0.23335392,0.24279045,1,1,254,174,180,180
A,4332,0.25000958,0.23335392,0.24168175,1,1,254,174,180,180
A,4333,0.24879034,0.27653315,0.26266175,1,1,254,174,180,180
A,4334,0.25181451,0.25831558,0.25506505,1,1,254,174,180,180
A,4335,0.25222697,0.27546544,0.26384621,1,1,254,174,180,180
A,4336,0.26810958,0.27546544,0.27178751,1,1,254,174,180,180
A,4337,0.26810958,0.26717645,0.26764301,1,1,254,174,180,180
A,4338,0.26810958,0.28519375,0.27665166,1,1,254,174,180,180
A,4339,0.24383644,0.28519375,0.26451510,1,1,254,174,180,180
A,4340,0.26810958,0.27546544,0.27178751,1,1,254,174,180,180
A,4341,0.26953585,0.28519375,0.27736480,1,1,254,174,180,180
A,4342,0.25525114,0.27546544,0.26535829,1,1,254,174,180,180
A,4343,0.24230242,0.27546544,0.25888393,1,1,254,174,180,180
A,4344,0.25222697,0.27520836,0.26371767,1,1,254,174,180,180
A,4345,0.25222697,0.27627923,0.26425310,1,1,254,174,180,180
A,4346,0.25181451,0.27546544,0.26363998,1,1,254,174,180,180
A,4347,0.28443650,0.27546544,0.27995097,1,1,254,174,180,180
A,4348,0.29773924,0.27546544,0.28660234,1,1,254,174,180,180
A,4349,0.26810958,0.29261530,0.28036244,1,1,254,174,180,180
A,4350,0.28443650,0.27653315,0.28048482,1,1,254,174,180,180
A,4351,0.26652950,0.27627923,0.27140436,1,1,254,174,180,180
A,4352,0.27845477,0.27653315,0.27749396,1,1,254,174,180,180
A,4353,0.29361011,0.27653315,0.28507163,1,1,254,174,180,180
A,4354,0.28443650,0.27439773,0.27941711,1,1,254,174,180,180
A,4355,0.27709217,0.27627923,0.27668570,1,1,254,174,180,180
A,4356,0.27534894,0.25923025,0.26728959,1,1,254,174,180,180
A,4357,0.26025117,0.24009801,0.25017459,1,1,254,174,180,180
A,4358,0.25222697,0.25907871,0.25565284,1,1,254,174,180,180
A,4359,0.24738821,0.27546544,0.26142682,1,1,254,174,180,180
A,4360,0.23936854,0.27653315,0.25795085,1,1,254,174,180,180
A,4361,0.23936854,0.27546544,0.25741699,1,1,254,174,180,180
A,4362,0.26810958,0.27546544,0.27178751,1,1,254,174,180,180
A,4363,0.28141232,0.27546544,0.27843888,1,1,254,174,180,180
A,4364,0.23936854,0.26637572,0.25287213,1,1,254,174,180,180
A,4365,0.24383644,0.25831558,0.25107601,1,1,254,174,180,180
A,4366,0.23936854,0.24009801,0.23973328,1,1,254,174,180,180
A,4367,0.24028467,0.23281653,0.23655060,1,1,254,174,180,180
A,4368,0.26067744,0.27653315,0.26860530,1,1,254,174,180,180
A,4369,0.23593191,0.25800784,0.24696987,1,1,254,174,180,180
A,4370,0.25222697,0.26637572,0.25930135,1,1,254,174,180,180
A,4371,0.23593191,0.25831558,0.24712374,1,1,254,174,180,180
A,4372,0.23936854,0.28629917,0.26283385,1,1,254,174,180,180
A,4373,0.24383644,0.25846667,0.25115156,1,1,254,174,180,180
A,4374,0.23593191,0.24253562,0.23923376,1,1,254,174,180,180
A,4375,0.24054160,0.23335392,0.23694776,1,1,254,174,180,180
A,4376,0.23593191,0.25907871,0.24750531,1,1,254,174,180,180
A,4377,0.23877300,0.26955121,0.25416210,1,1,254,174,180,180
A,4378,0.26025117,0.27546544,0.26785830,1,1,254,174,180,180
A,4379,0.25033047,0.24009801,0.24521424,1,1,254,174,180,180
A,4380,0.24383644,0.27546544,0.25965094,1,1,254,174,180,180
A,4381,0.23454147,0.25831558,0.24642852,1,1,254,174,180,180
A,4382,0.27397354,0.27653315,0.27525335,1,1,254,174,180,180
A,4383,0.26067744,0.27546544,0.26807144,1,1,254,174,180,180
A,4384,0.23593191,0.25800784,0.24696987,1,1,254,174,180,180
A,4385,0.23593191,0.27546544,0.25569867,1,1,254,174,180,180
A,4386,0.25968373,0.26637572,0.26302973,1,1,254,174,180,180
A,4387,0.27396668,0.27546544,0.27471606,1,1,254,174,180,180
A,4388,0.26810958,0.27546544,0.27178751,1,1,254,174,180,180
A,4389,0.27709217,0.26637572,0.27173395,1,1,254,174,180,180
A,4390,0.27534894,0.28519375,0.28027134,1,1,254,174,180,180
A,4391,0.27113375,0.26637572,0.26875474,1,1,254,174,180,180
A,4392,0.31329288,0.27546544,0.29437916,1,1,254,174,180,180
A,4393,0.26380294,0.27546544,0.26963419,1,1,254,174,180,180
A,4394,0.26810958,0.27546544,0.27178751,1,1,254,174,180,180
A,4395,0.18780241,0.17200523,0.17990382,1,1,254,174,180,180
A,4396,0.12768101,0.11660190,0.12214145,1,1,254,174,180,180
A,4397,0.12768101,0.11266899,0.12017500,1,1,254,174,180,180
A,4398,0.09892941,0.09933990,0.09913465,1,1,254,174,180,180
A,4399,0.10117022,0.13094972,0.11605997,1,1,254,174,180,180
A,4400,0.11654003,0.12896518,0.12275260,1,1,254,174,180,180
A,4401,0.19371463,0.16657415,0.18014439,1,1,254,174,180,180
A,4402,0.22130193,0.18625959,0.20378076,1,1,254,174,180,180
A,4403,0.23593191,0.19955703,0.21774447,1,1,254,174,180,180
A,4404,0.25222697,0.22482920,0.23852809,1,1,254,174,180,180
A,4405,0.23593191,0.20093335,0.21843263,1,1,254,174,180,180
A,4406,0.27113375,0.25724787,0.26419081,1,1,254,174,180,180
A,4407,0.22349268,0.22360680,0.22354974,1,1,254,174,180,180
A,4408,0.22022269,0.24131681,0.23076975,1,1,254,174,180,180
A,4409,0.24836550,0.23399837,0.24118194,1,1,254,174,180,180
A,4410,0.25222697,0.25062813,0.25142755,1,1,254,174,180,180
A,4411,0.26810958,0.24993788,0.25902373,1,1,254,174,180,180
A,4412,0.26214331,0.25062813,0.25638572,1,1,254,174,180,180
A,4413,0.24383644,0.25800784,0.25092214,1,1,254,174,180,180
A,4414,0.25550805,0.27546544,0.26548675,1,1,254,174,180,180
A,4415,0.25181451,0.23335392,0.24258422,1,1,254,174,180,180
A,4416,0.25861388,0.25846667,0.25854028,1,1,254,174,180,180
A,4417,0.25712567,0.25831558,0.25772063,1,1,254,174,180,180
A,4418,0.26810958,0.27546544,0.27178751,1,1,254,174,180,180
A,4419,0.23936854,0.24080732,0.24008793,1,1,254,174,180,180
A,4420,0.26508540,0.24131681,0.25320111,1,1,254,174,180,180
A,4421,0.24028467,0.25724787,0.24876627,1,1,254,174,180,180
A,4422,0.24430026,0.24131681,0.24280854,1,1,254,174,180,180
A,4423,0.27709217,0.24009801,0.25859509,1,1,254,174,180,180
A,4424,0.23593191,0.24131681,0.23862436,1,1,254,174,180,180
A,4425,0.21968427,0.22360680,0.22164553,1,1,254,174,180,180
A,4426,0.22365932,0.24131681,0.23248807,1,1,254,174,180,180
A,4427,0.23593191,0.24131681,0.23862436,1,1,254,174,180,180
A,4428,0.23249528,0.24131681,0.23690605,1,1,254,174,180,180
A,4429,0.21624764,0.24080732,0.22852748,1,1,254,174,180,180
A,4430,0.21968427,0.23335392,0.22651910,1,1,254,174,180,180
A,4431,0.21624764,0.21756310,0.21690537,1,1,254,174,180,180
A,4432,0.21624764,0.21756310,0.21690537,1,1,254,174,180,180
A,4433,0.23363466,0.24080732,0.23722099,1,1,254,174,180,180
A,4434,0.23249528,0.24131681,0.23690605,1,1,254,174,180,180
A,4435,0.23249528,0.24131681,0.23690605,1,1,254,174,180,180
A,4436,0.23249528,0.24009801,0.23629664,1,1,254,174,180,180
A,4437,0.23249528,0.23335392,0.23292460,1,1,254,174,180,180
A,4438,0.23249528,0.24253562,0.23751545,1,1,254,174,180,180
A,4439,0.26508540,0.27546544,0.27027542,1,1,254,174,180,180
A,4440,0.26810958,0.26534324,0.26672641,1,1,254,174,180,180
A,4441,0.27709217,0.24131681,0.25920449,1,1,254,174,180,180
A,4442,0.26025117,0.27546544,0.26785830,1,1,254,174,180,180
A,4443,0.27709217,0.27439773,0.27574495,1,1,254,174,180,180
A,4444,0.27854334,0.26828537,0.27341435,1,1,254,174,180,180
A,4445,0.25222697,0.24080732,0.24651714,1,1,254,174,180,180
A,4446,0.26380294,0.27627923,0.27004108,1,1,254,174,180,180
A,4447,0.28021766,0.27546544,0.27784155,1,1,254,174,180,180
A,4448,0.26942349,0.25953438,0.26447894,1,1,254,174,180,180
A,4449,0.26810958,0.27643077,0.27227017,1,1,254,174,180,180
A,4450,0.26810958,0.25062813,0.25936885,1,1,254,174,180,180
A,4451,0.27396668,0.24202972,0.25799820,1,1,254,174,180,180
A,4452,0.26204264,0.27546544,0.26875404,1,1,254,174,180,180
A,4453,0.26204264,0.26637572,0.26420918,1,1,254,174,180,180
A,4454,0.23249528,0.24131681,0.23690605,1,1,254,174,180,180
A,4455,0.23593191,0.27546544,0.25569867,1,1,254,174,180,180
A,4456,0.24028467,0.25110098,0.24569283,1,1,254,174,180,180
A,4457,0.26508540,0.24983914,0.25746227,1,1,254,174,180,180
A,4458,0.27709217,0.24979177,0.26344197,1,1,254,174,180,180
A,4459,0.28021766,0.25846667,0.26934217,1,1,254,174,180,180
A,4460,0.27396668,0.24131681,0.25764175,1,1,254,174,180,180
A,4461,0.26810958,0.24131681,0.25471320,1,1,254,174,180,180
A,4462,0.23249528,0.24131681,0.23690605,1,1,254,174,180,180
A,4463,0.25712567,0.24131681,0.24922124,1,1,254,174,180,180
A,4464,0.27709217,0.24131681,0.25920449,1,1,254,174,180,180
A,4465,0.25222697,0.24202972,0.24712835,1,1,254,174,180,180
A,4466,0.25712567,0.24131681,0.24922124,1,1,254,174,180,180
A,4467,0.27709217,0.24202972,0.25956095,1,1,254,174,180,180
A,4468,0.27709217,0.24080732,0.25894974,1,1,254,174,180,180
A,4469,0.24028467,0.24202972,0.24115720,1,1,254,174,180,180
A,4470,0.24383644,0.23399837,0.23891741,1,1,254,174,180,180
A,4471,0.26508540,0.23335392,0.24921966,1,1,254,174,180,180
A,4472,0.26380294,0.24202972,0.25291633,1,1,254,174,180,180
A,4473,0.24879034,0.24009801,0.24444418,1,1,254,174,180,180
A,4474,0.26204264,0.23399837,0.24802051,1,1,254,174,180,180
A,4475,0.25181451,0.23246059,0.24213755,1,1,254,174,180,180
A,4476,0.26204264,0.26637572,0.26420918,1,1,254,174,180,180
A,4477,0.24028467,0.24009801,0.24019134,1,1,254,174,180,180
A,4478,0.25228028,0.24131681,0.24679855,1,1,254,174,180,180
A,4479,0.24028467,0.20721766,0.22375117,1,1,254,174,180,180
A,4480,0.24738821,0.24131681,0.24435251,1,1,254,174,180,180
A,4481,0.24511344,0.27546544,0.26028944,1,1,254,174,180,180
A,4482,0.21624764,0.24131681,0.22878223,1,1,254,174,180,180
A,4483,0.14593700,0.13508523,0.14051112,1,1,254,174,180,180
A,4484,0.17886845,0.16426926,0.17156886,1,1,254,174,180,180
A,4485,0.12035792,0.09609808,0.10822800,1,1,254,174,180,180
A,4486,0.13623124,0.11640827,0.12631975,1,1,254,174,180,180
A,4487,0.15293929,0.14508582,0.14901255,1,1,254,174,180,180
A,4488,0.18336097,0.16794419,0.17565258,1,1,254,174,180,180
A,4489,0.22416696,0.22522937,0.22469816,1,1,254,174,180,180
A,4490,0.25953438,0.21618678,0.23786058,1,1,254,174,180,180
A,4491,0.25953438,0.24246051,0.25099745,1,1,254,154,180,180
A,4492,0.25786401,0.22568906,0.24177653,1,1,254,154,180,180
A,4493,0.23453251,0.21654639,0.22553945,1,1,254,154,180,180
A,4494,0.24257742,0.22568906,0.23413324,1,1,254,154,180,180
A,4495,0.22762573,0.22695271,0.22728922,1,1,254,154,180,180
A,4496,0.25062813,0.23320381,0.24191597,1,1,254,154,180,180
A,4497,0.24395900,0.22568906,0.23482403,1,1,254,154,180,180
A,4498,0.23399837,0.21071407,0.22235622,1,1,254,154,180,180
A,4499,0.21204826,0.19344776,0.20274801,1,1,254,154,180,180
A,4500,0.22683472,0.21090260,0.21886866,1,1,254,154,180,180
A,4501,0.23320381,0.21756310,0.22538346,1,1,254,154,180,180
A,4502,0.23438761,0.24080732,0.23759747,1,1,254,154,180,180
A,4503,0.24123593,0.21756310,0.22939952,1,1,254,154,180,180
A,4504,0.22543089,0.19988898,0.21265993,1,1,254,154,180,180
A,4505,0.22536324,0.23399837,0.22968081,1,1,254,154,180,180
A,4506,0.23333333,0.22360680,0.22847006,1,1,254,154,180,180
A,4507,0.24123593,0.21756310,0.22939952,1,1,254,154,180,180
A,4508,0.21804605,0.21559139,0.21681872,1,1,254,154,180,180
A,4509,0.22400479,0.24131681,0.23266080,1,1,254,154,180,180
A,4510,0.23320381,0.23399837,0.23360109,1,1,261,161,150,151
A,4511,0.23438761,0.21696392,0.22567577,1,1,261,161,150,151
A,4512,0.25969164,0.23335392,0.24652278,1,1,261,161,150,151
A,4513,0.24137931,0.22558633,0.23348282,1,1,261,161,150,151
A,4514,0.24984072,0.24154307,0.24569189,1,1,261,161,150,151
A,4515,0.24246051,0.24032926,0.24139488,1,1,261,161,150,151
A,4516,0.25846706,0.22558633,0.24202670,1,1,261,161,150,151
A,4517,0.24123593,0.22466314,0.23294953,1,1,261,161,150,151
A,4518,0.24936468,0.22558633,0.23747550,1,1,261,161,150,151
A,4519,0.25846706,0.22466314,0.24156510,1,1,261,161,150,151
A,4520,0.24080732,0.22466314,0.23273523,1,1,261,161,150,151
A,4521,0.24984072,0.22466314,0.23725193,1,1,261,161,150,151
A,4522,0.24936468,0.23355311,0.24145890,1,1,261,178,150,150
A,4523,0.24936468,0.22466314,0.23701391,1,1,261,178,150,150
A,4524,0.25110898,0.22466314,0.23788606,1,1,261,178,150,150
A,4525,0.22360680,0.22466314,0.22413497,1,1,261,178,150,150
A,4526,0.25237724,0.20778321,0.23008023,1,1,261,178,150,150
A,4527,0.24368509,0.23252907,0.23810708,1,1,261,178,150,150
A,4528,0.22400479,0.20863703,0.21632091,1,1,261,178,150,150
A,4529,0.24325213,0.22349268,0.23337240,1,1,261,178,150,150
A,4530,0.25063053,0.22466314,0.23764683,1,1,261,178,150,150
A,4531,0.26030111,0.23246059,0.24638085,1,1,261,178,150,150
A,4532,0.23281876,0.23106602,0.23194239,1,1,261,178,150,150
A,4533,0.23281876,0.22466314,0.22874095,1,1,261,178,150,150
A,4534,0.24202972,0.20497467,0.22350220,1,1,261,178,150,150
A,4535,0.24325213,0.21730740,0.23027976,1,1,261,178,150,150
A,4536,0.20640627,0.21810904,0.21225766,1,1,261,178,150,150
A,4537,0.23399837,0.22466314,0.22933076,1,1,261,178,150,150
A,4538,0.24202972,0.22466314,0.23334643,1,1,261,178,150,150
A,4539,0.24202972,0.22466314,0.23334643,1,1,261,178,150,150
A,4540,0.24253562,0.22466314,0.23359938,1,1,261,178,150,150
A,4541,0.24080732,0.22466314,0.23273523,1,1,261,178,150,150
A,4542,0.24131681,0.21730740,0.22931211,1,1,261,178,150,150
A,4543,0.23302707,0.21600524,0.22451615,1,1,261,178,150,150
A,4544,0.23302707,0.20863703,0.22083205,1,1,261,178,150,150
A,4545,0.21521531,0.21359509,0.21440520,1,1,261,178,150,150
A,4546,0.24202972,0.21730740,0.22966856,1,1,261,178,150,150
A,4547,0.22625276,0.22344933,0.22485104,1,1,261,178,150,150
A,4548,0.25800784,0.22466314,0.24133549,1,1,261,178,150,150
A,4549,0.24080732,0.21730740,0.22905736,1,1,261,178,150,150
A,4550,0.25800784,0.21730740,0.23765762,1,1,261,178,150,150
A,4551,0.25923025,0.21730740,0.23826882,1,1,261,178,150,150
A,4552,0.24325213,0.21730740,0.23027976,1,1,261,178,150,150
A,4553,0.24131681,0.21676997,0.22904339,1,1,261,178,150,150
A,4554,0.24009801,0.21814250,0.22912026,1,1,261,178,150,150
A,4555,0.25166346,0.20098014,0.22632180,1,1,261,178,150,150
A,4556,0.21668946,0.20778321,0.21223633,1,1,261,178,150,150
A,4557,0.20782984,0.20636965,0.20709974,1,1,261,178,150,150
A,4558,0.23518021,0.22466314,0.22992168,1,1,261,178,150,150
A,4559,0.24253562,0.21730740,0.22992151,1,1,261,178,150,150
A,4560,0.20782984,0.19176598,0.19979791,1,1,261,178,150,150
A,4561,0.23302707,0.24253562,0.23778134,1,1,261,178,150,150
A,4562,0.24009801,0.24253562,0.24131681,1,1,261,178,150,150
A,4563,0.21618678,0.24253562,0.22936120,1,1,261,178,150,150
A,4564,0.22625276,0.22558633,0.22591954,1,1,261,178,150,150
A,4565,0.22625276,0.22558633,0.22591954,1,1,261,178,150,150
A,4566,0.22360680,0.20037997,0.21199338,1,1,261,178,150,150
A,4567,0.22360680,0.20863703,0.21612191,1,1,261,178,150,150
A,4568,0.24080732,0.22558633,0.23319682,1,1,261,178,150,150
A,4569,0.20640627,0.20863703,0.20752165,1,1,261,178,150,150
A,4570,0.22625276,0.22416696,0.22520986,1,1,261,178,150,150
A,4571,0.20925340,0.20778321,0.20851831,1,1,261,178,150,150
A,4572,0.24325213,0.20863703,0.22594458,1,1,261,178,150,150
A,4573,0.24202972,0.22558633,0.23380802,1,1,261,178,150,150
A,4574,0.23518021,0.21676997,0.22597509,1,1,261,178,150,150
A,4575,0.24253562,0.21613333,0.22933447,1,1,261,178,150,150
A,4576,0.25189637,0.22558633,0.23874135,1,1,261,178,150,150
A,4577,0.23453251,0.20175250,0.21814250,1,1,261,178,150,150
A,4578,0.21814250,0.20863703,0.21338977,1,1,261,178,150,150
A,4579,0.24258509,0.22344933,0.23301721,1,1,261,178,150,150
A,4580,0.22294815,0.20778321,0.21536568,1,1,261,178,150,150
A,4581,0.24151738,0.21730740,0.22941239,1,1,261,178,150,150
A,4582,0.24151738,0.21613333,0.22882535,1,1,261,178,150,150
A,4583,0.20721766,0.20778321,0.20750044,1,1,261,178,150,150
A,4584,0.20782984,0.23252907,0.22017945,1,1,261,178,150,150
A,4585,0.22503036,0.22324958,0.22413997,1,1,261,178,150,150
A,4586,0.24253562,0.24032926,0.24143244,1,1,261,178,150,150
A,4587,0.24253562,0.24154307,0.24203934,1,1,261,178,150,150
A,4588,0.24253562,0.24154307,0.24203934,1,1,261,178,150,150
A,4589,0.23453251,0.23246059,0.23349655,1,1,261,178,150,150
A,4590,0.24253562,0.23363466,0.23808514,1,1,261,178,150,150
A,4591,0.27546544,0.24154307,0.25850426,1,1,261,178,150,150
A,4592,0.28629917,0.24154307,0.26392112,1,1,261,178,150,150
A,4593,0.26870008,0.25000000,0.25935004,1,1,261,178,150,150
A,4594,0.27653315,0.24154307,0.25903811,1,1,261,178,150,150
A,4595,0.24253562,0.25847227,0.25050395,1,1,261,178,150,150
A,4596,0.24131681,0.25110098,0.24620890,1,1,261,178,150,150
A,4597,0.25846667,0.24253562,0.25050115,1,1,261,178,150,150
A,4598,0.25740893,0.26161413,0.25951153,1,1,261,178,150,150
A,4599,0.25724787,0.25110098,0.25417443,1,1,261,178,150,150
A,4600,0.25953438,0.25953438,0.25953438,1,1,261,178,150,150
A,4601,0.27653315,0.25847227,0.26750271,1,1,261,178,150,150
A,4602,0.25953438,0.24154307,0.25053873,1,1,261,178,150,150
A,4603,0.27653315,0.24154307,0.25903811,1,1,261,178,150,150
A,4604,0.27653315,0.25847227,0.26750271,1,1,261,178,150,150
A,4605,0.27546544,0.25847227,0.26696886,1,1,261,178,150,150
A,4606,0.24253562,0.23363466,0.23808514,1,1,261,178,150,150
A,4607,0.25724787,0.24154307,0.24939547,1,1,261,178,150,150
A,4608,0.27653315,0.24154307,0.25903811,1,1,261,178,150,150
A,4609,0.27653315,0.25847227,0.26750271,1,1,261,178,150,150
A,4610,0.27546544,0.24154307,0.25850426,1,1,261,178,150,150
A,4611,0.27653315,0.24154307,0.25903811,1,1,261,178,150,150
A,4612,0.27546544,0.26638450,0.27092497,1,1,261,178,150,150
A,4613,0.27653315,0.24154307,0.25903811,1,1,261,178,150,150
A,4614,0.27546544,0.25000958,0.26273751,1,1,261,178,150,150
A,4615,0.27653315,0.24883551,0.26268433,1,1,261,178,150,150
A,4616,0.28279143,0.25304857,0.26792000,1,1,261,178,150,150
A,4617,0.27540147,0.26942349,0.27241248,1,1,261,178,150,150
A,4618,0.24253562,0.22466314,0.23359938,1,1,261,178,150,150
A,4619,0.24253562,0.22879288,0.23566425,1,1,261,178,150,150
A,4620,0.24612066,0.22466314,0.23539190,1,1,254,174,180,180
A,4621,0.24009801,0.24154307,0.24082054,1,1,261,178,150,150
A,4622,0.26870008,0.24154307,0.25512157,1,1,261,178,150,150
A,4623,0.24253562,0.25847227,0.25050395,1,1,261,178,150,150
A,4624,0.22436752,0.20175250,0.21306001,1,1,261,178,150,150
A,4625,0.16912380,0.12876456,0.14894418,1,1,261,178,150,150
A,4626,0.16959086,0.16254947,0.16607017,1,1,261,178,150,150
A,4627,0.18595027,0.16912380,0.17753703,1,1,261,178,150,150
A,4628,0.20175250,0.18379601,0.19277426,1,1,261,178,150,150
A,4629,0.22324958,0.19034661,0.20679810,1,1,261,178,150,150
A,4630,0.25000958,0.24032926,0.24516942,1,1,261,178,150,150
A,4631,0.24131681,0.25847227,0.24989454,1,1,261,178,150,150
A,4632,0.24202972,0.24131681,0.24167327,1,1,261,178,150,150
A,4633,0.24131681,0.24253562,0.24192622,1,1,261,178,150,150
A,4634,0.25846667,0.24253562,0.25050115,1,1,261,178,150,150
A,4635,0.26870008,0.24253562,0.25561785,1,1,261,178,150,150
A,4636,0.25847227,0.25953438,0.25900333,1,1,261,178,150,150
A,4637,0.25847227,0.27653315,0.26750271,1,1,261,178,150,150
A,4638,0.27653315,0.27546544,0.27599930,1,1,261,178,150,150
A,4639,0.26740820,0.25000958,0.25870889,1,1,261,178,150,150
A,4640,0.27546544,0.27653315,0.27599930,1,1,261,178,150,150
A,4641,0.26637572,0.26638450,0.26638011,1,1,261,178,150,150
A,4642,0.26740820,0.26942349,0.26841585,1,1,261,178,150,150
A,4643,0.27653315,0.26638450,0.27145882,1,1,261,178,150,150
A,4644,0.27546544,0.25346305,0.26446425,1,1,261,178,150,150
A,4645,0.27546544,0.25847227,0.26696886,1,1,254,174,180,180
A,4646,0.29236377,0.27540147,0.28388262,1,1,261,178,150,150
A,4647,0.26752193,0.24154307,0.25453250,1,1,261,178,150,150
A,4648,0.25847227,0.24511344,0.25179286,1,1,261,178,150,150
A,4649,0.26870008,0.23363466,0.25116737,1,1,254,174,180,180
A,4650,0.25847227,0.24154307,0.25000767,1,1,261,178,150,150
A,4651,0.27653315,0.25346305,0.26499810,1,1,254,174,180,180
A,4652,0.27653315,0.25847227,0.26750271,1,1,254,174,180,180
A,4653,0.27653315,0.23363466,0.25508391,1,1,261,178,150,150
A,4654,0.27653315,0.25847227,0.26750271,1,1,254,174,180,180
A,4655,0.27653315,0.25847227,0.26750271,1,1,254,174,180,180
A,4656,0.26740820,0.27045888,0.26893354,1,1,261,178,150,150
A,4657,0.25097036,0.27540147,0.26318592,1,1,261,178,150,150
A,4658,0.27653315,0.26638450,0.27145882,1,1,261,178,150,150
A,4659,0.25847227,0.24154307,0.25000767,1,1,261,178,150,150
A,4660,0.27653315,0.24511344,0.26082330,1,1,261,178,150,150
A,4661,0.26740820,0.24154307,0.25447564,1,1,254,174,180,180
A,4662,0.27433813,0.24511344,0.25972579,1,1,254,174,180,180
A,4663,0.27653315,0.25847227,0.26750271,1,1,254,174,180,180
A,4664,0.25831558,0.24154307,0.24992933,1,1,254,174,180,180
A,4665,0.28956536,0.25847227,0.27401881,1,1,254,174,180,180
A,4666,0.27546544,0.25847227,0.26696886,1,1,254,174,180,180
A,4667,0.24253562,0.24154307,0.24203934,1,1,254,174,180,180
A,4668,0.25953438,0.25847227,0.25900333,1,1,254,174,180,180
A,4669,0.27653315,0.25847227,0.26750271,1,1,254,174,180,180
A,4670,0.25725846,0.24154307,0.24940076,1,1,261,178,150,150
A,4671,0.27653315,0.25847227,0.26750271,1,1,254,174,180,180
A,4672,0.26637572,0.27540147,0.27088860,1,1,254,174,180,180
A,4673,0.26642136,0.24154307,0.25398221,1,1,254,174,180,180
A,4674,0.26752193,0.24154307,0.25453250,1,1,254,174,180,180
A,4675,0.28629917,0.24154307,0.26392112,1,1,254,174,180,180
A,4676,0.27433813,0.24154307,0.25794060,1,1,254,174,180,180
A,4677,0.27653315,0.24154307,0.25903811,1,1,254,174,180,180
A,4678,0.27540147,0.26204264,0.26872206,1,1,254,174,180,180
A,4679,0.27653315,0.25847227,0.26750271,1,1,254,174,180,180
A,4680,0.27653315,0.24883551,0.26268433,1,1,254,174,180,180
A,4681,0.26740820,0.25725846,0.26233333,1,1,254,174,180,180
A,4682,0.27653315,0.25847227,0.26750271,1,1,254,174,180,180
A,4683,0.25847227,0.26638450,0.26242839,1,1,254,174,180,180
A,4684,0.27653315,0.28279143,0.27966229,1,1,254,174,180,180
A,4685,0.26740820,0.26638450,0.26689635,1,1,254,174,180,180
A,4686,0.26638450,0.26638450,0.26638450,1,1,254,174,180,180
A,4687,0.26752193,0.24154307,0.25453250,1,1,254,174,180,180
A,4688,0.25740893,0.25847227,0.25794060,1,1,254,174,180,180
A,4689,0.27653315,0.26752193,0.27202754,1,1,254,174,180,180
A,4690,0.27653315,0.26752193,0.27202754,1,1,254,174,180,180
A,4691,0.27653315,0.25847227,0.26750271,1,1,254,174,180,180
A,4692,0.27653315,0.28394328,0.28023822,1,1,254,174,180,180
A,4693,0.27653315,0.30260004,0.28956660,1,1,254,174,180,180
A,4694,0.27653315,0.30149947,0.28901631,1,1,254,174,180,180
A,4695,0.27540147,0.25725846,0.26632997,1,1,254,174,180,180
A,4696,0.29236377,0.27540147,0.28388262,1,1,254,174,180,180
A,4697,0.27653315,0.26204264,0.26928790,1,1,254,174,180,180
A,4698,0.27653315,0.25847227,0.26750271,1,1,254,174,180,180
A,4699,0.25847227,0.24154307,0.25000767,1,1,254,174,180,180
A,4700,0.27653315,0.25847227,0.26750271,1,1,254,174,180,180
A,4701,0.25847227,0.24032926,0.24940076,1,1,254,174,180,180
A,4702,0.27540147,0.27540147,0.27540147,1,1,254,174,180,180
A,4703,0.25953438,0.24154307,0.25053873,1,1,254,174,180,180
A,4704,0.25847227,0.24154307,0.25000767,1,1,254,174,180,180
A,4705,0.25740893,0.24154307,0.24947600,1,1,254,174,180,180
A,4706,0.25847227,0.26638450,0.26242839,1,1,254,174,180,180
A,4707,0.27540147,0.24154307,0.25847227,1,1,254,174,180,180
A,4708,0.27433813,0.25000958,0.26217386,1,1,254,174,180,180
A,4709,0.26204264,0.25304857,0.25754561,1,1,254,174,180,180
A,4710,0.26740820,0.25712567,0.26226694,1,1,254,174,180,180
A,4711,0.27653315,0.25847227,0.26750271,1,1,254,174,180,180
A,4712,0.27653315,0.27540147,0.27596731,1,1,254,174,180,180
A,4713,0.29356515,0.25847227,0.27601871,1,1,254,174,180,180
A,4714,0.27653315,0.27433813,0.27543564,1,1,254,174,180,180
A,4715,0.27653315,0.27546544,0.27599930,1,1,254,174,180,180
A,4716,0.28387819,0.29236377,0.28812098,1,1,254,174,180,180
A,4717,0.27653315,0.27540147,0.27596731,1,1,254,174,180,180
A,4718,0.29236377,0.27540147,0.28388262,1,1,254,174,180,180
A,4719,0.29356515,0.29236377,0.29296446,1,1,254,174,180,180
A,4720,0.27968792,0.27540147,0.27754470,1,1,254,174,180,180
A,4721,0.27653315,0.27540147,0.27596731,1,1,254,174,180,180
A,4722,0.27653315,0.27540147,0.27596731,1,1,254,174,180,180
A,4723,0.24131681,0.24154307,0.24142994,1,1,254,174,180,180
A,4724,0.16384534,0.15071795,0.15728164,1,1,254,174,180,180
A,4725,0.13508523,0.11498344,0.12503434,1,1,254,174,180,180
A,4726,0.11877887,0.10153462,0.11015675,1,1,254,174,180,180
A,4727,0.20037997,0.16254947,0.18146472,1,1,254,174,180,180
A,4728,0.20238554,0.16629752,0.18434153,1,1,254,174,180,180
A,4729,0.23453251,0.22589738,0.23021494,1,1,254,174,180,180
A,4730,0.23453251,0.22436752,0.22945002,1,1,254,174,180,180
A,4731,0.24131681,0.20721766,0.22426724,1,1,254,174,180,180
A,4732,0.25953438,0.24154307,0.25053873,1,1,254,174,180,180
A,4733,0.26870008,0.23246059,0.25058033,1,1,254,174,180,180
A,4734,0.27747999,0.25847227,0.26797613,1,1,254,174,180,180
A,4735,0.25847227,0.24032926,0.24940076,1,1,254,174,180,180
A,4736,0.26147035,0.24154307,0.25150671,1,1,254,174,180,180
A,4737,0.26870008,0.22416696,0.24643352,1,1,254,174,180,180
A,4738,0.25831558,0.22416696,0.24124127,1,1,254,174,180,180
A,4739,0.25097036,0.25000958,0.25048997,1,1,254,174,180,180
A,4740,0.25847227,0.24131681,0.24989454,1,1,254,174,180,180
A,4741,0.23453251,0.22503036,0.22978143,1,1,254,174,180,180
A,4742,0.24253562,0.22466314,0.23359938,1,1,254,174,180,180
A,4743,0.22466314,0.22466314,0.22466314,1,1,254,174,180,180
A,4744,0.25847227,0.22466314,0.24156771,1,1,254,174,180,180
A,4745,0.24253562,0.24154307,0.24203934,1,1,254,174,180,180
A,4746,0.22879288,0.22324958,0.22602123,1,1,254,174,180,180
A,4747,0.24154307,0.22344933,0.23249620,1,1,254,174,180,180
A,4748,0.24154307,0.20778321,0.22466314,1,1,254,174,180,180
A,4749,0.24253562,0.20778321,0.22515942,1,1,254,174,180,180
A,4750,0.23355311,0.20778321,0.22066816,1,1,254,174,180,180
A,4751,0.24511344,0.25000958,0.24756151,1,1,254,174,180,180
A,4752,0.25847227,0.24883551,0.25365389,1,1,254,174,180,180
A,4753,0.24253562,0.22324958,0.23289260,1,1,254,174,180,180
A,4754,0.24253562,0.23363466,0.23808514,1,1,254,174,180,180
A,4755,0.29356515,0.27433813,0.28395164,1,1,254,174,180,180
A,4756,0.23453251,0.22466314,0.22959783,1,1,254,174,180,180
A,4757,0.26740820,0.26432744,0.26586782,1,1,254,174,180,180
A,4758,0.26942349,0.23363466,0.25152908,1,1,254,174,180,180
A,4759,0.25000958,0.23246059,0.24123508,1,1,254,174,180,180
A,4760,0.26638450,0.26638450,0.26638450,1,1,254,174,180,180
A,4761,0.27540147,0.23453251,0.25496699,1,1,254,174,180,180
A,4762,0.27540147,0.23335392,0.25437770,1,1,254,174,180,180
A,4763,0.29356515,0.28519375,0.28937945,1,1,254,174,180,180
A,4764,0.27540147,0.26752193,0.27146170,1,1,254,174,180,180
A,4765,0.26942349,0.25953438,0.26447894,1,1,254,174,180,180
A,4766,0.27968792,0.27653315,0.27811054,1,1,254,174,180,180
A,4767,0.25000958,0.24253562,0.24627260,1,1,254,174,180,180
A,4768,0.25097036,0.24131681,0.24614359,1,1,254,174,180,180
A,4769,0.24032926,0.22467197,0.23250061,1,1,254,174,180,180
A,4770,0.25846667,0.25110098,0.25478383,1,1,254,174,180,180
A,4771,0.25953438,0.25110098,0.25531768,1,1,254,174,180,180
A,4772,0.24154307,0.23252907,0.23703607,1,1,254,174,180,180
A,4773,0.24883551,0.25194775,0.25039163,1,1,254,174,180,180
A,4774,0.24253562,0.21668946,0.22961254,1,1,254,174,180,180
A,4775,0.24253562,0.21521531,0.22887546,1,1,254,174,180,180
A,4776,0.22466314,0.22314351,0.22390333,1,1,254,174,180,180
A,4777,0.22294815,0.23302707,0.22798761,1,1,254,174,180,180
A,4778,0.22558633,0.23302707,0.22930670,1,1,254,174,180,180
A,4779,0.22416696,0.24139545,0.23278120,1,1,254,174,180,180
A,4780,0.23363466,0.25189637,0.24276551,1,1,254,174,180,180
A,4781,0.22466314,0.23429291,0.22947803,1,1,254,174,180,180
A,4782,0.22558633,0.23474018,0.23016325,1,1,254,174,180,180
A,4783,0.21814250,0.20782984,0.21298617,1,1,254,154,180,180
A,4784,0.18920575,0.17231138,0.18075856,1,1,254,154,180,180
A,4785,0.13573666,0.13793103,0.13683385,1,1,254,154,180,180
A,4786,0.12341419,0.12789782,0.12565600,1,1,254,154,180,180
A,4787,0.11666667,0.12500000,0.12083333,1,1,254,154,180,180
A,4788,0.14508582,0.16850036,0.15679309,1,1,254,134,180,180
A,4789,0.18333333,0.21138217,0.19735775,1,1,254,134,180,180
A,4790,0.24986122,0.30866135,0.27926129,1,1,277,145,151,150
A,4791,0.25969164,0.31370838,0.28670001,1,1,277,145,151,150
A,4792,0.25208208,0.33347448,0.29277828,1,1,277,145,151,150
A,4793,0.25969164,0.35630841,0.30800003,1,1,277,145,151,150
A,4794,0.27677097,0.31250000,0.29463549,1,1,277,145,151,150
A,4795,0.28724057,0.37091865,0.32907961,1,1,277,145,151,150
A,4796,0.26955121,0.31818182,0.29386651,1,1,277,145,151,150
A,4797,0.27738343,0.34197096,0.30967720,1,1,277,145,151,150
A,4798,0.28609713,0.41034967,0.34822340,1,1,277,128,151,150
A,4799,0.32862047,0.43137280,0.37999664,1,1,273,114,181,180
A,4800,0.32765251,0.43137280,0.37951265,1,1,273,114,181,180
A,4801,0.32862047,0.41265364,0.37063706,1,1,273,114,181,180
A,4802,0.31684074,0.41385654,0.36534864,1,1,273,114,181,180
A,4803,0.32159825,0.39549017,0.35854421,1,1,277,145,151,150
A,4804,0.31151473,0.33972831,0.32562152,1,1,277,145,151,150
A,4805,0.28625405,0.30866135,0.29745770,1,1,277,145,151,150
A,4806,0.25846706,0.27890262,0.26868484,1,1,277,145,151,150
A,4807,0.27006578,0.26923077,0.26964828,1,1,254,134,180,180
A,4808,0.26039679,0.25908162,0.25973920,1,1,254,134,180,180
A,4809,0.28024677,0.24984072,0.26504374,1,1,254,134,180,180
A,4810,0.26039679,0.24325213,0.25182446,1,1,261,161,150,151
A,4811,0.29663651,0.24202972,0.26933312,1,1,261,161,150,151
A,4812,0.30118352,0.26711137,0.28414745,1,1,261,161,150,151
A,4813,0.29778629,0.23335392,0.26557010,1,1,234,154,180,180
A,4814,0.27738684,0.23399837,0.25569261,1,1,234,154,180,180
A,4815,0.28910733,0.23399837,0.26155285,1,1,234,154,180,180
A,4816,0.29562995,0.23281653,0.26422324,1,1,234,154,180,180
A,4817,0.31694074,0.25048403,0.28371238,1,1,234,154,180,180
A,4818,0.27853271,0.24979177,0.26416224,1,1,234,154,180,180
A,4819,0.29537828,0.22762573,0.26150200,1,1,234,154,180,180
A,4820,0.29537828,0.21890058,0.25713943,1,1,234,154,180,180
A,4821,0.29537828,0.23453251,0.26495539,1,1,234,154,180,180
A,4822,0.27722108,0.23399837,0.25560973,1,1,234,154,180,180
A,4823,0.27722108,0.24202972,0.25962540,1,1,261,178,150,150
A,4824,0.25906389,0.24202972,0.25054681,1,1,261,178,150,150
A,4825,0.28504386,0.22533797,0.25519091,1,1,261,178,150,150
A,4826,0.25000000,0.22762573,0.23881286,1,1,261,178,150,150
A,4827,0.25369538,0.23281653,0.24325596,1,1,261,178,150,150
A,4828,0.25369538,0.23281653,0.24325596,1,1,261,178,150,150
A,4829,0.26289324,0.21057452,0.23673388,1,1,261,178,150,150
A,4830,0.25740893,0.22533797,0.24137345,1,1,261,178,150,150
A,4831,0.23680340,0.23335392,0.23507866,1,1,261,178,150,150
A,4832,0.21505814,0.19955703,0.20730758,1,1,261,178,150,150
A,4833,0.23355311,0.19447895,0.21401603,1,1,261,178,150,150
A,4834,0.20863703,0.16254947,0.18559325,1,1,261,178,150,150
A,4835,0.21453574,0.19581106,0.20517340,1,1,261,178,150,150
A,4836,0.19853837,0.18292728,0.19073282,1,1,261,178,150,150
A,4837,0.19706887,0.14843535,0.17275211,1,1,261,178,150,150
A,4838,0.19678022,0.14843535,0.17260779,1,1,261,178,150,150
A,4839,0.18164506,0.13238494,0.15701500,1,1,254,154,180,180
A,4840,0.17370842,0.16212999,0.16791920,1,1,254,154,180,180
A,4841,0.17319675,0.14925557,0.16122616,1,1,254,154,180,180
A,4842,0.17370842,0.15131444,0.16251143,1,1,254,154,180,180
A,4843,0.18920575,0.18309240,0.18614907,1,1,254,154,180,180
A,4844,0.17541160,0.16748166,0.17144663,1,1,261,161,150,151
A,4845,0.16629752,0.16313208,0.16471480,1,1,261,161,150,151
A,4846,0.13784910,0.12035792,0.12910351,1,1,234,154,180,180
A,4847,0.12040366,0.12443197,0.12241782,1,1,234,154,180,180
A,4848,0.14496304,0.14084260,0.14290282,1,1,234,154,180,180
A,4849,0.15720149,0.14142135,0.14931142,1,1,234,154,180,180
A,4850,0.14005354,0.11877887,0.12941621,1,1,234,154,180,180
A,4851,0.12500000,0.12494329,0.12497164,1,1,234,154,180,180
A,4852,0.13784910,0.11832416,0.12808663,1,1,234,154,180,180
A,4853,0.12061796,0.12443197,0.12252497,1,1,234,154,180,180
A,4854,0.14249410,0.13623124,0.13936267,1,1,234,154,180,180
A,4855,0.15508024,0.13623124,0.14565574,1,1,234,154,180,180
A,4856,0.14496304,0.12082045,0.13289174,1,1,234,154,180,180
A,4857,0.12040366,0.12082045,0.12061206,1,1,234,174,180,180
A,4858,0.13784910,0.11832416,0.12808663,1,1,261,178,150,150
A,4859,0.13508523,0.11695978,0.12602251,1,1,261,178,150,150
A,4860,0.15678646,0.15032004,0.15355325,1,1,261,178,150,150
A,4861,0.14249410,0.12216025,0.13232718,1,1,261,178,150,150
A,4862,0.13972166,0.13623124,0.13797645,1,1,261,178,150,150
A,4863,0.15692218,0.14805229,0.15248724,1,1,261,178,150,150
A,4864,0.13972166,0.13623124,0.13797645,1,1,261,178,150,150
A,4865,0.16794419,0.15032004,0.15913212,1,1,261,178,150,150
A,4866,0.17319675,0.15235380,0.16277527,1,1,261,178,150,150
A,4867,0.15692218,0.17489492,0.16590855,1,1,261,178,150,150
A,4868,0.15645996,0.15815814,0.15730905,1,1,261,178,150,150
A,4869,0.15692218,0.15645996,0.15669107,1,1,254,174,180,180
A,4870,0.16959086,0.16912380,0.16935733,1,1,254,174,180,180
A,4871,0.19034661,0.14925557,0.16980109,1,1,254,174,180,180
A,4872,0.15645996,0.15293929,0.15469963,1,1,254,174,180,180
A,4873,0.15815814,0.13931011,0.14873412,1,1,254,174,180,180
A,4874,0.17319675,0.17489492,0.17404584,1,1,254,174,180,180
A,4875,0.17931335,0.17149858,0.17540597,1,1,254,174,180,180
A,4876,0.19176598,0.17489492,0.18333045,1,1,261,178,150,150
A,4877,0.19006781,0.17319675,0.18163228,1,1,234,174,180,180
A,4878,0.17319675,0.15434872,0.16377274,1,1,234,174,180,180
A,4879,0.17370842,0.15815814,0.16593328,1,1,234,174,180,180
A,4880,0.17319675,0.15815814,0.16567744,1,1,234,174,180,180
A,4881,0.16748166,0.18864844,0.17806505,1,1,234,174,180,180
A,4882,0.17755521,0.14142135,0.15948828,1,1,234,174,180,180
A,4883,0.19678022,0.18107149,0.18892586,1,1,234,174,180,180
A,4884,0.17248796,0.19176598,0.18212697,1,1,234,174,180,180
A,4885,0.19678022,0.17489492,0.18583757,1,1,234,174,180,180
A,4886,0.20721766,0.18543815,0.19632791,1,1,234,174,180,180
A,4887,0.17931335,0.17417919,0.17674627,1,1,234,174,180,180
A,4888,0.17319675,0.19176598,0.18248136,1,1,234,174,180,180
A,4889,0.18543815,0.15071795,0.16807805,1,1,234,174,180,180
A,4890,0.18406562,0.16912380,0.17659471,1,1,234,174,180,180
A,4891,0.18543815,0.18543815,0.18543815,1,1,234,174,180,180
A,4892,0.18864844,0.18472824,0.18668834,1,1,234,174,180,180
A,4893,0.19006781,0.18543815,0.18775298,1,1,234,174,180,180
A,4894,0.19006781,0.16912380,0.17959580,1,1,234,174,180,180
A,4895,0.17541160,0.15293929,0.16417544,1,1,234,174,180,180
A,4896,0.17319675,0.16583953,0.16951814,1,1,234,174,180,180
A,4897,0.17200523,0.16912380,0.17056451,1,1,234,174,180,180
A,4898,0.20579830,0.20863703,0.20721766,1,1,234,174,180,180
A,4899,0.20721766,0.18309240,0.19515503,1,1,234,174,180,180
A,4900,0.20175250,0.19176598,0.19675924,1,1,234,174,180,180
A,4901,0.18864844,0.19176598,0.19020721,1,1,234,174,180,180
A,4902,0.21453574,0.19098120,0.20275847,1,1,234,174,180,180
A,4903,0.21306625,0.19176598,0.20241611,1,1,234,174,180,180
A,4904,0.17370842,0.17931335,0.17651088,1,1,234,174,180,180
A,4905,0.22324958,0.20863703,0.21594331,1,1,234,174,180,180
A,4906,0.20579830,0.18472824,0.19526327,1,1,234,174,180,180
A,4907,0.22558633,0.21693045,0.22125839,1,1,234,174,180,180
A,4908,0.20721766,0.16912380,0.18817073,1,1,234,174,180,180
A,4909,0.22558633,0.19176598,0.20867615,1,1,234,174,180,180
A,4910,0.20175250,0.20863703,0.20519477,1,1,234,174,180,180
A,4911,0.20721766,0.17541160,0.19131463,1,1,234,174,180,180
A,4912,0.20579830,0.17886845,0.19233337,1,1,234,174,180,180
A,4913,0.18864844,0.18543815,0.18704329,1,1,234,174,180,180
A,4914,0.18864844,0.20175250,0.19520047,1,1,234,174,180,180
A,4915,0.20579830,0.18543815,0.19561822,1,1,234,174,180,180
A,4916,0.18379601,0.19530574,0.18955088,1,1,234,174,180,180
A,4917,0.22294815,0.19176598,0.20735707,1,1,234,174,180,180
A,4918,0.17319675,0.16054032,0.16686854,1,1,234,174,180,180
A,4919,0.17489492,0.16583953,0.17036722,1,1,261,194,150,151
A,4920,0.15089771,0.13303802,0.14196786,1,1,261,194,150,151
A,4921,0.10846523,0.13074601,0.11960562,1,1,261,194,150,151
A,4922,0.12283205,0.13074601,0.12678903,1,1,261,194,150,151
A,4923,0.13040860,0.09074259,0.11057559,1,1,261,194,150,151
A,4924,0.10153462,0.09862873,0.10008167,1,1,261,194,150,151
A,4925,0.14142135,0.10247715,0.12194925,1,1,261,194,150,151
A,4926,0.15129715,0.12876456,0.14003085,1,1,261,194,150,151
A,4927,0.15815814,0.15171499,0.15493656,1,1,261,194,150,151
A,4928,0.15129715,0.13074601,0.14102158,1,1,261,194,150,151
A,4929,0.16748166,0.13040860,0.14894513,1,1,261,194,150,151
A,4930,0.16847635,0.14925557,0.15886596,1,1,261,194,150,151
A,4931,0.16912380,0.15336166,0.16124273,1,1,261,194,150,151
A,4932,0.16912380,0.16054032,0.16483206,1,1,261,194,150,151
A,4933,0.16748166,0.16054032,0.16401099,1,1,261,194,150,151
A,4934,0.17489492,0.13303802,0.15396647,1,1,261,194,150,151
A,4935,0.18472824,0.16054032,0.17263428,1,1,261,194,150,151
A,4936,0.17417919,0.16583953,0.17000936,1,1,261,194,150,151
A,4937,0.17489492,0.17370842,0.17430167,1,1,261,194,150,151
A,4938,0.20579830,0.16583953,0.18581891,1,1,261,194,150,151
A,4939,0.19900743,0.19447895,0.19674319,1,1,234,174,180,180
A,4940,0.17319675,0.13508523,0.15414099,1,1,261,194,150,151
A,4941,0.18379601,0.14966777,0.16673189,1,1,261,194,150,151
A,4942,0.16847635,0.16583953,0.16715794,1,1,261,194,150,151
A,4943,0.18928998,0.16767385,0.17848191,1,1,234,174,180,180
A,4944,0.16127524,0.13303802,0.14715663,1,1,254,174,180,180
A,4945,0.20721766,0.19592939,0.20157353,1,1,254,174,180,180
A,4946,0.23252907,0.20782984,0.22017945,1,1,254,174,180,180
A,4947,0.23355311,0.20640627,0.21997969,1,1,254,174,180,180
A,4948,0.25846667,0.21736862,0.23791765,1,1,254,174,180,180
A,4949,0.26870008,0.20640627,0.23755317,1,1,254,174,180,180
A,4950,0.22558633,0.22360680,0.22459656,1,1,254,174,180,180
A,4951,0.25110098,0.22360680,0.23735389,1,1,254,174,180,180
A,4952,0.25110098,0.22558633,0.23834365,1,1,254,174,180,180
A,4953,0.20721766,0.21374116,0.21047941,1,1,254,174,180,180
A,4954,0.26028961,0.21374116,0.23701538,1,1,254,174,180,180
A,4955,0.25110098,0.21374116,0.23242107,1,1,254,174,180,180
A,4956,0.25000000,0.23355311,0.24177656,1,1,254,174,180,180
A,4957,0.23252907,0.22625276,0.22939092,1,1,254,174,180,180
A,4958,0.24253562,0.22625276,0.23439419,1,1,254,174,180,180
A,4959,0.23252907,0.21668946,0.22460926,1,1,254,174,180,180
A,4960,0.23355311,0.21521531,0.22438421,1,1,254,174,180,180
A,4961,0.25110098,0.20782984,0.22946541,1,1,254,174,180,180
A,4962,0.22558633,0.20640627,0.21599630,1,1,261,178,150,150
A,4963,0.23726476,0.21453574,0.22590025,1,1,261,178,150,150
A,4964,0.22558633,0.20863703,0.21711168,1,1,261,178,150,150
A,4965,0.24154307,0.20782984,0.22468645,1,1,261,178,150,150
A,4966,0.24154307,0.24325213,0.24239760,1,1,261,178,150,150
A,4967,0.25847227,0.26870008,0.26358617,1,1,261,178,150,150
A,4968,0.26602970,0.28519375,0.27561173,1,1,261,178,150,150
A,4969,0.26752193,0.26633281,0.26692737,1,1,261,178,150,150
A,4970,0.27540147,0.29154759,0.28347453,1,1,261,178,150,150
A,4971,0.27540147,0.30282725,0.28911436,1,1,261,178,150,150
A,4972,0.27540147,0.28629917,0.28085032,1,1,261,178,150,150
A,4973,0.29236377,0.28629917,0.28933147,1,1,261,178,150,150
A,4974,0.29550564,0.28519375,0.29034969,1,1,261,178,150,150
A,4975,0.27854334,0.28720605,0.28287469,1,1,261,178,150,150
A,4976,0.29236377,0.28394328,0.28815353,1,1,261,178,150,150
A,4977,0.29236377,0.27546544,0.28391461,1,1,261,178,150,150
A,4978,0.29550564,0.28519375,0.29034969,1,1,261,178,150,150
A,4979,0.29236377,0.27546544,0.28391461,1,1,261,178,150,150
A,4980,0.28504386,0.28629917,0.28567151,1,1,261,178,150,150
A,4981,0.29236377,0.28609713,0.28923045,1,1,261,178,150,150
A,4982,0.27540147,0.28720605,0.28130376,1,1,261,178,150,150
A,4983,0.27540147,0.27735010,0.27637579,1,1,261,178,150,150
A,4984,0.27540147,0.28629917,0.28085032,1,1,261,178,150,150
A,4985,0.27540147,0.27439773,0.27489960,1,1,261,178,150,150
A,4986,0.30260004,0.32156617,0.31208311,1,1,261,178,150,150
A,4987,0.27540147,0.25724787,0.26632467,1,1,261,178,150,150
A,4988,0.27854334,0.27433813,0.27644073,1,1,261,178,150,150
A,4989,0.28168520,0.26743823,0.27456171,1,1,261,178,150,150
A,4990,0.29154759,0.27439773,0.28297266,1,1,261,178,150,150
A,4991,0.29236377,0.28629917,0.28933147,1,1,261,178,150,150
A,4992,0.27540147,0.28498821,0.28019484,1,1,261,178,150,150
A,4993,0.27540147,0.27546544,0.27543346,1,1,261,178,150,150
A,4994,0.27854334,0.29336155,0.28595244,1,1,261,178,150,150
A,4995,0.24154307,0.27546544,0.25850426,1,1,261,178,150,150
A,4996,0.25712567,0.28629917,0.27171242,1,1,261,178,150,150
A,4997,0.25847227,0.28498821,0.27173024,1,1,261,178,150,150
A,4998,0.25847227,0.28629917,0.27238572,1,1,261,178,150,150
A,4999,0.25847227,0.27735010,0.26791118,1,1,261,178,150,150
A,5000,0.25847227,0.28498821,0.27173024,1,1,261,178,150,150
A,5001,0.27540147,0.27439773,0.27489960,1,1,261,178,150,150
A,5002,0.28504386,0.28609713,0.28557049,1,1,261,178,150,150
A,5003,0.29084061,0.30184385,0.29634223,1,1,261,178,150,150
A,5004,0.28668762,0.28498821,0.28583792,1,1,261,178,150,150
A,5005,0.29084061,0.28498821,0.28791441,1,1,261,178,150,150
A,5006,0.30932607,0.29336155,0.30134381,1,1,261,178,150,150
A,5007,0.29516755,0.28498821,0.29007788,1,1,261,178,150,150
A,5008,0.25847227,0.25953438,0.25900333,1,1,261,178,150,150
A,5009,0.27540147,0.27653315,0.27596731,1,1,261,178,150,150
A,5010,0.28992135,0.26717645,0.27854890,1,1,254,174,180,180
A,5011,0.29516755,0.27520836,0.28518796,1,1,254,174,180,180
A,5012,0.29154759,0.27439773,0.28297266,1,1,254,174,180,180
A,5013,0.27540147,0.28498821,0.28019484,1,1,254,174,180,180
A,5014,0.27854334,0.28498821,0.28176577,1,1,261,178,150,150
A,5015,0.29154759,0.28408833,0.28781796,1,1,254,174,180,180
A,5016,0.29396610,0.27653315,0.28524963,1,1,261,178,150,150
A,5017,0.24511344,0.24936468,0.24723906,1,1,261,178,150,150
A,5018,0.12216025,0.10618306,0.11417165,1,1,261,178,150,150
A,5019,0.12232937,0.13784910,0.13008924,1,1,261,178,150,150
A,5020,0.17489492,0.18022474,0.17755983,1,1,261,178,150,150
A,5021,0.21505814,0.20640627,0.21073221,1,1,261,178,150,150
A,5022,0.25739075,0.26717645,0.26228360,1,1,261,178,150,150
A,5023,0.27446917,0.24936468,0.26191693,1,1,261,178,150,150
A,5024,0.28829572,0.26955121,0.27892347,1,1,261,178,150,150
A,5025,0.28829572,0.24080732,0.26455152,1,1,254,174,180,180
A,5026,0.28345390,0.28408833,0.28377111,1,1,254,174,180,180
A,5027,0.28345390,0.29448408,0.28896899,1,1,254,174,180,180
A,5028,0.30091215,0.27520836,0.28806026,1,1,254,174,180,180
A,5029,0.30414588,0.27546544,0.28980566,1,1,261,178,150,150
A,5030,0.27709217,0.27643077,0.27676147,1,1,254,174,180,180
A,5031,0.27540147,0.24080732,0.25810440,1,1,261,178,150,150
A,5032,0.25740893,0.22360680,0.24050786,1,1,261,178,150,150
A,5033,0.25847227,0.24325213,0.25086220,1,1,261,178,150,150
A,5034,0.24154307,0.22625276,0.23389792,1,1,261,178,150,150
A,5035,0.24154307,0.22360680,0.23257493,1,1,261,178,150,150
A,5036,0.24511344,0.22625276,0.23568310,1,1,261,178,150,150
A,5037,0.22344933,0.20925340,0.21635136,1,1,261,178,150,150
A,5038,0.22344933,0.20640627,0.21492780,1,1,261,178,150,150
A,5039,0.24154307,0.20962584,0.22558446,1,1,261,178,150,150
A,5040,0.24154307,0.22400479,0.23277393,1,1,261,178,150,150
A,5041,0.24253562,0.20640627,0.22447095,1,1,261,178,150,150
A,5042,0.22324958,0.21521531,0.21923244,1,1,261,178,150,150
A,5043,0.22466314,0.21374116,0.21920215,1,1,261,178,150,150
A,5044,0.22344933,0.21710312,0.22027622,1,1,261,178,150,150
A,5045,0.22466314,0.20640627,0.21553471,1,1,261,178,150,150
A,5046,0.22324958,0.21668946,0.21996952,1,1,261,178,150,150
A,5047,0.22466314,0.19807050,0.21136682,1,1,254,174,180,180
A,5048,0.20778321,0.21562615,0.21170468,1,1,254,174,180,180
A,5049,0.20863703,0.20819975,0.20841839,1,1,261,178,150,150
A,5050,0.20778321,0.21521531,0.21149926,1,1,254,174,180,180
A,5051,0.23363466,0.20677365,0.22020416,1,1,261,178,150,150
A,5052,0.25000000,0.21374116,0.23187058,1,1,261,178,150,150
A,5053,0.21730740,0.21374116,0.21552428,1,1,261,178,150,150
A,5054,0.24154307,0.25063053,0.24608680,1,1,261,178,150,150
A,5055,0.26752193,0.27006578,0.26879385,1,1,261,178,150,150
A,5056,0.28829572,0.28498821,0.28664197,1,1,254,174,180,180
A,5057,0.29695970,0.28498821,0.29097395,1,1,254,174,180,180
A,5058,0.31837041,0.27627923,0.29732482,1,1,254,174,180,180
A,5059,0.31050371,0.32058277,0.31554324,1,1,261,178,150,150
A,5060,0.31050371,0.29249744,0.30150057,1,1,261,178,150,150
A,5061,0.30771453,0.31959937,0.31365695,1,1,261,178,150,150
A,5062,0.31837041,0.32058277,0.31947659,1,1,261,178,150,150
A,5063,0.32414193,0.30184385,0.31299289,1,1,254,174,180,180
A,5064,0.31050371,0.29249744,0.30150057,1,1,254,174,180,180
A,5065,0.31652435,0.32156617,0.31904526,1,1,261,178,150,150
A,5066,0.32461160,0.32058277,0.32259719,1,1,261,178,150,150
A,5067,0.32712901,0.32058277,0.32385589,1,1,261,178,150,150
A,5068,0.29084061,0.32258477,0.30671269,1,1,261,178,150,150
A,5069,0.31050371,0.32070479,0.31560425,1,1,261,178,150,150
A,5070,0.32125617,0.34385251,0.33255434,1,1,261,178,150,150
A,5071,0.33845719,0.31056207,0.32450963,1,1,261,178,150,150
A,5072,0.32740077,0.33675740,0.33207909,1,1,254,174,180,180
A,5073,0.31050371,0.32679716,0.31865043,1,1,254,174,180,180
A,5074,0.31837041,0.33231397,0.32534219,1,1,254,174,180,180
A,5075,0.32125617,0.31395466,0.31760542,1,1,254,174,180,180
A,5076,0.31050371,0.30869744,0.30960057,1,1,254,174,180,180
A,5077,0.32125617,0.32159825,0.32142721,1,1,254,174,180,180
A,5078,0.32125617,0.31959937,0.32042777,1,1,254,174,180,180
A,5079,0.31837041,0.32172066,0.32004553,1,1,254,174,180,180
A,5080,0.30379791,0.29347975,0.29863883,1,1,254,174,180,180
A,5081,0.28345390,0.28519375,0.28432382,1,1,254,174,180,180
A,5082,0.32414193,0.30390889,0.31402541,1,1,254,174,180,180
A,5083,0.30091215,0.29240889,0.29666052,1,1,254,174,180,180
A,5084,0.31050371,0.32061174,0.31555772,1,1,254,174,180,180
A,5085,0.27709217,0.30378649,0.29043933,1,1,254,174,180,180
A,5086,0.32631163,0.32159825,0.32395494,1,1,254,174,180,180
A,5087,0.27396668,0.30279997,0.28838332,1,1,254,174,180,180
A,5088,0.21505814,0.21562615,0.21534214,1,1,254,174,180,180
A,5089,0.13874000,0.15517241,0.14695621,1,1,254,174,180,180
A,5090,0.12494329,0.13530994,0.13012661,1,1,254,174,180,180
A,5091,0.13623124,0.15508024,0.14565574,1,1,254,174,180,180
A,5092,0.17248796,0.15156614,0.16202705,1,1,254,174,180,180
A,5093,0.19098120,0.15165033,0.17131576,1,1,254,174,180,180
A,5094,0.20529450,0.19807050,0.20168250,1,1,254,174,180,180
A,5095,0.19511094,0.19630342,0.19570718,1,1,254,174,180,180
A,5096,0.21933247,0.18954251,0.20443749,1,1,254,174,180,180
A,5097,0.23252907,0.25110898,0.24181902,1,1,254,174,180,180
A,5098,0.20778321,0.19124873,0.19951597,1,1,254,174,180,180
A,5099,0.20670070,0.21414919,0.21042494,1,1,254,174,180,180
A,5100,0.22757907,0.22400479,0.22579193,1,1,254,174,180,180
A,5101,0.25847227,0.25063053,0.25455140,1,1,254,174,180,180
A,5102,0.24511344,0.25063053,0.24787198,1,1,254,174,180,180
A,5103,0.23123203,0.23155292,0.23139248,1,1,254,174,180,180
A,5104,0.24028467,0.23199495,0.23613981,1,1,254,174,180,180
A,5105,0.24028467,0.25189637,0.24609052,1,1,254,174,180,180
A,5106,0.26380294,0.26030111,0.26205202,1,1,254,174,180,180
A,5107,0.24028467,0.24936468,0.24482468,1,1,254,174,180,180
A,5108,0.24860551,0.23155292,0.24007922,1,1,254,174,180,180
A,5109,0.26380294,0.25189637,0.25784965,1,1,254,174,180,180
A,5110,0.28345390,0.26844229,0.27594809,1,1,254,174,180,180
A,5111,0.28992135,0.28720605,0.28856370,1,1,254,174,180,180
A,5112,0.28345390,0.28498821,0.28422105,1,1,254,174,180,180
A,5113,0.26423932,0.28609713,0.27516822,1,1,254,174,180,180
A,5114,0.28797017,0.26955121,0.27876069,1,1,254,174,180,180
A,5115,0.31837041,0.29548674,0.30692858,1,1,254,174,180,180
A,5116,0.28021766,0.28629917,0.28325842,1,1,254,174,180,180
A,5117,0.28154625,0.28408833,0.28281729,1,1,254,174,180,180
A,5118,0.30703164,0.28609713,0.29656438,1,1,254,174,180,180
A,5119,0.27709217,0.29154759,0.28431988,1,1,254,174,180,180
A,5120,0.27709217,0.28553225,0.28131221,1,1,254,174,180,180
A,5121,0.30091215,0.28775432,0.29433324,1,1,254,174,180,180
A,5122,0.29396610,0.28498821,0.28947715,1,1,254,174,180,180
A,5123,0.31837041,0.28498821,0.30167931,1,1,254,174,180,180
A,5124,0.31837041,0.28609713,0.30223377,1,1,254,174,180,180
A,5125,0.32125617,0.32058277,0.32091947,1,1,254,174,180,180
A,5126,0.28345390,0.30378649,0.29362019,1,1,254,174,180,180
A,5127,0.32125617,0.30378649,0.31252133,1,1,254,174,180,180
A,5128,0.31050371,0.32258477,0.31654424,1,1,254,174,180,180
A,5129,0.31837041,0.28498821,0.30167931,1,1,254,174,180,180
A,5130,0.29084061,0.29548674,0.29316367,1,1,254,174,180,180
A,5131,0.31050371,0.30279997,0.30665184,1,1,254,174,180,180
A,5132,0.31050371,0.32159825,0.31605098,1,1,254,174,180,180
A,5133,0.32125617,0.30960941,0.31543279,1,1,254,174,180,180
A,5134,0.32125617,0.31056207,0.31590912,1,1,254,174,180,180
A,5135,0.32414193,0.28498821,0.30456507,1,1,254,174,180,180
A,5136,0.31050371,0.30960941,0.31005656,1,1,254,174,180,180
A,5137,0.31050371,0.27520836,0.29285604,1,1,254,174,180,180
A,5138,0.30771453,0.31056207,0.30913830,1,1,254,174,180,180
A,5139,0.32414193,0.30960941,0.31687567,1,1,254,174,180,180
A,5140,0.30771453,0.32159825,0.31465639,1,1,254,174,180,180
A,5141,0.30771453,0.31056207,0.30913830,1,1,254,174,180,180
A,5142,0.31329288,0.30378649,0.30853968,1,1,254,174,180,180
A,5143,0.31622777,0.32159825,0.31891301,1,1,254,174,180,180
A,5144,0.30577865,0.32159825,0.31368845,1,1,254,174,180,180
A,5145,0.31050371,0.30960941,0.31005656,1,1,254,174,180,180
A,5146,0.31837041,0.32159825,0.31998433,1,1,254,174,180,180
A,5147,0.31050371,0.30960941,0.31005656,1,1,254,174,180,180
A,5148,0.32125617,0.32159825,0.32142721,1,1,254,174,180,180
A,5149,0.31050371,0.31056207,0.31053289,1,1,254,174,180,180
A,5150,0.32712901,0.34486834,0.33599867,1,1,254,174,180,180
A,5151,0.31050371,0.29347975,0.30199173,1,1,254,174,180,180
A,5152,0.32911541,0.32159825,0.32535683,1,1,254,174,180,180
A,5153,0.31329288,0.32159825,0.31744556,1,1,254,174,180,180
A,5154,0.31132190,0.32258477,0.31695333,1,1,254,174,180,180
A,5155,0.31050371,0.32061174,0.31555772,1,1,254,174,180,180
A,5156,0.32534104,0.32159825,0.32346965,1,1,254,174,180,180
A,5157,0.32712901,0.32159825,0.32436363,1,1,254,174,180,180
A,5158,0.32712901,0.32159825,0.32436363,1,1,254,174,180,180
A,5159,0.30855027,0.30378649,0.30616838,1,1,254,174,180,180
A,5160,0.27709217,0.30279997,0.28994607,1,1,254,174,180,180
A,5161,0.27854334,0.29336155,0.28595244,1,1,254,174,180,180
A,5162,0.28021766,0.26717645,0.27369705,1,1,254,174,180,180
A,5163,0.27709217,0.30378649,0.29043933,1,1,254,174,180,180
A,5164,0.26025117,0.27627923,0.26826520,1,1,254,174,180,180
A,5165,0.27854334,0.27627923,0.27741128,1,1,254,174,180,180
A,5166,0.28154625,0.26828537,0.27491581,1,1,254,174,180,180
A,5167,0.28021766,0.27653315,0.27837541,1,1,254,174,180,180
A,5168,0.26810958,0.25923025,0.26366991,1,1,254,174,180,180
A,5169,0.26810958,0.25907871,0.26359414,1,1,254,174,180,180
A,5170,0.24738821,0.24246051,0.24492436,1,1,254,174,180,180
A,5171,0.28992135,0.24936468,0.26964302,1,1,254,174,180,180
A,5172,0.24879034,0.24979177,0.24929106,1,1,254,174,180,180
A,5173,0.25712567,0.25907871,0.25810219,1,1,254,174,180,180
A,5174,0.20778321,0.20677365,0.20727843,1,1,254,174,180,180
A,5175,0.18853157,0.17401760,0.18127458,1,1,254,174,180,180
A,5176,0.24868381,0.23326321,0.24097351,1,1,254,174,180,180
A,5177,0.27396668,0.25846706,0.26621687,1,1,254,174,180,180
A,5178,0.24028467,0.27520836,0.25774652,1,1,254,174,180,180
A,5179,0.27396668,0.27569820,0.27483244,1,1,254,174,180,180
A,5180,0.28992135,0.28609713,0.28800924,1,1,254,174,180,180
A,5181,0.25847227,0.26717645,0.26282436,1,1,254,174,180,180
A,5182,0.27396668,0.28498821,0.27947744,1,1,254,174,180,180
A,5183,0.30091215,0.28609713,0.29350464,1,1,254,174,180,180
A,5184,0.27709217,0.26844229,0.27276723,1,1,254,174,180,180
A,5185,0.27396668,0.24080732,0.25738700,1,1,254,174,180,180
A,5186,0.30043800,0.27520836,0.28782318,1,1,254,174,180,180
A,5187,0.26025117,0.26768648,0.26396883,1,1,254,174,180,180
A,5188,0.30379791,0.27677097,0.29028444,1,1,254,174,180,180
A,5189,0.25712567,0.24080732,0.24896650,1,1,254,174,180,180
A,5190,0.29396610,0.28498821,0.28947715,1,1,254,174,180,180
A,5191,0.27396668,0.25800784,0.26598726,1,1,254,174,180,180
A,5192,0.25712567,0.23281653,0.24497110,1,1,254,174,180,180
A,5193,0.24154307,0.22360680,0.23257493,1,1,254,174,180,180
A,5194,0.24860551,0.23199495,0.24030023,1,1,254,174,180,180
A,5195,0.24154307,0.24202972,0.24178640,1,1,254,174,180,180
A,5196,0.25847227,0.24123593,0.24985410,1,1,254,174,180,180
A,5197,0.24028467,0.22400479,0.23214473,1,1,254,174,180,180
A,5198,0.20778321,0.21414919,0.21096620,1,1,254,174,180,180
A,5199,0.24511344,0.20782984,0.22647164,1,1,254,174,180,180
A,5200,0.25847227,0.21736862,0.23792045,1,1,254,174,180,180
A,5201,0.24154307,0.23199495,0.23676901,1,1,254,174,180,180
A,5202,0.23252907,0.18920575,0.21086741,1,1,254,174,180,180
A,5203,0.22466314,0.24123593,0.23294953,1,1,254,174,180,180
A,5204,0.23907718,0.20782984,0.22345351,1,1,254,174,180,180
A,5205,0.20778321,0.22503036,0.21640679,1,1,254,174,180,180
A,5206,0.21049939,0.20640627,0.20845283,1,1,254,174,180,180
A,5207,0.24154307,0.22360680,0.23257493,1,1,254,174,180,180
A,5208,0.22466314,0.19900743,0.21183529,1,1,254,174,180,180
A,5209,0.20778321,0.18954251,0.19866286,1,1,254,174,180,180
A,5210,0.20778321,0.19630342,0.20204332,1,1,254,174,180,180
A,5211,0.20778321,0.20677365,0.20727843,1,1,254,174,180,180
A,5212,0.22466314,0.20962584,0.21714449,1,1,254,174,180,180
A,5213,0.23132693,0.21618678,0.22375686,1,1,254,174,180,180
A,5214,0.22466314,0.19988898,0.21227606,1,1,254,174,180,180
A,5215,0.20098014,0.19955703,0.20026858,1,1,254,174,180,180
A,5216,0.22349268,0.19955703,0.21152486,1,1,254,174,180,180
A,5217,0.24154307,0.21756310,0.22955309,1,1,254,174,180,180
A,5218,0.21505814,0.18292728,0.19899271,1,1,254,174,180,180
A,5219,0.20778321,0.18292728,0.19535524,1,1,254,174,180,180
A,5220,0.22466314,0.21654639,0.22060477,1,1,254,174,180,180
A,5221,0.20778321,0.19955703,0.20367012,1,1,254,174,180,180
A,5222,0.22466314,0.20782984,0.21624649,1,1,254,174,180,180
A,5223,0.20778321,0.19955703,0.20367012,1,1,254,174,180,180
A,5224,0.22466314,0.20819975,0.21643144,1,1,254,174,180,180
A,5225,0.20778321,0.22360680,0.21569500,1,1,254,174,180,180
A,5226,0.22466314,0.22400479,0.22433397,1,1,254,174,180,180
A,5227,0.24383644,0.24936468,0.24660056,1,1,254,174,180,180
A,5228,0.30260004,0.30184385,0.30222195,1,1,254,174,180,180
A,5229,0.31050371,0.30282725,0.30666548,1,1,254,174,180,180
A,5230,0.30855027,0.30964730,0.30909879,1,1,254,174,180,180
A,5231,0.31329288,0.32680993,0.32005141,1,1,254,174,180,180
A,5232,0.32125617,0.30378649,0.31252133,1,1,254,174,180,180
A,5233,0.32125617,0.32058277,0.32091947,1,1,254,174,180,180
A,5234,0.31050371,0.33824046,0.32437208,1,1,254,174,180,180
A,5235,0.30855027,0.34299716,0.32577372,1,1,254,174,180,180
A,5236,0.30313675,0.32680993,0.31497334,1,1,254,174,180,180
A,5237,0.32196045,0.32058277,0.32127161,1,1,254,174,180,180
A,5238,0.31132190,0.32765251,0.31948720,1,1,254,174,180,180
A,5239,0.31050371,0.31059715,0.31055043,1,1,254,174,180,180
A,5240,0.31678731,0.34385251,0.33031991,1,1,254,174,180,180
A,5241,0.30855027,0.34470787,0.32662907,1,1,254,174,180,180
A,5242,0.30414588,0.32058277,0.31236433,1,1,254,174,180,180
A,5243,0.31132190,0.31059715,0.31095953,1,1,254,174,180,180
A,5244,0.29396610,0.29443241,0.29419926,1,1,254,174,180,180
A,5245,0.29675527,0.27546544,0.28611036,1,1,254,174,180,180
A,5246,0.31329288,0.30964730,0.31147009,1,1,254,174,180,180
A,5247,0.28021766,0.29336155,0.28678961,1,1,254,174,180,180
A,5248,0.32125617,0.31151473,0.31638545,1,1,254,174,180,180
A,5249,0.29396610,0.27546544,0.28471577,1,1,254,174,180,180
A,5250,0.27709217,0.27546544,0.27627880,1,1,254,174,180,180
A,5251,0.27396668,0.27520836,0.27458752,1,1,254,174,180,180
A,5252,0.28345390,0.27569820,0.27957605,1,1,254,174,180,180
A,5253,0.27709217,0.25800784,0.26755001,1,1,254,174,180,180
A,5254,0.24028467,0.25063053,0.24545760,1,1,254,174,180,180
A,5255,0.28345390,0.27627923,0.27986656,1,1,254,174,180,180
A,5256,0.28668762,0.28519375,0.28594069,1,1,254,174,180,180
A,5257,0.31050371,0.30960941,0.31005656,1,1,254,174,180,180
A,5258,0.31329288,0.27735010,0.29532149,1,1,254,174,180,180
A,5259,0.29675527,0.30964730,0.30320128,1,1,254,174,180,180
A,5260,0.31050371,0.27520836,0.29285604,1,1,254,174,180,180
A,5261,0.27709217,0.27439773,0.27574495,1,1,254,174,180,180
A,5262,0.28475821,0.30294927,0.29385374,1,1,254,174,180,180
A,5263,0.31329288,0.30964730,0.31147009,1,1,254,174,180,180
A,5264,0.29396610,0.27546544,0.28471577,1,1,254,174,180,180
A,5265,0.28021766,0.27627923,0.27824845,1,1,254,174,180,180
A,5266,0.29675527,0.30960941,0.30318234,1,1,254,174,180,180
A,5267,0.31050371,0.29336155,0.30193263,1,1,254,174,180,180
A,5268,0.28345390,0.29336155,0.28840772,1,1,254,174,180,180
A,5269,0.28829572,0.27546544,0.28188058,1,1,254,174,180,180
A,5270,0.28021766,0.28519375,0.28270571,1,1,254,174,180,180
A,5271,0.28345390,0.24944629,0.26645009,1,1,254,174,180,180
A,5272,0.26067744,0.27520836,0.26794290,1,1,254,174,180,180
A,5273,0.27709217,0.27546544,0.27627880,1,1,254,174,180,180
A,5274,0.27396668,0.28507173,0.27951920,1,1,254,174,180,180
A,5275,0.28668762,0.28519375,0.28594069,1,1,254,174,180,180
A,5276,0.31329288,0.29249744,0.30289516,1,1,254,174,180,180
A,5277,0.31050371,0.27546544,0.29298457,1,1,254,174,180,180
A,5278,0.29362978,0.27546544,0.28454761,1,1,254,174,180,180
A,5279,0.28443650,0.26637572,0.27540611,1,1,254,174,180,180
A,5280,0.30703164,0.27439773,0.29071468,1,1,254,174,180,180
A,5281,0.28021766,0.27439773,0.27730770,1,1,254,174,180,180
A,5282,0.31329288,0.28519375,0.29924331,1,1,254,174,180,180
A,5283,0.29675527,0.27439773,0.28557650,1,1,254,174,180,180
A,5284,0.29675527,0.27520836,0.28598182,1,1,254,174,180,180
A,5285,0.28992135,0.27653315,0.28322725,1,1,254,174,180,180
A,5286,0.28021766,0.25846667,0.26934217,1,1,254,174,180,180
A,5287,0.28021766,0.28408833,0.28215300,1,1,254,174,180,180
A,5288,0.28021766,0.28609713,0.28315740,1,1,254,174,180,180
A,5289,0.14680393,0.13538509,0.14109451,1,1,254,174,180,180
A,5290,0.12232937,0.13997035,0.13114986,1,1,254,174,180,180
A,5291,0.12016633,0.12142305,0.12079469,1,1,254,174,180,180
A,5292,0.14740717,0.15517241,0.15128979,1,1,254,174,180,180
A,5293,0.12494329,0.13784910,0.13139619,1,1,254,174,180,180
A,5294,0.15751089,0.13997035,0.14874062,1,1,254,174,180,180
A,5295,0.20896920,0.18954251,0.19925585,1,1,254,174,180,180
A,5296,0.24028467,0.20677365,0.22352916,1,1,254,174,180,180
A,5297,0.27709217,0.27569820,0.27639519,1,1,254,174,180,180
A,5298,0.27709217,0.26844229,0.27276723,1,1,254,174,180,180
A,5299,0.28021766,0.27627923,0.27824845,1,1,254,174,180,180
A,5300,0.28021766,0.25800784,0.26911275,1,1,254,174,180,180
A,5301,0.27113375,0.25800784,0.26457080,1,1,254,174,180,180
A,5302,0.29675527,0.29336155,0.29505841,1,1,254,174,180,180
A,5303,0.27709217,0.27520836,0.27615027,1,1,254,174,180,180
A,5304,0.29396610,0.29249744,0.29323177,1,1,254,174,180,180
A,5305,0.29084061,0.29336155,0.29210108,1,1,254,174,180,180
A,5306,0.27709217,0.29240889,0.28475053,1,1,254,174,180,180
A,5307,0.30855027,0.30378649,0.30616838,1,1,254,174,180,180
A,5308,0.29362978,0.30489541,0.29926259,1,1,254,174,180,180
A,5309,0.27845477,0.29240889,0.28543183,1,1,254,174,180,180
A,5310,0.30703164,0.32061174,0.31382169,1,1,254,174,180,180
A,5311,0.28345390,0.28609713,0.28477551,1,1,254,174,180,180
A,5312,0.27845477,0.31056207,0.29450842,1,1,254,174,180,180
A,5313,0.29211671,0.29336155,0.29273913,1,1,254,174,180,180
A,5314,0.29396610,0.28498821,0.28947715,1,1,254,174,180,180
A,5315,0.27854334,0.27627923,0.27741128,1,1,254,174,180,180
A,5316,0.29236377,0.28609713,0.28923045,1,1,254,174,180,180
A,5317,0.30414588,0.30964730,0.30689659,1,1,254,174,180,180
A,5318,0.30703164,0.30378649,0.30540906,1,1,254,174,180,180
A,5319,0.30379791,0.28720605,0.29550198,1,1,254,174,180,180
A,5320,0.29516755,0.30279997,0.29898376,1,1,254,174,180,180
A,5321,0.29675527,0.28498821,0.29087174,1,1,254,174,180,180
A,5322,0.31050371,0.29443241,0.30246806,1,1,254,174,180,180
A,5323,0.28411108,0.30960941,0.29686024,1,1,254,174,180,180
A,5324,0.27396668,0.27616103,0.27506385,1,1,254,174,180,180
A,5325,0.30414588,0.29336155,0.29875371,1,1,254,174,180,180
A,5326,0.29675527,0.28609713,0.29142620,1,1,254,174,180,180
A,5327,0.29396610,0.32061174,0.30728892,1,1,254,174,180,180
A,5328,0.29675527,0.30378649,0.30027088,1,1,254,174,180,180
A,5329,0.29675527,0.29292934,0.29484231,1,1,254,174,180,180
A,5330,0.27709217,0.28498821,0.28104019,1,1,254,174,180,180
A,5331,0.28021766,0.27627923,0.27824845,1,1,254,174,180,180
A,5332,0.28021766,0.30279997,0.29150882,1,1,254,174,180,180
A,5333,0.27845477,0.28498821,0.28172149,1,1,254,174,180,180
A,5334,0.27709217,0.25846706,0.26777962,1,1,254,174,180,180
A,5335,0.27534894,0.29240889,0.28387891,1,1,254,174,180,180
A,5336,0.27113375,0.27520836,0.27317106,1,1,254,174,180,180
A,5337,0.26652950,0.28498821,0.27575885,1,1,254,174,180,180
A,5338,0.27113375,0.28498821,0.27806098,1,1,254,174,180,180
A,5339,0.26380294,0.27006578,0.26693436,1,1,254,174,180,180
A,5340,0.26025117,0.28498821,0.27261969,1,1,254,174,180,180
A,5341,0.27709217,0.28498821,0.28104019,1,1,254,174,180,180
A,5342,0.28668762,0.30279997,0.29474380,1,1,254,174,180,180
A,5343,0.26810958,0.29336155,0.28073556,1,1,254,174,180,180
A,5344,0.28021766,0.28553225,0.28287496,1,1,254,174,180,180
A,5345,0.27709217,0.30279997,0.28994607,1,1,254,174,180,180
A,5346,0.29830942,0.28553225,0.29192083,1,1,254,174,180,180
A,5347,0.31050371,0.29240889,0.30145630,1,1,254,174,180,180
A,5348,0.28992135,0.28778891,0.28885513,1,1,254,174,180,180
A,5349,0.26380294,0.26828537,0.26604415,1,1,254,174,180,180
A,5350,0.30414588,0.28664329,0.29539458,1,1,254,174,180,180
A,5351,0.27845477,0.30279997,0.29062737,1,1,254,174,180,180
A,5352,0.27709217,0.29240889,0.28475053,1,1,254,174,180,180
A,5353,0.31329288,0.29240889,0.30285088,1,1,254,174,180,180
A,5354,0.29488833,0.30279997,0.29884415,1,1,254,174,180,180
A,5355,0.28021766,0.29240889,0.28631328,1,1,254,174,180,180
A,5356,0.30209897,0.29336155,0.29773026,1,1,254,174,180,180
A,5357,0.27709217,0.30390889,0.29050053,1,1,254,174,180,180
A,5358,0.27709217,0.28609713,0.28159465,1,1,254,174,180,180
A,5359,0.31050371,0.30960941,0.31005656,1,1,254,174,180,180
A,5360,0.27845477,0.29240889,0.28543183,1,1,254,174,180,180
A,5361,0.32991818,0.32122378,0.32557098,1,1,254,174,180,180
A,5362,0.30496531,0.29347975,0.29922253,1,1,254,174,180,180
A,5363,0.30855027,0.32159825,0.31507426,1,1,254,174,180,180
A,5364,0.32196045,0.28609713,0.30402879,1,1,254,174,180,180
A,5365,0.28797017,0.30378649,0.29587833,1,1,254,174,180,180
A,5366,0.29211671,0.30390889,0.29801280,1,1,254,174,180,180
A,5367,0.30855027,0.32258477,0.31556752,1,1,254,174,180,180
A,5368,0.30855027,0.33344544,0.32099786,1,1,254,174,180,180
A,5369,0.31132190,0.32061174,0.31596682,1,1,261,178,150,150
A,5370,0.32534104,0.33931187,0.33232645,1,1,261,178,150,150
A,5371,0.30855027,0.34029838,0.32442433,1,1,261,178,150,150
A,5372,0.34436332,0.33231397,0.33833864,1,1,261,178,150,150
A,5373,0.32991818,0.32156617,0.32574218,1,1,261,178,150,150
A,5374,0.31132190,0.30393267,0.30762729,1,1,261,178,150,150
A,5375,0.34436332,0.34029838,0.34233085,1,1,261,178,150,150
A,5376,0.31050371,0.32159825,0.31605098,1,1,261,178,150,150
A,5377,0.35354391,0.36537035,0.35945713,1,1,254,174,180,180
A,5378,0.30855027,0.32061174,0.31458100,1,1,254,174,180,180
A,5379,0.32784261,0.32061174,0.32422717,1,1,254,174,180,180
A,5380,0.32256941,0.34005795,0.33131368,1,1,254,174,180,180
A,5381,0.32784261,0.33242259,0.33013260,1,1,254,174,180,180
A,5382,0.33617937,0.33242259,0.33430098,1,1,254,174,180,180
A,5383,0.32507098,0.33242259,0.32874678,1,1,254,174,180,180
A,5384,0.32991818,0.32061174,0.32526496,1,1,261,178,150,150
A,5385,0.34186175,0.33931187,0.34058681,1,1,261,178,150,150
A,5386,0.30903982,0.33344544,0.32124263,1,1,261,178,150,150
A,5387,0.31132190,0.33931187,0.32531688,1,1,261,178,150,150
A,5388,0.32712901,0.33941001,0.33326951,1,1,261,178,150,150
A,5389,0.30855027,0.32159825,0.31507426,1,1,261,178,150,150
A,5390,0.27534894,0.30390889,0.28962891,1,1,261,178,150,150
A,5391,0.29362978,0.30448905,0.29905942,1,1,261,178,150,150
A,5392,0.31050371,0.30547745,0.30799058,1,1,261,178,150,150
A,5393,0.30855027,0.30378649,0.30616838,1,1,261,178,150,150
A,5394,0.28544305,0.31056207,0.29800256,1,1,261,178,150,150
A,5395,0.31329288,0.27569820,0.29449554,1,1,261,178,150,150
A,5396,0.28411108,0.29400211,0.28905660,1,1,261,178,150,150
A,5397,0.31050371,0.30448905,0.30749638,1,1,261,178,150,150
A,5398,0.29211671,0.27569820,0.28390746,1,1,261,178,150,150
A,5399,0.27113375,0.27569820,0.27341598,1,1,261,178,150,150
A,5400,0.31050371,0.28664329,0.29857350,1,1,261,178,150,150
A,5401,0.29362978,0.28498821,0.28930899,1,1,261,178,150,150
A,5402,0.31329288,0.31497752,0.31413520,1,1,261,178,150,150
A,5403,0.31050371,0.31562406,0.31306389,1,1,254,174,180,180
A,5404,0.31050371,0.30436641,0.30743506,1,1,261,178,150,150
A,5405,0.30043800,0.30448905,0.30246353,1,1,261,178,150,150
A,5406,0.31050371,0.32159825,0.31605098,1,1,261,178,150,150
A,5407,0.27709217,0.28498821,0.28104019,1,1,254,174,180,180
A,5408,0.31050371,0.30378649,0.30714510,1,1,261,178,150,150
A,5409,0.31132190,0.31395466,0.31263828,1,1,261,178,150,150
A,5410,0.28475821,0.28498821,0.28487321,1,1,254,174,180,180
A,5411,0.28475821,0.28553225,0.28514523,1,1,254,174,180,180
A,5412,0.28475821,0.27758745,0.28117283,1,1,254,174,180,180
A,5413,0.30496531,0.28609713,0.29553122,1,1,254,174,180,180
A,5414,0.29675527,0.28498821,0.29087174,1,1,254,174,180,180
A,5415,0.27845477,0.28408833,0.28127155,1,1,254,174,180,180
A,5416,0.27845477,0.29548674,0.28697075,1,1,254,174,180,180
A,5417,0.27845477,0.28498821,0.28172149,1,1,254,174,180,180
A,5418,0.30496531,0.28664329,0.29580430,1,1,254,174,180,180
A,5419,0.30703164,0.30378649,0.30540906,1,1,254,174,180,180
A,5420,0.31329288,0.28609713,0.29969500,1,1,261,178,150,150
A,5421,0.28544305,0.30279997,0.29412151,1,1,261,178,150,150
A,5422,0.30313675,0.29240889,0.29777282,1,1,261,178,150,150
A,5423,0.27534894,0.28609713,0.28072303,1,1,261,178,150,150
A,5424,0.30313675,0.30279997,0.30296836,1,1,261,178,150,150
A,5425,0.29866740,0.30390889,0.30128814,1,1,261,178,150,150
A,5426,0.29396610,0.30489541,0.29943075,1,1,261,178,150,150
A,5427,0.27845477,0.30279997,0.29062737,1,1,254,174,180,180
A,5428,0.29675527,0.27520836,0.28598182,1,1,261,178,150,150
A,5429,0.30043800,0.29240889,0.29642344,1,1,261,178,150,150
A,5430,0.27845477,0.28609713,0.28227595,1,1,261,178,150,150
A,5431,0.31132190,0.29240889,0.30186539,1,1,261,178,150,150
A,5432,0.30135024,0.30279997,0.30207511,1,1,261,178,150,150
A,5433,0.31132190,0.29336155,0.30234172,1,1,261,178,150,150
A,5434,0.28713525,0.28609713,0.28661619,1,1,261,178,150,150
A,5435,0.30313675,0.29336155,0.29824915,1,1,261,178,150,150
A,5436,0.31050371,0.29336155,0.30193263,1,1,261,178,150,150
A,5437,0.30135024,0.29336155,0.29735590,1,1,261,178,150,150
A,5438,0.28544305,0.29240889,0.28892597,1,1,261,178,150,150
A,5439,0.29675527,0.30378649,0.30027088,1,1,261,178,150,150
A,5440,0.28713525,0.28498821,0.28606173,1,1,261,178,150,150
A,5441,0.29488833,0.30279997,0.29884415,1,1,261,178,150,150
A,5442,0.28797017,0.30390889,0.29593953,1,1,261,178,150,150
A,5443,0.29488833,0.30279997,0.29884415,1,1,254,174,180,180
A,5444,0.30703164,0.30279997,0.30491581,1,1,254,174,180,180
A,5445,0.29488833,0.29240889,0.29364861,1,1,254,174,180,180
A,5446,0.27845477,0.27520836,0.27683157,1,1,254,174,180,180
A,5447,0.27845477,0.28553225,0.28199351,1,1,254,174,180,180
A,5448,0.29488833,0.30279997,0.29884415,1,1,254,174,180,180
A,5449,0.29488833,0.30279997,0.29884415,1,1,254,174,180,180
A,5450,0.27709217,0.28664329,0.28186773,1,1,254,174,180,180
A,5451,0.27845477,0.27701882,0.27773679,1,1,254,174,180,180
A,5452,0.24028467,0.25000000,0.24514233,1,1,254,174,180,180
A,5453,0.14130490,0.16822356,0.15476423,1,1,254,174,180,180
A,5454,0.17235893,0.16288741,0.16762317,1,1,254,174,180,180
A,5455,0.14603910,0.16657415,0.15630662,1,1,254,174,180,180
A,5456,0.17327174,0.16831699,0.17079437,1,1,254,174,180,180
A,5457,0.17706313,0.15196735,0.16451524,1,1,254,174,180,180
A,5458,0.23915729,0.19807050,0.21861389,1,1,254,174,180,180
A,5459,0.25712567,0.25000000,0.25356284,1,1,254,174,180,180
A,5460,0.24583185,0.24137931,0.24360558,1,1,254,174,180,180
A,5461,0.25228028,0.25908162,0.25568095,1,1,254,174,180,180
A,5462,0.25423246,0.22360155,0.23891700,1,1,254,174,180,180
A,5463,0.27534894,0.25925926,0.26730410,1,1,254,174,180,180
A,5464,0.24583185,0.25126907,0.24855046,1,1,254,174,180,180
A,5465,0.24583185,0.27758745,0.26170965,1,1,254,174,180,180
A,5466,0.27396668,0.25126907,0.26261787,1,1,254,174,180,180
A,5467,0.26942349,0.25846706,0.26394528,1,1,254,174,180,180
A,5468,0.26942349,0.24984072,0.25963211,1,1,254,174,180,180
A,5469,0.26942349,0.25846706,0.26394528,1,1,254,174,180,180
A,5470,0.26810958,0.25800784,0.26305871,1,1,254,174,180,180
A,5471,0.26942349,0.26717645,0.26829997,1,1,254,174,180,180
A,5472,0.23708813,0.24123593,0.23916203,1,1,254,174,180,180
A,5473,0.24511344,0.24123593,0.24317468,1,1,254,174,180,180
A,5474,0.23593191,0.27677097,0.25635144,1,1,254,174,180,180
A,5475,0.26810958,0.24986122,0.25898540,1,1,254,174,180,180
A,5476,0.27709217,0.25953984,0.26831600,1,1,254,174,180,180
A,5477,0.23249528,0.25862069,0.24555798,1,1,254,174,180,180
A,5478,0.23593191,0.25846706,0.24719949,1,1,254,174,180,180
A,5479,0.23593191,0.24123593,0.23858392,1,1,254,174,180,180
A,5480,0.24097164,0.25089828,0.24593496,1,1,254,174,180,180
A,5481,0.23249528,0.24281334,0.23765431,1,1,254,174,180,180
A,5482,0.22518868,0.24986122,0.23752495,1,1,254,174,180,180
A,5483,0.24383644,0.24944629,0.24664136,1,1,254,174,180,180
A,5484,0.26508540,0.26651864,0.26580202,1,1,254,174,180,180
A,5485,0.28276020,0.27677097,0.27976559,1,1,254,174,180,180
A,5486,0.27113375,0.28466217,0.27789796,1,1,254,174,180,180
A,5487,0.26652950,0.26711137,0.26682043,1,1,254,174,180,180
A,5488,0.26810958,0.28421311,0.27616134,1,1,254,174,180,180
A,5489,0.26810958,0.25048162,0.25929560,1,1,254,174,180,180
A,5490,0.26810958,0.24143354,0.25477156,1,1,254,174,180,180
A,5491,0.23593191,0.25846706,0.24719949,1,1,254,174,180,180
A,5492,0.26810958,0.26651864,0.26731411,1,1,254,174,180,180
A,5493,0.24879034,0.26859274,0.25869154,1,1,254,174,180,180
A,5494,0.26508540,0.25806452,0.26157496,1,1,254,174,180,180
A,5495,0.26652950,0.26651864,0.26652407,1,1,254,174,180,180
A,5496,0.26652950,0.26755569,0.26704259,1,1,254,174,180,180
A,5497,0.26810958,0.25846706,0.26328832,1,1,254,174,180,180
A,5498,0.28443650,0.26651864,0.27547757,1,1,254,174,180,180
A,5499,0.26652950,0.27569820,0.27111385,1,1,254,174,180,180
A,5500,0.23249528,0.25793035,0.24521282,1,1,254,174,180,180
A,5501,0.27113375,0.29292934,0.28203154,1,1,254,174,180,180
A,5502,0.26810958,0.26607604,0.26709281,1,1,254,174,180,180
A,5503,0.26067744,0.27520836,0.26794290,1,1,254,174,180,180
A,5504,0.25181451,0.26755569,0.25968510,1,1,254,174,180,180
A,5505,0.25181451,0.28317605,0.26749528,1,1,254,174,180,180
A,5506,0.27709217,0.29292934,0.28501075,1,1,254,174,180,180
A,5507,0.27709217,0.26711137,0.27210177,1,1,254,174,180,180
A,5508,0.26810958,0.28362684,0.27586821,1,1,254,174,180,180
A,5509,0.26067744,0.27569820,0.26818782,1,1,254,174,180,180
A,5510,0.23593191,0.23320381,0.23456786,1,1,254,174,180,180
A,5511,0.23363466,0.24123593,0.23743529,1,1,254,174,180,180
A,5512,0.23593191,0.24123593,0.23858392,1,1,254,174,180,180
A,5513,0.25222697,0.25104503,0.25163600,1,1,254,174,180,180
A,5514,0.21624764,0.21654639,0.21639702,1,1,254,174,180,180
A,5515,0.21968427,0.23320381,0.22644404,1,1,254,174,180,180
A,5516,0.18382737,0.20677365,0.19530051,1,1,254,174,180,180
A,5517,0.23236325,0.20000000,0.21618163,1,1,254,174,180,180
A,5518,0.22760091,0.20126759,0.21443425,1,1,254,174,180,180
A,5519,0.23593191,0.22533797,0.23063494,1,1,254,174,180,180
A,5520,0.22130193,0.22400479,0.22265336,1,1,254,174,180,180
A,5521,0.20000001,0.20126759,0.20063380,1,1,254,174,180,180
A,5522,0.23593191,0.23320381,0.23456786,1,1,254,174,180,180
A,5523,0.23249528,0.23281653,0.23265591,1,1,254,174,180,180
A,5524,0.22076087,0.21654639,0.21865363,1,1,254,174,180,180
A,5525,0.23363466,0.23320381,0.23341923,1,1,254,174,180,180
A,5526,0.22466314,0.22522937,0.22494626,1,1,254,174,180,180
A,5527,0.21080892,0.21618678,0.21349785,1,1,254,174,180,180
A,5528,0.22130193,0.21654639,0.21892416,1,1,254,174,180,180
A,5529,0.23593191,0.21773020,0.22683105,1,1,254,174,180,180
A,5530,0.23236325,0.22400479,0.22818402,1,1,254,174,180,180
A,5531,0.22879288,0.21654639,0.22266964,1,1,254,174,180,180
A,5532,0.24154307,0.24123593,0.24138950,1,1,254,174,180,180
A,5533,0.24154307,0.22400479,0.23277393,1,1,254,174,180,180
A,5534,0.24154307,0.24123593,0.24138950,1,1,254,174,180,180
A,5535,0.21080892,0.18323156,0.19702024,1,1,254,174,180,180
A,5536,0.22466314,0.22400479,0.22433397,1,1,254,174,180,180
A,5537,0.22466314,0.20689655,0.21577985,1,1,254,174,180,180
A,5538,0.22466314,0.22543089,0.22504701,1,1,254,174,180,180
A,5539,0.24262895,0.24382992,0.24322944,1,1,254,174,180,180
A,5540,0.24154307,0.22522937,0.23338622,1,1,261,178,150,150
A,5541,0.22466314,0.21414919,0.21940616,1,1,261,178,150,150
A,5542,0.21730740,0.22400479,0.22065609,1,1,261,178,150,150
A,5543,0.25000958,0.24202972,0.24601965,1,1,261,178,150,150
A,5544,0.23708813,0.23399837,0.23554325,1,1,261,178,150,150
A,5545,0.24154307,0.21654639,0.22904473,1,1,261,178,150,150
A,5546,0.25847227,0.24246051,0.25046639,1,1,261,178,150,150
A,5547,0.24154307,0.25104503,0.24629405,1,1,261,178,150,150
A,5548,0.26204264,0.24246051,0.25225157,1,1,261,178,150,150
A,5549,0.24154307,0.23399837,0.23777072,1,1,261,178,150,150
A,5550,0.25831558,0.24123593,0.24977575,1,1,261,178,150,150
A,5551,0.24154307,0.24123593,0.24138950,1,1,261,178,150,150
A,5552,0.24253562,0.24246051,0.24249806,1,1,261,178,150,150
A,5553,0.24511344,0.25969164,0.25240254,1,1,261,178,150,150
A,5554,0.17489492,0.18954251,0.18221872,1,1,261,178,150,150
A,5555,0.15171499,0.14991673,0.15081586,1,1,261,178,150,150
A,5556,0.13972166,0.14508582,0.14240374,1,1,261,178,150,150
A,5557,0.16794419,0.14508582,0.15651501,1,1,261,178,150,150
A,5558,0.17489492,0.17231138,0.17360315,1,1,261,178,150,150
A,5559,0.24253562,0.21792501,0.23023031,1,1,261,178,150,150
A,5560,0.23453251,0.21736862,0.22595056,1,1,261,178,150,150
A,5561,0.23252907,0.22503036,0.22877971,1,1,261,178,150,150
A,5562,0.24154307,0.21756310,0.22955309,1,1,261,178,150,150
A,5563,0.24154307,0.24080732,0.24117520,1,1,261,178,150,150
A,5564,0.24154307,0.21792501,0.22973404,1,1,261,178,150,150
A,5565,0.25000958,0.23399837,0.24200398,1,1,261,178,150,150
A,5566,0.24389963,0.21792501,0.23091232,1,1,261,178,150,150
A,5567,0.25847227,0.24123593,0.24985410,1,1,261,178,150,150
A,5568,0.25847227,0.24202972,0.25025100,1,1,261,178,150,150
A,5569,0.25847227,0.24246051,0.25046639,1,1,261,178,150,150
A,5570,0.24154307,0.24123593,0.24138950,1,1,261,178,150,150
A,5571,0.24154307,0.23399837,0.23777072,1,1,261,178,150,150
A,5572,0.24154307,0.25969164,0.25061736,1,1,261,178,150,150
A,5573,0.25847227,0.25953984,0.25900605,1,1,261,178,150,150
A,5574,0.27540147,0.25846706,0.26693427,1,1,261,178,150,150
A,5575,0.24154307,0.25953984,0.25054145,1,1,261,178,150,150
A,5576,0.25953438,0.24984072,0.25468755,1,1,261,178,150,150
A,5577,0.24032926,0.22360680,0.23196803,1,1,261,178,150,150
A,5578,0.25953438,0.24202972,0.25078205,1,1,261,178,150,150
A,5579,0.26870008,0.25923025,0.26396516,1,1,261,178,150,150
A,5580,0.25000958,0.25048162,0.25024560,1,1,261,178,150,150
A,5581,0.25000958,0.24202972,0.24601965,1,1,261,178,150,150
A,5582,0.25847227,0.25969164,0.25908196,1,1,261,178,150,150
A,5583,0.27540147,0.25907871,0.26724009,1,1,261,178,150,150
A,5584,0.27854334,0.25846706,0.26850520,1,1,261,178,150,150
A,5585,0.30260004,0.28553225,0.29406615,1,1,261,178,150,150
A,5586,0.32740077,0.33941001,0.33340539,1,1,261,178,150,150
A,5587,0.34063843,0.35712363,0.34888103,1,1,261,178,150,150
A,5588,0.36029976,0.35712363,0.35871169,1,1,261,178,150,150
A,5589,0.34150867,0.35712363,0.34931615,1,1,261,178,150,150
A,5590,0.36029976,0.34401046,0.35215511,1,1,261,178,150,150
A,5591,0.36029976,0.35801199,0.35915588,1,1,261,178,150,150
A,5592,0.37533664,0.35801199,0.36667432,1,1,261,178,150,150
A,5593,0.36260516,0.35801199,0.36030858,1,1,261,178,150,150
A,5594,0.35842265,0.35712363,0.35777314,1,1,261,178,150,150
A,5595,0.34329719,0.37493539,0.35911629,1,1,261,178,150,150
A,5596,0.34902259,0.34572622,0.34737440,1,1,261,178,150,150
A,5597,0.29919837,0.32766781,0.31343309,1,1,261,178,150,150
A,5598,0.30932607,0.29933554,0.30433081,1,1,261,178,150,150
A,5599,0.30932607,0.31016048,0.30974328,1,1,261,178,150,150
A,5600,0.31059715,0.29933554,0.30496635,1,1,261,178,150,150
A,5601,0.29516755,0.29347975,0.29432365,1,1,261,178,150,150
A,5602,0.29236377,0.29347975,0.29292176,1,1,261,178,150,150
A,5603,0.25847227,0.27627923,0.26737575,1,1,254,174,180,180
A,5604,0.25740893,0.25846706,0.25793800,1,1,261,178,150,150
A,5605,0.29356515,0.27569820,0.28463168,1,1,261,178,150,150
A,5606,0.29084061,0.27627923,0.28355992,1,1,261,178,150,150
A,5607,0.28279143,0.29347975,0.28813559,1,1,261,178,150,150
A,5608,0.28279143,0.25923025,0.27101084,1,1,261,178,150,150
A,5609,0.28141232,0.25923025,0.27032128,1,1,261,178,150,150
A,5610,0.29236377,0.28362684,0.28799531,1,1,261,178,150,150
A,5611,0.27709217,0.25800784,0.26755001,1,1,261,178,150,150
A,5612,0.27709217,0.27627923,0.27668570,1,1,254,174,180,180
A,5613,0.29550564,0.30960941,0.30255752,1,1,254,174,180,180
A,5614,0.29516755,0.29292934,0.29404845,1,1,254,174,180,180
A,5615,0.32305817,0.32159825,0.32232821,1,1,254,174,180,180
A,5616,0.31050371,0.30378649,0.30714510,1,1,254,174,180,180
A,5617,0.31837041,0.30282725,0.31059883,1,1,254,174,180,180
A,5618,0.28021766,0.28609713,0.28315740,1,1,254,174,180,180
A,5619,0.30932607,0.30279997,0.30606302,1,1,254,174,180,180
A,5620,0.27433813,0.27569820,0.27501817,1,1,254,174,180,180
A,5621,0.26518451,0.27520836,0.27019644,1,1,254,174,180,180
A,5622,0.25000958,0.25800784,0.25400871,1,1,254,174,180,180
A,5623,0.27854334,0.25907871,0.26881102,1,1,254,174,180,180
A,5624,0.27540147,0.27520836,0.27530492,1,1,254,174,180,180
A,5625,0.25847227,0.25907871,0.25877549,1,1,254,174,180,180
A,5626,0.27540147,0.26844229,0.27192188,1,1,254,174,180,180
A,5627,0.25847227,0.26030111,0.25938669,1,1,254,174,180,180
A,5628,0.25847227,0.23199495,0.24523361,1,1,254,174,180,180
A,5629,0.25369538,0.26171196,0.25770367,1,1,254,174,180,180
A,5630,0.26025117,0.24202972,0.25114044,1,1,254,174,180,180
A,5631,0.27854334,0.25969164,0.26911749,1,1,261,178,150,150
A,5632,0.24154307,0.22522937,0.23338622,1,1,254,174,180,180
A,5633,0.27396668,0.25923025,0.26659846,1,1,254,174,180,180
A,5634,0.22436752,0.23214286,0.22825519,1,1,254,174,180,180
A,5635,0.15129715,0.14675838,0.14902777,1,1,254,174,180,180
A,5636,0.11498344,0.11871843,0.11685093,1,1,254,174,180,180
A,5637,0.13623124,0.13530994,0.13577059,1,1,254,174,180,180
A,5638,0.20721766,0.17401760,0.19061763,1,1,254,174,180,180
A,5639,0.27396668,0.26828537,0.27112602,1,1,254,174,180,180
A,5640,0.30379791,0.32061174,0.31220482,1,1,254,174,180,180
A,5641,0.31833978,0.32159825,0.31996901,1,1,261,178,150,150
A,5642,0.34582778,0.33842350,0.34212564,1,1,261,178,150,150
A,5643,0.32078751,0.32862047,0.32470399,1,1,254,174,180,180
A,5644,0.32631163,0.32766781,0.32698972,1,1,254,174,180,180
A,5645,0.35531675,0.32862047,0.34196861,1,1,254,174,180,180
A,5646,0.33164600,0.32680993,0.32922797,1,1,254,174,180,180
A,5647,0.34654348,0.34005795,0.34330071,1,1,254,174,180,180
A,5648,0.33164600,0.34005795,0.33585197,1,1,254,174,180,180
A,5649,0.32740077,0.35623526,0.34181802,1,1,254,174,180,180
A,5650,0.34654348,0.33842350,0.34248349,1,1,254,174,180,180
A,5651,0.32125617,0.33242259,0.32683938,1,1,254,174,180,180
A,5652,0.31050371,0.32061174,0.31555772,1,1,254,174,180,180
A,5653,0.33585261,0.32680993,0.33133127,1,1,254,174,180,180
A,5654,0.33205723,0.33931187,0.33568455,1,1,261,178,150,150
A,5655,0.34654348,0.34548216,0.34601282,1,1,261,178,150,150
A,5656,0.32740077,0.32766781,0.32753429,1,1,254,174,180,180
A,5657,0.32256941,0.33842350,0.33049646,1,1,261,178,150,150
A,5658,0.32712901,0.32159825,0.32436363,1,1,261,178,150,150
A,5659,0.31408855,0.34548216,0.32978536,1,1,261,178,150,150
A,5660,0.32712901,0.31056207,0.31884554,1,1,261,178,150,150
A,5661,0.30771453,0.32233482,0.31502468,1,1,254,174,180,180
A,5662,0.32461160,0.33842350,0.33151755,1,1,254,174,180,180
A,5663,0.32740077,0.31056207,0.31898142,1,1,261,178,150,150
A,5664,0.34150867,0.34005795,0.34078331,1,1,254,174,180,180
A,5665,0.32740077,0.33941001,0.33340539,1,1,254,174,180,180
A,5666,0.32461160,0.33931187,0.33196173,1,1,254,174,180,180
A,5667,0.31050371,0.32061174,0.31555772,1,1,254,174,180,180
A,5668,0.32740077,0.33931187,0.33335632,1,1,254,174,180,180
A,5669,0.30771453,0.32061174,0.31416313,1,1,254,174,180,180
A,5670,0.31050371,0.33931187,0.32490779,1,1,254,174,180,180
A,5671,0.34582778,0.34005795,0.34294286,1,1,254,174,180,180
A,5672,0.34654348,0.33842350,0.34248349,1,1,254,174,180,180
A,5673,0.33936018,0.32680993,0.33308506,1,1,254,174,180,180
A,5674,0.31212985,0.32159825,0.31686405,1,1,254,174,180,180
A,5675,0.34654348,0.32680993,0.33667671,1,1,254,174,180,180
A,5676,0.32125617,0.32061174,0.32093395,1,1,254,174,180,180
A,5677,0.32991818,0.33931187,0.33461502,1,1,261,178,150,150
A,5678,0.33043786,0.32680993,0.32862390,1,1,261,178,150,150
A,5679,0.32125617,0.32159825,0.32142721,1,1,261,178,150,150
A,5680,0.35333481,0.32159825,0.33746653,1,1,254,174,180,180
A,5681,0.32125617,0.33842350,0.32983983,1,1,254,174,180,180
A,5682,0.35333481,0.32680993,0.34007237,1,1,254,174,180,180
A,5683,0.31329288,0.31056207,0.31192747,1,1,254,174,180,180
A,5684,0.32125617,0.30184385,0.31155001,1,1,254,174,180,180
A,5685,0.31050371,0.32061174,0.31555772,1,1,261,178,150,150
A,5686,0.30771453,0.33931187,0.32351320,1,1,261,178,150,150
A,5687,0.32461160,0.34005795,0.33233477,1,1,261,178,150,150
A,5688,0.32712901,0.31056207,0.31884554,1,1,261,178,150,150
A,5689,0.30932607,0.32159825,0.31546216,1,1,261,178,150,150
A,5690,0.35593939,0.31056207,0.33325073,1,1,261,178,150,150
A,5691,0.32740077,0.32776259,0.32758168,1,1,261,178,150,150
A,5692,0.32712901,0.34486834,0.33599867,1,1,261,178,150,150
A,5693,0.32884222,0.32061174,0.32472698,1,1,261,178,150,150
A,5694,0.32991818,0.31056207,0.32024013,1,1,261,178,150,150
A,5695,0.32991818,0.34486834,0.33739326,1,1,261,178,150,150
A,5696,0.32991818,0.34486834,0.33739326,1,1,261,178,150,150
A,5697,0.34835837,0.32766781,0.33801309,1,1,261,178,150,150
A,5698,0.31050371,0.31056207,0.31053289,1,1,261,178,150,150
A,5699,0.34654348,0.32766781,0.33710565,1,1,261,178,150,150
A,5700,0.34402607,0.34486834,0.34444721,1,1,261,178,150,150
A,5701,0.31329288,0.32766781,0.32048035,1,1,261,178,150,150
A,5702,0.32461160,0.34486834,0.33473997,1,1,261,178,150,150
A,5703,0.31050371,0.31056207,0.31053289,1,1,261,178,150,150
A,5704,0.31050371,0.33842350,0.32446360,1,1,261,178,150,150
A,5705,0.32461160,0.34486834,0.33473997,1,1,261,178,150,150
A,5706,0.31050371,0.34548216,0.32799293,1,1,261,178,150,150
A,5707,0.32740077,0.32159825,0.32449951,1,1,261,178,150,150
A,5708,0.29084061,0.31056207,0.30070134,1,1,254,174,180,180
A,5709,0.32461160,0.33941001,0.33201081,1,1,261,178,150,150
A,5710,0.34654348,0.32776259,0.33715304,1,1,261,178,150,150
A,5711,0.34402607,0.34548216,0.34475412,1,1,261,178,150,150
A,5712,0.34654348,0.33906955,0.34280651,1,1,261,178,150,150
A,5713,0.34402607,0.35780537,0.35091572,1,1,261,178,150,150
A,5714,0.31050371,0.35712363,0.33381367,1,1,261,178,150,150
A,5715,0.33043786,0.32825102,0.32934444,1,1,261,178,150,150
A,5716,0.32461160,0.34486834,0.33473997,1,1,261,178,150,150
A,5717,0.30771453,0.34486834,0.32629144,1,1,261,178,150,150
A,5718,0.31050371,0.30960941,0.31005656,1,1,254,174,180,180
A,5719,0.32740077,0.32766781,0.32753429,1,1,254,174,180,180
A,5720,0.32125617,0.30960941,0.31543279,1,1,254,174,180,180
A,5721,0.30771453,0.30960941,0.30866197,1,1,261,178,150,150
A,5722,0.31050371,0.32766781,0.31908576,1,1,261,178,150,150
A,5723,0.31329288,0.31056207,0.31192747,1,1,261,178,150,150
A,5724,0.32125617,0.31056207,0.31590912,1,1,261,178,150,150
A,5725,0.32740077,0.31056207,0.31898142,1,1,261,178,150,150
A,5726,0.31329288,0.32766781,0.32048035,1,1,261,178,150,150
A,5727,0.32125617,0.30960941,0.31543279,1,1,261,178,150,150
A,5728,0.31329288,0.31056207,0.31192747,1,1,261,178,150,150
A,5729,0.33585261,0.32766781,0.33176021,1,1,261,178,150,150
A,5730,0.29773924,0.31056207,0.30415066,1,1,261,178,150,150
A,5731,0.32991818,0.32766781,0.32879300,1,1,261,178,150,150
A,5732,0.31329288,0.30960941,0.31145114,1,1,261,178,150,150
A,5733,0.31329288,0.29933554,0.30631421,1,1,261,178,150,150
A,5734,0.30703164,0.31056207,0.30879686,1,1,254,174,180,180
A,5735,0.32125617,0.31056207,0.31590912,1,1,261,178,150,150
A,5736,0.31837041,0.32061174,0.31949107,1,1,254,174,180,180
A,5737,0.30703164,0.30279997,0.30491581,1,1,261,178,150,150
A,5738,0.32305817,0.32834597,0.32570207,1,1,254,174,180,180
A,5739,0.30414588,0.32061174,0.31237881,1,1,254,174,180,180
A,5740,0.32125617,0.30960941,0.31543279,1,1,254,174,180,180
A,5741,0.28345390,0.28664329,0.28504859,1,1,254,174,180,180
A,5742,0.28668762,0.30960941,0.29814852,1,1,254,174,180,180
A,5743,0.28345390,0.27520836,0.27933113,1,1,254,174,180,180
A,5744,0.27709217,0.28498821,0.28104019,1,1,254,174,180,180
A,5745,0.29362978,0.30279997,0.29821487,1,1,254,174,180,180
A,5746,0.28992135,0.28609713,0.28800924,1,1,254,174,180,180
A,5747,0.30379791,0.28498821,0.29439306,1,1,254,174,180,180
A,5748,0.27709217,0.32159825,0.29934521,1,1,254,174,180,180
A,5749,0.32125617,0.28498821,0.30312219,1,1,254,174,180,180
A,5750,0.29675527,0.31056207,0.30365867,1,1,254,174,180,180
A,5751,0.31329288,0.32159825,0.31744556,1,1,254,174,180,180
A,5752,0.32740077,0.32221218,0.32480648,1,1,261,178,150,150
A,5753,0.31050371,0.29388370,0.30219370,1,1,261,178,150,150
A,5754,0.32991818,0.32739162,0.32865490,1,1,261,178,150,150
A,5755,0.34402607,0.32739162,0.33570885,1,1,261,178,150,150
A,5756,0.34150867,0.32680993,0.33415930,1,1,261,178,150,150
A,5757,0.34402607,0.32739162,0.33570885,1,1,261,178,150,150
A,5758,0.34186175,0.32739162,0.33462668,1,1,254,174,180,180
A,5759,0.33936018,0.32739162,0.33337590,1,1,254,174,180,180
A,5760,0.32534104,0.34462275,0.33498190,1,1,254,174,180,180
A,5761,0.32740077,0.31056207,0.31898142,1,1,254,174,180,180
A,5762,0.32784261,0.34401046,0.33592653,1,1,254,174,180,180
A,5763,0.34436332,0.34462275,0.34449303,1,1,254,174,180,180
A,5764,0.34436332,0.32766781,0.33601556,1,1,254,174,180,180
A,5765,0.31132190,0.31056207,0.31094199,1,1,254,174,180,180
A,5766,0.32740077,0.32739162,0.32739619,1,1,261,178,150,150
A,5767,0.34654348,0.34462275,0.34558312,1,1,261,178,150,150
A,5768,0.33873837,0.32766781,0.33320309,1,1,261,178,150,150
A,5769,0.33873837,0.31056207,0.32465022,1,1,254,174,180,180
A,5770,0.32712901,0.31111483,0.31912192,1,1,261,178,150,150
A,5771,0.31329288,0.32834597,0.32081943,1,1,261,178,150,150
A,5772,0.31329288,0.30960941,0.31145114,1,1,254,174,180,180
A,5773,0.27709217,0.27520836,0.27615027,1,1,254,174,180,180
A,5774,0.27709217,0.27569820,0.27639519,1,1,254,174,180,180
A,5775,0.27709217,0.27569820,0.27639519,1,1,254,174,180,180
A,5776,0.31050371,0.30337802,0.30694086,1,1,254,174,180,180
A,5777,0.31329288,0.31111483,0.31220386,1,1,261,178,150,150
A,5778,0.28992135,0.27627923,0.28310029,1,1,254,174,180,180
A,5779,0.30703164,0.30337802,0.30520483,1,1,261,178,150,150
A,5780,0.31050371,0.30337802,0.30694086,1,1,261,178,150,150
A,5781,0.32125617,0.30960941,0.31543279,1,1,254,174,180,180
A,5782,0.31050371,0.29388370,0.30219370,1,1,254,174,180,180
A,5783,0.29362978,0.29240889,0.29301933,1,1,254,174,180,180
A,5784,0.27709217,0.27677097,0.27693157,1,1,254,174,180,180
A,5785,0.23115268,0.21576362,0.22345815,1,1,254,174,180,180
A,5786,0.15235380,0.14675838,0.14955609,1,1,254,174,180,180
A,5787,0.12768101,0.13538509,0.13153305,1,1,254,174,180,180
A,5788,0.14084260,0.13793103,0.13938682,1,1,254,174,180,180
A,5789,0.12082045,0.11488880,0.11785462,1,1,254,174,180,180
A,5790,0.15152024,0.13101783,0.14126903,1,1,254,174,180,180
A,5791,0.16847635,0.13333333,0.15090484,1,1,254,174,180,180
A,5792,0.15811994,0.12903226,0.14357610,1,1,254,174,180,180
A,5793,0.20497467,0.17412103,0.18954785,1,1,254,174,180,180
A,5794,0.25181451,0.25862069,0.25521760,1,1,261,178,150,150
A,5795,0.24383644,0.25846706,0.25115175,1,1,261,178,150,150
A,5796,0.24868381,0.24123593,0.24495987,1,1,254,174,180,180
A,5797,0.24511344,0.25000000,0.24755672,1,1,261,178,150,150
A,5798,0.27396668,0.26895474,0.27146071,1,1,261,178,150,150
A,5799,0.31050371,0.27520836,0.29285604,1,1,254,174,180,180
A,5800,0.33904570,0.32221218,0.33062894,1,1,254,174,180,180
A,5801,0.32740077,0.30960941,0.31850509,1,1,254,174,180,180
A,5802,0.31050371,0.32825102,0.31937736,1,1,261,178,150,150
A,5803,0.31329288,0.32766781,0.32048035,1,1,261,178,150,150
A,5804,0.34436332,0.34401046,0.34418689,1,1,254,174,180,180
A,5805,0.34186175,0.30960941,0.32573558,1,1,254,174,180,180
A,5806,0.31329288,0.32834597,0.32081943,1,1,261,178,150,150
A,5807,0.31329288,0.33842350,0.32585819,1,1,261,178,150,150
A,5808,0.31329288,0.32739162,0.32034225,1,1,254,174,180,180
A,5809,0.35593939,0.32159825,0.33876882,1,1,254,174,180,180
A,5810,0.30414588,0.32159825,0.31287207,1,1,254,174,180,180
A,5811,0.31329288,0.30279997,0.30804643,1,1,254,174,180,180
A,5812,0.31050371,0.33842350,0.32446360,1,1,254,174,180,180
A,5813,0.32784261,0.32776259,0.32780260,1,1,254,174,180,180
A,5814,0.32196045,0.33931187,0.33063616,1,1,254,174,180,180
A,5815,0.34186175,0.32680993,0.33433584,1,1,254,174,180,180
A,5816,0.34402607,0.35623526,0.35013067,1,1,254,174,180,180
A,5817,0.31050371,0.32739162,0.31894766,1,1,254,174,180,180
A,5818,0.35354391,0.32159825,0.33757108,1,1,254,174,180,180
A,5819,0.33645865,0.32122378,0.32884122,1,1,254,174,180,180
A,5820,0.33936018,0.31056207,0.32496113,1,1,254,174,180,180
A,5821,0.34436332,0.32739162,0.33587747,1,1,254,174,180,180
A,5822,0.32784261,0.32680993,0.32732627,1,1,254,174,180,180
A,5823,0.31329288,0.31056207,0.31192747,1,1,254,174,180,180
A,5824,0.31909411,0.32739162,0.32324286,1,1,254,174,180,180
A,5825,0.31329288,0.33906955,0.32618121,1,1,254,174,180,180
A,5826,0.34186175,0.32680993,0.33433584,1,1,254,174,180,180
A,5827,0.34654348,0.32834597,0.33744473,1,1,254,174,180,180
A,5828,0.31132190,0.30337802,0.30734996,1,1,254,174,180,180
A,5829,0.34436332,0.32739162,0.33587747,1,1,254,174,180,180
A,5830,0.31943827,0.32142857,0.32043342,1,1,254,174,180,180
A,5831,0.32784261,0.34462275,0.33623268,1,1,254,174,180,180
A,5832,0.30855027,0.32739162,0.31797094,1,1,254,174,180,180
A,5833,0.31050371,0.32221218,0.31635794,1,1,254,174,180,180
A,5834,0.32268812,0.32758621,0.32513716,1,1,254,174,180,180
A,5835,0.35613096,0.33928571,0.34770834,1,1,254,174,180,180
A,5836,0.32543943,0.32758621,0.32651282,1,1,254,174,180,180
A,5837,0.35334110,0.32739162,0.34036636,1,1,254,174,180,180
A,5838,0.34436332,0.32739162,0.33587747,1,1,254,174,180,180
A,5839,0.35354391,0.32739162,0.34046776,1,1,254,174,180,180
A,5840,0.35334110,0.37476108,0.36405109,1,1,254,174,180,180
A,5841,0.30571854,0.31034483,0.30803168,1,1,254,174,180,180
A,5842,0.29272672,0.27586207,0.28429439,1,1,254,174,180,180
A,5843,0.32784261,0.34462275,0.33623268,1,1,254,174,180,180
A,5844,0.29720648,0.27693548,0.28707098,1,1,254,174,180,180
A,5845,0.27641362,0.27569820,0.27605591,1,1,254,174,180,180
A,5846,0.26768334,0.26651864,0.26710099,1,1,254,174,180,180
A,5847,0.27251672,0.26651864,0.26951768,1,1,254,174,180,180
A,5848,0.27251672,0.28553225,0.27902448,1,1,254,174,180,180
A,5849,0.29467817,0.29310345,0.29389081,1,1,254,174,180,180
A,5850,0.29927908,0.31016048,0.30471978,1,1,254,174,180,180
A,5851,0.27641362,0.27693548,0.27667455,1,1,254,174,180,180
A,5852,0.27251672,0.28317605,0.27784638,1,1,254,174,180,180
A,5853,0.29272672,0.31016048,0.30144360,1,1,254,174,180,180
A,5854,0.29771773,0.28317605,0.29044689,1,1,254,174,180,180
A,5855,0.30903982,0.31034483,0.30969233,1,1,254,174,180,180
A,5856,0.29272672,0.31016048,0.30144360,1,1,254,174,180,180
A,5857,0.32543943,0.31034483,0.31789213,1,1,254,174,180,180
A,5858,0.27641362,0.31111483,0.29376422,1,1,254,174,180,180
A,5859,0.29488833,0.31129975,0.30309404,1,1,254,174,180,180
A,5860,0.27641362,0.29292934,0.28467148,1,1,254,174,180,180
A,5861,0.26469765,0.28317605,0.27393685,1,1,254,174,180,180
A,5862,0.27845477,0.28317605,0.28081541,1,1,254,174,180,180
A,5863,0.29488833,0.27569820,0.28529327,1,1,254,174,180,180
A,5864,0.29178250,0.27569820,0.28374035,1,1,254,174,180,180
A,5865,0.27534894,0.29292934,0.28413914,1,1,254,174,180,180
A,5866,0.29211671,0.28664329,0.28938000,1,1,254,174,180,180
A,5867,0.30855027,0.28553225,0.29704126,1,1,254,174,180,180
A,5868,0.27396668,0.31459911,0.29428289,1,1,254,174,180,180
A,5869,0.31050371,0.32122378,0.31586374,1,1,254,174,180,180
A,5870,0.32414193,0.32122378,0.32268286,1,1,254,174,180,180
A,5871,0.32414193,0.32221218,0.32317705,1,1,254,174,180,180
A,5872,0.32125617,0.32122378,0.32123998,1,1,254,174,180,180
A,5873,0.27709217,0.29292934,0.28501075,1,1,254,174,180,180
A,5874,0.29362978,0.29292934,0.29327956,1,1,254,174,180,180
A,5875,0.27396668,0.28682603,0.28039635,1,1,254,174,180,180
A,5876,0.27709217,0.27586207,0.27647712,1,1,254,174,180,180
A,5877,0.29396610,0.28571429,0.28984019,1,1,254,174,180,180
A,5878,0.27709217,0.27569820,0.27639519,1,1,254,174,180,180
A,5879,0.26926343,0.30357143,0.28641743,1,1,254,174,180,180
A,5880,0.26204264,0.25846706,0.26025485,1,1,254,174,180,180
A,5881,0.27709217,0.27693548,0.27701382,1,1,254,174,180,180
A,5882,0.26810958,0.25862069,0.26336513,1,1,254,174,180,180
A,5883,0.25222697,0.25846706,0.25534702,1,1,254,174,180,180
A,5884,0.26025117,0.23320381,0.24672749,1,1,254,174,180,180
A,5885,0.24383644,0.24137931,0.24260787,1,1,254,174,180,180
A,5886,0.27534894,0.28553225,0.28044059,1,1,254,174,180,180
A,5887,0.31050371,0.33906955,0.32478663,1,1,254,174,180,180
A,5888,0.30771453,0.33906955,0.32339204,1,1,254,174,180,180
A,5889,0.30855027,0.33906955,0.32380991,1,1,254,174,180,180
A,5890,0.34186175,0.34005795,0.34095985,1,1,254,174,180,180
A,5891,0.31132190,0.32221218,0.31676704,1,1,254,174,180,180
A,5892,0.31050371,0.32758621,0.31904496,1,1,254,174,180,180
A,5893,0.32256941,0.32159825,0.32208383,1,1,254,174,180,180
A,5894,0.33333334,0.33314830,0.33324082,1,1,254,174,180,180
A,5895,0.31223750,0.30960941,0.31092346,1,1,254,174,180,180
A,5896,0.31132190,0.31016048,0.31074119,1,1,254,174,180,180
A,5897,0.30855027,0.31056207,0.30955617,1,1,254,174,180,180
A,5898,0.31132190,0.32739162,0.31935676,1,1,254,174,180,180
A,5899,0.29773924,0.32739162,0.31256543,1,1,254,174,180,180
A,5900,0.31050371,0.34462275,0.32756323,1,1,254,174,180,180
A,5901,0.31050371,0.32739162,0.31894766,1,1,254,174,180,180
A,5902,0.31329288,0.34462275,0.32895782,1,1,254,174,180,180
A,5903,0.32543943,0.32776259,0.32660101,1,1,254,174,180,180
A,5904,0.34436332,0.34486834,0.34461583,1,1,254,174,180,180
A,5905,0.32784261,0.33941001,0.33362631,1,1,254,174,180,180
A,5906,0.30855027,0.32680993,0.31768010,1,1,254,174,180,180
A,5907,0.30135024,0.33842350,0.31988687,1,1,254,174,180,180
A,5908,0.32784261,0.32766781,0.32775521,1,1,254,174,180,180
A,5909,0.32196045,0.31016048,0.31606046,1,1,254,174,180,180
A,5910,0.34186175,0.32680993,0.33433584,1,1,254,174,180,180
A,5911,0.31492035,0.30960941,0.31226488,1,1,254,174,180,180
A,5912,0.32784261,0.33842350,0.33313305,1,1,254,174,180,180
A,5913,0.30855027,0.32766781,0.31810904,1,1,254,174,180,180
A,5914,0.34436332,0.32776259,0.33606295,1,1,254,174,180,180
A,5915,0.32784261,0.32680993,0.32732627,1,1,254,174,180,180
A,5916,0.33091190,0.34401046,0.33746118,1,1,254,174,180,180
A,5917,0.31734179,0.32776259,0.32255219,1,1,254,174,180,180
A,5918,0.34186175,0.32766781,0.33476478,1,1,254,174,180,180
A,5919,0.31132190,0.31016048,0.31074119,1,1,254,174,180,180
A,5920,0.16347222,0.16822356,0.16584789,1,1,254,174,180,180
A,5921,0.14084260,0.13784910,0.13934585,1,1,254,174,180,180
A,5922,0.16748236,0.16822356,0.16785296,1,1,254,174,180,180
A,5923,0.20795010,0.20962584,0.20878797,1,1,254,174,180,180
A,5924,0.24738821,0.24137931,0.24438376,1,1,254,174,180,180
A,5925,0.31132190,0.29292934,0.30212562,1,1,254,174,180,180
A,5926,0.30855027,0.29388370,0.30121699,1,1,254,174,180,180
A,5927,0.27845477,0.32122378,0.29983927,1,1,254,174,180,180
A,5928,0.31734179,0.31649088,0.31691634,1,1,254,174,180,180
A,5929,0.30855027,0.31111483,0.30983255,1,1,254,174,180,180
A,5930,0.31909411,0.32739162,0.32324286,1,1,254,174,180,180
A,5931,0.30855027,0.31016048,0.30935538,1,1,254,174,180,180
A,5932,0.29396610,0.31111483,0.30254047,1,1,254,174,180,180
A,5933,0.29396610,0.29292934,0.29344772,1,1,254,174,180,180
A,5934,0.29396610,0.26651864,0.28024237,1,1,254,174,180,180
A,5935,0.27534894,0.27586207,0.27560550,1,1,254,174,180,180
A,5936,0.27709217,0.26666667,0.27187942,1,1,254,174,180,180
A,5937,0.23795784,0.24123593,0.23959688,1,1,254,174,180,180
A,5938,0.28021766,0.27677097,0.27849432,1,1,254,174,180,180
A,5939,0.27396668,0.27569820,0.27483244,1,1,254,174,180,180
A,5940,0.25903748,0.25862069,0.25882908,1,1,254,174,180,180
A,5941,0.26380294,0.27586207,0.26983250,1,1,254,174,180,180
A,5942,0.24738821,0.25969164,0.25353993,1,1,254,174,180,180
A,5943,0.23936854,0.24123593,0.24030223,1,1,254,174,180,180
A,5944,0.26067744,0.25846706,0.25957225,1,1,254,174,180,180
A,5945,0.26380294,0.25104503,0.25742398,1,1,254,174,180,180
A,5946,0.26025117,0.24986122,0.25505619,1,1,254,174,180,180
A,5947,0.27534894,0.25846706,0.26690800,1,1,254,174,180,180
A,5948,0.27113375,0.25846706,0.26480041,1,1,254,174,180,180
A,5949,0.26810958,0.24986122,0.25898540,1,1,254,174,180,180
A,5950,0.25525114,0.23451780,0.24488447,1,1,254,174,180,180
A,5951,0.25222697,0.25846706,0.25534702,1,1,254,174,180,180
A,5952,0.25222697,0.26755569,0.25989133,1,1,254,174,180,180
A,5953,0.27113375,0.25862069,0.26487722,1,1,254,174,180,180
A,5954,0.25374685,0.26666667,0.26020676,1,1,254,174,180,180
A,5955,0.25222697,0.25846706,0.25534702,1,1,254,174,180,180
A,5956,0.27113375,0.25969410,0.26541392,1,1,254,174,180,180
A,5957,0.27845477,0.26770430,0.27307953,1,1,254,174,180,180
A,5958,0.27845477,0.28270579,0.28058028,1,1,254,174,180,180
A,5959,0.26025117,0.23333333,0.24679225,1,1,254,174,180,180
A,5960,0.26810958,0.26651864,0.26731411,1,1,254,174,180,180
A,5961,0.26810958,0.26651864,0.26731411,1,1,254,174,180,180
A,5962,0.27113375,0.26666667,0.26890021,1,1,254,174,180,180
A,5963,0.27709217,0.25104503,0.26406860,1,1,254,174,180,180
A,5964,0.28021766,0.25000000,0.26510883,1,1,254,174,180,180
A,5965,0.25181451,0.25000000,0.25090726,1,1,254,174,180,180
A,5966,0.24738821,0.24986122,0.24862472,1,1,254,174,180,180
A,5967,0.26067744,0.28317605,0.27192675,1,1,254,174,180,180
A,5968,0.25525114,0.25862069,0.25693592,1,1,254,174,180,180
A,5969,0.26380294,0.25000000,0.25690147,1,1,254,174,180,180
A,5970,0.23795784,0.25846706,0.24821245,1,1,254,174,180,180
A,5971,0.26214331,0.27569820,0.26892075,1,1,254,174,180,180
A,5972,0.28021766,0.25846706,0.26934236,1,1,254,174,180,180
A,5973,0.24230242,0.25846706,0.25038474,1,1,254,174,180,180
A,5974,0.24383644,0.24137931,0.24260787,1,1,254,174,180,180
A,5975,0.23795784,0.24123593,0.23959688,1,1,254,174,180,180
A,5976,0.27709217,0.26651864,0.27180540,1,1,254,174,180,180
A,5977,0.27709217,0.24986122,0.26347670,1,1,254,174,180,180
A,5978,0.26067744,0.25846706,0.25957225,1,1,254,174,180,180
A,5979,0.24383644,0.24137931,0.24260787,1,1,254,174,180,180
A,5980,0.23593191,0.25953984,0.24773587,1,1,254,174,180,180
A,5981,0.23795784,0.25846706,0.24821245,1,1,254,174,180,180
A,5982,0.27709217,0.24080732,0.25894974,1,1,254,174,180,180
A,5983,0.26810958,0.23333333,0.25072145,1,1,254,174,180,180
A,5984,0.24028467,0.26785714,0.25407091,1,1,254,174,180,180
A,5985,0.27709217,0.27520836,0.27615027,1,1,254,174,180,180
A,5986,0.26810958,0.25846706,0.26328832,1,1,254,174,180,180
A,5987,0.26025117,0.25969164,0.25997141,1,1,254,174,180,180
A,5988,0.27396668,0.26879752,0.27138210,1,1,254,174,180,180
A,5989,0.23593191,0.25800784,0.24696987,1,1,254,174,180,180
A,5990,0.24383644,0.25800784,0.25092214,1,1,254,174,180,180
A,5991,0.26810958,0.24986122,0.25898540,1,1,254,174,180,180
A,5992,0.29396610,0.25846706,0.27621658,1,1,254,174,180,180
A,5993,0.26810958,0.27627923,0.27219440,1,1,254,174,180,180
A,5994,0.29362978,0.28664329,0.29013653,1,1,254,174,180,180
A,5995,0.27854334,0.28664329,0.28259331,1,1,254,174,180,180
A,5996,0.27854334,0.27569820,0.27712077,1,1,254,174,180,180
A,5997,0.27854334,0.27627923,0.27741128,1,1,254,174,180,180
A,5998,0.29675527,0.29347975,0.29511751,1,1,254,174,180,180
A,5999,0.26810958,0.29292934,0.28051946,1,1,254,174,180,180
A,6000,0.26810958,0.29443241,0.28127100,1,1,254,174,180,180
A,6001,0.28168520,0.25800784,0.26984652,1,1,254,174,180,180
A,6002,0.27854334,0.24936468,0.26395401,1,1,254,174,180,180
A,6003,0.27534894,0.27520836,0.27527865,1,1,254,174,180,180
A,6004,0.27709217,0.29336155,0.28522686,1,1,254,174,180,180
A,6005,0.27540147,0.26844229,0.27192188,1,1,254,174,180,180
A,6006,0.27709217,0.25986337,0.26847777,1,1,254,174,180,180
A,6007,0.27709217,0.30279997,0.28994607,1,1,254,174,180,180
A,6008,0.27709217,0.30378649,0.29043933,1,1,254,174,180,180
A,6009,0.27709217,0.29336155,0.28522686,1,1,254,174,180,180
A,6010,0.27854334,0.28609713,0.28232023,1,1,254,174,180,180
A,6011,0.30414588,0.30378649,0.30396618,1,1,254,174,180,180
A,6012,0.29396610,0.28609713,0.29003161,1,1,254,174,180,180
A,6013,0.28021766,0.27569820,0.27795793,1,1,254,174,180,180
A,6014,0.28829572,0.28664329,0.28746950,1,1,254,174,180,180
A,6015,0.27854334,0.31056207,0.29455270,1,1,254,174,180,180
A,6016,0.29396610,0.29347975,0.29372293,1,1,254,174,180,180
A,6017,0.28992135,0.28609713,0.28800924,1,1,254,174,180,180
A,6018,0.27709217,0.28609713,0.28159465,1,1,254,174,180,180
A,6019,0.31050371,0.29292934,0.30171652,1,1,254,174,180,180
A,6020,0.27293819,0.28720605,0.28007212,1,1,254,174,180,180
A,6021,0.27854334,0.27677097,0.27765716,1,1,254,174,180,180
A,6022,0.30414588,0.32221218,0.31317903,1,1,254,174,180,180
A,6023,0.29362978,0.27569820,0.28466399,1,1,254,174,180,180
A,6024,0.31050371,0.31016048,0.31033209,1,1,254,174,180,180
A,6025,0.28411108,0.27677097,0.28044103,1,1,254,174,180,180
A,6026,0.31050371,0.31056207,0.31053289,1,1,254,174,180,180
A,6027,0.28443650,0.29292934,0.28868292,1,1,254,174,180,180
A,6028,0.31050371,0.31111483,0.31080927,1,1,254,174,180,180
A,6029,0.28443650,0.29292934,0.28868292,1,1,254,174,180,180
A,6030,0.28797017,0.29292934,0.29044976,1,1,254,174,180,180
A,6031,0.27534894,0.30279997,0.28907445,1,1,254,174,180,180
A,6032,0.29362978,0.29240889,0.29301933,1,1,254,174,180,180
A,6033,0.29396610,0.29240889,0.29318749,1,1,254,174,180,180
A,6034,0.27678877,0.32221218,0.29950048,1,1,254,174,180,180
A,6035,0.30414588,0.28553225,0.29483907,1,1,254,174,180,180
A,6036,0.30585191,0.31016048,0.30800619,1,1,254,174,180,180
A,6037,0.26810958,0.29292934,0.28051946,1,1,254,174,180,180
A,6038,0.30875385,0.29388370,0.30131878,1,1,254,174,180,180
A,6039,0.26025117,0.27677097,0.26851107,1,1,254,174,180,180
A,6040,0.29516755,0.30337802,0.29927278,1,1,254,174,180,180
A,6041,0.30414588,0.27569820,0.28992204,1,1,254,174,180,180
A,6042,0.29488833,0.29240889,0.29364861,1,1,254,174,180,180
A,6043,0.29675527,0.29292934,0.29484231,1,1,254,174,180,180
A,6044,0.29488833,0.29240889,0.29364861,1,1,254,174,180,180
A,6045,0.29396610,0.30337802,0.29867206,1,1,254,174,180,180
A,6046,0.29675527,0.29336155,0.29505841,1,1,254,174,180,180
A,6047,0.29362978,0.28553225,0.28958101,1,1,254,174,180,180
A,6048,0.28034054,0.28553225,0.28293640,1,1,254,174,180,180
A,6049,0.29362978,0.28664329,0.29013653,1,1,254,174,180,180
A,6050,0.30585191,0.28553225,0.29569208,1,1,254,174,180,180
A,6051,0.28141232,0.29292934,0.28717083,1,1,254,174,180,180
A,6052,0.29362978,0.29292934,0.29327956,1,1,254,174,180,180
A,6053,0.29362978,0.27569820,0.28466399,1,1,254,174,180,180
A,6054,0.30585191,0.28553225,0.29569208,1,1,254,174,180,180
A,6055,0.29396610,0.28498821,0.28947715,1,1,254,174,180,180
A,6056,0.28411108,0.31056207,0.29733657,1,1,254,174,180,180
A,6057,0.26067744,0.27677097,0.26872421,1,1,254,174,180,180
A,6058,0.27540147,0.30390889,0.28965518,1,1,254,174,180,180
A,6059,0.27854334,0.27627923,0.27741128,1,1,254,174,180,180
A,6060,0.27854334,0.27627923,0.27741128,1,1,254,174,180,180
A,6061,0.27396668,0.28664329,0.28030498,1,1,254,174,180,180
A,6062,0.29362978,0.30337802,0.29850390,1,1,254,174,180,180
A,6063,0.27709217,0.26895474,0.27302346,1,1,254,174,180,180
A,6064,0.27854334,0.26879752,0.27367043,1,1,254,174,180,180
A,6065,0.25712567,0.26879752,0.26296160,1,1,254,174,180,180
A,6066,0.28279143,0.29292934,0.28786039,1,1,254,174,180,180
A,6067,0.27540147,0.26768648,0.27154398,1,1,254,174,180,180
A,6068,0.27540147,0.28553225,0.28046686,1,1,254,174,180,180
A,6069,0.29236377,0.28664329,0.28950353,1,1,254,174,180,180
A,6070,0.28279143,0.25953984,0.27116563,1,1,254,174,180,180
A,6071,0.27854334,0.27569820,0.27712077,1,1,254,174,180,180
A,6072,0.27540147,0.27627923,0.27584035,1,1,254,174,180,180
A,6073,0.29236377,0.27627923,0.28432150,1,1,254,174,180,180
A,6074,0.29236377,0.28609713,0.28923045,1,1,254,174,180,180
A,6075,0.24879034,0.25800784,0.25339909,1,1,254,174,180,180
A,6076,0.28387819,0.27520836,0.27954328,1,1,254,174,180,180
A,6077,0.28141232,0.31056207,0.29598720,1,1,254,174,180,180
A,6078,0.28141232,0.29240889,0.28691061,1,1,254,174,180,180
A,6079,0.29396610,0.29336155,0.29366382,1,1,254,174,180,180
A,6080,0.29773924,0.31111483,0.30442704,1,1,254,174,180,180
A,6081,0.30043800,0.29933554,0.29988677,1,1,254,174,180,180
A,6082,0.26942349,0.28270579,0.27606464,1,1,254,174,180,180
A,6083,0.26508540,0.29240889,0.27874715,1,1,254,174,180,180
A,6084,0.27540147,0.27677097,0.27608622,1,1,254,174,180,180
A,6085,0.27709217,0.27569820,0.27639519,1,1,254,174,180,180
A,6086,0.28443650,0.29347975,0.28895813,1,1,254,174,180,180
A,6087,0.29396610,0.29240889,0.29318749,1,1,254,174,180,180
A,6088,0.27854334,0.25969164,0.26911749,1,1,254,174,180,180
A,6089,0.28668762,0.26768648,0.27718705,1,1,254,174,180,180
A,6090,0.30550199,0.25800784,0.28175491,1,1,254,174,180,180
A,6091,0.28829572,0.27569820,0.28199696,1,1,254,174,180,180
A,6092,0.27396668,0.29292934,0.28344801,1,1,254,174,180,180
A,6093,0.30550199,0.28664329,0.29607264,1,1,254,174,180,180
A,6094,0.26942349,0.28664329,0.27803339,1,1,254,174,180,180
A,6095,0.15648409,0.16657415,0.16152912,1,1,254,174,180,180
A,6096,0.13931011,0.11290323,0.12610667,1,1,254,174,180,180
A,6097,0.14142135,0.12068966,0.13105550,1,1,254,174,180,180
A,6098,0.20098014,0.18488097,0.19293056,1,1,254,174,180,180
A,6099,0.21730740,0.22400479,0.22065609,1,1,254,174,180,180
A,6100,0.24860551,0.22400479,0.23630515,1,1,254,174,180,180
A,6101,0.24383644,0.24246051,0.24314847,1,1,254,174,180,180
A,6102,0.25304857,0.25062813,0.25183835,1,1,254,174,180,180
A,6103,0.23249528,0.24246051,0.23747789,1,1,254,174,180,180
A,6104,0.24738821,0.25969164,0.25353993,1,1,254,174,180,180
A,6105,0.27396668,0.25953984,0.26675326,1,1,254,174,180,180
A,6106,0.25712567,0.25846706,0.25779637,1,1,254,174,180,180
A,6107,0.26067744,0.25846706,0.25957225,1,1,254,174,180,180
A,6108,0.24028467,0.25846706,0.24937587,1,1,254,174,180,180
A,6109,0.27854334,0.26895474,0.27374904,1,1,254,174,180,180
A,6110,0.27709217,0.28498821,0.28104019,1,1,254,174,180,180
A,6111,0.29396610,0.28609713,0.29003161,1,1,254,174,180,180
A,6112,0.27709217,0.27569820,0.27639519,1,1,254,174,180,180
A,6113,0.26067744,0.28664329,0.27366036,1,1,254,174,180,180
A,6114,0.25847227,0.25969164,0.25908196,1,1,254,174,180,180
A,6115,0.26810958,0.25846706,0.26328832,1,1,254,174,180,180
A,6116,0.26380294,0.27677097,0.27028696,1,1,254,174,180,180
A,6117,0.25847227,0.25846706,0.25846967,1,1,254,174,180,180
A,6118,0.27854334,0.25846706,0.26850520,1,1,254,174,180,180
A,6119,0.26161413,0.29240889,0.27701151,1,1,254,174,180,180
A,6120,0.24879034,0.25846706,0.25362870,1,1,254,174,180,180
A,6121,0.27396668,0.24986122,0.26191395,1,1,254,174,180,180
A,6122,0.27854334,0.26651864,0.27253099,1,1,254,174,180,180
A,6123,0.30191035,0.31016048,0.30603541,1,1,254,174,180,180
A,6124,0.27446917,0.25953984,0.26700450,1,1,254,174,180,180
A,6125,0.25181451,0.27677097,0.26429274,1,1,254,174,180,180
A,6126,0.27854334,0.28553225,0.28203779,1,1,254,174,180,180
A,6127,0.27709217,0.29292934,0.28501075,1,1,254,174,180,180
A,6128,0.25712567,0.27677097,0.26694832,1,1,254,174,180,180
A,6129,0.27540147,0.27569820,0.27554984,1,1,254,174,180,180
A,6130,0.27540147,0.26768648,0.27154398,1,1,254,174,180,180
A,6131,0.27396668,0.27677097,0.27536883,1,1,254,174,180,180
A,6132,0.28141232,0.29388370,0.28764801,1,1,254,174,180,180
A,6133,0.28583043,0.27677097,0.28130070,1,1,254,174,180,180
A,6134,0.27854334,0.29292934,0.28573634,1,1,254,174,180,180
A,6135,0.26204264,0.27569820,0.26887042,1,1,254,174,180,180
A,6136,0.28713525,0.28317605,0.28515565,1,1,254,174,180,180
A,6137,0.29236377,0.28362684,0.28799531,1,1,254,174,180,180
A,6138,0.28279143,0.29388370,0.28833756,1,1,254,174,180,180
A,6139,0.29550564,0.28317605,0.28934084,1,1,254,174,180,180
A,6140,0.29084061,0.29240889,0.29162475,1,1,254,174,180,180
A,6141,0.27709217,0.27569820,0.27639519,1,1,254,174,180,180
A,6142,0.27854334,0.25800784,0.26827559,1,1,254,174,180,180
A,6143,0.27396668,0.26768648,0.27082658,1,1,254,174,180,180
A,6144,0.27709217,0.25846706,0.26777962,1,1,254,174,180,180
A,6145,0.27854334,0.25846706,0.26850520,1,1,254,174,180,180
A,6146,0.27854334,0.25846706,0.26850520,1,1,254,174,180,180
A,6147,0.26025117,0.25953984,0.25989550,1,1,254,174,180,180
A,6148,0.27540147,0.26768648,0.27154398,1,1,254,174,180,180
A,6149,0.27540147,0.27677097,0.27608622,1,1,254,174,180,180
A,6150,0.27854334,0.25846706,0.26850520,1,1,254,174,180,180
A,6151,0.27709217,0.26717645,0.27213431,1,1,254,174,180,180
A,6152,0.26204264,0.24984072,0.25594168,1,1,254,174,180,180
A,6153,0.26067744,0.27677097,0.26872421,1,1,254,174,180,180
A,6154,0.26067744,0.27569820,0.26818782,1,1,254,174,180,180
A,6155,0.27854334,0.27569820,0.27712077,1,1,254,174,180,180
A,6156,0.26025117,0.27569820,0.26797468,1,1,254,174,180,180
A,6157,0.27709217,0.28553225,0.28131221,1,1,254,174,180,180
A,6158,0.26752193,0.24984072,0.25868132,1,1,254,174,180,180
A,6159,0.25000958,0.25846706,0.25423832,1,1,254,174,180,180
A,6160,0.27709217,0.27569820,0.27639519,1,1,254,174,180,180
A,6161,0.28021766,0.25846706,0.26934236,1,1,254,174,180,180
A,6162,0.27709217,0.27569820,0.27639519,1,1,254,174,180,180
A,6163,0.27709217,0.26768648,0.27238933,1,1,254,174,180,180
A,6164,0.28168520,0.27569820,0.27869170,1,1,254,174,180,180
A,6165,0.27540147,0.25800784,0.26670466,1,1,254,174,180,180
A,6166,0.27854334,0.27569820,0.27712077,1,1,254,174,180,180
A,6167,0.27854334,0.27569820,0.27712077,1,1,254,174,180,180
A,6168,0.28668762,0.25846706,0.27257734,1,1,254,174,180,180
A,6169,0.25712567,0.25846706,0.25779637,1,1,254,174,180,180
A,6170,0.26380294,0.27677097,0.27028696,1,1,254,174,180,180
A,6171,0.27293819,0.27520836,0.27407328,1,1,254,174,180,180
A,6172,0.27709217,0.28609713,0.28159465,1,1,254,174,180,180
A,6173,0.27709217,0.28553225,0.28131221,1,1,254,174,180,180
A,6174,0.28411108,0.28270579,0.28340843,1,1,254,174,180,180
A,6175,0.27709217,0.27520836,0.27615027,1,1,254,174,180,180
A,6176,0.26025117,0.28553225,0.27289171,1,1,254,174,180,180
A,6177,0.29362978,0.28664329,0.29013653,1,1,254,174,180,180
A,6178,0.26810958,0.29240889,0.28025923,1,1,254,174,180,180
A,6179,0.25712567,0.26717645,0.26215106,1,1,254,174,180,180
A,6180,0.28021766,0.27569820,0.27795793,1,1,254,174,180,180
A,6181,0.29362978,0.25846706,0.27604842,1,1,254,174,180,180
A,6182,0.31050371,0.28553225,0.29801798,1,1,254,174,180,180
A,6183,0.29362978,0.28664329,0.29013653,1,1,254,174,180,180
A,6184,0.29550564,0.27569820,0.28560192,1,1,254,174,180,180
A,6185,0.28550341,0.31016048,0.29783194,1,1,254,174,180,180
A,6186,0.29396610,0.29400211,0.29398411,1,1,254,174,180,180
A,6187,0.29396610,0.29240889,0.29318749,1,1,254,174,180,180
A,6188,0.29675527,0.30279997,0.29977762,1,1,254,174,180,180
A,6189,0.29236377,0.30448905,0.29842641,1,1,254,174,180,180
A,6190,0.31050371,0.30960941,0.31005656,1,1,254,174,180,180
A,6191,0.29516755,0.29292934,0.29404845,1,1,254,174,180,180
A,6192,0.29488833,0.31056207,0.30272520,1,1,254,174,180,180
A,6193,0.29211671,0.29240889,0.29226280,1,1,254,174,180,180
A,6194,0.30703164,0.29388370,0.30045767,1,1,254,174,180,180
A,6195,0.29488833,0.29240889,0.29364861,1,1,254,174,180,180
A,6196,0.29675527,0.28317605,0.28996566,1,1,254,174,180,180
A,6197,0.28797017,0.28498821,0.28647919,1,1,254,174,180,180
A,6198,0.28021766,0.29240889,0.28631328,1,1,254,174,180,180
A,6199,0.27396668,0.29240889,0.28318778,1,1,254,174,180,180
A,6200,0.29178250,0.29240889,0.29209569,1,1,254,174,180,180
A,6201,0.26652950,0.28270579,0.27461764,1,1,254,174,180,180
A,6202,0.27396668,0.27627923,0.27512295,1,1,254,174,180,180
A,6203,0.26810958,0.28270579,0.27540768,1,1,254,174,180,180
A,6204,0.26810958,0.29443241,0.28127100,1,1,254,174,180,180
A,6205,0.26810958,0.27627923,0.27219440,1,1,254,174,180,180
A,6206,0.29362978,0.29240889,0.29301933,1,1,254,174,180,180
A,6207,0.29675527,0.29240889,0.29458208,1,1,254,174,180,180
A,6208,0.27709217,0.29240889,0.28475053,1,1,254,174,180,180
A,6209,0.27709217,0.29292934,0.28501075,1,1,254,174,180,180
A,6210,0.27709217,0.27627923,0.27668570,1,1,254,174,180,180
A,6211,0.27709217,0.29292934,0.28501075,1,1,254,174,180,180
A,6212,0.27534894,0.29292934,0.28413914,1,1,254,174,180,180
A,6213,0.28021766,0.27569820,0.27795793,1,1,254,174,180,180
A,6214,0.27709217,0.29292934,0.28501075,1,1,254,174,180,180
A,6215,0.27709217,0.29292934,0.28501075,1,1,254,174,180,180
A,6216,0.27709217,0.27569820,0.27639519,1,1,254,174,180,180
A,6217,0.26067744,0.28553225,0.27310485,1,1,254,174,180,180
A,6218,0.27709217,0.27569820,0.27639519,1,1,254,174,180,180
A,6219,0.26810958,0.27569820,0.27190389,1,1,254,174,180,180
A,6220,0.28668762,0.27569820,0.28119291,1,1,254,174,180,180
A,6221,0.25181451,0.25846706,0.25514079,1,1,254,174,180,180
A,6222,0.26380294,0.26768648,0.26574471,1,1,254,174,180,180
A,6223,0.28345390,0.27569820,0.27957605,1,1,254,174,180,180
A,6224,0.28021766,0.28553225,0.28287496,1,1,254,174,180,180
A,6225,0.28021766,0.26879752,0.27450759,1,1,254,174,180,180
A,6226,0.28021766,0.26768648,0.27395207,1,1,254,174,180,180
A,6227,0.27709217,0.27569820,0.27639519,1,1,254,174,180,180
A,6228,0.28021766,0.27569820,0.27795793,1,1,254,174,180,180
A,6229,0.27709217,0.25846706,0.26777962,1,1,254,174,180,180
A,6230,0.29362978,0.27520836,0.28441907,1,1,254,174,180,180
A,6231,0.27709217,0.28553225,0.28131221,1,1,254,174,180,180
A,6232,0.31050371,0.27569820,0.29310095,1,1,254,174,180,180
A,6233,0.31050371,0.27569820,0.29310095,1,1,254,174,180,180
A,6234,0.26810958,0.28498821,0.27654889,1,1,254,174,180,180
A,6235,0.30313675,0.26651864,0.28482769,1,1,254,174,180,180
A,6236,0.27709217,0.27569820,0.27639519,1,1,254,174,180,180
A,6237,0.27709217,0.27569820,0.27639519,1,1,254,174,180,180
A,6238,0.27709217,0.26651864,0.27180540,1,1,254,174,180,180
A,6239,0.27709217,0.25969164,0.26839191,1,1,254,174,180,180
A,6240,0.25181451,0.27569820,0.26375636,1,1,254,174,180,180
A,6241,0.27113375,0.27627923,0.27370649,1,1,254,174,180,180
A,6242,0.27709217,0.28553225,0.28131221,1,1,254,174,180,180
A,6243,0.28345390,0.26768648,0.27557019,1,1,254,174,180,180
A,6244,0.26810958,0.25846706,0.26328832,1,1,254,174,180,180
A,6245,0.26602970,0.26768648,0.26685809,1,1,254,174,180,180
A,6246,0.28021766,0.27569820,0.27795793,1,1,254,174,180,180
A,6247,0.26926343,0.25953984,0.26440163,1,1,254,174,180,180
A,6248,0.28443650,0.25953984,0.27198817,1,1,254,174,180,180
A,6249,0.26025117,0.26768648,0.26396883,1,1,254,174,180,180
A,6250,0.26380294,0.26879752,0.26630023,1,1,254,174,180,180
A,6251,0.26067744,0.25953984,0.26010864,1,1,254,174,180,180
A,6252,0.24383644,0.25846706,0.25115175,1,1,254,174,180,180
A,6253,0.26067744,0.27569820,0.26818782,1,1,254,174,180,180
A,6254,0.29396610,0.27677097,0.28536854,1,1,254,174,180,180
A,6255,0.27709217,0.28571429,0.28140323,1,1,254,174,180,180
A,6256,0.29396610,0.26651864,0.28024237,1,1,254,174,180,180
A,6257,0.28021766,0.27569820,0.27795793,1,1,254,174,180,180
A,6258,0.29396610,0.29310345,0.29353477,1,1,254,174,180,180
A,6259,0.31050371,0.29388370,0.30219370,1,1,254,174,180,180
A,6260,0.27709217,0.27569820,0.27639519,1,1,254,174,180,180
A,6261,0.25222697,0.29292934,0.27257816,1,1,254,174,180,180
A,6262,0.26810958,0.27569820,0.27190389,1,1,254,174,180,180
A,6263,0.28443650,0.28421311,0.28432480,1,1,254,174,180,180
A,6264,0.29773924,0.29292934,0.29533429,1,1,254,174,180,180
A,6265,0.28668762,0.28553225,0.28610994,1,1,254,174,180,180
A,6266,0.30043800,0.26651864,0.28347832,1,1,254,174,180,180
A,6267,0.28021766,0.25846706,0.26934236,1,1,254,174,180,180
A,6268,0.27113375,0.25846706,0.26480041,1,1,254,174,180,180
A,6269,0.27709217,0.27569820,0.27639519,1,1,254,174,180,180
A,6270,0.26810958,0.25846706,0.26328832,1,1,254,174,180,180
A,6271,0.27113375,0.28317605,0.27715490,1,1,254,174,180,180
A,6272,0.25222697,0.27627923,0.26425310,1,1,254,174,180,180
A,6273,0.27709217,0.27520836,0.27615027,1,1,254,174,180,180
A,6274,0.27709217,0.27569820,0.27639519,1,1,254,174,180,180
A,6275,0.27709217,0.27520836,0.27615027,1,1,254,174,180,180
A,6276,0.27709217,0.28664329,0.28186773,1,1,254,174,180,180
A,6277,0.26025117,0.25846706,0.25935912,1,1,254,174,180,180
A,6278,0.27709217,0.27586207,0.27647712,1,1,254,174,180,180
A,6279,0.29396610,0.30436641,0.29916626,1,1,254,174,180,180
A,6280,0.29396610,0.28553225,0.28974917,1,1,254,174,180,180
A,6281,0.26025117,0.28571429,0.27298273,1,1,254,174,180,180
A,6282,0.26067744,0.27677097,0.26872421,1,1,254,174,180,180
A,6283,0.25712567,0.28682603,0.27197585,1,1,254,174,180,180
A,6284,0.29396610,0.26651864,0.28024237,1,1,254,174,180,180
A,6285,0.29362978,0.28317605,0.28840291,1,1,254,174,180,180
A,6286,0.29362978,0.29292934,0.29327956,1,1,254,174,180,180
A,6287,0.29362978,0.29240889,0.29301933,1,1,254,174,180,180
A,6288,0.27854334,0.27569820,0.27712077,1,1,254,174,180,180
A,6289,0.26810958,0.27569820,0.27190389,1,1,254,174,180,180
A,6290,0.28021766,0.28553225,0.28287496,1,1,254,174,180,180
A,6291,0.26942349,0.28682603,0.27812476,1,1,254,174,180,180
A,6292,0.27854334,0.25923025,0.26888679,1,1,254,174,180,180
A,6293,0.27709217,0.27520836,0.27615027,1,1,254,174,180,180
A,6294,0.24028467,0.25110898,0.24569682,1,1,254,174,180,180
A,6295,0.27709217,0.26844229,0.27276723,1,1,254,174,180,180
A,6296,0.28992135,0.25846706,0.27419421,1,1,254,174,180,180
A,6297,0.16262056,0.16831699,0.16546877,1,1,254,174,180,180
A,6298,0.14470132,0.14516129,0.14493131,1,1,254,174,180,180
A,6299,0.14680393,0.14991673,0.14836033,1,1,254,174,180,180
A,6300,0.17320360,0.16831699,0.17076030,1,1,254,174,180,180
A,6301,0.18472824,0.16666667,0.17569746,1,1,254,174,180,180
A,6302,0.22466314,0.18954251,0.20710283,1,1,254,174,180,180
A,6303,0.24054160,0.22536324,0.23295242,1,1,254,174,180,180
A,6304,0.24383644,0.25000000,0.24691822,1,1,254,174,180,180
A,6305,0.24383644,0.22413793,0.23398719,1,1,254,174,180,180
A,6306,0.26067744,0.25846706,0.25957225,1,1,254,174,180,180
A,6307,0.27534894,0.25846706,0.26690800,1,1,254,174,180,180
A,6308,0.26067744,0.25846706,0.25957225,1,1,254,174,180,180
A,6309,0.24383644,0.24137931,0.24260787,1,1,254,174,180,180
A,6310,0.25033047,0.24246051,0.24639549,1,1,254,174,180,180
A,6311,0.26380294,0.25846706,0.26113500,1,1,254,174,180,180
A,6312,0.26067744,0.24123593,0.25095668,1,1,254,174,180,180
A,6313,0.24860551,0.24123593,0.24492072,1,1,254,174,180,180
A,6314,0.24383644,0.24986122,0.24684883,1,1,254,174,180,180
A,6315,0.24028467,0.24123593,0.24076030,1,1,254,174,180,180
A,6316,0.24860551,0.24123593,0.24492072,1,1,254,174,180,180
A,6317,0.24028467,0.24984072,0.24506269,1,1,254,174,180,180
A,6318,0.24383644,0.23320381,0.23852012,1,1,254,174,180,180
A,6319,0.27709217,0.25846706,0.26777962,1,1,254,174,180,180
A,6320,0.28034054,0.29240889,0.28637472,1,1,254,174,180,180
A,6321,0.28021766,0.25846706,0.26934236,1,1,254,174,180,180
A,6322,0.29396610,0.28664329,0.29030469,1,1,254,174,180,180
A,6323,0.27293819,0.30337802,0.28815811,1,1,254,174,180,180
A,6324,0.28021766,0.27520836,0.27771301,1,1,254,174,180,180
A,6325,0.26380294,0.29292934,0.27836614,1,1,254,174,180,180
A,6326,0.26380294,0.29310345,0.27845319,1,1,254,174,180,180
A,6327,0.29396610,0.27520836,0.28458723,1,1,254,174,180,180
A,6328,0.29004848,0.29347975,0.29176412,1,1,254,174,180,180
A,6329,0.26380294,0.27569820,0.26975057,1,1,254,174,180,180
A,6330,0.28021766,0.27677097,0.27849432,1,1,254,174,180,180
A,6331,0.31050371,0.29240889,0.30145630,1,1,254,174,180,180
A,6332,0.28668762,0.27569820,0.28119291,1,1,254,174,180,180
A,6333,0.28992135,0.27569820,0.28280978,1,1,254,174,180,180
A,6334,0.27709217,0.27569820,0.27639519,1,1,254,174,180,180
A,6335,0.28021766,0.27569820,0.27795793,1,1,254,174,180,180
A,6336,0.27709217,0.25846706,0.26777962,1,1,254,174,180,180
A,6337,0.28021766,0.25969164,0.26995465,1,1,254,174,180,180
A,6338,0.28021766,0.25846706,0.26934236,1,1,254,174,180,180
A,6339,0.26067744,0.26768648,0.26418196,1,1,254,174,180,180
A,6340,0.24383644,0.24984072,0.24683858,1,1,254,174,180,180
A,6341,0.26926343,0.26768648,0.26847496,1,1,254,174,180,180
A,6342,0.24738821,0.24984072,0.24861446,1,1,254,174,180,180
A,6343,0.25525114,0.24984072,0.25254593,1,1,254,174,180,180
A,6344,0.24738821,0.24984072,0.24861446,1,1,254,174,180,180
A,6345,0.25304857,0.24123593,0.24714225,1,1,254,174,180,180
A,6346,0.22466314,0.22400479,0.22433397,1,1,254,174,180,180
A,6347,0.23936854,0.24123593,0.24030223,1,1,254,174,180,180
A,6348,0.26380294,0.24246051,0.25313172,1,1,254,174,180,180
A,6349,0.24383644,0.23320381,0.23852012,1,1,254,174,180,180
A,6350,0.25712567,0.25846706,0.25779637,1,1,254,174,180,180
A,6351,0.23936854,0.24123593,0.24030223,1,1,254,174,180,180
A,6352,0.25595504,0.24984072,0.25289788,1,1,254,174,180,180
A,6353,0.24738821,0.24123593,0.24431207,1,1,254,174,180,180
A,6354,0.23593191,0.24202972,0.23898082,1,1,254,174,180,180
A,6355,0.24738821,0.24246051,0.24492436,1,1,254,174,180,180
A,6356,0.24383644,0.25800784,0.25092214,1,1,254,174,180,180
A,6357,0.27709217,0.27677097,0.27693157,1,1,254,174,180,180
A,6358,0.26380294,0.27006578,0.26693436,1,1,254,174,180,180
A,6359,0.27709217,0.27677097,0.27693157,1,1,254,174,180,180
A,6360,0.27534894,0.27627923,0.27581408,1,1,254,174,180,180
A,6361,0.27845477,0.25800784,0.26823130,1,1,254,174,180,180
A,6362,0.24738821,0.27569820,0.26154321,1,1,254,174,180,180
A,6363,0.25423246,0.25846706,0.25634976,1,1,254,174,180,180
A,6364,0.29362978,0.27627923,0.28495450,1,1,254,174,180,180
A,6365,0.25595504,0.27677097,0.26636301,1,1,254,174,180,180
A,6366,0.32196045,0.27520836,0.29858441,1,1,254,174,180,180
A,6367,0.30703164,0.27569820,0.29136492,1,1,254,174,180,180
A,6368,0.27534894,0.27627923,0.27581408,1,1,254,174,180,180
A,6369,0.31329288,0.29347975,0.30338632,1,1,254,174,180,180
A,6370,0.32196045,0.30436641,0.31316343,1,1,254,174,180,180
A,6371,0.28797017,0.29292934,0.29044976,1,1,254,174,180,180
A,6372,0.31050371,0.31016048,0.31033209,1,1,254,174,180,180
A,6373,0.32414193,0.32221218,0.32317705,1,1,254,174,180,180
A,6374,0.28797017,0.30337802,0.29567409,1,1,254,174,180,180
A,6375,0.32414193,0.31016048,0.31715120,1,1,254,174,180,180
A,6376,0.32125617,0.32739162,0.32432389,1,1,254,174,180,180
A,6377,0.28475821,0.29240889,0.28858355,1,1,254,174,180,180
A,6378,0.28475821,0.31016048,0.29745934,1,1,254,174,180,180
A,6379,0.28797017,0.28553225,0.28675121,1,1,254,174,180,180
A,6380,0.28797017,0.27569820,0.28183419,1,1,254,174,180,180
A,6381,0.28475821,0.29292934,0.28884377,1,1,254,174,180,180
A,6382,0.32196045,0.30337802,0.31266923,1,1,254,174,180,180
A,6383,0.32125617,0.30337802,0.31231709,1,1,254,174,180,180
A,6384,0.31050371,0.31111483,0.31080927,1,1,254,174,180,180
A,6385,0.28797017,0.29292934,0.29044976,1,1,254,174,180,180
A,6386,0.30496531,0.29292934,0.29894732,1,1,254,174,180,180
A,6387,0.27534894,0.29388370,0.28461632,1,1,254,174,180,180
A,6388,0.27534894,0.32122378,0.29828636,1,1,254,174,180,180
A,6389,0.28797017,0.30337802,0.29567409,1,1,254,174,180,180
A,6390,0.27534894,0.30337802,0.28936348,1,1,254,174,180,180
A,6391,0.32740077,0.32825102,0.32782590,1,1,254,174,180,180
A,6392,0.32125617,0.30279997,0.31202807,1,1,254,174,180,180
A,6393,0.28475821,0.30436641,0.29456231,1,1,254,174,180,180
A,6394,0.31050371,0.28421311,0.29735841,1,1,254,174,180,180
A,6395,0.30313675,0.29336155,0.29824915,1,1,254,174,180,180
A,6396,0.31050371,0.29292934,0.30171652,1,1,254,174,180,180
A,6397,0.32125617,0.29292934,0.30709276,1,1,254,174,180,180
A,6398,0.31050371,0.29292934,0.30171652,1,1,254,174,180,180
A,6399,0.30855027,0.29292934,0.30073981,1,1,254,174,180,180
A,6400,0.31909411,0.29292934,0.30601172,1,1,254,174,180,180
A,6401,0.31909411,0.29292934,0.30601172,1,1,254,174,180,180
A,6402,0.31909411,0.28553225,0.30231318,1,1,254,174,180,180
A,6403,0.31050371,0.30448905,0.30749638,1,1,254,174,180,180
A,6404,0.30496531,0.29292934,0.29894732,1,1,254,174,180,180
A,6405,0.29362978,0.29292934,0.29327956,1,1,254,174,180,180
A,6406,0.31909411,0.28553225,0.30231318,1,1,254,174,180,180
A,6407,0.31132190,0.31016048,0.31074119,1,1,254,174,180,180
A,6408,0.32196045,0.27677097,0.29936571,1,1,254,174,180,180
A,6409,0.28992135,0.30337802,0.29664968,1,1,254,174,180,180
A,6410,0.32196045,0.28664329,0.30430187,1,1,254,174,180,180
A,6411,0.28797017,0.28553225,0.28675121,1,1,254,174,180,180
A,6412,0.30175335,0.28664329,0.29419832,1,1,254,174,180,180
A,6413,0.30855027,0.28553225,0.29704126,1,1,254,174,180,180
A,6414,0.28797017,0.27520836,0.28158927,1,1,254,174,180,180
A,6415,0.28797017,0.30337802,0.29567409,1,1,254,174,180,180
A,6416,0.31132190,0.30448905,0.30790548,1,1,254,174,180,180
A,6417,0.28668762,0.30337802,0.29503282,1,1,254,174,180,180
A,6418,0.27534894,0.29292934,0.28413914,1,1,254,174,180,180
A,6419,0.30496531,0.30337802,0.30417166,1,1,254,174,180,180
A,6420,0.28475821,0.30337802,0.29406811,1,1,254,174,180,180
A,6421,0.28475821,0.28609713,0.28542767,1,1,254,174,180,180
A,6422,0.27534894,0.29292934,0.28413914,1,1,254,174,180,180
A,6423,0.29178250,0.29240889,0.29209569,1,1,254,174,180,180
A,6424,0.27709217,0.27569820,0.27639519,1,1,254,174,180,180
A,6425,0.28797017,0.27569820,0.28183419,1,1,254,174,180,180
A,6426,0.28797017,0.25846706,0.27321862,1,1,254,174,180,180
A,6427,0.27534894,0.27677097,0.27605996,1,1,254,174,180,180
A,6428,0.27534894,0.27569820,0.27552357,1,1,254,174,180,180
A,6429,0.27845477,0.27569820,0.27707648,1,1,254,174,180,180
A,6430,0.27845477,0.27569820,0.27707648,1,1,254,174,180,180
A,6431,0.27534894,0.27569820,0.27552357,1,1,254,174,180,180
A,6432,0.28475821,0.28553225,0.28514523,1,1,254,174,180,180
A,6433,0.27709217,0.28553225,0.28131221,1,1,254,174,180,180
A,6434,0.28345390,0.28553225,0.28449307,1,1,254,174,180,180
A,6435,0.28154625,0.28553225,0.28353925,1,1,254,174,180,180
A,6436,0.28475821,0.28553225,0.28514523,1,1,254,174,180,180
A,6437,0.27709217,0.28553225,0.28131221,1,1,254,174,180,180
A,6438,0.27534894,0.27569820,0.27552357,1,1,254,174,180,180
A,6439,0.18998622,0.18488097,0.18743359,1,1,254,174,180,180
A,6440,0.21810904,0.20832350,0.21321627,1,1,254,174,180,180
A,6441,0.25595504,0.24137931,0.24866718,1,1,254,174,180,180
A,6442,0.26214331,0.27569820,0.26892075,1,1,254,174,180,180
A,6443,0.27709217,0.29388370,0.28548793,1,1,254,174,180,180
A,6444,0.29675527,0.29292934,0.29484231,1,1,254,174,180,180
A,6445,0.27845477,0.27569820,0.27707648,1,1,254,174,180,180
A,6446,0.27845477,0.29292934,0.28569205,1,1,254,174,180,180
A,6447,0.29178250,0.27569820,0.28374035,1,1,254,174,180,180
A,6448,0.29178250,0.31016048,0.30097149,1,1,254,174,180,180
A,6449,0.29488833,0.27569820,0.28529327,1,1,254,174,180,180
A,6450,0.30496531,0.28553225,0.29524878,1,1,254,174,180,180
A,6451,0.31329288,0.29388370,0.30358829,1,1,254,174,180,180
A,6452,0.29675527,0.27569820,0.28622674,1,1,254,174,180,180
A,6453,0.29396610,0.27677097,0.28536854,1,1,254,174,180,180
A,6454,0.30379791,0.29240889,0.29810340,1,1,254,174,180,180
A,6455,0.27709217,0.27677097,0.27693157,1,1,254,174,180,180
A,6456,0.27709217,0.27569820,0.27639519,1,1,254,174,180,180
A,6457,0.27709217,0.27569820,0.27639519,1,1,254,174,180,180
A,6458,0.27709217,0.27586207,0.27647712,1,1,254,174,180,180
A,6459,0.27709217,0.28682603,0.28195910,1,1,254,174,180,180
A,6460,0.29362978,0.29400211,0.29381594,1,1,254,174,180,180
A,6461,0.29675527,0.30337802,0.30006664,1,1,254,174,180,180
A,6462,0.29675527,0.27677097,0.28676312,1,1,254,174,180,180
A,6463,0.28021766,0.27520836,0.27771301,1,1,254,174,180,180
A,6464,0.30703164,0.29240889,0.29972026,1,1,254,174,180,180
A,6465,0.29675527,0.29292934,0.29484231,1,1,254,174,180,180
A,6466,0.24383644,0.27569820,0.25976732,1,1,254,174,180,180
A,6467,0.26067744,0.27677097,0.26872421,1,1,254,174,180,180
A,6468,0.27293819,0.25800784,0.26547302,1,1,254,174,180,180
A,6469,0.30703164,0.27569820,0.29136492,1,1,254,174,180,180
A,6470,0.26380294,0.29292934,0.27836614,1,1,254,174,180,180
A,6471,0.26380294,0.25953984,0.26167139,1,1,254,174,180,180
A,6472,0.27293819,0.29292934,0.28293377,1,1,254,174,180,180
A,6473,0.28021766,0.27569820,0.27795793,1,1,254,174,180,180
A,6474,0.27293819,0.26651864,0.26972842,1,1,254,174,180,180
A,6475,0.28021766,0.29292934,0.28657350,1,1,254,174,180,180
A,6476,0.27709217,0.27569820,0.27639519,1,1,254,174,180,180
A,6477,0.24383644,0.24986122,0.24684883,1,1,254,174,180,180
A,6478,0.26970447,0.25104503,0.26037475,1,1,254,174,180,180
A,6479,0.24028467,0.24986122,0.24507295,1,1,254,174,180,180
A,6480,0.26602970,0.25104503,0.25853737,1,1,254,174,180,180
A,6481,0.28992135,0.27569820,0.28280978,1,1,254,174,180,180
A,6482,0.24383644,0.24986122,0.24684883,1,1,254,174,180,180
A,6483,0.24383644,0.25862069,0.25122856,1,1,254,174,180,180
A,6484,0.28668762,0.26651864,0.27660313,1,1,254,174,180,180
A,6485,0.24028467,0.24986122,0.24507295,1,1,254,174,180,180
A,6486,0.26067744,0.24986122,0.25526933,1,1,254,174,180,180
A,6487,0.26025117,0.25800784,0.25912950,1,1,254,174,180,180
A,6488,0.24028467,0.25000000,0.24514233,1,1,254,174,180,180
A,6489,0.24383644,0.25846706,0.25115175,1,1,254,174,180,180
A,6490,0.23593191,0.25969164,0.24781178,1,1,254,174,180,180
A,6491,0.26810958,0.27693548,0.27252253,1,1,254,174,180,180
A,6492,0.26810958,0.27677097,0.27244028,1,1,254,174,180,180
A,6493,0.27709217,0.26651864,0.27180540,1,1,254,174,180,180
A,6494,0.26810958,0.29347975,0.28079466,1,1,254,174,180,180
A,6495,0.28276020,0.29292934,0.28784477,1,1,254,174,180,180
A,6496,0.27534894,0.29336155,0.28435524,1,1,254,174,180,180
A,6497,0.29211671,0.31056207,0.30133939,1,1,254,174,180,180
A,6498,0.27845477,0.29240889,0.28543183,1,1,254,174,180,180
A,6499,0.27534894,0.26717645,0.27126269,1,1,254,174,180,180
A,6500,0.28021766,0.27569820,0.27795793,1,1,254,174,180,180
A,6501,0.27709217,0.27569820,0.27639519,1,1,254,174,180,180
A,6502,0.26953585,0.27520836,0.27237211,1,1,254,174,180,180
A,6503,0.28797017,0.28553225,0.28675121,1,1,254,174,180,180
A,6504,0.25903748,0.25846706,0.25875227,1,1,254,174,180,180
A,6505,0.27845477,0.25846706,0.26846092,1,1,254,174,180,180
A,6506,0.25595504,0.26768648,0.26182076,1,1,254,174,180,180
A,6507,0.27534894,0.28553225,0.28044059,1,1,254,174,180,180
A,6508,0.27534894,0.28553225,0.28044059,1,1,254,174,180,180
A,6509,0.27534894,0.27569820,0.27552357,1,1,254,174,180,180
A,6510,0.28797017,0.27677097,0.28237057,1,1,254,174,180,180
A,6511,0.27709217,0.27569820,0.27639519,1,1,254,174,180,180
A,6512,0.27709217,0.25862069,0.26785643,1,1,254,174,180,180
A,6513,0.28992135,0.28553225,0.28772680,1,1,254,174,180,180
A,6514,0.28992135,0.28553225,0.28772680,1,1,254,174,180,180
A,6515,0.27534894,0.28553225,0.28044059,1,1,254,174,180,180
A,6516,0.27534894,0.27569820,0.27552357,1,1,254,174,180,180
A,6517,0.28992135,0.28553225,0.28772680,1,1,254,174,180,180
A,6518,0.28797017,0.28553225,0.28675121,1,1,254,174,180,180
A,6519,0.27396668,0.28553225,0.27974946,1,1,254,174,180,180
A,6520,0.27709217,0.28664329,0.28186773,1,1,254,174,180,180
A,6521,0.28992135,0.28553225,0.28772680,1,1,254,174,180,180
A,6522,0.28021766,0.26895474,0.27458620,1,1,254,174,180,180
A,6523,0.28345390,0.27569820,0.27957605,1,1,254,174,180,180
A,6524,0.28021766,0.25846706,0.26934236,1,1,254,174,180,180
A,6525,0.28992135,0.28553225,0.28772680,1,1,254,174,180,180
A,6526,0.28797017,0.28553225,0.28675121,1,1,254,174,180,180
A,6527,0.27845477,0.28553225,0.28199351,1,1,254,174,180,180
A,6528,0.27293819,0.30436641,0.28865230,1,1,254,174,180,180
A,6529,0.28992135,0.27569820,0.28280978,1,1,254,174,180,180
A,6530,0.17320360,0.16822356,0.17071358,1,1,254,174,180,180
A,6531,0.13623124,0.11488880,0.12556002,1,1,254,174,180,180
A,6532,0.08650228,0.09933990,0.09292109,1,1,254,174,180,180
A,6533,0.13623124,0.13300340,0.13461732,1,1,254,174,180,180
A,6534,0.15811994,0.15370208,0.15591101,1,1,254,174,180,180
A,6535,0.19250661,0.16831699,0.18041180,1,1,254,174,180,180
A,6536,0.22349268,0.20137938,0.21243603,1,1,254,174,180,180
A,6537,0.23936854,0.23281653,0.23609254,1,1,254,174,180,180
A,6538,0.25595504,0.24137931,0.24866718,1,1,254,174,180,180
A,6539,0.24383644,0.21654639,0.23019142,1,1,254,174,180,180
A,6540,0.24383644,0.24246051,0.24314847,1,1,254,174,180,180
A,6541,0.25595504,0.23199495,0.24397500,1,1,254,174,180,180
A,6542,0.26204264,0.24123593,0.25163929,1,1,254,174,180,180
A,6543,0.26602970,0.24984072,0.25793521,1,1,254,174,180,180
A,6544,0.24383644,0.24123593,0.24253618,1,1,254,174,180,180
A,6545,0.26067744,0.24246051,0.25156897,1,1,254,174,180,180
A,6546,0.26204264,0.25862069,0.26033167,1,1,254,174,180,180
A,6547,0.22466314,0.24137931,0.23302123,1,1,254,174,180,180
A,6548,0.27854334,0.25846706,0.26850520,1,1,254,174,180,180
A,6549,0.28668762,0.24080732,0.26374747,1,1,254,174,180,180
A,6550,0.27709217,0.25846706,0.26777962,1,1,254,174,180,180
A,6551,0.24383644,0.25846706,0.25115175,1,1,254,174,180,180
A,6552,0.27709217,0.25846706,0.26777962,1,1,254,174,180,180
A,6553,0.26067744,0.25846706,0.25957225,1,1,254,174,180,180
A,6554,0.26067744,0.24123593,0.25095668,1,1,254,174,180,180
A,6555,0.24383644,0.24123593,0.24253618,1,1,254,174,180,180
A,6556,0.24860551,0.24984072,0.24922312,1,1,254,174,180,180
A,6557,0.28345390,0.25846706,0.27096048,1,1,254,174,180,180
A,6558,0.26602970,0.24984072,0.25793521,1,1,254,174,180,180
A,6559,0.24383644,0.25846706,0.25115175,1,1,254,174,180,180
A,6560,0.25712567,0.25846706,0.25779637,1,1,254,174,180,180
A,6561,0.29396610,0.27569820,0.28483215,1,1,254,174,180,180
A,6562,0.25228028,0.23320381,0.24274204,1,1,254,174,180,180
A,6563,0.27709217,0.24986122,0.26347670,1,1,254,174,180,180
A,6564,0.26067744,0.25969164,0.26018454,1,1,254,174,180,180
A,6565,0.26380294,0.25969164,0.26174729,1,1,254,174,180,180
A,6566,0.25712567,0.25953984,0.25833275,1,1,254,174,180,180
A,6567,0.24383644,0.25969164,0.25176404,1,1,254,174,180,180
A,6568,0.25228028,0.27569820,0.26398924,1,1,254,174,180,180
A,6569,0.27709217,0.25846706,0.26777962,1,1,254,174,180,180
A,6570,0.25525114,0.26651864,0.26088489,1,1,254,174,180,180
A,6571,0.26380294,0.27569820,0.26975057,1,1,254,174,180,180
A,6572,0.28713525,0.27569820,0.28141673,1,1,254,174,180,180
A,6573,0.28021766,0.25846706,0.26934236,1,1,254,174,180,180
A,6574,0.29362978,0.26651864,0.28007421,1,1,254,174,180,180
A,6575,0.28021766,0.27569820,0.27795793,1,1,254,174,180,180
A,6576,0.26025117,0.25846706,0.25935912,1,1,254,174,180,180
A,6577,0.27709217,0.27569820,0.27639519,1,1,254,174,180,180
A,6578,0.31329288,0.29933554,0.30631421,1,1,254,174,180,180
A,6579,0.27293819,0.28664329,0.27979074,1,1,254,174,180,180
A,6580,0.29396610,0.26651864,0.28024237,1,1,254,174,180,180
A,6581,0.28992135,0.27569820,0.28280978,1,1,254,174,180,180
A,6582,0.29675527,0.26651864,0.28163695,1,1,254,174,180,180
A,6583,0.28992135,0.27569820,0.28280978,1,1,254,174,180,180
A,6584,0.26025117,0.25969164,0.25997141,1,1,254,174,180,180
A,6585,0.28992135,0.28553225,0.28772680,1,1,254,174,180,180
A,6586,0.26067744,0.27569820,0.26818782,1,1,254,174,180,180
A,6587,0.29362978,0.25846706,0.27604842,1,1,254,174,180,180
A,6588,0.27709217,0.25048162,0.26378689,1,1,254,174,180,180
A,6589,0.29675527,0.25846706,0.27761117,1,1,254,174,180,180
A,6590,0.28021766,0.24944629,0.26483197,1,1,254,174,180,180
A,6591,0.28021766,0.27569820,0.27795793,1,1,254,174,180,180
A,6592,0.24028467,0.25110898,0.24569682,1,1,254,174,180,180
A,6593,0.24383644,0.24986122,0.24684883,1,1,254,174,180,180
A,6594,0.26025117,0.27569820,0.26797468,1,1,254,174,180,180
A,6595,0.25712567,0.25846706,0.25779637,1,1,254,174,180,180
A,6596,0.25712567,0.25846706,0.25779637,1,1,254,174,180,180
A,6597,0.27396668,0.27569820,0.27483244,1,1,254,174,180,180
A,6598,0.26067744,0.25846706,0.25957225,1,1,254,174,180,180
A,6599,0.26380294,0.25846706,0.26113500,1,1,254,174,180,180
A,6600,0.27709217,0.26768648,0.27238933,1,1,254,174,180,180
A,6601,0.26067744,0.26768648,0.26418196,1,1,254,174,180,180
A,6602,0.26067744,0.25846706,0.25957225,1,1,254,174,180,180
A,6603,0.29396610,0.24986122,0.27191366,1,1,254,174,180,180
A,6604,0.26926343,0.25846706,0.26386525,1,1,254,174,180,180
A,6605,0.26025117,0.27569820,0.26797468,1,1,254,174,180,180
A,6606,0.25712567,0.26768648,0.26240608,1,1,254,174,180,180
A,6607,0.28345390,0.24986122,0.26665756,1,1,254,174,180,180
A,6608,0.24738821,0.26768648,0.25753735,1,1,254,174,180,180
A,6609,0.27709217,0.24986122,0.26347670,1,1,254,174,180,180
A,6610,0.26025117,0.25846706,0.25935912,1,1,254,174,180,180
A,6611,0.27854334,0.24986122,0.26420228,1,1,254,174,180,180
A,6612,0.27854334,0.27569820,0.27712077,1,1,254,174,180,180
A,6613,0.27854334,0.25846706,0.26850520,1,1,254,174,180,180
A,6614,0.27540147,0.25846706,0.26693427,1,1,254,174,180,180
A,6615,0.24028467,0.26717645,0.25373056,1,1,254,174,180,180
A,6616,0.24154307,0.24986122,0.24570215,1,1,254,174,180,180
A,6617,0.26380294,0.25953984,0.26167139,1,1,254,174,180,180
A,6618,0.24738821,0.25846706,0.25292764,1,1,254,174,180,180
A,6619,0.25739075,0.25846706,0.25792891,1,1,254,174,180,180
A,6620,0.26810958,0.25846706,0.26328832,1,1,254,174,180,180
A,6621,0.25847227,0.25846706,0.25846967,1,1,254,174,180,180
A,6622,0.25712567,0.27520836,0.26616702,1,1,254,174,180,180
A,6623,0.27709217,0.25846706,0.26777962,1,1,254,174,180,180
A,6624,0.24383644,0.28609713,0.26496678,1,1,254,174,180,180
A,6625,0.25847227,0.27569820,0.26708524,1,1,254,174,180,180
A,6626,0.26204264,0.25800784,0.26002524,1,1,254,174,180,180
A,6627,0.27854334,0.25846706,0.26850520,1,1,254,174,180,180
A,6628,0.24154307,0.25089828,0.24622067,1,1,254,174,180,180
A,6629,0.26161413,0.25923025,0.26042219,1,1,254,174,180,180
A,6630,0.26602970,0.27627923,0.27115447,1,1,254,174,180,180
A,6631,0.26627420,0.27569820,0.27098620,1,1,254,174,180,180
A,6632,0.26025117,0.27627923,0.26826520,1,1,254,174,180,180
A,6633,0.28168520,0.25846706,0.27007613,1,1,254,174,180,180
A,6634,0.30260004,0.27627923,0.28943964,1,1,254,174,180,180
A,6635,0.30550199,0.27520836,0.29035518,1,1,261,178,150,150
A,6636,0.25847227,0.25846706,0.25846967,1,1,254,174,180,180
A,6637,0.26204264,0.26711137,0.26457701,1,1,254,174,180,180
A,6638,0.25847227,0.22400479,0.24123853,1,1,254,174,180,180
A,6639,0.27854334,0.26711137,0.27282735,1,1,254,174,180,180
A,6640,0.24511344,0.23399837,0.23955591,1,1,254,174,180,180
A,6641,0.25000958,0.27627923,0.26314440,1,1,254,174,180,180
A,6642,0.26638450,0.25907871,0.26273160,1,1,261,178,150,150
A,6643,0.25712567,0.25189637,0.25451102,1,1,261,178,150,150
A,6644,0.23249528,0.26844229,0.25046878,1,1,254,174,180,180
A,6645,0.26380294,0.25800784,0.26090539,1,1,254,174,180,180
A,6646,0.24738821,0.28498821,0.26618821,1,1,254,174,180,180
A,6647,0.25181451,0.27546544,0.26363998,1,1,254,174,180,180
A,6648,0.26161413,0.27627923,0.26894668,1,1,254,174,180,180
A,6649,0.25222697,0.27520836,0.26371767,1,1,254,174,180,180
A,6650,0.24879034,0.25923025,0.25401029,1,1,254,174,180,180
A,6651,0.24879034,0.24080732,0.24479883,1,1,254,174,180,180
A,6652,0.25847227,0.22503036,0.24175132,1,1,254,174,180,180
A,6653,0.24868381,0.24080732,0.24474557,1,1,254,174,180,180
A,6654,0.26380294,0.24080732,0.25230513,1,1,254,174,180,180
A,6655,0.23708813,0.27520836,0.25614825,1,1,254,174,180,180
A,6656,0.24868381,0.24936468,0.24902425,1,1,254,174,180,180
A,6657,0.22879288,0.24080732,0.23480010,1,1,254,174,180,180
A,6658,0.26204264,0.24202972,0.25203618,1,1,254,174,180,180
A,6659,0.26942349,0.25800784,0.26371567,1,1,254,174,180,180
A,6660,0.25304857,0.24080732,0.24692795,1,1,254,174,180,180
A,6661,0.23363466,0.24080732,0.23722099,1,1,254,174,180,180
A,6662,0.22879288,0.22400479,0.22639884,1,1,254,174,180,180
A,6663,0.24154307,0.26879752,0.25517030,1,1,254,174,180,180
A,6664,0.27540147,0.25846706,0.26693427,1,1,254,174,180,180
A,6665,0.27854334,0.25846706,0.26850520,1,1,254,174,180,180
A,6666,0.25304857,0.25953984,0.25629420,1,1,254,174,180,180
A,6667,0.24511344,0.25846706,0.25179025,1,1,254,174,180,180
A,6668,0.25847227,0.25923025,0.25885126,1,1,254,174,180,180
A,6669,0.26161413,0.25846706,0.26004060,1,1,254,174,180,180
A,6670,0.25847227,0.22522937,0.24185082,1,1,254,174,180,180
A,6671,0.25847227,0.25923025,0.25885126,1,1,254,174,180,180
A,6672,0.28168520,0.25846706,0.27007613,1,1,254,174,180,180
A,6673,0.25346305,0.27627923,0.26487114,1,1,254,174,180,180
A,6674,0.25712567,0.25063053,0.25387810,1,1,254,174,180,180
A,6675,0.25953438,0.22400479,0.24176959,1,1,254,174,180,180
A,6676,0.26204264,0.24936468,0.25570366,1,1,254,174,180,180
A,6677,0.25847227,0.24936468,0.25391848,1,1,254,174,180,180
A,6678,0.24511344,0.23281653,0.23896499,1,1,254,174,180,180
A,6679,0.24154307,0.24080732,0.24117520,1,1,254,174,180,180
A,6680,0.24738821,0.25110898,0.24924859,1,1,254,174,180,180
A,6681,0.24154307,0.24984072,0.24569189,1,1,254,174,180,180
A,6682,0.25847227,0.24123593,0.24985410,1,1,254,174,180,180
A,6683,0.28168520,0.24080732,0.26124626,1,1,254,174,180,180
A,6684,0.24154307,0.24080732,0.24117520,1,1,254,174,180,180
A,6685,0.24511344,0.25846706,0.25179025,1,1,254,174,180,180
A,6686,0.24154307,0.24246051,0.24200179,1,1,254,174,180,180
A,6687,0.22466314,0.22400479,0.22433397,1,1,254,174,180,180
A,6688,0.22466314,0.23199495,0.22832905,1,1,254,174,180,180
A,6689,0.24154307,0.24246051,0.24200179,1,1,254,174,180,180
A,6690,0.21191295,0.21414919,0.21303107,1,1,254,174,180,180
A,6691,0.20778321,0.20677365,0.20727843,1,1,254,174,180,180
A,6692,0.22879288,0.23199495,0.23039392,1,1,254,174,180,180
A,6693,0.22466314,0.20677365,0.21571840,1,1,254,174,180,180
A,6694,0.22823351,0.21562615,0.22192983,1,1,254,174,180,180
A,6695,0.22466314,0.21414919,0.21940616,1,1,254,174,180,180
A,6696,0.22466314,0.21562615,0.22014465,1,1,261,178,150,150
A,6697,0.22466314,0.20962584,0.21714449,1,1,254,174,180,180
A,6698,0.22879288,0.20962584,0.21920936,1,1,254,174,180,180
A,6699,0.22466314,0.20677365,0.21571840,1,1,261,178,150,150
A,6700,0.22466314,0.22400479,0.22433397,1,1,261,178,150,150
A,6701,0.20778321,0.21710312,0.21244316,1,1,261,178,150,150
A,6702,0.22466314,0.22400479,0.22433397,1,1,261,178,150,150
A,6703,0.22466314,0.21374116,0.21920215,1,1,261,178,150,150
A,6704,0.22466314,0.20677365,0.21571840,1,1,261,178,150,150
A,6705,0.20778321,0.17370842,0.19074581,1,1,261,178,150,150
A,6706,0.19620480,0.17200523,0.18410501,1,1,261,178,150,150
A,6707,0.18472824,0.17231138,0.17851981,1,1,261,178,150,150
A,6708,0.19176598,0.18430360,0.18803479,1,1,261,178,150,150
A,6709,0.19098120,0.17401760,0.18249940,1,1,261,178,150,150
A,6710,0.20778321,0.18954251,0.19866286,1,1,261,178,150,150
A,6711,0.17417919,0.13997035,0.15707477,1,1,261,178,150,150
A,6712,0.15032004,0.13784910,0.14408457,1,1,261,178,150,150
A,6713,0.17248796,0.15508024,0.16378410,1,1,261,178,150,150
A,6714,0.16847635,0.16657415,0.16752525,1,1,261,178,150,150
A,6715,0.14084260,0.12341419,0.13212840,1,1,261,178,150,150
A,6716,0.13623124,0.13997035,0.13810080,1,1,254,154,180,180
A,6717,0.15293929,0.15508024,0.15400976,1,1,254,154,180,180
A,6718,0.14641577,0.14276612,0.14459095,1,1,254,154,180,180
A,6719,0.19098120,0.17401760,0.18249940,1,1,254,154,180,180
A,6720,0.15708105,0.14005354,0.14856730,1,1,254,154,180,180
A,6721,0.16748166,0.16248249,0.16498208,1,1,254,154,180,180
A,6722,0.17248796,0.13997035,0.15622916,1,1,254,154,180,180
A,6723,0.15751089,0.14005354,0.14878222,1,1,254,154,180,180
A,6724,0.15235380,0.17231138,0.16233259,1,1,254,154,180,180
A,6725,0.15811994,0.13997035,0.14904515,1,1,254,154,180,180
A,6726,0.17417919,0.17401760,0.17409839,1,1,254,154,180,180
A,6727,0.17906645,0.15508024,0.16707335,1,1,254,154,180,180
A,6728,0.15235380,0.13303802,0.14269591,1,1,254,154,180,180
A,6729,0.17417919,0.14505546,0.15961732,1,1,254,154,180,180
A,6730,0.18027756,0.16061189,0.17044473,1,1,254,154,180,180
A,6731,0.16847635,0.13997035,0.15422335,1,1,254,154,180,180
A,6732,0.17327174,0.14276612,0.15801893,1,1,254,174,180,180
A,6733,0.15235380,0.13784910,0.14510145,1,1,254,174,180,180
A,6734,0.18998622,0.17231138,0.18114880,1,1,254,174,180,180
A,6735,0.17327174,0.17200523,0.17263848,1,1,254,174,180,180
A,6736,0.17235893,0.17845766,0.17540829,1,1,254,174,180,180
A,6737,0.16765473,0.17231138,0.16998305,1,1,254,174,180,180
A,6738,0.17417919,0.14496304,0.15957111,1,1,254,174,180,180
A,6739,0.15751089,0.14005354,0.14878222,1,1,254,174,180,180
A,6740,0.17417919,0.16061189,0.16739554,1,1,254,174,180,180
A,6741,0.18472824,0.17241379,0.17857102,1,1,254,174,180,180
A,6742,0.16847635,0.13784910,0.15316273,1,1,254,174,180,180
A,6743,0.17320360,0.15517241,0.16418801,1,1,254,174,180,180
A,6744,0.18472824,0.16071429,0.17272127,1,1,254,174,180,180
A,6745,0.20098014,0.18954251,0.19526133,1,1,254,174,180,180
A,6746,0.20397505,0.17231138,0.18814321,1,1,254,174,180,180
A,6747,0.16602686,0.17231138,0.16916912,1,1,254,174,180,180
A,6748,0.16847635,0.17200523,0.17024079,1,1,254,174,180,180
A,6749,0.20000001,0.17845766,0.18922883,1,1,254,174,180,180
A,6750,0.20098014,0.18954251,0.19526133,1,1,254,174,180,180
A,6751,0.16765473,0.18954251,0.17859862,1,1,254,174,180,180
A,6752,0.20000001,0.18954251,0.19477126,1,1,254,174,180,180
A,6753,0.20000001,0.20640627,0.20320314,1,1,254,174,180,180
A,6754,0.23593191,0.25846706,0.24719949,1,1,254,174,180,180
A,6755,0.23593191,0.24123593,0.23858392,1,1,254,174,180,180
A,6756,0.25712567,0.24123593,0.24918080,1,1,254,174,180,180
A,6757,0.26810958,0.24080732,0.25445845,1,1,254,174,180,180
A,6758,0.26810958,0.25846706,0.26328832,1,1,254,174,180,180
A,6759,0.27396668,0.29400211,0.28398439,1,1,254,174,180,180
A,6760,0.27709217,0.29292934,0.28501075,1,1,254,174,180,180
A,6761,0.27396668,0.27520836,0.27458752,1,1,254,174,180,180
A,6762,0.26810958,0.29292934,0.28051946,1,1,254,174,180,180
A,6763,0.27396668,0.28553225,0.27974946,1,1,254,174,180,180
A,6764,0.26652950,0.25846706,0.26249828,1,1,254,174,180,180
A,6765,0.27224310,0.27520836,0.27372573,1,1,254,174,180,180
A,6766,0.26508540,0.27520836,0.27014688,1,1,254,174,180,180
A,6767,0.13623124,0.14005354,0.13814239,1,1,254,174,180,180
A,6768,0.09892941,0.08328707,0.09110824,1,1,254,174,180,180
A,6769,0.10153462,0.10270463,0.10211962,1,1,254,174,180,180
A,6770,0.08375833,0.09027703,0.08701768,1,1,254,174,180,180
A,6771,0.11812925,0.11871843,0.11842384,1,1,254,174,180,180
A,6772,0.17886845,0.15517241,0.16702043,1,1,254,174,180,180
A,6773,0.19098120,0.15517241,0.17307681,1,1,254,174,180,180
A,6774,0.19098120,0.18333333,0.18715727,1,1,254,174,180,180
A,6775,0.20778321,0.19108212,0.19943266,1,1,254,174,180,180
A,6776,0.23708813,0.23199495,0.23454154,1,1,254,174,180,180
A,6777,0.26535597,0.25846706,0.26191152,1,1,254,174,180,180
A,6778,0.26638450,0.25846706,0.26242578,1,1,254,174,180,180
A,6779,0.26942349,0.26768648,0.26855499,1,1,254,174,180,180
A,6780,0.29084061,0.27677097,0.28380579,1,1,254,174,180,180
A,6781,0.27540147,0.25953984,0.26747066,1,1,254,174,180,180
A,6782,0.26508540,0.26076442,0.26292491,1,1,254,174,180,180
A,6783,0.28443650,0.25846706,0.27145178,1,1,254,174,180,180
A,6784,0.26067744,0.26768648,0.26418196,1,1,254,174,180,180
A,6785,0.28443650,0.29240889,0.28842269,1,1,254,174,180,180
A,6786,0.26067744,0.26076442,0.26072093,1,1,254,174,180,180
A,6787,0.25712567,0.26768648,0.26240608,1,1,254,174,180,180
A,6788,0.27709217,0.25969164,0.26839191,1,1,254,174,180,180
A,6789,0.27709217,0.27569820,0.27639519,1,1,254,174,180,180
A,6790,0.28443650,0.25969164,0.27206407,1,1,254,174,180,180
A,6791,0.26810958,0.29292934,0.28051946,1,1,254,174,180,180
A,6792,0.22704445,0.22400479,0.22552462,1,1,254,174,180,180
A,6793,0.22466314,0.18954251,0.20710283,1,1,254,174,180,180
A,6794,0.19766785,0.17845766,0.18806275,1,1,254,174,180,180
A,6795,0.19511094,0.20689655,0.20100375,1,1,254,174,180,180
A,6796,0.21505814,0.21414919,0.21460366,1,1,254,174,180,180
A,6797,0.21604269,0.18965517,0.20284893,1,1,254,174,180,180
A,6798,0.19176598,0.20677365,0.19926981,1,1,254,174,180,180
A,6799,0.20361902,0.21562615,0.20962259,1,1,254,174,180,180
A,6800,0.20863703,0.20689655,0.20776679,1,1,254,174,180,180
A,6801,0.19853837,0.18965517,0.19409677,1,1,254,174,180,180
A,6802,0.22775200,0.23199495,0.22987348,1,1,254,174,180,180
A,6803,0.23252907,0.20677365,0.21965136,1,1,254,174,180,180
A,6804,0.21505814,0.20677365,0.21091590,1,1,254,174,180,180
A,6805,0.19853837,0.18954251,0.19404044,1,1,254,174,180,180
A,6806,0.20778321,0.20677365,0.20727843,1,1,254,174,180,180
A,6807,0.20863703,0.21414919,0.21139311,1,1,254,174,180,180
A,6808,0.19586847,0.20677365,0.20132106,1,1,254,174,180,180
A,6809,0.20778321,0.19630342,0.20204332,1,1,254,174,180,180
A,6810,0.17417919,0.18954251,0.18186085,1,1,254,174,180,180
A,6811,0.19098120,0.20677365,0.19887743,1,1,254,174,180,180
A,6812,0.18472824,0.20126759,0.19299792,1,1,254,174,180,180
A,6813,0.20175250,0.20640627,0.20407939,1,1,254,174,180,180
A,6814,0.22879288,0.20819975,0.21849631,1,1,254,174,180,180
A,6815,0.20863703,0.20819975,0.20841839,1,1,254,174,180,180
A,6816,0.20098014,0.20689655,0.20393835,1,1,254,174,180,180
A,6817,0.20497467,0.19988898,0.20243182,1,1,254,174,180,180
A,6818,0.20175250,0.18954251,0.19564751,1,1,254,174,180,180
A,6819,0.20863703,0.20677365,0.20770534,1,1,254,174,180,180
A,6820,0.18472824,0.19124873,0.18798849,1,1,254,174,180,180
A,6821,0.18543815,0.16657415,0.17600615,1,1,254,174,180,180
A,6822,0.20497467,0.20093335,0.20295401,1,1,254,174,180,180
A,6823,0.20098014,0.20640627,0.20369321,1,1,254,174,180,180
A,6824,0.18336097,0.18471271,0.18403684,1,1,254,174,180,180
A,6825,0.19999821,0.18954251,0.19477036,1,1,254,174,180,180
A,6826,0.19098120,0.18954251,0.19026186,1,1,254,174,180,180
A,6827,0.20896920,0.20677365,0.20787142,1,1,254,174,180,180
A,6828,0.21278374,0.18965517,0.20121946,1,1,254,174,180,180
A,6829,0.22365932,0.18954251,0.20660092,1,1,254,174,180,180
A,6830,0.20863703,0.18965517,0.19914610,1,1,254,174,180,180
A,6831,0.19098120,0.18954251,0.19026186,1,1,254,174,180,180
A,6832,0.20778321,0.21562615,0.21170468,1,1,254,174,180,180
A,6833,0.20670070,0.20677365,0.20673717,1,1,254,174,180,180
A,6834,0.20778321,0.20677365,0.20727843,1,1,254,174,180,180
A,6835,0.20778321,0.20819975,0.20799148,1,1,254,174,180,180
A,6836,0.20497467,0.22400479,0.21448973,1,1,254,174,180,180
A,6837,0.20778321,0.20677365,0.20727843,1,1,254,174,180,180
A,6838,0.20778321,0.20689655,0.20733988,1,1,254,174,180,180
A,6839,0.20670070,0.18920575,0.19795322,1,1,254,174,180,180
A,6840,0.20778321,0.18965517,0.19871919,1,1,254,174,180,180
A,6841,0.20497467,0.18323156,0.19410312,1,1,254,174,180,180
A,6842,0.20795010,0.18954251,0.19874631,1,1,254,174,180,180
A,6843,0.20670070,0.18954251,0.19812160,1,1,254,174,180,180
A,6844,0.20397505,0.18920575,0.19659040,1,1,254,174,180,180
A,6845,0.20778321,0.18954251,0.19866286,1,1,254,174,180,180
A,6846,0.22076087,0.21654639,0.21865363,1,1,254,174,180,180
A,6847,0.19409444,0.17231138,0.18320291,1,1,254,174,180,180
A,6848,0.19098120,0.20819975,0.19959047,1,1,254,174,180,180
A,6849,0.20670070,0.18954251,0.19812160,1,1,254,174,180,180
A,6850,0.20529450,0.18954251,0.19741851,1,1,254,174,180,180
A,6851,0.21491714,0.20677365,0.21084540,1,1,254,174,180,180
A,6852,0.20670070,0.20677365,0.20673717,1,1,254,174,180,180
A,6853,0.20576238,0.20819975,0.20698106,1,1,254,174,180,180
A,6854,0.20778321,0.20677365,0.20727843,1,1,254,174,180,180
A,6855,0.20778321,0.20677365,0.20727843,1,1,254,174,180,180
A,6856,0.21604269,0.20677365,0.21140817,1,1,254,174,180,180
A,6857,0.23363466,0.22400479,0.22881972,1,1,254,174,180,180
A,6858,0.20098014,0.20677365,0.20387690,1,1,254,174,180,180
A,6859,0.20098014,0.20677365,0.20387690,1,1,254,174,180,180
A,6860,0.21933247,0.20677365,0.21305306,1,1,254,174,180,180
A,6861,0.20778321,0.20677365,0.20727843,1,1,254,174,180,180
A,6862,0.21604269,0.18954251,0.20279260,1,1,254,174,180,180
A,6863,0.20778321,0.20677365,0.20727843,1,1,254,174,180,180
A,6864,0.20778321,0.20126759,0.20452540,1,1,254,174,180,180
A,6865,0.20098014,0.21792501,0.20945257,1,1,254,174,180,180
A,6866,0.20778321,0.20677365,0.20727843,1,1,254,174,180,180
A,6867,0.19586847,0.19988898,0.19787872,1,1,254,174,180,180
A,6868,0.23115268,0.20677365,0.21896316,1,1,254,174,180,180
A,6869,0.22466314,0.20126759,0.21296537,1,1,254,174,180,180
A,6870,0.20778321,0.20677365,0.20727843,1,1,254,174,180,180
A,6871,0.21191295,0.18954251,0.20072773,1,1,254,174,180,180
A,6872,0.20778321,0.20677365,0.20727843,1,1,254,174,180,180
A,6873,0.18956764,0.18954251,0.18955508,1,1,254,174,180,180
A,6874,0.21191295,0.20677365,0.20934330,1,1,254,174,180,180
A,6875,0.19098120,0.20677365,0.19887743,1,1,254,174,180,180
A,6876,0.20778321,0.20832350,0.20805335,1,1,254,174,180,180
A,6877,0.18472824,0.19124873,0.18798849,1,1,254,174,180,180
A,6878,0.20098014,0.19124873,0.19611444,1,1,254,174,180,180
A,6879,0.20778321,0.21414919,0.21096620,1,1,254,174,180,180
A,6880,0.24511344,0.23347192,0.23929268,1,1,254,174,180,180
A,6881,0.20360739,0.21414919,0.20887829,1,1,254,174,180,180
A,6882,0.20098014,0.20677365,0.20387690,1,1,254,174,180,180
A,6883,0.23593191,0.20677365,0.22135278,1,1,254,174,180,180
A,6884,0.22365932,0.22400479,0.22383205,1,1,254,174,180,180
A,6885,0.24028467,0.22400479,0.23214473,1,1,254,174,180,180
A,6886,0.22365932,0.20689655,0.21527794,1,1,254,174,180,180
A,6887,0.21080892,0.19096861,0.20088876,1,1,254,174,180,180
A,6888,0.22466314,0.20832350,0.21649332,1,1,254,174,180,180
A,6889,0.20778321,0.22400479,0.21589400,1,1,254,174,180,180
A,6890,0.24028467,0.22400479,0.23214473,1,1,254,174,180,180
A,6891,0.22349268,0.20689655,0.21519462,1,1,254,174,180,180
A,6892,0.20000001,0.20962584,0.20481292,1,1,254,174,180,180
A,6893,0.22349268,0.20819975,0.21584622,1,1,254,174,180,180
A,6894,0.22349268,0.20677365,0.21513317,1,1,254,174,180,180
A,6895,0.22349268,0.20689655,0.21519462,1,1,254,174,180,180
A,6896,0.22349268,0.23199495,0.22774382,1,1,254,174,180,180
A,6897,0.22466314,0.20677365,0.21571840,1,1,254,174,180,180
A,6898,0.22466314,0.23199495,0.22832905,1,1,254,174,180,180
A,6899,0.23936854,0.23199495,0.23568175,1,1,254,174,180,180
A,6900,0.23123203,0.22400479,0.22761841,1,1,254,174,180,180
A,6901,0.22349268,0.23199495,0.22774382,1,1,254,174,180,180
A,6902,0.20397505,0.18965517,0.19681511,1,1,254,174,180,180
A,6903,0.20778321,0.20677365,0.20727843,1,1,254,174,180,180
A,6904,0.22349268,0.19124873,0.20737071,1,1,254,174,180,180
A,6905,0.22022269,0.19988898,0.21005583,1,1,254,174,180,180
A,6906,0.23252907,0.20126759,0.21689833,1,1,254,174,180,180
A,6907,0.23252907,0.20677365,0.21965136,1,1,254,174,180,180
A,6908,0.21624764,0.20962584,0.21293674,1,1,254,174,180,180
A,6909,0.23115268,0.20264620,0.21689944,1,1,254,174,180,180
A,6910,0.23123203,0.20677365,0.21900284,1,1,254,174,180,180
A,6911,0.23115268,0.20677365,0.21896316,1,1,254,174,180,180
A,6912,0.22365932,0.20677365,0.21521649,1,1,254,174,180,180
A,6913,0.18998622,0.20689655,0.19844138,1,1,254,174,180,180
A,6914,0.20670070,0.18954251,0.19812160,1,1,254,174,180,180
A,6915,0.22349268,0.19124873,0.20737071,1,1,254,174,180,180
A,6916,0.20670070,0.21428571,0.21049320,1,1,254,174,180,180
A,6917,0.21080892,0.18954251,0.20017572,1,1,254,174,180,180
A,6918,0.23548252,0.21414919,0.22481585,1,1,254,174,180,180
A,6919,0.22349268,0.23474018,0.22911643,1,1,254,174,180,180
A,6920,0.24383644,0.20689655,0.22536650,1,1,254,174,180,180
A,6921,0.23115268,0.22413793,0.22764530,1,1,254,174,180,180
A,6922,0.23115268,0.20819975,0.21967621,1,1,254,174,180,180
A,6923,0.24738821,0.22400479,0.23569650,1,1,254,174,180,180
A,6924,0.24383644,0.22413793,0.23398719,1,1,254,174,180,180
A,6925,0.23123203,0.22413793,0.22768498,1,1,254,174,180,180
A,6926,0.22349268,0.22400479,0.22374874,1,1,254,174,180,180
A,6927,0.23115268,0.20819975,0.21967621,1,1,254,174,180,180
A,6928,0.24230242,0.23199495,0.23714869,1,1,254,174,180,180
A,6929,0.23115268,0.21562615,0.22338941,1,1,254,174,180,180
A,6930,0.22704445,0.21428571,0.22066508,1,1,254,174,180,180
A,6931,0.25103097,0.20677365,0.22890231,1,1,254,174,180,180
A,6932,0.22349268,0.20677365,0.21513317,1,1,254,174,180,180
A,6933,0.24028467,0.18954251,0.21491359,1,1,254,174,180,180
A,6934,0.22349268,0.21562615,0.21955942,1,1,254,174,180,180
A,6935,0.22349268,0.21414919,0.21882093,1,1,254,174,180,180
A,6936,0.23915729,0.20677365,0.22296547,1,1,254,174,180,180
A,6937,0.24860551,0.24008298,0.24434425,1,1,254,174,180,180
A,6938,0.25228028,0.23155292,0.24191660,1,1,254,174,180,180
A,6939,0.21080892,0.21414919,0.21247905,1,1,254,174,180,180
A,6940,0.20670070,0.24984072,0.22827071,1,1,254,174,180,180
A,6941,0.20778321,0.20677365,0.20727843,1,1,254,174,180,180
A,6942,0.20670070,0.21414919,0.21042494,1,1,254,174,180,180
A,6943,0.21491714,0.22400479,0.21946097,1,1,254,174,180,180
A,6944,0.21491714,0.20677365,0.21084540,1,1,254,174,180,180
A,6945,0.24028467,0.22400479,0.23214473,1,1,254,174,180,180
A,6946,0.24383644,0.22400479,0.23392061,1,1,254,174,180,180
A,6947,0.22704445,0.21710312,0.22207378,1,1,254,174,180,180
A,6948,0.20778321,0.21562615,0.21170468,1,1,254,174,180,180
A,6949,0.21080892,0.21562615,0.21321754,1,1,254,174,180,180
A,6950,0.21810904,0.21562615,0.21686760,1,1,254,174,180,180
A,6951,0.21080892,0.21562615,0.21321754,1,1,254,174,180,180
A,6952,0.20670070,0.21414919,0.21042494,1,1,254,174,180,180
A,6953,0.22349268,0.20677365,0.21513317,1,1,254,174,180,180
A,6954,0.20670070,0.23199495,0.21934782,1,1,254,174,180,180
A,6955,0.22365932,0.20677365,0.21521649,1,1,254,174,180,180
A,6956,0.21080892,0.20677365,0.20879129,1,1,254,174,180,180
A,6957,0.22349268,0.20819975,0.21584622,1,1,254,174,180,180
A,6958,0.25228028,0.24057579,0.24642803,1,1,254,174,180,180
A,6959,0.24028467,0.23199495,0.23613981,1,1,254,174,180,180
A,6960,0.25228028,0.23199495,0.24213761,1,1,254,174,180,180
A,6961,0.24383644,0.23199495,0.23791570,1,1,254,174,180,180
A,6962,0.22365932,0.22400479,0.22383205,1,1,254,174,180,180
A,6963,0.24028467,0.22400479,0.23214473,1,1,254,174,180,180
A,6964,0.21810904,0.23199495,0.22505200,1,1,254,174,180,180
A,6965,0.20778321,0.21414919,0.21096620,1,1,254,174,180,180
A,6966,0.24028467,0.23347192,0.23687829,1,1,254,174,180,180
A,6967,0.21385855,0.23199495,0.22292675,1,1,254,174,180,180
A,6968,0.22349268,0.21414919,0.21882093,1,1,254,174,180,180
A,6969,0.24383644,0.24080732,0.24232188,1,1,254,174,180,180
A,6970,0.24028467,0.23199495,0.23613981,1,1,254,174,180,180
A,6971,0.20670070,0.23347192,0.22008631,1,1,254,174,180,180
A,6972,0.24028467,0.23199495,0.23613981,1,1,254,174,180,180
A,6973,0.24738821,0.23199495,0.23969158,1,1,254,174,180,180
A,6974,0.20948268,0.21414919,0.21181594,1,1,254,174,180,180
A,6975,0.22208665,0.22400479,0.22304572,1,1,254,174,180,180
A,6976,0.20948268,0.22400479,0.21674374,1,1,254,174,180,180
A,6977,0.20540031,0.20819975,0.20680003,1,1,254,174,180,180
A,6978,0.20948268,0.20677365,0.20812817,1,1,254,174,180,180
A,6979,0.20670070,0.20677365,0.20673717,1,1,254,174,180,180
A,6980,0.21080892,0.18954251,0.20017572,1,1,254,174,180,180
A,6981,0.21491714,0.23199495,0.22345605,1,1,254,174,180,180
A,6982,0.21933247,0.21414919,0.21674083,1,1,254,174,180,180
A,6983,0.21491714,0.22400479,0.21946097,1,1,254,174,180,180
A,6984,0.20795010,0.20677365,0.20736188,1,1,254,174,180,180
A,6985,0.23249528,0.22400479,0.22825003,1,1,254,174,180,180
A,6986,0.24028467,0.20677365,0.22352916,1,1,254,174,180,180
A,6987,0.24738821,0.22522937,0.23630879,1,1,254,174,180,180
A,6988,0.21356506,0.20677365,0.21016936,1,1,254,174,180,180
A,6989,0.27446917,0.24123593,0.25785255,1,1,254,174,180,180
A,6990,0.23936854,0.23320381,0.23628617,1,1,254,174,180,180
A,6991,0.23548252,0.20677365,0.22112809,1,1,254,174,180,180
A,6992,0.21080892,0.18954251,0.20017572,1,1,254,174,180,180
A,6993,0.09220199,0.10344828,0.09782513,1,1,254,174,180,180
A,6994,0.07388177,0.06832368,0.07110272,1,1,254,174,180,180
A,6995,0.08650228,0.05690356,0.07170292,1,1,254,174,180,180
A,6996,0.07669650,0.07303566,0.07486608,1,1,254,174,180,180
A,6997,0.10488613,0.09677419,0.10083016,1,1,254,174,180,180
A,6998,0.13556687,0.13538509,0.13547598,1,1,254,174,180,180
A,6999,0.16847635,0.13333333,0.15090484,1,1,254,174,180,180
A,7000,0.17417919,0.14005354,0.15711636,1,1,254,174,180,180
A,7001,0.20670070,0.18965517,0.19817793,1,1,254,174,180,180
A,7002,0.21191295,0.18965517,0.20078406,1,1,254,174,180,180
A,7003,0.20778321,0.19630342,0.20204332,1,1,254,174,180,180
A,7004,0.20778321,0.21414919,0.21096620,1,1,254,174,180,180
A,7005,0.24154307,0.19988898,0.22071602,1,1,254,174,180,180
A,7006,0.22349268,0.20677365,0.21513317,1,1,254,174,180,180
A,7007,0.23249528,0.20677365,0.21963446,1,1,254,174,180,180
A,7008,0.20670070,0.20677365,0.20673717,1,1,254,174,180,180
A,7009,0.22466314,0.21428571,0.21947443,1,1,254,174,180,180
A,7010,0.24868381,0.20677365,0.22772873,1,1,254,174,180,180
A,7011,0.20948268,0.20677365,0.20812817,1,1,254,174,180,180
A,7012,0.20670070,0.20677365,0.20673717,1,1,254,174,180,180
A,7013,0.24738821,0.21562615,0.23150718,1,1,254,174,180,180
A,7014,0.21241928,0.22400479,0.21821204,1,1,254,174,180,180
A,7015,0.20540031,0.20677365,0.20608698,1,1,254,174,180,180
A,7016,0.20670070,0.22400479,0.21535274,1,1,254,174,180,180
A,7017,0.21191295,0.21428571,0.21309933,1,1,254,174,180,180
A,7018,0.21385855,0.22543089,0.21964472,1,1,254,174,180,180
A,7019,0.20948268,0.20677365,0.20812817,1,1,254,174,180,180
A,7020,0.24738821,0.20677365,0.22708093,1,1,254,174,180,180
A,7021,0.23332587,0.22400479,0.22866533,1,1,254,174,180,180
A,7022,0.21385855,0.21562615,0.21474235,1,1,254,174,180,180
A,7023,0.24860551,0.23199495,0.24030023,1,1,254,174,180,180
A,7024,0.21080892,0.20677365,0.20879129,1,1,254,174,180,180
A,7025,0.21385855,0.21562615,0.21474235,1,1,254,174,180,180
A,7026,0.24154307,0.20677365,0.22415836,1,1,254,174,180,180
A,7027,0.21491714,0.22400479,0.21946097,1,1,254,174,180,180
A,7028,0.24028467,0.21414919,0.22721693,1,1,254,174,180,180
A,7029,0.20540031,0.22400479,0.21470255,1,1,254,174,180,180
A,7030,0.23112509,0.22522937,0.22817723,1,1,254,174,180,180
A,7031,0.21385855,0.23199495,0.22292675,1,1,254,174,180,180
A,7032,0.22466314,0.22400479,0.22433397,1,1,254,174,180,180
A,7033,0.24860551,0.22400479,0.23630515,1,1,254,174,180,180
A,7034,0.25000000,0.23199495,0.24099748,1,1,254,174,180,180
A,7035,0.23252907,0.24984072,0.24118489,1,1,254,174,180,180
A,7036,0.23123203,0.23199495,0.23161349,1,1,254,174,180,180
A,7037,0.23332587,0.20677365,0.22004976,1,1,254,174,180,180
A,7038,0.24860551,0.23199495,0.24030023,1,1,254,174,180,180
A,7039,0.25228028,0.23199495,0.24213761,1,1,254,174,180,180
A,7040,0.20670070,0.21414919,0.21042494,1,1,254,174,180,180
A,7041,0.23252907,0.23199495,0.23226201,1,1,254,174,180,180
A,7042,0.23877300,0.20677365,0.22277332,1,1,254,174,180,180
A,7043,0.20540031,0.21562615,0.21051323,1,1,254,174,180,180
A,7044,0.24511344,0.23326321,0.23918833,1,1,254,174,180,180
A,7045,0.24028467,0.21414919,0.22721693,1,1,254,174,180,180
A,7046,0.22235953,0.21562615,0.21899284,1,1,254,174,180,180
A,7047,0.24383644,0.21414919,0.22899281,1,1,254,174,180,180
A,7048,0.20778321,0.21562615,0.21170468,1,1,254,174,180,180
A,7049,0.21810904,0.23199495,0.22505200,1,1,254,174,180,180
A,7050,0.23877300,0.22400479,0.23138889,1,1,254,174,180,180
A,7051,0.20000001,0.23347192,0.21673596,1,1,254,174,180,180
A,7052,0.24028467,0.24123593,0.24076030,1,1,254,174,180,180
A,7053,0.24738821,0.24984072,0.24861446,1,1,254,174,180,180
A,7054,0.24383644,0.24123593,0.24253618,1,1,254,174,180,180
A,7055,0.24028467,0.22400479,0.23214473,1,1,254,174,180,180
A,7056,0.24383644,0.24123593,0.24253618,1,1,254,174,180,180
A,7057,0.25595504,0.24123593,0.24859548,1,1,254,174,180,180
A,7058,0.29154759,0.26768648,0.27961704,1,1,254,174,180,180
A,7059,0.24738821,0.24123593,0.24431207,1,1,254,174,180,180
A,7060,0.24383644,0.25846706,0.25115175,1,1,254,174,180,180
A,7061,0.24738821,0.24246051,0.24492436,1,1,254,174,180,180
A,7062,0.26926343,0.24123593,0.25524968,1,1,254,174,180,180
A,7063,0.24738821,0.24123593,0.24431207,1,1,254,174,180,180
A,7064,0.24383644,0.24123593,0.24253618,1,1,254,174,180,180
A,7065,0.27534894,0.25953984,0.26744439,1,1,254,174,180,180
A,7066,0.24383644,0.24984072,0.24683858,1,1,254,174,180,180
A,7067,0.24738821,0.26768648,0.25753735,1,1,254,174,180,180
A,7068,0.25550805,0.26768648,0.26159727,1,1,254,174,180,180
A,7069,0.27709217,0.26768648,0.27238933,1,1,254,174,180,180
A,7070,0.27709217,0.25846706,0.26777962,1,1,254,174,180,180
A,7071,0.28021766,0.24123593,0.26072680,1,1,254,174,180,180
A,7072,0.27709217,0.24123593,0.25916405,1,1,254,174,180,180
A,7073,0.26380294,0.26895474,0.26637884,1,1,254,174,180,180
A,7074,0.24383644,0.24123593,0.24253618,1,1,254,174,180,180
A,7075,0.27293819,0.24123593,0.25708706,1,1,254,174,180,180
A,7076,0.24383644,0.24984072,0.24683858,1,1,254,174,180,180
A,7077,0.26380294,0.25846706,0.26113500,1,1,254,174,180,180
A,7078,0.27534894,0.25846706,0.26690800,1,1,254,174,180,180
A,7079,0.28021766,0.25907871,0.26964819,1,1,254,174,180,180
A,7080,0.26380294,0.24123593,0.25251943,1,1,254,174,180,180
A,7081,0.25228028,0.26768648,0.25998338,1,1,254,174,180,180
A,7082,0.28797017,0.25846706,0.27321862,1,1,254,174,180,180
A,7083,0.27113375,0.25907871,0.26510623,1,1,254,174,180,180
A,7084,0.27709217,0.24123593,0.25916405,1,1,254,174,180,180
A,7085,0.27709217,0.25846706,0.26777962,1,1,254,174,180,180
A,7086,0.26204264,0.24123593,0.25163929,1,1,254,174,180,180
A,7087,0.25595504,0.24984072,0.25289788,1,1,254,174,180,180
A,7088,0.26380294,0.24123593,0.25251943,1,1,254,174,180,180
A,7089,0.26380294,0.22400479,0.24390386,1,1,254,174,180,180
A,7090,0.26214331,0.25846706,0.26030519,1,1,254,174,180,180
A,7091,0.25903748,0.24123593,0.25013670,1,1,254,174,180,180
A,7092,0.26380294,0.24123593,0.25251943,1,1,254,174,180,180
A,7093,0.26025117,0.24123593,0.25074355,1,1,254,174,180,180
A,7094,0.26067744,0.24984072,0.25525908,1,1,254,174,180,180
A,7095,0.25903748,0.24123593,0.25013670,1,1,254,174,180,180
A,7096,0.26067744,0.24123593,0.25095668,1,1,254,174,180,180
A,7097,0.24230242,0.24123593,0.24176917,1,1,254,174,180,180
A,7098,0.23877300,0.22543089,0.23210194,1,1,254,174,180,180
A,7099,0.24230242,0.25846706,0.25038474,1,1,254,174,180,180
A,7100,0.24383644,0.24123593,0.24253618,1,1,254,174,180,180
A,7101,0.24028467,0.23326321,0.23677394,1,1,254,174,180,180
A,7102,0.24383644,0.24984072,0.24683858,1,1,254,174,180,180
A,7103,0.24383644,0.24202972,0.24293308,1,1,254,174,180,180
A,7104,0.24383644,0.24944629,0.24664136,1,1,254,174,180,180
A,7105,0.24383644,0.24123593,0.24253618,1,1,254,174,180,180
A,7106,0.24738821,0.24202972,0.24470897,1,1,254,174,180,180
A,7107,0.24383644,0.24202972,0.24293308,1,1,254,174,180,180
A,7108,0.24028467,0.23199495,0.23613981,1,1,254,174,180,180
A,7109,0.23454147,0.24123593,0.23788870,1,1,254,174,180,180
A,7110,0.24230242,0.24080732,0.24155487,1,1,254,174,180,180
A,7111,0.23454147,0.24202972,0.23828559,1,1,254,174,180,180
A,7112,0.25423246,0.24080732,0.24751989,1,1,254,174,180,180
A,7113,0.24383644,0.24123593,0.24253618,1,1,254,174,180,180
A,7114,0.24383644,0.25908162,0.25145903,1,1,254,174,180,180
A,7115,0.24738821,0.25846706,0.25292764,1,1,254,174,180,180
A,7116,0.24383644,0.24984072,0.24683858,1,1,254,174,180,180
A,7117,0.25525114,0.24123593,0.24824354,1,1,254,174,180,180
A,7118,0.26810958,0.25048162,0.25929560,1,1,254,174,180,180
A,7119,0.26810958,0.24986122,0.25898540,1,1,254,174,180,180
A,7120,0.27709217,0.23320381,0.25514799,1,1,254,174,180,180
A,7121,0.24738821,0.25110898,0.24924859,1,1,254,174,180,180
A,7122,0.26380294,0.24123593,0.25251943,1,1,254,174,180,180
A,7123,0.24738821,0.23320381,0.24029601,1,1,254,174,180,180
A,7124,0.24028467,0.24123593,0.24076030,1,1,254,174,180,180
A,7125,0.24028467,0.25048162,0.24538314,1,1,254,174,180,180
A,7126,0.24738821,0.24123593,0.24431207,1,1,254,174,180,180
A,7127,0.28021766,0.24123593,0.26072680,1,1,254,174,180,180
A,7128,0.25228028,0.24080732,0.24654380,1,1,254,174,180,180
A,7129,0.24383644,0.24984072,0.24683858,1,1,254,174,180,180
A,7130,0.26067744,0.24202972,0.25135358,1,1,254,174,180,180
A,7131,0.26067744,0.25110898,0.25589321,1,1,254,174,180,180
A,7132,0.23593191,0.23438761,0.23515976,1,1,254,174,180,180
A,7133,0.26380294,0.22522937,0.24451615,1,1,254,174,180,180
A,7134,0.28992135,0.24080732,0.26536433,1,1,254,174,180,180
A,7135,0.27709217,0.26828537,0.27268877,1,1,254,174,180,180
A,7136,0.26067744,0.26717645,0.26392694,1,1,254,174,180,180
A,7137,0.26067744,0.24123593,0.25095668,1,1,254,174,180,180
A,7138,0.24383644,0.24984072,0.24683858,1,1,254,174,180,180
A,7139,0.24383644,0.25800784,0.25092214,1,1,254,174,180,180
A,7140,0.27709217,0.25846706,0.26777962,1,1,254,174,180,180
A,7141,0.24738821,0.22400479,0.23569650,1,1,254,174,180,180
A,7142,0.28021766,0.25953984,0.26987875,1,1,254,174,180,180
A,7143,0.28021766,0.25846706,0.26934236,1,1,254,174,180,180
A,7144,0.24738821,0.24123593,0.24431207,1,1,254,174,180,180
A,7145,0.24383644,0.24123593,0.24253618,1,1,254,174,180,180
A,7146,0.24738821,0.24123593,0.24431207,1,1,254,174,180,180
A,7147,0.23936854,0.25907871,0.24922362,1,1,254,174,180,180
A,7148,0.25595504,0.24984072,0.25289788,1,1,254,174,180,180
A,7149,0.24383644,0.25846706,0.25115175,1,1,254,174,180,180
A,7150,0.28021766,0.25846706,0.26934236,1,1,254,174,180,180
A,7151,0.23593191,0.24246051,0.23919621,1,1,254,174,180,180
A,7152,0.23936854,0.24123593,0.24030223,1,1,254,174,180,180
A,7153,0.24383644,0.25846706,0.25115175,1,1,254,174,180,180
A,7154,0.23593191,0.25800784,0.24696987,1,1,254,174,180,180
A,7155,0.23936854,0.25953984,0.24945419,1,1,254,174,180,180
A,7156,0.23936854,0.25846706,0.24891780,1,1,254,174,180,180
A,7157,0.24028467,0.26768648,0.25398558,1,1,254,174,180,180
A,7158,0.23593191,0.25846706,0.24719949,1,1,254,174,180,180
A,7159,0.24230242,0.24080732,0.24155487,1,1,254,174,180,180
A,7160,0.23936854,0.23399837,0.23668346,1,1,254,174,180,180
A,7161,0.24738821,0.26895474,0.25817148,1,1,254,174,180,180
A,7162,0.27224310,0.25953984,0.26589147,1,1,254,174,180,180
A,7163,0.24383644,0.24984072,0.24683858,1,1,254,174,180,180
A,7164,0.23877300,0.24984072,0.24430686,1,1,254,174,180,180
A,7165,0.24383644,0.24984072,0.24683858,1,1,254,174,180,180
A,7166,0.24383644,0.24984072,0.24683858,1,1,254,174,180,180
A,7167,0.26380294,0.27569820,0.26975057,1,1,254,174,180,180
A,7168,0.26214331,0.24246051,0.25230191,1,1,254,174,180,180
A,7169,0.24230242,0.24123593,0.24176917,1,1,254,174,180,180
A,7170,0.24028467,0.24246051,0.24137259,1,1,254,174,180,180
A,7171,0.24383644,0.23199495,0.23791570,1,1,254,174,180,180
A,7172,0.27113375,0.24123593,0.25618484,1,1,254,174,180,180
A,7173,0.24583185,0.22400479,0.23491832,1,1,254,174,180,180
A,7174,0.23936854,0.24123593,0.24030223,1,1,254,174,180,180
A,7175,0.24230242,0.26768648,0.25499445,1,1,254,174,180,180
A,7176,0.25423246,0.23199495,0.24311371,1,1,254,174,180,180
A,7177,0.25595504,0.24984072,0.25289788,1,1,254,174,180,180
A,7178,0.24383644,0.25846706,0.25115175,1,1,254,174,180,180
A,7179,0.24230242,0.22400479,0.23315361,1,1,254,174,180,180
A,7180,0.25595504,0.23488983,0.24542244,1,1,254,174,180,180
A,7181,0.24230242,0.24123593,0.24176917,1,1,254,174,180,180
A,7182,0.24383644,0.24984072,0.24683858,1,1,254,174,180,180
A,7183,0.24230242,0.23199495,0.23714869,1,1,254,174,180,180
A,7184,0.24383644,0.26785714,0.25584679,1,1,254,174,180,180
A,7185,0.23877300,0.23199495,0.23538398,1,1,254,174,180,180
A,7186,0.24383644,0.24246051,0.24314847,1,1,254,174,180,180
A,7187,0.23593191,0.24123593,0.23858392,1,1,254,174,180,180
A,7188,0.23454147,0.25953984,0.24704065,1,1,254,174,180,180
A,7189,0.24383644,0.24137931,0.24260787,1,1,254,174,180,180
A,7190,0.23593191,0.25846706,0.24719949,1,1,254,174,180,180
A,7191,0.24383644,0.25800784,0.25092214,1,1,254,174,180,180
A,7192,0.24383644,0.24080732,0.24232188,1,1,254,174,180,180
A,7193,0.24028467,0.25000000,0.24514233,1,1,254,174,180,180
A,7194,0.23593191,0.24123593,0.23858392,1,1,254,174,180,180
A,7195,0.24383644,0.24984072,0.24683858,1,1,254,174,180,180
A,7196,0.23593191,0.25862069,0.24727630,1,1,254,174,180,180
A,7197,0.24738821,0.24137931,0.24438376,1,1,254,174,180,180
A,7198,0.24383644,0.25846706,0.25115175,1,1,254,174,180,180
A,7199,0.24230242,0.22400479,0.23315361,1,1,254,174,180,180
A,7200,0.24154307,0.23199495,0.23676901,1,1,254,174,180,180
A,7201,0.25595504,0.24984072,0.25289788,1,1,254,174,180,180
A,7202,0.16847635,0.18333333,0.17590484,1,1,254,174,180,180
A,7203,0.13623124,0.16657415,0.15140270,1,1,254,174,180,180
A,7204,0.13238494,0.12903226,0.13070860,1,1,254,174,180,180
A,7205,0.11654003,0.11488880,0.11571441,1,1,254,174,180,180
A,7206,0.16765473,0.13333333,0.15049403,1,1,254,174,180,180
A,7207,0.16847635,0.16822356,0.16834995,1,1,254,174,180,180
A,7208,0.19098120,0.18333333,0.18715727,1,1,254,174,180,180
A,7209,0.21191295,0.17231138,0.19211216,1,1,254,174,180,180
A,7210,0.24028467,0.18954251,0.21491359,1,1,254,174,180,180
A,7211,0.21080892,0.21562615,0.21321754,1,1,254,174,180,180
A,7212,0.24383644,0.22400479,0.23392061,1,1,254,174,180,180
A,7213,0.24383644,0.20689655,0.22536650,1,1,254,174,180,180
A,7214,0.22365932,0.21804605,0.22085268,1,1,254,174,180,180
A,7215,0.24028467,0.20677365,0.22352916,1,1,254,174,180,180
A,7216,0.23115268,0.22413793,0.22764530,1,1,254,174,180,180
A,7217,0.24028467,0.20677365,0.22352916,1,1,254,174,180,180
A,7218,0.24868381,0.22400479,0.23634430,1,1,254,174,180,180
A,7219,0.25228028,0.22400479,0.23814253,1,1,254,174,180,180
A,7220,0.24738821,0.20677365,0.22708093,1,1,254,174,180,180
A,7221,0.20397505,0.20689655,0.20543580,1,1,254,174,180,180
A,7222,0.24738821,0.22400479,0.23569650,1,1,254,174,180,180
A,7223,0.24383644,0.24137931,0.24260787,1,1,254,174,180,180
A,7224,0.25369538,0.22400479,0.23885008,1,1,254,174,180,180
A,7225,0.25739075,0.24246051,0.24992563,1,1,254,174,180,180
A,7226,0.25739075,0.24123593,0.24931334,1,1,254,174,180,180
A,7227,0.24868381,0.22400479,0.23634430,1,1,254,174,180,180
A,7228,0.24383644,0.22522937,0.23453290,1,1,254,174,180,180
A,7229,0.24028467,0.21414919,0.22721693,1,1,254,174,180,180
A,7230,0.24738821,0.20677365,0.22708093,1,1,254,174,180,180
A,7231,0.24738821,0.21562615,0.23150718,1,1,254,174,180,180
A,7232,0.24738821,0.23199495,0.23969158,1,1,254,174,180,180
A,7233,0.23115268,0.22400479,0.22757873,1,1,254,174,180,180
A,7234,0.24738821,0.24123593,0.24431207,1,1,254,174,180,180
A,7235,0.24028467,0.23326321,0.23677394,1,1,254,174,180,180
A,7236,0.24383644,0.22543089,0.23463366,1,1,254,174,180,180
A,7237,0.21810904,0.21414919,0.21612912,1,1,254,174,180,180
A,7238,0.24028467,0.22400479,0.23214473,1,1,254,174,180,180
A,7239,0.25228028,0.23199495,0.24213761,1,1,254,174,180,180
A,7240,0.23877300,0.23326321,0.23601811,1,1,254,174,180,180
A,7241,0.20000001,0.20819975,0.20409988,1,1,254,174,180,180
A,7242,0.24738821,0.22400479,0.23569650,1,1,254,174,180,180
A,7243,0.22349268,0.23341193,0.22845230,1,1,254,174,180,180
A,7244,0.26380294,0.22400479,0.24390386,1,1,254,174,180,180
A,7245,0.24383644,0.23199495,0.23791570,1,1,254,174,180,180
A,7246,0.20670070,0.23214286,0.21942178,1,1,254,174,180,180
A,7247,0.22760091,0.24137931,0.23449011,1,1,254,174,180,180
A,7248,0.25614044,0.25000000,0.25307022,1,1,254,174,180,180
A,7249,0.22349268,0.20126759,0.21238014,1,1,254,174,180,180
A,7250,0.23115268,0.24123593,0.23619430,1,1,254,174,180,180
A,7251,0.24738821,0.24137931,0.24438376,1,1,254,174,180,180
A,7252,0.25595504,0.22400479,0.23997991,1,1,254,174,180,180
A,7253,0.25181451,0.24123593,0.24652522,1,1,254,174,180,180
A,7254,0.25525114,0.23320381,0.24422748,1,1,254,174,180,180
A,7255,0.21080892,0.23488983,0.22284938,1,1,254,174,180,180
A,7256,0.24383644,0.23214286,0.23798965,1,1,254,174,180,180
A,7257,0.26380294,0.24123593,0.25251943,1,1,254,174,180,180
A,7258,0.20670070,0.23199495,0.21934782,1,1,254,174,180,180
A,7259,0.21080892,0.22400479,0.21740685,1,1,254,174,180,180
A,7260,0.24738821,0.22400479,0.23569650,1,1,254,174,180,180
A,7261,0.22760091,0.21562615,0.22161353,1,1,254,174,180,180
A,7262,0.26380294,0.22400479,0.24390386,1,1,254,174,180,180
A,7263,0.24738821,0.24202972,0.24470897,1,1,254,174,180,180
A,7264,0.22760091,0.22400479,0.22580285,1,1,254,174,180,180
A,7265,0.26810958,0.25907871,0.26359414,1,1,254,174,180,180
A,7266,0.25525114,0.24984072,0.25254593,1,1,254,174,180,180
A,7267,0.24383644,0.24123593,0.24253618,1,1,254,174,180,180
A,7268,0.26067744,0.24123593,0.25095668,1,1,254,174,180,180
A,7269,0.26025117,0.24123593,0.25074355,1,1,254,174,180,180
A,7270,0.28021766,0.24984072,0.26502919,1,1,254,174,180,180
A,7271,0.24230242,0.23199495,0.23714869,1,1,254,174,180,180
A,7272,0.24383644,0.23474018,0.23928831,1,1,254,174,180,180
A,7273,0.28021766,0.26768648,0.27395207,1,1,254,174,180,180
A,7274,0.23936854,0.25800784,0.24868819,1,1,254,174,180,180
A,7275,0.24383644,0.24123593,0.24253618,1,1,254,174,180,180
A,7276,0.24383644,0.25907871,0.25145757,1,1,254,174,180,180
A,7277,0.26810958,0.24080732,0.25445845,1,1,254,174,180,180
A,7278,0.25712567,0.24123593,0.24918080,1,1,254,174,180,180
A,7279,0.26810958,0.24123593,0.25467275,1,1,254,174,180,180
A,7280,0.22349268,0.22400479,0.22374874,1,1,254,174,180,180
A,7281,0.24383644,0.25110898,0.24747271,1,1,254,174,180,180
A,7282,0.27113375,0.26844229,0.26978802,1,1,254,174,180,180
A,7283,0.26067744,0.26768648,0.26418196,1,1,254,174,180,180
A,7284,0.25228028,0.26768648,0.25998338,1,1,254,174,180,180
A,7285,0.24383644,0.25110898,0.24747271,1,1,254,174,180,180
A,7286,0.24738821,0.26717645,0.25728233,1,1,254,174,180,180
A,7287,0.24028467,0.24984072,0.24506269,1,1,254,174,180,180
A,7288,0.26810958,0.25969164,0.26390061,1,1,254,174,180,180
A,7289,0.27113375,0.26607604,0.26860489,1,1,254,174,180,180
A,7290,0.26810958,0.24123593,0.25467275,1,1,254,174,180,180
A,7291,0.25712567,0.24080732,0.24896650,1,1,254,174,180,180
A,7292,0.25222697,0.25907871,0.25565284,1,1,254,174,180,180
A,7293,0.24028467,0.24123593,0.24076030,1,1,254,174,180,180
A,7294,0.25712567,0.24984072,0.25348320,1,1,254,174,180,180
A,7295,0.24738821,0.22400479,0.23569650,1,1,254,174,180,180
A,7296,0.24583185,0.25846706,0.25214946,1,1,254,174,180,180
A,7297,0.24583185,0.25846706,0.25214946,1,1,254,174,180,180
A,7298,0.23593191,0.24123593,0.23858392,1,1,254,174,180,180
A,7299,0.24383644,0.25846706,0.25115175,1,1,254,174,180,180
A,7300,0.23795784,0.25846706,0.24821245,1,1,254,174,180,180
A,7301,0.24738821,0.24984072,0.24861446,1,1,254,174,180,180
A,7302,0.24383644,0.25237724,0.24810684,1,1,254,174,180,180
A,7303,0.24383644,0.24123593,0.24253618,1,1,254,174,180,180
A,7304,0.24383644,0.24246051,0.24314847,1,1,254,174,180,180
A,7305,0.23795784,0.23320381,0.23558082,1,1,254,174,180,180
A,7306,0.24230242,0.22413793,0.23322018,1,1,254,174,180,180
A,7307,0.24383644,0.24123593,0.24253618,1,1,254,174,180,180
A,7308,0.24583185,0.23199495,0.23891340,1,1,254,174,180,180
A,7309,0.24738821,0.24123593,0.24431207,1,1,254,174,180,180
A,7310,0.24583185,0.24246051,0.24414618,1,1,254,174,180,180
A,7311,0.25595504,0.24123593,0.24859548,1,1,254,174,180,180
A,7312,0.24028467,0.24984072,0.24506269,1,1,254,174,180,180
A,7313,0.24738821,0.24984072,0.24861446,1,1,254,174,180,180
A,7314,0.24583185,0.22400479,0.23491832,1,1,254,174,180,180
A,7315,0.24383644,0.25000000,0.24691822,1,1,254,174,180,180
A,7316,0.24028467,0.25000000,0.24514233,1,1,254,174,180,180
A,7317,0.24383644,0.23199495,0.23791570,1,1,254,174,180,180
A,7318,0.24230242,0.24123593,0.24176917,1,1,254,174,180,180
A,7319,0.24383644,0.24246051,0.24314847,1,1,254,174,180,180
A,7320,0.24383644,0.21654639,0.23019142,1,1,254,174,180,180
A,7321,0.25423246,0.21562615,0.23492930,1,1,254,174,180,180
A,7322,0.23593191,0.23320381,0.23456786,1,1,254,174,180,180
A,7323,0.23593191,0.22400479,0.22996835,1,1,254,174,180,180
A,7324,0.25595504,0.22413793,0.24004649,1,1,254,174,180,180
A,7325,0.22760091,0.22400479,0.22580285,1,1,254,174,180,180
A,7326,0.24583185,0.22400479,0.23491832,1,1,254,174,180,180
A,7327,0.22760091,0.22400479,0.22580285,1,1,254,174,180,180
A,7328,0.24028467,0.23214286,0.23621376,1,1,254,174,180,180
A,7329,0.24230242,0.22400479,0.23315361,1,1,254,174,180,180
A,7330,0.21491714,0.22522937,0.22007326,1,1,254,174,180,180
A,7331,0.22022269,0.24137931,0.23080100,1,1,254,174,180,180
A,7332,0.22879288,0.22522937,0.22701113,1,1,254,174,180,180
A,7333,0.21080892,0.24137931,0.22609412,1,1,254,174,180,180
A,7334,0.24738821,0.23320381,0.24029601,1,1,254,174,180,180
A,7335,0.20670070,0.22413793,0.21541931,1,1,254,174,180,180
A,7336,0.24383644,0.22400479,0.23392061,1,1,254,174,180,180
A,7337,0.23593191,0.22400479,0.22996835,1,1,254,174,180,180
A,7338,0.24028467,0.22400479,0.23214473,1,1,254,174,180,180
A,7339,0.22022269,0.22400479,0.22211374,1,1,254,174,180,180
A,7340,0.24738821,0.24137931,0.24438376,1,1,254,174,180,180
A,7341,0.28021766,0.24984072,0.26502919,1,1,254,174,180,180
A,7342,0.21491714,0.22413793,0.21952754,1,1,254,174,180,180
A,7343,0.27113375,0.25062813,0.26088094,1,1,254,174,180,180
A,7344,0.25595504,0.24325213,0.24960358,1,1,254,174,180,180
A,7345,0.24738821,0.24137931,0.24438376,1,1,254,174,180,180
A,7346,0.25525114,0.24137931,0.24831523,1,1,254,174,180,180
A,7347,0.24383644,0.24123593,0.24253618,1,1,254,174,180,180
A,7348,0.24028467,0.25063053,0.24545760,1,1,254,174,180,180
A,7349,0.27709217,0.25846706,0.26777962,1,1,254,174,180,180
A,7350,0.24383644,0.23438761,0.23911203,1,1,254,174,180,180
A,7351,0.24383644,0.24123593,0.24253618,1,1,254,174,180,180
A,7352,0.24383644,0.24123593,0.24253618,1,1,254,174,180,180
A,7353,0.24738821,0.23199495,0.23969158,1,1,254,174,180,180
A,7354,0.23936854,0.25862069,0.24899461,1,1,254,174,180,180
A,7355,0.24738821,0.24984072,0.24861446,1,1,254,174,180,180
A,7356,0.23936854,0.24137931,0.24037392,1,1,254,174,180,180
A,7357,0.26380294,0.24123593,0.25251943,1,1,254,174,180,180
A,7358,0.25595504,0.25000000,0.25297752,1,1,254,174,180,180
A,7359,0.26380294,0.25846706,0.26113500,1,1,254,174,180,180
A,7360,0.27709217,0.24123593,0.25916405,1,1,254,174,180,180
A,7361,0.22235953,0.23199495,0.22717724,1,1,254,174,180,180
A,7362,0.25595504,0.24123593,0.24859548,1,1,254,174,180,180
A,7363,0.22349268,0.24137931,0.23243600,1,1,254,174,180,180
A,7364,0.22704445,0.22400479,0.22552462,1,1,254,174,180,180
A,7365,0.24860551,0.25000000,0.24930276,1,1,254,174,180,180
A,7366,0.22365932,0.21654639,0.22010286,1,1,254,174,180,180
A,7367,0.23249528,0.23320381,0.23284954,1,1,254,174,180,180
A,7368,0.24028467,0.22413793,0.23221130,1,1,254,174,180,180
A,7369,0.24738821,0.24260462,0.24499641,1,1,254,174,180,180
A,7370,0.21491714,0.22400479,0.21946097,1,1,254,174,180,180
A,7371,0.24383644,0.24123593,0.24253618,1,1,254,174,180,180
A,7372,0.23915729,0.22400479,0.23158104,1,1,254,174,180,180
A,7373,0.25595504,0.24123593,0.24859548,1,1,254,174,180,180
A,7374,0.24868381,0.24123593,0.24495987,1,1,254,174,180,180
A,7375,0.23593191,0.26768648,0.25180920,1,1,254,174,180,180
A,7376,0.24738821,0.24123593,0.24431207,1,1,254,174,180,180
A,7377,0.27709217,0.25846706,0.26777962,1,1,254,174,180,180
A,7378,0.26067744,0.24123593,0.25095668,1,1,254,174,180,180
A,7379,0.27293819,0.24984072,0.26138946,1,1,254,174,180,180
A,7380,0.27709217,0.25846706,0.26777962,1,1,254,174,180,180
A,7381,0.26380294,0.24984072,0.25682183,1,1,254,174,180,180
A,7382,0.28021766,0.25846706,0.26934236,1,1,254,174,180,180
A,7383,0.27293819,0.26768648,0.27031234,1,1,254,174,180,180
A,7384,0.24230242,0.25063053,0.24646647,1,1,254,174,180,180
A,7385,0.24230242,0.24984072,0.24607157,1,1,254,174,180,180
A,7386,0.25595504,0.26768648,0.26182076,1,1,254,174,180,180
A,7387,0.25290671,0.24123593,0.24707132,1,1,254,174,180,180
A,7388,0.28992135,0.26895474,0.27943805,1,1,254,174,180,180
A,7389,0.24738821,0.28553225,0.26646023,1,1,254,174,180,180
A,7390,0.26214331,0.23199495,0.24706913,1,1,254,174,180,180
A,7391,0.28021766,0.24984072,0.26502919,1,1,254,174,180,180
A,7392,0.25423246,0.24984072,0.25203659,1,1,254,174,180,180
A,7393,0.24738821,0.24137931,0.24438376,1,1,254,174,180,180
A,7394,0.28527736,0.24984072,0.26755904,1,1,254,174,180,180
A,7395,0.28348263,0.26768648,0.27558456,1,1,254,174,180,180
A,7396,0.24230242,0.26768648,0.25499445,1,1,254,174,180,180
A,7397,0.26214331,0.24137931,0.25176131,1,1,254,174,180,180
A,7398,0.24583185,0.25953984,0.25268584,1,1,254,174,180,180
A,7399,0.24583185,0.25000000,0.24791592,1,1,254,174,180,180
A,7400,0.24583185,0.25953984,0.25268584,1,1,254,174,180,180
A,7401,0.25374685,0.23438761,0.24406723,1,1,254,174,180,180
A,7402,0.26116013,0.23320381,0.24718197,1,1,254,174,180,180
A,7403,0.24583185,0.25846706,0.25214946,1,1,254,174,180,180
A,7404,0.27440267,0.27569820,0.27505044,1,1,254,174,180,180
A,7405,0.26380294,0.24123593,0.25251943,1,1,254,174,180,180
A,7406,0.27845477,0.24123593,0.25984535,1,1,254,174,180,180
A,7407,0.26380294,0.24137931,0.25259112,1,1,254,174,180,180
A,7408,0.24583185,0.24123593,0.24353389,1,1,254,174,180,180
A,7409,0.26214331,0.26768648,0.26491490,1,1,254,174,180,180
A,7410,0.26214331,0.24123593,0.25168962,1,1,254,174,180,180
A,7411,0.26214331,0.27569820,0.26892075,1,1,254,174,180,180
A,7412,0.25374685,0.27569820,0.26472252,1,1,254,174,180,180
A,7413,0.23795784,0.27677097,0.25736441,1,1,254,174,180,180
A,7414,0.25374685,0.25104503,0.25239594,1,1,254,174,180,180
A,7415,0.25374685,0.26755569,0.26065127,1,1,254,174,180,180
A,7416,0.24583185,0.26768648,0.25675917,1,1,254,174,180,180
A,7417,0.25374685,0.25846706,0.25610695,1,1,254,174,180,180
A,7418,0.26214331,0.25846706,0.26030519,1,1,254,174,180,180
A,7419,0.26214331,0.25846706,0.26030519,1,1,254,174,180,180
A,7420,0.25374685,0.25846706,0.25610695,1,1,254,174,180,180
A,7421,0.23795784,0.25953984,0.24874884,1,1,254,174,180,180
A,7422,0.25903748,0.27677097,0.26790423,1,1,254,174,180,180
A,7423,0.24583185,0.26768648,0.25675917,1,1,254,174,180,180
A,7424,0.26781058,0.26768648,0.26774853,1,1,254,174,180,180
A,7425,0.26788935,0.27569820,0.27179378,1,1,254,174,180,180
A,7426,0.25374685,0.25846706,0.25610695,1,1,254,174,180,180
A,7427,0.26214331,0.26768648,0.26491490,1,1,254,174,180,180
A,7428,0.23795784,0.25800784,0.24798284,1,1,254,174,180,180
A,7429,0.24583185,0.24984072,0.24783628,1,1,254,174,180,180
A,7430,0.24583185,0.24123593,0.24353389,1,1,254,174,180,180
A,7431,0.25903748,0.25846706,0.25875227,1,1,254,174,180,180
A,7432,0.24230242,0.24984072,0.24607157,1,1,254,174,180,180
A,7433,0.24583185,0.25846706,0.25214946,1,1,254,174,180,180
A,7434,0.24583185,0.24202972,0.24393078,1,1,254,174,180,180
A,7435,0.25861388,0.25110898,0.25486143,1,1,254,174,180,180
A,7436,0.24583185,0.24202972,0.24393078,1,1,254,174,180,180
A,7437,0.23936854,0.24123593,0.24030223,1,1,254,174,180,180
A,7438,0.24583185,0.26828537,0.25705861,1,1,254,174,180,180
A,7439,0.25525114,0.24986122,0.25255618,1,1,254,174,180,180
A,7440,0.28021766,0.24986122,0.26503944,1,1,254,174,180,180
A,7441,0.26810958,0.24123593,0.25467275,1,1,254,174,180,180
A,7442,0.26380294,0.23320381,0.24850337,1,1,254,174,180,180
A,7443,0.25525114,0.24246051,0.24885583,1,1,254,174,180,180
A,7444,0.25374685,0.27569820,0.26472252,1,1,254,174,180,180
A,7445,0.23795784,0.25923025,0.24859404,1,1,254,174,180,180
A,7446,0.23795784,0.25846706,0.24821245,1,1,254,174,180,180
A,7447,0.25903748,0.26768648,0.26336198,1,1,254,174,180,180
A,7448,0.26652950,0.25953984,0.26303467,1,1,254,174,180,180
A,7449,0.27709217,0.25846706,0.26777962,1,1,254,174,180,180
A,7450,0.24230242,0.27677097,0.25953670,1,1,254,174,180,180
A,7451,0.24738821,0.25969164,0.25353993,1,1,254,174,180,180
A,7452,0.27113375,0.26711137,0.26912256,1,1,254,174,180,180
A,7453,0.27845477,0.25969164,0.26907321,1,1,254,174,180,180
A,7454,0.28021766,0.25800784,0.26911275,1,1,254,174,180,180
A,7455,0.26067744,0.25846706,0.25957225,1,1,254,174,180,180
A,7456,0.24738821,0.25800784,0.25269803,1,1,254,174,180,180
A,7457,0.28021766,0.24986122,0.26503944,1,1,254,174,180,180
A,7458,0.27709217,0.25800784,0.26755001,1,1,254,174,180,180
A,7459,0.27709217,0.25846706,0.26777962,1,1,254,174,180,180
A,7460,0.27709217,0.27569820,0.27639519,1,1,254,174,180,180
A,7461,0.27709217,0.25846706,0.26777962,1,1,254,174,180,180
A,7462,0.27113375,0.25846706,0.26480041,1,1,254,174,180,180
A,7463,0.27709217,0.27569820,0.27639519,1,1,254,174,180,180
A,7464,0.26380294,0.25923025,0.26151659,1,1,254,174,180,180
A,7465,0.27113375,0.27627923,0.27370649,1,1,254,174,180,180
A,7466,0.24383644,0.24123593,0.24253618,1,1,254,174,180,180
A,7467,0.18382737,0.16666667,0.17524702,1,1,254,174,180,180
A,7468,0.16313208,0.13538509,0.14925859,1,1,254,174,180,180
A,7469,0.16205303,0.15205176,0.15705239,1,1,254,174,180,180
A,7470,0.16765473,0.16657415,0.16711444,1,1,254,174,180,180
A,7471,0.23593191,0.22400479,0.22996835,1,1,254,174,180,180
A,7472,0.23936854,0.24123593,0.24030223,1,1,254,174,180,180
A,7473,0.25181451,0.21654639,0.23418045,1,1,254,174,180,180
A,7474,0.24444191,0.22543089,0.23493640,1,1,254,174,180,180
A,7475,0.24383644,0.23199495,0.23791570,1,1,254,174,180,180
A,7476,0.27113375,0.24123593,0.25618484,1,1,254,174,180,180
A,7477,0.24383644,0.22400479,0.23392061,1,1,254,174,180,180
A,7478,0.26214331,0.25800784,0.26007557,1,1,254,174,180,180
A,7479,0.26214331,0.24080732,0.25147531,1,1,254,174,180,180
A,7480,0.26025117,0.24246051,0.25135584,1,1,254,174,180,180
A,7481,0.23936854,0.24123593,0.24030223,1,1,254,174,180,180
A,7482,0.24583185,0.22400479,0.23491832,1,1,254,174,180,180
A,7483,0.23795784,0.24123593,0.23959688,1,1,254,174,180,180
A,7484,0.26810958,0.25846706,0.26328832,1,1,254,174,180,180
A,7485,0.26380294,0.24984072,0.25682183,1,1,254,174,180,180
A,7486,0.24383644,0.24123593,0.24253618,1,1,254,174,180,180
A,7487,0.25374685,0.24944629,0.25159657,1,1,254,174,180,180
A,7488,0.27709217,0.24123593,0.25916405,1,1,254,174,180,180
A,7489,0.24383644,0.24123593,0.24253618,1,1,254,174,180,180
A,7490,0.26067744,0.24202972,0.25135358,1,1,254,174,180,180
A,7491,0.24738821,0.24123593,0.24431207,1,1,254,174,180,180
A,7492,0.25595504,0.24123593,0.24859548,1,1,254,174,180,180
A,7493,0.24383644,0.22400479,0.23392061,1,1,254,174,180,180
A,7494,0.24383644,0.24984072,0.24683858,1,1,254,174,180,180
A,7495,0.24738821,0.24984072,0.24861446,1,1,254,174,180,180
A,7496,0.26380294,0.25846706,0.26113500,1,1,254,174,180,180
A,7497,0.26380294,0.24123593,0.25251943,1,1,254,174,180,180
A,7498,0.25712567,0.24123593,0.24918080,1,1,254,174,180,180
A,7499,0.24383644,0.24984072,0.24683858,1,1,254,174,180,180
A,7500,0.26810958,0.24080732,0.25445845,1,1,254,174,180,180
A,7501,0.26810958,0.24944629,0.25877793,1,1,254,174,180,180
A,7502,0.23936854,0.24123593,0.24030223,1,1,254,174,180,180
A,7503,0.25525114,0.26768648,0.26146881,1,1,254,174,180,180
A,7504,0.26810958,0.25800784,0.26305871,1,1,254,174,180,180
A,7505,0.26025117,0.24123593,0.25074355,1,1,254,174,180,180
A,7506,0.24383644,0.24123593,0.24253618,1,1,254,174,180,180
A,7507,0.23556688,0.24123593,0.23840140,1,1,254,174,180,180
A,7508,0.25525114,0.21654639,0.23589877,1,1,254,174,180,180
A,7509,0.26380294,0.24123593,0.25251943,1,1,254,174,180,180
A,7510,0.27709217,0.24984072,0.26346644,1,1,254,174,180,180
A,7511,0.28021766,0.25846706,0.26934236,1,1,254,174,180,180
A,7512,0.24738821,0.24123593,0.24431207,1,1,254,174,180,180
A,7513,0.25525114,0.25846706,0.25685910,1,1,254,174,180,180
A,7514,0.23593191,0.24123593,0.23858392,1,1,254,174,180,180
A,7515,0.24738821,0.24986122,0.24862472,1,1,254,174,180,180
A,7516,0.25525114,0.24986122,0.25255618,1,1,254,174,180,180
A,7517,0.24028467,0.22400479,0.23214473,1,1,254,174,180,180
A,7518,0.24028467,0.22400479,0.23214473,1,1,254,174,180,180
A,7519,0.24230242,0.25953984,0.25092113,1,1,254,174,180,180
A,7520,0.26380294,0.24123593,0.25251943,1,1,254,174,180,180
A,7521,0.24383644,0.24246051,0.24314847,1,1,254,174,180,180
A,7522,0.22349268,0.22360680,0.22354974,1,1,254,174,180,180
A,7523,0.24583185,0.21654639,0.23118912,1,1,254,174,180,180
A,7524,0.24738821,0.24080732,0.24409776,1,1,254,174,180,180
A,7525,0.24028467,0.24123593,0.24076030,1,1,254,174,180,180
A,7526,0.23454147,0.24123593,0.23788870,1,1,254,174,180,180
A,7527,0.25595504,0.22400479,0.23997991,1,1,254,174,180,180
A,7528,0.25423246,0.25846706,0.25634976,1,1,254,174,180,180
A,7529,0.25595504,0.22400479,0.23997991,1,1,254,174,180,180
A,7530,0.23548252,0.24123593,0.23835922,1,1,254,174,180,180
A,7531,0.24383644,0.23320381,0.23852012,1,1,254,174,180,180
A,7532,0.24583185,0.23320381,0.23951783,1,1,254,174,180,180
A,7533,0.24738821,0.24986122,0.24862472,1,1,254,174,180,180
A,7534,0.23249528,0.21792501,0.22521014,1,1,254,174,180,180
A,7535,0.26067744,0.24123593,0.25095668,1,1,254,174,180,180
A,7536,0.24383644,0.24246051,0.24314847,1,1,254,174,180,180
A,7537,0.22760091,0.23438761,0.23099426,1,1,254,174,180,180
A,7538,0.24738821,0.23281653,0.24010237,1,1,254,174,180,180
A,7539,0.24383644,0.24080732,0.24232188,1,1,254,174,180,180
A,7540,0.26067744,0.23320381,0.24694062,1,1,254,174,180,180
A,7541,0.20670070,0.22400479,0.21535274,1,1,254,174,180,180
A,7542,0.24444191,0.23320381,0.23882286,1,1,254,174,180,180
A,7543,0.23795784,0.23438761,0.23617273,1,1,254,174,180,180
A,7544,0.24230242,0.24123593,0.24176917,1,1,254,174,180,180
A,7545,0.24583185,0.23199495,0.23891340,1,1,254,174,180,180
A,7546,0.24383644,0.23326321,0.23854983,1,1,254,174,180,180
A,7547,0.25228028,0.24123593,0.24675810,1,1,254,174,180,180
A,7548,0.24028467,0.22400479,0.23214473,1,1,254,174,180,180
A,7549,0.24583185,0.23320381,0.23951783,1,1,254,174,180,180
A,7550,0.25595504,0.21654639,0.23625072,1,1,254,174,180,180
A,7551,0.24738821,0.24202972,0.24470897,1,1,254,174,180,180
A,7552,0.23115268,0.19988898,0.21552083,1,1,254,174,180,180
A,7553,0.24383644,0.22543089,0.23463366,1,1,254,174,180,180
A,7554,0.24028467,0.24123593,0.24076030,1,1,254,174,180,180
A,7555,0.25525114,0.23438761,0.24481938,1,1,254,174,180,180
A,7556,0.26067744,0.24944629,0.25506186,1,1,254,174,180,180
A,7557,0.21933247,0.21414919,0.21674083,1,1,254,174,180,180
A,7558,0.21810904,0.23199495,0.22505200,1,1,254,174,180,180
A,7559,0.23915729,0.24984072,0.24449900,1,1,254,174,180,180
A,7560,0.23236325,0.23199495,0.23217910,1,1,254,174,180,180
A,7561,0.24230242,0.21792501,0.23011371,1,1,254,174,180,180
A,7562,0.22349268,0.22400479,0.22374874,1,1,254,174,180,180
A,7563,0.24383644,0.24123593,0.24253618,1,1,254,174,180,180
A,7564,0.24028467,0.21414919,0.22721693,1,1,254,174,180,180
A,7565,0.23115268,0.22400479,0.22757873,1,1,254,174,180,180
A,7566,0.22235953,0.23199495,0.22717724,1,1,254,174,180,180
A,7567,0.23115268,0.20677365,0.21896316,1,1,254,174,180,180
A,7568,0.22760091,0.18954251,0.20857171,1,1,254,174,180,180
A,7569,0.21080892,0.19807050,0.20443971,1,1,254,174,180,180
A,7570,0.21810904,0.19630342,0.20720623,1,1,254,174,180,180
A,7571,0.21491714,0.18954251,0.20222983,1,1,254,174,180,180
A,7572,0.21491714,0.18954251,0.20222983,1,1,254,174,180,180
A,7573,0.21080892,0.18954251,0.20017572,1,1,254,174,180,180
A,7574,0.23115268,0.19630342,0.21372805,1,1,254,174,180,180
A,7575,0.21810904,0.19630342,0.20720623,1,1,254,174,180,180
A,7576,0.22360680,0.21414919,0.21887799,1,1,254,174,180,180
A,7577,0.21491714,0.18488097,0.19989906,1,1,254,174,180,180
A,7578,0.23915729,0.21414919,0.22665324,1,1,254,174,180,180
A,7579,0.21080892,0.17231138,0.19156015,1,1,254,174,180,180
A,7580,0.21191295,0.18954251,0.20072773,1,1,254,174,180,180
A,7581,0.21080892,0.19630342,0.20355617,1,1,254,174,180,180
A,7582,0.20670070,0.18954251,0.19812160,1,1,254,174,180,180
A,7583,0.21080892,0.21414919,0.21247905,1,1,254,174,180,180
A,7584,0.20670070,0.17845766,0.19257918,1,1,254,174,180,180
A,7585,0.21933247,0.21414919,0.21674083,1,1,254,174,180,180
A,7586,0.21191295,0.19124873,0.20158084,1,1,254,174,180,180
A,7587,0.21810904,0.19630342,0.20720623,1,1,254,174,180,180
A,7588,0.21810904,0.21414919,0.21612912,1,1,254,174,180,180
A,7589,0.22235953,0.17845766,0.20040859,1,1,254,174,180,180
A,7590,0.20670070,0.20677365,0.20673717,1,1,254,174,180,180
A,7591,0.21810904,0.21562615,0.21686760,1,1,254,174,180,180
A,7592,0.21080892,0.18954251,0.20017572,1,1,254,174,180,180
A,7593,0.20670070,0.20677365,0.20673717,1,1,254,174,180,180
A,7594,0.24383644,0.19988898,0.22186271,1,1,254,174,180,180
A,7595,0.19895625,0.20677365,0.20286495,1,1,254,174,180,180
A,7596,0.20778321,0.22400479,0.21589400,1,1,254,174,180,180
A,7597,0.24028467,0.22400479,0.23214473,1,1,254,174,180,180
A,7598,0.21810904,0.21414919,0.21612912,1,1,254,174,180,180
A,7599,0.20795010,0.22400479,0.21597745,1,1,254,174,180,180
A,7600,0.23593191,0.22400479,0.22996835,1,1,254,174,180,180
A,7601,0.24738821,0.20640627,0.22689724,1,1,254,174,180,180
A,7602,0.22086305,0.20677365,0.21381835,1,1,254,174,180,180
A,7603,0.24738821,0.19955703,0.22347262,1,1,254,174,180,180
A,7604,0.21491714,0.20677365,0.21084540,1,1,254,174,180,180
A,7605,0.21491714,0.19807050,0.20649382,1,1,254,174,180,180
A,7606,0.24230242,0.21576362,0.22903302,1,1,254,174,180,180
A,7607,0.20397505,0.18954251,0.19675878,1,1,254,174,180,180
A,7608,0.21491714,0.21414919,0.21453317,1,1,254,174,180,180
A,7609,0.24738821,0.22400479,0.23569650,1,1,254,174,180,180
A,7610,0.21080892,0.19807050,0.20443971,1,1,254,174,180,180
A,7611,0.20795010,0.18920575,0.19857793,1,1,254,174,180,180
A,7612,0.23454147,0.20640627,0.22047387,1,1,254,174,180,180
A,7613,0.20670070,0.18965517,0.19817793,1,1,254,174,180,180
A,7614,0.24738821,0.22400479,0.23569650,1,1,254,174,180,180
A,7615,0.24738821,0.19096861,0.21917841,1,1,254,174,180,180
A,7616,0.17327174,0.18965517,0.18146346,1,1,254,174,180,180
A,7617,0.24738821,0.20677365,0.22708093,1,1,254,174,180,180
A,7618,0.23795784,0.20677365,0.22236575,1,1,254,174,180,180
A,7619,0.24383644,0.20689655,0.22536650,1,1,254,174,180,180
A,7620,0.24028467,0.18954251,0.21491359,1,1,254,174,180,180
A,7621,0.18998622,0.20689655,0.19844138,1,1,254,174,180,180
A,7622,0.21892483,0.20126759,0.21009621,1,1,254,174,180,180
A,7623,0.24028467,0.21562615,0.22795541,1,1,254,174,180,180
A,7624,0.22365932,0.20677365,0.21521649,1,1,254,174,180,180
A,7625,0.24028467,0.24080732,0.24054599,1,1,254,174,180,180
A,7626,0.24028467,0.24202972,0.24115720,1,1,254,174,180,180
A,7627,0.24383644,0.22543089,0.23463366,1,1,254,174,180,180
A,7628,0.24738821,0.24202972,0.24470897,1,1,254,174,180,180
A,7629,0.24383644,0.22400479,0.23392061,1,1,254,174,180,180
A,7630,0.23936854,0.24080732,0.24008793,1,1,254,174,180,180
A,7631,0.25595504,0.26895474,0.26245489,1,1,254,174,180,180
A,7632,0.24738821,0.26768648,0.25753735,1,1,254,174,180,180
A,7633,0.24383644,0.24936468,0.24660056,1,1,254,174,180,180
A,7634,0.24383644,0.25846706,0.25115175,1,1,254,174,180,180
A,7635,0.24383644,0.24202972,0.24293308,1,1,254,174,180,180
A,7636,0.25423246,0.24123593,0.24773419,1,1,254,174,180,180
A,7637,0.26380294,0.25907871,0.26144082,1,1,254,174,180,180
A,7638,0.24383644,0.25800784,0.25092214,1,1,254,174,180,180
A,7639,0.24383644,0.26879752,0.25631698,1,1,254,174,180,180
A,7640,0.24738821,0.24123593,0.24431207,1,1,254,174,180,180
A,7641,0.24738821,0.25800784,0.25269803,1,1,254,174,180,180
A,7642,0.23936854,0.23399837,0.23668346,1,1,254,174,180,180
A,7643,0.24738821,0.24080732,0.24409776,1,1,254,174,180,180
A,7644,0.21491714,0.20677365,0.21084540,1,1,254,174,180,180
A,7645,0.23115268,0.24080732,0.23598000,1,1,254,174,180,180
A,7646,0.27224310,0.24080732,0.25652521,1,1,254,174,180,180
A,7647,0.24738821,0.24202972,0.24470897,1,1,254,174,180,180
A,7648,0.24383644,0.24202972,0.24293308,1,1,254,174,180,180
A,7649,0.25228028,0.24080732,0.24654380,1,1,254,174,180,180
A,7650,0.20670070,0.20819975,0.20745022,1,1,254,174,180,180
A,7651,0.24738821,0.24080732,0.24409776,1,1,254,174,180,180
A,7652,0.22365932,0.23399837,0.22882885,1,1,254,174,180,180
A,7653,0.21810904,0.22360680,0.22085792,1,1,254,174,180,180
A,7654,0.20670070,0.20640627,0.20655348,1,1,254,174,180,180
A,7655,0.21491714,0.22400479,0.21946097,1,1,254,174,180,180
A,7656,0.21080892,0.20640627,0.20860760,1,1,254,174,180,180
A,7657,0.21810904,0.20677365,0.21244135,1,1,254,174,180,180
A,7658,0.21810904,0.21414919,0.21612912,1,1,254,174,180,180
A,7659,0.21080892,0.22400479,0.21740685,1,1,254,174,180,180
A,7660,0.21491714,0.20126759,0.20809237,1,1,254,174,180,180
A,7661,0.21491714,0.20126759,0.20809237,1,1,254,174,180,180
A,7662,0.21491714,0.19988898,0.20740306,1,1,254,174,180,180
A,7663,0.20277295,0.19988898,0.20133096,1,1,254,174,180,180
A,7664,0.21080892,0.20677365,0.20879129,1,1,254,174,180,180
A,7665,0.23115268,0.21414919,0.22265093,1,1,254,174,180,180
A,7666,0.24230242,0.26768648,0.25499445,1,1,254,174,180,180
A,7667,0.23112509,0.25063053,0.24087781,1,1,254,174,180,180
A,7668,0.28992135,0.26717645,0.27854890,1,1,254,174,180,180
A,7669,0.24738821,0.24936468,0.24837645,1,1,254,174,180,180
A,7670,0.24738821,0.25923025,0.25330923,1,1,254,174,180,180
A,7671,0.24738821,0.25110898,0.24924859,1,1,254,174,180,180
A,7672,0.25595504,0.24984072,0.25289788,1,1,254,174,180,180
A,7673,0.24383644,0.24123593,0.24253618,1,1,254,174,180,180
A,7674,0.23936854,0.23281653,0.23609254,1,1,254,174,180,180
A,7675,0.23593191,0.24080732,0.23836961,1,1,254,174,180,180
A,7676,0.24738821,0.27569820,0.26154321,1,1,254,174,180,180
A,7677,0.23936854,0.25800784,0.24868819,1,1,254,174,180,180
A,7678,0.26067744,0.27627923,0.26847834,1,1,254,174,180,180
A,7679,0.24738821,0.24202972,0.24470897,1,1,254,174,180,180
A,7680,0.26067744,0.25907871,0.25987808,1,1,254,174,180,180
A,7681,0.27709217,0.26844229,0.27276723,1,1,254,174,180,180
A,7682,0.27845477,0.25846706,0.26846092,1,1,254,174,180,180
A,7683,0.26067744,0.25800784,0.25934264,1,1,254,174,180,180
A,7684,0.27709217,0.25846706,0.26777962,1,1,254,174,180,180
A,7685,0.26025117,0.26717645,0.26371381,1,1,254,174,180,180
A,7686,0.26067744,0.27520836,0.26794290,1,1,254,174,180,180
A,7687,0.26380294,0.25800784,0.26090539,1,1,254,174,180,180
A,7688,0.27709217,0.28609713,0.28159465,1,1,254,174,180,180
A,7689,0.24738821,0.23281653,0.24010237,1,1,254,174,180,180
A,7690,0.24383644,0.25923025,0.25153334,1,1,254,174,180,180
A,7691,0.25181451,0.27569820,0.26375636,1,1,254,174,180,180
A,7692,0.28021766,0.27569820,0.27795793,1,1,254,174,180,180
A,7693,0.29396610,0.28270579,0.28833594,1,1,254,174,180,180
A,7694,0.29396610,0.30378649,0.29887629,1,1,254,174,180,180
A,7695,0.26810958,0.24944629,0.25877793,1,1,254,174,180,180
A,7696,0.27534894,0.26651864,0.27093379,1,1,254,174,180,180
A,7697,0.29396610,0.26607604,0.28002107,1,1,254,174,180,180
A,7698,0.27709217,0.25846706,0.26777962,1,1,254,174,180,180
A,7699,0.29396610,0.27520836,0.28458723,1,1,254,174,180,180
A,7700,0.28021766,0.25846706,0.26934236,1,1,254,174,180,180
A,7701,0.24738821,0.24080732,0.24409776,1,1,254,174,180,180
A,7702,0.24383644,0.25800784,0.25092214,1,1,254,174,180,180
A,7703,0.27709217,0.25800784,0.26755001,1,1,254,174,180,180
A,7704,0.24383644,0.25846706,0.25115175,1,1,254,174,180,180
A,7705,0.28021766,0.25800784,0.26911275,1,1,254,174,180,180
A,7706,0.28021766,0.28609713,0.28315740,1,1,254,174,180,180
A,7707,0.26380294,0.27520836,0.26950565,1,1,254,174,180,180
A,7708,0.24738821,0.25800784,0.25269803,1,1,254,174,180,180
A,7709,0.28021766,0.24123593,0.26072680,1,1,254,174,180,180
A,7710,0.28021766,0.25846706,0.26934236,1,1,254,174,180,180
A,7711,0.28527736,0.27520836,0.28024286,1,1,254,174,180,180
A,7712,0.28021766,0.27569820,0.27795793,1,1,254,174,180,180
A,7713,0.25595504,0.27569820,0.26582662,1,1,254,174,180,180
A,7714,0.32414193,0.27569820,0.29992007,1,1,254,174,180,180
A,7715,0.26214331,0.27627923,0.26921127,1,1,254,174,180,180
A,7716,0.24383644,0.25846706,0.25115175,1,1,254,174,180,180
A,7717,0.26214331,0.25846706,0.26030519,1,1,254,174,180,180
A,7718,0.26380294,0.25846706,0.26113500,1,1,254,174,180,180
A,7719,0.27709217,0.25846706,0.26777962,1,1,254,174,180,180
A,7720,0.26067744,0.25846706,0.25957225,1,1,254,174,180,180
A,7721,0.27845477,0.24986122,0.26415799,1,1,254,174,180,180
A,7722,0.24383644,0.25846706,0.25115175,1,1,254,174,180,180
A,7723,0.24383644,0.24202972,0.24293308,1,1,254,174,180,180
A,7724,0.24383644,0.27677097,0.26030371,1,1,254,174,180,180
A,7725,0.24738821,0.25800784,0.25269803,1,1,254,174,180,180
A,7726,0.24738821,0.25969164,0.25353993,1,1,254,174,180,180
A,7727,0.25222697,0.28270579,0.26746638,1,1,254,174,180,180
A,7728,0.28713525,0.26607604,0.27660564,1,1,254,174,180,180
A,7729,0.24738821,0.25953984,0.25346402,1,1,254,174,180,180
A,7730,0.29362978,0.29240889,0.29301933,1,1,254,174,180,180
A,7731,0.26810958,0.25953984,0.26382471,1,1,254,174,180,180
A,7732,0.27709217,0.24986122,0.26347670,1,1,254,174,180,180
A,7733,0.23936854,0.26607604,0.25272229,1,1,254,174,180,180
A,7734,0.28021766,0.27627923,0.27824845,1,1,254,174,180,180
A,7735,0.28021766,0.27627923,0.27824845,1,1,254,174,180,180
A,7736,0.28668762,0.26768648,0.27718705,1,1,254,174,180,180
A,7737,0.28021766,0.25800784,0.26911275,1,1,254,174,180,180
A,7738,0.27709217,0.25969164,0.26839191,1,1,254,174,180,180
A,7739,0.27534894,0.25800784,0.26667839,1,1,254,174,180,180
A,7740,0.26380294,0.25923025,0.26151659,1,1,254,174,180,180
A,7741,0.26380294,0.28609713,0.27495003,1,1,254,174,180,180
A,7742,0.26380294,0.27520836,0.26950565,1,1,254,174,180,180
A,7743,0.26067744,0.27627923,0.26847834,1,1,254,174,180,180
A,7744,0.25595504,0.24123593,0.24859548,1,1,254,174,180,180
A,7745,0.21491714,0.20677365,0.21084540,1,1,254,174,180,180
A,7746,0.25228028,0.22400479,0.23814253,1,1,254,174,180,180
A,7747,0.26602970,0.24080732,0.25341851,1,1,254,174,180,180
A,7748,0.24738821,0.23281653,0.24010237,1,1,254,174,180,180
A,7749,0.25595504,0.24080732,0.24838118,1,1,254,174,180,180
A,7750,0.24860551,0.24936468,0.24898510,1,1,254,174,180,180
A,7751,0.28797017,0.24080732,0.26438875,1,1,254,174,180,180
A,7752,0.27845477,0.25800784,0.26823130,1,1,254,174,180,180
A,7753,0.24383644,0.24984072,0.24683858,1,1,254,174,180,180
A,7754,0.24028467,0.24123593,0.24076030,1,1,254,174,180,180
A,7755,0.21080892,0.24202972,0.22641932,1,1,254,174,180,180
A,7756,0.21968427,0.21618678,0.21793553,1,1,254,174,180,180
A,7757,0.23115268,0.22400479,0.22757873,1,1,254,174,180,180
A,7758,0.21080892,0.21792501,0.21436696,1,1,254,174,180,180
A,7759,0.22365932,0.22413793,0.22389863,1,1,254,174,180,180
A,7760,0.23115268,0.24123593,0.23619430,1,1,254,174,180,180
A,7761,0.24738821,0.23320381,0.24029601,1,1,254,174,180,180
A,7762,0.24738821,0.24080732,0.24409776,1,1,254,174,180,180
A,7763,0.24383644,0.24123593,0.24253618,1,1,254,174,180,180
A,7764,0.24383644,0.24080732,0.24232188,1,1,254,174,180,180
A,7765,0.22760091,0.22400479,0.22580285,1,1,254,174,180,180
A,7766,0.24383644,0.24123593,0.24253618,1,1,254,174,180,180
A,7767,0.23936854,0.23399837,0.23668346,1,1,254,174,180,180
A,7768,0.21080892,0.22400479,0.21740685,1,1,254,174,180,180
A,7769,0.24383644,0.24123593,0.24253618,1,1,254,174,180,180
A,7770,0.24028467,0.23347192,0.23687829,1,1,254,174,180,180
A,7771,0.25861388,0.24202972,0.25032180,1,1,254,174,180,180
A,7772,0.26067744,0.25953984,0.26010864,1,1,254,174,180,180
A,7773,0.27534894,0.25969164,0.26752029,1,1,254,174,180,180
A,7774,0.27709217,0.27520836,0.27615027,1,1,254,174,180,180
A,7775,0.27709217,0.25969164,0.26839191,1,1,254,174,180,180
A,7776,0.27534894,0.28609713,0.28072303,1,1,254,174,180,180
A,7777,0.31050371,0.29292934,0.30171652,1,1,254,174,180,180
A,7778,0.24383644,0.25846706,0.25115175,1,1,254,174,180,180
A,7779,0.27709217,0.28664329,0.28186773,1,1,254,174,180,180
A,7780,0.27845477,0.24246051,0.26045764,1,1,254,174,180,180
A,7781,0.27534894,0.27520836,0.27527865,1,1,254,174,180,180
A,7782,0.28021766,0.29336155,0.28678961,1,1,254,174,180,180
A,7783,0.28021766,0.27520836,0.27771301,1,1,254,174,180,180
A,7784,0.27709217,0.27569820,0.27639519,1,1,254,174,180,180
A,7785,0.27534894,0.29292934,0.28413914,1,1,254,174,180,180
A,7786,0.32125617,0.28498821,0.30312219,1,1,254,174,180,180
A,7787,0.28992135,0.28720605,0.28856370,1,1,254,174,180,180
A,7788,0.28668762,0.30279997,0.29474380,1,1,254,174,180,180
A,7789,0.30379791,0.27520836,0.28950314,1,1,254,174,180,180
A,7790,0.27293819,0.28553225,0.27923522,1,1,254,174,180,180
A,7791,0.28668762,0.27627923,0.28148343,1,1,254,174,180,180
A,7792,0.30379791,0.27627923,0.29003857,1,1,254,174,180,180
A,7793,0.28475821,0.28609713,0.28542767,1,1,254,174,180,180
A,7794,0.29488833,0.29240889,0.29364861,1,1,254,174,180,180
A,7795,0.29362978,0.29292934,0.29327956,1,1,254,174,180,180
A,7796,0.31132190,0.29292934,0.30212562,1,1,254,174,180,180
A,7797,0.24383644,0.25846706,0.25115175,1,1,254,174,180,180
A,7798,0.24738821,0.25000000,0.24869410,1,1,254,174,180,180
A,7799,0.24383644,0.24260462,0.24322053,1,1,254,174,180,180
A,7800,0.24154307,0.25953984,0.25054145,1,1,254,174,180,180
A,7801,0.24154307,0.25862069,0.25008188,1,1,254,174,180,180
A,7802,0.24511344,0.25000000,0.24755672,1,1,254,174,180,180
A,7803,0.25739075,0.24984072,0.25361574,1,1,254,174,180,180
A,7804,0.24383644,0.24936468,0.24660056,1,1,254,174,180,180
A,7805,0.27709217,0.24123593,0.25916405,1,1,254,174,180,180
A,7806,0.25712567,0.24123593,0.24918080,1,1,254,174,180,180
A,7807,0.26067744,0.24137931,0.25102838,1,1,254,174,180,180
A,7808,0.22349268,0.23199495,0.22774382,1,1,254,174,180,180
A,7809,0.21491714,0.20689655,0.21090685,1,1,254,174,180,180
A,7810,0.24383644,0.20689655,0.22536650,1,1,254,174,180,180
A,7811,0.20670070,0.20689655,0.20679862,1,1,254,174,180,180
A,7812,0.20670070,0.20689655,0.20679862,1,1,254,174,180,180
A,7813,0.24860551,0.20689655,0.22775103,1,1,254,174,180,180
A,7814,0.24383644,0.25126907,0.24755275,1,1,254,174,180,180
A,7815,0.24383644,0.24123593,0.24253618,1,1,254,174,180,180
A,7816,0.24738821,0.22400479,0.23569650,1,1,254,174,180,180
A,7817,0.24154307,0.22400479,0.23277393,1,1,254,174,180,180
A,7818,0.24028467,0.22400479,0.23214473,1,1,254,174,180,180
A,7819,0.22760091,0.23199495,0.22979793,1,1,254,174,180,180
A,7820,0.21968427,0.22400479,0.22184453,1,1,254,174,180,180
A,7821,0.15235380,0.17231138,0.16233259,1,1,254,174,180,180
A,7822,0.12768101,0.12903226,0.12835663,1,1,254,174,180,180
A,7823,0.12378370,0.11666667,0.12022518,1,1,254,174,180,180
A,7824,0.11654003,0.12903226,0.12278614,1,1,254,174,180,180
A,7825,0.19586847,0.18954251,0.19270549,1,1,254,174,180,180
A,7826,0.24383644,0.24984072,0.24683858,1,1,254,174,180,180
A,7827,0.27293819,0.27627923,0.27460871,1,1,254,174,180,180
A,7828,0.28021766,0.28553225,0.28287496,1,1,254,174,180,180
A,7829,0.28992135,0.28498821,0.28745478,1,1,254,174,180,180
A,7830,0.28668762,0.29336155,0.29002459,1,1,254,174,180,180
A,7831,0.32125617,0.29347975,0.30736796,1,1,254,174,180,180
A,7832,0.28992135,0.27520836,0.28256486,1,1,254,174,180,180
A,7833,0.28021766,0.29240889,0.28631328,1,1,254,174,180,180
A,7834,0.31329288,0.31111483,0.31220386,1,1,254,174,180,180
A,7835,0.30379791,0.32776259,0.31578025,1,1,254,174,180,180
A,7836,0.31132190,0.27520836,0.29326513,1,1,254,174,180,180
A,7837,0.28992135,0.29292934,0.29142534,1,1,254,174,180,180
A,7838,0.28668762,0.30960941,0.29814852,1,1,254,174,180,180
A,7839,0.28668762,0.28609713,0.28639238,1,1,254,174,180,180
A,7840,0.27709217,0.27520836,0.27615027,1,1,254,174,180,180
A,7841,0.32740077,0.31056207,0.31898142,1,1,254,174,180,180
A,7842,0.27709217,0.30960941,0.29335079,1,1,254,174,180,180
A,7843,0.30855027,0.30960941,0.30907984,1,1,254,174,180,180
A,7844,0.31132190,0.29240889,0.30186539,1,1,254,174,180,180
A,7845,0.27534894,0.27520836,0.27527865,1,1,254,174,180,180
A,7846,0.31132190,0.30337802,0.30734996,1,1,254,174,180,180
A,7847,0.27709217,0.29292934,0.28501075,1,1,254,174,180,180
A,7848,0.28021766,0.29292934,0.28657350,1,1,254,174,180,180
A,7849,0.27709217,0.29292934,0.28501075,1,1,254,174,180,180
A,7850,0.27709217,0.27677097,0.27693157,1,1,254,174,180,180
A,7851,0.29396610,0.28664329,0.29030469,1,1,254,174,180,180
A,7852,0.24383644,0.26768648,0.25576146,1,1,254,174,180,180
A,7853,0.26810958,0.27569820,0.27190389,1,1,254,174,180,180
A,7854,0.29084061,0.29336155,0.29210108,1,1,254,174,180,180
A,7855,0.27396668,0.27520836,0.27458752,1,1,254,174,180,180
A,7856,0.27709217,0.27569820,0.27639519,1,1,254,174,180,180
A,7857,0.26810958,0.25846706,0.26328832,1,1,254,174,180,180
A,7858,0.28021766,0.26768648,0.27395207,1,1,254,174,180,180
A,7859,0.28475821,0.27520836,0.27998329,1,1,254,174,180,180
A,7860,0.27534894,0.25907871,0.26721382,1,1,254,174,180,180
A,7861,0.26380294,0.26717645,0.26548969,1,1,254,174,180,180
A,7862,0.24583185,0.25800784,0.25191984,1,1,254,174,180,180
A,7863,0.26602970,0.26768648,0.26685809,1,1,254,174,180,180
A,7864,0.26214331,0.25846706,0.26030519,1,1,254,174,180,180
A,7865,0.24860551,0.24123593,0.24492072,1,1,254,174,180,180
A,7866,0.24028467,0.22400479,0.23214473,1,1,254,174,180,180
A,7867,0.24383644,0.24123593,0.24253618,1,1,254,174,180,180
A,7868,0.23249528,0.26717645,0.24983586,1,1,254,174,180,180
A,7869,0.24738821,0.24984072,0.24861446,1,1,254,174,180,180
A,7870,0.24383644,0.22400479,0.23392061,1,1,254,174,180,180
A,7871,0.24738821,0.24984072,0.24861446,1,1,254,174,180,180
A,7872,0.24383644,0.24123593,0.24253618,1,1,254,174,180,180
A,7873,0.23593191,0.24123593,0.23858392,1,1,254,174,180,180
A,7874,0.24230242,0.20677365,0.22453804,1,1,254,174,180,180
A,7875,0.25595504,0.24123593,0.24859548,1,1,254,174,180,180
A,7876,0.24860551,0.24246051,0.24553301,1,1,254,174,180,180
A,7877,0.25595504,0.24984072,0.25289788,1,1,254,174,180,180
A,7878,0.24028467,0.23326321,0.23677394,1,1,254,174,180,180
A,7879,0.24028467,0.24246051,0.24137259,1,1,254,174,180,180
A,7880,0.23593191,0.24123593,0.23858392,1,1,254,174,180,180
A,7881,0.24028467,0.24080732,0.24054599,1,1,254,174,180,180
A,7882,0.24738821,0.24246051,0.24492436,1,1,254,174,180,180
A,7883,0.27709217,0.25800784,0.26755001,1,1,254,174,180,180
A,7884,0.26810958,0.25800784,0.26305871,1,1,254,174,180,180
A,7885,0.27709217,0.25846706,0.26777962,1,1,254,174,180,180
A,7886,0.27709217,0.27569820,0.27639519,1,1,254,174,180,180
A,7887,0.27113375,0.25062813,0.26088094,1,1,254,174,180,180
A,7888,0.27709217,0.25969164,0.26839191,1,1,254,174,180,180
A,7889,0.25222697,0.24123593,0.24673145,1,1,254,174,180,180
A,7890,0.24028467,0.25846706,0.24937587,1,1,254,174,180,180
A,7891,0.24383644,0.26717645,0.25550644,1,1,254,174,180,180
A,7892,0.24383644,0.22400479,0.23392061,1,1,254,174,180,180
A,7893,0.24738821,0.23199495,0.23969158,1,1,254,174,180,180
A,7894,0.23593191,0.24080732,0.23836961,1,1,254,174,180,180
A,7895,0.24383644,0.21736862,0.23060253,1,1,254,174,180,180
A,7896,0.24028467,0.22360680,0.23194573,1,1,254,174,180,180
A,7897,0.22349268,0.22360680,0.22354974,1,1,254,174,180,180
A,7898,0.23936854,0.23399837,0.23668346,1,1,254,174,180,180
A,7899,0.24511344,0.23281653,0.23896499,1,1,254,174,180,180
A,7900,0.23936854,0.24246051,0.24091452,1,1,254,174,180,180
A,7901,0.24054160,0.22503036,0.23278598,1,1,254,174,180,180
A,7902,0.24230242,0.22400479,0.23315361,1,1,254,174,180,180
A,7903,0.23249528,0.24123593,0.23686560,1,1,254,174,180,180
A,7904,0.23593191,0.24123593,0.23858392,1,1,254,174,180,180
A,7905,0.22760091,0.21773020,0.22266555,1,1,254,174,180,180
A,7906,0.23708813,0.21654639,0.22681726,1,1,254,174,180,180
A,7907,0.23454147,0.24202972,0.23828559,1,1,254,174,180,180
A,7908,0.24738821,0.24123593,0.24431207,1,1,254,174,180,180
A,7909,0.22969846,0.22400479,0.22685162,1,1,254,174,180,180
A,7910,0.24738821,0.21773020,0.23255920,1,1,254,174,180,180
A,7911,0.24583185,0.22400479,0.23491832,1,1,254,174,180,180
A,7912,0.24860551,0.22400479,0.23630515,1,1,254,174,180,180
A,7913,0.25595504,0.20677365,0.23136435,1,1,254,174,180,180
A,7914,0.24383644,0.24246051,0.24314847,1,1,254,174,180,180
A,7915,0.24383644,0.24986122,0.24684883,1,1,254,174,180,180
A,7916,0.24383644,0.24123593,0.24253618,1,1,254,174,180,180
A,7917,0.24738821,0.24123593,0.24431207,1,1,254,174,180,180
A,7918,0.25595504,0.24123593,0.24859548,1,1,254,174,180,180
A,7919,0.24738821,0.24984072,0.24861446,1,1,254,174,180,180
A,7920,0.28021766,0.27569820,0.27795793,1,1,254,174,180,180
A,7921,0.24738821,0.24123593,0.24431207,1,1,254,174,180,180
A,7922,0.28021766,0.24986122,0.26503944,1,1,254,174,180,180
A,7923,0.24756740,0.24123593,0.24440167,1,1,254,174,180,180
A,7924,0.23936854,0.25846706,0.24891780,1,1,254,174,180,180
A,7925,0.27709217,0.25969164,0.26839191,1,1,254,174,180,180
A,7926,0.24383644,0.25846706,0.25115175,1,1,254,174,180,180
A,7927,0.26745128,0.25846706,0.26295917,1,1,254,174,180,180
A,7928,0.24383644,0.24986122,0.24684883,1,1,254,174,180,180
A,7929,0.24738821,0.25953984,0.25346402,1,1,254,174,180,180
A,7930,0.24383644,0.25846706,0.25115175,1,1,254,174,180,180
A,7931,0.24383644,0.25846706,0.25115175,1,1,254,174,180,180
A,7932,0.24738821,0.25846706,0.25292764,1,1,254,174,180,180
A,7933,0.28992135,0.25846706,0.27419421,1,1,254,174,180,180
A,7934,0.27709217,0.25800784,0.26755001,1,1,254,174,180,180
A,7935,0.27709217,0.25800784,0.26755001,1,1,254,174,180,180
A,7936,0.24738821,0.26895474,0.25817148,1,1,254,174,180,180
A,7937,0.27845477,0.25846706,0.26846092,1,1,254,174,180,180
A,7938,0.27534894,0.27569820,0.27552357,1,1,254,174,180,180
A,7939,0.25181451,0.25862069,0.25521760,1,1,254,174,180,180
A,7940,0.27534894,0.28553225,0.28044059,1,1,254,174,180,180
A,7941,0.28021766,0.24984072,0.26502919,1,1,254,174,180,180
A,7942,0.27709217,0.28553225,0.28131221,1,1,254,174,180,180
A,7943,0.28443650,0.27586207,0.28014928,1,1,254,174,180,180
A,7944,0.27709217,0.25846706,0.26777962,1,1,254,174,180,180
A,7945,0.24383644,0.24123593,0.24253618,1,1,254,174,180,180
A,7946,0.26067744,0.25846706,0.25957225,1,1,254,174,180,180
A,7947,0.27534894,0.25846706,0.26690800,1,1,254,174,180,180
A,7948,0.27709217,0.25953984,0.26831600,1,1,254,174,180,180
A,7949,0.27709217,0.25089828,0.26399522,1,1,254,174,180,180
A,7950,0.27534894,0.25846706,0.26690800,1,1,254,174,180,180
A,7951,0.26810958,0.25846706,0.26328832,1,1,254,174,180,180
A,7952,0.25903748,0.24986122,0.25444935,1,1,254,174,180,180
A,7953,0.24738821,0.27006578,0.25872700,1,1,254,174,180,180
A,7954,0.27709217,0.25846706,0.26777962,1,1,254,174,180,180
A,7955,0.27709217,0.26895474,0.27302346,1,1,254,174,180,180
A,7956,0.27709217,0.26768648,0.27238933,1,1,254,174,180,180
A,7957,0.28021766,0.25907871,0.26964819,1,1,254,174,180,180
A,7958,0.27534894,0.24123593,0.25829243,1,1,254,174,180,180
A,7959,0.28992135,0.26879752,0.27935944,1,1,254,174,180,180
A,7960,0.20397505,0.20677365,0.20537435,1,1,254,174,180,180
A,7961,0.12443197,0.13333333,0.12888265,1,1,254,174,180,180
A,7962,0.15235380,0.13101783,0.14168581,1,1,254,174,180,180
A,7963,0.14254308,0.13325932,0.13790120,1,1,254,174,180,180
A,7964,0.15235380,0.14516129,0.14875754,1,1,254,174,180,180
A,7965,0.23593191,0.21773020,0.22683105,1,1,254,174,180,180
A,7966,0.24028467,0.21654639,0.22841553,1,1,254,174,180,180
A,7967,0.27534894,0.22400479,0.24967686,1,1,254,174,180,180
A,7968,0.27396668,0.25800784,0.26598726,1,1,254,174,180,180
A,7969,0.27709217,0.25846706,0.26777962,1,1,254,174,180,180
A,7970,0.27709217,0.24202972,0.25956095,1,1,254,174,180,180
A,7971,0.27396668,0.24986122,0.26191395,1,1,254,174,180,180
A,7972,0.28797017,0.25907871,0.27352444,1,1,254,174,180,180
A,7973,0.27845477,0.28270579,0.28058028,1,1,254,174,180,180
A,7974,0.29211671,0.25752911,0.27482291,1,1,254,174,180,180
A,7975,0.30043800,0.26651864,0.28347832,1,1,254,174,180,180
A,7976,0.31329288,0.27569820,0.29449554,1,1,254,174,180,180
A,7977,0.27709217,0.25846706,0.26777962,1,1,254,174,180,180
A,7978,0.30771453,0.24986122,0.27878788,1,1,254,174,180,180
A,7979,0.30771453,0.26859274,0.28815364,1,1,254,174,180,180
A,7980,0.32196045,0.27569820,0.29882932,1,1,254,174,180,180
A,7981,0.27845477,0.26607604,0.27226540,1,1,254,174,180,180
A,7982,0.30855027,0.27520836,0.29187932,1,1,261,178,150,150
A,7983,0.30855027,0.27520836,0.29187932,1,1,261,178,150,150
A,7984,0.31329288,0.26711137,0.29020212,1,1,254,174,180,180
A,7985,0.33904570,0.30960941,0.32432756,1,1,261,178,150,150
A,7986,0.28345390,0.31056207,0.29700798,1,1,254,174,180,180
A,7987,0.31909411,0.30960941,0.31435176,1,1,254,174,180,180
A,7988,0.31050371,0.32825102,0.31937736,1,1,261,178,150,150
A,7989,0.34186175,0.30960941,0.32573558,1,1,254,174,180,180
A,7990,0.34402607,0.32680993,0.33541800,1,1,254,174,180,180
A,7991,0.31329288,0.30960941,0.31145114,1,1,254,174,180,180
A,7992,0.32414193,0.32159825,0.32287009,1,1,254,174,180,180
A,7993,0.32534104,0.33842350,0.33188227,1,1,254,174,180,180
A,7994,0.33645865,0.34401046,0.34023455,1,1,254,174,180,180
A,7995,0.35593939,0.35623526,0.35608733,1,1,254,174,180,180
A,7996,0.35095686,0.34486834,0.34791260,1,1,254,174,180,180
A,7997,0.31050371,0.32159825,0.31605098,1,1,254,174,180,180
A,7998,0.35613096,0.32680993,0.34147045,1,1,254,174,180,180
A,7999,0.32125617,0.34005795,0.33065706,1,1,254,174,180,180
A,8000,0.34654348,0.32739162,0.33696755,1,1,254,174,180,180
A,8001,0.34402607,0.31824425,0.33113516,1,1,254,174,180,180
A,8002,0.35593939,0.30960941,0.33277440,1,1,254,174,180,180
A,8003,0.32196045,0.30960941,0.31578493,1,1,254,174,180,180
A,8004,0.31050371,0.32862047,0.31956209,1,1,254,174,180,180
A,8005,0.33936018,0.34401046,0.34168532,1,1,261,178,150,150
A,8006,0.32125617,0.32739162,0.32432389,1,1,254,174,180,180
A,8007,0.32125617,0.32680993,0.32403305,1,1,254,174,180,180
A,8008,0.32125617,0.30960941,0.31543279,1,1,254,174,180,180
A,8009,0.31329288,0.30960941,0.31145114,1,1,254,174,180,180
A,8010,0.33904570,0.34401046,0.34152808,1,1,254,174,180,180
A,8011,0.32414193,0.32680993,0.32547593,1,1,254,174,180,180
A,8012,0.34436332,0.32862047,0.33649190,1,1,254,174,180,180
A,8013,0.32125617,0.32739162,0.32432389,1,1,254,174,180,180
A,8014,0.32125617,0.32159825,0.32142721,1,1,254,174,180,180
A,8015,0.33904570,0.34401046,0.34152808,1,1,254,174,180,180
A,8016,0.31909411,0.29240889,0.30575150,1,1,254,174,180,180
A,8017,0.22466314,0.23320381,0.22893347,1,1,254,174,180,180
A,8018,0.18472824,0.16831699,0.17652262,1,1,254,174,180,180
A,8019,0.15751089,0.16831699,0.16291394,1,1,254,174,180,180
A,8020,0.15811994,0.17241379,0.16526687,1,1,254,174,180,180
A,8021,0.19586847,0.15000000,0.17293423,1,1,254,174,180,180
A,8022,0.20098014,0.17231138,0.18664576,1,1,254,174,180,180
A,8023,0.16847635,0.18498366,0.17673000,1,1,254,174,180,180
A,8024,0.23115268,0.18965517,0.21040392,1,1,254,174,180,180
A,8025,0.20670070,0.16666667,0.18668368,1,1,254,174,180,180
A,8026,0.20670070,0.17412103,0.19041086,1,1,254,174,180,180
A,8027,0.20670070,0.16831699,0.18750884,1,1,254,174,180,180
A,8028,0.22130193,0.20126759,0.21128476,1,1,254,174,180,180
A,8029,0.21491714,0.18498366,0.19995040,1,1,254,174,180,180
A,8030,0.19250661,0.16831699,0.18041180,1,1,254,174,180,180
A,8031,0.20497467,0.18333333,0.19415400,1,1,254,174,180,180
A,8032,0.19250661,0.18323156,0.18786909,1,1,254,174,180,180
A,8033,0.18853157,0.19478195,0.19165676,1,1,254,174,180,180
A,8034,0.20098014,0.16831699,0.18464857,1,1,254,174,180,180
A,8035,0.21080892,0.18965517,0.20023205,1,1,254,174,180,180
A,8036,0.19586847,0.18965517,0.19276182,1,1,254,174,180,180
A,8037,0.18853157,0.17241379,0.18047268,1,1,254,174,180,180
A,8038,0.18998622,0.18333333,0.18665978,1,1,254,174,180,180
A,8039,0.17417919,0.18498366,0.17958142,1,1,254,174,180,180
A,8040,0.18853157,0.18333333,0.18593245,1,1,254,174,180,180
A,8041,0.20795010,0.18488097,0.19641554,1,1,254,174,180,180
A,8042,0.20397505,0.18323156,0.19360331,1,1,254,174,180,180
A,8043,0.18853157,0.16129032,0.17491094,1,1,254,174,180,180
A,8044,0.19484802,0.20126759,0.19805781,1,1,254,174,180,180
A,8045,0.20194218,0.18033963,0.19114091,1,1,254,174,180,180
A,8046,0.18998622,0.17241379,0.18120001,1,1,254,174,180,180
A,8047,0.20795010,0.18461018,0.19628014,1,1,254,174,180,180
A,8048,0.18533594,0.17241379,0.17887487,1,1,254,174,180,180
A,8049,0.18998622,0.18488097,0.18743359,1,1,254,174,180,180
A,8050,0.17706313,0.17241379,0.17473846,1,1,254,174,180,180
A,8051,0.20670070,0.19136241,0.19903155,1,1,254,174,180,180
A,8052,0.20896920,0.20126759,0.20511839,1,1,254,174,180,180
A,8053,0.22365932,0.20126759,0.21246346,1,1,254,174,180,180
A,8054,0.18998622,0.17241379,0.18120001,1,1,254,174,180,180
A,8055,0.18260661,0.16657415,0.17459038,1,1,254,174,180,180
A,8056,0.22349268,0.21773020,0.22061144,1,1,254,174,180,180
A,8057,0.19250661,0.20677365,0.19964013,1,1,254,174,180,180
A,8058,0.19345002,0.18625959,0.18985480,1,1,254,174,180,180
A,8059,0.20141488,0.20093335,0.20117412,1,1,254,174,180,180
A,8060,0.22365932,0.21832400,0.22099166,1,1,254,174,180,180
A,8061,0.23252907,0.22360680,0.22806793,1,1,254,174,180,180
A,8062,0.22466314,0.23199495,0.22832905,1,1,254,174,180,180
A,8063,0.32305817,0.30279997,0.31292907,1,1,254,174,180,180
A,8064,0.28583043,0.29933554,0.29258298,1,1,254,174,180,180
A,8065,0.33695270,0.29942966,0.31819118,1,1,254,174,180,180
A,8066,0.33047901,0.30581582,0.31814741,1,1,254,174,180,180
A,8067,0.35553157,0.33250618,0.34401888,1,1,254,174,180,180
A,8068,0.35318076,0.31341245,0.33329661,1,1,254,174,180,180
A,8069,0.36930856,0.33205723,0.35068289,1,1,254,174,180,180
A,8070,0.34104223,0.30964730,0.32534476,1,1,254,174,180,180
A,8071,0.27396668,0.25104503,0.26250585,1,1,261,178,150,150
A,8072,0.23249528,0.21618678,0.22434103,1,1,261,178,150,150
A,8073,0.31212985,0.29388370,0.30300677,1,1,254,174,180,180
A,8074,0.31059715,0.28609713,0.29834714,1,1,254,174,180,180
A,8075,0.32765251,0.31497752,0.32131502,1,1,254,174,180,180
A,8076,0.34486834,0.32061174,0.33274004,1,1,254,174,180,180
A,8077,0.34724886,0.29292934,0.32008910,1,1,254,174,180,180
A,8078,0.39051247,0.32156617,0.35603932,1,1,254,174,180,180
A,8079,0.28519375,0.24161143,0.26340259,1,1,254,174,180,180
A,8080,0.29236377,0.25923025,0.27579701,1,1,254,174,180,180
A,8081,0.30932607,0.27627923,0.29280265,1,1,254,174,180,180
A,8082,0.25000958,0.22360680,0.23680819,1,1,254,174,180,180
A,8083,0.28279143,0.25800784,0.27039964,1,1,254,174,180,180
A,8084,0.26638450,0.24944629,0.25791539,1,1,254,174,180,180
A,8085,0.30191035,0.24131681,0.27161358,1,1,254,174,180,180
A,8086,0.29773924,0.26717645,0.28245785,1,1,254,174,180,180
A,8087,0.27540147,0.22314351,0.24927249,1,1,254,174,180,180
A,8088,0.20778321,0.23429291,0.22103806,1,1,254,174,180,180
A,8089,0.24154307,0.23155292,0.23654800,1,1,254,174,180,180
A,8090,0.22622350,0.20819975,0.21721162,1,1,254,174,180,180
A,8091,0.23799925,0.20640627,0.22220276,1,1,254,174,180,180
A,8092,0.27480720,0.24080732,0.25780726,1,1,254,174,180,180
A,8093,0.26740820,0.24032926,0.25386873,1,1,254,174,180,180
A,8094,0.22000617,0.23281653,0.22641135,1,1,254,174,180,180
A,8095,0.21814250,0.23302707,0.22558479,1,1,254,174,180,180
A,8096,0.22703830,0.20677365,0.21690598,1,1,254,174,180,180
A,8097,0.21897483,0.23355311,0.22626397,1,1,254,174,180,180
A,8098,0.26740820,0.22360680,0.24550750,1,1,254,174,180,180
A,8099,0.27171101,0.27627923,0.27399512,1,1,254,174,180,180
A,8100,0.31344700,0.26432744,0.28888722,1,1,254,174,180,180
A,8101,0.30211781,0.25908162,0.28059971,1,1,254,174,180,180
A,8102,0.24970570,0.21562615,0.23266593,1,1,254,174,180,180
A,8103,0.28550341,0.26828537,0.27689439,1,1,254,174,180,180
A,8104,0.30191035,0.27520836,0.28855936,1,1,254,174,180,180
A,8105,0.26942349,0.22416696,0.24679522,1,1,254,174,180,180
A,8106,0.26810958,0.25110098,0.25960528,1,1,254,174,180,180
A,8107,0.22956742,0.23453251,0.23204996,1,1,254,174,180,180
A,8108,0.20098014,0.21756310,0.20927162,1,1,254,174,180,180
A,8109,0.19460482,0.19314683,0.19387582,1,1,254,174,180,180
A,8110,0.19847263,0.20093335,0.19970299,1,1,254,174,180,180
A,8111,0.23246059,0.21618678,0.22432368,1,1,254,174,180,180
A,8112,0.21624764,0.24202972,0.22913868,1,1,254,174,180,180
A,8113,0.25304857,0.24080732,0.24692795,1,1,254,174,180,180
A,8114,0.26067744,0.24368509,0.25218126,1,1,254,174,180,180
A,8115,0.27396668,0.25062813,0.26229740,1,1,254,174,180,180
A,8116,0.22518868,0.21736862,0.22127865,1,1,254,174,180,180
A,8117,0.26810958,0.24080732,0.25445845,1,1,254,174,180,180
A,8118,0.26025117,0.22665546,0.24345332,1,1,254,174,180,180
A,8119,0.24028467,0.22400479,0.23214473,1,1,254,174,180,180
A,8120,0.24028467,0.24123593,0.24076030,1,1,254,174,180,180
A,8121,0.23249528,0.20640627,0.21945078,1,1,254,174,180,180
A,8122,0.24511344,0.20677365,0.22594355,1,1,254,174,180,180
A,8123,0.23115268,0.18954251,0.21034760,1,1,254,174,180,180
A,8124,0.20670070,0.20689655,0.20679862,1,1,254,174,180,180
A,8125,0.24028467,0.21562615,0.22795541,1,1,254,174,180,180
A,8126,0.23708813,0.22503036,0.23105925,1,1,254,174,180,180
A,8127,0.21604269,0.18954251,0.20279260,1,1,254,174,180,180
A,8128,0.23115268,0.19630342,0.21372805,1,1,254,174,180,180
A,8129,0.21730740,0.20126759,0.20928750,1,1,254,174,180,180
A,8130,0.21624764,0.18323156,0.19973960,1,1,254,174,180,180
A,8131,0.21730740,0.21414919,0.21572829,1,1,254,174,180,180
A,8132,0.20098014,0.18954251,0.19526133,1,1,254,174,180,180
A,8133,0.13675477,0.10000000,0.11837739,1,1,254,174,180,180
A,8134,0.13675477,0.11666667,0.12671072,1,1,254,174,180,180
A,8135,0.12082045,0.11666667,0.11874356,1,1,254,174,180,180
A,8136,0.15751089,0.14005354,0.14878222,1,1,254,174,180,180
A,8137,0.20778321,0.21562615,0.21170468,1,1,254,174,180,180
A,8138,0.27709217,0.28720605,0.28214911,1,1,254,174,180,180
A,8139,0.29396610,0.30436641,0.29916626,1,1,254,174,180,180
A,8140,0.31050371,0.27520836,0.29285604,1,1,254,174,180,180
A,8141,0.31212985,0.32159825,0.31686405,1,1,254,174,180,180
A,8142,0.32125617,0.32159825,0.32142721,1,1,254,174,180,180
A,8143,0.29362978,0.30279997,0.29821487,1,1,254,174,180,180
A,8144,0.31212985,0.32159825,0.31686405,1,1,254,174,180,180
A,8145,0.31050371,0.32159825,0.31605098,1,1,254,174,180,180
A,8146,0.32125617,0.31056207,0.31590912,1,1,254,174,180,180
A,8147,0.26025117,0.24936468,0.25480792,1,1,254,174,180,180
A,8148,0.28504386,0.25189637,0.26847011,1,1,254,174,180,180
A,8149,0.25712567,0.24080732,0.24896650,1,1,254,174,180,180
A,8150,0.26067744,0.27520836,0.26794290,1,1,254,174,180,180
A,8151,0.28021766,0.25189637,0.26605702,1,1,254,174,180,180
A,8152,0.26602970,0.26844229,0.26723600,1,1,254,174,180,180
A,8153,0.26380294,0.28609713,0.27495003,1,1,254,174,180,180
A,8154,0.25847227,0.24936468,0.25391848,1,1,254,174,180,180
A,8155,0.25712567,0.24325213,0.25018890,1,1,254,174,180,180
A,8156,0.26380294,0.27006578,0.26693436,1,1,254,174,180,180
A,8157,0.27540147,0.25907871,0.26724009,1,1,254,174,180,180
A,8158,0.27709217,0.27735010,0.27722113,1,1,261,194,150,151
A,8159,0.24511344,0.25189637,0.24850491,1,1,261,194,150,151
A,8160,0.22022269,0.24080732,0.23051500,1,1,261,194,150,151
A,8161,0.26752193,0.24123593,0.25437893,1,1,261,194,150,151
A,8162,0.26602970,0.25189637,0.25896304,1,1,261,194,150,151
A,8163,0.24028467,0.25189637,0.24609052,1,1,261,194,150,151
A,8164,0.27540147,0.25800784,0.26670466,1,1,261,194,150,151
A,8165,0.26204264,0.27520836,0.26862550,1,1,261,194,150,151
A,8166,0.26067744,0.24202972,0.25135358,1,1,261,194,150,151
A,8167,0.24154307,0.24080732,0.24117520,1,1,261,194,150,151
A,8168,0.26025117,0.24080732,0.25052924,1,1,261,194,150,151
A,8169,0.24511344,0.21756310,0.23133827,1,1,261,194,150,151
A,8170,0.26161413,0.23399837,0.24780625,1,1,261,194,150,151
A,8171,0.24738821,0.22503036,0.23620928,1,1,261,194,150,151
A,8172,0.27709217,0.25846667,0.26777942,1,1,261,194,150,151
A,8173,0.27224310,0.27546544,0.27385427,1,1,261,194,150,151
A,8174,0.28021766,0.27439773,0.27730770,1,1,261,194,150,151
A,8175,0.27224310,0.26637572,0.26930941,1,1,261,194,150,151
A,8176,0.27709217,0.28270579,0.27989898,1,1,261,194,150,151
A,8177,0.28021766,0.26637572,0.27329669,1,1,261,194,150,151
A,8178,0.28992135,0.26637572,0.27814854,1,1,261,194,150,151
A,8179,0.27709217,0.26740820,0.27225019,1,1,261,194,150,151
A,8180,0.32196045,0.28192720,0.30194382,1,1,261,194,150,151
A,8181,0.27845477,0.26740820,0.27293148,1,1,261,194,150,151
A,8182,0.30703164,0.27439773,0.29071468,1,1,261,194,150,151
A,8183,0.28797017,0.28374112,0.28585565,1,1,261,194,150,151
A,8184,0.27845477,0.27546544,0.27696010,1,1,261,194,150,151
A,8185,0.27534894,0.25907871,0.26721382,1,1,261,194,150,151
A,8186,0.28021766,0.26740820,0.27381293,1,1,261,194,150,151
A,8187,0.27845477,0.27546544,0.27696010,1,1,261,194,150,151
A,8188,0.28411108,0.26740820,0.27575964,1,1,261,194,150,151
A,8189,0.31050371,0.26637572,0.28843971,1,1,261,194,150,151
A,8190,0.27709217,0.26637572,0.27173395,1,1,261,194,150,151
A,8191,0.28475821,0.25923025,0.27199423,1,1,261,194,150,151
A,8192,0.28668762,0.29443241,0.29056002,1,1,261,194,150,151
A,8193,0.28021766,0.26711137,0.27366452,1,1,261,194,150,151
A,8194,0.29211671,0.30025659,0.29618665,1,1,261,194,150,151
A,8195,0.31329288,0.27546544,0.29437916,1,1,261,194,150,151
A,8196,0.31132190,0.30025659,0.30578925,1,1,261,194,150,151
A,8197,0.29675527,0.29443241,0.29559384,1,1,261,194,150,151
A,8198,0.31329288,0.31151473,0.31240381,1,1,261,194,150,151
A,8199,0.31329288,0.26607604,0.28968446,1,1,261,194,150,151
A,8200,0.29211671,0.26607604,0.27909637,1,1,261,194,150,151
A,8201,0.27845477,0.26711137,0.27278307,1,1,261,194,150,151
A,8202,0.27534894,0.26711137,0.27123015,1,1,261,194,150,151
A,8203,0.27534894,0.27546544,0.27540719,1,1,261,194,150,151
A,8204,0.27845477,0.27627923,0.27736700,1,1,261,194,150,151
A,8205,0.27845477,0.27546544,0.27696010,1,1,261,194,150,151
A,8206,0.27534894,0.26740820,0.27137857,1,1,261,194,150,151
A,8207,0.29488833,0.27520836,0.28504835,1,1,261,194,150,151
A,8208,0.27534894,0.27627923,0.27581408,1,1,261,194,150,151
A,8209,0.27534894,0.27627923,0.27581408,1,1,261,194,150,151
A,8210,0.27534894,0.29443241,0.28489068,1,1,261,194,150,151
A,8211,0.27534894,0.27677097,0.27605996,1,1,261,194,150,151
A,8212,0.27534894,0.27627923,0.27581408,1,1,261,194,150,151
A,8213,0.28797017,0.27627923,0.28212470,1,1,261,194,150,151
A,8214,0.28797017,0.27627923,0.28212470,1,1,261,194,150,151
A,8215,0.28475821,0.24944629,0.26710225,1,1,261,194,150,151
A,8216,0.28475821,0.26637572,0.27556697,1,1,261,194,150,151
A,8217,0.26652950,0.27627923,0.27140436,1,1,261,194,150,151
A,8218,0.28475821,0.25907871,0.27191846,1,1,261,194,150,151
A,8219,0.20000001,0.17838338,0.18919169,1,1,261,194,150,151
A,8220,0.20000001,0.18488097,0.19244049,1,1,261,194,150,151
A,8221,0.16765473,0.16822356,0.16793914,1,1,261,194,150,151
A,8222,0.18382737,0.17732712,0.18057724,1,1,261,194,150,151
A,8223,0.22349268,0.20126759,0.21238014,1,1,261,194,150,151
A,8224,0.23593191,0.19988898,0.21791044,1,1,261,194,150,151
A,8225,0.26067744,0.21792501,0.23930122,1,1,261,194,150,151
A,8226,0.27709217,0.23399837,0.25554527,1,1,261,194,150,151
A,8227,0.24383644,0.24944629,0.24664136,1,1,261,194,150,151
A,8228,0.26926343,0.23399837,0.25163090,1,1,261,194,150,151
A,8229,0.27709217,0.25062813,0.26386015,1,1,261,194,150,151
A,8230,0.27709217,0.25062813,0.26386015,1,1,261,194,150,151
A,8231,0.28021766,0.25800784,0.26911275,1,1,261,194,150,151
A,8232,0.27396668,0.25907871,0.26652269,1,1,261,194,150,151
A,8233,0.28668762,0.25048162,0.26858462,1,1,261,194,150,151
A,8234,0.27224310,0.23399837,0.25312074,1,1,261,194,150,151
A,8235,0.27845477,0.25969164,0.26907321,1,1,261,194,150,151
A,8236,0.27224310,0.25923025,0.26573668,1,1,261,194,150,151
A,8237,0.27224310,0.25923025,0.26573668,1,1,261,194,150,151
A,8238,0.27224310,0.25907871,0.26566091,1,1,261,194,150,151
A,8239,0.27845477,0.23217534,0.25531505,1,1,261,194,150,151
A,8240,0.26926343,0.24202972,0.25564658,1,1,261,194,150,151
A,8241,0.28345390,0.25800784,0.27073087,1,1,261,194,150,151
A,8242,0.29675527,0.25923025,0.27799276,1,1,261,194,150,151
A,8243,0.24738821,0.24325213,0.24532017,1,1,261,194,150,151
A,8244,0.26025117,0.25907871,0.25966494,1,1,261,194,150,151
A,8245,0.24738821,0.25923025,0.25330923,1,1,261,194,150,151
A,8246,0.27709217,0.25923025,0.26816121,1,1,261,194,150,151
A,8247,0.28475821,0.25800784,0.27138303,1,1,261,194,150,151
A,8248,0.30209897,0.27627923,0.28918910,1,1,261,194,150,151
A,8249,0.25423246,0.24131681,0.24777464,1,1,261,194,150,151
A,8250,0.28154625,0.24936468,0.26545546,1,1,261,194,150,151
A,8251,0.25058242,0.24131681,0.24594962,1,1,261,194,150,151
A,8252,0.26788935,0.25063053,0.25925994,1,1,261,194,150,151
A,8253,0.25228028,0.24202972,0.24715500,1,1,261,194,150,151
A,8254,0.24860551,0.25907871,0.25384211,1,1,261,194,150,151
A,8255,0.25058242,0.24325213,0.24691728,1,1,261,194,150,151
A,8256,0.25423246,0.24325213,0.24874229,1,1,261,194,150,151
A,8257,0.24583185,0.24080732,0.24331958,1,1,261,194,150,151
A,8258,0.24028467,0.24325213,0.24176840,1,1,261,194,150,151
A,8259,0.25058242,0.25063053,0.25060648,1,1,261,194,150,151
A,8260,0.24230242,0.24080732,0.24155487,1,1,261,194,150,151
A,8261,0.24860551,0.24325213,0.24592882,1,1,261,194,150,151
A,8262,0.24383644,0.27520836,0.25952240,1,1,261,194,150,151
A,8263,0.25550805,0.25800784,0.25675795,1,1,261,194,150,151
A,8264,0.23877300,0.22665546,0.23271423,1,1,261,194,150,151
A,8265,0.24230242,0.24080732,0.24155487,1,1,261,194,150,151
A,8266,0.28797017,0.25969164,0.27383091,1,1,261,194,150,151
A,8267,0.26025117,0.24202972,0.25114044,1,1,261,194,150,151
A,8268,0.28475821,0.25846706,0.27161264,1,1,261,194,150,151
A,8269,0.27709217,0.25907871,0.26808544,1,1,261,194,150,151
A,8270,0.28668762,0.29443241,0.29056002,1,1,261,194,150,151
A,8271,0.29178250,0.27627923,0.28403087,1,1,261,194,150,151
A,8272,0.31909411,0.27627923,0.29768667,1,1,261,194,150,151
A,8273,0.30855027,0.29347975,0.30101501,1,1,261,194,150,151
A,8274,0.28475821,0.27627923,0.28051872,1,1,261,194,150,151
A,8275,0.17235893,0.18323156,0.17779525,1,1,261,194,150,151
A,8276,0.17327174,0.16822356,0.17074765,1,1,261,194,150,151
A,8277,0.23593191,0.21756310,0.22674751,1,1,261,194,150,151
A,8278,0.27709217,0.27627923,0.27668570,1,1,261,194,150,151
A,8279,0.30855027,0.29261530,0.30058279,1,1,261,194,150,151
A,8280,0.32196045,0.31056207,0.31626126,1,1,261,194,150,151
A,8281,0.34436332,0.31056207,0.32746269,1,1,261,194,150,151
A,8282,0.34186175,0.30964730,0.32575452,1,1,261,194,150,151
A,8283,0.32414193,0.32670266,0.32542229,1,1,254,174,180,180
A,8284,0.32196045,0.34470787,0.33333416,1,1,261,194,150,151
A,8285,0.34186175,0.34401046,0.34293610,1,1,261,194,150,151
A,8286,0.34186175,0.31151473,0.32668824,1,1,261,194,150,151
A,8287,0.30855027,0.30964730,0.30909879,1,1,261,194,150,151
A,8288,0.33530946,0.30869744,0.32200345,1,1,261,194,150,151
A,8289,0.34186175,0.34401046,0.34293610,1,1,261,194,150,151
A,8290,0.32991818,0.29851115,0.31421466,1,1,261,194,150,151
A,8291,0.32740077,0.29933554,0.31336816,1,1,261,194,150,151
A,8292,0.30855027,0.31056207,0.30955617,1,1,261,194,150,151
A,8293,0.31329288,0.28374112,0.29851700,1,1,261,194,150,151
A,8294,0.31329288,0.29240889,0.30285088,1,1,261,194,150,151
A,8295,0.31050371,0.30025659,0.30538015,1,1,261,194,150,151
A,8296,0.31329288,0.29933554,0.30631421,1,1,261,194,150,151
A,8297,0.31329288,0.28374112,0.29851700,1,1,261,194,150,151
A,8298,0.30855027,0.30025659,0.30440343,1,1,261,194,150,151
A,8299,0.29396610,0.29240889,0.29318749,1,1,261,194,150,151
A,8300,0.31132190,0.31056207,0.31094199,1,1,261,194,150,151
A,8301,0.27534894,0.30025659,0.28780276,1,1,261,194,150,151
A,8302,0.25228028,0.23518021,0.24373024,1,1,261,194,150,151
A,8303,0.14010883,0.14645390,0.14328137,1,1,254,174,180,180
A,8304,0.15235380,0.14508582,0.14871981,1,1,261,194,150,151
A,8305,0.15293929,0.15196735,0.15245332,1,1,261,194,150,151
A,8306,0.16847635,0.16280273,0.16563954,1,1,261,194,150,151
A,8307,0.16847635,0.14991673,0.15919654,1,1,261,194,150,151
A,8308,0.18472824,0.17892338,0.18182581,1,1,261,194,150,151
A,8309,0.23249528,0.20956841,0.22103184,1,1,261,194,150,151
A,8310,0.24879034,0.22568906,0.23723970,1,1,261,194,150,151
A,8311,0.27709217,0.21618678,0.24663948,1,1,261,194,150,151
A,8312,0.24028467,0.24202972,0.24115720,1,1,261,194,150,151
A,8313,0.25525114,0.25062813,0.25293964,1,1,261,194,150,151
A,8314,0.23249528,0.23399837,0.23324683,1,1,261,194,150,151
A,8315,0.27396668,0.25062813,0.26229740,1,1,261,194,150,151
A,8316,0.24583185,0.24080732,0.24331958,1,1,261,194,150,151
A,8317,0.28021766,0.24944629,0.26483197,1,1,261,194,150,151
A,8318,0.27534894,0.27569820,0.27552357,1,1,261,194,150,151
A,8319,0.27709217,0.25104503,0.26406860,1,1,261,194,150,151
A,8320,0.27534894,0.25104503,0.26319698,1,1,261,194,150,151
A,8321,0.27534894,0.26607604,0.27071249,1,1,261,194,150,151
A,8322,0.27224310,0.24246051,0.25735181,1,1,261,194,150,151
A,8323,0.26652950,0.25048162,0.25850556,1,1,261,194,150,151
A,8324,0.28345390,0.24246051,0.26295720,1,1,261,194,150,151
A,8325,0.25712567,0.24246051,0.24979309,1,1,261,194,150,151
A,8326,0.26652950,0.25969164,0.26311057,1,1,261,194,150,151
A,8327,0.27709217,0.27569820,0.27639519,1,1,261,194,150,151
A,8328,0.27845477,0.27677097,0.27761287,1,1,261,194,150,151
A,8329,0.26652950,0.26755569,0.26704259,1,1,261,194,150,151
A,8330,0.27709217,0.25062813,0.26386015,1,1,261,194,150,151
A,8331,0.26352315,0.26755569,0.26553942,1,1,261,194,150,151
A,8332,0.27534894,0.25062813,0.26298853,1,1,261,194,150,151
A,8333,0.27534894,0.24246051,0.25890472,1,1,261,194,150,151
A,8334,0.27534894,0.28609713,0.28072303,1,1,261,194,150,151
A,8335,0.27709217,0.25846706,0.26777962,1,1,261,194,150,151
A,8336,0.26214331,0.25907871,0.26061101,1,1,261,194,150,151
A,8337,0.27709217,0.24202972,0.25956095,1,1,261,194,150,151
A,8338,0.26214331,0.27520836,0.26867584,1,1,261,194,150,151
A,8339,0.24383644,0.25800784,0.25092214,1,1,261,194,150,151
A,8340,0.24383644,0.24080732,0.24232188,1,1,261,194,150,151
A,8341,0.24383644,0.24080732,0.24232188,1,1,261,194,150,151
A,8342,0.27709217,0.25907871,0.26808544,1,1,261,194,150,151
A,8343,0.25181451,0.25800784,0.25491118,1,1,261,194,150,151
A,8344,0.24738821,0.24123593,0.24431207,1,1,261,194,150,151
A,8345,0.24383644,0.24123593,0.24253618,1,1,261,194,150,151
A,8346,0.26067744,0.27627923,0.26847834,1,1,261,194,150,151
A,8347,0.27709217,0.25846706,0.26777962,1,1,261,194,150,151
A,8348,0.24383644,0.24202972,0.24293308,1,1,261,194,150,151
A,8349,0.24583185,0.24080732,0.24331958,1,1,261,194,150,151
A,8350,0.25903748,0.26828537,0.26366142,1,1,261,194,150,151
A,8351,0.24230242,0.24080732,0.24155487,1,1,261,194,150,151
A,8352,0.27396668,0.25923025,0.26659846,1,1,261,194,150,151
A,8353,0.27709217,0.25923025,0.26816121,1,1,261,194,150,151
A,8354,0.24383644,0.24080732,0.24232188,1,1,261,194,150,151
A,8355,0.24383644,0.24080732,0.24232188,1,1,261,194,150,151
A,8356,0.24230242,0.24202972,0.24216607,1,1,261,194,150,151
A,8357,0.24028467,0.24936468,0.24482468,1,1,261,194,150,151
A,8358,0.26508540,0.25800784,0.26154662,1,1,261,194,150,151
A,8359,0.24383644,0.24080732,0.24232188,1,1,261,194,150,151
A,8360,0.24383644,0.21618678,0.23001161,1,1,261,194,150,151
A,8361,0.23249528,0.22503036,0.22876282,1,1,261,194,150,151
A,8362,0.27396668,0.24080732,0.25738700,1,1,261,194,150,151
A,8363,0.24860551,0.22482920,0.23671736,1,1,261,194,150,151
A,8364,0.25181451,0.25907871,0.25544661,1,1,261,194,150,151
A,8365,0.24383644,0.24202972,0.24293308,1,1,261,194,150,151
A,8366,0.26025117,0.25048162,0.25536639,1,1,261,194,150,151
A,8367,0.24860551,0.24080732,0.24470642,1,1,261,194,150,151
A,8368,0.24383644,0.21756310,0.23069977,1,1,261,194,150,151
A,8369,0.24028467,0.25907871,0.24968169,1,1,261,194,150,151
A,8370,0.27396668,0.25907871,0.26652269,1,1,261,194,150,151
A,8371,0.28021766,0.25800784,0.26911275,1,1,261,194,150,151
A,8372,0.24383644,0.24080732,0.24232188,1,1,261,194,150,151
A,8373,0.24738821,0.25923025,0.25330923,1,1,261,194,150,151
A,8374,0.27396668,0.27627923,0.27512295,1,1,261,194,150,151
A,8375,0.28021766,0.25800784,0.26911275,1,1,261,194,150,151
A,8376,0.24383644,0.25800784,0.25092214,1,1,261,194,150,151
A,8377,0.24028467,0.25800784,0.24914626,1,1,261,194,150,151
A,8378,0.29396610,0.24944629,0.27170619,1,1,261,194,150,151
A,8379,0.26067744,0.25907871,0.25987808,1,1,261,194,150,151
A,8380,0.25903748,0.24202972,0.25053360,1,1,261,194,150,151
A,8381,0.27709217,0.27520836,0.27615027,1,1,261,194,150,151
A,8382,0.28475821,0.26844229,0.27660025,1,1,261,194,150,151
A,8383,0.24383644,0.25800784,0.25092214,1,1,261,194,150,151
A,8384,0.27396668,0.27520836,0.27458752,1,1,261,194,150,151
A,8385,0.27709217,0.27520836,0.27615027,1,1,261,194,150,151
A,8386,0.28021766,0.27627923,0.27824845,1,1,261,194,150,151
A,8387,0.27709217,0.27627923,0.27668570,1,1,261,194,150,151
A,8388,0.27534894,0.25907871,0.26721382,1,1,261,194,150,151
A,8389,0.26810958,0.27627923,0.27219440,1,1,261,194,150,151
A,8390,0.26953585,0.25923025,0.26438305,1,1,254,174,180,180
A,8391,0.27113375,0.25923025,0.26518200,1,1,254,174,180,180
A,8392,0.24230242,0.25923025,0.25076633,1,1,254,174,180,180
A,8393,0.28021766,0.27520836,0.27771301,1,1,261,194,150,151
A,8394,0.27845477,0.27627923,0.27736700,1,1,261,194,150,151
A,8395,0.25903748,0.25923025,0.25913386,1,1,261,194,150,151
A,8396,0.27709217,0.26711137,0.27210177,1,1,261,194,150,151
A,8397,0.24383644,0.25923025,0.25153334,1,1,261,194,150,151
A,8398,0.27534894,0.25062813,0.26298853,1,1,261,194,150,151
A,8399,0.26067744,0.25923025,0.25995384,1,1,261,194,150,151
A,8400,0.28021766,0.25846706,0.26934236,1,1,261,194,150,151
A,8401,0.26067744,0.25923025,0.25995384,1,1,261,194,150,151
A,8402,0.28021766,0.27520836,0.27771301,1,1,261,194,150,151
A,8403,0.27709217,0.25953984,0.26831600,1,1,261,194,150,151
A,8404,0.27709217,0.27627923,0.27668570,1,1,261,194,150,151
A,8405,0.27709217,0.25953984,0.26831600,1,1,261,194,150,151
A,8406,0.27709217,0.25907871,0.26808544,1,1,261,194,150,151
A,8407,0.28668762,0.25800784,0.27234773,1,1,261,194,150,151
A,8408,0.27709217,0.24202972,0.25956095,1,1,261,194,150,151
A,8409,0.26025117,0.25800784,0.25912950,1,1,261,194,150,151
A,8410,0.28345390,0.25923025,0.27134207,1,1,261,194,150,151
A,8411,0.26652950,0.25907871,0.26280410,1,1,261,194,150,151
A,8412,0.29675527,0.27627923,0.28651725,1,1,261,194,150,151
A,8413,0.28034054,0.25907871,0.26970963,1,1,261,194,150,151
A,8414,0.24383644,0.25953984,0.25168814,1,1,261,194,150,151
A,8415,0.27845477,0.25907871,0.26876674,1,1,261,194,150,151
A,8416,0.27534894,0.28664329,0.28099611,1,1,261,194,150,151
A,8417,0.26652950,0.27520836,0.27086893,1,1,261,194,150,151
A,8418,0.28021766,0.24123593,0.26072680,1,1,261,194,150,151
A,8419,0.27534894,0.27520836,0.27527865,1,1,261,194,150,151
A,8420,0.27845477,0.26607604,0.27226540,1,1,261,194,150,151
A,8421,0.28021766,0.25062813,0.26542289,1,1,261,194,150,151
A,8422,0.28345390,0.25907871,0.27126630,1,1,261,194,150,151
A,8423,0.27709217,0.25048162,0.26378689,1,1,261,194,150,151
A,8424,0.28021766,0.25800784,0.26911275,1,1,261,194,150,151
A,8425,0.27845477,0.27520836,0.27683157,1,1,261,194,150,151
A,8426,0.25228028,0.25923025,0.25575526,1,1,261,194,150,151
A,8427,0.27845477,0.27520836,0.27683157,1,1,261,194,150,151
A,8428,0.27534894,0.26711137,0.27123015,1,1,261,194,150,151
A,8429,0.30855027,0.29347975,0.30101501,1,1,261,194,150,151
A,8430,0.31329288,0.29240889,0.30285088,1,1,261,194,150,151
A,8431,0.31050371,0.29240889,0.30145630,1,1,261,194,150,151
A,8432,0.30175335,0.29336155,0.29755745,1,1,261,194,150,151
A,8433,0.31132190,0.29400211,0.30266201,1,1,261,194,150,151
A,8434,0.27845477,0.25907871,0.26876674,1,1,261,194,150,151
A,8435,0.30855027,0.29240889,0.30047958,1,1,261,194,150,151
A,8436,0.27534894,0.29347975,0.28441434,1,1,261,194,150,151
A,8437,0.27534894,0.27627923,0.27581408,1,1,261,194,150,151
A,8438,0.27534894,0.27627923,0.27581408,1,1,261,194,150,151
A,8439,0.26652950,0.27627923,0.27140436,1,1,261,194,150,151
A,8440,0.30043800,0.28270579,0.29157189,1,1,261,194,150,151
A,8441,0.26652950,0.28270579,0.27461764,1,1,261,194,150,151
A,8442,0.27534894,0.27627923,0.27581408,1,1,261,194,150,151
A,8443,0.27845477,0.27520836,0.27683157,1,1,261,194,150,151
A,8444,0.28475821,0.27520836,0.27998329,1,1,261,194,150,151
A,8445,0.29675527,0.27627923,0.28651725,1,1,261,194,150,151
A,8446,0.27709217,0.27627923,0.27668570,1,1,261,194,150,151
A,8447,0.23936854,0.25048162,0.24492508,1,1,261,194,150,151
A,8448,0.29488833,0.26711137,0.28099985,1,1,261,194,150,151
A,8449,0.29396610,0.29347975,0.29372293,1,1,261,194,150,151
A,8450,0.26214331,0.26711137,0.26462734,1,1,261,194,150,151
A,8451,0.28021766,0.25907871,0.26964819,1,1,261,194,150,151
A,8452,0.27709217,0.25907871,0.26808544,1,1,261,194,150,151
A,8453,0.27113375,0.25907871,0.26510623,1,1,261,194,150,151
A,8454,0.26810958,0.28270579,0.27540768,1,1,261,194,150,151
A,8455,0.26380294,0.25907871,0.26144082,1,1,261,194,150,151
A,8456,0.24738821,0.25846706,0.25292764,1,1,261,194,150,151
A,8457,0.24230242,0.25800784,0.25015513,1,1,261,194,150,151
A,8458,0.27709217,0.25923025,0.26816121,1,1,261,194,150,151
A,8459,0.26953585,0.28374112,0.27663848,1,1,261,194,150,151
A,8460,0.27845477,0.25953984,0.26899730,1,1,261,194,150,151
A,8461,0.27534894,0.25846706,0.26690800,1,1,261,194,150,151
A,8462,0.23936854,0.19988898,0.21962876,1,1,261,194,150,151
A,8463,0.17235893,0.15156614,0.16196254,1,1,261,194,150,151
A,8464,0.16694222,0.17705126,0.17199674,1,1,261,194,150,151
A,8465,0.17235893,0.14508582,0.15872238,1,1,261,194,150,151
A,8466,0.16765473,0.16095569,0.16430521,1,1,261,194,150,151
A,8467,0.24879034,0.24123593,0.24501313,1,1,261,194,150,151
A,8468,0.23249528,0.22400479,0.22825003,1,1,261,194,150,151
A,8469,0.28021766,0.27627923,0.27824845,1,1,261,194,150,151
A,8470,0.28668762,0.26717645,0.27693203,1,1,261,194,150,151
A,8471,0.27709217,0.27627923,0.27668570,1,1,261,194,150,151
A,8472,0.27709217,0.28553225,0.28131221,1,1,261,194,150,151
A,8473,0.27709217,0.27569820,0.27639519,1,1,261,194,150,151
A,8474,0.26025117,0.23399837,0.24712477,1,1,261,194,150,151
A,8475,0.28021766,0.27520836,0.27771301,1,1,261,194,150,151
A,8476,0.27709217,0.26828537,0.27268877,1,1,261,194,150,151
A,8477,0.29396610,0.27627923,0.28512266,1,1,261,194,150,151
A,8478,0.27709217,0.29292934,0.28501075,1,1,261,194,150,151
A,8479,0.27709217,0.29347975,0.28528596,1,1,261,194,150,151
A,8480,0.29396610,0.27569820,0.28483215,1,1,261,194,150,151
A,8481,0.28475821,0.27520836,0.27998329,1,1,261,194,150,151
A,8482,0.27534894,0.27520836,0.27527865,1,1,261,194,150,151
A,8483,0.27534894,0.29240889,0.28387891,1,1,261,194,150,151
A,8484,0.27534894,0.27627923,0.27581408,1,1,261,194,150,151
A,8485,0.28021766,0.27627923,0.27824845,1,1,261,194,150,151
A,8486,0.27709217,0.29347975,0.28528596,1,1,261,194,150,151
A,8487,0.28475821,0.27520836,0.27998329,1,1,261,194,150,151
A,8488,0.31909411,0.28553225,0.30231318,1,1,261,194,150,151
A,8489,0.28021766,0.27627923,0.27824845,1,1,261,194,150,151
A,8490,0.31050371,0.29347975,0.30199173,1,1,261,194,150,151
A,8491,0.32125617,0.29336155,0.30730886,1,1,261,194,150,151
A,8492,0.31050371,0.25800784,0.28425577,1,1,261,194,150,151
A,8493,0.31050371,0.29347975,0.30199173,1,1,261,194,150,151
A,8494,0.31050371,0.27627923,0.29339147,1,1,261,194,150,151
A,8495,0.28154625,0.25907871,0.27031248,1,1,261,194,150,151
A,8496,0.26810958,0.28421311,0.27616134,1,1,261,194,150,151
A,8497,0.31050371,0.26711137,0.28880754,1,1,261,194,150,151
A,8498,0.31050371,0.28362684,0.29706527,1,1,261,194,150,151
A,8499,0.27534894,0.27520836,0.27527865,1,1,261,194,150,151
A,8500,0.27534894,0.29388370,0.28461632,1,1,261,194,150,151
A,8501,0.29396610,0.25062813,0.27229711,1,1,261,194,150,151
A,8502,0.27396668,0.25907871,0.26652269,1,1,261,194,150,151
A,8503,0.31050371,0.29347975,0.30199173,1,1,261,194,150,151
A,8504,0.31050371,0.30390889,0.30720630,1,1,261,194,150,151
A,8505,0.28021766,0.27627923,0.27824845,1,1,261,194,150,151
A,8506,0.28992135,0.28609713,0.28800924,1,1,254,174,180,180
A,8507,0.32125617,0.27627923,0.29876770,1,1,254,174,180,180
A,8508,0.30414588,0.27627923,0.29021256,1,1,254,174,180,180
A,8509,0.29396610,0.27627923,0.28512266,1,1,254,174,180,180
A,8510,0.31050371,0.29347975,0.30199173,1,1,261,194,150,151
A,8511,0.31329288,0.29240889,0.30285088,1,1,261,194,150,151
A,8512,0.31132190,0.29400211,0.30266201,1,1,261,194,150,151
A,8513,0.31050371,0.29336155,0.30193263,1,1,261,194,150,151
A,8514,0.29396610,0.27546544,0.28471577,1,1,254,174,180,180
A,8515,0.32125617,0.27439773,0.29782695,1,1,254,174,180,180
A,8516,0.28668762,0.27546544,0.28107653,1,1,254,174,180,180
A,8517,0.28475821,0.27627923,0.28051872,1,1,254,174,180,180
A,8518,0.28475821,0.27546544,0.28011182,1,1,254,174,180,180
A,8519,0.28668762,0.27520836,0.28094799,1,1,254,174,180,180
A,8520,0.28345390,0.27546544,0.27945967,1,1,254,174,180,180
A,8521,0.32125617,0.29347975,0.30736796,1,1,254,174,180,180
A,8522,0.28668762,0.27546544,0.28107653,1,1,254,174,180,180
A,8523,0.28668762,0.27627923,0.28148343,1,1,254,174,180,180
A,8524,0.30414588,0.27546544,0.28980566,1,1,254,174,180,180
A,8525,0.28668762,0.27627923,0.28148343,1,1,254,174,180,180
A,8526,0.28668762,0.27627923,0.28148343,1,1,254,174,180,180
A,8527,0.27709217,0.27627923,0.27668570,1,1,254,174,180,180
A,8528,0.28668762,0.27520836,0.28094799,1,1,254,174,180,180
A,8529,0.28668762,0.25800784,0.27234773,1,1,254,174,180,180
A,8530,0.28668762,0.27520836,0.28094799,1,1,254,174,180,180
A,8531,0.32125617,0.27520836,0.29823227,1,1,254,174,180,180
A,8532,0.24028467,0.24123593,0.24076030,1,1,261,194,150,151
A,8533,0.20000001,0.19344776,0.19672389,1,1,261,194,150,151
A,8534,0.15161080,0.14247897,0.14704489,1,1,261,194,150,151
A,8535,0.15734883,0.14055639,0.14895261,1,1,254,174,180,180
A,8536,0.15161080,0.14508582,0.14834831,1,1,261,194,150,151
A,8537,0.18472824,0.14508582,0.16490703,1,1,261,194,150,151
A,8538,0.22349268,0.19955703,0.21152486,1,1,254,174,180,180
A,8539,0.23249528,0.20126759,0.21688143,1,1,261,194,150,151
A,8540,0.23548252,0.20677365,0.22112809,1,1,254,174,180,180
A,8541,0.25369538,0.22400479,0.23885008,1,1,254,174,180,180
A,8542,0.28021766,0.25800784,0.26911275,1,1,261,194,150,151
A,8543,0.28345390,0.22503036,0.25424213,1,1,254,174,180,180
A,8544,0.25369538,0.24080732,0.24725135,1,1,254,174,180,180
A,8545,0.29154759,0.24246051,0.26700405,1,1,254,174,180,180
A,8546,0.28345390,0.24123593,0.26234491,1,1,254,174,180,180
A,8547,0.28168520,0.24944629,0.26556574,1,1,261,194,150,151
A,8548,0.28021766,0.27569820,0.27795793,1,1,261,194,150,151
A,8549,0.29675527,0.27677097,0.28676312,1,1,254,174,180,180
A,8550,0.27396668,0.25953984,0.26675326,1,1,254,174,180,180
A,8551,0.28992135,0.25846706,0.27419421,1,1,254,174,180,180
A,8552,0.29362978,0.30279997,0.29821487,1,1,254,174,180,180
A,8553,0.30043800,0.29336155,0.29689977,1,1,254,174,180,180
A,8554,0.29396610,0.27520836,0.28458723,1,1,254,174,180,180
A,8555,0.27293819,0.28498821,0.27896320,1,1,254,174,180,180
A,8556,0.30585191,0.27627923,0.29106557,1,1,254,174,180,180
A,8557,0.29550564,0.27520836,0.28535700,1,1,254,174,180,180
A,8558,0.28504386,0.24080732,0.26292559,1,1,254,174,180,180
A,8559,0.27854334,0.25800784,0.26827559,1,1,254,174,180,180
A,8560,0.28021766,0.24944629,0.26483197,1,1,254,174,180,180
A,8561,0.28668762,0.24202972,0.26435867,1,1,254,174,180,180
A,8562,0.26380294,0.24080732,0.25230513,1,1,254,174,180,180
A,8563,0.26752193,0.24202972,0.25477583,1,1,254,174,180,180
A,8564,0.28168520,0.27677097,0.27922809,1,1,261,194,150,151
A,8565,0.25847227,0.24944629,0.25395928,1,1,261,194,150,151
A,8566,0.27854334,0.25104503,0.26479418,1,1,234,174,180,180
A,8567,0.25712567,0.23399837,0.24556202,1,1,234,174,180,180
A,8568,0.25000000,0.22625276,0.23812638,1,1,234,174,180,180
A,8569,0.27540147,0.25831558,0.26685853,1,1,234,174,180,180
A,8570,0.28504386,0.24131681,0.26318034,1,1,234,174,180,180
A,8571,0.27540147,0.23399837,0.25469992,1,1,234,174,180,180
A,8572,0.30550199,0.25062813,0.27806506,1,1,234,174,180,180
A,8573,0.28504386,0.24202972,0.26353679,1,1,234,174,180,180
A,8574,0.28504386,0.25953438,0.27228912,1,1,234,174,180,180
A,8575,0.30379791,0.26740820,0.28560306,1,1,234,174,180,180
A,8576,0.30260004,0.26637572,0.28448788,1,1,234,174,180,180
A,8577,0.31059715,0.30025659,0.30542687,1,1,234,174,180,180
A,8578,0.30585191,0.27735010,0.29160100,1,1,234,174,180,180
A,8579,0.30550199,0.27546544,0.29048371,1,1,234,174,180,180
A,8580,0.30932607,0.27627923,0.29280265,1,1,234,174,180,180
A,8581,0.31844029,0.27627923,0.29735976,1,1,234,174,180,180
A,8582,0.30932607,0.29356515,0.30144561,1,1,234,174,180,180
A,8583,0.29236377,0.28609713,0.28923045,1,1,234,174,180,180
A,8584,0.28829572,0.26740820,0.27785196,1,1,234,174,180,180
A,8585,0.30260004,0.29336155,0.29798080,1,1,234,174,180,180
A,8586,0.30585191,0.28519375,0.29552283,1,1,234,174,180,180
A,8587,0.32015623,0.31056207,0.31535915,1,1,234,174,180,180
A,8588,0.30585191,0.29443241,0.30014216,1,1,261,178,150,150
A,8589,0.29516755,0.28664329,0.29090542,1,1,261,178,150,150
A,8590,0.31059715,0.29310345,0.30185030,1,1,261,178,150,150
A,8591,0.32448090,0.27800889,0.30124489,1,1,261,178,150,150
A,8592,0.29671993,0.28317605,0.28994799,1,1,261,178,150,150
A,8593,0.25481263,0.24368509,0.24924886,1,1,261,178,150,150
A,8594,0.26030111,0.24295537,0.25162824,1,1,254,154,180,180
A,8595,0.24612066,0.23399837,0.24005952,1,1,254,154,180,180
A,8596,0.23355311,0.21910881,0.22633096,1,1,254,154,180,180
A,8597,0.24612066,0.22683472,0.23647769,1,1,254,154,180,180
A,8598,0.26030111,0.24295537,0.25162824,1,1,254,154,180,180
A,8599,0.24612066,0.21910881,0.23261474,1,1,254,154,180,180
A,8600,0.24253562,0.22665546,0.23459554,1,1,254,154,180,180
A,8601,0.25097036,0.25208208,0.25152622,1,1,254,154,180,180
A,8602,0.22558633,0.20962584,0.21760608,1,1,254,154,180,180
A,8603,0.24325213,0.20819975,0.22572594,1,1,254,154,180,180
A,8604,0.22973304,0.22683472,0.22828388,1,1,254,154,180,180
A,8605,0.24253562,0.20819975,0.22536768,1,1,254,154,180,180
A,8606,0.22558633,0.21910881,0.22234757,1,1,254,154,180,180
A,8607,0.24612066,0.23557142,0.24084604,1,1,254,154,180,180
A,8608,0.24612066,0.24246051,0.24429058,1,1,254,154,180,180
A,8609,0.24325213,0.23451780,0.23888496,1,1,254,154,180,180
A,8610,0.23429291,0.24260462,0.23844877,1,1,254,154,180,180
A,8611,0.27735010,0.24246051,0.25990530,1,1,254,154,180,180
A,8612,0.25110098,0.24246051,0.24678074,1,1,254,154,180,180
A,8613,0.24612066,0.24246051,0.24429058,1,1,254,154,180,180
A,8614,0.24253562,0.23438761,0.23846162,1,1,254,154,180,180
A,8615,0.25846667,0.23438761,0.24642714,1,1,254,154,180,180
A,8616,0.26311943,0.26859274,0.26585609,1,1,254,154,180,180
A,8617,0.26282588,0.24246051,0.25264319,1,1,254,154,180,180
A,8618,0.27653315,0.26755569,0.27204442,1,1,254,154,180,180
A,8619,0.26311943,0.23451780,0.24881861,1,1,254,154,180,180
A,8620,0.25953438,0.23333333,0.24643386,1,1,254,154,180,180
A,8621,0.24612066,0.24246051,0.24429058,1,1,254,154,180,180
A,8622,0.27735010,0.27693548,0.27714279,1,1,254,154,180,180
A,8623,0.26030111,0.23438761,0.24734436,1,1,254,154,180,180
A,8624,0.27735010,0.26874193,0.27304601,1,1,254,154,180,180
A,8625,0.28956536,0.26770430,0.27863483,1,1,254,154,180,180
A,8626,0.26389674,0.25103763,0.25746719,1,1,254,154,180,180
A,8627,0.27968792,0.26874193,0.27421492,1,1,254,154,180,180
A,8628,0.27968792,0.27586207,0.27777500,1,1,254,154,180,180
A,8629,0.29443241,0.27569820,0.28506531,1,1,254,154,180,180
A,8630,0.27653315,0.26666667,0.27159991,1,1,254,154,180,180
A,8631,0.27546544,0.23438761,0.25492653,1,1,261,178,150,150
A,8632,0.26030111,0.23438761,0.24734436,1,1,261,178,150,150
A,8633,0.22558633,0.20137938,0.21348285,1,1,261,178,150,150
A,8634,0.25953438,0.24246051,0.25099745,1,1,261,178,150,150
A,8635,0.26638450,0.26666667,0.26652558,1,1,261,178,150,150
A,8636,0.27653315,0.25000000,0.26326658,1,1,261,178,150,150
A,8637,0.25369538,0.24260462,0.24815000,1,1,261,178,150,150
A,8638,0.24154307,0.23438761,0.23796534,1,1,261,178,150,150
A,8639,0.22215238,0.23320381,0.22767809,1,1,261,178,150,150
A,8640,0.25000958,0.23451780,0.24226369,1,1,261,178,150,150
A,8641,0.25847227,0.25969410,0.25908319,1,1,261,178,150,150
A,8642,0.25847227,0.23333333,0.24590280,1,1,261,178,150,150
A,8643,0.26942349,0.23333333,0.25137841,1,1,261,178,150,150
A,8644,0.27241173,0.24137931,0.25689552,1,1,261,178,150,150
A,8645,0.24154307,0.20819975,0.22487141,1,1,261,178,150,150
A,8646,0.22130193,0.23333333,0.22731763,1,1,261,178,150,150
A,8647,0.25650205,0.23451780,0.24550992,1,1,261,178,150,150
A,8648,0.23680340,0.24260462,0.23970401,1,1,254,174,180,180
A,8649,0.26067744,0.24137931,0.25102838,1,1,254,174,180,180
A,8650,0.24511344,0.23451780,0.23981562,1,1,254,174,180,180
A,8651,0.25346305,0.23320381,0.24333343,1,1,254,174,180,180
A,8652,0.26380294,0.22568906,0.24474600,1,1,254,174,180,180
A,8653,0.23363466,0.21654639,0.22509053,1,1,254,174,180,180
A,8654,0.18395372,0.16288741,0.17342057,1,1,254,174,180,180
A,8655,0.17320360,0.18035133,0.17677746,1,1,254,174,180,180
A,8656,0.17417919,0.17875424,0.17646671,1,1,254,174,180,180
A,8657,0.22704445,0.23333333,0.23018889,1,1,254,174,180,180
A,8658,0.21604269,0.19488327,0.20546298,1,1,254,174,180,180
A,8659,0.23115268,0.20137938,0.21626603,1,1,254,174,180,180
A,8660,0.23115268,0.19988898,0.21552083,1,1,254,174,180,180
A,8661,0.26380294,0.21666667,0.24023480,1,1,254,174,180,180
A,8662,0.26380294,0.21654639,0.24017466,1,1,254,174,180,180
A,8663,0.26204264,0.24986122,0.25595193,1,1,254,174,180,180
A,8664,0.26970447,0.23451780,0.25211113,1,1,254,174,180,180
A,8665,0.25847227,0.24123593,0.24985410,1,1,254,174,180,180
A,8666,0.24511344,0.25846706,0.25179025,1,1,254,174,180,180
A,8667,0.27121731,0.24123593,0.25622662,1,1,254,174,180,180
A,8668,0.24738821,0.24246051,0.24492436,1,1,254,174,180,180
A,8669,0.25712567,0.24246051,0.24979309,1,1,254,174,180,180
A,8670,0.25595504,0.21804605,0.23700054,1,1,254,174,180,180
A,8671,0.26380294,0.23320381,0.24850337,1,1,254,174,180,180
A,8672,0.25222697,0.23438761,0.24330729,1,1,254,174,180,180
A,8673,0.27113375,0.25089828,0.26101601,1,1,254,174,180,180
A,8674,0.26970447,0.24137931,0.25554189,1,1,254,174,180,180
A,8675,0.26204264,0.27569820,0.26887042,1,1,254,174,180,180
A,8676,0.25712567,0.24986122,0.25349345,1,1,254,174,180,180
A,8677,0.24511344,0.23438761,0.23975053,1,1,254,174,180,180
A,8678,0.22022269,0.24180971,0.23101620,1,1,254,174,180,180
A,8679,0.26518451,0.23333333,0.24925892,1,1,254,174,180,180
A,8680,0.26380294,0.25104503,0.25742398,1,1,254,174,180,180
A,8681,0.26380294,0.23320381,0.24850337,1,1,254,174,180,180
A,8682,0.26380294,0.24986122,0.25683208,1,1,254,174,180,180
A,8683,0.28021766,0.24986122,0.26503944,1,1,254,174,180,180
A,8684,0.29675527,0.26651864,0.28163695,1,1,254,174,180,180
A,8685,0.28992135,0.25000000,0.26996067,1,1,254,174,180,180
A,8686,0.24028467,0.24944629,0.24486548,1,1,254,174,180,180
A,8687,0.26380294,0.23281653,0.24830973,1,1,254,174,180,180
A,8688,0.28021766,0.27677097,0.27849432,1,1,254,174,180,180
A,8689,0.27854334,0.25893399,0.26873866,1,1,254,174,180,180
A,8690,0.27854334,0.26651864,0.27253099,1,1,254,174,180,180
A,8691,0.27709217,0.26651864,0.27180540,1,1,254,174,180,180
A,8692,0.27534894,0.26711137,0.27123015,1,1,254,174,180,180
A,8693,0.28021766,0.25953984,0.26987875,1,1,254,174,180,180
A,8694,0.25595504,0.25846706,0.25721105,1,1,254,174,180,180
A,8695,0.29084061,0.27569820,0.28326940,1,1,254,174,180,180
A,8696,0.27854334,0.25846706,0.26850520,1,1,254,174,180,180
A,8697,0.27293819,0.25846706,0.26570263,1,1,254,174,180,180
A,8698,0.28021766,0.27677097,0.27849432,1,1,254,174,180,180
A,8699,0.32414193,0.27784375,0.30099284,1,1,254,174,180,180
A,8700,0.28668762,0.28664329,0.28666546,1,1,254,174,180,180
A,8701,0.28829572,0.28498821,0.28664197,1,1,254,174,180,180
A,8702,0.30585191,0.27520836,0.29053014,1,1,254,174,180,180
A,8703,0.28829572,0.28553225,0.28691399,1,1,254,174,180,180
A,8704,0.29516755,0.31016048,0.30266402,1,1,254,174,180,180
A,8705,0.30585191,0.27520836,0.29053014,1,1,254,174,180,180
A,8706,0.29516755,0.27569820,0.28543288,1,1,254,174,180,180
A,8707,0.27854334,0.29336155,0.28595244,1,1,254,174,180,180
A,8708,0.29516755,0.27735010,0.28625883,1,1,254,174,180,180
A,8709,0.32125617,0.27627923,0.29876770,1,1,254,174,180,180
A,8710,0.30379791,0.27677097,0.29028444,1,1,254,174,180,180
A,8711,0.31050371,0.27735010,0.29392690,1,1,254,174,180,180
A,8712,0.31050371,0.29443241,0.30246806,1,1,254,174,180,180
A,8713,0.28829572,0.28609713,0.28719643,1,1,254,174,180,180
A,8714,0.32305817,0.29443241,0.30874529,1,1,254,174,180,180
A,8715,0.27854334,0.24986122,0.26420228,1,1,254,174,180,180
A,8716,0.30414588,0.26607604,0.28511096,1,1,254,174,180,180
A,8717,0.29154759,0.24986122,0.27070440,1,1,254,174,180,180
A,8718,0.28829572,0.27569820,0.28199696,1,1,254,174,180,180
A,8719,0.28443650,0.26651864,0.27547757,1,1,254,174,180,180
A,8720,0.31050371,0.29983347,0.30516859,1,1,254,174,180,180
A,8721,0.28992135,0.24123593,0.26557864,1,1,254,174,180,180
A,8722,0.27709217,0.25846706,0.26777962,1,1,254,174,180,180
A,8723,0.28992135,0.27520836,0.28256486,1,1,254,174,180,180
A,8724,0.27396668,0.27677097,0.27536883,1,1,254,174,180,180
A,8725,0.26025117,0.26755569,0.26390343,1,1,254,174,180,180
A,8726,0.26970447,0.27677097,0.27323772,1,1,254,174,180,180
A,8727,0.31050371,0.26711137,0.28880754,1,1,254,174,180,180
A,8728,0.29236377,0.27677097,0.28456737,1,1,254,174,180,180
A,8729,0.28345390,0.27677097,0.28011244,1,1,254,174,180,180
A,8730,0.27709217,0.25846706,0.26777962,1,1,254,174,180,180
A,8731,0.31329288,0.27520836,0.29425062,1,1,254,174,180,180
A,8732,0.31050371,0.29292934,0.30171652,1,1,254,174,180,180
A,8733,0.27854334,0.27520836,0.27687585,1,1,254,174,180,180
A,8734,0.28877349,0.25953984,0.27415666,1,1,254,174,180,180
A,8735,0.28829572,0.25846706,0.27338139,1,1,254,174,180,180
A,8736,0.28504386,0.25846706,0.27175546,1,1,254,174,180,180
A,8737,0.28829572,0.28664329,0.28746950,1,1,254,174,180,180
A,8738,0.28829572,0.27569820,0.28199696,1,1,254,174,180,180
A,8739,0.28829572,0.26768648,0.27799110,1,1,254,174,180,180
A,8740,0.28992135,0.26768648,0.27880392,1,1,254,174,180,180
A,8741,0.29488833,0.29292934,0.29390884,1,1,254,174,180,180
A,8742,0.28829572,0.28553225,0.28691399,1,1,254,174,180,180
A,8743,0.29154759,0.25953984,0.27554371,1,1,254,174,180,180
A,8744,0.28668762,0.25846706,0.27257734,1,1,254,174,180,180
A,8745,0.28992135,0.27569820,0.28280978,1,1,254,174,180,180
A,8746,0.29154759,0.25953984,0.27554371,1,1,254,174,180,180
A,8747,0.30585191,0.29292934,0.29939062,1,1,254,174,180,180
A,8748,0.28829572,0.25953984,0.27391778,1,1,254,174,180,180
A,8749,0.27709217,0.25846706,0.26777962,1,1,254,174,180,180
A,8750,0.28668762,0.26814670,0.27741716,1,1,254,174,180,180
A,8751,0.28021766,0.25846706,0.26934236,1,1,254,174,180,180
A,8752,0.28992135,0.27569820,0.28280978,1,1,254,174,180,180
A,8753,0.27709217,0.27569820,0.27639519,1,1,254,174,180,180
A,8754,0.28992135,0.27586207,0.28289171,1,1,254,174,180,180
A,8755,0.27709217,0.27569820,0.27639519,1,1,254,174,180,180
A,8756,0.28668762,0.27586207,0.28127485,1,1,254,174,180,180
A,8757,0.27540147,0.25969410,0.26754779,1,1,254,174,180,180
A,8758,0.25847227,0.24123593,0.24985410,1,1,254,174,180,180
A,8759,0.24868381,0.24123593,0.24495987,1,1,254,174,180,180
A,8760,0.25369538,0.22522937,0.23946237,1,1,254,174,180,180
A,8761,0.24511344,0.22543089,0.23527216,1,1,254,174,180,180
A,8762,0.22466314,0.24123593,0.23294953,1,1,254,174,180,180
A,8763,0.22466314,0.21654639,0.22060477,1,1,254,174,180,180
A,8764,0.22466314,0.19988898,0.21227606,1,1,254,174,180,180
A,8765,0.26380294,0.23438761,0.24909527,1,1,254,174,180,180
A,8766,0.26518451,0.23320381,0.24919416,1,1,254,174,180,180
A,8767,0.25000000,0.22400479,0.23700239,1,1,254,174,180,180
A,8768,0.26067744,0.23333333,0.24700539,1,1,254,174,180,180
A,8769,0.25712567,0.24260462,0.24986515,1,1,254,174,180,180
A,8770,0.25712567,0.24137931,0.24925249,1,1,254,174,180,180
A,8771,0.23363466,0.21654639,0.22509053,1,1,254,174,180,180
A,8772,0.22879288,0.22413793,0.22646541,1,1,254,174,180,180
A,8773,0.24738821,0.21654639,0.23196730,1,1,254,174,180,180
A,8774,0.24154307,0.24137931,0.24146119,1,1,254,174,180,180
A,8775,0.24028467,0.22400479,0.23214473,1,1,254,174,180,180
A,8776,0.24028467,0.22543089,0.23285778,1,1,254,174,180,180
A,8777,0.24154307,0.21785113,0.22969710,1,1,254,174,180,180
A,8778,0.24868381,0.20689655,0.22779018,1,1,254,174,180,180
A,8779,0.25847227,0.22543089,0.24195158,1,1,254,174,180,180
A,8780,0.24154307,0.24137931,0.24146119,1,1,254,174,180,180
A,8781,0.22349268,0.24137931,0.23243600,1,1,254,174,180,180
A,8782,0.24154307,0.21785113,0.22969710,1,1,254,174,180,180
A,8783,0.24028467,0.23333333,0.23680900,1,1,254,174,180,180
A,8784,0.24154307,0.22413793,0.23284050,1,1,254,174,180,180
A,8785,0.24154307,0.24137931,0.24146119,1,1,254,174,180,180
A,8786,0.24028467,0.24260462,0.24144464,1,1,254,174,180,180
A,8787,0.25739075,0.22536324,0.24137700,1,1,254,174,180,180
A,8788,0.22466314,0.20000000,0.21233157,1,1,254,174,180,180
A,8789,0.15751089,0.14675838,0.15213464,1,1,254,174,180,180
A,8790,0.19586847,0.18498366,0.19042606,1,1,254,174,180,180
A,8791,0.17813355,0.17732712,0.17773033,1,1,254,174,180,180
A,8792,0.15751089,0.13333333,0.14542211,1,1,254,174,180,180
A,8793,0.20778321,0.17875424,0.19326873,1,1,254,174,180,180
A,8794,0.20670070,0.20137938,0.20404004,1,1,254,174,180,180
A,8795,0.23236325,0.19136241,0.21186283,1,1,254,174,180,180
A,8796,0.23490680,0.21666667,0.22578673,1,1,254,174,180,180
A,8797,0.25595504,0.19988898,0.22792201,1,1,254,174,180,180
A,8798,0.24028467,0.23451780,0.23740123,1,1,254,174,180,180
A,8799,0.25222697,0.21792501,0.23507599,1,1,254,174,180,180
A,8800,0.26810958,0.23438761,0.25124859,1,1,254,174,180,180
A,8801,0.24738821,0.23320381,0.24029601,1,1,254,174,180,180
A,8802,0.24738821,0.23320381,0.24029601,1,1,254,174,180,180
A,8803,0.24738821,0.20126759,0.22432790,1,1,254,174,180,180
A,8804,0.26380294,0.24123593,0.25251943,1,1,254,174,180,180
A,8805,0.24738821,0.22400479,0.23569650,1,1,254,174,180,180
A,8806,0.26025117,0.24123593,0.25074355,1,1,254,174,180,180
A,8807,0.26025117,0.24246051,0.25135584,1,1,254,174,180,180
A,8808,0.26025117,0.23320381,0.24672749,1,1,254,174,180,180
A,8809,0.24383644,0.22400479,0.23392061,1,1,254,174,180,180
A,8810,0.24738821,0.23320381,0.24029601,1,1,254,174,180,180
A,8811,0.24738821,0.24123593,0.24431207,1,1,254,174,180,180
A,8812,0.24028467,0.24123593,0.24076030,1,1,254,174,180,180
A,8813,0.26067744,0.24123593,0.25095668,1,1,254,174,180,180
A,8814,0.28021766,0.24123593,0.26072680,1,1,254,174,180,180
A,8815,0.24860551,0.25104503,0.24982527,1,1,254,174,180,180
A,8816,0.25595504,0.25846706,0.25721105,1,1,254,174,180,180
A,8817,0.24738821,0.23320381,0.24029601,1,1,254,174,180,180
A,8818,0.25712567,0.23320381,0.24516474,1,1,254,174,180,180
A,8819,0.24738821,0.21654639,0.23196730,1,1,254,174,180,180
A,8820,0.24154307,0.23333333,0.23743820,1,1,254,174,180,180
A,8821,0.25739075,0.22413793,0.24076434,1,1,254,174,180,180
A,8822,0.25739075,0.22400479,0.24069777,1,1,254,174,180,180
A,8823,0.24511344,0.23320381,0.23915862,1,1,254,174,180,180
A,8824,0.23593191,0.22543089,0.23068140,1,1,254,174,180,180
A,8825,0.23708813,0.24123593,0.23916203,1,1,254,174,180,180
A,8826,0.23236325,0.21654639,0.22445482,1,1,254,174,180,180
A,8827,0.26810958,0.24246051,0.25528504,1,1,254,174,180,180
A,8828,0.28021766,0.24986122,0.26503944,1,1,254,174,180,180
A,8829,0.25000000,0.23438761,0.24219381,1,1,254,174,180,180
A,8830,0.26810958,0.23399837,0.25105397,1,1,254,174,180,180
A,8831,0.25222697,0.23320381,0.24271539,1,1,254,174,180,180
A,8832,0.22760091,0.24123593,0.23441842,1,1,254,174,180,180
A,8833,0.24028467,0.22543089,0.23285778,1,1,254,174,180,180
A,8834,0.26025117,0.25846706,0.25935912,1,1,254,174,180,180
A,8835,0.24738821,0.24123593,0.24431207,1,1,254,174,180,180
A,8836,0.24738821,0.25846706,0.25292764,1,1,254,174,180,180
A,8837,0.24738821,0.24123593,0.24431207,1,1,254,174,180,180
A,8838,0.24868381,0.24123593,0.24495987,1,1,254,174,180,180
A,8839,0.25712567,0.25089828,0.25401197,1,1,254,174,180,180
A,8840,0.26380294,0.24123593,0.25251943,1,1,254,174,180,180
A,8841,0.24868381,0.24080732,0.24474557,1,1,254,174,180,180
A,8842,0.26380294,0.23438761,0.24909527,1,1,254,174,180,180
A,8843,0.26518451,0.24137931,0.25328191,1,1,254,174,180,180
A,8844,0.26380294,0.22400479,0.24390386,1,1,254,174,180,180
A,8845,0.24511344,0.24123593,0.24317468,1,1,254,174,180,180
A,8846,0.24511344,0.22400479,0.23455912,1,1,254,174,180,180
A,8847,0.26380294,0.23451780,0.24916037,1,1,254,174,180,180
A,8848,0.28021766,0.25846706,0.26934236,1,1,254,174,180,180
A,8849,0.27709217,0.25104503,0.26406860,1,1,254,174,180,180
A,8850,0.26067744,0.24246051,0.25156897,1,1,254,174,180,180
A,8851,0.26067744,0.26651864,0.26359804,1,1,254,174,180,180
A,8852,0.26380294,0.26755569,0.26567931,1,1,254,174,180,180
A,8853,0.28021766,0.26651864,0.27336815,1,1,254,174,180,180
A,8854,0.24383644,0.25089828,0.24736736,1,1,254,174,180,180
A,8855,0.26380294,0.25104503,0.25742398,1,1,254,174,180,180
A,8856,0.26926343,0.25953984,0.26440163,1,1,254,174,180,180
A,8857,0.27709217,0.25846706,0.26777962,1,1,254,174,180,180
A,8858,0.26025117,0.25104503,0.25564810,1,1,254,174,180,180
A,8859,0.26067744,0.25969164,0.26018454,1,1,254,174,180,180
A,8860,0.27709217,0.25846706,0.26777962,1,1,254,174,180,180
A,8861,0.29675527,0.26651864,0.28163695,1,1,254,174,180,180
A,8862,0.28443650,0.25969164,0.27206407,1,1,254,174,180,180
A,8863,0.27709217,0.25969164,0.26839191,1,1,254,174,180,180
A,8864,0.29396610,0.26651864,0.28024237,1,1,254,174,180,180
A,8865,0.29396610,0.29292934,0.29344772,1,1,254,174,180,180
A,8866,0.28992135,0.24986122,0.26989129,1,1,254,174,180,180
A,8867,0.28021766,0.29240889,0.28631328,1,1,254,174,180,180
A,8868,0.27709217,0.28270579,0.27989898,1,1,254,174,180,180
A,8869,0.28021766,0.27627923,0.27824845,1,1,254,174,180,180
A,8870,0.29550564,0.28362684,0.28956624,1,1,254,174,180,180
A,8871,0.27709217,0.28270579,0.27989898,1,1,254,174,180,180
A,8872,0.29675527,0.29240889,0.29458208,1,1,254,174,180,180
A,8873,0.29675527,0.29240889,0.29458208,1,1,254,174,180,180
A,8874,0.32125617,0.29292934,0.30709276,1,1,254,174,180,180
A,8875,0.30135024,0.29347975,0.29741500,1,1,254,174,180,180
A,8876,0.29675527,0.28270579,0.28973053,1,1,254,174,180,180
A,8877,0.30855027,0.27520836,0.29187932,1,1,254,174,180,180
A,8878,0.30703164,0.28270579,0.29486871,1,1,254,174,180,180
A,8879,0.31132190,0.28270579,0.29701384,1,1,254,174,180,180
A,8880,0.30585191,0.29292934,0.29939062,1,1,254,174,180,180
A,8881,0.29396610,0.29347975,0.29372293,1,1,254,174,180,180
A,8882,0.27709217,0.27677097,0.27693157,1,1,254,174,180,180
A,8883,0.27709217,0.27677097,0.27693157,1,1,254,174,180,180
A,8884,0.29675527,0.25846706,0.27761117,1,1,254,174,180,180
A,8885,0.28668762,0.27627923,0.28148343,1,1,254,174,180,180
A,8886,0.31132190,0.26607604,0.28869897,1,1,254,174,180,180
A,8887,0.32125617,0.27677097,0.29901357,1,1,254,174,180,180
A,8888,0.29488833,0.26711137,0.28099985,1,1,254,174,180,180
A,8889,0.28021766,0.27627923,0.27824845,1,1,254,174,180,180
A,8890,0.29830942,0.29240889,0.29535915,1,1,254,174,180,180
A,8891,0.27293819,0.27627923,0.27460871,1,1,254,174,180,180
A,8892,0.28668762,0.25800784,0.27234773,1,1,254,174,180,180
A,8893,0.32125617,0.26711137,0.29418377,1,1,254,174,180,180
A,8894,0.31329288,0.28270579,0.29799933,1,1,254,174,180,180
A,8895,0.32414193,0.29240889,0.30827541,1,1,254,174,180,180
A,8896,0.29675527,0.27520836,0.28598182,1,1,254,174,180,180
A,8897,0.27845477,0.27520836,0.27683157,1,1,254,174,180,180
A,8898,0.27709217,0.25846706,0.26777962,1,1,254,174,180,180
A,8899,0.27709217,0.24944629,0.26326923,1,1,254,174,180,180
A,8900,0.27709217,0.27520836,0.27615027,1,1,254,174,180,180
A,8901,0.28021766,0.28270579,0.28146173,1,1,254,174,180,180
A,8902,0.28021766,0.26607604,0.27314685,1,1,254,174,180,180
A,8903,0.26025117,0.24123593,0.25074355,1,1,254,174,180,180
A,8904,0.22349268,0.21654639,0.22001954,1,1,254,174,180,180
A,8905,0.26380294,0.23438761,0.24909527,1,1,254,174,180,180
A,8906,0.24738821,0.22413793,0.23576307,1,1,254,174,180,180
A,8907,0.24511344,0.23320381,0.23915862,1,1,254,174,180,180
A,8908,0.24383644,0.24123593,0.24253618,1,1,254,174,180,180
A,8909,0.24383644,0.24246051,0.24314847,1,1,254,174,180,180
A,8910,0.23708813,0.24246051,0.23977432,1,1,254,174,180,180
A,8911,0.24383644,0.21654639,0.23019142,1,1,254,174,180,180
A,8912,0.25712567,0.22543089,0.24127828,1,1,254,174,180,180
A,8913,0.24028467,0.22522937,0.23275702,1,1,254,174,180,180
A,8914,0.22879288,0.19478195,0.21178742,1,1,254,174,180,180
A,8915,0.13623124,0.14516129,0.14069627,1,1,254,174,180,180
A,8916,0.14254308,0.13101783,0.13678046,1,1,254,174,180,180
A,8917,0.15235380,0.13538509,0.14386944,1,1,254,174,180,180
A,8918,0.17320360,0.14675838,0.15998099,1,1,254,174,180,180
A,8919,0.22130193,0.18333333,0.20231763,1,1,254,174,180,180
A,8920,0.23115268,0.17892338,0.20503803,1,1,254,174,180,180
A,8921,0.23115268,0.18333333,0.20724301,1,1,254,174,180,180
A,8922,0.21730740,0.20126759,0.20928750,1,1,254,174,180,180
A,8923,0.23115268,0.20126759,0.21621013,1,1,254,174,180,180
A,8924,0.21730740,0.20832350,0.21281545,1,1,254,174,180,180
A,8925,0.24383644,0.21654639,0.23019142,1,1,254,174,180,180
A,8926,0.24511344,0.21654639,0.23082992,1,1,254,174,180,180
A,8927,0.23593191,0.23451780,0.23522485,1,1,254,174,180,180
A,8928,0.26025117,0.24123593,0.25074355,1,1,254,174,180,180
A,8929,0.23936854,0.23320381,0.23628617,1,1,254,174,180,180
A,8930,0.28021766,0.25846706,0.26934236,1,1,254,174,180,180
A,8931,0.27709217,0.26755569,0.27232393,1,1,254,174,180,180
A,8932,0.29675527,0.24986122,0.27330825,1,1,254,174,180,180
A,8933,0.25228028,0.25953984,0.25591006,1,1,254,174,180,180
A,8934,0.24383644,0.25104503,0.24744073,1,1,254,174,180,180
A,8935,0.26025117,0.24986122,0.25505619,1,1,254,174,180,180
A,8936,0.24383644,0.25953984,0.25168814,1,1,254,174,180,180
A,8937,0.28021766,0.25793035,0.26907401,1,1,254,174,180,180
A,8938,0.27709217,0.26651864,0.27180540,1,1,254,174,180,180
A,8939,0.27709217,0.24986122,0.26347670,1,1,254,174,180,180
A,8940,0.26025117,0.24246051,0.25135584,1,1,254,174,180,180
A,8941,0.27709217,0.25104503,0.26406860,1,1,254,174,180,180
A,8942,0.27709217,0.25104503,0.26406860,1,1,254,174,180,180
A,8943,0.28021766,0.24080732,0.26051249,1,1,254,174,180,180
A,8944,0.26380294,0.24080732,0.25230513,1,1,254,174,180,180
A,8945,0.24738821,0.24123593,0.24431207,1,1,254,174,180,180
A,8946,0.28021766,0.25048162,0.26534964,1,1,254,174,180,180
A,8947,0.23795784,0.26755569,0.25275677,1,1,254,174,180,180
A,8948,0.26953585,0.25089828,0.26021706,1,1,254,174,180,180
A,8949,0.27709217,0.24123593,0.25916405,1,1,254,174,180,180
A,8950,0.26214331,0.24123593,0.25168962,1,1,254,174,180,180
A,8951,0.24583185,0.23320381,0.23951783,1,1,254,174,180,180
A,8952,0.25228028,0.25969164,0.25598596,1,1,254,174,180,180
A,8953,0.24738821,0.23320381,0.24029601,1,1,254,174,180,180
A,8954,0.24738821,0.23320381,0.24029601,1,1,254,174,180,180
A,8955,0.25903748,0.25846706,0.25875227,1,1,254,174,180,180
A,8956,0.24738821,0.24986122,0.24862472,1,1,254,174,180,180
A,8957,0.26380294,0.25846706,0.26113500,1,1,254,174,180,180
A,8958,0.28021766,0.27569820,0.27795793,1,1,254,174,180,180
A,8959,0.28021766,0.25846706,0.26934236,1,1,254,174,180,180
A,8960,0.28021766,0.26651864,0.27336815,1,1,254,174,180,180
A,8961,0.31329288,0.29400211,0.30364750,1,1,254,174,180,180
A,8962,0.28443650,0.28317605,0.28380627,1,1,254,174,180,180
A,8963,0.31329288,0.29400211,0.30364750,1,1,254,174,180,180
A,8964,0.30135024,0.29983347,0.30059186,1,1,254,174,180,180
A,8965,0.31132190,0.29336155,0.30234172,1,1,254,174,180,180
A,8966,0.30855027,0.28362684,0.29608856,1,1,254,174,180,180
A,8967,0.31329288,0.29292934,0.30311111,1,1,254,174,180,180
A,8968,0.31329288,0.31016048,0.31172668,1,1,254,174,180,180
A,8969,0.30855027,0.29292934,0.30073981,1,1,254,174,180,180
A,8970,0.31132190,0.27520836,0.29326513,1,1,254,174,180,180
A,8971,0.30855027,0.29240889,0.30047958,1,1,254,174,180,180
A,8972,0.29675527,0.29292934,0.29484231,1,1,254,174,180,180
A,8973,0.31132190,0.27627923,0.29380056,1,1,254,174,180,180
A,8974,0.31050371,0.29400211,0.30225291,1,1,254,174,180,180
A,8975,0.31050371,0.29388370,0.30219370,1,1,254,174,180,180
A,8976,0.31329288,0.29388370,0.30358829,1,1,254,174,180,180
A,8977,0.30135024,0.29400211,0.29767618,1,1,254,174,180,180
A,8978,0.31132190,0.29336155,0.30234172,1,1,254,174,180,180
A,8979,0.31329288,0.27627923,0.29478605,1,1,254,174,180,180
A,8980,0.31329288,0.28317605,0.29823446,1,1,254,174,180,180
A,8981,0.30313675,0.28317605,0.29315640,1,1,254,174,180,180
A,8982,0.31132190,0.26607604,0.28869897,1,1,254,174,180,180
A,8983,0.31132190,0.30279997,0.30706094,1,1,254,174,180,180
A,8984,0.30855027,0.26607604,0.28731316,1,1,254,174,180,180
A,8985,0.31050371,0.29240889,0.30145630,1,1,254,174,180,180
A,8986,0.30855027,0.29240889,0.30047958,1,1,254,174,180,180
A,8987,0.31132190,0.28270579,0.29701384,1,1,254,174,180,180
A,8988,0.28021766,0.28374112,0.28197939,1,1,254,174,180,180
A,8989,0.27709217,0.29347975,0.28528596,1,1,254,174,180,180
A,8990,0.30496531,0.29240889,0.29868710,1,1,254,174,180,180
A,8991,0.31329288,0.26607604,0.28968446,1,1,254,174,180,180
A,8992,0.27396668,0.24986122,0.26191395,1,1,254,174,180,180
A,8993,0.27709217,0.27677097,0.27693157,1,1,254,174,180,180
A,8994,0.27709217,0.28317605,0.28013411,1,1,254,174,180,180
A,8995,0.28021766,0.26607604,0.27314685,1,1,254,174,180,180
A,8996,0.27854334,0.25089828,0.26472081,1,1,254,174,180,180
A,8997,0.27709217,0.25893399,0.26801308,1,1,254,174,180,180
A,8998,0.31050371,0.26814670,0.28932520,1,1,254,174,180,180
A,8999,0.31050371,0.26607604,0.28828987,1,1,254,174,180,180
A,9000,0.27709217,0.25800784,0.26755001,1,1,254,174,180,180
A,9001,0.27709217,0.25800784,0.26755001,1,1,254,174,180,180
A,9002,0.31329288,0.28466217,0.29897752,1,1,254,174,180,180
A,9003,0.29396610,0.25166346,0.27281478,1,1,254,174,180,180
A,9004,0.27854334,0.27569820,0.27712077,1,1,254,174,180,180
A,9005,0.27396668,0.23438761,0.25417714,1,1,254,174,180,180
A,9006,0.27709217,0.26711137,0.27210177,1,1,254,174,180,180
A,9007,0.27709217,0.25104503,0.26406860,1,1,254,174,180,180
A,9008,0.27845477,0.27677097,0.27761287,1,1,254,174,180,180
A,9009,0.28021766,0.27520836,0.27771301,1,1,254,174,180,180
A,9010,0.29675527,0.28362684,0.29019106,1,1,254,174,180,180
A,9011,0.31050371,0.29388370,0.30219370,1,1,254,174,180,180
A,9012,0.30313675,0.28466217,0.29389946,1,1,254,174,180,180
A,9013,0.28021766,0.27627923,0.27824845,1,1,254,174,180,180
A,9014,0.31132190,0.31056207,0.31094199,1,1,254,174,180,180
A,9015,0.30135024,0.31596530,0.30865777,1,1,254,174,180,180
A,9016,0.30322160,0.28317605,0.29319883,1,1,254,174,180,180
A,9017,0.31329288,0.29983347,0.30656317,1,1,254,174,180,180
A,9018,0.31329288,0.32680993,0.32005141,1,1,254,174,180,180
A,9019,0.30855027,0.29336155,0.30095591,1,1,254,174,180,180
A,9020,0.29396610,0.29388370,0.29392490,1,1,254,174,180,180
A,9021,0.31050371,0.31016048,0.31033209,1,1,254,174,180,180
A,9022,0.32534104,0.31111483,0.31822794,1,1,254,174,180,180
A,9023,0.31050371,0.31111483,0.31080927,1,1,254,174,180,180
A,9024,0.32991818,0.29388370,0.31190094,1,1,254,174,180,180
A,9025,0.31922311,0.31111483,0.31516897,1,1,254,174,180,180
A,9026,0.31329288,0.33906955,0.32618121,1,1,254,174,180,180
A,9027,0.32784261,0.32739162,0.32761711,1,1,254,174,180,180
A,9028,0.35854397,0.32825102,0.34339750,1,1,254,174,180,180
A,9029,0.32414193,0.32739162,0.32576677,1,1,254,174,180,180
A,9030,0.31329288,0.31151473,0.31240381,1,1,254,174,180,180
A,9031,0.32125617,0.29292934,0.30709276,1,1,254,174,180,180
A,9032,0.32784261,0.31016048,0.31900154,1,1,254,174,180,180
A,9033,0.32414193,0.32680993,0.32547593,1,1,254,174,180,180
A,9034,0.34134295,0.32739162,0.33436728,1,1,254,174,180,180
A,9035,0.32991818,0.32739162,0.32865490,1,1,254,174,180,180
A,9036,0.31050371,0.31056207,0.31053289,1,1,254,174,180,180
A,9037,0.34186175,0.32739162,0.33462668,1,1,254,174,180,180
A,9038,0.32125617,0.32825102,0.32475360,1,1,254,174,180,180
A,9039,0.34654348,0.31649088,0.33151718,1,1,254,174,180,180
A,9040,0.31329288,0.29933554,0.30631421,1,1,254,174,180,180
A,9041,0.30855027,0.29240889,0.30047958,1,1,254,174,180,180
A,9042,0.31050371,0.27520836,0.29285604,1,1,254,174,180,180
A,9043,0.27709217,0.28553225,0.28131221,1,1,254,174,180,180
A,9044,0.27396668,0.27569820,0.27483244,1,1,254,174,180,180
A,9045,0.27709217,0.25846706,0.26777962,1,1,254,174,180,180
A,9046,0.28021766,0.25846706,0.26934236,1,1,254,174,180,180
A,9047,0.28168520,0.26651864,0.27410192,1,1,254,174,180,180
A,9048,0.26025117,0.25089828,0.25557472,1,1,254,174,180,180
A,9049,0.19586847,0.19108212,0.19347529,1,1,254,174,180,180
A,9050,0.13200294,0.11129852,0.12165073,1,1,254,174,180,180
A,9051,0.12035792,0.13101783,0.12568788,1,1,254,174,180,180
A,9052,0.12612407,0.13101783,0.12857095,1,1,254,174,180,180
A,9053,0.19098120,0.17241379,0.18169750,1,1,254,174,180,180
A,9054,0.23708813,0.20000000,0.21854407,1,1,254,174,180,180
A,9055,0.28021766,0.25846706,0.26934236,1,1,254,174,180,180
A,9056,0.28992135,0.25846706,0.27419421,1,1,254,174,180,180
A,9057,0.28668762,0.27569820,0.28119291,1,1,254,174,180,180
A,9058,0.32305817,0.28553225,0.30429521,1,1,254,174,180,180
A,9059,0.28668762,0.27569820,0.28119291,1,1,254,174,180,180
A,9060,0.28021766,0.26651864,0.27336815,1,1,254,174,180,180
A,9061,0.27709217,0.26755569,0.27232393,1,1,254,174,180,180
A,9062,0.31050371,0.28270579,0.29660475,1,1,254,174,180,180
A,9063,0.26810958,0.26651864,0.26731411,1,1,254,174,180,180
A,9064,0.30043800,0.26651864,0.28347832,1,1,254,174,180,180
A,9065,0.28021766,0.27569820,0.27795793,1,1,254,174,180,180
A,9066,0.31329288,0.29292934,0.30311111,1,1,254,174,180,180
A,9067,0.30771453,0.26651864,0.28711659,1,1,254,174,180,180
A,9068,0.30043800,0.26651864,0.28347832,1,1,254,174,180,180
A,9069,0.29396610,0.28317605,0.28857108,1,1,254,174,180,180
A,9070,0.27540147,0.26651864,0.27096006,1,1,254,174,180,180
A,9071,0.26942349,0.23320381,0.25131365,1,1,254,174,180,180
A,9072,0.30771453,0.26859274,0.28815364,1,1,254,174,180,180
A,9073,0.27709217,0.26755569,0.27232393,1,1,254,174,180,180
A,9074,0.31050371,0.27569820,0.29310095,1,1,254,174,180,180
A,9075,0.30043800,0.25923025,0.27983412,1,1,254,174,180,180
A,9076,0.27709217,0.25089828,0.26399522,1,1,254,174,180,180
