video_id,frame_id,ear_l,ear_r,ear_avg,det_ok,face_count,face_x,face_y,face_w,face_h
B,0,0.19034661,0.19936306,0.19485483,1,1,234,154,180,180
B,1,0.22543089,0.19961286,0.21252187,1,1,214,134,180,180
B,2,0.20230968,0.18336097,0.19283532,1,1,214,134,180,180
B,3,0.19955703,0.18309240,0.19132471,1,1,214,134,180,180
B,4,0.21736862,0.20098014,0.20917438,1,1,214,134,180,180
B,5,0.22360680,0.20863703,0.21612191,1,1,214,134,180,180
B,6,0.23281653,0.19328091,0.21304872,1,1,214,134,180,180
B,7,0.20640627,0.20863703,0.20752165,1,1,214,134,180,180
B,8,0.20782984,0.20175250,0.20479117,1,1,214,134,180,180
B,9,0.23217534,0.20945165,0.22081350,1,1,214,134,180,180
B,10,0.25097036,0.21730740,0.23413888,1,1,214,134,180,180
B,11,0.23217534,0.20175250,0.21696392,1,1,214,134,180,180
B,12,0.24009801,0.23363466,0.23686634,1,1,214,134,180,180
B,13,0.23281653,0.20037997,0.21659825,1,1,214,134,180,180
B,14,0.24081049,0.21814250,0.22947650,1,1,214,134,180,180
B,15,0.24979177,0.23363466,0.24171322,1,1,214,134,180,180
B,16,0.22648185,0.22589738,0.22618961,1,1,214,134,180,180
B,17,0.24883551,0.25304857,0.25094204,1,1,214,134,180,180
B,18,0.29851115,0.28084791,0.28967953,1,1,214,134,180,180
B,19,0.25886350,0.21676997,0.23781673,1,1,214,134,180,180
B,20,0.26740820,0.23335392,0.25038106,1,1,214,134,180,180
B,21,0.25000958,0.25000958,0.25000958,1,1,214,134,180,180
B,22,0.22589738,0.23335392,0.22962565,1,1,214,134,180,180
B,23,0.22648185,0.20093335,0.21370760,1,1,214,134,180,180
B,24,0.26532697,0.25886350,0.26209523,1,1,214,134,180,180
B,25,0.26637572,0.25953438,0.26295505,1,1,214,134,180,180
B,26,0.26814670,0.24325213,0.25569941,1,1,214,134,180,180
B,27,0.25786401,0.24180997,0.24983699,1,1,214,134,180,180
B,28,0.24987710,0.24180997,0.24584354,1,1,214,134,180,180
B,29,0.26637572,0.22416696,0.24527134,1,1,214,134,180,180
B,30,0.26637572,0.27546544,0.27092058,1,1,214,134,180,180
B,31,0.27627923,0.25110098,0.26369011,1,1,214,134,180,180
B,32,0.26740820,0.24154307,0.25447564,1,1,214,134,180,180
B,33,0.24295090,0.25000958,0.24648024,1,1,214,134,180,180
B,34,0.23335178,0.23453251,0.23394214,1,1,214,134,180,180
B,35,0.22589738,0.23453251,0.23021494,1,1,214,134,180,180
B,36,0.25084563,0.25594267,0.25339415,1,1,214,134,180,180
B,37,0.26740820,0.24253562,0.25497191,1,1,214,134,180,180
B,38,0.28279143,0.27546544,0.27912844,1,1,214,134,180,180
B,39,0.29236377,0.27546544,0.28391461,1,1,214,134,180,180
B,40,0.27433813,0.24131681,0.25782747,1,1,214,154,180,180
B,41,0.26638450,0.24253562,0.25446006,1,1,214,154,180,180
B,42,0.29236377,0.27968792,0.28602585,1,1,214,154,180,180
B,43,0.29516755,0.24253562,0.26885159,1,1,214,154,180,180
B,44,0.30932607,0.25786401,0.28359504,1,1,214,134,180,180
B,45,0.30932607,0.28176290,0.29554449,1,1,214,134,180,180
B,46,0.32631163,0.29261530,0.30946347,1,1,214,154,180,180
B,47,0.31807553,0.28192720,0.30000136,1,1,214,134,180,180
B,48,0.30932607,0.26534324,0.28733466,1,1,214,134,180,180
B,49,0.30838011,0.25686452,0.28262231,1,1,214,134,180,180
B,50,0.30932607,0.28192720,0.29562664,1,1,214,134,180,180
B,51,0.31212985,0.26740820,0.28976903,1,1,214,134,180,180
B,52,0.31807553,0.30671648,0.31239601,1,1,214,134,180,180
B,53,0.32712901,0.30034817,0.31373859,1,1,214,134,180,180
B,54,0.31212985,0.29851115,0.30532050,1,1,214,134,180,180
B,55,0.31652435,0.29075091,0.30363763,1,1,214,134,180,180
B,56,0.30932607,0.24081049,0.27506828,1,1,214,134,180,180
B,57,0.31408855,0.26740820,0.29074838,1,1,214,134,180,180
B,58,0.29236377,0.27546544,0.28391461,1,1,214,154,180,180
B,59,0.28411108,0.30034817,0.29222963,1,1,214,154,180,180
B,60,0.29362978,0.28387819,0.28875398,1,1,214,154,180,180
B,61,0.29236377,0.30393267,0.29814822,1,1,214,154,180,180
B,62,0.30191035,0.26814670,0.28502852,1,1,214,134,180,180
B,63,0.28279143,0.26814670,0.27546907,1,1,214,134,180,180
B,64,0.29084061,0.26711137,0.27897599,1,1,214,134,180,180
B,65,0.26638450,0.24993788,0.25816119,1,1,214,134,180,180
B,66,0.27540147,0.23399837,0.25469992,1,1,214,154,180,180
B,67,0.26025117,0.24202972,0.25114044,1,1,214,154,180,180
B,68,0.27540147,0.27546544,0.27543346,1,1,214,154,180,180
B,69,0.26406189,0.25786401,0.26096295,1,1,214,154,180,180
B,70,0.26406189,0.25831558,0.26118874,1,1,214,154,180,180
B,71,0.26708606,0.26740820,0.26724713,1,1,214,154,180,180
B,72,0.24253562,0.24131681,0.24192622,1,1,214,154,180,180
B,73,0.23246059,0.21756310,0.22501185,1,1,214,154,180,180
B,74,0.23453251,0.23335392,0.23394322,1,1,214,154,180,180
B,75,0.25712567,0.24253562,0.24983065,1,1,214,154,180,180
B,76,0.25000958,0.24131681,0.24566320,1,1,214,154,180,180
B,77,0.25847227,0.23399837,0.24623532,1,1,214,154,180,180
B,78,0.24032926,0.24131681,0.24082304,1,1,214,154,180,180
B,79,0.25712567,0.23399837,0.24556202,1,1,214,154,180,180
B,80,0.25000958,0.24080732,0.24540845,1,1,214,154,180,180
B,81,0.20909025,0.19397706,0.20153366,1,1,214,154,180,180
B,82,0.14448629,0.15594572,0.15021600,1,1,214,154,180,180
B,83,0.19264839,0.19447895,0.19356367,1,1,214,154,180,180
B,84,0.14752096,0.12876456,0.13814276,1,1,214,154,180,180
B,85,0.23453251,0.22762573,0.23107912,1,1,214,154,180,180
B,86,0.23907718,0.20175250,0.22041484,1,1,214,154,180,180
B,87,0.23249528,0.21696392,0.22472960,1,1,214,154,180,180
B,88,0.24762199,0.22703830,0.23733015,1,1,214,154,180,180
B,89,0.24879034,0.25786401,0.25332717,1,1,214,154,180,180
B,90,0.24028467,0.23335392,0.23681930,1,1,214,154,180,180
B,91,0.23911544,0.20037997,0.21974770,1,1,214,154,180,180
B,92,0.24032926,0.24253562,0.24143244,1,1,214,154,180,180
B,93,0.24762199,0.21736862,0.23249531,1,1,214,154,180,180
B,94,0.24762199,0.23335392,0.24048796,1,1,214,154,180,180
B,95,0.24154307,0.21676997,0.22915652,1,1,214,154,180,180
B,96,0.27396668,0.25097036,0.26246852,1,1,214,154,180,180
B,97,0.26810958,0.23335392,0.25073175,1,1,214,154,180,180
B,98,0.26535597,0.24325213,0.25430405,1,1,214,154,180,180
B,99,0.25000958,0.22482920,0.23741939,1,1,214,154,180,180
B,100,0.23249528,0.24131681,0.23690605,1,1,214,154,180,180
B,101,0.24883551,0.21676997,0.23280274,1,1,214,154,180,180
B,102,0.26406189,0.26637572,0.26521881,1,1,214,154,180,180
B,103,0.28141232,0.26637572,0.27389402,1,1,214,154,180,180
B,104,0.25576325,0.26638450,0.26107387,1,1,214,154,180,180
B,105,0.28141232,0.26637572,0.27389402,1,1,214,154,180,180
B,106,0.23363466,0.23399837,0.23381652,1,1,214,154,180,180
B,107,0.26508540,0.27546544,0.27027542,1,1,214,154,180,180
B,108,0.22518868,0.23335392,0.22927130,1,1,214,154,180,180
B,109,0.25793447,0.25166346,0.25479896,1,1,214,154,180,180
B,110,0.26508540,0.25097036,0.25802788,1,1,214,154,180,180
B,111,0.24037009,0.22589738,0.23313373,1,1,214,154,180,180
B,112,0.26288213,0.22000617,0.24144415,1,1,214,154,180,180
B,113,0.25675460,0.24979177,0.25327318,1,1,214,154,180,180
B,114,0.24097164,0.21696392,0.22896778,1,1,214,154,180,180
B,115,0.22518868,0.19447895,0.20983381,1,1,214,154,180,180
B,116,0.23362355,0.23335392,0.23348873,1,1,214,154,180,180
B,117,0.25675460,0.22589738,0.24132599,1,1,214,154,180,180
B,118,0.24097164,0.22762573,0.23429868,1,1,214,154,180,180
B,119,0.25000958,0.22648185,0.23824571,1,1,214,154,180,180
B,120,0.25000958,0.20093335,0.22547147,1,1,214,154,180,180
B,121,0.26638450,0.21756310,0.24197380,1,1,214,154,180,180
B,122,0.24879034,0.23281653,0.24080344,1,1,214,154,180,180
B,123,0.22508667,0.23399837,0.22954252,1,1,214,154,180,180
B,124,0.24883551,0.20925340,0.22904445,1,1,214,154,180,180
B,125,0.24094215,0.23335392,0.23714804,1,1,214,154,180,180
B,126,0.24762199,0.23453251,0.24107725,1,1,214,154,180,180
B,127,0.23363466,0.22482920,0.22923193,1,1,214,154,180,180
B,128,0.24108308,0.22482920,0.23295614,1,1,214,154,180,180
B,129,0.24207898,0.22503036,0.23355467,1,1,214,154,180,180
B,130,0.25796547,0.24357949,0.25077248,1,1,214,154,180,180
B,131,0.26638450,0.25786401,0.26212425,1,1,214,154,180,180
B,132,0.27382096,0.25686452,0.26534274,1,1,214,154,180,180
B,133,0.28550341,0.24081049,0.26315695,1,1,214,154,180,180
B,134,0.26638450,0.25846667,0.26242559,1,1,214,154,180,180
B,135,0.28550341,0.25831558,0.27190950,1,1,234,154,180,180
B,136,0.25000958,0.23399837,0.24200398,1,1,209,137,216,216
B,137,0.28583043,0.24131681,0.26357362,1,1,234,154,180,180
B,138,0.25847227,0.24936468,0.25391848,1,1,209,137,216,216
B,139,0.25346305,0.23399837,0.24373071,1,1,209,137,216,216
B,140,0.27653315,0.21374116,0.24513715,1,1,209,137,216,216
B,141,0.25000958,0.24202972,0.24601965,1,1,209,137,216,216
B,142,0.25847227,0.24080732,0.24963980,1,1,234,154,180,180
B,143,0.25847227,0.24983914,0.25415570,1,1,209,137,216,216
B,144,0.27543457,0.24131681,0.25837569,1,1,209,137,216,216
B,145,0.25000958,0.24131681,0.24566320,1,1,209,137,216,216
B,146,0.27540147,0.27546544,0.27543346,1,1,234,134,180,180
B,147,0.26508540,0.24202972,0.25355756,1,1,234,134,180,180
B,148,0.24502158,0.21618678,0.23060418,1,1,234,134,180,180
B,149,0.25000958,0.22360680,0.23680819,1,1,234,134,180,180
B,150,0.26740820,0.26607604,0.26674212,1,1,234,134,180,180
B,151,0.26535597,0.23453251,0.24994424,1,1,234,134,180,180
B,152,0.25000958,0.23217534,0.24109246,1,1,234,134,180,180
B,153,0.28279143,0.26535597,0.27407370,1,1,234,134,180,180
B,154,0.27540147,0.24131681,0.25835914,1,1,234,134,180,180
B,155,0.26535597,0.24080732,0.25308165,1,1,234,134,180,180
B,156,0.28279143,0.25724787,0.27001965,1,1,234,134,180,180
B,157,0.28550341,0.24944629,0.26747485,1,1,234,134,180,180
B,158,0.26810958,0.24875929,0.25843443,1,1,234,134,180,180
B,159,0.27644691,0.26534324,0.27089508,1,1,234,134,180,180
B,160,0.26638450,0.24983914,0.25811182,1,1,234,134,180,180
B,161,0.27540147,0.24944629,0.26242388,1,1,234,134,180,180
B,162,0.25968373,0.25724787,0.25846580,1,1,234,134,180,180
B,163,0.26810958,0.23217534,0.25014246,1,1,234,134,180,180
B,164,0.27382096,0.25831558,0.26606827,1,1,234,134,180,180
B,165,0.26638450,0.25000958,0.25819704,1,1,234,134,180,180
B,166,0.25675460,0.25097036,0.25386248,1,1,234,134,180,180
B,167,0.28141232,0.24131681,0.26136457,1,1,234,134,180,180
B,168,0.28187644,0.23217534,0.25702589,1,1,234,134,180,180
B,169,0.24207898,0.24944629,0.24576263,1,1,234,134,180,180
B,170,0.27540147,0.25831558,0.26685853,1,1,234,134,180,180
B,171,0.28279143,0.24875929,0.26577536,1,1,234,134,180,180
B,172,0.21814250,0.22503036,0.22158643,1,1,209,137,216,216
B,173,0.23363466,0.22360680,0.22862073,1,1,209,137,216,216
B,174,0.26740820,0.24080732,0.25410776,1,1,209,137,216,216
B,175,0.24883551,0.22360680,0.23622115,1,1,209,137,216,216
B,176,0.25847227,0.25110098,0.25478663,1,1,209,137,216,216
B,177,0.28838223,0.29249744,0.29043983,1,1,234,134,180,180
B,178,0.23363466,0.24080732,0.23722099,1,1,209,137,216,216
B,179,0.23708813,0.23217534,0.23463174,1,1,234,134,180,180
B,180,0.24154307,0.24857729,0.24506018,1,1,209,137,216,216
B,181,0.26161413,0.24202972,0.25182193,1,1,234,134,180,180
B,182,0.27439773,0.26717645,0.27078709,1,1,234,134,180,180
B,183,0.25793447,0.22416696,0.24105071,1,1,234,134,180,180
B,184,0.23363466,0.24983914,0.24173690,1,1,234,134,180,180
B,185,0.26535597,0.24009801,0.25272699,1,1,234,134,180,180
B,186,0.24094215,0.24131681,0.24112948,1,1,234,134,180,180
B,187,0.26638450,0.23335392,0.24986921,1,1,234,134,180,180
B,188,0.26638450,0.24131681,0.25385066,1,1,234,134,180,180
B,189,0.25000958,0.25846667,0.25423813,1,1,234,134,180,180
B,190,0.25675460,0.27433813,0.26554636,1,1,234,134,180,180
B,191,0.26638450,0.24009801,0.25324126,1,1,234,134,180,180
B,192,0.26638450,0.27439773,0.27039111,1,1,234,134,180,180
B,193,0.25000958,0.21453574,0.23227266,1,1,234,134,180,180
B,194,0.24898105,0.22436752,0.23667429,1,1,234,134,180,180
B,195,0.26638450,0.24253562,0.25446006,1,1,234,134,180,180
B,196,0.28550341,0.27546544,0.28048443,1,1,234,134,180,180
B,197,0.26638450,0.24009801,0.25324126,1,1,234,134,180,180
B,198,0.24883551,0.20579830,0.22731690,1,1,234,134,180,180
B,199,0.24207898,0.20037997,0.22122947,1,1,234,134,180,180
B,200,0.25968373,0.23335392,0.24651883,1,1,234,134,180,180
B,201,0.25793447,0.27653315,0.26723381,1,1,234,134,180,180
B,202,0.24879034,0.24202972,0.24541003,1,1,234,134,180,180
B,203,0.25793447,0.23335392,0.24564420,1,1,234,134,180,180
B,204,0.26942349,0.25097036,0.26019692,1,1,234,134,180,180
B,205,0.22703830,0.21814250,0.22259040,1,1,234,134,180,180
B,206,0.23463225,0.20037997,0.21750611,1,1,234,134,180,180
B,207,0.22622350,0.24080732,0.23351541,1,1,234,134,180,180
B,208,0.21117202,0.24131681,0.22624442,1,1,234,134,180,180
B,209,0.21730740,0.20863703,0.21297222,1,1,234,134,180,180
B,210,0.20863703,0.23155292,0.22009498,1,1,234,134,180,180
B,211,0.22508667,0.21038628,0.21773647,1,1,234,134,180,180
B,212,0.23335392,0.21736862,0.22536127,1,1,234,134,180,180
B,213,0.26535597,0.24131681,0.25333639,1,1,234,134,180,180
B,214,0.23132693,0.23335392,0.23234043,1,1,234,134,180,180
B,215,0.23246059,0.23217534,0.23231796,1,1,234,134,180,180
B,216,0.22622350,0.23335392,0.22978871,1,1,234,134,180,180
B,217,0.23591406,0.21618678,0.22605042,1,1,234,134,180,180
B,218,0.21730740,0.22416696,0.22073718,1,1,234,134,180,180
B,219,0.24883551,0.23335392,0.24109471,1,1,234,134,180,180
B,220,0.23363466,0.24131681,0.23747574,1,1,234,134,180,180
B,221,0.25346305,0.20037997,0.22692151,1,1,234,134,180,180
B,222,0.23363466,0.24202972,0.23783219,1,1,234,134,180,180
B,223,0.23453251,0.24253562,0.23853406,1,1,234,134,180,180
B,224,0.24253562,0.22436752,0.23345157,1,1,234,134,180,180
B,225,0.22344933,0.21668946,0.22006939,1,1,234,134,180,180
B,226,0.24883551,0.23217534,0.24050542,1,1,234,134,180,180
B,227,0.26638450,0.22482920,0.24560685,1,1,234,134,180,180
B,228,0.25847227,0.20782984,0.23315105,1,1,234,134,180,180
B,229,0.24154307,0.23281876,0.23718092,1,1,234,134,180,180
B,230,0.24879034,0.22482920,0.23680977,1,1,234,134,180,180
B,231,0.24207898,0.24131681,0.24169790,1,1,234,134,180,180
B,232,0.25847227,0.27439773,0.26643500,1,1,234,134,180,180
B,233,0.23907718,0.24202972,0.24055345,1,1,234,134,180,180
B,234,0.19195700,0.21814250,0.20504975,1,1,234,134,180,180
B,235,0.19961286,0.20037997,0.19999641,1,1,234,134,180,180
B,236,0.20037997,0.19955703,0.19996850,1,1,234,134,180,180
B,237,0.16748166,0.18292728,0.17520447,1,1,234,134,180,180
B,238,0.16912380,0.14966777,0.15939578,1,1,234,134,180,180
B,239,0.22466314,0.19630342,0.21048328,1,1,234,134,180,180
B,240,0.23363466,0.23155292,0.23259379,1,1,234,134,180,180
B,241,0.25846667,0.25846706,0.25846687,1,1,234,134,180,180
B,242,0.23128651,0.21910881,0.22519766,1,1,234,134,180,180
B,243,0.22250556,0.22648185,0.22449371,1,1,234,134,180,180
B,244,0.23708813,0.24202972,0.23955893,1,1,234,134,180,180
B,245,0.24097164,0.21038628,0.22567896,1,1,234,134,180,180
B,246,0.23246059,0.26030111,0.24638085,1,1,234,134,180,180
B,247,0.24207898,0.23399837,0.23803868,1,1,234,134,180,180
B,248,0.22622350,0.21736862,0.22179606,1,1,234,134,180,180
B,249,0.25847227,0.23281876,0.24564552,1,1,234,134,180,180
B,250,0.23998029,0.24131681,0.24064855,1,1,234,134,180,180
B,251,0.21814250,0.23199495,0.22506873,1,1,234,134,180,180
B,252,0.25847227,0.25189637,0.25518432,1,1,234,134,180,180
B,253,0.27540147,0.26717645,0.27128896,1,1,234,134,180,180
B,254,0.24207898,0.24944629,0.24576263,1,1,234,134,180,180
B,255,0.25000958,0.22360680,0.23680819,1,1,234,134,180,180
B,256,0.24154307,0.23281876,0.23718092,1,1,234,134,180,180
B,257,0.22294815,0.23155292,0.22725054,1,1,234,134,180,180
B,258,0.23458035,0.22625276,0.23041656,1,1,234,134,180,180
B,259,0.25000958,0.24944629,0.24972793,1,1,234,134,180,180
B,260,0.20497467,0.21374116,0.20935791,1,1,234,134,180,180
B,261,0.22416696,0.20640627,0.21528662,1,1,234,134,180,180
B,262,0.21594012,0.23155292,0.22374652,1,1,234,134,180,180
B,263,0.23335392,0.21668946,0.22502169,1,1,234,134,180,180
B,264,0.21814250,0.20640627,0.21227439,1,1,234,134,180,180
B,265,0.22703830,0.20640627,0.21672229,1,1,234,134,180,180
B,266,0.24898105,0.23399837,0.24148971,1,1,234,134,180,180
B,267,0.22508667,0.22625276,0.22566971,1,1,234,134,180,180
B,268,0.26025117,0.24080732,0.25052924,1,1,234,134,180,180
B,269,0.24389963,0.21710312,0.23050137,1,1,234,134,180,180
B,270,0.26638450,0.24325213,0.25481831,1,1,234,134,180,180
B,271,0.28938643,0.29942966,0.29440804,1,1,234,134,180,180
B,272,0.27540147,0.21374116,0.24457132,1,1,234,134,180,180
B,273,0.25346305,0.21676997,0.23511651,1,1,234,134,180,180
B,274,0.27644691,0.22762573,0.25203632,1,1,234,134,180,180
B,275,0.27644691,0.26534324,0.27089508,1,1,234,134,180,180
B,276,0.26535597,0.22416696,0.24476146,1,1,234,134,180,180
B,277,0.24892523,0.24081049,0.24486786,1,1,234,134,180,180
B,278,0.24097164,0.22703830,0.23400497,1,1,234,134,180,180
B,279,0.27433813,0.26828537,0.27131175,1,1,234,134,180,180
B,280,0.28141232,0.24131681,0.26136457,1,1,234,134,180,180
B,281,0.26535597,0.25800784,0.26168191,1,1,234,134,180,180
B,282,0.24879034,0.21676997,0.23278016,1,1,234,134,180,180
B,283,0.25000958,0.23335392,0.24168175,1,1,234,134,180,180
B,284,0.26535597,0.21756310,0.24145954,1,1,234,134,180,180
B,285,0.25847227,0.24936468,0.25391848,1,1,234,134,180,180
B,286,0.25847227,0.24325213,0.25086220,1,1,234,134,180,180
B,287,0.25000958,0.24080732,0.24540845,1,1,234,134,180,180
B,288,0.23453251,0.21374116,0.22413683,1,1,234,134,180,180
B,289,0.24883551,0.24131681,0.24507616,1,1,234,134,180,180
B,290,0.25000958,0.22503036,0.23751997,1,1,234,134,180,180
B,291,0.27256841,0.25048162,0.26152501,1,1,234,134,180,180
B,292,0.24097164,0.23399837,0.23748500,1,1,234,134,180,180
B,293,0.23363466,0.21736862,0.22550164,1,1,234,134,180,180
B,294,0.24883551,0.21736862,0.23310206,1,1,234,134,180,180
B,295,0.24883551,0.23429291,0.24156421,1,1,234,134,180,180
B,296,0.21594012,0.20640627,0.21117320,1,1,234,134,180,180
B,297,0.23246059,0.21668946,0.22457502,1,1,234,134,180,180
B,298,0.24879034,0.23335392,0.24107213,1,1,234,134,180,180
B,299,0.26535597,0.25048162,0.25791879,1,1,234,134,180,180
B,300,0.24032926,0.20640627,0.22336776,1,1,234,134,180,180
B,301,0.25725846,0.20925340,0.23325593,1,1,234,134,180,180
B,302,0.25000958,0.22360680,0.23680819,1,1,234,154,180,180
B,303,0.23128651,0.20925340,0.22026996,1,1,234,154,180,180
B,304,0.26508540,0.23453251,0.24980896,1,1,234,154,180,180
B,305,0.24032926,0.23082177,0.23557551,1,1,234,154,180,180
B,306,0.27540147,0.24983914,0.26262031,1,1,234,154,180,180
B,307,0.25847227,0.25063053,0.25455140,1,1,234,154,180,180
B,308,0.24154307,0.23155292,0.23654800,1,1,234,154,180,180
B,309,0.27540147,0.24325213,0.25932680,1,1,234,154,180,180
B,310,0.25847227,0.24936468,0.25391848,1,1,234,154,180,180
B,311,0.23363466,0.22503036,0.22933251,1,1,234,154,180,180
B,312,0.24131681,0.22294815,0.23213248,1,1,234,154,180,180
B,313,0.25097036,0.24983914,0.25040475,1,1,234,154,180,180
B,314,0.21476605,0.19531073,0.20503839,1,1,234,154,180,180
B,315,0.25847227,0.24253562,0.25050395,1,1,234,154,180,180
B,316,0.21730740,0.20579830,0.21155285,1,1,234,154,180,180
B,317,0.25847227,0.25898159,0.25872693,1,1,234,154,180,180
B,318,0.21613333,0.20925340,0.21269336,1,1,234,154,180,180
B,319,0.23335392,0.23155292,0.23245342,1,1,234,154,180,180
B,320,0.22012785,0.20925340,0.21469063,1,1,234,154,180,180
B,321,0.22344933,0.20640627,0.21492780,1,1,234,154,180,180
B,322,0.24032926,0.21618678,0.22825802,1,1,234,154,180,180
B,323,0.22344933,0.20640627,0.21492780,1,1,234,154,180,180
B,324,0.23363466,0.21618678,0.22491072,1,1,234,154,180,180
B,325,0.21814250,0.23399837,0.22607044,1,1,234,154,180,180
B,326,0.24154307,0.20782984,0.22468645,1,1,234,154,180,180
B,327,0.22203577,0.23082177,0.22642877,1,1,234,154,180,180
B,328,0.24860551,0.20925340,0.22892945,1,1,234,154,180,180
B,329,0.24028467,0.20640627,0.22334547,1,1,234,154,180,180
B,330,0.21624764,0.19955703,0.20790234,1,1,234,154,180,180
B,331,0.23249528,0.21736862,0.22493195,1,1,234,154,180,180
B,332,0.20721766,0.19096861,0.19909314,1,1,234,154,180,180
B,333,0.22466314,0.24009801,0.23238058,1,1,234,154,180,180
B,334,0.20579830,0.19592939,0.20086385,1,1,234,154,180,180
B,335,0.23363466,0.23429291,0.23396379,1,1,234,154,180,180
B,336,0.19824558,0.19062931,0.19443745,1,1,234,154,180,180
B,337,0.21453574,0.20314714,0.20884144,1,1,234,154,180,180
B,338,0.22416696,0.21521531,0.21969113,1,1,234,154,180,180
B,339,0.20863703,0.19592939,0.20228321,1,1,234,154,180,180
B,340,0.23345191,0.23429291,0.23387241,1,1,234,154,180,180
B,341,0.22208649,0.22294815,0.22251732,1,1,234,154,180,180
B,342,0.22416696,0.20579830,0.21498263,1,1,234,154,180,180
B,343,0.23363466,0.23155292,0.23259379,1,1,234,154,180,180
B,344,0.22558633,0.19630342,0.21094487,1,1,234,154,180,180
B,345,0.22558633,0.23429291,0.22993962,1,1,234,154,180,180
B,346,0.24154307,0.23155292,0.23654800,1,1,234,154,180,180
B,347,0.22436752,0.21374116,0.21905434,1,1,234,154,180,180
B,348,0.24154307,0.21306625,0.22730466,1,1,234,154,180,180
B,349,0.24983914,0.21306625,0.23145269,1,1,234,154,180,180
B,350,0.23363466,0.24080732,0.23722099,1,1,234,154,180,180
B,351,0.24883551,0.25724787,0.25304169,1,1,234,154,180,180
B,352,0.25181451,0.24202972,0.24692212,1,1,234,134,180,180
B,353,0.28279143,0.24080732,0.26179938,1,1,234,154,180,180
B,354,0.27540147,0.24009801,0.25774974,1,1,234,134,180,180
B,355,0.23246059,0.22416696,0.22831377,1,1,234,134,180,180
B,356,0.28126763,0.23246059,0.25686411,1,1,234,134,180,180
B,357,0.23363466,0.19955703,0.21659584,1,1,234,134,180,180
B,358,0.25824720,0.23246059,0.24535389,1,1,234,134,180,180
B,359,0.25000958,0.23335392,0.24168175,1,1,234,134,180,180
B,360,0.26638450,0.26637572,0.26638011,1,1,234,134,180,180
B,361,0.26638450,0.27546544,0.27092497,1,1,234,134,180,180
B,362,0.29410421,0.26637572,0.28023997,1,1,234,134,180,180
B,363,0.23246059,0.20037997,0.21642028,1,1,234,134,180,180
B,364,0.26638450,0.24131681,0.25385066,1,1,234,134,180,180
B,365,0.24898105,0.24009801,0.24453953,1,1,234,134,180,180
B,366,0.26637572,0.25110098,0.25873835,1,1,234,134,180,180
B,367,0.26740820,0.24202972,0.25471896,1,1,234,134,180,180
B,368,0.25847227,0.24009801,0.24928514,1,1,234,134,180,180
B,369,0.27546544,0.24080732,0.25813638,1,1,234,134,180,180
B,370,0.23363466,0.23246059,0.23304762,1,1,234,134,180,180
B,371,0.27045888,0.26637572,0.26841730,1,1,234,134,180,180
B,372,0.25831558,0.24131681,0.24981620,1,1,234,134,180,180
B,373,0.26637572,0.23335392,0.24986482,1,1,234,134,180,180
B,374,0.25886350,0.23518021,0.24702185,1,1,234,134,180,180
B,375,0.25097036,0.23518021,0.24307528,1,1,234,134,180,180
B,376,0.27546544,0.24116572,0.25831558,1,1,234,134,180,180
B,377,0.25953438,0.24983914,0.25468676,1,1,234,134,180,180
B,378,0.26740820,0.25800784,0.26270802,1,1,234,134,180,180
B,379,0.30184385,0.28519375,0.29351880,1,1,234,134,180,180
B,380,0.27653315,0.26717645,0.27185480,1,1,234,134,180,180
B,381,0.27520836,0.25110098,0.26315467,1,1,234,134,180,180
B,382,0.29154759,0.27546544,0.28350651,1,1,244,145,151,150
B,383,0.24253562,0.26743823,0.25498692,1,1,244,145,151,150
B,384,0.27546544,0.27546544,0.27546544,1,1,244,145,151,150
B,385,0.27653315,0.24009801,0.25831558,1,1,244,145,151,150
B,386,0.27520836,0.24202972,0.25861904,1,1,214,134,180,180
B,387,0.27546544,0.24202972,0.25874758,1,1,214,134,180,180
B,388,0.29261530,0.25953438,0.27607484,1,1,214,134,180,180
B,389,0.24131681,0.24936468,0.24534075,1,1,214,134,180,180
B,390,0.24325213,0.23281876,0.23803544,1,1,214,134,180,180
B,391,0.19955703,0.18954251,0.19454977,1,1,214,134,180,180
B,392,0.16414325,0.14486012,0.15450169,1,1,214,134,180,180
B,393,0.22475645,0.21117202,0.21796424,1,1,214,134,180,180
B,394,0.20782984,0.17401760,0.19092372,1,1,214,134,180,180
B,395,0.13953908,0.12876456,0.13415182,1,1,214,154,180,180
B,396,0.12445428,0.11266899,0.11856163,1,1,214,154,180,180
B,397,0.16583953,0.13303802,0.14943877,1,1,214,154,180,180
B,398,0.16748166,0.14183914,0.15466040,1,1,214,154,180,180
B,399,0.16748166,0.15480471,0.16114318,1,1,214,154,180,180
B,400,0.15480471,0.15434872,0.15457671,1,1,244,161,151,151
B,401,0.19034661,0.17200523,0.18117592,1,1,244,161,151,151
B,402,0.17319675,0.15089771,0.16204723,1,1,244,161,151,151
B,403,0.19900743,0.16794419,0.18347581,1,1,244,161,151,151
B,404,0.21374116,0.21521531,0.21447823,1,1,244,161,151,151
B,405,0.16748166,0.14925557,0.15836862,1,1,244,161,151,151
B,406,0.20863703,0.17988134,0.19425919,1,1,244,161,151,151
B,407,0.20782984,0.18022474,0.19402729,1,1,244,161,151,151
B,408,0.17370842,0.19769311,0.18570076,1,1,244,161,151,151
B,409,0.19176598,0.21521531,0.20349064,1,1,244,161,151,151
B,410,0.20640627,0.18954251,0.19797439,1,1,234,154,180,180
B,411,0.23591406,0.22503036,0.23047221,1,1,244,161,151,151
B,412,0.20175250,0.20093335,0.20134293,1,1,244,161,151,151
B,413,0.22436752,0.19955703,0.21196228,1,1,244,161,151,151
B,414,0.23453251,0.20924240,0.22188746,1,1,244,161,151,151
B,415,0.23217534,0.22625276,0.22921405,1,1,214,154,180,180
B,416,0.24009801,0.21773020,0.22891411,1,1,214,154,180,180
B,417,0.23246059,0.20721766,0.21983913,1,1,214,154,180,180
B,418,0.25953438,0.25063053,0.25508246,1,1,214,154,180,180
B,419,0.25953438,0.23355311,0.24654375,1,1,214,154,180,180
B,420,0.24253562,0.21600524,0.22927043,1,1,214,154,180,180
B,421,0.25724787,0.20175250,0.22950018,1,1,214,154,180,180
B,422,0.24883551,0.20175250,0.22529400,1,1,214,154,180,180
B,423,0.24253562,0.20175250,0.22214406,1,1,214,154,180,180
B,424,0.24875929,0.23453251,0.24164590,1,1,214,154,180,180
B,425,0.22622350,0.23335392,0.22978871,1,1,214,154,180,180
B,426,0.23335392,0.24253562,0.23794477,1,1,214,154,180,180
B,427,0.25725846,0.24202972,0.24964409,1,1,214,154,180,180
B,428,0.23363466,0.24253562,0.23808514,1,1,214,154,180,180
B,429,0.23246059,0.24253562,0.23749810,1,1,214,154,180,180
B,430,0.24253562,0.23355311,0.23804436,1,1,214,154,180,180
B,431,0.24983914,0.21668946,0.23326430,1,1,214,154,180,180
B,432,0.20579830,0.23155292,0.21867561,1,1,214,154,180,180
B,433,0.23246059,0.21874494,0.22560277,1,1,214,154,180,180
B,434,0.23911544,0.19955703,0.21933623,1,1,214,154,180,180
B,435,0.24253562,0.21374116,0.22813839,1,1,214,154,180,180
B,436,0.23453251,0.21668946,0.22561098,1,1,214,154,180,180
B,437,0.24857729,0.21668946,0.23263337,1,1,214,154,180,180
B,438,0.23335392,0.22625276,0.22980334,1,1,214,154,180,180
B,439,0.23453251,0.24080732,0.23766991,1,1,214,154,180,180
B,440,0.21594012,0.20863703,0.21228858,1,1,214,154,180,180
B,441,0.24131681,0.21600524,0.22866103,1,1,244,161,151,151
B,442,0.24325213,0.24857729,0.24591471,1,1,244,161,151,151
B,443,0.24253562,0.25189637,0.24721599,1,1,244,161,151,151
B,444,0.24131681,0.21374116,0.22752899,1,1,244,161,151,151
B,445,0.24131681,0.20640627,0.22386154,1,1,244,161,151,151
B,446,0.24253562,0.24080732,0.24167147,1,1,244,161,151,151
B,447,0.22558633,0.20925340,0.21741986,1,1,244,161,151,151
B,448,0.24131681,0.20640627,0.22386154,1,1,244,161,151,151
B,449,0.20640627,0.19630342,0.20135485,1,1,234,154,180,180
B,450,0.20721766,0.18920575,0.19821171,1,1,234,154,180,180
B,451,0.20782984,0.20640627,0.20711805,1,1,244,161,151,151
B,452,0.20579830,0.20640627,0.20610228,1,1,244,161,151,151
B,453,0.20230968,0.21600524,0.20915746,1,1,244,161,151,151
B,454,0.20782984,0.20640627,0.20711805,1,1,234,154,180,180
B,455,0.21453574,0.19769311,0.20611443,1,1,234,154,180,180
B,456,0.20640627,0.18920575,0.19780601,1,1,234,154,180,180
B,457,0.20640627,0.19807050,0.20223839,1,1,234,154,180,180
B,458,0.24253562,0.21668946,0.22961254,1,1,234,154,180,180
B,459,0.20721766,0.19062931,0.19892349,1,1,234,154,180,180
B,460,0.17319675,0.19778039,0.18548857,1,1,234,154,180,180
B,461,0.20037997,0.20640627,0.20339312,1,1,234,154,180,180
B,462,0.24202972,0.22314351,0.23258662,1,1,234,154,180,180
B,463,0.22558633,0.22360680,0.22459656,1,1,234,154,180,180
B,464,0.20093335,0.18920575,0.19506955,1,1,234,154,180,180
B,465,0.18920575,0.21521531,0.20221053,1,1,234,154,180,180
B,466,0.24490186,0.20640627,0.22565407,1,1,234,154,180,180
B,467,0.22558633,0.22360680,0.22459656,1,1,234,154,180,180
B,468,0.20640627,0.20640627,0.20640627,1,1,234,154,180,180
B,469,0.21600524,0.17988134,0.19794329,1,1,234,154,180,180
B,470,0.22558633,0.22400479,0.22479556,1,1,234,154,180,180
B,471,0.19090894,0.18920575,0.19005734,1,1,234,154,180,180
B,472,0.20925340,0.23155292,0.22040316,1,1,234,154,180,180
B,473,0.18406562,0.18954251,0.18680406,1,1,234,154,180,180
B,474,0.20037997,0.18595027,0.19316512,1,1,234,154,180,180
B,475,0.23399837,0.22482920,0.22941379,1,1,234,154,180,180
B,476,0.18920575,0.19267483,0.19094029,1,1,234,154,180,180
B,477,0.20640627,0.22482920,0.21561774,1,1,234,154,180,180
B,478,0.21676997,0.21736862,0.21706930,1,1,234,154,180,180
B,479,0.23335392,0.22482920,0.22909156,1,1,234,154,180,180
B,480,0.23453251,0.21618678,0.22535964,1,1,234,154,180,180
B,481,0.13267162,0.13508523,0.13387843,1,1,234,154,180,180
B,482,0.16054032,0.16212999,0.16133516,1,1,234,154,180,180
B,483,0.20093335,0.20037997,0.20065666,1,1,234,154,180,180
B,484,0.22589738,0.21003110,0.21796424,1,1,234,154,180,180
B,485,0.13508523,0.13719886,0.13614205,1,1,234,154,180,180
B,486,0.18457395,0.15508024,0.16982709,1,1,234,154,180,180
B,487,0.20579830,0.22314351,0.21447090,1,1,234,154,180,180
B,488,0.24032926,0.24209960,0.24121443,1,1,234,154,180,180
B,489,0.27540147,0.24857729,0.26198938,1,1,234,154,180,180
B,490,0.25000000,0.21668946,0.23334473,1,1,234,154,180,180
B,491,0.24154307,0.22086306,0.23120306,1,1,234,154,180,180
B,492,0.24154307,0.26633281,0.25393794,1,1,234,154,180,180
B,493,0.26752193,0.26633281,0.26692737,1,1,234,154,180,180
B,494,0.27653315,0.24253562,0.25953438,1,1,234,154,180,180
B,495,0.25847227,0.24983914,0.25415570,1,1,234,154,180,180
B,496,0.27540147,0.24936468,0.26238308,1,1,234,154,180,180
B,497,0.28504386,0.26633281,0.27568833,1,1,234,154,180,180
B,498,0.26740820,0.27546544,0.27143682,1,1,234,154,180,180
B,499,0.26638450,0.28408833,0.27523642,1,1,234,154,180,180
B,500,0.27653315,0.25063053,0.26358184,1,1,234,154,180,180
B,501,0.27540147,0.24936468,0.26238308,1,1,234,154,180,180
B,502,0.24154307,0.23155292,0.23654800,1,1,234,154,180,180
B,503,0.25793447,0.24883551,0.25338499,1,1,234,154,180,180
B,504,0.26740820,0.25846667,0.26293744,1,1,234,154,180,180
B,505,0.26637572,0.25800784,0.26219178,1,1,234,154,180,180
B,506,0.29356515,0.28408833,0.28882674,1,1,234,154,180,180
B,507,0.26535597,0.26717645,0.26626621,1,1,234,154,180,180
B,508,0.24879034,0.24936468,0.24907751,1,1,234,154,180,180
B,509,0.24154307,0.24857729,0.24506018,1,1,234,154,180,180
B,510,0.26638450,0.24936468,0.25787459,1,1,234,154,180,180
B,511,0.27653315,0.24080732,0.25867024,1,1,234,154,180,180
B,512,0.23246059,0.24936468,0.24091264,1,1,234,154,180,180
B,513,0.28187644,0.25063053,0.26625348,1,1,234,154,180,180
B,514,0.27540147,0.27873958,0.27707053,1,1,234,154,180,180
B,515,0.25953438,0.24936468,0.25444953,1,1,234,154,180,180
B,516,0.25847227,0.25063053,0.25455140,1,1,234,154,180,180
B,517,0.26637572,0.26828537,0.26733055,1,1,234,154,180,180
B,518,0.25740893,0.26717645,0.26229269,1,1,234,154,180,180
B,519,0.26535597,0.24202972,0.25369285,1,1,234,154,180,180
B,520,0.23249528,0.24131681,0.23690605,1,1,234,154,180,180
B,521,0.28187644,0.25846667,0.27017155,1,1,234,154,180,180
B,522,0.29236377,0.26955121,0.28095749,1,1,234,154,180,180
B,523,0.19460482,0.19124873,0.19292677,1,1,234,154,180,180
B,524,0.26638450,0.27546544,0.27092497,1,1,234,154,180,180
B,525,0.25000958,0.25907871,0.25454414,1,1,234,154,180,180
B,526,0.28387819,0.25800784,0.27094301,1,1,234,154,180,180
B,527,0.27653315,0.24080732,0.25867024,1,1,234,154,180,180
B,528,0.26638450,0.27520836,0.27079643,1,1,234,154,180,180
B,529,0.25793447,0.28519375,0.27156411,1,1,234,154,180,180
B,530,0.27540147,0.27439773,0.27489960,1,1,234,154,180,180
B,531,0.24879034,0.24202972,0.24541003,1,1,234,154,180,180
B,532,0.24898105,0.25063053,0.24980579,1,1,234,154,180,180
B,533,0.31212985,0.26743823,0.28978404,1,1,234,154,180,180
B,534,0.27540147,0.26828537,0.27184342,1,1,234,154,180,180
B,535,0.28279143,0.28609713,0.28444428,1,1,234,154,180,180
B,536,0.29356515,0.27546544,0.28451530,1,1,234,154,180,180
B,537,0.28279143,0.28629917,0.28454530,1,1,234,154,180,180
B,538,0.27653315,0.28609713,0.28131514,1,1,234,154,180,180
B,539,0.27968792,0.28519375,0.28244084,1,1,234,154,180,180
B,540,0.29249744,0.28519375,0.28884560,1,1,234,154,180,180
B,541,0.28387819,0.26743823,0.27565821,1,1,234,154,180,180
B,542,0.26740820,0.26743823,0.26742322,1,1,234,154,180,180
B,543,0.26637572,0.26743823,0.26690698,1,1,234,154,180,180
B,544,0.23335392,0.24857729,0.24096561,1,1,234,154,180,180
B,545,0.29236377,0.26870008,0.28053193,1,1,234,154,180,180
B,546,0.27546544,0.28519375,0.28032960,1,1,234,154,180,180
B,547,0.27433813,0.26743823,0.27088818,1,1,234,154,180,180
B,548,0.25953438,0.29677582,0.27815510,1,1,234,154,180,180
B,549,0.25000958,0.24857729,0.24929343,1,1,234,154,180,180
B,550,0.25847227,0.24983914,0.25415570,1,1,234,154,180,180
B,551,0.25846667,0.24325213,0.25085940,1,1,234,154,180,180
B,552,0.27653315,0.26633281,0.27143298,1,1,234,154,180,180
B,553,0.25619512,0.25986337,0.25802924,1,1,234,154,180,180
B,554,0.25847227,0.24202972,0.25025100,1,1,234,154,180,180
B,555,0.29356515,0.28519375,0.28937945,1,1,234,154,180,180
B,556,0.27433813,0.28629917,0.28031865,1,1,234,154,180,180
B,557,0.26638450,0.26717645,0.26678047,1,1,234,154,180,180
B,558,0.25847227,0.24936468,0.25391848,1,1,234,154,180,180
B,559,0.27433813,0.28609713,0.28021763,1,1,234,154,180,180
B,560,0.27653315,0.28519375,0.28086345,1,1,234,154,180,180
B,561,0.25846667,0.25063053,0.25454860,1,1,234,154,180,180
B,562,0.27540147,0.25898159,0.26719153,1,1,234,154,180,180
B,563,0.25847227,0.26955121,0.26401174,1,1,234,154,180,180
B,564,0.24131681,0.24968271,0.24549976,1,1,234,154,180,180
B,565,0.25847227,0.27816859,0.26832043,1,1,234,154,180,180
B,566,0.24253562,0.25986337,0.25119950,1,1,234,154,180,180
B,567,0.27439773,0.28629917,0.28034845,1,1,234,154,180,180
B,568,0.25847227,0.26717645,0.26282436,1,1,234,154,180,180
B,569,0.27540147,0.28519375,0.28029761,1,1,234,154,180,180
B,570,0.24131681,0.23155292,0.23643487,1,1,234,154,180,180
B,571,0.23363466,0.23155292,0.23259379,1,1,234,154,180,180
B,572,0.25847227,0.26955121,0.26401174,1,1,234,154,180,180
B,573,0.25000958,0.26717645,0.25859301,1,1,234,154,180,180
B,574,0.25000958,0.26717645,0.25859301,1,1,234,154,180,180
B,575,0.26752193,0.23082177,0.24917185,1,1,234,154,180,180
B,576,0.25000958,0.24984072,0.24992515,1,1,234,154,180,180
B,577,0.25000958,0.25189637,0.25095297,1,1,234,154,180,180
B,578,0.25724787,0.25189637,0.25457212,1,1,234,154,180,180
B,579,0.23453251,0.23429291,0.23441271,1,1,234,154,180,180
B,580,0.25847227,0.21521531,0.23684379,1,1,234,154,180,180
B,581,0.26638450,0.26717645,0.26678047,1,1,234,154,180,180
B,582,0.23246059,0.26870008,0.25058033,1,1,234,154,180,180
B,583,0.24154307,0.24202972,0.24178640,1,1,234,154,180,180
B,584,0.25847227,0.27816859,0.26832043,1,1,234,154,180,180
B,585,0.24490186,0.24983914,0.24737050,1,1,234,154,180,180
B,586,0.25110098,0.24292391,0.24701245,1,1,234,154,180,180
B,587,0.25110098,0.26117585,0.25613842,1,1,234,154,180,180
B,588,0.24875929,0.24253562,0.24564745,1,1,234,154,180,180
B,589,0.25115220,0.25110098,0.25112659,1,1,234,154,180,180
B,590,0.25847227,0.24857729,0.25352478,1,1,234,154,180,180
B,591,0.24253562,0.23082177,0.23667869,1,1,234,154,180,180
B,592,0.24253562,0.23155292,0.23704427,1,1,234,154,180,180
B,593,0.25110098,0.25189637,0.25149868,1,1,234,154,180,180
B,594,0.24131681,0.24936468,0.24534075,1,1,234,154,180,180
B,595,0.26740820,0.28498821,0.27619821,1,1,234,154,180,180
B,596,0.23453251,0.24009801,0.23731526,1,1,234,154,180,180
B,597,0.27540147,0.26633281,0.27086714,1,1,234,154,180,180
B,598,0.24154307,0.28629917,0.26392112,1,1,234,154,180,180
B,599,0.23799925,0.24009801,0.23904863,1,1,234,154,180,180
B,600,0.27540147,0.26633281,0.27086714,1,1,234,154,180,180
B,601,0.25847227,0.29677582,0.27762404,1,1,234,154,180,180
B,602,0.27540147,0.28629917,0.28085032,1,1,234,154,180,180
B,603,0.26752193,0.29778629,0.28265411,1,1,234,154,180,180
B,604,0.25000000,0.29448408,0.27224204,1,1,234,154,180,180
B,605,0.26752193,0.29448408,0.28100300,1,1,234,154,180,180
B,606,0.25725846,0.26028961,0.25877403,1,1,234,154,180,180
B,607,0.26743823,0.28880562,0.27812192,1,1,234,154,180,180
B,608,0.25725846,0.28609713,0.27167779,1,1,234,154,180,180
B,609,0.26535597,0.27546544,0.27041071,1,1,234,154,180,180
B,610,0.27540147,0.28498821,0.28019484,1,1,234,154,180,180
B,611,0.25847227,0.25923025,0.25885126,1,1,234,154,180,180
B,612,0.29236377,0.30184385,0.29710381,1,1,234,154,180,180
B,613,0.25847227,0.29663651,0.27755439,1,1,234,154,180,180
B,614,0.30932607,0.32058277,0.31495442,1,1,234,154,180,180
B,615,0.30932607,0.31059715,0.30996161,1,1,234,154,180,180
B,616,0.27653315,0.29249744,0.28451530,1,1,234,154,180,180
B,617,0.26637572,0.28609713,0.27623643,1,1,234,154,180,180
B,618,0.25831558,0.24131681,0.24981620,1,1,234,154,180,180
B,619,0.17370842,0.20636965,0.19003903,1,1,234,154,180,180
B,620,0.12273921,0.11293849,0.11783885,1,1,234,154,180,180
B,621,0.10338683,0.10618306,0.10478494,1,1,234,154,180,180
B,622,0.13267162,0.14209160,0.13738161,1,1,234,154,180,180
B,623,0.17370842,0.17845766,0.17608304,1,1,234,154,180,180
B,624,0.18543815,0.17811763,0.18177789,1,1,234,154,180,180
B,625,0.25847227,0.25800784,0.25824006,1,1,234,154,180,180
B,626,0.24253562,0.24857729,0.24555645,1,1,234,154,180,180
B,627,0.21041416,0.23399837,0.22220626,1,1,234,154,180,180
B,628,0.24883551,0.27735010,0.26309280,1,1,234,154,180,180
B,629,0.23453251,0.28609713,0.26031482,1,1,234,154,180,180
B,630,0.23246059,0.22294815,0.22770437,1,1,234,154,180,180
B,631,0.22589738,0.24131681,0.23360710,1,1,234,154,180,180
B,632,0.20863703,0.24926363,0.22895033,1,1,234,154,180,180
B,633,0.23246059,0.23281876,0.23263967,1,1,234,154,180,180
B,634,0.23246059,0.24936468,0.24091264,1,1,234,154,180,180
B,635,0.21730740,0.24008298,0.22869519,1,1,234,154,180,180
B,636,0.23363466,0.26039679,0.24701572,1,1,234,154,180,180
B,637,0.24032926,0.25908162,0.24970544,1,1,234,154,180,180
B,638,0.24154307,0.23059873,0.23607090,1,1,234,154,180,180
B,639,0.25847227,0.24210738,0.25028983,1,1,234,154,180,180
B,640,0.24253562,0.21374116,0.22813839,1,1,234,154,180,180
B,641,0.24993788,0.26030111,0.25511949,1,1,234,154,180,180
B,642,0.28279143,0.27006578,0.27642861,1,1,234,154,180,180
B,643,0.27256841,0.29261530,0.28259185,1,1,234,154,180,180
B,644,0.24097164,0.23155292,0.23626228,1,1,234,154,180,180
B,645,0.24154307,0.24057579,0.24105943,1,1,234,154,180,180
B,646,0.24511344,0.25979224,0.25245284,1,1,234,154,180,180
B,647,0.27709217,0.25085053,0.26397135,1,1,234,154,180,180
B,648,0.25847227,0.26980042,0.26413634,1,1,234,154,180,180
B,649,0.26025117,0.27758745,0.26891931,1,1,234,154,180,180
B,650,0.25712567,0.26903185,0.26307876,1,1,234,154,180,180
B,651,0.25000000,0.23218914,0.24109457,1,1,234,154,180,180
B,652,0.29516755,0.27816859,0.28666807,1,1,234,154,180,180
B,653,0.27396668,0.26881394,0.27139031,1,1,234,154,180,180
B,654,0.27540147,0.28944479,0.28242313,1,1,234,154,180,180
B,655,0.26942349,0.25986337,0.26464343,1,1,234,154,180,180
B,656,0.24154307,0.24146215,0.24150261,1,1,234,154,180,180
B,657,0.27540147,0.27039753,0.27289950,1,1,234,154,180,180
B,658,0.27854334,0.27039753,0.27447043,1,1,234,154,180,180
B,659,0.28504386,0.25063053,0.26783719,1,1,234,154,180,180
B,660,0.26311943,0.24080732,0.25196337,1,1,234,154,180,180
B,661,0.26161413,0.22400479,0.24280946,1,1,234,154,180,180
B,662,0.27975385,0.29240889,0.28608137,1,1,234,154,180,180
B,663,0.31050371,0.29562995,0.30306683,1,1,234,154,180,180
B,664,0.26942349,0.26534324,0.26738337,1,1,234,154,180,180
B,665,0.25751310,0.24246051,0.24998680,1,1,234,154,180,180
B,666,,,,0,0,,,,
B,667,,,,0,0,,,,
B,668,,,,0,0,,,,
B,669,,,,0,0,,,,
B,670,,,,0,0,,,,
B,671,,,,0,0,,,,
B,672,,,,0,0,,,,
B,673,,,,0,0,,,,
B,674,,,,0,0,,,,
B,675,,,,0,0,,,,
B,676,,,,0,0,,,,
B,677,,,,0,0,,,,
B,678,,,,0,0,,,,
B,679,,,,0,0,,,,
B,680,,,,0,0,,,,
B,681,,,,0,0,,,,
B,682,,,,0,0,,,,
B,683,,,,0,0,,,,
B,684,,,,0,0,,,,
B,685,,,,0,0,,,,
B,686,,,,0,0,,,,
B,687,,,,0,0,,,,
B,688,0.24230242,0.24123593,0.24176917,1,1,234,154,180,180
B,689,0.26409265,0.26879752,0.26644509,1,1,234,154,180,180
B,690,0.28105044,0.28824841,0.28464942,1,1,234,154,180,180
B,691,0.28992135,0.27701882,0.28347009,1,1,234,154,180,180
B,692,0.25181451,0.24936468,0.25058960,1,1,234,154,180,180
B,693,0.26970447,0.26039679,0.26505063,1,1,234,154,180,180
B,694,0.24511344,0.22206996,0.23359170,1,1,234,154,180,180
B,695,0.24154307,0.24008298,0.24081302,1,1,234,154,180,180
B,696,0.24511344,0.27873958,0.26192651,1,1,234,154,180,180
B,697,0.24154307,0.25986337,0.25070322,1,1,234,154,180,180
B,698,0.24511344,0.23155292,0.23833318,1,1,234,154,180,180
B,699,0.21604269,0.24936468,0.23270369,1,1,234,154,180,180
B,700,0.23363466,0.26717645,0.25040555,1,1,234,154,180,180
B,701,0.24154307,0.27758745,0.25956526,1,1,234,134,180,180
B,702,0.24511344,0.25000000,0.24755672,1,1,234,134,180,180
B,703,0.23363466,0.24984072,0.24173769,1,1,234,134,180,180
B,704,0.26204264,0.24123593,0.25163929,1,1,234,134,180,180
B,705,0.25847227,0.26768648,0.26307938,1,1,234,134,180,180
B,706,0.25097036,0.24246051,0.24671543,1,1,234,134,180,180
B,707,0.26752193,0.26768648,0.26760421,1,1,234,134,180,180
B,708,0.24511344,0.26879752,0.25695548,1,1,234,134,180,180
B,709,0.22558633,0.23214286,0.22886459,1,1,234,134,180,180
B,710,0.22558633,0.22375487,0.22467060,1,1,234,134,180,180
B,711,0.22344933,0.25000000,0.23672466,1,1,234,134,180,180
B,712,0.25953438,0.26039679,0.25996559,1,1,234,134,180,180
B,713,0.26740820,0.27693548,0.27217184,1,1,234,134,180,180
B,714,0.22466314,0.23199495,0.22832905,1,1,234,134,180,180
B,715,0.24253562,0.25110898,0.24682230,1,1,234,134,180,180
B,716,0.24131681,0.26057533,0.25094607,1,1,234,134,180,180
B,717,0.22558633,0.22556487,0.22557560,1,1,234,134,180,180
B,718,0.23363466,0.23320381,0.23341923,1,1,234,134,180,180
B,719,0.24154307,0.25110898,0.24632602,1,1,234,134,180,180
B,720,0.20636965,0.22400479,0.21518722,1,1,234,134,180,180
B,721,0.21814250,0.20782984,0.21298617,1,1,234,134,180,180
B,722,0.23363466,0.24246051,0.23804758,1,1,234,134,180,180
B,723,0.21696392,0.26785714,0.24241053,1,1,234,134,180,180
B,724,0.25097036,0.24246051,0.24671543,1,1,234,134,180,180
B,725,0.21117202,0.23438761,0.22277982,1,1,234,134,180,180
B,726,0.22589738,0.24246051,0.23417894,1,1,234,134,180,180
B,727,0.23363466,0.24984072,0.24173769,1,1,234,134,180,180
B,728,0.25097036,0.24123593,0.24610314,1,1,234,134,180,180
B,729,0.23246059,0.23320381,0.23283220,1,1,234,134,180,180
B,730,0.24131681,0.24936468,0.24534075,1,1,234,134,180,180
B,731,0.23246059,0.24123593,0.23684826,1,1,234,134,180,180
B,732,0.24131681,0.24984072,0.24557877,1,1,234,134,180,180
B,733,0.24253562,0.26768648,0.25511105,1,1,234,134,180,180
B,734,0.21814250,0.24936468,0.23375359,1,1,234,134,180,180
B,735,0.21730740,0.24080732,0.22905736,1,1,234,134,180,180
B,736,0.22436752,0.22543089,0.22489920,1,1,234,134,180,180
B,737,0.22436752,0.20819975,0.21628364,1,1,234,134,180,180
B,738,0.22466314,0.19630342,0.21048328,1,1,234,134,180,180
B,739,0.20037997,0.20677365,0.20357681,1,1,234,134,180,180
B,740,0.20037997,0.23347192,0.21692594,1,1,234,134,180,180
B,741,0.22344933,0.19630342,0.20987637,1,1,234,134,180,180
B,742,0.20721766,0.20689655,0.20705711,1,1,234,134,180,180
B,743,0.24253562,0.25110898,0.24682230,1,1,234,134,180,180
B,744,0.22294815,0.21428571,0.21861693,1,1,234,134,180,180
B,745,0.24131681,0.24227338,0.24179510,1,1,234,134,180,180
B,746,0.20925340,0.19630342,0.20277841,1,1,234,134,180,180
B,747,0.21613333,0.23199495,0.22406414,1,1,234,134,180,180
B,748,0.21730740,0.25000000,0.23365370,1,1,234,134,180,180
B,749,0.20037997,0.22400479,0.21219238,1,1,234,134,180,180
B,750,0.19176598,0.22375487,0.20776042,1,1,234,134,180,180
B,751,0.20721766,0.20553740,0.20637753,1,1,234,134,180,180
B,752,0.22625276,0.22222222,0.22423749,1,1,234,134,180,180
B,753,0.20863703,0.21576362,0.21220033,1,1,234,134,180,180
B,754,0.17319675,0.22360155,0.19839915,1,1,234,134,180,180
B,755,0.20810946,0.24210738,0.22510842,1,1,234,134,180,180
B,756,0.20863703,0.20925340,0.20894522,1,1,234,154,180,180
B,757,0.17988134,0.21562615,0.19775375,1,1,234,154,180,180
B,758,0.20640627,0.22482920,0.21561774,1,1,234,154,180,180
B,759,0.21306625,0.20782984,0.21044804,1,1,234,154,180,180
B,760,0.18543815,0.20782984,0.19663399,1,1,234,154,180,180
B,761,0.21600524,0.21414919,0.21507721,1,1,234,154,180,180
B,762,0.17319675,0.16030587,0.16675131,1,1,234,154,180,180
B,763,0.17931335,0.18022474,0.17976904,1,1,234,154,180,180
B,764,0.16912380,0.20093335,0.18502857,1,1,234,154,180,180
B,765,0.17931335,0.19630342,0.18780839,1,1,234,154,180,180
B,766,0.19176598,0.19630342,0.19403470,1,1,234,154,180,180
B,767,0.15129715,0.14991673,0.15060694,1,1,234,154,180,180
B,768,0.13040860,0.12667635,0.12854248,1,1,234,154,180,180
B,769,0.10517579,0.11284453,0.10901016,1,1,234,154,180,180
B,770,0.10941445,0.10270463,0.10605954,1,1,234,154,180,180
B,771,0.15815814,0.14991673,0.15403743,1,1,234,154,180,180
B,772,0.15129715,0.16822356,0.15976035,1,1,234,154,180,180
B,773,0.18336097,0.16822356,0.17579226,1,1,234,154,180,180
B,774,0.16684050,0.17231138,0.16957594,1,1,234,154,180,180
B,775,0.16794419,0.14508582,0.15651501,1,1,234,154,180,180
B,776,0.17489492,0.18498366,0.17993929,1,1,234,154,180,180
B,777,0.17489492,0.15508024,0.16498758,1,1,234,154,180,180
B,778,0.17489492,0.16657415,0.17073453,1,1,234,154,180,180
B,779,0.17417919,0.15480471,0.16449195,1,1,234,154,180,180
B,780,0.21453574,0.18920575,0.20187075,1,1,234,154,180,180
B,781,0.20778321,0.18488097,0.19633209,1,1,234,154,180,180
B,782,0.18956764,0.17401760,0.18179262,1,1,234,154,180,180
B,783,0.20778321,0.18488097,0.19633209,1,1,234,154,180,180
B,784,0.20863703,0.18488097,0.19675900,1,1,234,154,180,180
B,785,0.24131681,0.23335392,0.23733537,1,1,234,154,180,180
B,786,0.20636965,0.20677365,0.20657165,1,1,234,154,180,180
B,787,0.20636965,0.17241379,0.18939172,1,1,234,154,180,180
B,788,0.20636965,0.16748166,0.18692566,1,1,234,154,180,180
B,789,0.20863703,0.18920575,0.19892139,1,1,234,154,180,180
B,790,0.22344933,0.21736862,0.22040897,1,1,234,154,180,180
B,791,0.19961286,0.18292728,0.19127007,1,1,234,154,180,180
B,792,0.19961286,0.17200523,0.18580904,1,1,234,154,180,180
B,793,0.24253562,0.22482920,0.23368241,1,1,234,154,180,180
B,794,0.21359509,0.19630342,0.20494925,1,1,234,154,180,180
B,795,0.20636965,0.15720149,0.18178557,1,1,234,154,180,180
B,796,0.19098120,0.18954251,0.19026186,1,1,234,154,180,180
B,797,0.19961286,0.18461018,0.19211152,1,1,234,154,180,180
B,798,0.18472824,0.18954251,0.18713538,1,1,234,154,180,180
B,799,0.24032926,0.23281653,0.23657289,1,1,234,154,180,180
B,800,0.20360739,0.18292728,0.19326733,1,1,234,154,180,180
B,801,0.23708813,0.23281653,0.23495233,1,1,234,154,180,180
B,802,0.22757907,0.20677365,0.21717636,1,1,234,154,180,180
B,803,0.21814250,0.20819975,0.21317113,1,1,234,154,180,180
B,804,0.20098014,0.23385186,0.21741600,1,1,234,154,180,180
B,805,0.20636965,0.20832350,0.20734657,1,1,234,154,180,180
B,806,0.21624764,0.21792501,0.21708632,1,1,234,154,180,180
B,807,0.23907718,0.21654639,0.22781179,1,1,234,154,180,180
B,808,0.22466314,0.21428571,0.21947443,1,1,234,154,180,180
B,809,0.22518868,0.24986122,0.23752495,1,1,234,154,180,180
B,810,0.19647186,0.21666667,0.20656926,1,1,234,154,180,180
B,811,0.19847263,0.18323156,0.19085210,1,1,234,154,180,180
B,812,0.21278028,0.21090260,0.21184144,1,1,234,154,180,180
B,813,0.21968427,0.21773020,0.21870724,1,1,234,154,180,180
B,814,0.25181451,0.25752911,0.25467181,1,1,234,154,180,180
B,815,0.24430026,0.21832400,0.23131213,1,1,234,154,180,180
B,816,0.25176504,0.23488946,0.24332725,1,1,234,154,180,180
B,817,0.22250556,0.21890058,0.22070307,1,1,234,154,180,180
B,818,0.20945165,0.21618678,0.21281922,1,1,234,154,180,180
B,819,0.20945165,0.21792501,0.21368833,1,1,234,154,180,180
B,820,0.20945165,0.20924240,0.20934703,1,1,234,154,180,180
B,821,0.21718613,0.22589738,0.22154175,1,1,234,154,180,180
B,822,0.22622350,0.21779500,0.22200925,1,1,234,154,180,180
B,823,0.21624764,0.20924240,0.21274502,1,1,234,154,180,180
B,824,0.26508540,0.22648185,0.24578363,1,1,234,154,180,180
B,825,0.23240821,0.22475645,0.22858233,1,1,234,154,180,180
B,826,0.22154899,0.22475645,0.22315272,1,1,234,174,180,180
B,827,0.23593191,0.20924240,0.22258716,1,1,234,154,180,180
B,828,0.23523325,0.21779500,0.22651412,1,1,234,154,180,180
B,829,0.24892523,0.22533797,0.23713160,1,1,234,154,180,180
B,830,0.22851730,0.22475645,0.22663688,1,1,234,154,180,180
B,831,0.21278028,0.20924240,0.21101134,1,1,234,154,180,180
B,832,0.24502158,0.25752911,0.25127534,1,1,234,154,180,180
B,833,0.24097164,0.25752911,0.24925037,1,1,234,154,180,180
B,834,0.25675460,0.24243562,0.24959511,1,1,234,154,180,180
B,835,0.24892523,0.24243562,0.24568042,1,1,234,154,180,180
B,836,0.22518868,0.19447895,0.20983381,1,1,234,154,180,180
B,837,0.23362355,0.22533797,0.22948076,1,1,234,154,180,180
B,838,0.21718613,0.21003110,0.21360861,1,1,234,154,180,180
B,839,0.24255155,0.22533797,0.23394476,1,1,234,154,180,180
B,840,0.22851730,0.21038628,0.21945179,1,1,234,154,180,180
B,841,0.22394297,0.19955703,0.21175000,1,1,234,154,180,180
B,842,0.22394297,0.23281653,0.22837975,1,1,234,154,180,180
B,843,0.22725319,0.22533797,0.22629558,1,1,234,154,180,180
B,844,0.25045533,0.22727880,0.23886706,1,1,234,154,180,180
B,845,0.23240821,0.24295090,0.23767955,1,1,234,154,180,180
B,846,0.26508540,0.24243562,0.25376051,1,1,234,154,180,180
B,847,0.25533427,0.24243562,0.24888494,1,1,234,154,180,180
B,848,0.25675460,0.24143354,0.24909407,1,1,234,154,180,180
B,849,0.28317607,0.24143354,0.26230480,1,1,234,154,180,180
B,850,0.25533427,0.22648185,0.24090806,1,1,234,154,180,180
B,851,0.26379051,0.25745738,0.26062394,1,1,234,154,180,180
B,852,0.27366009,0.25752911,0.26559460,1,1,234,154,180,180
B,853,0.27657302,0.26607604,0.27132453,1,1,234,154,180,180
B,854,0.26652950,0.26607604,0.26630277,1,1,234,154,180,180
B,855,0.29198591,0.28270579,0.28734585,1,1,234,154,180,180
B,856,0.27975385,0.25886350,0.26930867,1,1,234,154,180,180
B,857,0.27189321,0.28270579,0.27729950,1,1,234,154,180,180
B,858,0.27189321,0.28192720,0.27691020,1,1,234,154,180,180
B,859,0.28938643,0.26534324,0.27736484,1,1,234,154,180,180
B,860,0.27478733,0.27391804,0.27435268,1,1,234,154,180,180
B,861,0.31465894,0.29942966,0.30704430,1,1,234,154,180,180
B,862,0.30748053,0.29736837,0.30242445,1,1,234,154,180,180
B,863,0.29598455,0.27362468,0.28480461,1,1,234,154,180,180
B,864,0.31465894,0.29851115,0.30658505,1,1,234,154,180,180
B,865,0.30253485,0.29075091,0.29664288,1,1,234,154,180,180
B,866,0.31465894,0.30034817,0.30750356,1,1,234,154,180,180
B,867,0.29866740,0.28192720,0.29029730,1,1,234,154,180,180
B,868,0.28276020,0.28374112,0.28325066,1,1,234,154,180,180
B,869,0.28317607,0.26814670,0.27566138,1,1,234,154,180,180
B,870,0.29842825,0.26607604,0.28225214,1,1,234,154,180,180
B,871,0.30748053,0.28972025,0.29860039,1,1,234,154,180,180
B,872,0.29866740,0.27291855,0.28579297,1,1,234,154,180,180
B,873,0.30488105,0.29942966,0.30215535,1,1,234,154,180,180
B,874,0.32297515,0.30960941,0.31629228,1,1,234,154,180,180
B,875,0.29198591,0.28897258,0.29047925,1,1,234,154,180,180
B,876,0.28678695,0.29851115,0.29264905,1,1,234,154,180,180
B,877,0.29842825,0.30869744,0.30356284,1,1,234,154,180,180
B,878,0.30488105,0.28897258,0.29692682,1,1,234,154,180,180
B,879,0.30748053,0.30034817,0.30391435,1,1,234,154,180,180
B,880,0.30043800,0.29933554,0.29988677,1,1,234,154,180,180
B,881,0.31408855,0.31056207,0.31232531,1,1,234,154,180,180
B,882,0.30135024,0.29249744,0.29692384,1,1,234,154,180,180
B,883,0.28938643,0.27462675,0.28200659,1,1,234,154,180,180
B,884,0.30855027,0.25907871,0.28381449,1,1,234,154,180,180
B,885,0.29866740,0.27627923,0.28747331,1,1,234,154,180,180
B,886,0.26652950,0.24944629,0.25798789,1,1,234,154,180,180
B,887,0.25824720,0.24944629,0.25384674,1,1,234,154,180,180
B,888,0.27813397,0.27451614,0.27632505,1,1,234,154,180,180
B,889,0.26659838,0.25752911,0.26206375,1,1,234,154,180,180
B,890,0.29198591,0.26597143,0.27897867,1,1,234,154,180,180
B,891,0.29010070,0.25786401,0.27398236,1,1,234,154,180,180
B,892,0.27366009,0.26711137,0.27038573,1,1,234,154,180,180
B,893,0.28049552,0.24979177,0.26514365,1,1,234,154,180,180
B,894,0.28243670,0.26534324,0.27388997,1,1,234,154,180,180
B,895,0.24097164,0.24131681,0.24114423,1,1,234,154,180,180
B,896,0.24879034,0.25907871,0.25393452,1,1,234,154,180,180
B,897,0.22725319,0.23217534,0.22971426,1,1,234,154,180,180
B,898,0.22518868,0.24944629,0.23731748,1,1,234,154,180,180
B,899,0.23132693,0.20579830,0.21856261,1,1,234,154,180,180
B,900,0.26810958,0.25831558,0.26321258,1,1,234,154,180,180
B,901,0.22349268,0.21559139,0.21954203,1,1,234,154,180,180
B,902,0.20000001,0.20640627,0.20320314,1,1,234,154,180,180
B,903,0.21624764,0.20925340,0.21275052,1,1,234,154,180,180
B,904,0.20000001,0.22360680,0.21180340,1,1,234,154,180,180
B,905,0.21624764,0.24080732,0.22852748,1,1,234,154,180,180
B,906,0.24154307,0.21521531,0.22837919,1,1,234,154,180,180
B,907,0.22324958,0.21374116,0.21849537,1,1,234,154,180,180
B,908,0.18309240,0.20640627,0.19474933,1,1,234,154,180,180
B,909,0.24154307,0.24123593,0.24138950,1,1,234,154,180,180
B,910,0.22324958,0.24936468,0.23630713,1,1,234,154,180,180
B,911,0.20105550,0.21374116,0.20739833,1,1,234,154,180,180
B,912,0.21730740,0.21521531,0.21626135,1,1,234,154,180,180
B,913,0.20388830,0.20640627,0.20514729,1,1,234,154,180,180
B,914,0.20778321,0.21562615,0.21170468,1,1,234,154,180,180
B,915,0.20778321,0.24080732,0.22429527,1,1,234,154,180,180
B,916,0.22508667,0.23453251,0.22980959,1,1,234,154,180,180
B,917,0.20098014,0.21374116,0.20736065,1,1,234,154,180,180
B,918,0.21730740,0.24080732,0.22905736,1,1,234,154,180,180
B,919,0.16154813,0.18292728,0.17223770,1,1,234,154,180,180
B,920,0.15032004,0.13325932,0.14178968,1,1,234,154,180,180
B,921,0.13419748,0.14991673,0.14205711,1,1,234,154,180,180
B,922,0.14752096,0.15508024,0.15130060,1,1,234,154,180,180
B,923,0.16313208,0.12876456,0.14594832,1,1,234,154,180,180
B,924,0.13931011,0.12061796,0.12996403,1,1,234,154,180,180
B,925,0.13238494,0.14486012,0.13862253,1,1,234,154,180,180
B,926,0.16847635,0.16987297,0.16917466,1,1,234,154,180,180
B,927,0.13419748,0.15508024,0.14463886,1,1,234,154,180,180
B,928,0.14142135,0.15720149,0.14931142,1,1,234,154,180,180
B,929,0.16684050,0.13784910,0.15234480,1,1,234,154,180,180
B,930,0.15032004,0.13784910,0.14408457,1,1,234,154,180,180
B,931,0.13419748,0.13784910,0.13602329,1,1,234,154,180,180
B,932,0.13471320,0.12341419,0.12906370,1,1,234,154,180,180
B,933,0.14752096,0.13303802,0.14027949,1,1,234,154,180,180
B,934,0.13419748,0.11660190,0.12539969,1,1,234,154,180,180
B,935,0.14925557,0.13538509,0.14232033,1,1,234,154,180,180
B,936,0.11767702,0.13784910,0.12776306,1,1,234,154,180,180
B,937,0.14925557,0.15205176,0.15065367,1,1,234,154,180,180
B,938,0.13675477,0.11660190,0.12667834,1,1,234,154,180,180
B,939,0.12843226,0.11660190,0.12251708,1,1,234,154,180,180
B,940,0.14607595,0.13303802,0.13955699,1,1,234,154,180,180
B,941,0.12797133,0.13538509,0.13167821,1,1,234,154,180,180
B,942,0.12797133,0.13784910,0.13291022,1,1,234,154,180,180
B,943,0.14555171,0.11660190,0.13107681,1,1,234,154,180,180
B,944,0.12994058,0.13793103,0.13393581,1,1,234,154,180,180
B,945,0.13719886,0.11666667,0.12693277,1,1,234,154,180,180
B,946,0.13471320,0.11865252,0.12668286,1,1,234,154,180,180
B,947,0.15089771,0.12341419,0.13715595,1,1,234,154,180,180
B,948,0.11877887,0.09994449,0.10936168,1,1,234,154,180,180
B,949,0.13040860,0.09977851,0.11509356,1,1,234,154,180,180
B,950,0.13238494,0.08600261,0.10919378,1,1,234,154,180,180
B,951,0.12843226,0.10320314,0.11581770,1,1,234,154,180,180
B,952,0.12166032,0.12061796,0.12113914,1,1,234,154,180,180
B,953,0.10448460,0.10517579,0.10483019,1,1,234,154,180,180
B,954,0.12216025,0.08928571,0.10572298,1,1,234,154,180,180
B,955,0.12004901,0.10338683,0.11171792,1,1,234,154,180,180
B,956,0.10219492,0.08615569,0.09417531,1,1,234,154,180,180
B,957,0.13040860,0.13508523,0.13274692,1,1,234,154,180,180
B,958,0.17248796,0.17370842,0.17309819,1,1,234,154,180,180
B,959,0.17728449,0.19006781,0.18367615,1,1,234,154,180,180
B,960,0.22622350,0.24202972,0.23412661,1,1,234,154,180,180
B,961,0.23911544,0.22558633,0.23235088,1,1,234,154,180,180
B,962,0.20909025,0.21676997,0.21293011,1,1,234,154,180,180
B,963,0.22622350,0.23399837,0.23011093,1,1,234,154,180,180
B,964,0.24032926,0.24202972,0.24117949,1,1,234,154,180,180
B,965,0.20778321,0.24080732,0.22429527,1,1,234,154,180,180
B,966,0.21476605,0.24009801,0.22743203,1,1,234,154,180,180
B,967,0.22466314,0.22558633,0.22512473,1,1,234,154,180,180
B,968,0.19961286,0.22360680,0.21160983,1,1,234,154,180,180
B,969,0.21476605,0.20093335,0.20784970,1,1,234,154,180,180
B,970,0.22466314,0.22558633,0.22512473,1,1,234,154,180,180
B,971,0.22344933,0.21668946,0.22006939,1,1,234,154,180,180
B,972,0.19328091,0.20962584,0.20145338,1,1,234,154,180,180
B,973,0.21476605,0.24325213,0.22900909,1,1,234,154,180,180
B,974,0.18543815,0.18292728,0.18418271,1,1,234,154,180,180
B,975,0.23128651,0.21756310,0.22442481,1,1,234,154,180,180
B,976,0.19824558,0.20782984,0.20303771,1,1,234,154,180,180
B,977,0.21594012,0.22360680,0.21977346,1,1,234,154,180,180
B,978,0.19006781,0.21668946,0.20337863,1,1,234,154,180,180
B,979,0.21476605,0.22625276,0.22050940,1,1,234,154,180,180
B,980,0.18928998,0.21521531,0.20225264,1,1,234,154,180,180
B,981,0.21559139,0.22400479,0.21979809,1,1,234,154,180,180
B,982,0.22416696,0.21374116,0.21895406,1,1,234,154,180,180
B,983,0.22416696,0.21668946,0.22042821,1,1,234,154,180,180
B,984,0.19006781,0.17401760,0.18204270,1,1,234,154,180,180
B,985,0.18543815,0.17370842,0.17957328,1,1,234,154,180,180
B,986,0.20984335,0.22625276,0.21804805,1,1,234,154,180,180
B,987,0.18472824,0.18954251,0.18713538,1,1,234,154,180,180
B,988,0.18864844,0.17231138,0.18047991,1,1,234,154,180,180
B,989,0.19961286,0.19630342,0.19795814,1,1,234,154,180,180
B,990,0.17792303,0.17231138,0.17511720,1,1,234,154,180,180
B,991,0.16847635,0.15517241,0.16182438,1,1,234,154,180,180
B,992,0.17319675,0.16280880,0.16800278,1,1,234,154,180,180
B,993,0.17417919,0.16061189,0.16739554,1,1,234,154,180,180
B,994,0.20495609,0.19807050,0.20151330,1,1,234,154,180,180
B,995,0.14107431,0.15508024,0.14807727,1,1,234,154,180,180
B,996,0.14001107,0.15000000,0.14500553,1,1,234,154,180,180
B,997,0.19955703,0.18033963,0.18994833,1,1,234,134,180,180
B,998,0.17792303,0.14991673,0.16391988,1,1,234,134,180,180
B,999,0.16520465,0.18033963,0.17277214,1,1,234,134,180,180
B,1000,0.17988134,0.18022474,0.18005304,1,1,234,134,180,180
B,1001,0.16206958,0.17845766,0.17026362,1,1,234,134,180,180
B,1002,0.17149858,0.19642857,0.18396358,1,1,234,134,180,180
B,1003,0.17401760,0.17401760,0.17401760,1,1,234,134,180,180
B,1004,0.17149858,0.18022474,0.17586166,1,1,234,134,180,180
B,1005,0.15604689,0.18022474,0.16813581,1,1,234,134,180,180
B,1006,0.17149858,0.17241379,0.17195619,1,1,234,134,180,180
B,1007,0.19740354,0.18033963,0.18887159,1,1,234,134,180,180
B,1008,0.17370842,0.16248249,0.16809545,1,1,234,134,180,180
B,1009,0.18920575,0.18033963,0.18477269,1,1,234,134,180,180
B,1010,0.15604689,0.15729492,0.15667091,1,1,234,134,180,180
B,1011,0.16657415,0.15517241,0.16087328,1,1,234,134,180,180
B,1012,0.16794419,0.17412103,0.17103261,1,1,234,134,180,180
B,1013,0.16254947,0.17241379,0.16748163,1,1,234,134,180,180
B,1014,0.16095569,0.17241379,0.16668474,1,1,234,134,180,180
B,1015,0.15131444,0.15729492,0.15430468,1,1,234,134,180,180
B,1016,0.17659436,0.17412103,0.17535769,1,1,234,134,180,180
B,1017,0.14645390,0.17412103,0.16028746,1,1,234,134,180,180
B,1018,0.16212999,0.17231138,0.16722068,1,1,234,134,180,180
B,1019,0.19397706,0.15517241,0.17457474,1,1,234,134,180,180
B,1020,0.20870242,0.19267483,0.20068863,1,1,234,134,180,180
B,1021,0.20093335,0.17241379,0.18667357,1,1,234,134,180,180
B,1022,0.18796895,0.15687965,0.17242430,1,1,234,134,180,180
B,1023,0.18543815,0.17857143,0.18200479,1,1,234,134,180,180
B,1024,0.19447895,0.17412103,0.18429999,1,1,234,134,180,180
B,1025,0.19264839,0.17412103,0.18338471,1,1,234,134,180,180
B,1026,0.16912380,0.15508024,0.16210202,1,1,234,134,180,180
B,1027,0.23335392,0.18954251,0.21144822,1,1,234,134,180,180
B,1028,0.21696392,0.19136241,0.20416316,1,1,234,134,180,180
B,1029,0.19378931,0.20689655,0.20034293,1,1,234,134,180,180
B,1030,0.16959086,0.17857143,0.17408115,1,1,234,154,180,180
B,1031,0.16095569,0.15678646,0.15887108,1,1,234,154,180,180
B,1032,0.16414325,0.16280880,0.16347602,1,1,234,154,180,180
B,1033,0.16794419,0.13793103,0.15293761,1,1,234,154,180,180
B,1034,0.14925557,0.17231138,0.16078348,1,1,234,154,180,180
B,1035,0.15336166,0.16280880,0.15808523,1,1,234,154,180,180
B,1036,0.14925557,0.15729492,0.15327525,1,1,234,154,180,180
B,1037,0.17659436,0.17231138,0.17445287,1,1,234,154,180,180
B,1038,0.14486012,0.15729492,0.15107752,1,1,234,154,180,180
B,1039,0.14448629,0.17241379,0.15845004,1,1,234,154,180,180
B,1040,0.16583953,0.16061189,0.16322571,1,1,234,154,180,180
B,1041,0.18379601,0.16629752,0.17504677,1,1,234,154,180,180
B,1042,0.16959086,0.17241379,0.17100233,1,1,234,154,180,180
B,1043,0.19397706,0.19630342,0.19514024,1,1,234,154,180,180
B,1044,0.16794419,0.17241379,0.17017899,1,1,234,154,180,180
B,1045,0.20175250,0.19630342,0.19902796,1,1,234,134,180,180
B,1046,0.20175250,0.17857143,0.19016196,1,1,234,134,180,180
B,1047,0.18430360,0.15729492,0.17079926,1,1,234,154,180,180
B,1048,0.19900743,0.19807050,0.19853897,1,1,234,134,180,180
B,1049,0.19447895,0.20689655,0.20068775,1,1,234,134,180,180
B,1050,0.18379601,0.17231138,0.17805369,1,1,234,134,180,180
B,1051,0.19397706,0.22400479,0.20899093,1,1,234,134,180,180
B,1052,0.19900743,0.17231138,0.18565940,1,1,234,134,180,180
B,1053,0.18430360,0.18965517,0.18697939,1,1,234,134,180,180
B,1054,0.17838338,0.19108212,0.18473275,1,1,234,134,180,180
B,1055,0.20037997,0.18954251,0.19496124,1,1,234,134,180,180
B,1056,0.17864504,0.17241379,0.17552942,1,1,234,134,180,180
B,1057,0.20909025,0.21654639,0.21281832,1,1,234,134,180,180
B,1058,0.18713486,0.18965517,0.18839502,1,1,234,134,180,180
B,1059,0.12843226,0.12068966,0.12456096,1,1,234,134,180,180
B,1060,0.13040860,0.13333333,0.13187097,1,1,234,134,180,180
B,1061,0.12667635,0.13325932,0.12996783,1,1,234,134,180,180
B,1062,0.14607595,0.14991673,0.14799634,1,1,234,134,180,180
B,1063,0.15594572,0.14516129,0.15055350,1,1,234,134,180,180
B,1064,0.18925647,0.16657415,0.17791531,1,1,234,134,180,180
B,1065,0.19447895,0.19642857,0.19545376,1,1,234,134,180,180
B,1066,0.20037997,0.17412103,0.18725050,1,1,234,134,180,180
B,1067,0.19264839,0.20677365,0.19971102,1,1,234,134,180,180
B,1068,0.21003110,0.21414919,0.21209014,1,1,234,134,180,180
B,1069,0.21559139,0.21428571,0.21493855,1,1,234,134,180,180
B,1070,0.20037997,0.18323156,0.19180576,1,1,234,154,180,180
B,1071,0.22703830,0.22400479,0.22552155,1,1,234,154,180,180
B,1072,0.22589738,0.18323156,0.20456447,1,1,234,154,180,180
B,1073,0.19447895,0.16657415,0.18052655,1,1,234,154,180,180
B,1074,0.21003110,0.18954251,0.19978681,1,1,234,154,180,180
B,1075,0.19824558,0.19090894,0.19457726,1,1,234,154,180,180
B,1076,0.19900743,0.17231138,0.18565940,1,1,234,154,180,180
B,1077,0.18242348,0.15508024,0.16875186,1,1,234,154,180,180
B,1078,0.16154813,0.15508024,0.15831418,1,1,234,154,180,180
B,1079,0.17319675,0.15508024,0.16413849,1,1,234,154,180,180
B,1080,0.16371965,0.15336166,0.15854065,1,1,234,154,180,180
B,1081,0.14925557,0.16657415,0.15791486,1,1,234,154,180,180
B,1082,0.16154813,0.15508024,0.15831418,1,1,234,154,180,180
B,1083,0.15089771,0.13760418,0.14425095,1,1,234,154,180,180
B,1084,0.18379601,0.17401760,0.17890680,1,1,234,154,180,180
B,1085,0.16583953,0.16061189,0.16322571,1,1,234,154,180,180
B,1086,0.17149858,0.15508024,0.16328941,1,1,234,154,180,180
B,1087,0.18309240,0.17231138,0.17770189,1,1,234,154,180,180
B,1088,0.17951269,0.18954251,0.18452760,1,1,234,154,180,180
B,1089,0.18379601,0.15508024,0.16943813,1,1,234,154,180,180
B,1090,0.18242348,0.15720149,0.16981248,1,1,234,154,180,180
B,1091,0.17319675,0.17401760,0.17360717,1,1,234,154,180,180
B,1092,0.18543815,0.17231138,0.17887476,1,1,234,154,180,180
B,1093,0.19328091,0.19955703,0.19641897,1,1,234,154,180,180
B,1094,0.18242348,0.14991673,0.16617011,1,1,234,154,180,180
B,1095,0.17951269,0.17200523,0.17575896,1,1,234,154,180,180
B,1096,0.16054032,0.16794419,0.16424226,1,1,234,154,180,180
B,1097,0.19397706,0.16095569,0.17746638,1,1,234,154,180,180
B,1098,0.20984335,0.20126759,0.20555547,1,1,234,154,180,180
B,1099,0.23217534,0.18323156,0.20770345,1,1,234,154,180,180
B,1100,0.21730740,0.18954251,0.20342496,1,1,234,154,180,180
B,1101,0.22344933,0.20677365,0.21511149,1,1,234,154,180,180
B,1102,0.27256841,0.25693857,0.26475349,1,1,234,154,180,180
B,1103,0.25725846,0.24123593,0.24924719,1,1,234,154,180,180
B,1104,0.22851730,0.23281653,0.23066692,1,1,234,154,180,180
B,1105,0.25847227,0.22360680,0.24103953,1,1,234,154,180,180
B,1106,0.25712567,0.24246051,0.24979309,1,1,234,154,180,180
B,1107,0.27396668,0.24123593,0.25760130,1,1,234,154,180,180
B,1108,0.26406189,0.25166346,0.25786267,1,1,234,154,180,180
B,1109,0.23249528,0.24080732,0.23665130,1,1,234,154,180,180
B,1110,0.25000958,0.22648185,0.23824571,1,1,234,154,180,180
B,1111,0.27540147,0.24123593,0.25831870,1,1,234,154,180,180
B,1112,0.21730740,0.21654639,0.21692690,1,1,234,154,180,180
B,1113,0.23246059,0.21804605,0.22525332,1,1,234,154,180,180
B,1114,0.24253562,0.22400479,0.23327020,1,1,234,154,180,180
B,1115,0.24253562,0.20819975,0.22536768,1,1,234,154,180,180
B,1116,0.22416696,0.20832350,0.21624523,1,1,234,154,180,180
B,1117,0.19460482,0.16054032,0.17757257,1,1,234,154,180,180
B,1118,0.20037997,0.17732712,0.18885354,1,1,234,154,180,180
B,1119,0.18430360,0.15156614,0.16793487,1,1,234,154,180,180
B,1120,0.19900743,0.20819975,0.20360359,1,1,234,154,180,180
B,1121,0.20037997,0.19988898,0.20013447,1,1,234,154,180,180
B,1122,0.18379601,0.14991673,0.16685637,1,1,234,154,180,180
B,1123,0.20721766,0.17231138,0.18976452,1,1,234,154,180,180
B,1124,0.19900743,0.14991673,0.17446208,1,1,234,154,180,180
B,1125,0.20579830,0.16666667,0.18623248,1,1,234,154,180,180
B,1126,0.20037997,0.16657415,0.18347706,1,1,234,154,180,180
B,1127,0.20721766,0.17412103,0.19066935,1,1,234,154,180,180
B,1128,0.16520465,0.13793103,0.15156784,1,1,234,154,180,180
B,1129,0.17647354,0.16794419,0.17220886,1,1,234,154,180,180
B,1130,0.22405705,0.20909025,0.21657365,1,1,234,154,180,180
B,1131,0.20863703,0.18430360,0.19647032,1,1,234,154,180,180
B,1132,0.19328091,0.20037997,0.19683044,1,1,234,154,180,180
B,1133,0.20098014,0.16629752,0.18363883,1,1,234,154,180,180
B,1134,0.17673240,0.16794419,0.17233830,1,1,234,154,180,180
B,1135,0.17805025,0.19397706,0.18601366,1,1,234,154,180,180
B,1136,0.20397505,0.19397706,0.19897606,1,1,234,154,180,180
B,1137,0.21613333,0.20126759,0.20870046,1,1,234,154,180,180
B,1138,0.21613333,0.20037997,0.20825665,1,1,234,154,180,180
B,1139,0.19961286,0.17792303,0.18876795,1,1,234,154,180,180
B,1140,0.21507929,0.19955703,0.20731816,1,1,234,154,180,180
B,1141,0.21730740,0.19955703,0.20843221,1,1,234,154,180,180
B,1142,0.19460482,0.18457395,0.18958938,1,1,234,154,180,180
B,1143,0.19460482,0.18292728,0.18876605,1,1,234,154,180,180
B,1144,0.21939359,0.20640627,0.21289993,1,1,234,154,180,180
B,1145,0.18382737,0.17705126,0.18043932,1,1,234,154,180,180
B,1146,0.17886845,0.16822356,0.17354600,1,1,234,154,180,180
B,1147,0.18872277,0.16794419,0.17833348,1,1,234,154,180,180
B,1148,0.18472824,0.20721766,0.19597295,1,1,234,154,180,180
B,1149,0.17886845,0.16657415,0.17272130,1,1,234,154,180,180
B,1150,0.17248796,0.17231138,0.17239967,1,1,234,154,180,180
B,1151,0.17417919,0.15131444,0.16274681,1,1,234,154,180,180
B,1152,0.16912380,0.16629752,0.16771066,1,1,234,154,180,180
B,1153,0.19328091,0.16254947,0.17791519,1,1,234,154,180,180
B,1154,0.19918749,0.16794419,0.18356584,1,1,234,154,180,180
B,1155,0.16847635,0.15480471,0.16164053,1,1,234,154,180,180
B,1156,0.19460482,0.18292728,0.18876605,1,1,234,154,180,180
B,1157,0.20360739,0.17200523,0.18780631,1,1,234,154,180,180
B,1158,0.20098014,0.16794419,0.18446217,1,1,234,154,180,180
B,1159,0.20098014,0.16657415,0.18377714,1,1,234,154,180,180
B,1160,0.23246059,0.20782984,0.22014521,1,1,234,154,180,180
B,1161,0.21613333,0.20677365,0.21145349,1,1,234,154,180,180
B,1162,0.19460482,0.19955703,0.19708092,1,1,234,154,180,180
B,1163,0.23363466,0.21736862,0.22550164,1,1,234,154,180,180
B,1164,0.26638450,0.27520836,0.27079643,1,1,234,154,180,180
B,1165,0.25712567,0.25104503,0.25408535,1,1,234,154,180,180
B,1166,0.28838223,0.26534324,0.27686274,1,1,234,154,180,180
B,1167,0.28411108,0.26534324,0.27472716,1,1,234,154,180,180
B,1168,0.28141232,0.25886350,0.27013791,1,1,234,154,180,180
B,1169,0.26535597,0.23335392,0.24935495,1,1,234,154,180,180
B,1170,0.28176290,0.25800784,0.26988537,1,1,234,154,180,180
B,1171,0.28038881,0.26711137,0.27375009,1,1,234,154,180,180
B,1172,0.27518235,0.25048162,0.26283199,1,1,234,154,180,180
B,1173,0.26540318,0.24951315,0.25745816,1,1,234,154,180,180
B,1174,0.27256841,0.24180997,0.25718919,1,1,234,154,180,180
B,1175,0.25576325,0.24295090,0.24935707,1,1,234,154,180,180
B,1176,0.27256841,0.24357949,0.25807395,1,1,234,154,180,180
B,1177,0.24311230,0.21779500,0.23045365,1,1,234,154,180,180
B,1178,0.25968373,0.23217534,0.24592953,1,1,234,154,180,180
B,1179,0.27549755,0.26534324,0.27042039,1,1,234,154,180,180
B,1180,0.24879034,0.22475645,0.23677340,1,1,234,154,180,180
B,1181,0.25793447,0.22475645,0.24134546,1,1,234,154,180,180
B,1182,0.25181451,0.26534324,0.25857888,1,1,234,154,180,180
B,1183,0.25793447,0.25686452,0.25739950,1,1,234,154,180,180
B,1184,0.24207898,0.22703830,0.23455864,1,1,234,154,180,180
B,1185,0.25000958,0.25907871,0.25454414,1,1,234,154,180,180
B,1186,0.28141232,0.24357949,0.26249591,1,1,234,154,180,180
B,1187,0.27709217,0.23281653,0.25495435,1,1,234,154,180,180
B,1188,0.27653315,0.25062813,0.26358064,1,1,234,154,180,180
B,1189,0.25847227,0.24253562,0.25050395,1,1,234,154,180,180
B,1190,0.27653315,0.26534324,0.27093820,1,1,234,154,180,180
B,1191,0.28284571,0.27520836,0.27902704,1,1,234,154,180,180
B,1192,0.25346305,0.23335392,0.24340849,1,1,234,154,180,180
B,1193,0.25000958,0.23335392,0.24168175,1,1,234,154,180,180
B,1194,0.27653315,0.23281653,0.25467484,1,1,234,154,180,180
B,1195,0.23363466,0.24131681,0.23747574,1,1,234,154,180,180
B,1196,0.27540147,0.26534324,0.27037236,1,1,234,154,180,180
B,1197,0.25847227,0.24295090,0.25071159,1,1,234,154,180,180
B,1198,0.25693857,0.24993788,0.25343822,1,1,234,154,180,180
B,1199,0.27653315,0.26607604,0.27130460,1,1,234,154,180,180
B,1200,0.28187644,0.25886350,0.27036997,1,1,234,154,180,180
B,1201,0.27653315,0.26534324,0.27093820,1,1,234,154,180,180
B,1202,0.23246059,0.23281653,0.23263856,1,1,234,154,180,180
B,1203,0.15811388,0.14189531,0.15000460,1,1,234,154,180,180
B,1204,0.14684158,0.16120647,0.15402402,1,1,234,154,180,180
B,1205,0.18796895,0.15238705,0.17017800,1,1,234,154,180,180
B,1206,0.14645390,0.16120647,0.15383019,1,1,234,154,180,180
B,1207,0.13471320,0.13761185,0.13616253,1,1,234,154,180,180
B,1208,0.15336166,0.15156614,0.15246390,1,1,234,154,180,180
B,1209,0.15556785,0.13094972,0.14325879,1,1,234,154,180,180
B,1210,0.16583953,0.12876456,0.14730204,1,1,234,154,180,180
B,1211,0.13471320,0.13293426,0.13382373,1,1,234,154,180,180
B,1212,0.19900743,0.16254947,0.18077845,1,1,234,154,180,180
B,1213,0.16583953,0.15131444,0.15857698,1,1,234,154,180,180
B,1214,0.19397706,0.16794419,0.18096063,1,1,234,154,180,180
B,1215,0.17149858,0.14209160,0.15679509,1,1,234,154,180,180
B,1216,0.20863703,0.16629752,0.18746728,1,1,234,154,180,180
B,1217,0.19530574,0.19264839,0.19397706,1,1,234,154,180,180
B,1218,0.19264839,0.16794419,0.18029629,1,1,234,154,180,180
B,1219,0.20037997,0.18292728,0.19165362,1,1,234,154,180,180
B,1220,0.20927733,0.20984335,0.20956034,1,1,234,154,180,180
B,1221,0.22508667,0.22508667,0.22508667,1,1,234,154,180,180
B,1222,0.19397706,0.19447895,0.19422801,1,1,234,154,180,180
B,1223,0.24207898,0.22475645,0.23341772,1,1,234,154,180,180
B,1224,0.22622350,0.19955703,0.21289026,1,1,234,154,180,180
B,1225,0.24898105,0.23281653,0.24089879,1,1,234,154,180,180
B,1226,0.23593191,0.24131681,0.23862436,1,1,234,154,180,180
B,1227,0.24502158,0.21890058,0.23196108,1,1,234,154,180,180
B,1228,0.24097164,0.24180997,0.24139081,1,1,234,154,180,180
B,1229,0.22508667,0.20924240,0.21716453,1,1,234,154,180,180
B,1230,0.22508667,0.21618678,0.22063672,1,1,234,154,180,180
B,1231,0.21041416,0.19397706,0.20219561,1,1,234,154,180,180
B,1232,0.22508667,0.24979177,0.23743922,1,1,234,154,180,180
B,1233,0.23246059,0.19397706,0.21321883,1,1,234,154,180,180
B,1234,0.21041416,0.17437510,0.19239463,1,1,234,154,180,180
B,1235,0.16154813,0.16794419,0.16474616,1,1,234,154,180,180
B,1236,0.22622350,0.22762573,0.22692461,1,1,234,154,180,180
B,1237,0.16684050,0.15156614,0.15920332,1,1,234,154,180,180
B,1238,0.16313208,0.16822356,0.16567782,1,1,234,154,180,180
B,1239,0.16847635,0.15508024,0.16177829,1,1,234,154,180,180
B,1240,0.19239678,0.16254947,0.17747312,1,1,234,154,180,180
B,1241,0.19460482,0.20037997,0.19749239,1,1,234,154,180,180
B,1242,0.19397706,0.16254947,0.17826327,1,1,234,154,180,180
B,1243,0.19397706,0.16657415,0.18027561,1,1,234,154,180,180
B,1244,0.19328091,0.17231138,0.18279614,1,1,234,154,180,180
B,1245,0.20175250,0.16959086,0.18567168,1,1,234,154,180,180
B,1246,0.18543815,0.14966777,0.16755296,1,1,234,154,180,180
B,1247,0.19961286,0.18292728,0.19127007,1,1,234,154,180,180
B,1248,0.17728449,0.16629752,0.17179101,1,1,234,154,180,180
B,1249,0.15206598,0.15361676,0.15284137,1,1,234,154,180,180
B,1250,0.16847635,0.14991673,0.15919654,1,1,234,154,180,180
B,1251,0.16313208,0.16254947,0.16284078,1,1,234,154,180,180
B,1252,0.16847635,0.15480471,0.16164053,1,1,234,154,180,180
B,1253,0.17319675,0.15508024,0.16413849,1,1,234,154,180,180
B,1254,0.19328091,0.13736056,0.16532073,1,1,234,154,180,180
B,1255,0.18472824,0.17231138,0.17851981,1,1,234,154,180,180
B,1256,0.16748166,0.13784910,0.15266538,1,1,234,154,180,180
B,1257,0.16371965,0.13325932,0.14848948,1,1,234,154,180,180
B,1258,0.17886845,0.16095569,0.16991207,1,1,234,154,180,180
B,1259,0.17886845,0.15131444,0.16509145,1,1,234,154,180,180
B,1260,0.17754454,0.15171499,0.16462976,1,1,234,154,180,180
B,1261,0.15996417,0.15171499,0.15583958,1,1,234,154,180,180
B,1262,0.18336097,0.15131444,0.16733770,1,1,234,154,180,180
B,1263,0.16154813,0.16987297,0.16571055,1,1,234,154,180,180
B,1264,0.17754454,0.16254947,0.17004701,1,1,234,154,180,180
B,1265,0.18309240,0.16657415,0.17483327,1,1,234,154,180,180
B,1266,0.19397706,0.15361676,0.17379691,1,1,234,154,180,180
B,1267,0.16154813,0.14991673,0.15573243,1,1,234,154,180,180
B,1268,0.18219950,0.16959086,0.17589518,1,1,234,154,180,180
B,1269,0.18406562,0.17231138,0.17818850,1,1,234,154,180,180
B,1270,0.19460482,0.20093335,0.19776908,1,1,234,154,180,180
B,1271,0.27540147,0.25800784,0.26670466,1,1,234,154,180,180
B,1272,0.23246059,0.23399837,0.23322948,1,1,234,154,180,180
B,1273,0.24879034,0.25166346,0.25022690,1,1,234,154,180,180
B,1274,0.23593191,0.23281653,0.23437422,1,1,234,154,180,180
B,1275,0.25304857,0.24986122,0.25145490,1,1,234,154,180,180
B,1276,0.26810958,0.23320381,0.25065669,1,1,234,154,180,180
B,1277,0.23907718,0.22568906,0.23238312,1,1,234,154,180,180
B,1278,0.29141781,0.26711137,0.27926459,1,1,234,154,180,180
B,1279,0.27396668,0.25104503,0.26250585,1,1,234,154,180,180
B,1280,0.25740893,0.23438761,0.24589827,1,1,234,154,180,180
B,1281,0.27540147,0.24986122,0.26263135,1,1,234,154,180,180
B,1282,0.26752193,0.23320381,0.25036287,1,1,244,161,151,151
B,1283,0.25847227,0.23451780,0.24649503,1,1,244,161,151,151
B,1284,0.21453574,0.20000000,0.20726787,1,1,234,154,180,180
B,1285,0.14641577,0.13333333,0.13987455,1,1,244,161,151,151
B,1286,0.17951269,0.18740851,0.18346060,1,1,234,154,180,180
B,1287,0.17401760,0.14508582,0.15955171,1,1,234,154,180,180
B,1288,0.13760418,0.10264762,0.12012590,1,1,234,154,180,180
B,1289,0.15692218,0.11744509,0.13718364,1,1,234,154,180,180
B,1290,0.19233250,0.15617376,0.17425313,1,1,234,154,180,180
B,1291,0.17417919,0.17866131,0.17642025,1,1,214,154,180,180
B,1292,0.20863703,0.17741935,0.19302819,1,1,214,154,180,180
B,1293,0.18242348,0.16666667,0.17454507,1,1,214,154,180,180
B,1294,0.20721766,0.16288741,0.18505254,1,1,214,154,180,180
B,1295,0.19620480,0.16288741,0.17954611,1,1,214,154,180,180
B,1296,0.19098120,0.15156614,0.17127367,1,1,214,154,180,180
B,1297,0.20863703,0.18461018,0.19662360,1,1,214,154,180,180
B,1298,0.17248796,0.16657415,0.16953106,1,1,214,154,180,180
B,1299,0.17931335,0.14991673,0.16461504,1,1,214,154,180,180
B,1300,0.20778321,0.18333333,0.19555827,1,1,214,154,180,180
B,1301,0.17489492,0.16120647,0.16805070,1,1,214,154,180,180
B,1302,0.18928998,0.14991673,0.16960336,1,1,214,154,180,180
B,1303,0.25847227,0.23488946,0.24668086,1,1,214,154,180,180
B,1304,0.23911544,0.25166346,0.24538945,1,1,214,154,180,180
B,1305,0.29236377,0.24243562,0.26739969,1,1,214,154,180,180
B,1306,0.29154759,0.25048162,0.27101460,1,1,214,154,180,180
B,1307,0.27290887,0.25062813,0.26176850,1,1,214,154,180,180
B,1308,0.29236377,0.26711137,0.27973757,1,1,214,154,180,180
B,1309,0.32058277,0.26651864,0.29355071,1,1,214,154,180,180
B,1310,0.27396668,0.24979177,0.26187922,1,1,214,154,180,180
B,1311,0.29236377,0.25089828,0.27163102,1,1,214,154,180,180
B,1312,0.29236377,0.24986122,0.27111250,1,1,214,154,180,180
B,1313,0.27540147,0.25089828,0.26314987,1,1,214,154,180,180
B,1314,0.27433813,0.22762573,0.25098193,1,1,214,154,180,180
B,1315,0.29236377,0.25104503,0.27170440,1,1,214,154,180,180
B,1316,0.27396668,0.25853118,0.26624893,1,1,214,154,180,180
B,1317,0.27396668,0.26755569,0.27076118,1,1,214,154,180,180
B,1318,0.27540147,0.25089828,0.26314987,1,1,214,154,180,180
B,1319,0.30260004,0.24143354,0.27201679,1,1,214,154,180,180
B,1320,0.30838011,0.26607604,0.28722807,1,1,214,154,180,180
B,1321,0.27396668,0.24257742,0.25827205,1,1,214,154,180,180
B,1322,0.29236377,0.25062813,0.27149595,1,1,214,154,180,180
B,1323,0.29236377,0.24944629,0.27090503,1,1,214,154,180,180
B,1324,0.30260004,0.23438761,0.26849383,1,1,214,154,180,180
B,1325,0.29236377,0.26770430,0.28003404,1,1,214,154,180,180
B,1326,0.27540147,0.26814670,0.27177409,1,1,214,154,180,180
B,1327,0.30149947,0.26607604,0.28378775,1,1,214,154,180,180
B,1328,0.29236377,0.26711137,0.27973757,1,1,214,154,180,180
B,1329,0.27396668,0.25062813,0.26229740,1,1,214,154,180,180
B,1330,0.28345390,0.25048162,0.26696776,1,1,214,154,180,180
B,1331,0.30260004,0.25048162,0.27654083,1,1,214,154,180,180
B,1332,0.31837041,0.29443241,0.30640141,1,1,214,154,180,180
B,1333,0.31739679,0.27569820,0.29654749,1,1,214,154,180,180
B,1334,0.28504386,0.27627923,0.28066154,1,1,214,154,180,180
B,1335,0.27709217,0.25752911,0.26731064,1,1,214,154,180,180
B,1336,0.30260004,0.26711137,0.28485571,1,1,214,154,180,180
B,1337,0.30260004,0.25923025,0.28091514,1,1,214,154,180,180
B,1338,0.27722108,0.24253562,0.25987835,1,1,214,154,180,180
B,1339,0.28504386,0.26755569,0.27629977,1,1,214,154,180,180
B,1340,0.31837041,0.27627923,0.29732482,1,1,214,154,180,180
B,1341,0.30260004,0.26755569,0.28507787,1,1,214,154,180,180
B,1342,0.29249744,0.26755569,0.28002657,1,1,214,154,180,180
B,1343,0.33773649,0.31111483,0.32442566,1,1,214,154,180,180
B,1344,0.30260004,0.26711137,0.28485571,1,1,214,154,180,180
B,1345,0.31739679,0.26711137,0.29225408,1,1,214,154,180,180
B,1346,0.32367056,0.29336155,0.30851606,1,1,214,154,180,180
B,1347,0.32884222,0.30960941,0.31922582,1,1,214,154,180,180
B,1348,0.33675740,0.28362684,0.31019212,1,1,214,154,180,180
B,1349,0.33773649,0.26711137,0.30242393,1,1,214,154,180,180
B,1350,0.31739679,0.30075605,0.30907642,1,1,214,154,180,180
B,1351,0.33176367,0.29240889,0.31208628,1,1,214,154,180,180
B,1352,0.32884222,0.29933554,0.31408888,1,1,214,154,180,180
B,1353,0.32631163,0.29400211,0.31015687,1,1,214,154,180,180
B,1354,0.30838011,0.31679471,0.31258741,1,1,214,154,180,180
B,1355,0.30932607,0.28466217,0.29699412,1,1,214,154,180,180
B,1356,0.32015623,0.29933554,0.30974589,1,1,214,154,180,180
B,1357,0.27653315,0.23281653,0.25467484,1,1,214,154,180,180
B,1358,0.27540147,0.27627923,0.27584035,1,1,214,154,180,180
B,1359,0.28978280,0.26711137,0.27844709,1,1,214,154,180,180
B,1360,0.25847227,0.26711137,0.26279182,1,1,234,154,180,180
B,1361,0.26752193,0.24080732,0.25416462,1,1,234,154,180,180
B,1362,0.26161413,0.24986122,0.25573768,1,1,234,154,180,180
B,1363,0.27540147,0.24986122,0.26263135,1,1,234,154,180,180
B,1364,0.25847227,0.24944629,0.25395928,1,1,234,154,180,180
B,1365,0.25740893,0.24180971,0.24960932,1,1,234,154,180,180
B,1366,0.25712567,0.24081049,0.24896808,1,1,234,154,180,180
B,1367,0.26204264,0.25752911,0.25978588,1,1,234,154,180,180
B,1368,0.25847227,0.24986122,0.25416675,1,1,234,154,180,180
B,1369,0.26161413,0.20956841,0.23559127,1,1,234,154,180,180
B,1370,0.27396668,0.25166346,0.26281507,1,1,234,154,180,180
B,1371,0.25712567,0.24143354,0.24927961,1,1,234,154,180,180
B,1372,0.26602970,0.23281653,0.24942312,1,1,234,154,180,180
B,1373,0.25847227,0.24944629,0.25395928,1,1,234,154,180,180
B,1374,0.27540147,0.25800784,0.26670466,1,1,234,154,180,180
B,1375,0.27396668,0.23281653,0.25339160,1,1,234,154,180,180
B,1376,0.26161413,0.23281653,0.24721533,1,1,234,154,180,180
B,1377,0.27433813,0.24944629,0.26189221,1,1,234,154,180,180
B,1378,0.27433813,0.25800784,0.26617299,1,1,234,154,180,180
B,1379,0.26752193,0.24123593,0.25437893,1,1,234,154,180,180
B,1380,0.25847227,0.23320381,0.24583804,1,1,234,154,180,180
B,1381,0.27290887,0.23320381,0.25305634,1,1,234,154,180,180
B,1382,0.26602970,0.23281653,0.24942312,1,1,234,154,180,180
B,1383,0.27433813,0.24143354,0.25788584,1,1,234,154,180,180
B,1384,0.28021766,0.23281653,0.25651710,1,1,234,154,180,180
B,1385,0.27396668,0.23281653,0.25339160,1,1,234,154,180,180
B,1386,0.26810958,0.24944629,0.25877793,1,1,234,154,180,180
B,1387,0.26810958,0.24143354,0.25477156,1,1,234,154,180,180
B,1388,0.27396668,0.23281653,0.25339160,1,1,234,154,180,180
B,1389,0.27854334,0.23281653,0.25567994,1,1,234,154,180,180
B,1390,0.26638450,0.23320381,0.24979415,1,1,234,154,180,180
B,1391,0.26508540,0.23399837,0.24954189,1,1,234,154,180,180
B,1392,0.25181451,0.23399837,0.24290644,1,1,234,154,180,180
B,1393,0.25847227,0.23320381,0.24583804,1,1,234,154,180,180
B,1394,0.25847227,0.23320381,0.24583804,1,1,234,154,180,180
B,1395,0.23249528,0.23281653,0.23265591,1,1,234,154,180,180
B,1396,0.26204264,0.23281653,0.24742959,1,1,234,154,180,180
B,1397,0.21968427,0.22648185,0.22308306,1,1,234,154,180,180
B,1398,0.25847227,0.22400479,0.24123853,1,1,234,154,180,180
B,1399,0.25712567,0.23281653,0.24497110,1,1,234,154,180,180
B,1400,0.25847227,0.24202972,0.25025100,1,1,234,154,180,180
B,1401,0.24383644,0.23335392,0.23859518,1,1,234,154,180,180
B,1402,0.24511344,0.24202972,0.24357158,1,1,234,154,180,180
B,1403,0.24883551,0.23281653,0.24082602,1,1,234,154,180,180
B,1404,0.24879034,0.24080732,0.24479883,1,1,234,154,180,180
B,1405,0.25222697,0.24357949,0.24790323,1,1,234,154,180,180
B,1406,0.23708813,0.20870242,0.22289528,1,1,234,154,180,180
B,1407,0.24028467,0.24080732,0.24054599,1,1,234,154,180,180
B,1408,0.25000958,0.23217534,0.24109246,1,1,234,154,180,180
B,1409,0.23593191,0.20093335,0.21843263,1,1,234,154,180,180
B,1410,0.21375808,0.22779805,0.22077806,1,1,234,154,180,180
B,1411,0.23536624,0.21232245,0.22384434,1,1,234,154,180,180
B,1412,0.26329571,0.24987710,0.25658640,1,1,234,154,180,180
B,1413,0.16912380,0.17866131,0.17389255,1,1,234,154,180,180
B,1414,0.22851730,0.21832400,0.22342065,1,1,234,154,180,180
B,1415,0.23708813,0.20956841,0.22332827,1,1,234,154,180,180
B,1416,0.23963862,0.22533797,0.23248830,1,1,234,154,180,180
B,1417,0.25824720,0.25686452,0.25755586,1,1,234,154,180,180
B,1418,0.25824720,0.24143354,0.24984037,1,1,234,154,180,180
B,1419,0.25222697,0.24243562,0.24733129,1,1,234,154,180,180
B,1420,0.26508540,0.22648185,0.24578363,1,1,234,154,180,180
B,1421,0.29773924,0.27451614,0.28612769,1,1,234,154,180,180
B,1422,0.26116013,0.27451614,0.26783814,1,1,234,154,180,180
B,1423,0.26652950,0.26607604,0.26630277,1,1,234,154,180,180
B,1424,0.26942349,0.24986122,0.25964236,1,1,234,154,180,180
B,1425,0.25304857,0.21756310,0.23530584,1,1,234,154,180,180
B,1426,0.25533427,0.23391857,0.24462642,1,1,234,154,180,180
B,1427,0.25712567,0.24246051,0.24979309,1,1,234,154,180,180
B,1428,0.28411108,0.29336155,0.28873631,1,1,234,154,180,180
B,1429,0.26508540,0.25062813,0.25785676,1,1,234,154,180,180
B,1430,0.25181451,0.25853118,0.25517285,1,1,234,154,180,180
B,1431,0.30855027,0.24986122,0.27920575,1,1,234,154,180,180
B,1432,0.26953585,0.24243562,0.25598573,1,1,234,154,180,180
B,1433,0.28411108,0.24944629,0.26677868,1,1,234,154,180,180
B,1434,0.26810958,0.23320381,0.25065669,1,1,234,154,180,180
B,1435,0.25824720,0.24143354,0.24984037,1,1,234,154,180,180
B,1436,0.26652950,0.24944629,0.25798789,1,1,234,154,180,180
B,1437,0.23963862,0.25062813,0.24513337,1,1,234,154,180,180
B,1438,0.25968373,0.25062813,0.25515593,1,1,234,154,180,180
B,1439,0.28678695,0.28270579,0.28474637,1,1,234,154,180,180
B,1440,0.25222697,0.23281653,0.24252175,1,1,234,154,180,180
B,1441,0.23249528,0.23320381,0.23284954,1,1,234,154,180,180
B,1442,0.25675460,0.24944629,0.25310044,1,1,234,154,180,180
B,1443,0.24879034,0.24202972,0.24541003,1,1,234,154,180,180
B,1444,0.24879034,0.24246051,0.24562542,1,1,234,154,180,180
B,1445,0.24097164,0.25048162,0.24572663,1,1,234,154,180,180
B,1446,0.25000958,0.25800784,0.25400871,1,1,234,154,180,180
B,1447,0.26810958,0.24243562,0.25527260,1,1,234,154,180,180
B,1448,0.25000958,0.24986122,0.24993540,1,1,234,154,180,180
B,1449,0.25000958,0.25089828,0.25045393,1,1,234,154,180,180
B,1450,0.24879034,0.25969164,0.25424099,1,1,234,154,180,180
B,1451,0.25675460,0.23281653,0.24478556,1,1,234,154,180,180
B,1452,0.22851730,0.23333333,0.23092532,1,1,234,154,180,180
B,1453,0.27518235,0.24180971,0.25849603,1,1,234,154,180,180
B,1454,0.24430026,0.22533797,0.23481912,1,1,234,154,180,180
B,1455,0.28713525,0.26711137,0.27712331,1,1,234,154,180,180
B,1456,0.26116013,0.27546544,0.26831279,1,1,234,154,180,180
B,1457,0.26953585,0.25097036,0.26025310,1,1,234,154,180,180
B,1458,0.25675460,0.25800784,0.25738122,1,1,234,154,180,180
B,1459,0.26570717,0.28270579,0.27420648,1,1,234,154,180,180
B,1460,0.28141232,0.26607604,0.27374418,1,1,234,154,180,180
B,1461,0.27106061,0.28409863,0.27757962,1,1,234,154,180,180
B,1462,0.27256841,0.28270579,0.27763710,1,1,234,154,180,180
B,1463,0.28465688,0.28972025,0.28718857,1,1,234,154,180,180
B,1464,0.26261286,0.25062813,0.25662049,1,1,234,154,180,180
B,1465,0.26508540,0.25800784,0.26154662,1,1,234,154,180,180
B,1466,0.29198591,0.28362684,0.28780637,1,1,234,154,180,180
B,1467,0.27518235,0.26651864,0.27085050,1,1,234,154,180,180
B,1468,0.31408855,0.32862047,0.32135451,1,1,234,154,180,180
B,1469,0.30135024,0.28192720,0.29163872,1,1,234,154,180,180
B,1470,0.28838223,0.28270579,0.28554401,1,1,234,154,180,180
B,1471,0.28838223,0.28317605,0.28577914,1,1,234,154,180,180
B,1472,0.30135024,0.27627923,0.28881474,1,1,234,154,180,180
B,1473,0.28938643,0.28362684,0.28650663,1,1,234,154,180,180
B,1474,0.28443650,0.28498821,0.28471235,1,1,234,154,180,180
B,1475,0.29773924,0.28466217,0.29120071,1,1,234,154,180,180
B,1476,0.30135024,0.27520836,0.28827930,1,1,234,154,180,180
B,1477,0.28838223,0.28284571,0.28561397,1,1,234,154,180,180
B,1478,0.28411108,0.29240889,0.28825998,1,1,234,154,180,180
B,1479,0.28317607,0.28986175,0.28651891,1,1,234,154,180,180
B,1480,0.25968373,0.28270579,0.27119476,1,1,234,154,180,180
B,1481,0.25533427,0.24986122,0.25259775,1,1,234,154,180,180
B,1482,0.26953585,0.24944629,0.25949107,1,1,234,154,180,180
B,1483,0.26116013,0.26651864,0.26383938,1,1,234,154,180,180
B,1484,0.28317607,0.31596530,0.29957068,1,1,234,154,180,180
B,1485,0.28411108,0.27520836,0.27965972,1,1,234,154,180,180
B,1486,0.30043800,0.28362684,0.29203242,1,1,234,154,180,180
B,1487,0.28751801,0.27451614,0.28101707,1,1,234,154,180,180
B,1488,0.25675460,0.25686452,0.25680956,1,1,234,154,180,180
B,1489,0.28938643,0.30960941,0.29949792,1,1,234,154,180,180
B,1490,0.28838223,0.28192720,0.28515471,1,1,234,154,180,180
B,1491,0.26261286,0.25907871,0.26084578,1,1,234,154,180,180
B,1492,0.29773924,0.28270579,0.29022252,1,1,234,154,180,180
B,1493,0.27106061,0.28270579,0.27688320,1,1,234,154,180,180
B,1494,0.28938643,0.26534324,0.27736484,1,1,234,154,180,180
B,1495,0.29773924,0.29292934,0.29533429,1,1,234,154,180,180
B,1496,0.28065502,0.27380771,0.27723136,1,1,234,154,180,180
B,1497,0.28443650,0.29240889,0.28842269,1,1,234,154,180,180
B,1498,0.29773924,0.28409863,0.29091894,1,1,234,154,180,180
B,1499,0.28443650,0.27627923,0.28035786,1,1,261,161,150,151
B,1500,0.28081680,0.29942966,0.29012323,1,1,234,154,180,180
B,1501,0.28938643,0.29154759,0.29046701,1,1,234,154,180,180
B,1502,0.26652950,0.27520836,0.27086893,1,1,261,161,150,151
B,1503,0.28276020,0.27520836,0.27898428,1,1,261,161,150,151
B,1504,0.26810958,0.28498821,0.27654889,1,1,234,154,180,180
B,1505,0.27113375,0.25846706,0.26480041,1,1,254,154,180,180
B,1506,0.27549755,0.32739162,0.30144458,1,1,261,161,150,151
B,1507,0.29361011,0.29983347,0.29672179,1,1,261,161,150,151
B,1508,0.27549755,0.28270579,0.27910167,1,1,261,161,150,151
B,1509,0.28411108,0.26607604,0.27509356,1,1,261,161,150,151
B,1510,0.30043800,0.29240889,0.29642344,1,1,261,161,150,151
B,1511,0.28544305,0.31056207,0.29800256,1,1,261,161,150,151
B,1512,0.27256841,0.28317605,0.27787223,1,1,261,161,150,151
B,1513,0.26810958,0.29240889,0.28025923,1,1,261,161,150,151
B,1514,0.25533427,0.24986122,0.25259775,1,1,261,161,150,151
B,1515,0.25675460,0.31056207,0.28365833,1,1,261,161,150,151
B,1516,0.28411108,0.28374112,0.28392610,1,1,261,161,150,151
B,1517,0.24097164,0.26607604,0.25352384,1,1,261,161,150,151
B,1518,0.25533427,0.28270579,0.26902003,1,1,261,161,150,151
B,1519,0.26508540,0.28192720,0.27350630,1,1,261,161,150,151
B,1520,0.25222697,0.25800784,0.25511741,1,1,261,161,150,151
B,1521,0.25000958,0.26651864,0.25826411,1,1,261,161,150,151
B,1522,0.22622350,0.24986122,0.23804236,1,1,261,161,150,151
B,1523,0.16847635,0.16822356,0.16834995,1,1,234,154,180,180
B,1524,0.15235380,0.17231138,0.16233259,1,1,234,154,180,180
B,1525,0.18336097,0.20819975,0.19578036,1,1,234,154,180,180
B,1526,0.16684050,0.19592939,0.18138495,1,1,234,154,180,180
B,1527,0.22466314,0.21521531,0.21993922,1,1,234,154,180,180
B,1528,0.21385855,0.24936468,0.23161162,1,1,234,154,180,180
B,1529,0.25228028,0.25189637,0.25208832,1,1,234,154,180,180
B,1530,0.25712567,0.25831558,0.25772063,1,1,234,154,180,180
B,1531,0.23249528,0.21756310,0.22502919,1,1,234,134,180,180
B,1532,0.23246059,0.23399837,0.23322948,1,1,234,154,180,180
B,1533,0.25103097,0.24210738,0.24656918,1,1,234,134,180,180
B,1534,0.24207898,0.23281653,0.23744776,1,1,234,134,180,180
B,1535,0.27540147,0.27627923,0.27584035,1,1,234,134,180,180
B,1536,0.22466314,0.24936468,0.23701391,1,1,234,134,180,180
B,1537,0.26638450,0.26534324,0.26586387,1,1,234,134,180,180
B,1538,0.24154307,0.21374116,0.22764211,1,1,234,134,180,180
B,1539,0.24154307,0.25800784,0.24977546,1,1,234,134,180,180
B,1540,0.25110098,0.25855090,0.25482594,1,1,234,134,180,180
B,1541,0.22508667,0.20721766,0.21615217,1,1,234,134,180,180
B,1542,0.25793447,0.24081049,0.24937248,1,1,234,134,180,180
B,1543,0.24180997,0.26534324,0.25357661,1,1,234,134,180,180
B,1544,0.24180997,0.26637572,0.25409285,1,1,234,134,180,180
B,1545,0.25847227,0.27433813,0.26640520,1,1,234,134,180,180
B,1546,0.22466314,0.22324958,0.22395636,1,1,234,134,180,180
B,1547,0.20909025,0.23246059,0.22077542,1,1,234,134,180,180
B,1548,0.19847263,0.21559139,0.20703201,1,1,234,154,180,180
B,1549,0.19264839,0.18928998,0.19096918,1,1,234,154,180,180
B,1550,0.21882890,0.19620480,0.20751685,1,1,234,154,180,180
B,1551,0.21594012,0.20037997,0.20816004,1,1,234,154,180,180
B,1552,0.21730740,0.21594012,0.21662376,1,1,234,154,180,180
B,1553,0.25000958,0.23453251,0.24227104,1,1,234,154,180,180
B,1554,0.21594012,0.23128651,0.22361332,1,1,234,154,180,180
B,1555,0.23708813,0.23246059,0.23477436,1,1,234,154,180,180
B,1556,0.22416696,0.22294815,0.22355756,1,1,234,154,180,180
B,1557,0.25000958,0.23453251,0.24227104,1,1,234,154,180,180
B,1558,0.22466314,0.24131681,0.23298998,1,1,234,154,180,180
B,1559,0.23593191,0.21559139,0.22576165,1,1,234,154,180,180
B,1560,0.20497467,0.19900743,0.20199105,1,1,234,154,180,180
B,1561,0.22956742,0.22703830,0.22830286,1,1,234,154,180,180
B,1562,0.21730740,0.19900743,0.20815742,1,1,234,154,180,180
B,1563,0.21505814,0.18107149,0.19806482,1,1,234,154,180,180
B,1564,0.20636965,0.17988134,0.19312550,1,1,234,154,180,180
B,1565,0.22879288,0.20579830,0.21729559,1,1,234,154,180,180
B,1566,0.23249528,0.19955703,0.21602615,1,1,234,154,180,180
B,1567,0.22466314,0.20636965,0.21551640,1,1,234,154,180,180
B,1568,0.20863703,0.18920575,0.19892139,1,1,234,154,180,180
B,1569,0.20098014,0.18242348,0.19170181,1,1,234,154,180,180
B,1570,0.24131681,0.23217534,0.23674608,1,1,234,154,180,180
B,1571,0.21049939,0.20037997,0.20543968,1,1,234,154,180,180
B,1572,0.22466314,0.20721766,0.21594040,1,1,234,154,180,180
B,1573,0.22466314,0.20093335,0.21279825,1,1,234,154,180,180
B,1574,0.20636965,0.19740354,0.20188660,1,1,234,154,180,180
B,1575,0.23911544,0.22360680,0.23136112,1,1,234,154,180,180
B,1576,0.20037997,0.17370842,0.18704419,1,1,234,154,180,180
B,1577,0.13972166,0.15692218,0.14832192,1,1,234,154,180,180
B,1578,0.05687197,0.04836194,0.05261696,1,1,234,154,180,180
B,1579,0.10247715,0.09994449,0.10121082,1,1,234,154,180,180
B,1580,0.16748166,0.16629752,0.16688959,1,1,234,154,180,180
B,1581,0.17319675,0.16206958,0.16763317,1,1,234,154,180,180
B,1582,0.20037997,0.20782984,0.20410490,1,1,234,154,180,180
B,1583,0.22558633,0.20863703,0.21711168,1,1,234,154,180,180
B,1584,0.24154307,0.23155292,0.23654800,1,1,234,154,180,180
B,1585,0.21624764,0.23217534,0.22421149,1,1,234,154,180,180
B,1586,0.25000958,0.22482920,0.23741939,1,1,234,154,180,180
B,1587,0.24154307,0.24857729,0.24506018,1,1,234,154,180,180
B,1588,0.22076087,0.20037997,0.21057042,1,1,234,154,180,180
B,1589,0.21730740,0.18543815,0.20137277,1,1,234,154,180,180
B,1590,0.24253562,0.22360680,0.23307121,1,1,234,154,180,180
B,1591,0.24131681,0.22360680,0.23246181,1,1,234,154,180,180
B,1592,0.23335392,0.22482920,0.22909156,1,1,234,154,180,180
B,1593,0.23708813,0.22360680,0.23034746,1,1,234,154,180,180
B,1594,0.23335392,0.20093335,0.21714364,1,1,234,154,180,180
B,1595,0.24253562,0.23281876,0.23767719,1,1,234,154,180,180
B,1596,0.20175250,0.16721206,0.18448228,1,1,234,154,180,180
B,1597,0.22436752,0.21562615,0.21999684,1,1,234,154,180,180
B,1598,0.22324958,0.20721766,0.21523362,1,1,234,154,180,180
B,1599,0.20778321,0.18430360,0.19604341,1,1,234,154,180,180
B,1600,0.21730740,0.21696392,0.21713566,1,1,234,154,180,180
B,1601,0.22344933,0.20782984,0.21563958,1,1,234,154,180,180
B,1602,0.20037997,0.18457395,0.19247696,1,1,234,154,180,180
B,1603,0.20863703,0.19778039,0.20320871,1,1,234,154,180,180
B,1604,0.19460482,0.19900743,0.19680612,1,1,234,154,180,180
B,1605,0.23335392,0.20782984,0.22059188,1,1,234,154,180,180
B,1606,0.17319675,0.19090894,0.18205284,1,1,234,154,180,180
B,1607,0.18472824,0.16629752,0.17551288,1,1,234,154,180,180
B,1608,0.17417919,0.15480471,0.16449195,1,1,234,154,180,180
B,1609,0.18472824,0.20037997,0.19255411,1,1,234,154,180,180
B,1610,0.16238586,0.15480471,0.15859528,1,1,234,154,180,180
B,1611,0.19460482,0.16254947,0.17857714,1,1,234,154,180,180
B,1612,0.20778321,0.18430360,0.19604341,1,1,234,154,180,180
B,1613,0.19530574,0.18430360,0.18980467,1,1,234,154,180,180
B,1614,0.19530574,0.16095569,0.17813072,1,1,234,154,180,180
B,1615,0.18543815,0.16959086,0.17751451,1,1,234,154,180,180
B,1616,0.17079674,0.16071429,0.16575551,1,1,234,154,180,180
B,1617,0.21676997,0.20819975,0.21248486,1,1,234,154,180,180
B,1618,0.20360739,0.18488097,0.19424418,1,1,234,154,180,180
B,1619,0.16583953,0.18022474,0.17303213,1,1,234,154,180,180
B,1620,0.16684050,0.17401760,0.17042905,1,1,234,154,180,180
B,1621,0.20098014,0.17200523,0.18649268,1,1,234,154,180,180
B,1622,0.19961286,0.18461018,0.19211152,1,1,234,154,180,180
B,1623,0.19328091,0.16095569,0.17711830,1,1,234,154,180,180
B,1624,0.15071795,0.11845548,0.13458671,1,1,234,154,180,180
B,1625,0.18472824,0.16987297,0.17730061,1,1,234,154,180,180
B,1626,0.20098014,0.18920575,0.19509295,1,1,234,154,180,180
B,1627,0.19460482,0.17838338,0.18649410,1,1,234,154,180,180
B,1628,0.19098120,0.17401760,0.18249940,1,1,234,154,180,180
B,1629,0.12994058,0.13272746,0.13133402,1,1,234,154,180,180
B,1630,0.17673240,0.14645390,0.16159315,1,1,234,154,180,180
B,1631,0.18382737,0.18323156,0.18352947,1,1,234,154,180,180
B,1632,0.16154813,0.14966777,0.15560795,1,1,234,154,180,180
B,1633,0.19961286,0.18292728,0.19127007,1,1,234,154,180,180
B,1634,0.19176598,0.19807050,0.19491824,1,1,234,154,180,180
B,1635,0.17886845,0.16657415,0.17272130,1,1,234,154,180,180
B,1636,0.16847635,0.17845766,0.17346700,1,1,234,154,180,180
B,1637,0.16583953,0.17231138,0.16907545,1,1,234,154,180,180
B,1638,0.16684050,0.15508024,0.16096037,1,1,234,154,180,180
B,1639,0.17320360,0.16280880,0.16800620,1,1,234,154,180,180
B,1640,0.14752096,0.14276612,0.14514354,1,1,234,154,180,180
B,1641,0.16684050,0.18505830,0.17594940,1,1,234,154,180,180
B,1642,0.16847635,0.17845766,0.17346700,1,1,234,154,180,180
B,1643,0.16748166,0.16850036,0.16799101,1,1,234,154,180,180
B,1644,0.18472824,0.19406842,0.18939833,1,1,261,161,150,151
B,1645,0.16847635,0.18518519,0.17683077,1,1,261,161,150,151
B,1646,0.16912380,0.18033963,0.17473172,1,1,254,134,180,180
B,1647,0.18543815,0.20356413,0.19450114,1,1,254,134,180,180
B,1648,0.17541160,0.17307692,0.17424426,1,1,254,134,180,180
B,1649,0.15815814,0.17307692,0.16561753,1,1,261,145,150,150
B,1650,0.19034661,0.20181899,0.19608280,1,1,261,145,150,150
B,1651,0.17931335,0.18701888,0.18316612,1,1,261,145,150,150
B,1652,0.22558633,0.24227338,0.23392985,1,1,261,145,150,150
B,1653,0.19900743,0.24210738,0.22055741,1,1,261,145,150,150
B,1654,0.19530574,0.20370370,0.19950472,1,1,254,134,180,180
B,1655,0.20037997,0.23218914,0.21628455,1,1,254,134,180,180
B,1656,0.21730740,0.25140570,0.23435655,1,1,254,134,180,180
B,1657,0.24511344,0.26165525,0.25338435,1,1,254,134,180,180
B,1658,0.25740893,0.27890262,0.26815577,1,1,254,134,180,180
B,1659,0.23363466,0.26057533,0.24710499,1,1,254,134,180,180
B,1660,0.22466314,0.26903185,0.24684750,1,1,254,134,180,180
B,1661,0.27396668,0.29629630,0.28513149,1,1,254,134,180,180
B,1662,0.23708813,0.28846154,0.26277484,1,1,254,134,180,180
B,1663,0.25097036,0.26923077,0.26010056,1,1,254,134,180,180
B,1664,0.27540147,0.29609328,0.28574738,1,1,254,134,180,180
B,1665,0.27854334,0.28824841,0.28339587,1,1,254,134,180,180
B,1666,0.25847227,0.27977626,0.26912427,1,1,254,134,180,180
B,1667,0.27653315,0.28846154,0.28249735,1,1,254,134,180,180
B,1668,0.28279143,0.30866135,0.29572639,1,1,254,134,180,180
B,1669,0.26638450,0.30678600,0.28658525,1,1,254,134,180,180
B,1670,0.26942349,0.31459911,0.29201130,1,1,254,134,180,180
B,1671,0.29356515,0.30769231,0.30062873,1,1,254,134,180,180
B,1672,0.24993788,0.28982823,0.26988305,1,1,254,134,180,180
B,1673,0.27540147,0.29744922,0.28642535,1,1,254,134,180,180
B,1674,0.25097036,0.28944479,0.27020757,1,1,254,134,180,180
B,1675,0.24009801,0.26039679,0.25024740,1,1,254,134,180,180
B,1676,0.21730740,0.25000000,0.23365370,1,1,254,134,180,180
B,1677,0.24253562,0.24981529,0.24617545,1,1,254,134,180,180
B,1678,0.24253562,0.25855090,0.25054326,1,1,254,154,180,180
B,1679,0.24032926,0.24139545,0.24086235,1,1,254,154,180,180
B,1680,0.10219492,0.12492036,0.11355764,1,1,254,154,180,180
B,1681,0.08952591,0.10624617,0.09788604,1,1,254,154,180,180
B,1682,0.10219492,0.10707459,0.10463476,1,1,254,154,180,180
B,1683,0.13419748,0.16237897,0.14828823,1,1,254,154,180,180
B,1684,0.16847635,0.18689074,0.17768354,1,1,254,154,180,180
B,1685,0.20175250,0.20356413,0.20265831,1,1,254,154,180,180
B,1686,0.22416696,0.24292391,0.23354543,1,1,254,154,180,180
B,1687,0.21676997,0.24139545,0.22908271,1,1,254,154,180,180
B,1688,0.23335392,0.24936468,0.24135930,1,1,254,154,180,180
B,1689,0.23246059,0.26955121,0.25100590,1,1,254,154,180,180
B,1690,0.25847227,0.24936468,0.25391848,1,1,254,154,180,180
B,1691,0.24879034,0.25846667,0.25362851,1,1,254,154,180,180
B,1692,0.25847227,0.24131681,0.24989454,1,1,254,154,180,180
B,1693,0.25712567,0.25189637,0.25451102,1,1,254,154,180,180
B,1694,0.26535597,0.26743823,0.26639710,1,1,254,154,180,180
B,1695,0.25000958,0.25907871,0.25454414,1,1,254,154,180,180
B,1696,0.29516755,0.25831558,0.27674157,1,1,254,154,180,180
B,1697,0.25886350,0.23217534,0.24551942,1,1,254,154,180,180
B,1698,0.26810958,0.25846667,0.26328812,1,1,254,154,180,180
B,1699,0.29141781,0.27546544,0.28344162,1,1,254,154,180,180
B,1700,0.28279143,0.28507173,0.28393158,1,1,254,154,180,180
B,1701,0.25847227,0.25907871,0.25877549,1,1,254,154,180,180
B,1702,0.27540147,0.24131681,0.25835914,1,1,254,154,180,180
B,1703,0.27293499,0.26637572,0.26965536,1,1,254,154,180,180
B,1704,0.26740820,0.26534324,0.26637572,1,1,254,154,180,180
B,1705,0.26535597,0.25923025,0.26229311,1,1,254,154,180,180
B,1706,0.24207898,0.23281653,0.23744776,1,1,254,154,180,180
B,1707,0.24032926,0.23302707,0.23667816,1,1,254,154,180,180
B,1708,0.26638450,0.25831558,0.26235004,1,1,254,154,180,180
B,1709,0.25793447,0.22589738,0.24191593,1,1,254,154,180,180
B,1710,0.16371965,0.13471320,0.14921642,1,1,254,154,180,180
B,1711,0.16254947,0.12876456,0.14565701,1,1,254,154,180,180
B,1712,0.13094972,0.11640827,0.12367899,1,1,254,154,180,180
B,1713,0.13303802,0.11660190,0.12481996,1,1,254,154,180,180
B,1714,0.13267162,0.15000000,0.14133581,1,1,254,154,180,180
B,1715,0.13508523,0.09994449,0.11751486,1,1,254,154,180,180
B,1716,0.16684050,0.13303802,0.14993926,1,1,254,154,180,180
B,1717,0.17886845,0.16095569,0.16991207,1,1,254,154,180,180
B,1718,0.22508667,0.17838338,0.20173502,1,1,234,154,180,180
B,1719,0.20795342,0.16414325,0.18604833,1,1,234,154,180,180
B,1720,0.21816264,0.20223821,0.21020043,1,1,234,154,180,180
B,1721,0.21722474,0.19397706,0.20560090,1,1,234,154,180,180
B,1722,0.24094215,0.20037997,0.22066106,1,1,234,154,180,180
B,1723,0.23246059,0.20175250,0.21710654,1,1,234,154,180,180
B,1724,0.24207898,0.23518021,0.23862960,1,1,234,154,180,180
B,1725,0.24207898,0.23518021,0.23862960,1,1,234,154,180,180
B,1726,0.23266243,0.22703830,0.22985037,1,1,234,154,180,180
B,1727,0.22508667,0.21814250,0.22161458,1,1,234,154,180,180
B,1728,0.26535597,0.25097036,0.25816316,1,1,234,154,180,180
B,1729,0.23998029,0.23217534,0.23607781,1,1,234,154,180,180
B,1730,0.25675460,0.22648185,0.24161822,1,1,234,154,180,180
B,1731,0.25675460,0.22762573,0.24219016,1,1,234,154,180,180
B,1732,0.23246059,0.20093335,0.21669697,1,1,234,154,180,180
B,1733,0.22508667,0.21736862,0.22122764,1,1,234,154,180,180
B,1734,0.22508667,0.21117202,0.21812934,1,1,234,154,180,180
B,1735,0.22622350,0.21038628,0.21830489,1,1,234,154,180,180
B,1736,0.22508667,0.19447895,0.20978281,1,1,234,154,180,180
B,1737,0.23256513,0.25886350,0.24571431,1,1,234,154,180,180
B,1738,0.22508667,0.22475645,0.22492156,1,1,234,154,180,180
B,1739,0.22622350,0.23335392,0.22978871,1,1,234,154,180,180
B,1740,0.21816264,0.20352573,0.21084419,1,1,234,154,180,180
B,1741,0.21926450,0.21038628,0.21482539,1,1,234,154,180,180
B,1742,0.19460482,0.16794419,0.18127450,1,1,234,154,180,180
B,1743,0.20721766,0.19900743,0.20311255,1,1,234,154,180,180
B,1744,0.23252642,0.22703830,0.22978236,1,1,234,154,180,180
B,1745,0.23984001,0.22648185,0.23316093,1,1,234,154,180,180
B,1746,0.22518868,0.20093335,0.21306101,1,1,234,154,180,180
B,1747,0.20769032,0.18842551,0.19805791,1,1,234,154,180,180
B,1748,0.23984001,0.21038628,0.22511314,1,1,234,154,180,180
B,1749,0.20394148,0.19447895,0.19921022,1,1,234,154,180,180
B,1750,0.25000958,0.24202972,0.24601965,1,1,234,154,180,180
B,1751,0.22622350,0.21756310,0.22189330,1,1,234,154,180,180
B,1752,0.20909025,0.20093335,0.20501180,1,1,234,154,180,180
B,1753,0.25000958,0.23438761,0.24219860,1,1,234,154,180,180
B,1754,0.23984001,0.24257742,0.24120871,1,1,234,154,180,180
B,1755,0.24207898,0.21736862,0.22972380,1,1,234,154,180,180
B,1756,0.23362355,0.21890058,0.22626206,1,1,234,154,180,180
B,1757,0.24097164,0.20037997,0.22067580,1,1,234,154,180,180
B,1758,0.24097164,0.23518021,0.23807592,1,1,234,154,180,180
B,1759,0.24879034,0.23399837,0.24139436,1,1,234,154,180,180
B,1760,0.26508540,0.21618678,0.24063609,1,1,234,154,180,180
B,1761,0.25346305,0.23335392,0.24340849,1,1,254,154,180,180
B,1762,0.22518868,0.23199495,0.22859181,1,1,254,154,180,180
B,1763,0.24868381,0.21414919,0.23141650,1,1,254,154,180,180
B,1764,0.22879288,0.21414919,0.22147103,1,1,254,154,180,180
B,1765,0.26025117,0.23155292,0.24590204,1,1,254,154,180,180
B,1766,0.24154307,0.23474018,0.23814162,1,1,254,154,180,180
B,1767,0.22466314,0.22206996,0.22336655,1,1,254,154,180,180
B,1768,0.23363466,0.22206996,0.22785231,1,1,254,154,180,180
B,1769,0.23593191,0.24936468,0.24264830,1,1,234,154,180,180
B,1770,0.23249528,0.24984072,0.24116800,1,1,234,154,180,180
B,1771,0.24879034,0.25908162,0.25393598,1,1,234,154,180,180
B,1772,0.21041416,0.20782984,0.20912200,1,1,234,154,180,180
B,1773,0.23593191,0.24246051,0.23919621,1,1,234,154,180,180
B,1774,0.24383644,0.24984072,0.24683858,1,1,234,154,180,180
B,1775,0.21968427,0.21414919,0.21691673,1,1,234,154,180,180
B,1776,0.20397505,0.16629752,0.18513629,1,1,234,154,180,180
B,1777,0.22956742,0.24137931,0.23547337,1,1,234,154,180,180
B,1778,0.24028467,0.24057579,0.24043023,1,1,234,154,180,180
B,1779,0.26810958,0.28553225,0.27682091,1,1,234,154,180,180
B,1780,0.29211671,0.33129458,0.31170565,1,1,254,154,180,180
B,1781,0.28713525,0.28498821,0.28606173,1,1,254,154,180,180
B,1782,0.27540147,0.29548674,0.28544411,1,1,254,154,180,180
B,1783,0.24383644,0.24936468,0.24660056,1,1,254,154,180,180
B,1784,0.26508540,0.27701882,0.27105211,1,1,254,154,180,180
B,1785,0.26025117,0.25907871,0.25966494,1,1,254,154,180,180
B,1786,0.26942349,0.26717645,0.26829997,1,1,254,154,180,180
B,1787,0.26810958,0.28498821,0.27654889,1,1,254,154,180,180
B,1788,0.29396610,0.30378649,0.29887629,1,1,254,154,180,180
B,1789,0.26067744,0.28498821,0.27283283,1,1,254,154,180,180
B,1790,0.25222697,0.28270579,0.26746638,1,1,254,154,180,180
B,1791,0.25712567,0.28609713,0.27161140,1,1,254,154,180,180
B,1792,0.27396668,0.30279997,0.28838332,1,1,254,154,180,180
B,1793,0.26025117,0.25800784,0.25912950,1,1,254,154,180,180
B,1794,0.26810958,0.30378649,0.28594803,1,1,254,154,180,180
B,1795,0.25222697,0.30279997,0.27751347,1,1,254,154,180,180
B,1796,0.25074049,0.27546544,0.26310297,1,1,254,154,180,180
B,1797,0.30043800,0.29261530,0.29652665,1,1,254,154,180,180
B,1798,0.26067744,0.26828537,0.26448140,1,1,254,154,180,180
B,1799,0.28411108,0.27520836,0.27965972,1,1,254,154,180,180
B,1800,0.29675527,0.30869744,0.30272636,1,1,254,154,180,180
B,1801,0.26810958,0.27439773,0.27125365,1,1,254,154,180,180
B,1802,0.28411108,0.26717645,0.27564376,1,1,254,154,180,180
B,1803,0.28141232,0.29261530,0.28701381,1,1,254,154,180,180
B,1804,0.26810958,0.26768648,0.26789803,1,1,254,154,180,180
B,1805,0.26508540,0.29240889,0.27874715,1,1,254,154,180,180
B,1806,0.28443650,0.29154759,0.28799204,1,1,254,154,180,180
B,1807,0.26508540,0.27616103,0.27062321,1,1,254,154,180,180
B,1808,0.29211671,0.30378649,0.29795160,1,1,254,154,180,180
B,1809,0.28276020,0.28609713,0.28442866,1,1,254,154,180,180
B,1810,0.26025117,0.29548674,0.27786895,1,1,254,154,180,180
B,1811,0.30043800,0.32679716,0.31361758,1,1,254,154,180,180
B,1812,0.29675527,0.29548674,0.29612101,1,1,254,154,180,180
B,1813,0.28443650,0.27627923,0.28035786,1,1,254,154,180,180
B,1814,0.28243670,0.28498821,0.28371245,1,1,254,154,180,180
B,1815,0.29084061,0.28408833,0.28746447,1,1,254,154,180,180
B,1816,0.28411108,0.30279997,0.29345553,1,1,254,154,180,180
B,1817,0.28021766,0.31395466,0.29708616,1,1,254,154,180,180
B,1818,0.28443650,0.29154759,0.28799204,1,1,254,154,180,180
B,1819,0.31652435,0.32670266,0.32161350,1,1,254,154,180,180
B,1820,0.28141232,0.28192720,0.28166976,1,1,254,154,180,180
B,1821,0.30771453,0.31056207,0.30913830,1,1,254,154,180,180
B,1822,0.29866740,0.30378649,0.30122694,1,1,254,154,180,180
B,1823,0.29396610,0.28609713,0.29003161,1,1,254,154,180,180
B,1824,0.26810958,0.29292934,0.28051946,1,1,254,154,180,180
B,1825,0.26352315,0.26711137,0.26531726,1,1,254,154,180,180
B,1826,0.26381966,0.28270579,0.27326272,1,1,254,154,180,180
B,1827,0.28141232,0.27627923,0.27884578,1,1,234,154,180,180
B,1828,0.28141232,0.27546544,0.27843888,1,1,234,154,180,180
B,1829,0.26204264,0.26828537,0.26516401,1,1,234,154,180,180
B,1830,0.26638450,0.26637572,0.26638011,1,1,234,154,180,180
B,1831,0.28279143,0.27546544,0.27912844,1,1,234,154,180,180
B,1832,0.26810958,0.26637572,0.26724265,1,1,234,154,180,180
B,1833,0.28279143,0.28284571,0.28281857,1,1,234,154,180,180
B,1834,0.25693857,0.26637572,0.26165715,1,1,234,154,180,180
B,1835,0.24207898,0.22475645,0.23341772,1,1,234,154,180,180
B,1836,0.22762673,0.21271782,0.22017228,1,1,234,154,180,180
B,1837,0.13074601,0.13530994,0.13302797,1,1,234,154,180,180
B,1838,0.09977851,0.09677419,0.09827635,1,1,234,154,180,180
B,1839,0.16371965,0.17838338,0.17105151,1,1,234,154,180,180
B,1840,0.17818402,0.14707036,0.16262719,1,1,234,154,180,180
B,1841,0.20037997,0.16629752,0.18333874,1,1,234,154,180,180
B,1842,0.20909025,0.20093335,0.20501180,1,1,234,154,180,180
B,1843,0.20769032,0.19314683,0.20041858,1,1,234,154,180,180
B,1844,0.23246059,0.22533797,0.22889928,1,1,234,154,180,180
B,1845,0.24094215,0.24081049,0.24087632,1,1,234,154,180,180
B,1846,0.24207898,0.20272943,0.22240421,1,1,234,154,180,180
B,1847,0.23335392,0.19264839,0.21300116,1,1,234,154,180,180
B,1848,0.23249528,0.18379601,0.20814565,1,1,234,154,180,180
B,1849,0.24511344,0.22558633,0.23534988,1,1,234,154,180,180
B,1850,0.24154307,0.23335392,0.23744850,1,1,234,154,180,180
B,1851,0.23246059,0.22589738,0.22917898,1,1,234,154,180,180
B,1852,0.26508540,0.23217534,0.24863037,1,1,234,154,180,180
B,1853,0.26638450,0.22589738,0.24614094,1,1,234,154,180,180
B,1854,0.26942349,0.25886350,0.26414349,1,1,234,154,180,180
B,1855,0.24879034,0.23217534,0.24048284,1,1,234,154,180,180
B,1856,0.25847227,0.22589738,0.24218483,1,1,234,154,180,180
B,1857,0.26626562,0.24131681,0.25379121,1,1,234,154,180,180
B,1858,0.27396668,0.26637572,0.27017120,1,1,234,154,180,180
B,1859,0.24874369,0.22503036,0.23688702,1,1,234,154,180,180
B,1860,0.26870008,0.24202972,0.25536490,1,1,234,154,180,180
B,1861,0.24028467,0.23281653,0.23655060,1,1,234,154,180,180
B,1862,0.25000958,0.22475645,0.23738302,1,1,234,154,180,180
B,1863,0.26942349,0.22475645,0.24708997,1,1,234,154,180,180
B,1864,0.25000000,0.24325213,0.24662606,1,1,234,154,180,180
B,1865,0.24131681,0.21676997,0.22904339,1,1,234,154,180,180
B,1866,0.25000000,0.23399837,0.24199919,1,1,234,154,180,180
B,1867,0.25740893,0.24202972,0.24971933,1,1,234,154,180,180
B,1868,0.26870008,0.24253562,0.25561785,1,1,234,154,180,180
B,1869,0.25847227,0.23281653,0.24564440,1,1,234,154,180,180
B,1870,0.25000000,0.23281653,0.24140827,1,1,234,154,180,180
B,1871,0.27540147,0.24202972,0.25871560,1,1,234,154,180,180
B,1872,0.24131681,0.23217534,0.23674608,1,1,234,154,180,180
B,1873,0.24879034,0.23335392,0.24107213,1,1,234,154,180,180
B,1874,0.25847227,0.23335392,0.24591310,1,1,234,154,180,180
B,1875,0.24032926,0.20579830,0.22306378,1,1,234,154,180,180
B,1876,0.25847227,0.25062813,0.25455020,1,1,234,154,180,180
B,1877,0.25740893,0.24202972,0.24971933,1,1,234,154,180,180
B,1878,0.23363466,0.24202972,0.23783219,1,1,234,154,180,180
B,1879,0.24154307,0.21618678,0.22886493,1,1,234,154,180,180
B,1880,0.24154307,0.23217534,0.23685920,1,1,234,154,180,180
B,1881,0.26638450,0.21676997,0.24157723,1,1,234,154,180,180
B,1882,0.24154307,0.20640627,0.22397467,1,1,234,154,180,180
B,1883,0.25712567,0.20037997,0.22875282,1,1,234,154,180,180
B,1884,0.23249528,0.20093335,0.21671431,1,1,234,154,180,180
B,1885,0.23593191,0.21618678,0.22605934,1,1,234,154,180,180
B,1886,0.23236325,0.20037997,0.21637161,1,1,234,174,180,180
B,1887,0.24154307,0.23320381,0.23737344,1,1,234,174,180,180
B,1888,0.22823351,0.19062931,0.20943141,1,1,234,174,180,180
B,1889,0.24028467,0.23335392,0.23681930,1,1,234,154,180,180
B,1890,0.24028467,0.21736862,0.22882665,1,1,234,174,180,180
B,1891,0.24154307,0.21756310,0.22955309,1,1,234,174,180,180
B,1892,0.22466314,0.23217534,0.22841924,1,1,234,154,180,180
B,1893,0.25181451,0.22533797,0.23857624,1,1,234,154,180,180
B,1894,0.23708813,0.21559139,0.22633976,1,1,234,154,180,180
B,1895,0.23249528,0.21038628,0.22144078,1,1,234,154,180,180
B,1896,0.23363466,0.21756310,0.22559888,1,1,234,154,180,180
B,1897,0.22578593,0.19900743,0.21239668,1,1,234,154,180,180
B,1898,0.24028467,0.23399837,0.23714152,1,1,234,174,180,180
B,1899,0.25712567,0.22482920,0.24097744,1,1,234,174,180,180
B,1900,0.25847227,0.24202972,0.25025100,1,1,234,154,180,180
B,1901,0.26508540,0.22436752,0.24472646,1,1,234,154,180,180
B,1902,0.27290887,0.23217534,0.25254211,1,1,234,154,180,180
B,1903,0.26508540,0.21559139,0.24033839,1,1,234,154,180,180
B,1904,0.26508540,0.26637572,0.26573056,1,1,234,154,180,180
B,1905,0.26638450,0.23281653,0.24960052,1,1,234,154,180,180
B,1906,0.28141232,0.23335392,0.25738312,1,1,234,154,180,180
B,1907,0.26508540,0.23399837,0.24954189,1,1,234,154,180,180
B,1908,0.27540147,0.24131681,0.25835914,1,1,234,154,180,180
B,1909,0.24154307,0.20037997,0.22096152,1,1,234,154,180,180
B,1910,0.25712567,0.20863703,0.23288135,1,1,234,154,180,180
B,1911,0.26638450,0.24875929,0.25757189,1,1,234,154,180,180
B,1912,0.26478040,0.22324958,0.24401499,1,1,234,154,180,180
B,1913,0.25693857,0.23363466,0.24528662,1,1,234,154,180,180
B,1914,0.27518235,0.24094215,0.25806225,1,1,234,154,180,180
B,1915,0.28141232,0.25000958,0.26571095,1,1,234,154,180,180
B,1916,0.23249528,0.21676997,0.22463262,1,1,234,154,180,180
B,1917,0.24032926,0.20870242,0.22451584,1,1,234,154,180,180
B,1918,0.24032926,0.22508667,0.23270796,1,1,234,154,180,180
B,1919,0.23246059,0.21594012,0.22420035,1,1,234,154,180,180
B,1920,0.26759466,0.24253562,0.25506514,1,1,234,154,180,180
B,1921,0.24983914,0.23453251,0.24218582,1,1,234,154,180,180
B,1922,0.24875929,0.22703830,0.23789880,1,1,234,154,180,180
B,1923,0.24131681,0.24883551,0.24507616,1,1,234,154,180,180
B,1924,0.24131681,0.22466314,0.23298998,1,1,234,154,180,180
B,1925,0.25953438,0.21613333,0.23783386,1,1,234,154,180,180
B,1926,0.25847227,0.24253562,0.25050395,1,1,234,154,180,180
B,1927,0.24032926,0.20795342,0.22414134,1,1,234,154,180,180
B,1928,0.25000958,0.22508667,0.23754812,1,1,234,154,180,180
B,1929,0.25847227,0.24195141,0.25021184,1,1,214,154,180,180
B,1930,0.24253562,0.23453251,0.23853406,1,1,214,154,180,180
B,1931,0.24993788,0.23039427,0.24016607,1,1,214,154,180,180
B,1932,0.24009801,0.21003110,0.22506455,1,1,214,154,180,180
B,1933,0.26870008,0.23453251,0.25161629,1,1,234,154,180,180
B,1934,0.25847227,0.24253562,0.25050395,1,1,234,154,180,180
B,1935,0.22558633,0.19447895,0.21003264,1,1,234,154,180,180
B,1936,0.24131681,0.23399837,0.23765759,1,1,244,178,151,150
B,1937,0.14422997,0.13325932,0.13874464,1,1,244,178,151,150
B,1938,0.22466314,0.21943227,0.22204771,1,1,244,178,151,150
B,1939,0.25000000,0.22683472,0.23841736,1,1,244,178,151,150
B,1940,0.19766785,0.19988898,0.19877841,1,1,244,178,151,150
B,1941,0.22801470,0.23333333,0.23067402,1,1,234,174,180,180
B,1942,0.23447655,0.22568906,0.23008281,1,1,234,174,180,180
B,1943,0.24199904,0.21910881,0.23055393,1,1,234,174,180,180
B,1944,0.26584745,0.23438761,0.25011753,1,1,234,174,180,180
B,1945,0.23447655,0.21215856,0.22331755,1,1,234,174,180,180
B,1946,0.26559257,0.25104503,0.25831880,1,1,261,178,150,150
B,1947,0.27413651,0.25969164,0.26691408,1,1,234,174,180,180
B,1948,0.28330023,0.25846706,0.27088365,1,1,234,174,180,180
B,1949,0.26658803,0.25208208,0.25933505,1,1,261,178,150,150
B,1950,0.27411333,0.24295537,0.25853435,1,1,261,178,150,150
B,1951,0.28828917,0.23557142,0.26193029,1,1,234,174,180,180
B,1952,0.27906281,0.26859274,0.27382778,1,1,261,178,150,150
B,1953,0.31091051,0.26007283,0.28549167,1,1,261,178,150,150
B,1954,0.30124592,0.28374112,0.29249352,1,1,261,178,150,150
B,1955,0.27906281,0.26814670,0.27360476,1,1,261,178,150,150
B,1956,0.27038820,0.27165693,0.27102256,1,1,261,178,150,150
B,1957,0.23988204,0.24325213,0.24156709,1,1,234,174,180,180
B,1958,0.26022172,0.24728712,0.25375442,1,1,261,178,150,150
B,1959,0.22209846,0.21874494,0.22042170,1,1,234,174,180,180
B,1960,0.25483019,0.22762573,0.24122796,1,1,261,178,150,150
B,1961,0.25200285,0.26814670,0.26007478,1,1,234,174,180,180
B,1962,0.24965556,0.24246051,0.24605803,1,1,234,174,180,180
B,1963,0.27881933,0.27609102,0.27745518,1,1,234,174,180,180
B,1964,0.28126705,0.22762573,0.25444639,1,1,234,174,180,180
B,1965,0.28401229,0.25993762,0.27197496,1,1,234,174,180,180
B,1966,0.25756836,0.25893399,0.25825117,1,1,234,174,180,180
B,1967,0.27038820,0.26755569,0.26897194,1,1,234,174,180,180
B,1968,0.28140463,0.26755569,0.27448016,1,1,234,174,180,180
B,1969,0.26768334,0.25222209,0.25995272,1,1,234,174,180,180
B,1970,0.27251672,0.22683472,0.24967572,1,1,234,174,180,180
B,1971,0.24402983,0.25062813,0.24732898,1,1,234,174,180,180
B,1972,0.26953585,0.26030111,0.26491848,1,1,234,174,180,180
B,1973,0.20670070,0.22625276,0.21647673,1,1,234,174,180,180
B,1974,0.22801470,0.22522937,0.22662204,1,1,234,174,180,180
B,1975,0.24402983,0.24137931,0.24270457,1,1,234,174,180,180
B,1976,0.24402983,0.24137931,0.24270457,1,1,234,174,180,180
B,1977,0.22969846,0.24246051,0.23607948,1,1,234,174,180,180
B,1978,0.26022172,0.24260462,0.25141317,1,1,234,174,180,180
B,1979,0.23292947,0.24260462,0.23776705,1,1,234,174,180,180
B,1980,0.25074049,0.24368509,0.24721279,1,1,234,174,180,180
B,1981,0.26953585,0.23438761,0.25196173,1,1,234,174,180,180
B,1982,0.23795784,0.23557142,0.23676463,1,1,234,174,180,180
B,1983,0.29720648,0.27693548,0.28707098,1,1,234,174,180,180
B,1984,0.22969846,0.21666667,0.22318256,1,1,234,174,180,180
B,1985,0.26214331,0.20264620,0.23239476,1,1,234,174,180,180
B,1986,0.20540031,0.20689655,0.20614843,1,1,234,174,180,180
B,1987,0.27845477,0.26666667,0.27256072,1,1,234,174,180,180
B,1988,0.21838958,0.22679018,0.22258988,1,1,234,174,180,180
B,1989,0.30361735,0.30645161,0.30503448,1,1,234,174,180,180
B,1990,0.24738821,0.23557142,0.24147981,1,1,234,174,180,180
B,1991,0.26953585,0.25984600,0.26469092,1,1,234,174,180,180
B,1992,0.24383644,0.24260462,0.24322053,1,1,234,174,180,180
B,1993,0.22725319,0.21057452,0.21891385,1,1,234,174,180,180
B,1994,0.24230242,0.22482920,0.23356581,1,1,244,178,151,150
B,1995,0.25033047,0.26607604,0.25820325,1,1,244,178,151,150
B,1996,0.24028467,0.22400479,0.23214473,1,1,244,178,151,150
B,1997,0.24383644,0.21736862,0.23060253,1,1,234,174,180,180
B,1998,0.25533427,0.22508667,0.24021047,1,1,234,174,180,180
B,1999,0.22022269,0.20037997,0.21030133,1,1,234,174,180,180
B,2000,0.24390077,0.24202972,0.24296525,1,1,234,174,180,180
B,2001,0.27540147,0.23453251,0.25496699,1,1,234,174,180,180
B,2002,0.26638450,0.24081049,0.25359749,1,1,234,174,180,180
B,2003,0.21730740,0.18954251,0.20342496,1,1,244,178,151,150
B,2004,0.23708813,0.21618678,0.22663746,1,1,244,178,151,150
B,2005,0.25000958,0.23217534,0.24109246,1,1,244,178,151,150
B,2006,0.20306472,0.19581106,0.19943789,1,1,234,174,180,180
B,2007,0.22154899,0.25000000,0.23577450,1,1,234,154,180,180
B,2008,0.14607595,0.14055639,0.14331617,1,1,234,154,180,180
B,2009,0.12594340,0.12099012,0.12346676,1,1,234,154,180,180
B,2010,0.13040860,0.15594572,0.14317716,1,1,234,154,180,180
B,2011,0.12994058,0.13074601,0.13034330,1,1,234,154,180,180
B,2012,0.15590550,0.12667635,0.14129093,1,1,234,154,180,180
B,2013,0.21330178,0.23542590,0.22436384,1,1,234,154,180,180
B,2014,0.17647354,0.13766120,0.15706737,1,1,234,154,180,180
B,2015,0.16154813,0.12876456,0.14515634,1,1,234,154,180,180
B,2016,0.13419748,0.11660190,0.12539969,1,1,234,154,180,180
B,2017,0.24037009,0.24903473,0.24470241,1,1,234,154,180,180
B,2018,0.19154030,0.15903405,0.17528717,1,1,234,154,180,180
B,2019,0.16238586,0.14645390,0.15441988,1,1,234,154,180,180
B,2020,0.17886845,0.16212999,0.17049922,1,1,234,154,180,180
B,2021,0.18617454,0.14966777,0.16792116,1,1,234,154,180,180
B,2022,0.16155209,0.13784910,0.14970060,1,1,234,154,180,180
B,2023,0.16154813,0.13325932,0.14740372,1,1,234,154,180,180
B,2024,0.16313208,0.14508582,0.15410895,1,1,234,154,180,180
B,2025,0.17805025,0.14684158,0.16244591,1,1,234,154,180,180
B,2026,0.16185156,0.17866131,0.17025643,1,1,234,154,180,180
B,2027,0.16601873,0.13530994,0.15066433,1,1,234,154,180,180
B,2028,0.16238586,0.14508582,0.15373584,1,1,234,154,180,180
B,2029,0.14684615,0.13530994,0.14107804,1,1,234,154,180,180
B,2030,0.17235893,0.14991673,0.16113783,1,1,234,154,180,180
B,2031,0.16238586,0.12903226,0.14570906,1,1,234,154,180,180
B,2032,0.16765473,0.16657415,0.16711444,1,1,234,154,180,180
B,2033,0.15240385,0.16822356,0.16031370,1,1,234,154,180,180
B,2034,0.15631500,0.13784910,0.14708205,1,1,234,154,180,180
B,2035,0.13130643,0.15196735,0.14163689,1,1,234,154,180,180
B,2036,0.15235380,0.14991673,0.15113526,1,1,234,154,180,180
B,2037,0.17417919,0.15196735,0.16307327,1,1,234,154,180,180
B,2038,0.16238586,0.16822356,0.16530471,1,1,234,154,180,180
B,2039,0.17320360,0.15156614,0.16238487,1,1,234,154,180,180
B,2040,0.17320360,0.16095569,0.16707965,1,1,234,154,180,180
B,2041,0.15235380,0.13303802,0.14269591,1,1,234,154,180,180
B,2042,0.20778321,0.17732712,0.19255517,1,1,234,154,180,180
B,2043,0.22344933,0.19955703,0.21150318,1,1,234,154,180,180
B,2044,0.21905434,0.21071407,0.21488421,1,1,244,178,151,150
B,2045,0.24868381,0.19955703,0.22412042,1,1,244,178,151,150
B,2046,0.26508540,0.25048403,0.25778472,1,1,214,154,180,180
B,2047,0.24345918,0.20037997,0.22191957,1,1,214,174,180,180
B,2048,0.26626562,0.23399837,0.25013199,1,1,214,174,180,180
B,2049,0.29695970,0.25063053,0.27379511,1,1,214,174,180,180
B,2050,0.28504386,0.27653315,0.28078850,1,1,214,174,180,180
B,2051,0.26752193,0.28609713,0.27680953,1,1,214,174,180,180
B,2052,0.28504386,0.25831558,0.27167972,1,1,214,174,180,180
B,2053,0.30091215,0.26637572,0.28364394,1,1,214,174,180,180
B,2054,0.28504386,0.28720605,0.28612495,1,1,214,174,180,180
B,2055,0.29537828,0.28609713,0.29073770,1,1,214,174,180,180
B,2056,0.27591922,0.24983914,0.26287918,1,1,214,174,180,180
B,2057,0.29537828,0.27653315,0.28595572,1,1,214,174,180,180
B,2058,0.26626562,0.26759466,0.26693014,1,1,214,174,180,180
B,2059,0.27477875,0.25063053,0.26270464,1,1,214,174,180,180
B,2060,0.24095954,0.24008298,0.24052126,1,1,214,174,180,180
B,2061,0.27608061,0.25110098,0.26359080,1,1,214,174,180,180
B,2062,0.25776203,0.23302707,0.24539455,1,1,214,174,180,180
B,2063,0.27591922,0.26955121,0.27273522,1,1,214,174,180,180
B,2064,0.25000000,0.24202972,0.24601486,1,1,214,174,180,180
B,2065,0.26752193,0.24202972,0.25477583,1,1,214,174,180,180
B,2066,0.26752193,0.24253562,0.25502877,1,1,214,174,180,180
B,2067,0.28345390,0.24131681,0.26238536,1,1,214,174,180,180
B,2068,0.27709217,0.27735010,0.27722113,1,1,214,174,180,180
B,2069,0.30282725,0.29261530,0.29772128,1,1,214,174,180,180
B,2070,0.27011673,0.24325213,0.25668443,1,1,214,174,180,180
B,2071,0.32015623,0.28629917,0.30322770,1,1,214,174,180,180
B,2072,0.26752193,0.24253562,0.25502877,1,1,214,174,180,180
B,2073,0.30260004,0.27546544,0.28903274,1,1,214,174,180,180
B,2074,0.26626562,0.26637572,0.26632067,1,1,214,174,180,180
B,2075,0.28382180,0.25831558,0.27106869,1,1,214,174,180,180
B,2076,0.28504386,0.25000958,0.26752672,1,1,214,174,180,180
B,2077,0.30091215,0.25953438,0.28022327,1,1,214,174,180,180
B,2078,0.31357097,0.28629917,0.29993507,1,1,214,174,180,180
B,2079,0.30175335,0.28387819,0.29281577,1,1,214,174,180,180
B,2080,0.32125617,0.27546544,0.29836081,1,1,214,174,180,180
B,2081,0.29361011,0.27546544,0.28453777,1,1,214,174,180,180
B,2082,0.25000000,0.23155292,0.24077646,1,1,214,174,180,180
B,2083,0.23123203,0.25048162,0.24085683,1,1,214,174,180,180
B,2084,0.24028467,0.24979177,0.24503822,1,1,244,178,151,150
B,2085,0.23106602,0.21521531,0.22314066,1,1,234,174,180,180
B,2086,0.23127276,0.22360680,0.22743978,1,1,234,174,180,180
B,2087,0.22466314,0.21736862,0.22101588,1,1,234,174,180,180
B,2088,0.22466314,0.20037997,0.21252155,1,1,234,174,180,180
B,2089,0.25712567,0.22533797,0.24123182,1,1,234,174,180,180
B,2090,0.25712567,0.24009801,0.24861184,1,1,234,174,180,180
B,2091,0.23249528,0.22648185,0.22948856,1,1,234,174,180,180
B,2092,0.24262895,0.22360680,0.23311787,1,1,234,174,180,180
B,2093,0.26067744,0.24253562,0.25160653,1,1,234,174,180,180
B,2094,0.25712567,0.22400479,0.24056523,1,1,234,174,180,180
B,2095,0.22349268,0.21600524,0.21974896,1,1,234,174,180,180
B,2096,0.25058242,0.23281876,0.24170059,1,1,234,174,180,180
B,2097,0.24860551,0.21453574,0.23157063,1,1,234,174,180,180
B,2098,0.20948268,0.20579830,0.20764049,1,1,234,174,180,180
B,2099,0.27709217,0.23281876,0.25495547,1,1,234,174,180,180
B,2100,0.24383644,0.21668946,0.23026295,1,1,234,174,180,180
B,2101,0.24230242,0.25110098,0.24670170,1,1,234,174,180,180
B,2102,0.22969846,0.18864844,0.20917345,1,1,234,174,180,180
B,2103,0.24860551,0.24008298,0.24434425,1,1,234,174,180,180
B,2104,0.24383644,0.20925340,0.22654492,1,1,234,174,180,180
B,2105,0.24383644,0.25189637,0.24786640,1,1,234,174,180,180
B,2106,0.24860551,0.20640627,0.22750589,1,1,234,174,180,180
B,2107,0.23877300,0.21374116,0.22625708,1,1,234,174,180,180
B,2108,0.22879288,0.23155292,0.23017290,1,1,234,174,180,180
B,2109,0.22760091,0.21521531,0.22140811,1,1,234,174,180,180
B,2110,0.20000001,0.19740354,0.19870178,1,1,234,174,180,180
B,2111,0.22760091,0.20863703,0.21811897,1,1,234,174,180,180
B,2112,0.24383644,0.24936468,0.24660056,1,1,234,174,180,180
B,2113,0.22801470,0.19769311,0.21285390,1,1,234,174,180,180
B,2114,0.24230242,0.21521531,0.22875886,1,1,234,174,180,180
B,2115,0.26810958,0.24080732,0.25445845,1,1,234,174,180,180
B,2116,0.23454147,0.25110098,0.24282122,1,1,234,174,180,180
B,2117,0.24738821,0.25189637,0.24964229,1,1,234,174,180,180
B,2118,0.21349571,0.20640627,0.20995099,1,1,234,174,180,180
B,2119,0.24230242,0.21374116,0.22802179,1,1,234,174,180,180
B,2120,0.21356506,0.21453574,0.21405040,1,1,234,174,180,180
B,2121,0.24383644,0.22314351,0.23348998,1,1,234,174,180,180
B,2122,0.22561608,0.23429291,0.22995449,1,1,234,174,180,180
B,2123,0.25713866,0.24080732,0.24897299,1,1,234,174,180,180
B,2124,0.25713866,0.24202972,0.24958419,1,1,234,174,180,180
B,2125,0.26559257,0.26717645,0.26638451,1,1,234,174,180,180
B,2126,0.23702273,0.22360680,0.23031476,1,1,234,174,180,180
B,2127,0.24666817,0.24202972,0.24434894,1,1,234,174,180,180
B,2128,0.26768334,0.26717645,0.26742989,1,1,234,174,180,180
B,2129,0.24230242,0.23155292,0.23692767,1,1,234,174,180,180
B,2130,0.24860996,0.23281653,0.24071325,1,1,234,174,180,180
B,2131,0.23249528,0.20819975,0.22034751,1,1,234,174,180,180
B,2132,0.23454147,0.25800784,0.24627465,1,1,234,174,180,180
B,2133,0.24860551,0.23155292,0.24007922,1,1,234,174,180,180
B,2134,0.24583185,0.23302707,0.23942946,1,1,234,174,180,180
B,2135,0.21664116,0.23155292,0.22409704,1,1,234,174,180,180
B,2136,0.25228028,0.25986337,0.25607183,1,1,234,174,180,180
B,2137,0.24383644,0.23199495,0.23791570,1,1,234,174,180,180
B,2138,0.23112509,0.24202972,0.23657741,1,1,234,174,180,180
B,2139,0.23123203,0.24008298,0.23565751,1,1,234,174,180,180
B,2140,0.21664116,0.22161506,0.21912811,1,1,234,174,180,180
B,2141,0.23332587,0.23155292,0.23243939,1,1,234,174,180,180
B,2142,0.22760091,0.22161506,0.22460798,1,1,234,174,180,180
B,2143,0.24383644,0.22522937,0.23453290,1,1,234,174,180,180
B,2144,0.25228028,0.24936468,0.25082248,1,1,234,174,180,180
B,2145,0.23490680,0.21414919,0.22452799,1,1,234,174,180,180
B,2146,0.25751310,0.23199495,0.24475403,1,1,234,174,180,180
B,2147,0.22616903,0.23199495,0.22908199,1,1,234,174,180,180
B,2148,0.24028467,0.23199495,0.23613981,1,1,234,174,180,180
B,2149,0.23548252,0.24984072,0.24266162,1,1,234,174,180,180
B,2150,0.20540031,0.24936468,0.22738249,1,1,234,174,180,180
B,2151,0.20277295,0.24080732,0.22179013,1,1,234,174,180,180
B,2152,0.12934619,0.14005354,0.13469987,1,1,234,174,180,180
B,2153,0.20397505,0.20956841,0.20677173,1,1,234,174,180,180
B,2154,0.20007500,0.23281653,0.21644577,1,1,234,174,180,180
B,2155,0.14603910,0.14276612,0.14440261,1,1,234,174,180,180
B,2156,0.21080892,0.17845766,0.19463329,1,1,234,174,180,180
B,2157,0.24402983,0.23347192,0.23875087,1,1,234,174,180,180
B,2158,0.24028467,0.20509572,0.22269020,1,1,234,174,180,180
B,2159,0.25423246,0.26171196,0.25797221,1,1,234,174,180,180
B,2160,0.21356506,0.23302707,0.22329607,1,1,234,174,180,180
B,2161,0.24583185,0.25986337,0.25284761,1,1,234,174,180,180
B,2162,0.25058242,0.25110898,0.25084570,1,1,234,174,180,180
B,2163,0.25374685,0.24984072,0.25179378,1,1,234,174,180,180
B,2164,0.21497321,0.23155292,0.22326306,1,1,234,174,180,180
B,2165,0.25657983,0.25953984,0.25805983,1,1,234,174,180,180
B,2166,0.26768334,0.25846706,0.26307520,1,1,234,174,180,180
B,2167,0.24248039,0.21736862,0.22992451,1,1,234,174,180,180
B,2168,0.25045533,0.22798038,0.23921785,1,1,234,174,180,180
B,2169,0.26652950,0.24936468,0.25794709,1,1,234,174,180,180
B,2170,0.26652950,0.24984072,0.25818511,1,1,234,174,180,180
B,2171,0.27478733,0.29292934,0.28385833,1,1,234,174,180,180
B,2172,0.28049552,0.29336155,0.28692853,1,1,234,174,180,180
B,2173,0.28145540,0.27505464,0.27825502,1,1,234,174,180,180
B,2174,0.25074049,0.23399837,0.24236943,1,1,234,174,180,180
B,2175,0.27845477,0.26879752,0.27362614,1,1,234,174,180,180
B,2176,0.27396668,0.24057579,0.25727123,1,1,234,174,180,180
B,2177,0.27293819,0.27873958,0.27583889,1,1,234,174,180,180
B,2178,0.27694361,0.29240889,0.28467625,1,1,234,174,180,180
B,2179,0.27641362,0.28553225,0.28097293,1,1,234,174,180,180
B,2180,0.26214331,0.27833130,0.27023730,1,1,234,174,180,180
B,2181,0.23112509,0.24984072,0.24048290,1,1,234,174,180,180
B,2182,0.27845477,0.26768648,0.27307063,1,1,234,174,180,180
B,2183,0.26469765,0.25063053,0.25766409,1,1,234,174,180,180
B,2184,0.24901717,0.26717645,0.25809681,1,1,234,174,180,180
B,2185,0.29661467,0.27735010,0.28698238,1,1,234,174,180,180
B,2186,0.26652950,0.26768648,0.26710799,1,1,234,174,180,180
B,2187,0.25947395,0.25800784,0.25874090,1,1,234,174,180,180
B,2188,0.26171196,0.26895474,0.26533335,1,1,234,174,180,180
B,2189,0.24383644,0.27873958,0.26128801,1,1,234,174,180,180
B,2190,0.24294884,0.24202972,0.24248928,1,1,234,174,180,180
B,2191,0.22349268,0.24205681,0.23277475,1,1,234,174,180,180
B,2192,0.24028467,0.24123593,0.24076030,1,1,234,174,180,180
B,2193,0.21080892,0.21414919,0.21247905,1,1,234,174,180,180
B,2194,0.21624764,0.23214286,0.22419525,1,1,234,174,180,180
B,2195,0.23593191,0.22536324,0.23064757,1,1,234,174,180,180
B,2196,0.22022269,0.24984072,0.23503170,1,1,234,174,180,180
B,2197,0.18382737,0.19819678,0.19101207,1,1,234,174,180,180
B,2198,0.20000001,0.20832350,0.20416175,1,1,234,174,180,180
B,2199,0.21624764,0.22400479,0.22012622,1,1,234,174,180,180
B,2200,0.20000001,0.21773020,0.20886510,1,1,234,174,180,180
B,2201,0.20000001,0.20819975,0.20409988,1,1,234,174,180,180
B,2202,0.19756475,0.20677365,0.20216920,1,1,234,174,180,180
B,2203,0.20896920,0.20689655,0.20793287,1,1,234,174,180,180
B,2204,0.21330178,0.21654639,0.21492408,1,1,234,174,180,180
B,2205,0.21624764,0.19988898,0.20806831,1,1,234,174,180,180
B,2206,0.20670070,0.20677365,0.20673717,1,1,234,174,180,180
B,2207,0.18190037,0.16657415,0.17423726,1,1,234,174,180,180
B,2208,0.19371463,0.18471271,0.18921367,1,1,234,174,180,180
B,2209,0.18956764,0.18210784,0.18583774,1,1,234,174,180,180
B,2210,0.21080892,0.21428571,0.21254732,1,1,234,174,180,180
B,2211,0.22022269,0.20689655,0.21355962,1,1,234,174,180,180
B,2212,0.20670070,0.19267483,0.19968776,1,1,234,174,180,180
B,2213,0.22704445,0.21428571,0.22066508,1,1,234,174,180,180
B,2214,0.23593191,0.20975044,0.22284117,1,1,234,174,180,180
B,2215,0.21624764,0.20819975,0.21222369,1,1,234,174,180,180
B,2216,0.20000001,0.20819975,0.20409988,1,1,234,174,180,180
B,2217,0.18998622,0.20832350,0.19915486,1,1,234,174,180,180
B,2218,0.18344575,0.16666667,0.17505621,1,1,234,174,180,180
B,2219,0.19847263,0.18333333,0.19090298,1,1,234,174,180,180
B,2220,0.17218166,0.18954251,0.18086209,1,1,234,174,180,180
B,2221,0.17706313,0.19124873,0.18415593,1,1,234,174,180,180
B,2222,0.19345002,0.18954251,0.19149627,1,1,234,174,180,180
B,2223,0.20000001,0.17412103,0.18706052,1,1,234,174,180,180
B,2224,0.18260661,0.19124873,0.18692767,1,1,234,174,180,180
B,2225,0.21330178,0.24260462,0.22795320,1,1,234,174,180,180
B,2226,0.17054988,0.18323156,0.17689072,1,1,234,174,180,180
B,2227,0.19882132,0.19124873,0.19503503,1,1,234,174,180,180
B,2228,0.23593191,0.22503036,0.23048113,1,1,234,174,180,180
B,2229,0.24738821,0.24246051,0.24492436,1,1,234,174,180,180
B,2230,0.23593191,0.20819975,0.22206583,1,1,234,174,180,180
B,2231,0.24738821,0.26768648,0.25753735,1,1,234,174,180,180
B,2232,0.22851730,0.23438761,0.23145246,1,1,234,174,180,180
B,2233,0.16238586,0.21773020,0.19005803,1,1,234,174,180,180
B,2234,0.17235893,0.14707036,0.15971465,1,1,234,174,180,180
B,2235,0.16601873,0.14714686,0.15658280,1,1,234,174,180,180
B,2236,0.26116013,0.25956445,0.26036229,1,1,234,174,180,180
B,2237,0.19882132,0.17401760,0.18641946,1,1,234,174,180,180
B,2238,0.22725319,0.21792501,0.22258910,1,1,234,174,180,180
B,2239,0.24430026,0.23281653,0.23855840,1,1,234,174,180,180
B,2240,0.23593191,0.24123593,0.23858392,1,1,234,174,180,180
B,2241,0.25824720,0.23320381,0.24572550,1,1,234,174,180,180
B,2242,0.26288213,0.25752911,0.26020562,1,1,234,174,180,180
B,2243,0.23795784,0.25800784,0.24798284,1,1,234,174,180,180
B,2244,0.24893349,0.24243562,0.24568455,1,1,234,174,180,180
B,2245,0.24763029,0.24281334,0.24522181,1,1,234,174,180,180
B,2246,0.23561855,0.24143354,0.23852604,1,1,234,174,180,180
B,2247,0.23112509,0.25846706,0.24479608,1,1,234,174,180,180
B,2248,0.24583185,0.25907871,0.25245528,1,1,234,174,180,180
B,2249,0.25033047,0.25846706,0.25439877,1,1,234,174,180,180
B,2250,0.26652950,0.28609713,0.27631331,1,1,234,174,180,180
B,2251,0.25861388,0.25907871,0.25884630,1,1,234,174,180,180
B,2252,0.25033047,0.25907871,0.25470459,1,1,234,174,180,180
B,2253,0.25033047,0.25907871,0.25470459,1,1,234,174,180,180
B,2254,0.23963862,0.25907871,0.24935866,1,1,234,174,180,180
B,2255,0.25074049,0.26828537,0.25951293,1,1,234,174,180,180
B,2256,0.26214331,0.28553225,0.27383778,1,1,234,174,180,180
B,2257,0.25657983,0.26768648,0.26213316,1,1,234,174,180,180
B,2258,0.27845477,0.26768648,0.27307063,1,1,234,174,180,180
B,2259,0.25824720,0.25089828,0.25457274,1,1,234,174,180,180
B,2260,0.26822822,0.26859274,0.26841048,1,1,234,174,180,180
B,2261,0.26652950,0.27520836,0.27086893,1,1,234,174,180,180
B,2262,0.26810958,0.25846706,0.26328832,1,1,234,174,180,180
B,2263,0.24097164,0.24246051,0.24171607,1,1,234,174,180,180
B,2264,0.23249528,0.23438761,0.23344145,1,1,234,174,180,180
B,2265,0.21278028,0.20832350,0.21055189,1,1,234,174,180,180
B,2266,0.21491714,0.20677365,0.21084540,1,1,234,174,180,180
B,2267,0.20000001,0.18954251,0.19477126,1,1,234,174,180,180
B,2268,0.20000001,0.20819975,0.20409988,1,1,234,174,180,180
B,2269,0.19409444,0.18954251,0.19181848,1,1,234,174,180,180
B,2270,0.17417919,0.19807050,0.18612484,1,1,234,174,180,180
B,2271,0.18382737,0.19096861,0.18739799,1,1,234,174,180,180
B,2272,0.20000001,0.19630342,0.19815171,1,1,234,174,180,180
B,2273,0.17158933,0.19124873,0.18141903,1,1,234,174,180,180
B,2274,0.17417919,0.19778039,0.18597979,1,1,234,174,180,180
B,2275,0.19766785,0.20356413,0.20061599,1,1,234,174,180,180
B,2276,0.21810904,0.22161506,0.21986205,1,1,234,174,180,180
B,2277,0.20778321,0.23214286,0.21996303,1,1,234,174,180,180
B,2278,0.24028467,0.23199495,0.23613981,1,1,234,174,180,180
B,2279,0.23593191,0.25063053,0.24328122,1,1,234,174,180,180
B,2280,0.20000001,0.23326321,0.21663161,1,1,234,174,180,180
B,2281,0.22208649,0.24984072,0.23596360,1,1,234,174,180,180
B,2282,0.21080892,0.23199495,0.22140194,1,1,234,174,180,180
B,2283,0.19766785,0.22222222,0.20994504,1,1,234,174,180,180
B,2284,0.22349268,0.23199495,0.22774382,1,1,234,174,180,180
B,2285,0.21080892,0.22206996,0.21643944,1,1,234,174,180,180
B,2286,0.20670070,0.23155292,0.21912681,1,1,234,174,180,180
B,2287,0.21080892,0.24936468,0.23008680,1,1,234,174,180,180
B,2288,0.20397505,0.20640627,0.20519066,1,1,234,174,180,180
B,2289,0.19098120,0.18920575,0.19009348,1,1,234,174,180,180
B,2290,0.18945550,0.18292728,0.18619139,1,1,234,174,180,180
B,2291,0.21191295,0.21414919,0.21303107,1,1,234,174,180,180
B,2292,0.15751089,0.15508024,0.15629557,1,1,234,174,180,180
B,2293,0.19409444,0.20677365,0.20043405,1,1,234,174,180,180
B,2294,0.18780241,0.18954251,0.18867246,1,1,234,174,180,180
B,2295,0.18382737,0.20677365,0.19530051,1,1,234,174,180,180
B,2296,0.17235893,0.17231138,0.17233515,1,1,234,174,180,180
B,2297,0.20670070,0.21428571,0.21049320,1,1,234,174,180,180
B,2298,0.18382737,0.20819975,0.19601356,1,1,234,174,180,180
B,2299,0.19409444,0.19592939,0.19501192,1,1,234,174,180,180
B,2300,0.18382737,0.18954251,0.18668494,1,1,234,174,180,180
B,2301,0.20277295,0.22400479,0.21338887,1,1,234,174,180,180
B,2302,0.17972619,0.18954251,0.18463435,1,1,234,174,180,180
B,2303,0.19371463,0.22543089,0.20957276,1,1,234,174,180,180
B,2304,0.20000001,0.19630342,0.19815171,1,1,234,174,180,180
B,2305,0.18382737,0.21562615,0.19972676,1,1,234,174,180,180
B,2306,0.20000001,0.17241379,0.18620690,1,1,234,174,180,180
B,2307,0.20000001,0.18965517,0.19482759,1,1,234,174,180,180
B,2308,0.18669562,0.19778039,0.19223800,1,1,234,174,180,180
B,2309,0.20261444,0.21428571,0.20845008,1,1,234,174,180,180
B,2310,0.20000001,0.21414919,0.20707460,1,1,234,174,180,180
B,2311,0.20000001,0.21428571,0.20714286,1,1,234,174,180,180
B,2312,0.19409444,0.22206996,0.20808220,1,1,234,174,180,180
B,2313,0.20940272,0.22360155,0.21650214,1,1,234,174,180,180
B,2314,0.20670070,0.21414919,0.21042494,1,1,234,174,180,180
B,2315,0.21080892,0.21562615,0.21321754,1,1,234,174,180,180
B,2316,0.20397505,0.23199495,0.21798500,1,1,234,174,180,180
B,2317,0.23249528,0.23347192,0.23298360,1,1,234,174,180,180
B,2318,0.22365932,0.22400479,0.22383205,1,1,234,174,180,180
B,2319,0.24230242,0.26768648,0.25499445,1,1,234,174,180,180
B,2320,0.23112509,0.23155292,0.23133900,1,1,234,174,180,180
B,2321,0.23795784,0.26717645,0.25256714,1,1,234,174,180,180
B,2322,0.24028467,0.25846706,0.24937587,1,1,234,174,180,180
B,2323,0.24383644,0.25800784,0.25092214,1,1,234,174,180,180
B,2324,0.23877300,0.24984072,0.24430686,1,1,234,174,180,180
B,2325,0.26214331,0.24984072,0.25599201,1,1,234,174,180,180
B,2326,0.24583185,0.26895474,0.25739330,1,1,234,174,180,180
B,2327,0.23877300,0.24984072,0.24430686,1,1,234,174,180,180
B,2328,0.25181451,0.24246051,0.24713751,1,1,234,174,180,180
B,2329,0.24738821,0.24984072,0.24861446,1,1,234,174,180,180
B,2330,0.23936854,0.23214286,0.23575570,1,1,234,174,180,180
B,2331,0.23249528,0.25000000,0.24124764,1,1,234,174,180,180
B,2332,0.26652950,0.27586207,0.27119578,1,1,234,174,180,180
B,2333,0.22349268,0.27777778,0.25063523,1,1,234,174,180,180
B,2334,0.23877300,0.27873958,0.25875629,1,1,234,174,180,180
B,2335,0.24383644,0.24984072,0.24683858,1,1,234,174,180,180
B,2336,0.24028467,0.26895474,0.25461971,1,1,234,174,180,180
B,2337,0.23249528,0.26039679,0.24644603,1,1,234,174,180,180
B,2338,0.25847227,0.26768648,0.26307938,1,1,234,174,180,180
B,2339,0.24028467,0.26785714,0.25407091,1,1,234,174,180,180
B,2340,0.25441661,0.25855090,0.25648375,1,1,234,174,180,180
B,2341,0.24383644,0.25925926,0.25154785,1,1,234,174,180,180
B,2342,0.24738821,0.27893070,0.26315945,1,1,234,174,180,180
B,2343,0.22823351,0.26768648,0.24796000,1,1,234,174,180,180
B,2344,0.22076087,0.24074074,0.23075081,1,1,234,174,180,180
B,2345,0.24383644,0.27873958,0.26128801,1,1,234,174,180,180
B,2346,0.25712567,0.27758745,0.26735656,1,1,234,174,180,180
B,2347,0.20778321,0.22400479,0.21589400,1,1,234,174,180,180
B,2348,0.23363466,0.27777778,0.25570622,1,1,234,174,180,180
B,2349,0.23593191,0.24984072,0.24288631,1,1,234,174,180,180
B,2350,0.22076087,0.24984072,0.23530080,1,1,234,174,180,180
B,2351,0.22466314,0.25925926,0.24196120,1,1,234,174,180,180
B,2352,0.25369538,0.25908162,0.25638850,1,1,234,174,180,180
B,2353,0.24154307,0.25908162,0.25031234,1,1,234,174,180,180
B,2354,0.20778321,0.25908162,0.23343242,1,1,234,174,180,180
B,2355,0.24154307,0.25908162,0.25031234,1,1,234,174,180,180
B,2356,0.21191295,0.22375487,0.21783391,1,1,234,174,180,180
B,2357,0.24511344,0.27777778,0.26144561,1,1,234,174,180,180
B,2358,0.24028467,0.24057579,0.24043023,1,1,234,174,180,180
B,2359,0.24028467,0.24057579,0.24043023,1,1,234,174,180,180
B,2360,0.23236325,0.25925926,0.24581126,1,1,234,174,180,180
B,2361,0.23622445,0.26039679,0.24831062,1,1,234,174,180,180
B,2362,0.21191295,0.24074074,0.22632685,1,1,234,174,180,180
B,2363,0.22466314,0.25908162,0.24187238,1,1,234,174,180,180
B,2364,0.24383644,0.25925926,0.25154785,1,1,234,174,180,180
B,2365,0.24028467,0.25925926,0.24977196,1,1,234,174,180,180
B,2366,0.25595504,0.26039679,0.25817591,1,1,234,174,180,180
B,2367,0.24154307,0.24057579,0.24105943,1,1,234,174,180,180
B,2368,0.20670070,0.22222222,0.21446146,1,1,234,174,180,180
B,2369,0.12612407,0.12500000,0.12556203,1,1,234,174,180,180
B,2370,0.12035792,0.12273921,0.12154857,1,1,234,174,180,180
B,2371,0.12035792,0.10997056,0.11516424,1,1,234,174,180,180
B,2372,0.12283205,0.10624617,0.11453911,1,1,234,174,180,180
B,2373,0.14555171,0.13793103,0.14174137,1,1,234,174,180,180
B,2374,0.16847635,0.14005354,0.15426495,1,1,234,174,180,180
B,2375,0.17417919,0.17857143,0.17637531,1,1,234,174,180,180
B,2376,0.13130643,0.15508024,0.14319333,1,1,234,174,180,180
B,2377,0.15235380,0.12061796,0.13648588,1,1,234,174,180,180
B,2378,0.17158933,0.15508024,0.16333478,1,1,234,174,180,180
B,2379,0.21080892,0.18505830,0.19793361,1,1,234,174,180,180
B,2380,0.21080892,0.21414919,0.21247905,1,1,234,174,180,180
B,2381,0.25595504,0.27039753,0.26317628,1,1,234,174,180,180
B,2382,0.25595504,0.26903185,0.26249344,1,1,234,174,180,180
B,2383,0.24383644,0.24057579,0.24220611,1,1,234,174,180,180
B,2384,0.26380294,0.25000000,0.25690147,1,1,234,174,180,180
B,2385,0.24383644,0.25908162,0.25145903,1,1,234,174,180,180
B,2386,0.24383644,0.26768648,0.25576146,1,1,234,174,180,180
B,2387,0.24383644,0.24984072,0.24683858,1,1,234,174,180,180
B,2388,0.24028467,0.24057579,0.24043023,1,1,234,174,180,180
B,2389,0.24383644,0.26903185,0.25643414,1,1,234,174,180,180
B,2390,0.25228028,0.28824841,0.27026434,1,1,234,174,180,180
B,2391,0.17813355,0.20509572,0.19161463,1,1,234,174,180,180
B,2392,0.18780241,0.20975044,0.19877643,1,1,234,174,180,180
B,2393,0.16765473,0.17845766,0.17305619,1,1,234,174,180,180
B,2394,0.20000001,0.20819975,0.20409988,1,1,234,174,180,180
B,2395,0.24028467,0.20819975,0.22424221,1,1,234,174,180,180
B,2396,0.24383644,0.25846706,0.25115175,1,1,234,174,180,180
B,2397,0.20397505,0.19988898,0.20193202,1,1,234,174,180,180
B,2398,0.17327174,0.19790648,0.18558911,1,1,234,174,180,180
B,2399,0.18998622,0.19278935,0.19138778,1,1,234,174,180,180
B,2400,0.18780241,0.19096861,0.18938551,1,1,234,174,180,180
B,2401,0.18808822,0.18518519,0.18663670,1,1,234,174,180,180
B,2402,0.17886845,0.16657415,0.17272130,1,1,234,174,180,180
B,2403,0.20670070,0.17857143,0.19263606,1,1,234,174,180,180
B,2404,0.18998622,0.20832350,0.19915486,1,1,234,174,180,180
B,2405,0.18780241,0.17231138,0.18005690,1,1,234,174,180,180
B,2406,0.21488703,0.21428571,0.21458637,1,1,234,174,180,180
B,2407,0.20940272,0.23214286,0.22077279,1,1,234,174,180,180
B,2408,0.18382737,0.17857143,0.18119940,1,1,234,174,180,180
B,2409,0.20098014,0.19630342,0.19864178,1,1,234,174,180,180
B,2410,0.25595504,0.24057579,0.24826541,1,1,234,174,180,180
B,2411,0.21080892,0.23199495,0.22140194,1,1,234,174,180,180
B,2412,0.20670070,0.19807050,0.20238560,1,1,234,174,180,180
B,2413,0.20000001,0.17401760,0.18700880,1,1,234,174,180,180
B,2414,0.21624764,0.22665546,0.22145155,1,1,234,174,180,180
B,2415,0.20940272,0.21428571,0.21184422,1,1,234,174,180,180
B,2416,0.21730740,0.23199495,0.22465118,1,1,234,174,180,180
B,2417,0.24345918,0.25126907,0.24736412,1,1,234,174,180,180
B,2418,0.24383644,0.23347192,0.23865418,1,1,234,174,180,180
B,2419,0.23593191,0.24984072,0.24288631,1,1,234,174,180,180
B,2420,0.23708813,0.23199495,0.23454154,1,1,234,174,180,180
B,2421,0.24383644,0.21428571,0.22906108,1,1,234,174,180,180
B,2422,0.23249528,0.24260462,0.23754995,1,1,234,174,180,180
B,2423,0.23593191,0.24246051,0.23919621,1,1,234,174,180,180
B,2424,0.23877300,0.24984072,0.24430686,1,1,234,174,180,180
B,2425,0.24028467,0.24984072,0.24506269,1,1,234,174,180,180
B,2426,0.25712567,0.24984072,0.25348320,1,1,234,174,180,180
B,2427,0.24383644,0.26768648,0.25576146,1,1,234,174,180,180
B,2428,0.24383644,0.25969164,0.25176404,1,1,234,174,180,180
B,2429,0.25712567,0.26768648,0.26240608,1,1,234,174,180,180
B,2430,0.24383644,0.24984072,0.24683858,1,1,234,174,180,180
B,2431,0.25181451,0.25000000,0.25090726,1,1,234,174,180,180
B,2432,0.25712567,0.26768648,0.26240608,1,1,234,174,180,180
B,2433,0.23112509,0.24123593,0.23618051,1,1,234,174,180,180
B,2434,0.27534894,0.26768648,0.27151771,1,1,234,174,180,180
B,2435,0.23184593,0.23333333,0.23258963,1,1,234,174,180,180
B,2436,0.25181451,0.25846706,0.25514079,1,1,234,174,180,180
B,2437,0.23112509,0.24984072,0.24048290,1,1,234,174,180,180
B,2438,0.27709217,0.25237724,0.26473470,1,1,234,174,180,180
B,2439,0.23454147,0.23199495,0.23326821,1,1,234,174,180,180
B,2440,0.27709217,0.26895474,0.27302346,1,1,261,178,150,150
B,2441,0.26810958,0.25984600,0.26397779,1,1,261,178,150,150
B,2442,0.22725319,0.26895474,0.24810396,1,1,234,174,180,180
B,2443,0.22394297,0.27569820,0.24982059,1,1,234,174,180,180
B,2444,0.24430026,0.26879752,0.25654889,1,1,234,174,180,180
B,2445,0.24383644,0.21414919,0.22899281,1,1,234,174,180,180
B,2446,0.23593191,0.25000000,0.24296595,1,1,234,174,180,180
B,2447,0.24230242,0.26039679,0.25134960,1,1,234,174,180,180
B,2448,0.23556688,0.24984072,0.24270380,1,1,234,174,180,180
B,2449,0.24383644,0.26039679,0.25211661,1,1,234,174,180,180
B,2450,0.21624764,0.25063053,0.23343908,1,1,234,174,180,180
B,2451,0.21624764,0.23199495,0.22412130,1,1,234,174,180,180
B,2452,0.26116013,0.25907871,0.26011942,1,1,234,174,180,180
B,2453,0.23593191,0.24123593,0.23858392,1,1,234,174,180,180
B,2454,0.21278028,0.24202972,0.22740500,1,1,234,174,180,180
B,2455,0.24192754,0.25908162,0.25050458,1,1,234,174,180,180
B,2456,0.26652950,0.26768648,0.26710799,1,1,234,174,180,180
B,2457,0.23593191,0.26768648,0.25180920,1,1,234,174,180,180
B,2458,0.26352315,0.26785714,0.26569014,1,1,234,174,180,180
B,2459,0.26953585,0.25800784,0.26377184,1,1,234,174,180,180
B,2460,0.24230242,0.26768648,0.25499445,1,1,234,174,180,180
B,2461,0.26116013,0.25846706,0.25981360,1,1,234,174,180,180
B,2462,0.24879034,0.26768648,0.25823841,1,1,234,174,180,180
B,2463,0.25181451,0.28664329,0.26922890,1,1,234,174,180,180
B,2464,0.26810958,0.28682603,0.27746780,1,1,234,174,180,180
B,2465,0.26261286,0.27569820,0.26915553,1,1,234,174,180,180
B,2466,0.27113375,0.28664329,0.27888852,1,1,234,174,180,180
B,2467,0.27709217,0.25846706,0.26777962,1,1,234,174,180,180
B,2468,0.25968373,0.25048162,0.25508267,1,1,234,174,180,180
B,2469,0.25968373,0.25953984,0.25961178,1,1,234,174,180,180
B,2470,0.26652950,0.25969164,0.26311057,1,1,261,178,150,150
B,2471,0.27709217,0.30337802,0.29023509,1,1,261,178,150,150
B,2472,0.26352315,0.25846706,0.26099511,1,1,234,174,180,180
B,2473,0.25533427,0.24246051,0.24889739,1,1,234,174,180,180
B,2474,0.23112509,0.26896889,0.25004699,1,1,234,174,180,180
B,2475,0.26953585,0.27677097,0.27315341,1,1,261,178,150,150
B,2476,0.18382737,0.17412103,0.17897420,1,1,234,174,180,180
B,2477,0.16080915,0.17864504,0.16972710,1,1,234,174,180,180
B,2478,0.16313208,0.16657415,0.16485312,1,1,234,174,180,180
B,2479,0.12934619,0.16666667,0.14800643,1,1,234,174,180,180
B,2480,0.13928106,0.13997035,0.13962570,1,1,234,174,180,180
B,2481,0.16765473,0.14005354,0.15385414,1,1,234,174,180,180
B,2482,0.23593191,0.24123593,0.23858392,1,1,234,174,180,180
B,2483,0.21968427,0.22400479,0.22184453,1,1,234,174,180,180
B,2484,0.27845477,0.25846706,0.26846092,1,1,261,178,150,150
B,2485,0.22725319,0.24246051,0.23485685,1,1,234,174,180,180
B,2486,0.27845477,0.28553225,0.28199351,1,1,261,178,150,150
B,2487,0.24028467,0.25110898,0.24569682,1,1,261,178,150,150
B,2488,0.23593191,0.26768648,0.25180920,1,1,234,174,180,180
B,2489,0.20948268,0.24984072,0.22966170,1,1,234,174,180,180
B,2490,0.23454147,0.24246051,0.23850099,1,1,234,174,180,180
B,2491,0.23593191,0.25908162,0.24750676,1,1,234,174,180,180
B,2492,0.25671817,0.26768648,0.26220233,1,1,234,174,180,180
B,2493,0.24383644,0.23214286,0.23798965,1,1,234,174,180,180
B,2494,0.21080892,0.23199495,0.22140194,1,1,234,174,180,180
B,2495,0.22349268,0.21428571,0.21888920,1,1,234,174,180,180
B,2496,0.21624764,0.23214286,0.22419525,1,1,234,174,180,180
B,2497,0.22349268,0.25126907,0.23738088,1,1,234,174,180,180
B,2498,0.27224310,0.25110898,0.26167604,1,1,234,174,180,180
B,2499,0.21080892,0.21562615,0.21321754,1,1,234,174,180,180
B,2500,0.27534894,0.27758745,0.27646819,1,1,234,174,180,180
B,2501,0.26652950,0.26768648,0.26710799,1,1,234,174,180,180
B,2502,0.22349268,0.26039679,0.24194473,1,1,234,174,180,180
B,2503,0.23454147,0.24984072,0.24219109,1,1,234,174,180,180
B,2504,0.24383644,0.24984072,0.24683858,1,1,234,174,180,180
B,2505,0.26508540,0.24984072,0.25746306,1,1,234,174,180,180
B,2506,0.25181451,0.25000000,0.25090726,1,1,234,174,180,180
B,2507,0.25033047,0.24984072,0.25008559,1,1,234,174,180,180
B,2508,0.23454147,0.25126907,0.24290527,1,1,234,174,180,180
B,2509,0.23115268,0.22413793,0.22764530,1,1,234,174,180,180
B,2510,0.25033047,0.26768648,0.25900848,1,1,234,174,180,180
B,2511,0.25033047,0.24137931,0.24585489,1,1,234,174,180,180
B,2512,0.23454147,0.24246051,0.23850099,1,1,234,174,180,180
B,2513,0.23454147,0.22536324,0.22995235,1,1,234,174,180,180
B,2514,0.26214331,0.24984072,0.25599201,1,1,234,174,180,180
B,2515,0.26196580,0.23333333,0.24764957,1,1,234,174,180,180
B,2516,0.25347901,0.26755569,0.26051735,1,1,234,174,180,180
B,2517,0.24860996,0.22543089,0.23702042,1,1,234,174,180,180
B,2518,0.24860996,0.21756310,0.23308653,1,1,234,174,180,180
B,2519,0.25671817,0.21792501,0.23732159,1,1,234,174,180,180
B,2520,0.23795784,0.21792501,0.22794142,1,1,234,174,180,180
B,2521,0.25861388,0.25923025,0.25892206,1,1,234,174,180,180
B,2522,0.24732412,0.23438761,0.24085587,1,1,234,174,180,180
B,2523,0.27845477,0.24944629,0.26395053,1,1,234,174,180,180
B,2524,0.23795784,0.19988898,0.21892341,1,1,234,174,180,180
B,2525,0.25861388,0.23399837,0.24630613,1,1,234,174,180,180
B,2526,0.25200285,0.23320381,0.24260333,1,1,234,174,180,180
B,2527,0.27641362,0.26607604,0.27124483,1,1,234,174,180,180
B,2528,0.23795784,0.22568906,0.23182345,1,1,234,174,180,180
B,2529,0.24383644,0.20924240,0.22653942,1,1,234,174,180,180
B,2530,0.28475821,0.25969164,0.27222493,1,1,234,174,180,180
B,2531,0.23795784,0.21773020,0.22784402,1,1,234,174,180,180
B,2532,0.25058242,0.24080732,0.24569487,1,1,234,174,180,180
B,2533,0.29488833,0.26651864,0.28070348,1,1,234,174,180,180
B,2534,0.27110131,0.25846706,0.26478419,1,1,234,174,180,180
B,2535,0.28797017,0.25969164,0.27383091,1,1,234,174,180,180
B,2536,0.28797017,0.26651864,0.27724440,1,1,234,174,180,180
B,2537,0.32196045,0.25846706,0.29021376,1,1,234,174,180,180
B,2538,0.28992135,0.24123593,0.26557864,1,1,234,174,180,180
B,2539,0.30496531,0.25846706,0.28171619,1,1,234,174,180,180
B,2540,0.29272672,0.26651864,0.27962268,1,1,234,174,180,180
B,2541,0.29481696,0.24246051,0.26863873,1,1,234,174,180,180
B,2542,0.27110131,0.24123593,0.25616862,1,1,234,174,180,180
B,2543,0.30030929,0.24984072,0.27507501,1,1,234,174,180,180
B,2544,0.25228028,0.22543089,0.23885558,1,1,234,174,180,180
B,2545,0.27110131,0.21792501,0.24451316,1,1,234,174,180,180
B,2546,0.28067765,0.24123593,0.26095679,1,1,234,174,180,180
B,2547,0.26745128,0.22543089,0.24644108,1,1,234,174,180,180
B,2548,0.29481696,0.27569820,0.28525758,1,1,234,174,180,180
B,2549,0.30496531,0.27569820,0.29033176,1,1,234,174,180,180
B,2550,0.28067765,0.26828537,0.27448151,1,1,234,174,180,180
B,2551,0.28067765,0.24246051,0.26156908,1,1,234,174,180,180
B,2552,0.25423246,0.22400479,0.23911862,1,1,234,174,180,180
B,2553,0.29814238,0.24123593,0.26968915,1,1,234,174,180,180
B,2554,0.30257627,0.24944629,0.27601128,1,1,234,174,180,180
B,2555,0.30496531,0.25923025,0.28209778,1,1,234,174,180,180
B,2556,0.27845477,0.25062813,0.26454145,1,1,234,174,180,180
B,2557,0.31573785,0.28498821,0.30036303,1,1,234,174,180,180
B,2558,0.29814238,0.26717645,0.28265941,1,1,234,174,180,180
B,2559,0.28797017,0.24123593,0.26460305,1,1,234,174,180,180
B,2560,0.29272672,0.27520836,0.28396754,1,1,234,174,180,180
B,2561,0.27641362,0.24944629,0.26292995,1,1,234,174,180,180
B,2562,0.29272672,0.27520836,0.28396754,1,1,234,174,180,180
B,2563,0.30257627,0.25800784,0.28029206,1,1,234,174,180,180
B,2564,0.27641362,0.24080732,0.25861047,1,1,234,174,180,180
B,2565,0.28571427,0.25800784,0.27186106,1,1,234,174,180,180
B,2566,0.28797017,0.25800784,0.27298901,1,1,234,174,180,180
B,2567,0.28252747,0.25800784,0.27026766,1,1,234,174,180,180
B,2568,0.31269913,0.26607604,0.28938758,1,1,234,174,180,180
B,2569,0.27333055,0.24080732,0.25706894,1,1,234,174,180,180
B,2570,0.29272672,0.26717645,0.27995158,1,1,234,174,180,180
B,2571,0.29564100,0.25800784,0.27682442,1,1,234,174,180,180
B,2572,0.27413651,0.25800784,0.26607218,1,1,234,174,180,180
B,2573,0.27845477,0.27520836,0.27683157,1,1,234,174,180,180
B,2574,0.28571427,0.27569820,0.28070624,1,1,234,174,180,180
B,2575,0.27641362,0.24944629,0.26292995,1,1,234,174,180,180
B,2576,0.29029068,0.27627923,0.28328496,1,1,234,174,180,180
B,2577,0.30257627,0.26651864,0.28454745,1,1,234,174,180,180
B,2578,0.28797017,0.25800784,0.27298901,1,1,234,174,180,180
B,2579,0.27832156,0.27569820,0.27700988,1,1,234,174,180,180
B,2580,0.31943827,0.28498821,0.30221324,1,1,234,174,180,180
B,2581,0.28571427,0.26717645,0.27644536,1,1,234,174,180,180
B,2582,0.30496531,0.27627923,0.29062227,1,1,234,174,180,180
B,2583,0.29720648,0.30279997,0.30000323,1,1,234,174,180,180
B,2584,0.28797017,0.26717645,0.27757331,1,1,234,174,180,180
B,2585,0.26022172,0.24080732,0.25051452,1,1,234,174,180,180
B,2586,0.29524016,0.26717645,0.28120830,1,1,234,174,180,180
B,2587,0.29272672,0.25089828,0.27181250,1,1,234,174,180,180
B,2588,0.28557144,0.26607604,0.27582374,1,1,234,174,180,180
B,2589,0.28571427,0.26717645,0.27644536,1,1,234,174,180,180
B,2590,0.29272672,0.26717645,0.27995158,1,1,234,174,180,180
B,2591,0.30257627,0.27677097,0.28967362,1,1,234,174,180,180
B,2592,0.29272672,0.30960941,0.30116806,1,1,234,174,180,180
B,2593,0.28571427,0.26768648,0.27670038,1,1,234,174,180,180
B,2594,0.27333055,0.27677097,0.27505076,1,1,234,174,180,180
B,2595,0.28997541,0.29388370,0.29192955,1,1,234,174,180,180
B,2596,0.28557144,0.26637572,0.27597358,1,1,234,174,180,180
B,2597,0.29272672,0.27569820,0.28421246,1,1,234,174,180,180
B,2598,0.26897756,0.26895474,0.26896615,1,1,234,174,180,180
B,2599,0.28797017,0.28553225,0.28675121,1,1,234,174,180,180
B,2600,0.30257627,0.30448905,0.30353266,1,1,234,174,180,180
B,2601,0.31943827,0.30378649,0.31161238,1,1,234,174,180,180
B,2602,0.26214331,0.27677097,0.26945714,1,1,234,174,180,180
B,2603,0.29272672,0.29292934,0.29282803,1,1,234,174,180,180
B,2604,0.29938947,0.30337802,0.30138374,1,1,234,174,180,180
B,2605,0.27641362,0.28553225,0.28097293,1,1,234,174,180,180
B,2606,0.29488833,0.26768648,0.28128741,1,1,234,174,180,180
B,2607,0.29272672,0.25800784,0.27536728,1,1,234,174,180,180
B,2608,0.27641362,0.26768648,0.27205005,1,1,234,174,180,180
B,2609,0.29272672,0.26717645,0.27995158,1,1,234,174,180,180
B,2610,0.27333055,0.28609713,0.27971384,1,1,234,174,180,180
B,2611,0.31659439,0.28553225,0.30106332,1,1,234,174,180,180
B,2612,0.20948268,0.20782984,0.20865626,1,1,234,174,180,180
B,2613,0.14603910,0.17401760,0.16002835,1,1,234,174,180,180
B,2614,0.18742047,0.17401760,0.18071903,1,1,234,174,180,180
B,2615,0.27641362,0.25969164,0.26805263,1,1,234,174,180,180
B,2616,0.28797017,0.31562406,0.30179712,1,1,234,174,180,180
B,2617,0.29473316,0.27520836,0.28497076,1,1,234,174,180,180
B,2618,0.28348121,0.30378649,0.29363385,1,1,234,174,180,180
B,2619,0.26022172,0.25110898,0.25566535,1,1,234,174,180,180
B,2620,0.27641362,0.29336155,0.28488758,1,1,234,174,180,180
B,2621,0.29272672,0.30448905,0.29860789,1,1,234,174,180,180
B,2622,0.26535612,0.24984072,0.25759842,1,1,234,174,180,180
B,2623,0.27641362,0.27569820,0.27605591,1,1,234,174,180,180
B,2624,0.27845477,0.24984072,0.26414774,1,1,234,174,180,180
B,2625,0.27534894,0.25846706,0.26690800,1,1,234,174,180,180
B,2626,0.30257627,0.29724541,0.29991084,1,1,234,174,180,180
B,2627,0.27534894,0.24984072,0.26259483,1,1,234,174,180,180
B,2628,0.27641362,0.26785714,0.27213538,1,1,234,174,180,180
B,2629,0.27845477,0.27873958,0.27859717,1,1,234,174,180,180
B,2630,0.29488833,0.25126907,0.27307870,1,1,234,174,180,180
B,2631,0.30257627,0.33995961,0.32126794,1,1,234,174,180,180
B,2632,0.26897756,0.29629630,0.28263693,1,1,234,174,180,180
B,2633,0.25713866,0.25126907,0.25420386,1,1,234,174,180,180
B,2634,0.29488833,0.28682603,0.29085718,1,1,234,174,180,180
B,2635,0.25058242,0.29629630,0.27343936,1,1,234,174,180,180
B,2636,0.28997541,0.32122378,0.30559960,1,1,234,174,180,180
B,2637,0.26022172,0.28553225,0.27287699,1,1,234,174,180,180
B,2638,0.26897756,0.27586207,0.27241982,1,1,234,174,180,180
B,2639,0.27110131,0.28571429,0.27840780,1,1,234,174,180,180
B,2640,0.28571427,0.26785714,0.27678571,1,1,234,174,180,180
B,2641,0.30496531,0.28664329,0.29580430,1,1,234,174,180,180
B,2642,0.28797017,0.26785714,0.27791366,1,1,234,174,180,180
B,2643,0.25713866,0.25126907,0.25420386,1,1,234,174,180,180
B,2644,0.26897756,0.25000000,0.25948878,1,1,234,174,180,180
B,2645,0.25224085,0.26903185,0.26063635,1,1,234,174,180,180
B,2646,0.28797017,0.27873958,0.28335488,1,1,234,174,180,180
B,2647,0.28797017,0.25925926,0.27361472,1,1,234,174,180,180
B,2648,0.28571427,0.29629630,0.29100528,1,1,234,174,180,180
B,2649,0.24402983,0.26785714,0.25594349,1,1,234,174,180,180
B,2650,0.25058242,0.25000000,0.25029121,1,1,234,174,180,180
B,2651,0.27845477,0.28553225,0.28199351,1,1,261,178,150,150
B,2652,0.27845477,0.25110898,0.26478187,1,1,261,178,150,150
B,2653,0.31132190,0.26912621,0.29022405,1,1,261,178,150,150
B,2654,0.28571427,0.31481481,0.30026454,1,1,261,178,150,150
B,2655,0.29272672,0.28571429,0.28922050,1,1,261,178,150,150
B,2656,0.28851050,0.29629630,0.29240340,1,1,261,178,150,150
B,2657,0.28571427,0.27777778,0.28174602,1,1,261,178,150,150
B,2658,0.27641362,0.28682603,0.28161982,1,1,261,178,150,150
B,2659,0.27333055,0.28571429,0.27952242,1,1,261,178,150,150
B,2660,0.28571427,0.31481481,0.30026454,1,1,254,174,180,180
B,2661,0.28140463,0.28664329,0.28402396,1,1,261,178,150,150
B,2662,0.28797017,0.30888957,0.29842987,1,1,254,174,180,180
B,2663,0.27641362,0.29629630,0.28635496,1,1,254,174,180,180
B,2664,0.28797017,0.28982823,0.28889920,1,1,254,154,180,180
B,2665,0.27534894,0.30888957,0.29211925,1,1,261,178,150,150
B,2666,0.29814238,0.29744922,0.29779580,1,1,254,174,180,180
B,2667,0.28571427,0.32798818,0.30685123,1,1,254,154,180,180
B,2668,0.28797017,0.32098846,0.30447931,1,1,254,154,180,180
B,2669,0.28154625,0.32098846,0.30126735,1,1,254,154,180,180
B,2670,0.28345390,0.26039679,0.27192534,1,1,254,154,180,180
B,2671,0.29178250,0.31596774,0.30387512,1,1,254,154,180,180
B,2672,0.28992135,0.32798818,0.30895477,1,1,254,154,180,180
B,2673,0.27224310,0.28824841,0.28024576,1,1,254,154,180,180
B,2674,0.27534894,0.26039679,0.26787286,1,1,254,154,180,180
B,2675,0.28797017,0.28824841,0.28810929,1,1,254,154,180,180
B,2676,0.26602970,0.28944479,0.27773725,1,1,254,154,180,180
B,2677,0.25712567,0.23059873,0.24386220,1,1,254,174,180,180
B,2678,0.28992135,0.28961409,0.28976772,1,1,254,154,180,180
B,2679,0.25228028,0.25062629,0.25145328,1,1,254,174,180,180
B,2680,0.25906389,0.23923567,0.24914978,1,1,254,174,180,180
B,2681,0.26025117,0.26903185,0.26464151,1,1,254,174,180,180
B,2682,0.25000000,0.23167641,0.24083820,1,1,254,174,180,180
B,2683,0.26512596,0.25979224,0.26245910,1,1,254,174,180,180
B,2684,0.25595504,0.25140570,0.25368037,1,1,254,174,180,180
B,2685,0.24383644,0.23218914,0.23801279,1,1,254,174,180,180
B,2686,0.22578593,0.23155292,0.22866942,1,1,254,174,180,180
B,2687,0.25550805,0.24981529,0.25266167,1,1,254,174,180,180
B,2688,0.24028467,0.25062629,0.24545548,1,1,254,174,180,180
B,2689,0.25228028,0.26843775,0.26035901,1,1,254,174,180,180
B,2690,0.25861388,0.24981529,0.25421459,1,1,254,174,180,180
B,2691,0.25751310,0.25172422,0.25461866,1,1,254,174,180,180
B,2692,0.25374685,0.26980042,0.26177363,1,1,254,174,180,180
B,2693,0.27709217,0.28944479,0.28326848,1,1,254,174,180,180
B,2694,0.28668762,0.25979224,0.27323993,1,1,254,174,180,180
B,2695,0.23699473,0.24189096,0.23944284,1,1,254,174,180,180
B,2696,0.23454147,0.23059873,0.23257010,1,1,254,174,180,180
B,2697,0.26214331,0.27977626,0.27095978,1,1,254,174,180,180
B,2698,0.30703164,0.28761188,0.29732176,1,1,254,174,180,180
B,2699,0.31504349,0.29786304,0.30645327,1,1,254,174,180,180
B,2700,0.27936804,0.30170261,0.29053532,1,1,254,174,180,180
B,2701,0.26131953,0.29065918,0.27598936,1,1,254,174,180,180
B,2702,0.28992135,0.28194194,0.28593164,1,1,254,174,180,180
B,2703,0.28992135,0.32098846,0.30545490,1,1,254,174,180,180
B,2704,0.28345390,0.29976028,0.29160709,1,1,254,174,180,180
B,2705,0.27293819,0.29904459,0.28599139,1,1,254,174,180,180
B,2706,0.33036573,0.35294329,0.34165451,1,1,254,174,180,180
B,2707,0.28992135,0.28897454,0.28944795,1,1,254,174,180,180
B,2708,0.30030929,0.34002138,0.32016534,1,1,254,174,180,180
B,2709,0.29361011,0.30746497,0.30053754,1,1,254,174,180,180
B,2710,0.27534894,0.25140570,0.26337732,1,1,254,174,180,180
B,2711,0.25751310,0.25979224,0.25865267,1,1,254,174,180,180
B,2712,0.25751310,0.24981529,0.25366419,1,1,254,174,180,180
B,2713,0.23490680,0.23980822,0.23735751,1,1,254,174,180,180
B,2714,0.24860551,0.26843775,0.25852163,1,1,254,174,180,180
B,2715,0.25906389,0.24926363,0.25416376,1,1,254,174,180,180
B,2716,0.25228028,0.23218914,0.24223471,1,1,254,174,180,180
B,2717,0.20670070,0.21297258,0.20983664,1,1,254,174,180,180
B,2718,0.21810904,0.23069072,0.22439988,1,1,254,174,180,180
B,2719,0.21933247,0.21297258,0.21615253,1,1,254,174,180,180
B,2720,0.14084260,0.11293849,0.12689054,1,1,254,174,180,180
B,2721,0.13623124,0.11403806,0.12513465,1,1,254,174,180,180
B,2722,0.11180340,0.09996936,0.10588638,1,1,254,174,180,180
B,2723,0.18219950,0.18505830,0.18362890,1,1,254,174,180,180
B,2724,0.14577379,0.15260298,0.14918839,1,1,254,174,180,180
B,2725,0.19766785,0.20467559,0.20117172,1,1,261,194,150,151
B,2726,0.21505814,0.18650790,0.20078302,1,1,261,194,150,151
B,2727,0.21933247,0.20467559,0.21200403,1,1,261,194,150,151
B,2728,0.22704445,0.23167641,0.22936043,1,1,261,194,150,151
B,2729,0.20000001,0.20314714,0.20157357,1,1,261,194,150,151
B,2730,0.20778321,0.22314351,0.21546336,1,1,261,194,150,151
B,2731,0.20778321,0.19769311,0.20273816,1,1,234,174,180,180
B,2732,0.18617454,0.19678022,0.19147738,1,1,234,174,180,180
B,2733,0.23963862,0.24032926,0.23998394,1,1,234,174,180,180
B,2734,0.17635358,0.16748166,0.17191762,1,1,234,174,180,180
B,2735,0.21080892,0.18769751,0.19925321,1,1,234,174,180,180
B,2736,0.20098014,0.17489492,0.18793753,1,1,234,174,180,180
B,2737,0.20778321,0.19766785,0.20272553,1,1,234,174,180,180
B,2738,0.20394148,0.19397706,0.19895927,1,1,234,174,180,180
B,2739,0.23246059,0.23252907,0.23249483,1,1,234,174,180,180
B,2740,0.21814250,0.21385855,0.21600053,1,1,234,174,180,180
B,2741,0.20306472,0.20098014,0.20202243,1,1,244,194,151,151
B,2742,0.20863703,0.18998622,0.19931163,1,1,244,194,151,151
B,2743,0.19900743,0.17327174,0.18613959,1,1,244,194,151,151
B,2744,0.21618678,0.20670070,0.21144374,1,1,244,194,151,151
B,2745,0.19955703,0.18382737,0.19169220,1,1,244,194,151,151
B,2746,0.20093335,0.20000001,0.20046668,1,1,244,194,151,151
B,2747,0.21057452,0.19264303,0.20160877,1,1,244,194,151,151
B,2748,0.21773020,0.20277295,0.21025157,1,1,244,194,151,151
B,2749,0.21618678,0.20277295,0.20947986,1,1,244,194,151,151
B,2750,0.20782984,0.19137209,0.19960096,1,1,244,194,151,151
B,2751,0.20264620,0.18742047,0.19503334,1,1,244,194,151,151
B,2752,0.25062813,0.20277295,0.22670054,1,1,244,194,151,151
B,2753,0.22503036,0.22086305,0.22294670,1,1,244,194,151,151
B,2754,0.24984072,0.23778887,0.24381479,1,1,244,194,151,151
B,2755,0.23326321,0.22086305,0.22706313,1,1,244,194,151,151
B,2756,0.25110898,0.21385855,0.23248377,1,1,244,194,151,151
B,2757,0.22400479,0.24693239,0.23546859,1,1,244,194,151,151
B,2758,0.25986337,0.24215988,0.25101163,1,1,244,194,151,151
B,2759,0.25189637,0.25595504,0.25392570,1,1,244,194,151,151
B,2760,0.26955121,0.27224310,0.27089716,1,1,244,194,151,151
B,2761,0.27653315,0.26768334,0.27210825,1,1,244,194,151,151
B,2762,0.28629917,0.27534894,0.28082405,1,1,244,194,151,151
B,2763,0.26740820,0.26352315,0.26546567,1,1,244,194,151,151
B,2764,0.27735010,0.24255155,0.25995082,1,1,244,194,151,151
B,2765,0.27653315,0.24732412,0.26192863,1,1,244,194,151,151
B,2766,0.31151473,0.29773924,0.30462699,1,1,244,194,151,151
B,2767,0.25907871,0.26810958,0.26359414,1,1,244,194,151,151
B,2768,0.27653315,0.28838223,0.28245769,1,1,244,194,151,151
B,2769,0.27653315,0.25181451,0.26417383,1,1,244,194,151,151
B,2770,0.26030111,0.28901088,0.27465599,1,1,244,194,151,151
B,2771,0.25110098,0.26652950,0.25881524,1,1,244,194,151,151
B,2772,0.28629917,0.28034054,0.28331986,1,1,244,194,151,151
B,2773,0.27653315,0.26352315,0.27002815,1,1,244,194,151,151
B,2774,0.28629917,0.26752193,0.27691055,1,1,244,194,151,151
B,2775,0.27653315,0.27399960,0.27526638,1,1,244,194,151,151
B,2776,0.27854334,0.25712567,0.26783450,1,1,244,194,151,151
B,2777,0.25953438,0.28345390,0.27149414,1,1,244,194,151,151
B,2778,0.31059715,0.29236377,0.30148046,1,1,244,194,151,151
B,2779,0.27540147,0.24860551,0.26200349,1,1,244,194,151,151
B,2780,0.25847227,0.24860551,0.25353889,1,1,244,194,151,151
B,2781,0.24154307,0.27556160,0.25855234,1,1,244,194,151,151
B,2782,0.29356515,0.27396668,0.28376591,1,1,244,194,151,151
B,2783,0.28583043,0.28504386,0.28543714,1,1,244,194,151,151
B,2784,0.25953438,0.24154307,0.25053873,1,1,244,194,151,151
B,2785,0.21600524,0.20495609,0.21048067,1,1,244,194,151,151
B,2786,0.20863703,0.18928998,0.19896351,1,1,244,194,151,151
B,2787,0.24154307,0.22208649,0.23181478,1,1,244,194,151,151
B,2788,0.24253562,0.24154307,0.24203934,1,1,244,194,151,151
B,2789,0.26204264,0.23363466,0.24783865,1,1,244,194,151,151
B,2790,0.26638450,0.24097164,0.25367807,1,1,244,194,151,151
B,2791,0.25304857,0.26652950,0.25978904,1,1,244,194,151,151
B,2792,0.27653315,0.24154307,0.25903811,1,1,244,194,151,151
B,2793,0.24131681,0.24028467,0.24080074,1,1,244,194,151,151
B,2794,0.25110098,0.24028467,0.24569283,1,1,244,194,151,151
B,2795,0.25063053,0.24860551,0.24961802,1,1,244,194,151,151
B,2796,0.23155292,0.22324958,0.22740125,1,1,244,194,151,151
B,2797,0.22238633,0.22285519,0.22262076,1,1,244,194,151,151
B,2798,0.23429291,0.24095954,0.23762623,1,1,234,174,180,180
B,2799,0.24936468,0.20495609,0.22716039,1,1,244,194,151,151
B,2800,0.22360155,0.21359509,0.21859832,1,1,234,174,180,180
B,2801,0.25063053,0.23252907,0.24157980,1,1,234,174,180,180
B,2802,0.20863703,0.21213203,0.21038453,1,1,234,174,180,180
B,2803,0.21562615,0.18587503,0.20075059,1,1,234,174,180,180
B,2804,0.21374116,0.22133909,0.21754013,1,1,234,174,180,180
B,2805,0.17988134,0.20331831,0.19159983,1,1,234,174,180,180
B,2806,0.23429291,0.22285519,0.22857405,1,1,234,174,180,180
B,2807,0.25953438,0.25000000,0.25476719,1,1,234,174,180,180
B,2808,0.25189637,0.24095954,0.24642795,1,1,234,174,180,180
B,2809,0.22503036,0.23814158,0.23158597,1,1,234,174,180,180
B,2810,0.24325213,0.24874369,0.24599791,1,1,234,174,180,180
B,2811,0.24123593,0.22980970,0.23552282,1,1,234,174,180,180
B,2812,0.23458242,0.25591818,0.24525030,1,1,234,174,180,180
B,2813,0.26859274,0.24154307,0.25506791,1,1,234,174,180,180
B,2814,0.23438761,0.25000000,0.24219381,1,1,234,174,180,180
B,2815,0.23399837,0.24983914,0.24191876,1,1,234,174,180,180
B,2816,0.25166346,0.24131681,0.24649014,1,1,234,174,180,180
B,2817,0.25189637,0.25906389,0.25548013,1,1,234,174,180,180
B,2818,0.23453251,0.23355311,0.23404281,1,1,234,174,180,180
B,2819,0.23335392,0.25846667,0.24591030,1,1,234,174,180,180
B,2820,0.26814670,0.27546544,0.27180607,1,1,234,174,180,180
B,2821,0.24542291,0.24875929,0.24709110,1,1,234,174,180,180
B,2822,0.25443710,0.24944629,0.25194169,1,1,234,174,180,180
B,2823,0.26814670,0.24131681,0.25473176,1,1,234,174,180,180
B,2824,0.27120580,0.25846667,0.26483624,1,1,234,174,180,180
B,2825,0.25097036,0.24325213,0.24711124,1,1,234,174,180,180
B,2826,0.25000958,0.24253562,0.24627260,1,1,234,174,180,180
B,2827,0.24630687,0.23335392,0.23983040,1,1,234,174,180,180
B,2828,0.26942349,0.27540147,0.27241248,1,1,234,174,180,180
B,2829,0.25953438,0.23355311,0.24654375,1,1,234,174,180,180
B,2830,0.25953438,0.26870008,0.26411723,1,1,234,174,180,180
B,2831,0.26740820,0.28279143,0.27509982,1,1,234,174,180,180
B,2832,0.24511344,0.23082177,0.23796761,1,1,234,174,180,180
B,2833,0.25097036,0.25000958,0.25048997,1,1,234,174,180,180
B,2834,0.22314351,0.23355311,0.22834831,1,1,234,174,180,180
B,2835,0.25189637,0.23208362,0.24198999,1,1,234,174,180,180
B,2836,0.24983914,0.25110098,0.25047006,1,1,234,174,180,180
B,2837,0.25110098,0.23355311,0.24232705,1,1,234,174,180,180
B,2838,0.24154307,0.25831558,0.24992933,1,1,234,174,180,180
B,2839,0.26870008,0.24154307,0.25512157,1,1,234,174,180,180
B,2840,0.28629917,0.28504386,0.28567151,1,1,234,174,180,180
B,2841,0.26955121,0.25953438,0.26454280,1,1,234,174,180,180
B,2842,0.23217534,0.24154307,0.23685920,1,1,234,174,180,180
B,2843,0.24542291,0.25000958,0.24771624,1,1,234,174,180,180
B,2844,0.27653315,0.24253562,0.25953438,1,1,234,174,180,180
B,2845,0.25097036,0.23335392,0.24216214,1,1,234,174,180,180
B,2846,0.24295090,0.26740820,0.25517955,1,1,234,174,180,180
B,2847,0.26942349,0.23399837,0.25171093,1,1,234,174,180,180
B,2848,0.26638450,0.23363466,0.25000958,1,1,234,174,180,180
B,2849,0.25097036,0.24883551,0.24990293,1,1,234,174,180,180
B,2850,0.26638450,0.26740820,0.26689635,1,1,234,174,180,180
B,2851,0.24253562,0.20863703,0.22558633,1,1,234,174,180,180
B,2852,0.23335392,0.24253562,0.23794477,1,1,234,174,180,180
B,2853,0.23453251,0.24131681,0.23792466,1,1,234,174,180,180
B,2854,0.23246059,0.26743823,0.24994941,1,1,234,174,180,180
B,2855,0.26638450,0.27540147,0.27089299,1,1,234,174,180,180
B,2856,0.25886350,0.26638450,0.26262400,1,1,234,174,180,180
B,2857,0.28387819,0.25619512,0.27003665,1,1,234,174,180,180
B,2858,0.23363466,0.21696392,0.22529929,1,1,234,174,180,180
B,2859,0.25847227,0.27327479,0.26587353,1,1,234,174,180,180
B,2860,0.23355311,0.23926831,0.23641071,1,1,234,174,180,180
B,2861,0.27653315,0.23399837,0.25526576,1,1,234,174,180,180
B,2862,0.28504386,0.24983914,0.26744150,1,1,234,174,180,180
B,2863,0.25000000,0.24131681,0.24565841,1,1,234,174,180,180
B,2864,0.22466314,0.22533797,0.22500056,1,1,234,174,180,180
B,2865,0.25000000,0.23217534,0.24108767,1,1,234,174,180,180
B,2866,0.25110098,0.23335392,0.24222745,1,1,234,174,180,180
B,2867,0.24131681,0.21874494,0.23003088,1,1,234,174,180,180
B,2868,0.25953438,0.23335392,0.24644415,1,1,234,174,180,180
B,2869,0.25847227,0.25907871,0.25877549,1,1,234,174,180,180
B,2870,0.22956742,0.24131681,0.23544212,1,1,234,174,180,180
B,2871,0.23363466,0.20782984,0.22073225,1,1,234,174,180,180
B,2872,0.23363466,0.24202972,0.23783219,1,1,234,174,180,180
B,2873,0.25693857,0.22475645,0.24084751,1,1,234,174,180,180
B,2874,0.25176504,0.23335392,0.24255948,1,1,234,174,180,180
B,2875,0.25576325,0.27439773,0.26508049,1,1,234,174,180,180
B,2876,0.26508540,0.27627923,0.27068232,1,1,234,174,180,180
B,2877,0.27540147,0.28408833,0.27974490,1,1,234,174,180,180
B,2878,0.26810958,0.26717645,0.26764301,1,1,234,174,180,180
B,2879,0.27106061,0.24857729,0.25981895,1,1,234,174,180,180
B,2880,0.26810958,0.26717645,0.26764301,1,1,234,174,180,180
B,2881,0.26508540,0.28519375,0.27513958,1,1,234,174,180,180
B,2882,0.30043800,0.27627923,0.28835861,1,1,234,174,180,180
B,2883,0.25712567,0.26028961,0.25870764,1,1,234,174,180,180
B,2884,0.25346305,0.25831558,0.25588932,1,1,234,174,180,180
B,2885,0.26508540,0.25048162,0.25778351,1,1,234,174,180,180
B,2886,0.27811149,0.24944629,0.26377889,1,1,234,174,180,180
B,2887,0.28411108,0.26607604,0.27509356,1,1,234,174,180,180
B,2888,0.25533427,0.25907871,0.25720649,1,1,234,174,180,180
B,2889,0.30043800,0.26717645,0.28380722,1,1,234,174,180,180
B,2890,0.28411108,0.27439773,0.27925440,1,1,234,174,180,180
B,2891,0.28443650,0.25800784,0.27122217,1,1,234,174,180,180
B,2892,0.28678695,0.29249744,0.28964219,1,1,234,174,180,180
B,2893,0.24097164,0.25923025,0.25010094,1,1,234,174,180,180
B,2894,0.27709217,0.24080732,0.25894974,1,1,234,174,180,180
B,2895,0.26652950,0.25923025,0.26287987,1,1,234,174,180,180
B,2896,0.26508540,0.27520836,0.27014688,1,1,234,174,180,180
B,2897,0.28583043,0.27439773,0.28011408,1,1,234,174,180,180
B,2898,0.25824720,0.27439773,0.26632246,1,1,234,174,180,180
B,2899,0.26652950,0.25724787,0.26188868,1,1,234,174,180,180
B,2900,0.26508540,0.26759466,0.26634003,1,1,234,174,180,180
B,2901,0.25657983,0.25084563,0.25371273,1,1,234,174,180,180
B,2902,0.27396668,0.25724787,0.26560727,1,1,234,174,180,180
B,2903,0.26810958,0.29240889,0.28025923,1,1,234,174,180,180
B,2904,0.24860551,0.26117585,0.25489068,1,1,234,174,180,180
B,2905,0.22349268,0.24080732,0.23215000,1,1,234,174,180,180
B,2906,0.27534894,0.25907871,0.26721382,1,1,234,174,180,180
B,2907,0.27224310,0.24202972,0.25713641,1,1,234,174,180,180
B,2908,0.28154625,0.28498821,0.28326723,1,1,234,174,180,180
B,2909,0.26352315,0.27546544,0.26949429,1,1,234,174,180,180
B,2910,0.26025117,0.24936468,0.25480792,1,1,234,174,180,180
B,2911,0.27534894,0.26534324,0.27034609,1,1,234,174,180,180
B,2912,0.24230242,0.24202972,0.24216607,1,1,234,174,180,180
B,2913,0.26652950,0.29240889,0.27946919,1,1,234,174,180,180
B,2914,0.26652950,0.28519375,0.27586162,1,1,234,174,180,180
B,2915,0.28021766,0.26717645,0.27369705,1,1,234,174,180,180
B,2916,0.24879034,0.24936468,0.24907751,1,1,234,174,180,180
B,2917,0.27709217,0.24057579,0.25883398,1,1,234,174,180,180
B,2918,0.25824720,0.27520836,0.26672778,1,1,234,174,180,180
B,2919,0.26508540,0.26039679,0.26274109,1,1,234,174,180,180
B,2920,0.27845477,0.26633281,0.27239379,1,1,234,174,180,180
B,2921,0.26652950,0.24936468,0.25794709,1,1,234,174,180,180
B,2922,0.27106061,0.30279997,0.28693029,1,1,234,174,180,180
B,2923,0.25533427,0.29154759,0.27344093,1,1,234,174,180,180
B,2924,0.27086605,0.28362684,0.27724645,1,1,234,174,180,180
B,2925,0.30135024,0.32159825,0.31147425,1,1,234,174,180,180
B,2926,0.26652950,0.30279997,0.28466473,1,1,234,174,180,180
B,2927,0.26652950,0.27677097,0.27165024,1,1,234,174,180,180
B,2928,0.26508540,0.26717645,0.26613092,1,1,234,174,180,180
B,2929,0.29084061,0.27520836,0.28302448,1,1,234,174,180,180
B,2930,0.26652950,0.26717645,0.26685297,1,1,234,174,180,180
B,2931,0.28065502,0.30960941,0.29513221,1,1,234,174,180,180
B,2932,0.28678695,0.27520836,0.28099766,1,1,234,174,180,180
B,2933,0.28141232,0.29240889,0.28691061,1,1,234,174,180,180
B,2934,0.28348121,0.27439773,0.27893947,1,1,234,174,180,180
B,2935,0.27657302,0.29240889,0.28449095,1,1,234,174,180,180
B,2936,0.27709217,0.26717645,0.27213431,1,1,234,174,180,180
B,2937,0.26953585,0.25800784,0.26377184,1,1,234,174,180,180
B,2938,0.25533427,0.25800784,0.25667106,1,1,234,174,180,180
B,2939,0.26953585,0.27520836,0.27237211,1,1,234,174,180,180
B,2940,0.26953585,0.28664329,0.27808957,1,1,234,174,180,180
B,2941,0.27534894,0.27627923,0.27581408,1,1,234,174,180,180
B,2942,0.26652950,0.25048162,0.25850556,1,1,234,174,180,180
B,2943,0.23646336,0.24143354,0.23894845,1,1,234,174,180,180
B,2944,0.18780241,0.18488097,0.18634169,1,1,234,174,180,180
B,2945,0.18780758,0.19478195,0.19129476,1,1,234,174,180,180
B,2946,0.25176504,0.25993762,0.25585133,1,1,234,174,180,180
B,2947,0.19756475,0.20782984,0.20269729,1,1,234,174,180,180
B,2948,0.22466314,0.23199495,0.22832905,1,1,234,174,180,180
B,2949,0.23249528,0.20640627,0.21945078,1,1,234,174,180,180
B,2950,0.26380294,0.23199495,0.24789894,1,1,234,174,180,180
B,2951,0.26508540,0.24246051,0.25377295,1,1,234,174,180,180
B,2952,0.26810958,0.26717645,0.26764301,1,1,234,174,180,180
B,2953,0.28276020,0.27616103,0.27946061,1,1,234,174,180,180
B,2954,0.27396668,0.31395466,0.29396067,1,1,234,174,180,180
B,2955,0.27396668,0.30378649,0.28887658,1,1,234,174,180,180
B,2956,0.26810958,0.30378649,0.28594803,1,1,234,174,180,180
B,2957,0.25712567,0.26828537,0.26270552,1,1,234,174,180,180
B,2958,0.25712567,0.30279997,0.27996282,1,1,234,174,180,180
B,2959,0.25712567,0.26828537,0.26270552,1,1,234,174,180,180
B,2960,0.22349268,0.24984072,0.23666670,1,1,234,174,180,180
B,2961,0.26161413,0.26717645,0.26439529,1,1,234,174,180,180
B,2962,0.23123203,0.24057579,0.23590391,1,1,234,174,180,180
B,2963,0.26380294,0.26717645,0.26548969,1,1,234,174,180,180
B,2964,0.24383644,0.25110898,0.24747271,1,1,234,174,180,180
B,2965,0.22365932,0.23347192,0.22856562,1,1,234,174,180,180
B,2966,0.23249528,0.24080732,0.23665130,1,1,234,174,180,180
B,2967,0.20778321,0.19642857,0.20210589,1,1,234,174,180,180
B,2968,0.25525114,0.24080732,0.24802923,1,1,234,174,180,180
B,2969,0.27540147,0.27439773,0.27489960,1,1,234,174,180,180
B,2970,0.24028467,0.23302707,0.23665587,1,1,234,174,180,180
B,2971,0.26810958,0.27520836,0.27165897,1,1,234,174,180,180
B,2972,0.26352315,0.25831558,0.26091936,1,1,234,174,180,180
B,2973,0.24738821,0.24325213,0.24532017,1,1,234,174,180,180
B,2974,0.26508540,0.28498821,0.27503681,1,1,234,174,180,180
B,2975,0.27534894,0.25063053,0.26298973,1,1,234,174,180,180
B,2976,0.26810958,0.23399837,0.25105397,1,1,234,174,180,180
B,2977,0.25968373,0.25907871,0.25938122,1,1,234,174,180,180
B,2978,0.26652950,0.24944629,0.25798789,1,1,234,174,180,180
B,2979,0.26508540,0.27643077,0.27075809,1,1,234,174,180,180
B,2980,0.26025117,0.25048162,0.25536639,1,1,234,174,180,180
B,2981,0.27534894,0.27439773,0.27487333,1,1,234,174,180,180
B,2982,0.26352315,0.26711137,0.26531726,1,1,234,174,180,180
B,2983,0.22760091,0.21521531,0.22140811,1,1,234,174,180,180
B,2984,0.26508540,0.26711137,0.26609839,1,1,234,174,180,180
B,2985,0.23593191,0.27520836,0.25557014,1,1,234,174,180,180
B,2986,0.25968373,0.25800784,0.25884579,1,1,234,174,180,180
B,2987,0.26810958,0.26711137,0.26761047,1,1,234,174,180,180
B,2988,0.25074049,0.24944629,0.25009339,1,1,234,174,180,180
B,2989,0.24879034,0.27520836,0.26199935,1,1,234,174,180,180
B,2990,0.24583185,0.21374116,0.22978650,1,1,261,194,150,151
B,2991,0.23795784,0.28609713,0.26202749,1,1,234,174,180,180
B,2992,0.25181451,0.25907871,0.25544661,1,1,234,174,180,180
B,2993,0.24230242,0.22360680,0.23295461,1,1,234,174,180,180
B,2994,0.27709217,0.27439773,0.27574495,1,1,234,174,180,180
B,2995,0.26508540,0.26711137,0.26609839,1,1,234,174,180,180
B,2996,0.26508540,0.25800784,0.26154662,1,1,234,174,180,180
B,2997,0.22518868,0.22589738,0.22554303,1,1,234,174,180,180
B,2998,0.23809140,0.25048162,0.24428651,1,1,234,174,180,180
B,2999,0.28678695,0.25048162,0.26863428,1,1,234,174,180,180
B,3000,0.25033047,0.25048162,0.25040604,1,1,234,174,180,180
B,3001,0.26352315,0.23217534,0.24784924,1,1,234,174,180,180
B,3002,0.22394297,0.24253562,0.23323929,1,1,234,174,180,180
B,3003,0.26025117,0.24325213,0.25175165,1,1,234,174,180,180
B,3004,0.31050371,0.27653315,0.29351843,1,1,234,174,180,180
B,3005,0.23249528,0.27439773,0.25344650,1,1,261,194,150,151
B,3006,0.26810958,0.24944629,0.25877793,1,1,261,194,150,151
B,3007,0.31050371,0.32061174,0.31555772,1,1,234,174,180,180
B,3008,0.27396668,0.28519375,0.27958021,1,1,234,174,180,180
B,3009,0.27709217,0.28408833,0.28059025,1,1,234,174,180,180
B,3010,0.27540147,0.27520836,0.27530492,1,1,234,174,180,180
B,3011,0.26623767,0.24944629,0.25784198,1,1,234,174,180,180
B,3012,0.29866740,0.30964730,0.30415735,1,1,234,174,180,180
B,3013,0.26810958,0.27439773,0.27125365,1,1,234,174,180,180
B,3014,0.29084061,0.26607604,0.27845832,1,1,234,174,180,180
B,3015,0.28411108,0.27520836,0.27965972,1,1,234,174,180,180
B,3016,0.28713525,0.27439773,0.28076649,1,1,234,174,180,180
B,3017,0.26352315,0.27520836,0.26936576,1,1,234,174,180,180
B,3018,0.26352315,0.27439773,0.26896044,1,1,234,174,180,180
B,3019,0.24732412,0.24246051,0.24489231,1,1,234,174,180,180
B,3020,0.26810958,0.30964730,0.28887844,1,1,234,174,180,180
B,3021,0.26352315,0.29240889,0.27796602,1,1,234,174,180,180
B,3022,0.26768334,0.26607604,0.26687969,1,1,234,174,180,180
B,3023,0.25533427,0.24944629,0.25239028,1,1,234,174,180,180
B,3024,0.23454147,0.24944629,0.24199388,1,1,234,174,180,180
B,3025,0.25903748,0.23399837,0.24651792,1,1,234,174,180,180
B,3026,0.26953585,0.28270579,0.27612082,1,1,234,174,180,180
B,3027,0.26508540,0.23335392,0.24921966,1,1,234,174,180,180
B,3028,0.26953585,0.25686452,0.26320018,1,1,234,174,180,180
B,3029,0.26652950,0.24875929,0.25764439,1,1,234,174,180,180
B,3030,0.28544305,0.27480720,0.28012512,1,1,234,174,180,180
B,3031,0.28411108,0.26740820,0.27575964,1,1,234,174,180,180
B,3032,0.27854334,0.25619512,0.26736923,1,1,234,174,180,180
B,3033,0.23252907,0.22360680,0.22806793,1,1,234,174,180,180
B,3034,0.22482920,0.26117585,0.24300252,1,1,234,194,180,180
B,3035,0.24032926,0.23281653,0.23657289,1,1,244,194,151,151
B,3036,0.19756475,0.21038628,0.20397552,1,1,244,194,151,151
B,3037,0.20272623,0.20356413,0.20314518,1,1,244,194,151,151
B,3038,0.25174136,0.23335392,0.24254764,1,1,234,194,180,180
B,3039,0.26843294,0.28986175,0.27914734,1,1,234,194,180,180
B,3040,0.24171970,0.26607604,0.25389787,1,1,234,194,180,180
B,3041,0.23809140,0.24202972,0.24006056,1,1,234,194,180,180
B,3042,0.29773924,0.27520836,0.28647380,1,1,234,194,180,180
B,3043,0.23112509,0.25969164,0.24540837,1,1,234,194,180,180
B,3044,0.25374685,0.23399837,0.24387261,1,1,234,194,180,180
B,3045,0.23225399,0.25886350,0.24555874,1,1,234,194,180,180
B,3046,0.33333334,0.29919837,0.31626585,1,1,234,194,180,180
B,3047,,,,0,0,,,,
B,3048,,,,0,0,,,,
B,3049,,,,0,0,,,,
B,3050,,,,0,0,,,,
B,3051,,,,0,0,,,,
B,3052,,,,0,0,,,,
B,3053,,,,0,0,,,,
B,3054,,,,0,0,,,,
B,3055,,,,0,0,,,,
B,3056,,,,0,0,,,,
B,3057,,,,0,0,,,,
B,3058,,,,0,0,,,,
B,3059,0.30253485,0.35158726,0.32706106,1,1,234,194,180,180
B,3060,0.33093087,0.34378795,0.33735941,1,1,234,194,180,180
B,3061,0.38646273,0.41776795,0.40211534,1,1,234,194,180,180
B,3062,0.32241248,0.34922480,0.33581864,1,1,234,194,180,180
B,3063,0.31163340,0.33314830,0.32239085,1,1,234,194,180,180
B,3064,0.33043786,0.35780537,0.34412162,1,1,234,194,180,180
B,3065,0.34311341,0.37908503,0.36109922,1,1,234,194,180,180
B,3066,0.26659838,0.38946186,0.32803012,1,1,234,194,180,180
B,3067,,,,0,0,,,,
B,3068,,,,0,0,,,,
B,3069,,,,0,0,,,,
B,3070,,,,0,0,,,,
B,3071,,,,0,0,,,,
B,3072,,,,0,0,,,,
B,3073,,,,0,0,,,,
B,3074,,,,0,0,,,,
B,3075,0.33252138,0.36121098,0.34686618,1,1,254,194,180,180
B,3076,0.28780215,0.34548216,0.31664216,1,1,254,194,180,180
B,3077,0.26810958,0.30390889,0.28600923,1,1,254,194,180,180
B,3078,0.26508540,0.26717645,0.26613092,1,1,254,194,180,180
B,3079,0.29773924,0.28408833,0.29091379,1,1,254,194,180,180
B,3080,0.28243670,0.28498821,0.28371245,1,1,254,194,180,180
B,3081,0.26116013,0.27439773,0.26777893,1,1,261,194,150,151
B,3082,0.25824720,0.26717645,0.26271182,1,1,261,194,150,151
B,3083,0.29598455,0.27546544,0.28572499,1,1,261,194,150,151
B,3084,0.26116013,0.26955121,0.26535567,1,1,261,194,150,151
B,3085,0.26931051,0.29356515,0.28143783,1,1,261,194,150,151
B,3086,0.24612561,0.27653315,0.26132938,1,1,261,194,150,151
B,3087,0.26116013,0.25953438,0.26034726,1,1,261,194,150,151
B,3088,0.27478733,0.28498821,0.27988777,1,1,261,194,150,151
B,3089,0.26652950,0.26717645,0.26685297,1,1,261,194,150,151
B,3090,0.23112509,0.26768648,0.24940579,1,1,261,194,150,151
B,3091,0.23454147,0.24202972,0.23828559,1,1,261,194,150,151
B,3092,0.23454147,0.25800784,0.24627465,1,1,261,194,150,151
B,3093,0.24383644,0.26717645,0.25550644,1,1,261,194,150,151
B,3094,0.24879034,0.26030111,0.25454573,1,1,234,174,180,180
B,3095,0.27433813,0.25800784,0.26617299,1,1,234,174,180,180
B,3096,0.25712567,0.26717645,0.26215106,1,1,234,174,180,180
B,3097,0.24879034,0.26717645,0.25798339,1,1,234,174,180,180
B,3098,0.23363466,0.20677365,0.22020416,1,1,234,174,180,180
B,3099,0.15751089,0.14276612,0.15013851,1,1,234,174,180,180
B,3100,0.09912279,0.12061796,0.10987038,1,1,234,174,180,180
B,3101,0.13267162,0.13303802,0.13285482,1,1,234,174,180,180
B,3102,0.16583953,0.17231138,0.16907545,1,1,234,174,180,180
B,3103,0.21559139,0.22360680,0.21959909,1,1,234,174,180,180
B,3104,0.20863703,0.20356413,0.20610058,1,1,234,174,180,180
B,3105,0.22558633,0.22314351,0.22436492,1,1,234,174,180,180
B,3106,0.22203577,0.22161506,0.22182541,1,1,234,174,180,180
B,3107,0.21453574,0.22314351,0.21883963,1,1,234,174,180,180
B,3108,0.20778321,0.23155292,0.21966807,1,1,234,174,180,180
B,3109,0.24009801,0.23281876,0.23645839,1,1,234,174,180,180
B,3110,0.24131681,0.21521531,0.22826606,1,1,234,174,180,180
B,3111,0.24253562,0.26028961,0.25141261,1,1,234,174,180,180
B,3112,0.25725846,0.24253562,0.24989704,1,1,234,174,180,180
B,3113,0.26637572,0.25725846,0.26181709,1,1,234,174,180,180
B,3114,0.25693857,0.24979177,0.25336517,1,1,234,174,180,180
B,3115,0.27282506,0.27546544,0.27414525,1,1,234,174,180,180
B,3116,0.22648185,0.24032926,0.23340555,1,1,234,174,180,180
B,3117,0.26637572,0.27290887,0.26964230,1,1,234,174,180,180
B,3118,0.27546544,0.25847227,0.26696886,1,1,234,174,180,180
B,3119,0.24009801,0.24154307,0.24082054,1,1,234,174,180,180
B,3120,0.24993788,0.24154307,0.24574047,1,1,234,174,180,180
B,3121,0.27433813,0.25847227,0.26640520,1,1,234,174,180,180
B,3122,0.23453251,0.24154307,0.23803779,1,1,234,174,180,180
B,3123,0.23363466,0.21600524,0.22481995,1,1,234,174,180,180
B,3124,0.24253562,0.25110098,0.24681830,1,1,234,174,180,180
B,3125,0.25000958,0.23082177,0.24041567,1,1,234,174,180,180
B,3126,0.27546544,0.26870008,0.27208276,1,1,234,174,180,180
B,3127,0.23132693,0.22238633,0.22685663,1,1,234,174,180,180
B,3128,0.24097164,0.25110098,0.24603631,1,1,234,174,180,180
B,3129,0.25000958,0.24131681,0.24566320,1,1,234,174,180,180
B,3130,0.22405705,0.20579830,0.21492767,1,1,234,174,180,180
B,3131,0.21624764,0.23208362,0.22416563,1,1,261,194,150,151
B,3132,0.23363466,0.23355311,0.23359389,1,1,261,194,150,151
B,3133,0.22405705,0.21600524,0.22003114,1,1,261,194,150,151
B,3134,0.23249528,0.24009801,0.23629664,1,1,261,194,150,151
B,3135,0.22956742,0.21559139,0.22257940,1,1,261,194,150,151
B,3136,0.22508667,0.20579830,0.21544248,1,1,261,194,150,151
B,3137,0.20909025,0.22294815,0.21601920,1,1,261,194,150,151
B,3138,0.23963862,0.21559139,0.22761500,1,1,261,194,150,151
B,3139,0.22518868,0.24202972,0.23360920,1,1,261,194,150,151
B,3140,0.23249528,0.24080732,0.23665130,1,1,261,194,150,151
B,3141,0.23593191,0.24325213,0.23959202,1,1,261,194,150,151
B,3142,0.24390077,0.25110098,0.24750088,1,1,261,194,150,151
B,3143,0.23593191,0.24983914,0.24288552,1,1,261,194,150,151
B,3144,0.23249528,0.24009801,0.23629664,1,1,261,194,150,151
B,3145,0.22076087,0.24936468,0.23506278,1,1,261,194,150,151
B,3146,0.25712567,0.24983914,0.25348240,1,1,261,194,150,151
B,3147,0.23593191,0.24009801,0.23801496,1,1,261,194,150,151
B,3148,0.23593191,0.24009801,0.23801496,1,1,261,194,150,151
B,3149,0.24294884,0.23911544,0.24103214,1,1,261,194,150,151
B,3150,0.25533427,0.24253562,0.24893494,1,1,261,194,150,151
B,3151,0.22518868,0.23518021,0.23018445,1,1,261,194,150,151
B,3152,0.20572166,0.24253562,0.22412864,1,1,261,194,150,151
B,3153,0.22518868,0.24131681,0.23325275,1,1,261,194,150,151
B,3154,0.25968373,0.24131681,0.25050027,1,1,261,194,150,151
B,3155,0.22360681,0.24131681,0.23246181,1,1,261,194,150,151
B,3156,0.23454147,0.24202972,0.23828559,1,1,261,194,150,151
B,3157,0.22394297,0.24253562,0.23323929,1,1,261,194,150,151
B,3158,0.26508540,0.24131681,0.25320111,1,1,261,194,150,151
B,3159,0.22394297,0.24131681,0.23262989,1,1,261,194,150,151
B,3160,0.23249528,0.22436752,0.22843140,1,1,261,194,150,151
B,3161,0.23795784,0.26955121,0.25375453,1,1,261,194,150,151
B,3162,0.22518868,0.24080732,0.23299800,1,1,261,194,150,151
B,3163,0.23593191,0.27520836,0.25557014,1,1,261,194,150,151
B,3164,0.22725319,0.24080732,0.23403025,1,1,261,194,150,151
B,3165,0.22360681,0.23281653,0.22821167,1,1,261,194,150,151
B,3166,0.25368571,0.27627923,0.26498247,1,1,261,194,150,151
B,3167,0.23454147,0.23155292,0.23304719,1,1,261,194,150,151
B,3168,0.25824720,0.24080732,0.24952726,1,1,261,194,150,151
B,3169,0.21718613,0.26633281,0.24175947,1,1,261,194,150,151
B,3170,0.26953585,0.24936468,0.25945027,1,1,261,194,150,151
B,3171,0.22578593,0.26717645,0.24648119,1,1,261,194,150,151
B,3172,0.25824720,0.25800784,0.25812752,1,1,261,194,150,151
B,3173,0.26214331,0.26717645,0.26465988,1,1,261,194,150,151
B,3174,0.25947395,0.25089828,0.25518611,1,1,261,194,150,151
B,3175,0.25374685,0.25907871,0.25641278,1,1,261,194,150,151
B,3176,0.26953585,0.26607604,0.26780594,1,1,261,194,150,151
B,3177,0.29866740,0.28609713,0.29238226,1,1,261,194,150,151
B,3178,0.29866740,0.27569820,0.28718280,1,1,261,194,150,151
B,3179,0.30855027,0.28775432,0.29815230,1,1,261,194,150,151
B,3180,0.27397354,0.26768648,0.27083001,1,1,261,194,150,151
B,3181,0.29198591,0.30279997,0.29739294,1,1,261,194,150,151
B,3182,0.25533427,0.25907871,0.25720649,1,1,261,194,150,151
B,3183,0.29010070,0.28498821,0.28754446,1,1,261,194,150,151
B,3184,0.26659838,0.29443241,0.28051540,1,1,261,194,150,151
B,3185,0.29010070,0.28664329,0.28837200,1,1,261,194,150,151
B,3186,0.28751801,0.29400211,0.29076006,1,1,261,194,150,151
B,3187,0.26659838,0.27569820,0.27114829,1,1,261,194,150,151
B,3188,0.29010070,0.27520836,0.28265453,1,1,261,194,150,151
B,3189,0.31132190,0.30279997,0.30706094,1,1,261,194,150,151
B,3190,0.27478733,0.28553225,0.28015979,1,1,261,194,150,151
B,3191,0.29172323,0.28553225,0.28862774,1,1,261,194,150,151
B,3192,0.25947395,0.28498821,0.27223108,1,1,261,194,150,151
B,3193,0.27478733,0.30279997,0.28879365,1,1,261,194,150,151
B,3194,0.28145540,0.29400211,0.28772876,1,1,261,194,150,151
B,3195,0.28145540,0.27520836,0.27833188,1,1,261,194,150,151
B,3196,0.29639121,0.30025659,0.29832390,1,1,261,194,150,151
B,3197,0.29010070,0.30960941,0.29985506,1,1,261,194,150,151
B,3198,0.27478733,0.28498821,0.27988777,1,1,261,194,150,151
B,3199,0.27189321,0.27520836,0.27355079,1,1,261,194,150,151
B,3200,0.29488833,0.30489541,0.29989187,1,1,261,194,150,151
B,3201,0.28544305,0.29240889,0.28892597,1,1,261,194,150,151
B,3202,0.31132190,0.31395466,0.31263828,1,1,261,194,150,151
B,3203,0.28751801,0.30279997,0.29515899,1,1,261,194,150,151
B,3204,0.29866740,0.30279997,0.30073368,1,1,261,194,150,151
B,3205,0.28049552,0.30279997,0.29164775,1,1,261,194,150,151
B,3206,0.29927908,0.31612729,0.30770319,1,1,261,194,150,151
B,3207,0.29430593,0.30960941,0.30195767,1,1,261,194,150,151
B,3208,0.28145540,0.31056207,0.29600874,1,1,261,194,150,151
B,3209,0.28348121,0.30279997,0.29314059,1,1,261,194,150,151
B,3210,0.28126705,0.30184385,0.29155545,1,1,261,194,150,151
B,3211,0.28348121,0.30279997,0.29314059,1,1,261,194,150,151
B,3212,0.29178250,0.27816859,0.28497555,1,1,261,194,150,151
B,3213,0.26953585,0.27833130,0.27393357,1,1,261,194,150,151
B,3214,0.24901717,0.24936468,0.24919092,1,1,261,194,150,151
B,3215,0.24860996,0.24202972,0.24531984,1,1,261,194,150,151
B,3216,0.23632237,0.25110898,0.24371567,1,1,261,194,150,151
B,3217,0.25657983,0.24246051,0.24952017,1,1,261,194,150,151
B,3218,0.26469765,0.26717645,0.26593705,1,1,261,194,150,151
B,3219,0.24052628,0.26768648,0.25410638,1,1,261,194,150,151
B,3220,0.24098552,0.25800784,0.24949668,1,1,261,194,150,151
B,3221,0.25861388,0.24123593,0.24992490,1,1,261,194,150,151
B,3222,0.25200285,0.26768648,0.25984467,1,1,261,194,150,151
B,3223,0.21497321,0.21414919,0.21456120,1,1,261,194,150,151
B,3224,0.17134315,0.17231138,0.17182726,1,1,261,194,150,151
B,3225,0.16765473,0.19778039,0.18271756,1,1,261,194,150,151
B,3226,0.17134315,0.17231138,0.17182726,1,1,261,194,150,151
B,3227,0.20277295,0.19988898,0.20133096,1,1,261,194,150,151
B,3228,0.22725319,0.24246051,0.23485685,1,1,261,194,150,151
B,3229,0.23292947,0.23199495,0.23246221,1,1,261,194,150,151
B,3230,0.23632237,0.24984072,0.24308154,1,1,261,194,150,151
B,3231,0.23292947,0.25110898,0.24201923,1,1,261,194,150,151
B,3232,0.21075226,0.20819975,0.20947601,1,1,261,194,150,151
B,3233,0.22907477,0.21414919,0.22161198,1,1,261,194,150,151
B,3234,0.22412774,0.23199495,0.22806135,1,1,261,194,150,151
B,3235,0.24901717,0.24984072,0.24942894,1,1,261,194,150,151
B,3236,0.24427436,0.24984072,0.24705754,1,1,261,194,150,151
B,3237,0.23454147,0.24057579,0.23755863,1,1,261,194,150,151
B,3238,0.24138024,0.25110898,0.24624461,1,1,261,194,150,151
B,3239,0.24427436,0.24246051,0.24336743,1,1,261,194,150,151
B,3240,0.25200285,0.26768648,0.25984467,1,1,261,194,150,151
B,3241,0.24427436,0.24202972,0.24315204,1,1,261,194,150,151
B,3242,0.25657983,0.28498821,0.27078402,1,1,261,194,150,151
B,3243,0.22907477,0.23199495,0.23053486,1,1,261,194,150,151
B,3244,0.23960753,0.25846706,0.24903730,1,1,261,194,150,151
B,3245,0.23292947,0.24246051,0.23769499,1,1,261,194,150,151
B,3246,0.22739243,0.24080732,0.23409987,1,1,261,194,150,151
B,3247,0.22907477,0.23155292,0.23031384,1,1,261,194,150,151
B,3248,0.23418686,0.24123593,0.23771139,1,1,261,194,150,151
B,3249,0.25947395,0.25907871,0.25927633,1,1,261,194,150,151
B,3250,0.23795784,0.22206996,0.23001390,1,1,261,194,150,151
B,3251,0.24427436,0.24123593,0.24275514,1,1,261,194,150,151
B,3252,0.22578593,0.22222222,0.22400407,1,1,261,194,150,151
B,3253,0.22725319,0.24123593,0.23424456,1,1,261,194,150,151
B,3254,0.24732412,0.26895474,0.25813943,1,1,261,194,150,151
B,3255,0.27534894,0.25908162,0.26721528,1,1,261,194,150,151
B,3256,0.25200285,0.24984072,0.25092179,1,1,261,194,150,151
B,3257,0.27399960,0.29609328,0.28504644,1,1,254,174,180,180
B,3258,0.28345390,0.27758745,0.28052067,1,1,254,174,180,180
B,3259,0.26131953,0.24981529,0.25556741,1,1,254,174,180,180
B,3260,0.26602970,0.26903185,0.26753078,1,1,261,178,150,150
B,3261,0.23490680,0.24981529,0.24236104,1,1,261,178,150,150
B,3262,0.25000000,0.22206996,0.23603498,1,1,261,178,150,150
B,3263,0.23252907,0.24981529,0.24117218,1,1,261,178,150,150
B,3264,0.24154307,0.26923077,0.25538692,1,1,261,178,150,150
B,3265,0.23252907,0.24981529,0.24117218,1,1,261,178,150,150
B,3266,0.25000000,0.26903185,0.25951592,1,1,261,178,150,150
B,3267,0.24209960,0.25000000,0.24604980,1,1,254,154,180,180
B,3268,0.23127276,0.28961409,0.26044342,1,1,254,154,180,180
B,3269,0.25110098,0.26903185,0.26006642,1,1,261,178,150,150
B,3270,0.25000000,0.24981529,0.24990764,1,1,254,154,180,180
B,3271,0.23252907,0.28824841,0.26038874,1,1,254,154,180,180
B,3272,0.24983914,0.26000000,0.25491957,1,1,254,154,180,180
B,3273,0.25110098,0.26903185,0.26006642,1,1,254,154,180,180
B,3274,0.25110098,0.26923077,0.26016588,1,1,261,178,150,150
B,3275,0.23229127,0.24981529,0.24105328,1,1,261,178,150,150
B,3276,0.25000000,0.27039753,0.26019876,1,1,261,178,150,150
B,3277,0.25110098,0.24057579,0.24583839,1,1,261,178,150,150
B,3278,0.25110098,0.24057579,0.24583839,1,1,261,178,150,150
B,3279,0.21600524,0.23218914,0.22409719,1,1,261,178,150,150
B,3280,0.23229127,0.23236082,0.23232604,1,1,261,178,150,150
B,3281,0.21453574,0.23059873,0.22256724,1,1,261,178,150,150
B,3282,0.22344933,0.22206996,0.22275964,1,1,261,178,150,150
B,3283,0.23106602,0.24981529,0.24044065,1,1,261,178,150,150
B,3284,0.24983914,0.24981529,0.24982721,1,1,261,178,150,150
B,3285,0.23355311,0.26923077,0.25139194,1,1,261,178,150,150
B,3286,0.21453574,0.21982420,0.21717997,1,1,261,178,150,150
B,3287,0.19176598,0.21138217,0.20157407,1,1,261,178,150,150
B,3288,0.17319675,0.19216561,0.18268118,1,1,261,178,150,150
B,3289,0.18928998,0.22360155,0.20644576,1,1,261,178,150,150
B,3290,0.19678022,0.22206996,0.20942509,1,1,261,178,150,150
B,3291,0.20778321,0.23059873,0.21919097,1,1,261,178,150,150
B,3292,0.21453574,0.23059873,0.22256724,1,1,261,178,150,150
B,3293,0.19176598,0.22360155,0.20768376,1,1,261,178,150,150
B,3294,0.19591742,0.22147814,0.20869778,1,1,261,178,150,150
B,3295,0.21359509,0.22222222,0.21790865,1,1,261,178,150,150
B,3296,0.20778321,0.21138217,0.20958269,1,1,261,178,150,150
B,3297,0.22416696,0.22314351,0.22365523,1,1,261,178,150,150
B,3298,0.20636965,0.22206996,0.21421981,1,1,261,178,150,150
B,3299,0.20863703,0.23059873,0.21961788,1,1,261,178,150,150
B,3300,0.24154307,0.26903185,0.25528746,1,1,261,178,150,150
B,3301,0.21600524,0.24057579,0.22829051,1,1,261,178,150,150
B,3302,0.19853837,0.22206996,0.21030416,1,1,261,178,150,150
B,3303,0.19098120,0.20523635,0.19810877,1,1,261,178,150,150
B,3304,0.18107149,0.18505830,0.18306490,1,1,261,178,150,150
B,3305,0.21505814,0.21138217,0.21322015,1,1,261,178,150,150
B,3306,0.22344933,0.20356413,0.21350673,1,1,261,178,150,150
B,3307,0.20636965,0.22206996,0.21421981,1,1,261,178,150,150
B,3308,0.20636965,0.23076923,0.21856944,1,1,261,178,150,150
B,3309,0.23229127,0.23059873,0.23144500,1,1,261,178,150,150
B,3310,0.20636965,0.23059873,0.21848419,1,1,261,178,150,150
B,3311,0.24154307,0.24057579,0.24105943,1,1,261,178,150,150
B,3312,0.22344933,0.24981529,0.23663231,1,1,261,178,150,150
B,3313,0.23252907,0.21138217,0.22195562,1,1,261,178,150,150
B,3314,0.24154307,0.24008298,0.24081302,1,1,261,178,150,150
B,3315,0.24874369,0.25062629,0.24968499,1,1,261,178,150,150
B,3316,0.22466314,0.24008298,0.23237306,1,1,261,178,150,150
B,3317,0.25000000,0.24189096,0.24594548,1,1,261,178,150,150
B,3318,0.25000000,0.24057579,0.24528789,1,1,261,178,150,150
B,3319,0.23252907,0.23218914,0.23235911,1,1,261,178,150,150
B,3320,0.23252907,0.24057579,0.23655243,1,1,261,178,150,150
B,3321,0.23123203,0.24981529,0.24052366,1,1,261,178,150,150
B,3322,0.23252907,0.24981529,0.24117218,1,1,261,178,150,150
B,3323,0.23252907,0.26903185,0.25078046,1,1,261,178,150,150
B,3324,0.22466314,0.24981529,0.23723922,1,1,261,178,150,150
B,3325,0.25740893,0.25986337,0.25863615,1,1,261,178,150,150
B,3326,0.23622445,0.26843775,0.25233110,1,1,261,178,150,150
B,3327,0.22851423,0.24057579,0.23454501,1,1,261,178,150,150
B,3328,0.22466314,0.24057579,0.23261947,1,1,261,178,150,150
B,3329,0.23229127,0.24981529,0.24105328,1,1,261,178,150,150
B,3330,0.22558633,0.24057579,0.23308106,1,1,261,178,150,150
B,3331,0.20636965,0.22161506,0.21399235,1,1,261,178,150,150
B,3332,0.22436752,0.23218914,0.22827833,1,1,261,178,150,150
B,3333,0.21600524,0.22222222,0.21911373,1,1,261,178,150,150
B,3334,0.21505814,0.22206996,0.21856405,1,1,261,178,150,150
B,3335,0.23252907,0.22206996,0.22729951,1,1,261,178,150,150
B,3336,0.18956764,0.22360155,0.20658460,1,1,261,178,150,150
B,3337,0.20037997,0.22222222,0.21130109,1,1,261,178,150,150
B,3338,0.22558633,0.24057579,0.23308106,1,1,261,178,150,150
B,3339,0.20636965,0.23059873,0.21848419,1,1,261,178,150,150
B,3340,0.22558633,0.20370370,0.21464501,1,1,261,178,150,150
B,3341,0.22344933,0.21328498,0.21836715,1,1,261,178,150,150
B,3342,0.19766785,0.23059873,0.21413329,1,1,261,178,150,150
B,3343,0.19034661,0.23218914,0.21126788,1,1,261,178,150,150
B,3344,0.20778321,0.21153846,0.20966084,1,1,261,178,150,150
B,3345,0.19620480,0.20356413,0.19988446,1,1,261,178,150,150
B,3346,0.20636965,0.23059873,0.21848419,1,1,261,178,150,150
B,3347,0.17417919,0.18505830,0.17961874,1,1,261,178,150,150
B,3348,0.14142135,0.17078009,0.15610072,1,1,261,178,150,150
B,3349,0.10488613,0.10714286,0.10601449,1,1,261,178,150,150
B,3350,0.15129715,0.16071429,0.15600572,1,1,261,178,150,150
B,3351,0.13931011,0.14285714,0.14108362,1,1,261,178,150,150
B,3352,0.15129715,0.16071429,0.15600572,1,1,261,178,150,150
B,3353,0.19034661,0.18518519,0.18776590,1,1,261,178,150,150
B,3354,0.20098014,0.23218914,0.21658464,1,1,261,178,150,150
B,3355,0.19034661,0.18701888,0.18868274,1,1,261,178,150,150
B,3356,0.20778321,0.21344268,0.21061295,1,1,261,178,150,150
B,3357,0.22324958,0.23199495,0.22762227,1,1,261,178,150,150
B,3358,0.19176598,0.23395241,0.21285919,1,1,261,178,150,150
B,3359,0.22436752,0.21428571,0.21932662,1,1,261,178,150,150
B,3360,0.20778321,0.20356413,0.20567367,1,1,261,178,150,150
B,3361,0.21359509,0.22206996,0.21783252,1,1,261,178,150,150
B,3362,0.19034661,0.22206996,0.20620828,1,1,261,178,150,150
B,3363,0.21191295,0.21153846,0.21172571,1,1,261,178,150,150
B,3364,0.20778321,0.23218914,0.21998618,1,1,261,178,150,150
B,3365,0.20778321,0.22360155,0.21569238,1,1,261,178,150,150
B,3366,0.20778321,0.22206996,0.21492659,1,1,261,178,150,150
B,3367,0.19098120,0.23059873,0.21078996,1,1,261,178,150,150
B,3368,0.18956764,0.20692816,0.19824790,1,1,261,178,150,150
B,3369,0.19098120,0.20370370,0.19734245,1,1,261,178,150,150
B,3370,0.20636965,0.24981529,0.22809247,1,1,261,178,150,150
B,3371,0.21505814,0.22222222,0.21864018,1,1,261,178,150,150
B,3372,0.21505814,0.22222222,0.21864018,1,1,261,178,150,150
B,3373,0.21933247,0.22222222,0.22077735,1,1,261,178,150,150
B,3374,0.19098120,0.22222222,0.20660171,1,1,261,178,150,150
B,3375,0.19098120,0.22375487,0.20736803,1,1,261,178,150,150
B,3376,0.20778321,0.21153846,0.20966084,1,1,261,178,150,150
B,3377,0.20636965,0.22222222,0.21429594,1,1,261,178,150,150
B,3378,0.20636965,0.22222222,0.21429594,1,1,261,178,150,150
B,3379,0.20081576,0.24000000,0.22040788,1,1,261,178,150,150
B,3380,0.21933247,0.23236082,0.22584665,1,1,261,178,150,150
B,3381,0.23252907,0.23236082,0.23244495,1,1,261,178,150,150
B,3382,0.22466314,0.23059873,0.22763094,1,1,261,178,150,150
B,3383,0.22466314,0.23076923,0.22771619,1,1,261,178,150,150
B,3384,0.23622445,0.25159159,0.24390802,1,1,261,178,150,150
B,3385,0.25228028,0.25000000,0.25114014,1,1,261,178,150,150
B,3386,0.23252907,0.25000000,0.24126453,1,1,261,178,150,150
B,3387,0.24028467,0.24074074,0.24051271,1,1,261,178,150,150
B,3388,0.26602970,0.26923077,0.26763024,1,1,261,178,150,150
B,3389,0.25751310,0.26286639,0.26018975,1,1,261,178,150,150
B,3390,0.23951712,0.24981529,0.24466621,1,1,261,178,150,150
B,3391,0.24028467,0.27059746,0.25544106,1,1,261,178,150,150
B,3392,0.24860551,0.25136669,0.24998610,1,1,261,178,150,150
B,3393,0.25369538,0.25159159,0.25264348,1,1,261,178,150,150
B,3394,0.24860551,0.25159159,0.25009855,1,1,261,178,150,150
B,3395,0.23680340,0.23076923,0.23378632,1,1,261,178,150,150
B,3396,0.22466314,0.26039679,0.24252996,1,1,261,178,150,150
B,3397,0.21080892,0.22206996,0.21643944,1,1,261,178,150,150
B,3398,0.20778321,0.21562615,0.21170468,1,1,261,178,150,150
B,3399,0.17320360,0.18518519,0.17919439,1,1,261,178,150,150
B,3400,0.19511094,0.21428571,0.20469833,1,1,261,178,150,150
B,3401,0.19098120,0.20356413,0.19727266,1,1,261,178,150,150
B,3402,0.19176598,0.20509572,0.19843085,1,1,261,178,150,150
B,3403,0.19678022,0.18033963,0.18855993,1,1,261,178,150,150
B,3404,0.17319675,0.19642857,0.18481266,1,1,261,178,150,150
B,3405,0.19176598,0.22206996,0.20691797,1,1,261,178,150,150
B,3406,0.18928998,0.18701888,0.18815443,1,1,261,178,150,150
B,3407,0.17931335,0.18505830,0.18218582,1,1,261,178,150,150
B,3408,0.18533594,0.20370370,0.19451982,1,1,261,178,150,150
B,3409,0.17417919,0.18689074,0.18053496,1,1,261,178,150,150
B,3410,0.19098120,0.19642857,0.19370489,1,1,261,178,150,150
B,3411,0.21505814,0.19230769,0.20368292,1,1,261,178,150,150
B,3412,0.21505814,0.21153846,0.21329830,1,1,261,178,150,150
B,3413,0.22466314,0.23076923,0.22771619,1,1,261,178,150,150
B,3414,0.23252907,0.25908162,0.24580534,1,1,261,178,150,150
B,3415,0.24860551,0.22206996,0.23533774,1,1,261,178,150,150
B,3416,0.25000000,0.25908162,0.25454081,1,1,261,178,150,150
B,3417,0.24095954,0.24981529,0.24538741,1,1,261,178,150,150
B,3418,0.24860551,0.25925926,0.25393239,1,1,261,178,150,150
B,3419,0.26131953,0.25908162,0.26020057,1,1,261,178,150,150
B,3420,0.24383644,0.26039679,0.25211661,1,1,261,178,150,150
B,3421,0.24860551,0.25908162,0.25384357,1,1,261,178,150,150
B,3422,0.24860551,0.26903185,0.25881868,1,1,261,178,150,150
B,3423,0.24028467,0.26903185,0.25465826,1,1,261,178,150,150
B,3424,0.23680340,0.23076923,0.23378632,1,1,261,178,150,150
B,3425,0.24860551,0.25000000,0.24930276,1,1,261,178,150,150
B,3426,0.25712567,0.25000000,0.25356284,1,1,261,178,150,150
B,3427,0.25369538,0.23076923,0.24223230,1,1,261,178,150,150
B,3428,0.24028467,0.26923077,0.25475772,1,1,261,178,150,150
B,3429,0.24154307,0.22206996,0.23180651,1,1,261,178,150,150
B,3430,0.25228028,0.26903185,0.26065606,1,1,261,178,150,150
B,3431,0.25228028,0.23059873,0.24143950,1,1,261,178,150,150
B,3432,0.24383644,0.23980822,0.24182233,1,1,261,178,150,150
B,3433,0.20670070,0.22206996,0.21438533,1,1,261,178,150,150
B,3434,0.19034661,0.19611614,0.19323137,1,1,261,178,150,150
B,3435,0.21505814,0.23395241,0.22450528,1,1,261,178,150,150
B,3436,0.19098120,0.20370370,0.19734245,1,1,261,178,150,150
B,3437,0.20778321,0.22206996,0.21492659,1,1,261,178,150,150
B,3438,0.18928998,0.20356413,0.19642705,1,1,261,178,150,150
B,3439,0.20194218,0.23236082,0.21715150,1,1,261,178,150,150
B,3440,0.20194218,0.20370370,0.20282294,1,1,261,178,150,150
B,3441,0.20580355,0.18518519,0.19549437,1,1,261,178,150,150
B,3442,0.19766785,0.19216561,0.19491673,1,1,261,178,150,150
B,3443,0.21505814,0.22206996,0.21856405,1,1,261,178,150,150
B,3444,0.17417919,0.20370370,0.18894144,1,1,261,178,150,150
B,3445,0.19766785,0.19216561,0.19491673,1,1,261,178,150,150
B,3446,0.17417919,0.18505830,0.17961874,1,1,261,178,150,150
B,3447,0.18027756,0.16655247,0.17341502,1,1,261,178,150,150
B,3448,0.16302568,0.18689074,0.17495821,1,1,261,178,150,150
B,3449,0.19176598,0.20370370,0.19773484,1,1,261,178,150,150
B,3450,0.17489492,0.18689074,0.18089283,1,1,261,178,150,150
B,3451,0.18107149,0.18505830,0.18306490,1,1,261,178,150,150
B,3452,0.17417919,0.19216561,0.18317240,1,1,261,178,150,150
B,3453,0.20361902,0.18701888,0.19531895,1,1,261,178,150,150
B,3454,0.19766785,0.19230769,0.19498777,1,1,261,178,150,150
B,3455,0.20778321,0.20523635,0.20650978,1,1,261,178,150,150
B,3456,0.19586847,0.21153846,0.20370346,1,1,261,178,150,150
B,3457,0.21933247,0.22206996,0.22070121,1,1,261,178,150,150
B,3458,0.19586847,0.18518519,0.19052683,1,1,261,178,150,150
B,3459,0.19034661,0.22222222,0.20628442,1,1,261,178,150,150
B,3460,0.19098120,0.19230769,0.19164445,1,1,261,178,150,150
B,3461,0.20159543,0.18885258,0.19522400,1,1,261,178,150,150
B,3462,0.18027756,0.18701888,0.18364822,1,1,261,178,150,150
B,3463,0.20529450,0.21562615,0.21046033,1,1,261,178,150,150
B,3464,0.20529450,0.20356413,0.20442931,1,1,261,178,150,150
B,3465,0.19656527,0.20356413,0.20006470,1,1,261,178,150,150
B,3466,0.18998622,0.20539657,0.19769139,1,1,261,178,150,150
B,3467,0.20272623,0.21313005,0.20792814,1,1,261,178,150,150
B,3468,0.19766785,0.23076923,0.21421854,1,1,261,178,150,150
B,3469,0.20272623,0.20356413,0.20314518,1,1,261,178,150,150
B,3470,0.21505814,0.22375487,0.21940650,1,1,261,178,150,150
B,3471,0.19098120,0.22222222,0.20660171,1,1,261,178,150,150
B,3472,0.20483441,0.21297258,0.20890350,1,1,261,178,150,150
B,3473,0.19766785,0.19611614,0.19689199,1,1,261,178,150,150
B,3474,0.19098120,0.21576362,0.20337241,1,1,261,178,150,150
B,3475,0.17417919,0.18518519,0.17968219,1,1,261,178,150,150
B,3476,0.19511094,0.22222222,0.20866658,1,1,261,178,150,150
B,3477,0.15194384,0.15384615,0.15289500,1,1,254,174,180,180
B,3478,0.14680393,0.14814815,0.14747604,1,1,254,174,180,180
B,3479,0.14603910,0.16666667,0.15635288,1,1,254,174,180,180
B,3480,0.17852713,0.20379780,0.19116247,1,1,254,174,180,180
B,3481,0.20529450,0.22222222,0.21375836,1,1,261,178,150,150
B,3482,0.19098120,0.22222222,0.20660171,1,1,261,178,150,150
B,3483,0.18533594,0.19230769,0.18882182,1,1,254,174,180,180
B,3484,0.18027756,0.20509572,0.19268664,1,1,254,174,180,180
B,3485,0.17417919,0.19230769,0.18324344,1,1,254,174,180,180
B,3486,0.18533594,0.21313005,0.19923300,1,1,254,174,180,180
B,3487,0.18027756,0.19230769,0.18629263,1,1,254,174,180,180
B,3488,0.18998622,0.22360155,0.20679388,1,1,261,178,150,150
B,3489,0.20670070,0.21428571,0.21049320,1,1,261,178,150,150
B,3490,0.15669029,0.19230769,0.17449899,1,1,254,174,180,180
B,3491,0.20778321,0.20370370,0.20574346,1,1,261,178,150,150
B,3492,0.18430215,0.19230769,0.18830492,1,1,254,174,180,180
B,3493,0.21080892,0.19819678,0.20450285,1,1,261,178,150,150
B,3494,0.20778321,0.22206996,0.21492659,1,1,261,178,150,150
B,3495,0.15459864,0.19611614,0.17535739,1,1,254,174,180,180
B,3496,0.20000001,0.21414919,0.20707460,1,1,261,178,150,150
B,3497,0.18382737,0.21562615,0.19972676,1,1,261,178,150,150
B,3498,0.18533594,0.18505830,0.18519712,1,1,261,178,150,150
B,3499,0.19586847,0.21576362,0.20581604,1,1,261,178,150,150
B,3500,0.16847635,0.20356413,0.18602024,1,1,254,174,180,180
B,3501,0.20194218,0.20356413,0.20275316,1,1,254,174,180,180
B,3502,0.15669029,0.15042788,0.15355908,1,1,254,174,180,180
B,3503,0.17327174,0.18689074,0.18008124,1,1,254,174,180,180
B,3504,0.20778321,0.23362076,0.22070199,1,1,261,178,150,150
B,3505,0.21505814,0.24074074,0.22789944,1,1,261,178,150,150
B,3506,0.19098120,0.21576362,0.20337241,1,1,261,178,150,150
B,3507,0.18998622,0.21428571,0.20213597,1,1,261,178,150,150
B,3508,0.19511094,0.21428571,0.20469833,1,1,261,178,150,150
B,3509,0.17248796,0.19790648,0.18519722,1,1,261,178,150,150
B,3510,0.19511094,0.21428571,0.20469833,1,1,261,178,150,150
B,3511,0.19098120,0.21576362,0.20337241,1,1,261,178,150,150
B,3512,0.19098120,0.19642857,0.19370489,1,1,261,178,150,150
B,3513,0.20636965,0.21414919,0.21025942,1,1,261,178,150,150
B,3514,0.18928998,0.22375487,0.20652242,1,1,261,178,150,150
B,3515,0.20778321,0.21576362,0.21177342,1,1,261,178,150,150
B,3516,0.21505814,0.20523635,0.21014724,1,1,261,178,150,150
B,3517,0.18027756,0.21576362,0.19802059,1,1,261,178,150,150
B,3518,0.19766785,0.22222222,0.20994504,1,1,261,178,150,150
B,3519,0.19098120,0.22222222,0.20660171,1,1,261,178,150,150
B,3520,0.18027756,0.19611614,0.18819685,1,1,261,178,150,150
B,3521,0.19766785,0.18701888,0.19234337,1,1,261,178,150,150
B,3522,0.17417919,0.18505830,0.17961874,1,1,261,178,150,150
B,3523,0.20778321,0.22206996,0.21492659,1,1,261,178,150,150
B,3524,0.19098120,0.21428571,0.20263346,1,1,261,178,150,150
B,3525,0.20778321,0.21414919,0.21096620,1,1,261,178,150,150
B,3526,0.19586847,0.19807050,0.19696948,1,1,261,178,150,150
B,3527,0.16847635,0.18505830,0.17676732,1,1,261,178,150,150
B,3528,0.19511094,0.21414919,0.20463006,1,1,261,178,150,150
B,3529,0.19098120,0.21414919,0.20256519,1,1,261,178,150,150
B,3530,0.17417919,0.21428571,0.19423245,1,1,261,178,150,150
B,3531,0.17906645,0.21138217,0.19522431,1,1,254,174,180,180
B,3532,0.18027756,0.18518519,0.18273137,1,1,261,178,150,150
B,3533,0.18533594,0.17066308,0.17799951,1,1,254,174,180,180
B,3534,0.17417919,0.18505830,0.17961874,1,1,254,174,180,180
B,3535,0.15751089,0.15858098,0.15804594,1,1,254,174,180,180
B,3536,0.18533594,0.14814815,0.16674205,1,1,254,174,180,180
B,3537,0.16302568,0.16666667,0.16484617,1,1,254,174,180,180
B,3538,0.15581967,0.17498114,0.16540041,1,1,254,174,180,180
B,3539,0.15751089,0.17498114,0.16624602,1,1,254,174,180,180
B,3540,0.18027756,0.18505830,0.18266793,1,1,254,174,180,180
B,3541,0.19098120,0.19790648,0.19444384,1,1,261,178,150,150
B,3542,0.17248796,0.20370370,0.18809583,1,1,261,178,150,150
B,3543,0.19176598,0.18033963,0.18605281,1,1,261,178,150,150
B,3544,0.15751089,0.16655247,0.16203168,1,1,254,174,180,180
B,3545,0.16808406,0.15042788,0.15925597,1,1,254,174,180,180
B,3546,0.18956764,0.16291260,0.17624012,1,1,261,178,150,150
B,3547,0.15751089,0.14814815,0.15282952,1,1,254,174,180,180
B,3548,0.14577379,0.15384615,0.14980997,1,1,254,174,180,180
B,3549,0.15751089,0.14814815,0.15282952,1,1,254,174,180,180
B,3550,0.20272623,0.18505830,0.19389227,1,1,254,174,180,180
B,3551,0.17417919,0.15042788,0.16230353,1,1,254,174,180,180
B,3552,0.18027756,0.15373249,0.16700502,1,1,254,174,180,180
B,3553,0.14084260,0.14276612,0.14180436,1,1,254,174,180,180
B,3554,0.15751089,0.17078009,0.16414549,1,1,254,174,180,180
B,3555,0.18107149,0.17294905,0.17701027,1,1,254,174,180,180
B,3556,0.17417919,0.15384615,0.16401267,1,1,254,174,180,180
B,3557,0.19098120,0.18701888,0.18900004,1,1,254,174,180,180
B,3558,0.15751089,0.15384615,0.15567852,1,1,254,174,180,180
B,3559,0.14641577,0.15621357,0.15131467,1,1,254,174,180,180
B,3560,0.14641577,0.15621357,0.15131467,1,1,254,174,180,180
B,3561,0.20272623,0.16666667,0.18469645,1,1,254,174,180,180
B,3562,0.17417919,0.16850036,0.17133977,1,1,254,174,180,180
B,3563,0.16374363,0.19230769,0.17802566,1,1,254,174,180,180
B,3564,0.15815814,0.14814815,0.15315314,1,1,254,174,180,180
B,3565,0.15815814,0.14814815,0.15315314,1,1,254,174,180,180
B,3566,0.16347222,0.16883064,0.16615143,1,1,254,174,180,180
B,3567,0.17248796,0.18701888,0.17975342,1,1,261,178,150,150
B,3568,0.21600524,0.22222222,0.21911373,1,1,261,178,150,150
B,3569,0.15815814,0.16655247,0.16235530,1,1,254,174,180,180
B,3570,0.16374363,0.19230769,0.17802566,1,1,254,174,180,180
B,3571,0.16414396,0.14814815,0.15614605,1,1,254,174,180,180
B,3572,0.17852713,0.16883064,0.17367888,1,1,254,174,180,180
B,3573,0.17417919,0.16666667,0.17042293,1,1,254,174,180,180
B,3574,0.18027756,0.18689074,0.18358415,1,1,254,174,180,180
B,3575,0.18543815,0.18689074,0.18616444,1,1,254,174,180,180
B,3576,0.18027756,0.19230769,0.18629263,1,1,254,174,180,180
B,3577,0.19586847,0.18518519,0.19052683,1,1,254,174,180,180
B,3578,0.15751089,0.19216561,0.17483825,1,1,254,174,180,180
B,3579,0.16302568,0.17531471,0.16917020,1,1,254,174,180,180
B,3580,0.15815814,0.17294905,0.16555359,1,1,254,174,180,180
B,3581,0.18956764,0.18701888,0.18829326,1,1,254,174,180,180
B,3582,0.19098120,0.19230769,0.19164445,1,1,254,174,180,180
B,3583,0.17417919,0.17845766,0.17631842,1,1,254,174,180,180
B,3584,0.17417919,0.18689074,0.18053496,1,1,254,174,180,180
B,3585,0.18928998,0.20370370,0.19649684,1,1,261,178,150,150
B,3586,0.19098120,0.21576362,0.20337241,1,1,261,178,150,150
B,3587,0.17417919,0.18505830,0.17961874,1,1,261,178,150,150
B,3588,0.12016633,0.12954081,0.12485357,1,1,261,178,150,150
B,3589,0.17370842,0.17231138,0.17300990,1,1,261,178,150,150
B,3590,0.10846523,0.11103498,0.10975010,1,1,254,174,180,180
B,3591,0.19667333,0.22314351,0.20990842,1,1,254,174,180,180
B,3592,0.19766785,0.20356413,0.20061599,1,1,261,178,150,150
B,3593,0.23680340,0.23076923,0.23378632,1,1,261,178,150,150
B,3594,0.23680340,0.23076923,0.23378632,1,1,261,178,150,150
B,3595,0.25369538,0.23980822,0.24675180,1,1,261,178,150,150
B,3596,0.26752193,0.28000000,0.27376096,1,1,261,178,150,150
B,3597,0.23252907,0.23395241,0.23324074,1,1,261,178,150,150
B,3598,0.25000000,0.28261670,0.26630835,1,1,261,178,150,150
B,3599,0.25000000,0.27977626,0.26488813,1,1,261,178,150,150
B,3600,0.24874369,0.25000000,0.24937184,1,1,261,178,150,150
B,3601,0.22344933,0.25159159,0.23752046,1,1,261,178,150,150
B,3602,0.24874369,0.23236082,0.24055225,1,1,261,178,150,150
B,3603,0.24511344,0.25925926,0.25218635,1,1,261,178,150,150
B,3604,0.24154307,0.24057579,0.24105943,1,1,261,178,150,150
B,3605,0.25000000,0.27977626,0.26488813,1,1,261,178,150,150
B,3606,0.25000000,0.26903185,0.25951592,1,1,261,178,150,150
B,3607,0.26028961,0.26000000,0.26014480,1,1,261,178,150,150
B,3608,0.23127276,0.24000000,0.23563638,1,1,261,178,150,150
B,3609,0.22344933,0.23059873,0.22702403,1,1,261,178,150,150
B,3610,0.22349268,0.22206996,0.22278132,1,1,261,178,150,150
B,3611,0.21505814,0.22206996,0.21856405,1,1,261,178,150,150
B,3612,0.21810904,0.23218914,0.22514909,1,1,261,178,150,150
B,3613,0.22228519,0.22360155,0.22294337,1,1,261,178,150,150
B,3614,0.22639342,0.22206996,0.22423169,1,1,261,178,150,150
B,3615,0.23252907,0.23059873,0.23156390,1,1,261,178,150,150
B,3616,0.22466314,0.22206996,0.22336655,1,1,261,178,150,150
B,3617,0.23252907,0.23059873,0.23156390,1,1,261,178,150,150
B,3618,0.23355311,0.23980822,0.23668067,1,1,261,178,150,150
B,3619,0.23355311,0.23218914,0.23287113,1,1,261,178,150,150
B,3620,0.23252907,0.24000000,0.23626453,1,1,261,178,150,150
B,3621,0.23252907,0.21153846,0.22203377,1,1,261,178,150,150
B,3622,0.20778321,0.25000000,0.22889161,1,1,261,178,150,150
B,3623,0.22466314,0.23076923,0.22771619,1,1,261,178,150,150
B,3624,0.22349268,0.24358945,0.23354107,1,1,261,178,150,150
B,3625,0.23622445,0.20553740,0.22088092,1,1,254,174,180,180
B,3626,0.22760091,0.25000000,0.23880045,1,1,261,178,150,150
B,3627,0.21933247,0.26057533,0.23995390,1,1,261,178,150,150
B,3628,0.21191295,0.22000000,0.21595648,1,1,254,174,180,180
B,3629,0.22285519,0.23076923,0.22681221,1,1,254,174,180,180
B,3630,0.23680340,0.24981529,0.24330934,1,1,261,178,150,150
B,3631,0.20529450,0.24057579,0.22293514,1,1,261,178,150,150
B,3632,0.22466314,0.25925926,0.24196120,1,1,261,178,150,150
B,3633,0.21080892,0.24981529,0.23031210,1,1,261,178,150,150
B,3634,0.23252907,0.26903185,0.25078046,1,1,261,178,150,150
B,3635,0.22349268,0.26923077,0.24636173,1,1,261,178,150,150
B,3636,0.20778321,0.24227338,0.22502830,1,1,261,178,150,150
B,3637,0.23252907,0.26000000,0.24626453,1,1,261,178,150,150
B,3638,0.24868381,0.24057579,0.24462980,1,1,261,178,150,150
B,3639,0.23252907,0.23076923,0.23164915,1,1,261,178,150,150
B,3640,0.22349268,0.25000000,0.23674634,1,1,261,178,150,150
B,3641,0.23252907,0.23076923,0.23164915,1,1,261,178,150,150
B,3642,0.21505814,0.25000000,0.23252907,1,1,261,178,150,150
B,3643,0.22760091,0.23155292,0.22957691,1,1,261,178,150,150
B,3644,0.21191295,0.24227338,0.22709317,1,1,261,178,150,150
B,3645,0.22760091,0.21428571,0.22094331,1,1,261,178,150,150
B,3646,0.22466314,0.24984072,0.23725193,1,1,261,178,150,150
B,3647,0.21080892,0.24981529,0.23031210,1,1,261,178,150,150
B,3648,0.22466314,0.23059873,0.22763094,1,1,261,178,150,150
B,3649,0.24383644,0.25908162,0.25145903,1,1,261,178,150,150
B,3650,0.23252907,0.25908162,0.24580534,1,1,261,178,150,150
B,3651,0.22349268,0.21414919,0.21882093,1,1,261,178,150,150
B,3652,0.23123203,0.22375487,0.22749345,1,1,261,178,150,150
B,3653,0.22704445,0.22360155,0.22532300,1,1,261,178,150,150
B,3654,0.22324958,0.23218914,0.22771936,1,1,261,178,150,150
B,3655,0.21191295,0.21576362,0.21383829,1,1,261,178,150,150
B,3656,0.22466314,0.23341193,0.22903753,1,1,261,178,150,150
B,3657,0.21505814,0.22222222,0.21864018,1,1,261,178,150,150
B,3658,0.22466314,0.21576362,0.22021338,1,1,261,178,150,150
B,3659,0.21080892,0.22222222,0.21651557,1,1,261,178,150,150
B,3660,0.22466314,0.24205681,0.23335998,1,1,261,178,150,150
B,3661,0.20778321,0.21576362,0.21177342,1,1,261,178,150,150
B,3662,0.20778321,0.21576362,0.21177342,1,1,261,178,150,150
B,3663,0.20778321,0.23076923,0.21927622,1,1,261,178,150,150
B,3664,0.20778321,0.23395241,0.22086781,1,1,261,178,150,150
B,3665,0.22466314,0.22375487,0.22420900,1,1,261,178,150,150
B,3666,0.21505814,0.22206996,0.21856405,1,1,261,178,150,150
B,3667,0.20863703,0.21576362,0.21220033,1,1,261,178,150,150
B,3668,0.20778321,0.23218914,0.21998618,1,1,261,178,150,150
B,3669,0.21191295,0.21414919,0.21303107,1,1,261,178,150,150
B,3670,0.20636965,0.22375487,0.21506226,1,1,261,178,150,150
B,3671,0.23252907,0.24057579,0.23655243,1,1,261,178,150,150
B,3672,0.25000000,0.24981529,0.24990764,1,1,261,178,150,150
B,3673,0.20778321,0.20509572,0.20643947,1,1,261,178,150,150
B,3674,0.22879288,0.22206996,0.22543142,1,1,261,178,150,150
B,3675,0.21505814,0.20356413,0.20931113,1,1,261,178,150,150
B,3676,0.22466314,0.22360155,0.22413235,1,1,261,178,150,150
B,3677,0.22344933,0.21428571,0.21886752,1,1,261,178,150,150
B,3678,0.22466314,0.22206996,0.22336655,1,1,261,178,150,150
B,3679,0.22344933,0.20356413,0.21350673,1,1,261,178,150,150
B,3680,0.20636965,0.23059873,0.21848419,1,1,261,178,150,150
B,3681,0.21730740,0.22360155,0.22045448,1,1,261,178,150,150
B,3682,0.19006781,0.21428571,0.20217676,1,1,261,178,150,150
B,3683,0.20636965,0.22360155,0.21498560,1,1,261,178,150,150
B,3684,0.19176598,0.19630342,0.19403470,1,1,261,178,150,150
B,3685,0.14687956,0.15042788,0.14865372,1,1,261,178,150,150
B,3686,0.15862537,0.18689074,0.17275805,1,1,261,178,150,150
B,3687,0.12428865,0.13190936,0.12809900,1,1,261,178,150,150
B,3688,0.15645996,0.16666667,0.16156332,1,1,261,178,150,150
B,3689,0.25906389,0.25000000,0.25453194,1,1,261,178,150,150
B,3690,0.23355311,0.28142136,0.25748723,1,1,261,161,150,151
B,3691,0.25898159,0.30797974,0.28348066,1,1,261,161,150,151
B,3692,0.30685366,0.30866135,0.30775751,1,1,261,161,150,151
B,3693,0.29663651,0.32098846,0.30881249,1,1,261,161,150,151
B,3694,0.30746497,0.32596013,0.31671255,1,1,261,145,150,150
B,3695,0.29724541,0.34696241,0.32210391,1,1,261,145,150,150
B,3696,0.32821584,0.32098846,0.32460215,1,1,261,145,150,150
B,3697,0.29663651,0.34126257,0.31894954,1,1,261,145,150,150
B,3698,0.30866135,0.32223262,0.31544698,1,1,261,145,150,150
B,3699,0.29663651,0.34207930,0.31935791,1,1,261,145,150,150
B,3700,0.30797974,0.27910828,0.29354401,1,1,261,145,150,150
B,3701,0.30746497,0.33218192,0.31982345,1,1,261,145,150,150
B,3702,0.32022208,0.33304436,0.32663322,1,1,261,145,150,150
B,3703,0.30797974,0.33563618,0.32180796,1,1,261,145,150,150
B,3704,0.31898089,0.35538573,0.33718331,1,1,261,145,150,150
B,3705,0.30917348,0.35385963,0.33151655,1,1,261,145,150,150
B,3706,0.32146327,0.33476703,0.32811515,1,1,261,145,150,150
B,3707,0.28194194,0.31222908,0.29708551,1,1,261,145,150,150
B,3708,0.26121246,0.30474281,0.28297764,1,1,261,145,150,150
B,3709,0.28082797,0.29314725,0.28698761,1,1,261,145,150,150
B,3710,0.26082196,0.31352500,0.28717348,1,1,261,145,150,150
B,3711,0.24311609,0.25085471,0.24698540,1,1,261,145,150,150
B,3712,0.23326331,0.25085471,0.24205901,1,1,261,145,150,150
B,3713,0.28119648,0.31222908,0.29671278,1,1,261,145,150,150
B,3714,0.27910828,0.31898089,0.29904459,1,1,261,145,150,150
B,3715,0.27910828,0.29065918,0.28488373,1,1,261,145,150,150
B,3716,0.25221319,0.27910828,0.26566074,1,1,261,145,150,150
B,3717,0.28261670,0.31500429,0.29881050,1,1,261,145,150,150
B,3718,0.23326331,0.29289311,0.26307821,1,1,261,145,150,150
B,3719,0.26843775,0.28194194,0.27518985,1,1,261,145,150,150
B,3720,0.27116308,0.28261670,0.27688989,1,1,261,145,150,150
B,3721,0.27116308,0.28261670,0.27688989,1,1,261,145,150,150
B,3722,0.27017162,0.33333333,0.30175247,1,1,261,145,150,150
B,3723,0.25085053,0.29976028,0.27530540,1,1,261,145,150,150
B,3724,0.27910828,0.29976028,0.28943428,1,1,261,145,150,150
B,3725,0.29904459,0.31222908,0.30563684,1,1,261,145,150,150
B,3726,0.25221319,0.31222908,0.28222114,1,1,261,145,150,150
B,3727,0.27910828,0.29976028,0.28943428,1,1,261,145,150,150
B,3728,0.25917198,0.31352500,0.28634849,1,1,261,145,150,150
B,3729,0.27116308,0.30124516,0.28620412,1,1,261,145,150,150
B,3730,0.28194194,0.27977626,0.28085910,1,1,261,145,150,150
B,3731,0.27116308,0.31398058,0.29257183,1,1,261,145,150,150
B,3732,0.26843775,0.31500429,0.29172102,1,1,261,145,150,150
B,3733,0.25062629,0.27380056,0.26221343,1,1,261,145,150,150
B,3734,0.27116308,0.27977626,0.27546967,1,1,261,145,150,150
B,3735,0.27800550,0.30434783,0.29117667,1,1,261,145,150,150
B,3736,0.26980042,0.25979224,0.26479633,1,1,261,145,150,150
B,3737,0.25917198,0.29141381,0.27529289,1,1,261,145,150,150
B,3738,0.27116308,0.29437240,0.28276774,1,1,261,145,150,150
B,3739,0.25277138,0.27977626,0.26627382,1,1,261,145,150,150
B,3740,0.27977626,0.29437240,0.28707433,1,1,261,145,150,150
B,3741,0.27910828,0.27977626,0.27944227,1,1,261,145,150,150
B,3742,0.24926363,0.27176321,0.26051342,1,1,261,145,150,150
B,3743,0.11529936,0.13130644,0.12330290,1,1,261,145,150,150
B,3744,0.15042788,0.13918009,0.14480399,1,1,261,145,150,150
B,3745,0.16655247,0.16374943,0.16515095,1,1,261,145,150,150
B,3746,0.16655247,0.16439899,0.16547573,1,1,261,145,150,150
B,3747,0.14814815,0.16194472,0.15504643,1,1,261,145,150,150
B,3748,0.14814815,0.13918009,0.14366412,1,1,261,145,150,150
B,3749,0.12962963,0.17446574,0.15204768,1,1,261,145,150,150
B,3750,0.14496304,0.13969085,0.14232694,1,1,261,145,150,150
B,3751,0.12781633,0.13918009,0.13349821,1,1,261,145,150,150
B,3752,0.07407407,0.08411787,0.07909597,1,1,261,145,150,150
B,3753,0.12954081,0.12608827,0.12781454,1,1,261,145,150,150
B,3754,0.13263477,0.14466976,0.13865227,1,1,261,145,150,150
B,3755,0.17498114,0.16864680,0.17181397,1,1,261,145,150,150
B,3756,0.19216561,0.18890811,0.19053686,1,1,261,145,150,150
B,3757,0.21138217,0.20966948,0.21052582,1,1,261,145,150,150
B,3758,0.21138217,0.21021384,0.21079800,1,1,261,145,150,150
B,3759,0.23377956,0.25322872,0.24350414,1,1,261,145,150,150
B,3760,0.19216561,0.20966948,0.20091754,1,1,261,145,150,150
B,3761,0.21153846,0.22127345,0.21640595,1,1,261,145,150,150
B,3762,0.21138217,0.20133714,0.20635965,1,1,261,145,150,150
B,3763,0.22360155,0.24088565,0.23224360,1,1,261,145,150,150
B,3764,0.23395241,0.25322872,0.24359057,1,1,261,145,150,150
B,3765,0.20370370,0.24088565,0.22229468,1,1,261,145,150,150
B,3766,0.20370370,0.27380056,0.23875213,1,1,261,145,150,150
B,3767,0.15621357,0.14466976,0.15044166,1,1,261,145,150,150
B,3768,0.17307692,0.16374943,0.16841318,1,1,261,145,150,150
B,3769,0.15517241,0.19553848,0.17535545,1,1,261,145,150,150
B,3770,0.12500000,0.15753577,0.14126788,1,1,261,145,150,150
B,3771,0.12954081,0.14524363,0.13739222,1,1,261,145,150,150
B,3772,0.08928571,0.11815628,0.10372100,1,1,261,145,150,150
B,3773,0.12962963,0.13733041,0.13348002,1,1,261,145,150,150
B,3774,0.18518519,0.21172526,0.19845522,1,1,261,145,150,150
B,3775,0.21153846,0.24253564,0.22703705,1,1,261,145,150,150
B,3776,0.23236082,0.25257298,0.24246690,1,1,261,145,150,150
B,3777,0.25140570,0.25322872,0.25231721,1,1,261,145,150,150
B,3778,0.23236082,0.25257298,0.24246690,1,1,261,145,150,150
B,3779,0.26903185,0.31974430,0.29438807,1,1,261,145,150,150
B,3780,0.25908162,0.27910828,0.26909495,1,1,261,145,150,150
B,3781,0.27059746,0.31500429,0.29280087,1,1,261,145,150,150
B,3782,0.23059873,0.23980822,0.23520348,1,1,261,145,150,150
B,3783,0.23980822,0.27977626,0.25979224,1,1,261,145,150,150
B,3784,0.27039753,0.28119648,0.27579700,1,1,261,145,150,150
B,3785,0.28846154,0.31974430,0.30410292,1,1,261,145,150,150
B,3786,0.28880562,0.28944479,0.28912520,1,1,261,145,150,150
B,3787,0.27039753,0.30100444,0.28570098,1,1,261,145,150,150
B,3788,0.29976028,0.30242466,0.30109247,1,1,261,145,150,150
B,3789,0.13461538,0.12285305,0.12873422,1,1,261,145,150,150
B,3790,0.20553740,0.23923567,0.22238653,1,1,261,145,150,150
B,3791,0.17845766,0.20331123,0.19088444,1,1,261,145,150,150
B,3792,0.14285714,0.15753577,0.15019645,1,1,261,145,150,150
B,3793,0.11850534,0.12559009,0.12204771,1,1,261,145,150,150
B,3794,0.19230769,0.22127345,0.20679057,1,1,261,145,150,150
B,3795,0.26903185,0.24253564,0.25578374,1,1,261,145,150,150
B,3796,0.27977626,0.27380056,0.27678841,1,1,261,145,150,150
B,3797,0.26843775,0.29437240,0.28140508,1,1,261,145,150,150
B,3798,0.26980042,0.28261670,0.27620856,1,1,261,145,150,150
B,3799,0.27176321,0.27977626,0.27576973,1,1,261,145,150,150
B,3800,0.28965880,0.28961409,0.28963645,1,1,261,145,150,150
B,3801,0.27977626,0.28261670,0.28119648,1,1,261,145,150,150
B,3802,0.27116308,0.29081047,0.28098677,1,1,261,145,150,150
B,3803,0.27039753,0.28261670,0.27650711,1,1,261,145,150,150
B,3804,0.30866135,0.29289311,0.30077723,1,1,261,145,150,150
B,3805,0.26980042,0.27977626,0.27478834,1,1,261,145,150,150
B,3806,0.28119648,0.28261670,0.28190659,1,1,261,145,150,150
B,3807,0.27059746,0.28119648,0.27589697,1,1,261,145,150,150
B,3808,0.26923077,0.26223879,0.26573478,1,1,261,145,150,150
B,3809,0.21153846,0.25150600,0.23152223,1,1,261,145,150,150
B,3810,0.20000000,0.20331123,0.20165561,1,1,261,161,150,151
B,3811,0.19406842,0.21172526,0.20289684,1,1,261,161,150,151
B,3812,0.18701888,0.17682618,0.18192253,1,1,261,161,150,151
B,3813,0.19230769,0.20331123,0.19780946,1,1,261,161,150,151
B,3814,0.19216561,0.20331123,0.19773842,1,1,261,161,150,151
B,3815,0.17294905,0.18385511,0.17840208,1,1,261,161,150,151
B,3816,0.16655247,0.19597124,0.18126185,1,1,261,161,150,151
B,3817,0.17294905,0.18940817,0.18117861,1,1,261,161,150,151
B,3818,0.19406842,0.20331123,0.19868982,1,1,261,161,150,151
B,3819,0.17307692,0.20331123,0.18819407,1,1,261,161,150,151
B,3820,0.15384615,0.20966948,0.18175782,1,1,261,161,150,151
B,3821,0.15621357,0.19553848,0.17587602,1,1,261,161,150,151
B,3822,0.18231631,0.17046943,0.17639287,1,1,261,161,150,151
B,3823,0.17307692,0.20133714,0.18720703,1,1,261,161,150,151
B,3824,0.18518519,0.18140084,0.18329301,1,1,261,161,150,151
B,3825,0.09252915,0.11159706,0.10206311,1,1,261,161,150,151
B,3826,0.12789782,0.11815628,0.12302705,1,1,261,161,150,151
B,3827,0.11103498,0.12082442,0.11592970,1,1,261,161,150,151
B,3828,0.09259259,0.12126782,0.10693020,1,1,261,161,150,151
B,3829,0.09259259,0.10719784,0.09989522,1,1,261,161,150,151
B,3830,0.03703704,0.07501282,0.05602493,1,1,261,161,150,151
B,3831,0.14814815,0.13969085,0.14391950,1,1,261,161,150,151
B,3832,0.09252915,0.08880560,0.09066738,1,1,261,161,150,151
B,3833,0.13190936,0.13918009,0.13554473,1,1,261,161,150,151
B,3834,0.09553223,0.11159706,0.10356465,1,1,261,161,150,151
B,3835,0.08928571,0.12021176,0.10474874,1,1,261,161,150,151
B,3836,0.09259259,0.13918009,0.11588634,1,1,261,161,150,151
B,3837,0.07402332,0.10762307,0.09082320,1,1,261,161,150,151
B,3838,0.08140266,0.08445155,0.08292710,1,1,261,161,150,151
B,3839,0.08146285,0.08880560,0.08513422,1,1,261,161,150,151
B,3840,0.07692308,0.12608827,0.10150567,1,1,261,161,150,151
B,3841,0.11103498,0.12153620,0.11628559,1,1,261,161,150,151
B,3842,0.11990411,0.10788064,0.11389238,1,1,261,161,150,151
B,3843,0.15609815,0.14570691,0.15090253,1,1,261,145,150,150
B,3844,0.20181899,0.19212761,0.19697330,1,1,261,161,150,151
B,3845,0.20133714,0.21039624,0.20586669,1,1,261,161,150,151
B,3846,0.18183497,0.20198039,0.19190768,1,1,261,161,150,151
B,3847,0.17294905,0.22916667,0.20105786,1,1,261,161,150,151
B,3848,0.20133714,0.20833333,0.20483524,1,1,261,161,150,151
B,3849,0.19363987,0.25172422,0.22268204,1,1,261,161,150,151
B,3850,0.21297258,0.25172422,0.23234840,1,1,261,161,150,151
B,3851,0.21138217,0.24146215,0.22642216,1,1,261,161,150,151
B,3852,0.23923567,0.24165525,0.24044546,1,1,261,161,150,151
B,3853,0.20133714,0.26086957,0.23110335,1,1,261,161,150,151
B,3854,0.21091538,0.26421833,0.23756685,1,1,261,161,150,151
B,3855,0.22094935,0.26242084,0.24168509,1,1,261,161,150,151
B,3856,0.19936306,0.25000000,0.22468153,1,1,261,161,150,151
B,3857,0.24088565,0.25000000,0.24544283,1,1,261,161,150,151
B,3858,0.22127345,0.21933669,0.22030507,1,1,261,161,150,151
B,3859,0.24253564,0.25150600,0.24702082,1,1,261,161,150,151
B,3860,0.20133714,0.23069072,0.21601393,1,1,261,161,150,151
B,3861,0.23923567,0.25172422,0.24547995,1,1,261,161,150,151
B,3862,0.20133714,0.21954390,0.21044052,1,1,261,161,150,151
B,3863,0.26082196,0.25000000,0.25541098,1,1,261,161,150,151
B,3864,0.24253564,0.24000000,0.24126782,1,1,261,161,150,151
B,3865,0.23167641,0.25172422,0.24170031,1,1,261,161,150,151
B,3866,0.22127345,0.21039624,0.21583484,1,1,261,161,150,151
B,3867,0.22127345,0.21954390,0.22040868,1,1,261,161,150,151
B,3868,0.21440089,0.23890474,0.22665282,1,1,261,161,150,151
B,3869,0.24253564,0.27255756,0.25754660,1,1,261,161,150,151
B,3870,0.23167641,0.24165525,0.23666583,1,1,261,145,150,150
B,3871,0.26058880,0.26266875,0.26162878,1,1,261,161,150,151
B,3872,0.21250228,0.23122957,0.22186593,1,1,261,161,150,151
B,3873,0.23167641,0.25150600,0.24159120,1,1,261,161,150,151
B,3874,0.23167641,0.23122957,0.23145299,1,1,261,161,150,151
B,3875,0.24088565,0.24000000,0.24044283,1,1,261,161,150,151
B,3876,0.22127345,0.23980822,0.23054083,1,1,261,161,150,151
B,3877,0.21250228,0.25150600,0.23200414,1,1,261,161,150,151
B,3878,0.21091538,0.23980822,0.22536180,1,1,261,161,150,151
B,3879,0.22127345,0.26062335,0.24094840,1,1,261,161,150,151
B,3880,0.21250228,0.23069072,0.22159650,1,1,261,161,150,151
B,3881,0.21091538,0.21021384,0.21056461,1,1,261,161,150,151
B,3882,0.21091538,0.24128303,0.22609921,1,1,261,161,150,151
B,3883,0.16194472,0.18956291,0.17575381,1,1,261,161,150,151
B,3884,0.17942675,0.18750000,0.18346338,1,1,261,161,150,151
B,3885,0.16233229,0.16492422,0.16362826,1,1,261,161,150,151
B,3886,0.15373249,0.17164713,0.16268981,1,1,261,161,150,151
B,3887,0.15373249,0.17926546,0.16649897,1,1,261,161,150,151
B,3888,0.16479243,0.16233229,0.16356236,1,1,261,161,150,151
B,3889,0.14278936,0.15837790,0.15058363,1,1,261,161,150,151
B,3890,0.13988813,0.16923137,0.15455975,1,1,261,161,150,151
B,3891,0.16908465,0.17179606,0.17044036,1,1,261,161,150,151
B,3892,0.16233229,0.17179606,0.16706418,1,1,261,161,150,151
B,3893,0.11504475,0.16652218,0.14078346,1,1,261,161,150,151
B,3894,0.15987215,0.17164713,0.16575964,1,1,261,161,150,151
B,3895,0.13451592,0.13164734,0.13308163,1,1,261,161,150,151
B,3896,0.19216561,0.16652218,0.17934389,1,1,261,161,150,151
B,3897,0.15609815,0.16652218,0.16131016,1,1,261,161,150,151
B,3898,0.11529936,0.17120264,0.14325100,1,1,261,161,150,151
B,3899,0.15609815,0.16864680,0.16237248,1,1,261,161,150,151
B,3900,0.15949045,0.13164734,0.14556889,1,1,261,161,150,151
B,3901,0.15987215,0.17120264,0.16553739,1,1,261,161,150,151
B,3902,0.15575344,0.17164713,0.16370029,1,1,261,161,150,151
B,3903,0.15575344,0.17120264,0.16347804,1,1,261,161,150,151
B,3904,0.15373249,0.17164713,0.16268981,1,1,261,161,150,151
B,3905,0.15339300,0.16233229,0.15786265,1,1,261,161,150,151
B,3906,0.16233229,0.17164713,0.16698971,1,1,261,161,150,151
B,3907,0.15575344,0.16652218,0.16113781,1,1,261,161,150,151
B,3908,0.15609815,0.17164713,0.16387264,1,1,261,161,150,151
B,3909,0.15609815,0.16652218,0.16131016,1,1,261,161,150,151
B,3910,0.15032481,0.18231631,0.16632056,1,1,261,161,150,151
B,3911,0.17256713,0.19196104,0.18226409,1,1,261,161,150,151
B,3912,0.11990411,0.12489163,0.12239787,1,1,261,161,150,151
B,3913,0.07402332,0.10762307,0.09082320,1,1,261,161,150,151
B,3914,0.11080753,0.11990411,0.11535582,1,1,261,161,150,151
B,3915,0.02000000,0.02076137,0.02038069,1,1,261,161,150,151
B,3916,0.06318285,0.08411787,0.07365036,1,1,261,161,150,151
B,3917,0.03693584,0.09992009,0.06842797,1,1,261,161,150,151
B,3918,0.07686624,0.07578485,0.07632554,1,1,261,161,150,151
B,3919,0.09608280,0.13164734,0.11386507,1,1,261,161,150,151
B,3920,0.07686624,0.10899018,0.09292821,1,1,261,161,150,151
B,3921,0.11841778,0.12608827,0.12225303,1,1,261,161,150,151
B,3922,0.08140266,0.12314707,0.10227486,1,1,261,161,150,151
B,3923,0.08140266,0.13164734,0.10652500,1,1,261,161,150,151
B,3924,0.07993607,0.12456822,0.10225215,1,1,261,161,150,151
B,3925,0.11111111,0.11961783,0.11536447,1,1,261,161,150,151
B,3926,0.08122290,0.10745422,0.09433856,1,1,261,161,150,151
B,3927,0.11841778,0.12793733,0.12317756,1,1,261,161,150,151
B,3928,0.07669650,0.10407636,0.09038643,1,1,261,161,150,151
B,3929,0.07686624,0.11207705,0.09447165,1,1,261,161,150,151
B,3930,0.11529936,0.13164734,0.12347335,1,1,261,161,150,151
B,3931,0.09992009,0.10870795,0.10431402,1,1,261,161,150,151
B,3932,0.11529936,0.10717596,0.11123766,1,1,261,161,150,151
B,3933,0.11529936,0.12608827,0.12069382,1,1,261,161,150,151
B,3934,0.09608280,0.12793733,0.11201007,1,1,261,161,150,151
B,3935,0.09608280,0.10788064,0.10198172,1,1,261,161,150,151
B,3936,0.07387169,0.10788064,0.09087616,1,1,261,161,150,151
B,3937,0.07387169,0.10407636,0.08897402,1,1,261,161,150,151
B,3938,0.07545184,0.09992009,0.08768597,1,1,261,161,150,151
B,3939,0.11103498,0.12489163,0.11796331,1,1,261,161,150,151
B,3940,0.09233961,0.10000000,0.09616980,1,1,261,161,150,151
B,3941,0.10976103,0.10324555,0.10650329,1,1,261,161,150,151
B,3942,0.07138306,0.10472136,0.08805221,1,1,261,161,150,151
B,3943,0.10338683,0.11841778,0.11090230,1,1,261,161,150,151
B,3944,0.10707459,0.12324555,0.11516007,1,1,261,178,150,150
B,3945,0.10997056,0.10316305,0.10656681,1,1,261,178,150,150
B,3946,0.09326360,0.11990411,0.10658386,1,1,261,178,150,150
B,3947,0.10687058,0.11990411,0.11338734,1,1,261,178,150,150
B,3948,0.10338683,0.11850534,0.11094608,1,1,261,178,150,150
B,3949,0.14687956,0.11529936,0.13108946,1,1,261,178,150,150
B,3950,0.11103498,0.11529936,0.11316717,1,1,261,178,150,150
B,3951,0.11080753,0.10000000,0.10540376,1,1,261,178,150,150
B,3952,0.10707459,0.09615385,0.10161422,1,1,261,178,150,150
B,3953,0.10687058,0.11529936,0.11108497,1,1,261,178,150,150
B,3954,0.10997056,0.10000000,0.10498528,1,1,261,178,150,150
B,3955,0.10320314,0.11850534,0.11085424,1,1,261,178,150,150
B,3956,0.09194927,0.10416667,0.09805797,1,1,261,178,150,150
B,3957,0.10707459,0.10324555,0.10516007,1,1,261,178,150,150
B,3958,0.12061796,0.13451592,0.12756694,1,1,261,178,150,150
B,3959,0.10338683,0.09608280,0.09973481,1,1,261,178,150,150
B,3960,0.10320314,0.11538462,0.10929388,1,1,261,178,150,150
B,3961,0.10618306,0.10316305,0.10467305,1,1,261,178,150,150
B,3962,0.07559588,0.09615385,0.08587486,1,1,261,178,150,150
B,3963,0.10320314,0.11538462,0.10929388,1,1,261,178,150,150
B,3964,0.10320314,0.11850534,0.11085424,1,1,261,178,150,150
B,3965,0.10320314,0.13461538,0.11890926,1,1,261,178,150,150
B,3966,0.10618306,0.11529936,0.11074121,1,1,261,178,150,150
B,3967,0.12040366,0.13451592,0.12745979,1,1,261,178,150,150
B,3968,0.12061796,0.12954081,0.12507939,1,1,261,178,150,150
B,3969,0.10997056,0.12954081,0.11975569,1,1,261,178,150,150
B,3970,0.10320314,0.12962963,0.11641638,1,1,261,178,150,150
B,3971,0.11080753,0.14246211,0.12663482,1,1,261,178,150,150
B,3972,0.12781633,0.11529936,0.12155785,1,1,261,178,150,150
B,3973,0.10599440,0.12954081,0.11776760,1,1,261,178,150,150
B,3974,0.13972166,0.15373249,0.14672707,1,1,261,178,150,150
B,3975,0.13760418,0.15609815,0.14685117,1,1,261,178,150,150
B,3976,0.14468683,0.13698280,0.14083481,1,1,261,178,150,150
B,3977,0.10707459,0.11538462,0.11122960,1,1,261,178,150,150
B,3978,0.12468234,0.15373249,0.13920741,1,1,261,178,150,150
B,3979,0.12040366,0.13763434,0.12901900,1,1,261,178,150,150
B,3980,0.10320314,0.11529936,0.10925125,1,1,261,178,150,150
B,3981,0.10687058,0.11529936,0.11108497,1,1,261,178,150,150
B,3982,0.10687058,0.09615385,0.10151221,1,1,261,178,150,150
B,3983,0.10618306,0.11411625,0.11014965,1,1,261,178,150,150
B,3984,0.10289915,0.11103498,0.10696706,1,1,261,178,150,150
B,3985,0.13972166,0.12954081,0.13463124,1,1,261,178,150,150
B,3986,0.14249410,0.14234827,0.14242119,1,1,261,178,150,150
B,3987,0.10687058,0.12314707,0.11500883,1,1,261,178,150,150
B,3988,0.09285437,0.07686624,0.08486031,1,1,261,178,150,150
B,3989,0.10289915,0.11529936,0.10909926,1,1,261,178,150,150
B,3990,0.10320314,0.11103498,0.10711906,1,1,261,178,150,150
B,3991,0.13972166,0.14804664,0.14388415,1,1,261,178,150,150
B,3992,0.12468234,0.11529936,0.11999085,1,1,261,178,150,150
B,3993,0.10320314,0.11080753,0.10700533,1,1,261,178,150,150
B,3994,0.10320314,0.13254389,0.11787351,1,1,261,178,150,150
B,3995,0.13719886,0.13461538,0.13590712,1,1,261,178,150,150
B,3996,0.10599440,0.10061922,0.10330681,1,1,261,178,150,150
B,3997,0.10599440,0.09252915,0.09926177,1,1,261,178,150,150
B,3998,0.13972166,0.10069362,0.12020764,1,1,261,178,150,150
B,3999,0.13972166,0.12954081,0.13463124,1,1,261,178,150,150
B,4000,0.10599440,0.13763434,0.12181437,1,1,261,178,150,150
B,4001,0.10976103,0.09689778,0.10332941,1,1,261,178,150,150
B,4002,0.10599440,0.11538462,0.11068951,1,1,261,178,150,150
B,4003,0.10687058,0.11411625,0.11049342,1,1,261,178,150,150
B,4004,0.10320314,0.11850534,0.11085424,1,1,261,178,150,150
B,4005,0.10976103,0.09259259,0.10117681,1,1,261,178,150,150
B,4006,0.10599440,0.09259259,0.09929350,1,1,261,178,150,150
B,4007,0.10599440,0.09615385,0.10107412,1,1,261,178,150,150
B,4008,0.10976103,0.11411625,0.11193864,1,1,261,178,150,150
B,4009,0.12040366,0.09608280,0.10824323,1,1,261,178,150,150
B,4010,0.14183914,0.09615385,0.11899649,1,1,261,178,150,150
B,4011,0.10846523,0.09689778,0.10268151,1,1,261,178,150,150
B,4012,0.12319492,0.13181898,0.12750695,1,1,261,178,150,150
B,4013,0.12040366,0.11111111,0.11575739,1,1,261,178,150,150
B,4014,0.13760418,0.15609815,0.14685117,1,1,261,178,150,150
B,4015,0.12040366,0.12954081,0.12497223,1,1,261,178,150,150
B,4016,0.12976552,0.13763434,0.13369993,1,1,261,178,150,150
B,4017,0.12757279,0.15575344,0.14166312,1,1,261,178,150,150
B,4018,0.18405255,0.17492757,0.17949006,1,1,261,178,150,150
B,4019,0.07286258,0.09252915,0.08269587,1,1,261,178,150,150
B,4020,0.06880209,0.03703704,0.05291956,1,1,261,178,150,150
B,4021,0.07692308,0.11111111,0.09401709,1,1,261,178,150,150
B,4022,0.10976103,0.09259259,0.10117681,1,1,261,178,150,150
B,4023,0.16803998,0.19174125,0.17989061,1,1,261,178,150,150
B,4024,0.10976103,0.11529936,0.11253020,1,1,261,178,150,150
B,4025,0.12757279,0.13451592,0.13104436,1,1,261,178,150,150
B,4026,0.16198549,0.17485186,0.16841868,1,1,261,178,150,150
B,4027,0.14641577,0.17294905,0.15968241,1,1,261,178,150,150
B,4028,0.14641577,0.17985617,0.16313597,1,1,261,178,150,150
B,4029,0.14422997,0.19363987,0.16893492,1,1,261,178,150,150
B,4030,0.15979969,0.17942675,0.16961322,1,1,261,178,150,150
B,4031,0.16374363,0.16655247,0.16514805,1,1,261,178,150,150
B,4032,0.14641577,0.17498114,0.16069846,1,1,261,178,150,150
B,4033,0.14468683,0.15339300,0.14903992,1,1,261,178,150,150
B,4034,0.16374363,0.15609815,0.15992089,1,1,261,178,150,150
B,4035,0.16198549,0.17256713,0.16727631,1,1,261,178,150,150
B,4036,0.16302568,0.15373249,0.15837908,1,1,261,178,150,150
B,4037,0.17755521,0.17985617,0.17870569,1,1,261,178,150,150
B,4038,0.17755521,0.17942675,0.17849098,1,1,261,178,150,150
B,4039,0.18107149,0.17446574,0.17776862,1,1,261,178,150,150
B,4040,0.18107149,0.17256713,0.17681931,1,1,261,178,150,150
B,4041,0.16374363,0.18685233,0.17529798,1,1,261,178,150,150
B,4042,0.16374363,0.17942675,0.17158519,1,1,261,178,150,150
B,4043,0.16374363,0.15373249,0.15873806,1,1,261,178,150,150
B,4044,0.14641577,0.15949045,0.15295311,1,1,261,178,150,150
B,4045,0.14422997,0.15987215,0.15205106,1,1,261,178,150,150
B,4046,0.14641577,0.13451592,0.14046585,1,1,261,178,150,150
B,4047,0.14204417,0.19174125,0.16689271,1,1,261,178,150,150
B,4048,0.16374363,0.15609815,0.15992089,1,1,261,178,150,150
B,4049,0.15979969,0.15609815,0.15794892,1,1,261,178,150,150
B,4050,0.16374363,0.15575344,0.15974854,1,1,261,178,150,150
B,4051,0.14249410,0.16233229,0.15241320,1,1,261,178,150,150
B,4052,0.14422997,0.15373249,0.14898123,1,1,261,178,150,150
B,4053,0.14204417,0.16194472,0.15199444,1,1,261,178,150,150
B,4054,0.14468683,0.14313109,0.14390896,1,1,261,178,150,150
B,4055,0.14204417,0.14313109,0.14258763,1,1,261,178,150,150
B,4056,0.16564729,0.15373249,0.15968989,1,1,261,178,150,150
B,4057,0.15815814,0.15373249,0.15594531,1,1,261,178,150,150
B,4058,0.14204417,0.14804664,0.14504540,1,1,261,178,150,150
B,4059,0.14204417,0.13451592,0.13828005,1,1,261,178,150,150
B,4060,0.10289915,0.11850534,0.11070224,1,1,261,178,150,150
B,4061,0.14641577,0.14000000,0.14320789,1,1,261,178,150,150
B,4062,0.12976552,0.12000000,0.12488276,1,1,261,178,150,150
B,4063,0.10976103,0.11538462,0.11257282,1,1,261,178,150,150
B,4064,0.10846523,0.11529936,0.11188230,1,1,261,178,150,150
B,4065,0.10653312,0.09992009,0.10322661,1,1,261,178,150,150
B,4066,0.12494329,0.13988813,0.13241571,1,1,261,178,150,150
B,4067,0.10568219,0.12954081,0.11761150,1,1,261,178,150,150
B,4068,0.14422997,0.15373249,0.14898123,1,1,261,178,150,150
B,4069,0.12004901,0.11529936,0.11767419,1,1,261,178,150,150
B,4070,0.16374363,0.17485186,0.16929775,1,1,261,178,150,150
B,4071,0.11229577,0.11538462,0.11384020,1,1,261,178,150,150
B,4072,0.10568219,0.11538462,0.11053340,1,1,261,178,150,150
B,4073,0.10976103,0.13451592,0.12213848,1,1,261,178,150,150
B,4074,0.10976103,0.12000000,0.11488052,1,1,261,178,150,150
B,4075,0.14249410,0.17294905,0.15772158,1,1,261,178,150,150
B,4076,0.10976103,0.10463768,0.10719936,1,1,261,178,150,150
B,4077,0.14249410,0.13451592,0.13850501,1,1,261,178,150,150
B,4078,0.13760418,0.11529936,0.12645177,1,1,261,178,150,150
B,4079,0.10976103,0.12954081,0.11965092,1,1,261,178,150,150
B,4080,0.10687058,0.09615385,0.10151221,1,1,254,174,180,180
B,4081,0.10878566,0.09920122,0.10399344,1,1,254,174,180,180
B,4082,0.13719886,0.14804664,0.14262275,1,1,261,178,150,150
B,4083,0.13931011,0.12954081,0.13442546,1,1,261,178,150,150
B,4084,0.10687058,0.11841778,0.11264418,1,1,254,174,180,180
B,4085,0.10599440,0.11103498,0.10851469,1,1,254,174,180,180
B,4086,0.07521359,0.09608280,0.08564820,1,1,254,174,180,180
B,4087,0.12040366,0.11103498,0.11571932,1,1,261,178,150,150
B,4088,0.12004901,0.13254389,0.12629645,1,1,261,178,150,150
B,4089,0.14468683,0.11529936,0.12999310,1,1,261,178,150,150
B,4090,0.14183914,0.11529936,0.12856925,1,1,254,174,180,180
B,4091,0.14249410,0.11529936,0.12889673,1,1,254,174,180,180
B,4092,0.10878566,0.11080753,0.10979659,1,1,254,174,180,180
B,4093,0.10320314,0.09968153,0.10144233,1,1,254,174,180,180
B,4094,0.14249410,0.14804664,0.14527037,1,1,261,178,150,150
B,4095,0.14641577,0.13451592,0.14046585,1,1,261,178,150,150
B,4096,0.13719886,0.13451592,0.13585739,1,1,261,178,150,150
B,4097,0.12468234,0.11990411,0.12229323,1,1,254,174,180,180
B,4098,0.14183914,0.15987215,0.15085564,1,1,254,174,180,180
B,4099,0.14468683,0.13988813,0.14228748,1,1,254,174,180,180
B,4100,0.18164506,0.17256713,0.17710609,1,1,261,178,150,150
B,4101,0.15979969,0.17294905,0.16637437,1,1,261,178,150,150
B,4102,0.17755521,0.17256713,0.17506117,1,1,261,178,150,150
B,4103,0.17755521,0.17256713,0.17506117,1,1,261,178,150,150
B,4104,0.17149858,0.17531471,0.17340665,1,1,261,178,150,150
B,4105,0.17755521,0.17256713,0.17506117,1,1,261,178,150,150
B,4106,0.18107149,0.17256713,0.17681931,1,1,261,178,150,150
B,4107,0.17755521,0.19216561,0.18486041,1,1,261,178,150,150
B,4108,0.16374363,0.17294905,0.16834634,1,1,261,178,150,150
B,4109,0.18027756,0.19363987,0.18695871,1,1,261,178,150,150
B,4110,0.19531073,0.20181899,0.19856486,1,1,261,178,150,150
B,4111,0.17931335,0.15373249,0.16652292,1,1,261,178,150,150
B,4112,0.18107149,0.17985617,0.18046383,1,1,261,178,150,150
B,4113,0.14204417,0.16246211,0.15225314,1,1,261,178,150,150
B,4114,0.10941445,0.13988813,0.12465129,1,1,261,178,150,150
B,4115,0.13931011,0.14774337,0.14352674,1,1,261,178,150,150
B,4116,0.13931011,0.15373249,0.14652130,1,1,261,178,150,150
B,4117,0.10653312,0.11529936,0.11091624,1,1,254,174,180,180
B,4118,0.13719886,0.15339300,0.14529593,1,1,261,178,150,150
B,4119,0.15434872,0.15384615,0.15409744,1,1,261,178,150,150
B,4120,0.14422997,0.14246211,0.14334604,1,1,261,178,150,150
B,4121,0.15434872,0.15373249,0.15404060,1,1,254,174,180,180
B,4122,0.14422997,0.15987215,0.15205106,1,1,261,178,150,150
B,4123,0.14204417,0.15987215,0.15095816,1,1,261,178,150,150
B,4124,0.09258086,0.10061922,0.09660004,1,1,254,174,180,180
B,4125,0.14422997,0.12000000,0.13211498,1,1,254,174,180,180
B,4126,0.10653312,0.11529936,0.11091624,1,1,261,178,150,150
B,4127,0.12716997,0.13461538,0.13089268,1,1,261,178,150,150
B,4128,0.10653312,0.13451592,0.12052452,1,1,261,178,150,150
B,4129,0.14468683,0.13763434,0.14116059,1,1,261,178,150,150
B,4130,0.12040366,0.11529936,0.11785151,1,1,261,178,150,150
B,4131,0.10976103,0.11850534,0.11413319,1,1,261,178,150,150
B,4132,0.13719886,0.13688159,0.13704023,1,1,261,178,150,150
B,4133,0.10687058,0.10381434,0.10534246,1,1,254,174,180,180
B,4134,0.10289915,0.08140266,0.09215090,1,1,254,174,180,180
B,4135,0.10219492,0.11529936,0.10874714,1,1,254,174,180,180
B,4136,0.13972166,0.11850534,0.12911350,1,1,254,174,180,180
B,4137,0.10599440,0.11111111,0.10855275,1,1,254,174,180,180
B,4138,0.10289915,0.09927457,0.10108686,1,1,254,174,180,180
B,4139,0.12004901,0.09920122,0.10962511,1,1,254,174,180,180
B,4140,0.13719886,0.15373249,0.14546567,1,1,261,178,150,150
B,4141,0.14422997,0.14583333,0.14503165,1,1,261,178,150,150
B,4142,0.14422997,0.13988813,0.14205905,1,1,261,178,150,150
B,4143,0.14422997,0.14000000,0.14211498,1,1,261,178,150,150
B,4144,0.12716997,0.11990411,0.12353704,1,1,261,178,150,150
B,4145,0.12716997,0.14000000,0.13358499,1,1,261,178,150,150
B,4146,0.14422997,0.14000000,0.14211498,1,1,261,178,150,150
B,4147,0.14641577,0.13988813,0.14315195,1,1,261,178,150,150
B,4148,0.14641577,0.14000000,0.14320789,1,1,261,178,150,150
B,4149,0.14422997,0.11990411,0.13206704,1,1,261,178,150,150
B,4150,0.14641577,0.13988813,0.14315195,1,1,261,178,150,150
B,4151,0.14422997,0.12314707,0.13368852,1,1,261,178,150,150
B,4152,0.14422997,0.11990411,0.13206704,1,1,261,178,150,150
B,4153,0.13454588,0.12000000,0.12727294,1,1,254,174,180,180
B,4154,0.14422997,0.11990411,0.13206704,1,1,261,178,150,150
B,4155,0.12716997,0.12314707,0.12515852,1,1,261,178,150,150
B,4156,0.14468683,0.13988813,0.14228748,1,1,261,178,150,150
B,4157,0.13719886,0.13461538,0.13590712,1,1,261,178,150,150
B,4158,0.12004901,0.11538462,0.11771681,1,1,261,178,150,150
B,4159,0.12040366,0.13461538,0.12750952,1,1,261,178,150,150
B,4160,0.06859943,0.09608280,0.08234112,1,1,261,178,150,150
B,4161,0.13760418,0.14804664,0.14282541,1,1,261,178,150,150
B,4162,0.10976103,0.10788064,0.10882084,1,1,261,178,150,150
B,4163,0.14422997,0.13988813,0.14205905,1,1,261,178,150,150
B,4164,0.16155783,0.20000000,0.18077892,1,1,261,178,150,150
B,4165,0.19591742,0.19984019,0.19787880,1,1,261,178,150,150
B,4166,0.23127276,0.24311609,0.23719442,1,1,261,178,150,150
B,4167,0.19853837,0.19216561,0.19535199,1,1,261,178,150,150
B,4168,0.21600524,0.21138217,0.21369370,1,1,261,178,150,150
B,4169,0.23252907,0.21982420,0.22617664,1,1,261,178,150,150
B,4170,0.21359509,0.19984019,0.20671764,1,1,261,178,150,150
B,4171,0.21453574,0.19216561,0.20335068,1,1,261,178,150,150
B,4172,0.20721766,0.22513314,0.21617540,1,1,261,178,150,150
B,4173,0.20721766,0.19363987,0.20042876,1,1,261,178,150,150
B,4174,0.20863703,0.21091538,0.20977621,1,1,261,178,150,150
B,4175,0.17319675,0.17485186,0.17402431,1,1,261,178,150,150
B,4176,0.20782984,0.21250228,0.21016606,1,1,261,178,150,150
B,4177,0.21453574,0.24057579,0.22755577,1,1,261,178,150,150
B,4178,0.19678022,0.23167641,0.21422831,1,1,261,178,150,150
B,4179,0.21600524,0.19174125,0.20387325,1,1,261,178,150,150
B,4180,0.19678022,0.19216561,0.19447292,1,1,261,178,150,150
B,4181,0.21453574,0.21328498,0.21391036,1,1,261,178,150,150
B,4182,0.17755521,0.16621129,0.17188325,1,1,261,178,150,150
B,4183,0.19176598,0.19216561,0.19196579,1,1,261,178,150,150
B,4184,0.19531073,0.19406842,0.19468957,1,1,261,178,150,150
B,4185,0.19766785,0.21281399,0.20524092,1,1,261,178,150,150
B,4186,0.19034661,0.19984019,0.19509340,1,1,261,178,150,150
B,4187,0.21453574,0.19216561,0.20335068,1,1,261,178,150,150
B,4188,0.20579830,0.21091538,0.20835684,1,1,261,178,150,150
B,4189,0.19853837,0.19174125,0.19513981,1,1,261,178,150,150
B,4190,0.20721766,0.20509572,0.20615669,1,1,261,178,150,150
B,4191,0.17931335,0.19174125,0.18552730,1,1,261,178,150,150
B,4192,0.17931335,0.17446574,0.17688955,1,1,261,178,150,150
B,4193,0.19034661,0.16655247,0.17844954,1,1,261,178,150,150
B,4194,0.15815814,0.15373249,0.15594531,1,1,261,178,150,150
B,4195,0.15434872,0.12954081,0.14194477,1,1,261,178,150,150
B,4196,0.14183914,0.13451592,0.13817753,1,1,261,178,150,150
B,4197,0.17417919,0.17294905,0.17356412,1,1,261,178,150,150
B,4198,0.16198549,0.16194472,0.16196510,1,1,261,178,150,150
B,4199,0.14204417,0.14313109,0.14258763,1,1,261,178,150,150
B,4200,0.15815814,0.15575344,0.15695579,1,1,261,178,150,150
B,4201,0.15979969,0.19174125,0.17577047,1,1,261,178,150,150
B,4202,0.15815814,0.17485186,0.16650500,1,1,261,178,150,150
B,4203,0.15979969,0.16655247,0.16317608,1,1,261,178,150,150
B,4204,0.18027756,0.23008950,0.20518353,1,1,261,178,150,150
B,4205,0.17677670,0.21138217,0.19407943,1,1,261,178,150,150
B,4206,0.18027756,0.17294905,0.17661331,1,1,261,178,150,150
B,4207,0.15909903,0.17492757,0.16701330,1,1,261,178,150,150
B,4208,0.17852713,0.19216561,0.18534637,1,1,261,178,150,150
B,4209,0.19034661,0.19174125,0.19104393,1,1,261,178,150,150
B,4210,0.17677670,0.18872318,0.18274994,1,1,261,178,150,150
B,4211,0.19176598,0.21138217,0.20157407,1,1,261,178,150,150
B,4212,0.18107149,0.19174125,0.18640637,1,1,261,178,150,150
B,4213,0.17319675,0.16621129,0.16970402,1,1,261,178,150,150
B,4214,0.19678022,0.18650790,0.19164406,1,1,261,178,150,150
B,4215,0.19591742,0.21521531,0.20556636,1,1,261,178,150,150
B,4216,0.19176598,0.19174125,0.19175361,1,1,261,178,150,150
B,4217,0.17417919,0.20356413,0.18887166,1,1,261,178,150,150
B,4218,0.17417919,0.18689074,0.18053496,1,1,261,178,150,150
B,4219,0.17417919,0.18467921,0.17942920,1,1,261,178,150,150
B,4220,0.17852713,0.18505830,0.18179271,1,1,261,178,150,150
B,4221,0.19591742,0.17031348,0.18311545,1,1,261,178,150,150
B,4222,0.19098120,0.21091538,0.20094829,1,1,234,174,180,180
B,4223,0.19445436,0.19216561,0.19330999,1,1,261,178,150,150
B,4224,0.19034661,0.18467921,0.18751291,1,1,261,178,150,150
B,4225,0.20721766,0.19592939,0.20157353,1,1,234,174,180,180
B,4226,0.18928998,0.20782984,0.19855991,1,1,234,174,180,180
B,4227,0.19961286,0.21521531,0.20741408,1,1,234,174,180,180
B,4228,0.17248796,0.20650428,0.18949612,1,1,234,174,180,180
B,4229,0.17149858,0.18467921,0.17808890,1,1,234,174,180,180
B,4230,0.20636965,0.21521531,0.21079248,1,1,234,174,180,180
B,4231,0.20636965,0.17811763,0.19224364,1,1,234,174,180,180
B,4232,0.19098120,0.21091538,0.20094829,1,1,261,178,150,150
B,4233,0.19098120,0.20356413,0.19727266,1,1,261,178,150,150
B,4234,0.21505814,0.20509572,0.21007693,1,1,261,178,150,150
B,4235,0.23252907,0.23008950,0.23130929,1,1,261,178,150,150
B,4236,0.20778321,0.21281399,0.21029860,1,1,261,178,150,150
B,4237,0.21505814,0.21138217,0.21322015,1,1,261,178,150,150
B,4238,0.21505814,0.21138217,0.21322015,1,1,261,178,150,150
B,4239,0.21810904,0.21138217,0.21474561,1,1,261,178,150,150
B,4240,0.23252907,0.24146215,0.23699561,1,1,261,178,150,150
B,4241,0.21385855,0.20000000,0.20692928,1,1,261,178,150,150
B,4242,0.20483441,0.20815272,0.20649357,1,1,261,178,150,150
B,4243,0.21505814,0.22896799,0.22201307,1,1,261,178,150,150
B,4244,0.22285519,0.22896799,0.22591159,1,1,261,178,150,150
B,4245,0.24095954,0.25150600,0.24623277,1,1,261,178,150,150
B,4246,0.23252907,0.23980822,0.23616865,1,1,261,178,150,150
B,4247,0.23252907,0.22916667,0.23084787,1,1,261,178,150,150
B,4248,0.24154307,0.25979224,0.25066766,1,1,261,178,150,150
B,4249,0.21505814,0.21982420,0.21744117,1,1,261,178,150,150
B,4250,0.23355311,0.24146215,0.23750763,1,1,261,178,150,150
B,4251,0.23229127,0.21982420,0.22605773,1,1,261,178,150,150
B,4252,0.21453574,0.21982420,0.21717997,1,1,261,178,150,150
B,4253,0.22285519,0.21982420,0.22133970,1,1,261,178,150,150
B,4254,0.21505814,0.23923567,0.22714690,1,1,261,178,150,150
B,4255,0.24095954,0.23980822,0.24038388,1,1,261,178,150,150
B,4256,0.24860551,0.25979224,0.25419888,1,1,261,178,150,150
B,4257,0.23622445,0.23980822,0.23801633,1,1,261,178,150,150
B,4258,0.23252907,0.23980822,0.23616865,1,1,261,178,150,150
B,4259,0.23355311,0.23980822,0.23668067,1,1,261,178,150,150
B,4260,0.26131953,0.24146215,0.25139084,1,1,261,178,150,150
B,4261,0.17319675,0.21138217,0.19228946,1,1,261,178,150,150
B,4262,0.06880209,0.07839195,0.07359702,1,1,261,178,150,150
B,4263,0.09258086,0.09559774,0.09408930,1,1,261,178,150,150
B,4264,0.10846523,0.11111111,0.10978817,1,1,261,178,150,150
B,4265,0.12004901,0.11529936,0.11767419,1,1,261,178,150,150
B,4266,0.15751089,0.14804664,0.15277877,1,1,261,178,150,150
B,4267,0.16030587,0.15384615,0.15707601,1,1,261,178,150,150
B,4268,0.19445436,0.19216561,0.19330999,1,1,261,178,150,150
B,4269,0.17417919,0.19216561,0.18317240,1,1,261,178,150,150
B,4270,0.19591742,0.17256713,0.18424227,1,1,261,178,150,150
B,4271,0.17931335,0.17294905,0.17613120,1,1,261,178,150,150
B,4272,0.19766785,0.17256713,0.18511749,1,1,261,178,150,150
B,4273,0.19098120,0.17985617,0.18541868,1,1,261,178,150,150
B,4274,0.21505814,0.22161506,0.21833660,1,1,261,178,150,150
B,4275,0.22436752,0.22314351,0.22375552,1,1,234,174,180,180
B,4276,0.21453574,0.23167641,0.22310607,1,1,234,174,180,180
B,4277,0.19706887,0.18505830,0.19106359,1,1,261,178,150,150
B,4278,0.20636965,0.18467921,0.19552443,1,1,234,174,180,180
B,4279,0.21359509,0.21091538,0.21225523,1,1,234,174,180,180
B,4280,0.19678022,0.23008950,0.21343486,1,1,234,174,180,180
B,4281,0.21359509,0.21440089,0.21399799,1,1,234,174,180,180
B,4282,0.21453574,0.20314714,0.20884144,1,1,234,174,180,180
B,4283,0.18956764,0.17811763,0.18384264,1,1,234,174,180,180
B,4284,0.18928998,0.20314714,0.19621856,1,1,234,174,180,180
B,4285,0.19006781,0.18467921,0.18737351,1,1,234,174,180,180
B,4286,0.17319675,0.18467921,0.17893798,1,1,234,174,180,180
B,4287,0.18928998,0.18467921,0.18698460,1,1,234,174,180,180
B,4288,0.18787642,0.20314714,0.19551178,1,1,234,174,180,180
B,4289,0.19961286,0.19778039,0.19869662,1,1,234,174,180,180
B,4290,0.21453574,0.20314714,0.20884144,1,1,234,174,180,180
B,4291,0.19098120,0.19630342,0.19364231,1,1,234,174,180,180
B,4292,0.21505814,0.20356413,0.20931113,1,1,234,174,180,180
B,4293,0.18864844,0.20356413,0.19610628,1,1,234,174,180,180
B,4294,0.20037997,0.19592939,0.19815468,1,1,234,174,180,180
B,4295,0.17248796,0.20314714,0.18781755,1,1,234,174,180,180
B,4296,0.17248796,0.20314714,0.18781755,1,1,234,174,180,180
B,4297,0.19034661,0.20356413,0.19695537,1,1,234,174,180,180
B,4298,0.19034661,0.18505830,0.18770245,1,1,234,174,180,180
B,4299,0.20721766,0.20509572,0.20615669,1,1,234,174,180,180
B,4300,0.19034661,0.18505830,0.18770245,1,1,234,174,180,180
B,4301,0.17931335,0.18505830,0.18218582,1,1,234,174,180,180
B,4302,0.19006781,0.18505830,0.18756305,1,1,234,174,180,180
B,4303,0.19678022,0.20509572,0.20093797,1,1,234,174,180,180
B,4304,0.19098120,0.19592939,0.19345530,1,1,261,178,150,150
B,4305,0.21359509,0.20314714,0.20837111,1,1,261,178,150,150
B,4306,0.20863703,0.21138217,0.21000960,1,1,234,174,180,180
B,4307,0.20778321,0.23008950,0.21893636,1,1,261,178,150,150
B,4308,0.20721766,0.20314714,0.20518240,1,1,261,178,150,150
B,4309,0.20636965,0.20356413,0.20496689,1,1,234,174,180,180
B,4310,0.23127276,0.23059873,0.23093574,1,1,261,178,150,150
B,4311,0.22344933,0.22161506,0.22253219,1,1,261,178,150,150
B,4312,0.19006781,0.22206996,0.20606888,1,1,234,174,180,180
B,4313,0.18864844,0.20497582,0.19681213,1,1,234,174,180,180
B,4314,0.17248796,0.18650790,0.17949793,1,1,234,174,180,180
B,4315,0.19961286,0.20356413,0.20158850,1,1,234,174,180,180
B,4316,0.20037997,0.18022474,0.19030235,1,1,234,174,180,180
B,4317,0.18309240,0.19630342,0.18969791,1,1,234,174,180,180
B,4318,0.21594012,0.20677365,0.21135689,1,1,234,174,180,180
B,4319,0.23106602,0.23199495,0.23153049,1,1,234,174,180,180
B,4320,0.17248796,0.18022474,0.17635635,1,1,234,174,180,180
B,4321,0.20636965,0.22206996,0.21421981,1,1,234,174,180,180
B,4322,0.19961286,0.18920575,0.19440931,1,1,234,174,180,180
B,4323,0.21385855,0.21576362,0.21481109,1,1,234,174,180,180
B,4324,0.23252907,0.22543089,0.22897998,1,1,234,174,180,180
B,4325,0.19766785,0.22375487,0.21071136,1,1,244,178,151,150
B,4326,0.21359509,0.19642857,0.20501183,1,1,244,178,151,150
B,4327,0.24028467,0.22413793,0.23221130,1,1,234,174,180,180
B,4328,0.23252907,0.23362076,0.23307492,1,1,234,174,180,180
B,4329,0.23252907,0.21428571,0.22340739,1,1,234,174,180,180
B,4330,0.19766785,0.21428571,0.20597678,1,1,234,174,180,180
B,4331,0.21505814,0.21428571,0.21467193,1,1,244,178,151,150
B,4332,0.23127276,0.20677365,0.21902320,1,1,234,174,180,180
B,4333,0.21505814,0.19807050,0.20656432,1,1,234,174,180,180
B,4334,0.23252907,0.21428571,0.22340739,1,1,244,178,151,150
B,4335,0.21810904,0.22413793,0.22112349,1,1,244,178,151,150
B,4336,0.24860551,0.21576362,0.23218457,1,1,234,174,180,180
B,4337,0.23907718,0.20677365,0.22292542,1,1,234,174,180,180
B,4338,0.21810904,0.20677365,0.21244135,1,1,234,174,180,180
B,4339,0.23123203,0.21428571,0.22275887,1,1,244,178,151,150
B,4340,0.23106602,0.25126907,0.24116754,1,1,234,174,180,180
B,4341,0.20529450,0.20975044,0.20752247,1,1,234,174,180,180
B,4342,0.19766785,0.19124873,0.19445829,1,1,234,174,180,180
B,4343,0.21810904,0.25110898,0.23460901,1,1,234,174,180,180
B,4344,0.20670070,0.24123593,0.22396831,1,1,234,174,180,180
B,4345,0.20081576,0.17231138,0.18656357,1,1,234,174,180,180
B,4346,0.21505814,0.19807050,0.20656432,1,1,234,174,180,180
B,4347,0.19409444,0.16666667,0.18038055,1,1,234,174,180,180
B,4348,0.20483441,0.21428571,0.20956006,1,1,234,174,180,180
B,4349,0.19205540,0.17845766,0.18525653,1,1,234,174,180,180
B,4350,0.21505814,0.18323156,0.19914485,1,1,234,174,180,180
B,4351,0.21385855,0.21428571,0.21407213,1,1,234,174,180,180
B,4352,0.21505814,0.18954251,0.20230033,1,1,234,174,180,180
B,4353,0.17927198,0.17401760,0.17664479,1,1,234,174,180,180
B,4354,0.20636965,0.20126759,0.20381862,1,1,234,174,180,180
B,4355,0.20778321,0.20819975,0.20799148,1,1,234,174,180,180
B,4356,0.22324958,0.20689655,0.21507307,1,1,234,174,180,180
B,4357,0.25228028,0.24137931,0.24682979,1,1,234,174,180,180
B,4358,0.24860551,0.21414919,0.23137735,1,1,234,174,180,180
B,4359,0.25000000,0.20677365,0.22838683,1,1,234,174,180,180
B,4360,0.25228028,0.24137931,0.24682979,1,1,234,174,180,180
B,4361,0.24860551,0.25126907,0.24993729,1,1,234,174,180,180
B,4362,0.26602970,0.24137931,0.25370451,1,1,234,174,180,180
B,4363,0.26602970,0.25862069,0.26232520,1,1,234,174,180,180
B,4364,0.26602970,0.25000000,0.25801485,1,1,234,174,180,180
B,4365,0.25751310,0.25925926,0.25838618,1,1,234,174,180,180
B,4366,0.27077379,0.24260462,0.25668921,1,1,234,174,180,180
B,4367,0.24860551,0.21562615,0.23211583,1,1,234,174,180,180
B,4368,0.28345390,0.25253814,0.26799602,1,1,234,174,180,180
B,4369,0.25228028,0.21562615,0.23395321,1,1,234,174,180,180
B,4370,0.26131953,0.25126907,0.25629430,1,1,234,174,180,180
B,4371,0.27936804,0.24984072,0.26460438,1,1,234,174,180,180
B,4372,0.24860551,0.24123593,0.24492072,1,1,234,174,180,180
B,4373,0.28345390,0.28553225,0.28449307,1,1,234,174,180,180
B,4374,0.28668762,0.27569820,0.28119291,1,1,234,174,180,180
B,4375,0.28154625,0.30337802,0.29246213,1,1,234,174,180,180
B,4376,0.30496531,0.31459911,0.30978221,1,1,234,174,180,180
B,4377,0.27224310,0.28664329,0.27944320,1,1,234,174,180,180
B,4378,0.26602970,0.25126907,0.25864939,1,1,234,174,180,180
B,4379,0.24860551,0.24984072,0.24922312,1,1,234,174,180,180
B,4380,0.25000000,0.23214286,0.24107143,1,1,234,174,180,180
B,4381,0.29362978,0.30337802,0.29850390,1,1,234,174,180,180
B,4382,0.29830942,0.30468317,0.30149630,1,1,234,174,180,180
B,4383,0.26602970,0.25000000,0.25801485,1,1,234,174,180,180
B,4384,0.25228028,0.25908162,0.25568095,1,1,234,174,180,180
B,4385,0.26067744,0.24984072,0.25525908,1,1,234,174,180,180
B,4386,0.30703164,0.29548674,0.30125919,1,1,261,178,150,150
B,4387,0.28475821,0.28961409,0.28718615,1,1,261,178,150,150
B,4388,0.28154625,0.28553225,0.28353925,1,1,234,174,180,180
B,4389,0.25228028,0.26057533,0.25642780,1,1,261,178,150,150
B,4390,0.26423932,0.28553225,0.27488578,1,1,234,174,180,180
B,4391,0.23951712,0.26057533,0.25004623,1,1,234,174,180,180
B,4392,0.26512596,0.24981529,0.25747063,1,1,261,178,150,150
B,4393,0.28345390,0.32787791,0.30566590,1,1,261,178,150,150
B,4394,0.28345390,0.29724541,0.29034965,1,1,261,178,150,150
B,4395,0.26970447,0.24210738,0.25590592,1,1,261,178,150,150
B,4396,0.28345390,0.27873958,0.28109674,1,1,261,178,150,150
B,4397,0.28345390,0.31459911,0.29902650,1,1,261,178,150,150
B,4398,0.26970447,0.29724541,0.28347494,1,1,261,178,150,150
B,4399,0.23123203,0.26039679,0.24581441,1,1,261,178,150,150
B,4400,0.22967584,0.25908162,0.24437873,1,1,261,178,150,150
B,4401,0.26602970,0.31459911,0.29031441,1,1,261,178,150,150
B,4402,0.24693239,0.23199495,0.23946367,1,1,261,178,150,150
B,4403,0.24860551,0.26171196,0.25515873,1,1,261,178,150,150
B,4404,0.25228028,0.25000000,0.25114014,1,1,261,178,150,150
B,4405,0.28021766,0.29609328,0.28815547,1,1,261,178,150,150
B,4406,0.24860551,0.26039679,0.25450115,1,1,261,178,150,150
B,4407,0.19484802,0.21562615,0.20523709,1,1,261,178,150,150
B,4408,0.19098120,0.23199495,0.21148808,1,1,261,178,150,150
B,4409,0.15815814,0.17857143,0.16836478,1,1,261,178,150,150
B,4410,0.14577379,0.14276612,0.14426996,1,1,261,178,150,150
B,4411,0.16302568,0.15042788,0.15672678,1,1,261,178,150,150
B,4412,0.23490680,0.26039679,0.24765179,1,1,261,178,150,150
B,4413,0.25595504,0.24074074,0.24834789,1,1,261,178,150,150
B,4414,0.26926343,0.27758745,0.27342544,1,1,261,178,150,150
B,4415,0.24693239,0.25908162,0.25300700,1,1,234,174,180,180
B,4416,0.25228028,0.24057579,0.24642803,1,1,261,178,150,150
B,4417,0.22967584,0.24057579,0.23512581,1,1,234,174,180,180
B,4418,0.26602970,0.26768648,0.26685809,1,1,234,174,180,180
B,4419,0.24383644,0.25908162,0.25145903,1,1,234,174,180,180
B,4420,0.25943395,0.26923077,0.26433236,1,1,234,174,180,180
B,4421,0.24860551,0.25908162,0.25384357,1,1,261,178,150,150
B,4422,0.23548252,0.26039679,0.24793965,1,1,261,178,150,150
B,4423,0.23123203,0.24981529,0.24052366,1,1,261,178,150,150
B,4424,0.24860551,0.25908162,0.25384357,1,1,234,174,180,180
B,4425,0.25423246,0.25908162,0.25665704,1,1,261,178,150,150
B,4426,0.24738821,0.28961409,0.26850115,1,1,261,178,150,150
B,4427,0.25228028,0.24057579,0.24642803,1,1,234,174,180,180
B,4428,0.24693239,0.24057579,0.24375409,1,1,261,178,150,150
B,4429,0.24860551,0.25925926,0.25393239,1,1,261,178,150,150
B,4430,0.26970447,0.28824841,0.27897644,1,1,261,178,150,150
B,4431,0.25228028,0.24189096,0.24708562,1,1,261,178,150,150
B,4432,0.24383644,0.24984072,0.24683858,1,1,261,178,150,150
B,4433,0.29481696,0.29609328,0.29545512,1,1,261,178,150,150
B,4434,0.25228028,0.24981529,0.25104778,1,1,261,178,150,150
B,4435,0.25000000,0.25140570,0.25070285,1,1,261,178,150,150
B,4436,0.25228028,0.24981529,0.25104778,1,1,261,178,150,150
B,4437,0.24860551,0.26903185,0.25881868,1,1,261,178,150,150
B,4438,0.23252907,0.22222222,0.22737565,1,1,261,178,150,150
B,4439,0.23252907,0.24210738,0.23731823,1,1,261,178,150,150
B,4440,0.24860551,0.24205681,0.24533116,1,1,261,178,150,150
B,4441,0.20778321,0.22206996,0.21492659,1,1,261,178,150,150
B,4442,0.22466314,0.22222222,0.22344268,1,1,261,178,150,150
B,4443,0.19591742,0.20539657,0.20065699,1,1,261,178,150,150
B,4444,0.20778321,0.21414919,0.21096620,1,1,261,178,150,150
B,4445,0.18027756,0.18518519,0.18273137,1,1,261,178,150,150
B,4446,0.21505814,0.20356413,0.20931113,1,1,261,178,150,150
B,4447,0.19766785,0.20509572,0.20138179,1,1,261,178,150,150
B,4448,0.19656527,0.18518519,0.19087523,1,1,261,178,150,150
B,4449,0.21385855,0.19630342,0.20508099,1,1,261,178,150,150
B,4450,0.19098120,0.16061189,0.17579655,1,1,234,174,180,180
B,4451,0.20636965,0.21562615,0.21099790,1,1,234,174,180,180
B,4452,0.19863940,0.20819975,0.20341957,1,1,234,174,180,180
B,4453,0.18928998,0.20370370,0.19649684,1,1,234,174,180,180
B,4454,0.20529450,0.19630342,0.20079896,1,1,234,174,180,180
B,4455,0.20778321,0.20819975,0.20799148,1,1,234,174,180,180
B,4456,0.21505814,0.21576362,0.21541088,1,1,234,174,180,180
B,4457,0.21191295,0.21562615,0.21376955,1,1,234,174,180,180
B,4458,0.23252907,0.23326321,0.23289614,1,1,234,174,180,180
B,4459,0.21191295,0.21428571,0.21309933,1,1,234,174,180,180
B,4460,0.20098014,0.21414919,0.20756466,1,1,234,174,180,180
B,4461,0.20778321,0.18965517,0.19871919,1,1,234,174,180,180
B,4462,0.20778321,0.19630342,0.20204332,1,1,234,174,180,180
B,4463,0.22466314,0.22206996,0.22336655,1,1,234,174,180,180
B,4464,0.20670070,0.21414919,0.21042494,1,1,234,174,180,180
B,4465,0.22466314,0.22360680,0.22413497,1,1,234,174,180,180
B,4466,0.22466314,0.22413793,0.22440054,1,1,234,174,180,180
B,4467,0.23127276,0.24984072,0.24055674,1,1,234,174,180,180
B,4468,0.24032926,0.25925926,0.24979426,1,1,234,174,180,180
B,4469,0.20778321,0.18965517,0.19871919,1,1,234,174,180,180
B,4470,0.22466314,0.24080732,0.23273523,1,1,234,174,180,180
B,4471,0.18956764,0.22206996,0.20581880,1,1,234,174,180,180
B,4472,0.24262895,0.24984072,0.24623483,1,1,234,174,180,180
B,4473,0.25000000,0.21414919,0.23207459,1,1,234,174,180,180
B,4474,0.26204264,0.25846706,0.26025485,1,1,234,174,180,180
B,4475,0.22757907,0.21414919,0.22086413,1,1,234,174,180,180
B,4476,0.18956764,0.21414919,0.20185841,1,1,234,174,180,180
B,4477,0.20778321,0.21414919,0.21096620,1,1,234,174,180,180
B,4478,0.20636965,0.21562615,0.21099790,1,1,234,174,180,180
B,4479,0.22466314,0.20689655,0.21577985,1,1,234,174,180,180
B,4480,0.22344933,0.22400479,0.22372706,1,1,234,174,180,180
B,4481,0.21730740,0.24080732,0.22905736,1,1,234,174,180,180
B,4482,0.19511038,0.19630342,0.19570690,1,1,234,174,180,180
B,4483,0.24874369,0.22400479,0.23637424,1,1,234,174,180,180
B,4484,0.21968427,0.20126759,0.21047593,1,1,234,174,180,180
B,4485,0.22466314,0.20819975,0.21643144,1,1,234,174,180,180
B,4486,0.21240366,0.18954251,0.20097309,1,1,234,174,180,180
B,4487,0.21933247,0.19988898,0.20961072,1,1,234,174,180,180
B,4488,0.21810904,0.20677365,0.21244135,1,1,234,174,180,180
B,4489,0.22349268,0.18954251,0.20651760,1,1,234,174,180,180
B,4490,0.21240366,0.17845766,0.19543066,1,1,234,174,180,180
B,4491,0.22133909,0.23199495,0.22666702,1,1,234,174,180,180
B,4492,0.20529450,0.20677365,0.20603408,1,1,234,174,180,180
B,4493,0.22466314,0.20677365,0.21571840,1,1,234,174,180,180
B,4494,0.21810904,0.20677365,0.21244135,1,1,234,174,180,180
B,4495,0.20529450,0.22360680,0.21445065,1,1,234,174,180,180
B,4496,0.20529450,0.20677365,0.20603408,1,1,234,174,180,180
B,4497,0.19591742,0.19592939,0.19592341,1,1,234,174,180,180
B,4498,0.21359509,0.18954251,0.20156880,1,1,234,174,180,180
B,4499,0.19961286,0.20640627,0.20300957,1,1,234,174,180,180
B,4500,0.19620480,0.21414919,0.20517699,1,1,234,174,180,180
B,4501,0.21730740,0.20677365,0.21204053,1,1,234,174,180,180
B,4502,0.22466314,0.20640627,0.21553471,1,1,234,174,180,180
B,4503,0.22466314,0.22522937,0.22494626,1,1,234,174,180,180
B,4504,0.18472824,0.18488097,0.18480461,1,1,234,174,180,180
B,4505,0.21730740,0.22482920,0.22106830,1,1,234,174,180,180
B,4506,0.20778321,0.20689655,0.20733988,1,1,234,174,180,180
B,4507,0.20670070,0.19769311,0.20219690,1,1,234,174,180,180
B,4508,0.22208649,0.20819975,0.21514312,1,1,234,174,180,180
B,4509,0.22349268,0.20677365,0.21513317,1,1,234,174,180,180
B,4510,0.20000001,0.20677365,0.20338683,1,1,234,174,180,180
B,4511,0.20000001,0.20677365,0.20338683,1,1,234,174,180,180
B,4512,0.20670070,0.21562615,0.21116342,1,1,234,174,180,180
B,4513,0.20098014,0.20677365,0.20387690,1,1,234,174,180,180
B,4514,0.20778321,0.19988898,0.20383610,1,1,234,174,180,180
B,4515,0.22998273,0.21414919,0.22206596,1,1,234,174,180,180
B,4516,0.21933247,0.20677365,0.21305306,1,1,234,174,180,180
B,4517,0.22349268,0.23347192,0.22848230,1,1,234,174,180,180
B,4518,0.20098014,0.20677365,0.20387690,1,1,234,174,180,180
B,4519,0.22466314,0.20819975,0.21643144,1,1,234,174,180,180
B,4520,0.21624764,0.20819975,0.21222369,1,1,234,174,180,180
B,4521,0.22344933,0.21562615,0.21953774,1,1,234,174,180,180
B,4522,0.22228519,0.21428571,0.21828545,1,1,234,174,180,180
B,4523,0.20778321,0.23199495,0.21988908,1,1,234,174,180,180
B,4524,0.22466314,0.20677365,0.21571840,1,1,234,174,180,180
B,4525,0.22349268,0.21562615,0.21955942,1,1,234,174,180,180
B,4526,0.23123203,0.21414919,0.22269061,1,1,234,174,180,180
B,4527,0.19098120,0.19630342,0.19364231,1,1,234,174,180,180
B,4528,0.19961286,0.18954251,0.19457769,1,1,234,174,180,180
B,4529,0.21191295,0.19630342,0.20410819,1,1,234,174,180,180
B,4530,0.20636965,0.17845766,0.19241365,1,1,234,174,180,180
B,4531,0.22879288,0.24984072,0.23931680,1,1,234,174,180,180
B,4532,0.20636965,0.22543089,0.21590027,1,1,234,174,180,180
B,4533,0.13238494,0.12903226,0.13070860,1,1,234,174,180,180
B,4534,0.13040860,0.12903226,0.12972043,1,1,234,174,180,180
B,4535,0.13931011,0.10000000,0.11965505,1,1,234,174,180,180
B,4536,0.20175250,0.21654639,0.20914945,1,1,234,174,180,180
B,4537,0.13931011,0.14005354,0.13968182,1,1,234,174,180,180
B,4538,0.11877887,0.13997035,0.12937461,1,1,234,174,180,180
B,4539,0.14142135,0.14276612,0.14209374,1,1,234,174,180,180
B,4540,0.14422997,0.15042788,0.14732892,1,1,234,174,180,180
B,4541,0.17417919,0.17845766,0.17631842,1,1,234,174,180,180
B,4542,0.21385855,0.19790648,0.20588252,1,1,234,174,180,180
B,4543,0.17417919,0.18954251,0.18186085,1,1,234,174,180,180
B,4544,0.24154307,0.22522937,0.23338622,1,1,234,174,180,180
B,4545,0.21505814,0.20677365,0.21091590,1,1,234,174,180,180
B,4546,0.19098120,0.20677365,0.19887743,1,1,234,174,180,180
B,4547,0.19176598,0.21576362,0.20376480,1,1,234,174,180,180
B,4548,0.21505814,0.17231138,0.19368476,1,1,234,174,180,180
B,4549,0.19098120,0.21576362,0.20337241,1,1,234,174,180,180
B,4550,0.19620480,0.19630342,0.19625411,1,1,234,174,180,180
B,4551,0.21505814,0.20137938,0.20821876,1,1,234,174,180,180
B,4552,0.18956764,0.18461018,0.18708891,1,1,234,174,180,180
B,4553,0.21505814,0.19124873,0.20315344,1,1,234,174,180,180
B,4554,0.17248796,0.16248249,0.16748523,1,1,234,174,180,180
B,4555,0.18027756,0.17857143,0.17942450,1,1,234,174,180,180
B,4556,0.18858002,0.19642857,0.19250430,1,1,234,174,180,180
B,4557,0.19766785,0.17241379,0.18504082,1,1,234,174,180,180
B,4558,0.19706887,0.20677365,0.20192126,1,1,234,174,180,180
B,4559,0.19511038,0.20689655,0.20100347,1,1,234,174,180,180
B,4560,0.21240366,0.20137938,0.20689152,1,1,234,174,180,180
B,4561,0.19098120,0.18954251,0.19026186,1,1,234,174,180,180
B,4562,0.19445436,0.17231138,0.18338287,1,1,234,174,180,180
B,4563,0.21359509,0.21428571,0.21394040,1,1,234,174,180,180
B,4564,0.23252907,0.17241379,0.20247143,1,1,234,174,180,180
B,4565,0.23252907,0.21414919,0.22333913,1,1,234,174,180,180
B,4566,0.23123203,0.21414919,0.22269061,1,1,234,174,180,180
B,4567,0.23252907,0.21428571,0.22340739,1,1,234,174,180,180
B,4568,0.22823351,0.21428571,0.22125961,1,1,234,174,180,180
B,4569,0.24154307,0.24246051,0.24200179,1,1,234,174,180,180
B,4570,0.23252907,0.20677365,0.21965136,1,1,234,174,180,180
B,4571,0.24028467,0.23326321,0.23677394,1,1,234,174,180,180
B,4572,0.23115268,0.22522937,0.22819102,1,1,234,174,180,180
B,4573,0.23252907,0.20677365,0.21965136,1,1,234,174,180,180
B,4574,0.23252907,0.21414919,0.22333913,1,1,234,174,180,180
B,4575,0.24028467,0.20677365,0.22352916,1,1,234,174,180,180
B,4576,0.23106602,0.21562615,0.22334608,1,1,234,174,180,180
B,4577,0.21505814,0.21576362,0.21541088,1,1,234,174,180,180
B,4578,0.22285519,0.21428571,0.21857045,1,1,234,174,180,180
B,4579,0.20483441,0.21562615,0.21023028,1,1,234,174,180,180
B,4580,0.21080892,0.21414919,0.21247905,1,1,234,174,180,180
B,4581,0.21505814,0.20677365,0.21091590,1,1,234,174,180,180
B,4582,0.21385855,0.17857143,0.19621499,1,1,234,174,180,180
B,4583,0.23252907,0.24123593,0.23688250,1,1,234,174,180,180
B,4584,0.24860551,0.20677365,0.22768958,1,1,234,174,180,180
B,4585,0.23877300,0.24080732,0.23979016,1,1,234,174,180,180
B,4586,0.21385855,0.19807050,0.20596453,1,1,234,174,180,180
B,4587,0.24383644,0.21414919,0.22899281,1,1,234,174,180,180
B,4588,0.21240366,0.22222222,0.21731294,1,1,234,174,180,180
B,4589,0.25000000,0.21562615,0.23281308,1,1,234,174,180,180
B,4590,0.23252907,0.24984072,0.24118489,1,1,234,174,180,180
B,4591,0.23680340,0.21576362,0.22628351,1,1,234,174,180,180
B,4592,0.21080892,0.21414919,0.21247905,1,1,234,174,180,180
B,4593,0.24383644,0.21428571,0.22906108,1,1,234,174,180,180
B,4594,0.19591742,0.21428571,0.20510157,1,1,234,174,180,180
B,4595,0.19591742,0.19790648,0.19691195,1,1,234,174,180,180
B,4596,0.21810904,0.19630342,0.20720623,1,1,234,174,180,180
B,4597,0.19591742,0.17845766,0.18718754,1,1,234,174,180,180
B,4598,0.22152115,0.18965517,0.20558816,1,1,234,174,180,180
B,4599,0.20483441,0.18518519,0.19500980,1,1,234,174,180,180
B,4600,0.23106602,0.17857143,0.20481872,1,1,234,174,180,180
B,4601,0.21505814,0.17412103,0.19458958,1,1,234,174,180,180
B,4602,0.20670070,0.21414919,0.21042494,1,1,234,174,180,180
B,4603,0.21505814,0.17857143,0.19681478,1,1,234,174,180,180
B,4604,0.22466314,0.18954251,0.20710283,1,1,234,174,180,180
B,4605,0.23123203,0.22206996,0.22665100,1,1,234,174,180,180
B,4606,0.23123203,0.20640627,0.21881915,1,1,234,174,180,180
B,4607,0.23123203,0.22400479,0.22761841,1,1,234,174,180,180
B,4608,0.22349268,0.21792501,0.22070884,1,1,234,174,180,180
B,4609,0.24860551,0.22400479,0.23630515,1,1,234,174,180,180
B,4610,0.24332356,0.23326321,0.23829338,1,1,234,174,180,180
B,4611,0.22466314,0.22400479,0.22433397,1,1,234,174,180,180
B,4612,0.25000000,0.21576362,0.23288181,1,1,234,174,180,180
B,4613,0.24095954,0.20677365,0.22386660,1,1,234,174,180,180
B,4614,0.23106602,0.23199495,0.23153049,1,1,234,174,180,180
B,4615,0.23252907,0.21414919,0.22333913,1,1,234,174,180,180
B,4616,0.15459864,0.14991673,0.15225769,1,1,234,174,180,180
B,4617,0.18708692,0.18461018,0.18584855,1,1,234,174,180,180
B,4618,0.18928998,0.19988898,0.19458948,1,1,234,174,180,180
B,4619,0.19591742,0.19136241,0.19363991,1,1,234,174,180,180
B,4620,0.18830381,0.17231138,0.18030759,1,1,234,174,180,180
B,4621,0.20744981,0.18022474,0.19383727,1,1,234,174,180,180
B,4622,0.21385855,0.22360155,0.21873005,1,1,234,174,180,180
B,4623,0.19511038,0.17241379,0.18376209,1,1,234,174,180,180
B,4624,0.21385855,0.14285714,0.17835785,1,1,234,174,180,180
B,4625,0.23123203,0.20677365,0.21900284,1,1,234,174,180,180
B,4626,0.23490680,0.19630342,0.21560511,1,1,234,174,180,180
B,4627,0.23622445,0.22222222,0.22922333,1,1,234,174,180,180
B,4628,0.21385855,0.18033963,0.19709909,1,1,234,174,180,180
B,4629,0.24860551,0.23199495,0.24030023,1,1,234,174,180,180
B,4630,0.22152115,0.18033963,0.20093039,1,1,234,174,180,180
B,4631,0.23123203,0.18954251,0.21038727,1,1,234,174,180,180
B,4632,0.23490680,0.20677365,0.22084022,1,1,234,174,180,180
B,4633,0.21385855,0.19630342,0.20508099,1,1,234,174,180,180
B,4634,0.24028467,0.18323156,0.21175812,1,1,234,174,180,180
B,4635,0.21080892,0.18965517,0.20023205,1,1,234,174,180,180
B,4636,0.23252907,0.19778039,0.21515473,1,1,234,174,180,180
B,4637,0.21810904,0.17857143,0.19834024,1,1,234,174,180,180
B,4638,0.21505814,0.21414919,0.21460366,1,1,234,174,180,180
B,4639,0.22285519,0.22206996,0.22246257,1,1,234,174,180,180
B,4640,0.26289324,0.21428571,0.23858948,1,1,234,174,180,180
B,4641,0.19766785,0.17845766,0.18806275,1,1,234,174,180,180
B,4642,0.22152115,0.18022474,0.20087294,1,1,234,174,180,180
B,4643,0.23123203,0.21414919,0.22269061,1,1,234,174,180,180
B,4644,0.19766785,0.18033963,0.18900374,1,1,234,174,180,180
B,4645,0.23332587,0.18954251,0.21143419,1,1,234,174,180,180
B,4646,0.19766785,0.18022474,0.18894629,1,1,234,174,180,180
B,4647,0.21385855,0.21414919,0.21400387,1,1,234,174,180,180
B,4648,0.20540031,0.20677365,0.20608698,1,1,234,174,180,180
B,4649,0.19591742,0.13997035,0.16794388,1,1,234,174,180,180
B,4650,0.21810904,0.20689655,0.21250280,1,1,234,174,180,180
B,4651,0.20670070,0.17857143,0.19263606,1,1,234,174,180,180
B,4652,0.20540031,0.21414919,0.20977475,1,1,234,174,180,180
B,4653,0.23490680,0.21710312,0.22600496,1,1,234,174,180,180
B,4654,0.20948268,0.18033963,0.19491116,1,1,234,174,180,180
B,4655,0.21359509,0.21576362,0.21467935,1,1,234,174,180,180
B,4656,0.21385855,0.21562615,0.21474235,1,1,234,174,180,180
B,4657,0.20670070,0.17857143,0.19263606,1,1,234,174,180,180
B,4658,0.22879288,0.21414919,0.22147103,1,1,234,174,180,180
B,4659,0.22466314,0.21428571,0.21947443,1,1,234,174,180,180
B,4660,0.24383644,0.21428571,0.22906108,1,1,234,174,180,180
B,4661,0.24693239,0.21428571,0.23060905,1,1,234,174,180,180
B,4662,0.23123203,0.21576362,0.22349783,1,1,234,174,180,180
B,4663,0.24028467,0.25253814,0.24641140,1,1,234,174,180,180
B,4664,0.23476356,0.21792501,0.22634428,1,1,234,174,180,180
B,4665,0.23252907,0.17241379,0.20247143,1,1,234,174,180,180
B,4666,0.20000001,0.20000000,0.20000000,1,1,234,174,180,180
B,4667,0.23112509,0.22543089,0.22827799,1,1,234,174,180,180
B,4668,0.22760091,0.22206996,0.22483543,1,1,234,174,180,180
B,4669,0.24028467,0.25000000,0.24514233,1,1,234,174,180,180
B,4670,0.22760091,0.22522937,0.22641514,1,1,234,174,180,180
B,4671,0.26025117,0.27777778,0.26901447,1,1,234,174,180,180
B,4672,0.27534894,0.27569820,0.27552357,1,1,234,174,180,180
B,4673,0.25595504,0.25908162,0.25751833,1,1,234,174,180,180
B,4674,0.28901088,0.30337802,0.29619445,1,1,234,174,180,180
B,4675,0.27224310,0.28571429,0.27897870,1,1,234,174,180,180
B,4676,0.26067744,0.26768648,0.26418196,1,1,234,174,180,180
B,4677,0.29362978,0.29347975,0.29355477,1,1,234,174,180,180
B,4678,0.26352315,0.25846706,0.26099511,1,1,234,174,180,180
B,4679,0.27396668,0.26717645,0.27057156,1,1,234,174,180,180
B,4680,0.28243670,0.29240889,0.28742279,1,1,234,174,180,180
B,4681,0.29211671,0.30337802,0.29774736,1,1,234,174,180,180
B,4682,0.28021766,0.26768648,0.27395207,1,1,234,174,180,180
B,4683,0.30703164,0.30337802,0.30520483,1,1,234,174,180,180
B,4684,0.29488833,0.29292934,0.29390884,1,1,234,174,180,180
B,4685,0.28345390,0.30279997,0.29312693,1,1,234,174,180,180
B,4686,0.24230242,0.24123593,0.24176917,1,1,234,174,180,180
B,4687,0.24383644,0.24986122,0.24684883,1,1,234,174,180,180
B,4688,0.28021766,0.25846706,0.26934236,1,1,234,174,180,180
B,4689,0.27534894,0.28498821,0.28016857,1,1,234,174,180,180
B,4690,0.27709217,0.27677097,0.27693157,1,1,234,174,180,180
B,4691,0.29362978,0.27569820,0.28466399,1,1,234,174,180,180
B,4692,0.30855027,0.30436641,0.30645834,1,1,234,174,180,180
B,4693,0.27845477,0.28553225,0.28199351,1,1,234,174,180,180
B,4694,0.27709217,0.27586207,0.27647712,1,1,234,174,180,180
B,4695,0.25712567,0.24123593,0.24918080,1,1,234,174,180,180
B,4696,0.27709217,0.26768648,0.27238933,1,1,234,174,180,180
B,4697,0.27709217,0.30337802,0.29023509,1,1,234,174,180,180
B,4698,0.28154625,0.25908162,0.27031393,1,1,234,174,180,180
B,4699,0.27121731,0.24057579,0.25589655,1,1,234,174,180,180
B,4700,0.31622777,0.29724541,0.30673659,1,1,234,174,180,180
B,4701,0.28345390,0.30337802,0.29341596,1,1,234,174,180,180
B,4702,0.31132190,0.26768648,0.28950419,1,1,234,174,180,180
B,4703,0.28154625,0.29609328,0.28881976,1,1,234,174,180,180
B,4704,0.28345390,0.25969164,0.27157277,1,1,234,174,180,180
B,4705,0.25228028,0.23214286,0.24221157,1,1,234,174,180,180
B,4706,0.17753131,0.19108212,0.18430671,1,1,234,174,180,180
B,4707,0.14998293,0.13530994,0.14264643,1,1,234,174,180,180
B,4708,0.15581967,0.15687965,0.15634966,1,1,234,174,180,180
B,4709,0.18107149,0.16657415,0.17382282,1,1,234,174,180,180
B,4710,0.11229577,0.10338683,0.10784130,1,1,234,174,180,180
B,4711,0.14577379,0.13736056,0.14156718,1,1,234,174,180,180
B,4712,0.11585689,0.10535074,0.11060382,1,1,234,174,180,180
B,4713,0.15177361,0.13538509,0.14357935,1,1,234,174,180,180
B,4714,0.12878860,0.13743685,0.13311272,1,1,234,174,180,180
B,4715,0.21810904,0.20264620,0.21037762,1,1,244,194,151,151
B,4716,0.18027756,0.20677365,0.19352561,1,1,244,194,151,151
B,4717,0.16302568,0.17412103,0.16857335,1,1,244,194,151,151
B,4718,0.16714649,0.13538509,0.15126579,1,1,234,174,180,180
B,4719,0.19656527,0.16996732,0.18326629,1,1,234,174,180,180
B,4720,0.25595504,0.23399837,0.24497671,1,1,234,174,180,180
B,4721,0.30903982,0.28362684,0.29633333,1,1,234,174,180,180
B,4722,0.30855027,0.29292934,0.30073981,1,1,234,174,180,180
B,4723,0.33036573,0.30960941,0.31998757,1,1,234,174,180,180
B,4724,0.31659439,0.29983347,0.30821393,1,1,234,174,180,180
B,4725,0.33340128,0.31111483,0.32225806,1,1,234,174,180,180
B,4726,0.31275592,0.29933554,0.30604573,1,1,234,174,180,180
B,4727,0.33333334,0.28421311,0.30877322,1,1,234,174,180,180
B,4728,0.31909411,0.29983347,0.30946379,1,1,234,174,180,180
B,4729,0.28997541,0.29933554,0.29465548,1,1,234,174,180,180
B,4730,0.31909411,0.29292934,0.30601172,1,1,234,174,180,180
B,4731,0.29272672,0.28409863,0.28841268,1,1,234,174,180,180
B,4732,0.31277026,0.30279997,0.30778512,1,1,234,174,180,180
B,4733,0.25861388,0.25800784,0.25831086,1,1,234,174,180,180
B,4734,0.28901088,0.29292934,0.29097011,1,1,234,174,180,180
B,4735,0.28797017,0.27677097,0.28237057,1,1,234,174,180,180
B,4736,0.31837041,0.27677097,0.29757069,1,1,234,174,180,180
B,4737,0.30379791,0.28317605,0.29348698,1,1,234,174,180,180
B,4738,0.30091215,0.27569820,0.28830518,1,1,234,174,180,180
B,4739,0.22133909,0.21428571,0.21781240,1,1,234,174,180,180
B,4740,0.22285519,0.19136241,0.20710880,1,1,234,174,180,180
B,4741,0.24095954,0.19988898,0.22042426,1,1,234,174,180,180
B,4742,0.24095954,0.21562615,0.22829285,1,1,234,174,180,180
B,4743,0.26131953,0.25000000,0.25565977,1,1,244,178,151,150
B,4744,0.24209960,0.21428571,0.22819266,1,1,244,178,151,150
B,4745,0.27722108,0.26768648,0.27245378,1,1,244,178,151,150
B,4746,0.27722108,0.25000000,0.26361054,1,1,244,178,151,150
B,4747,0.26602970,0.24260462,0.25431716,1,1,244,178,151,150
B,4748,0.25906389,0.23214286,0.24560337,1,1,244,178,151,150
B,4749,0.25776203,0.20689655,0.23232929,1,1,244,178,151,150
B,4750,0.26028961,0.23199495,0.24614228,1,1,244,178,151,150
B,4751,0.27591922,0.24984072,0.26287997,1,1,244,178,151,150
B,4752,0.24057633,0.24984072,0.24520853,1,1,244,178,151,150
B,4753,0.24095954,0.23155292,0.23625623,1,1,244,178,151,150
B,4754,0.25776203,0.24123593,0.24949898,1,1,244,178,151,150
B,4755,0.27722108,0.24984072,0.26353090,1,1,244,178,151,150
B,4756,0.25369538,0.24984072,0.25176805,1,1,244,178,151,150
B,4757,0.25906389,0.24123593,0.25014991,1,1,244,178,151,150
B,4758,0.27591922,0.25110898,0.26351410,1,1,244,178,151,150
B,4759,0.23252907,0.24246051,0.23749479,1,1,244,178,151,150
B,4760,0.25000000,0.23199495,0.24099748,1,1,244,178,151,150
B,4761,0.26289324,0.24984072,0.25636698,1,1,244,178,151,150
B,4762,0.25906389,0.24984072,0.25445230,1,1,244,178,151,150
B,4763,0.24095954,0.25000000,0.24547977,1,1,244,178,151,150
B,4764,0.25906389,0.24057579,0.24981984,1,1,244,178,151,150
B,4765,0.26602970,0.25000000,0.25801485,1,1,244,178,151,150
B,4766,0.25906389,0.25110898,0.25508643,1,1,234,174,180,180
B,4767,0.26602970,0.24984072,0.25793521,1,1,244,178,151,150
B,4768,0.25369538,0.23362076,0.24365807,1,1,234,174,180,180
B,4769,0.29695970,0.24984072,0.27340021,1,1,244,178,151,150
B,4770,0.28345390,0.26768648,0.27557019,1,1,234,174,180,180
B,4771,0.24860551,0.22400479,0.23630515,1,1,234,174,180,180
B,4772,0.25751310,0.25855090,0.25803200,1,1,234,174,180,180
B,4773,0.28059085,0.24057579,0.26058332,1,1,234,174,180,180
B,4774,0.32125617,0.30337802,0.31231709,1,1,234,174,180,180
B,4775,0.27556160,0.25237724,0.26396942,1,1,234,174,180,180
B,4776,0.26970447,0.25846706,0.26408577,1,1,234,174,180,180
B,4777,0.25000000,0.23199495,0.24099748,1,1,234,174,180,180
B,4778,0.28021766,0.25953984,0.26987875,1,1,234,174,180,180
B,4779,0.25369538,0.24057579,0.24713558,1,1,234,174,180,180
B,4780,0.26926343,0.24984072,0.25955207,1,1,234,174,180,180
B,4781,0.23123203,0.23199495,0.23161349,1,1,234,174,180,180
B,4782,0.24860551,0.27758745,0.26309648,1,1,234,174,180,180
B,4783,0.28504386,0.24123593,0.26313989,1,1,234,174,180,180
B,4784,0.30091215,0.26768648,0.28429932,1,1,234,174,180,180
B,4785,0.28668762,0.26768648,0.27718705,1,1,234,174,180,180
B,4786,0.26752193,0.23199495,0.24975844,1,1,234,174,180,180
B,4787,0.26493527,0.26879752,0.26686640,1,1,234,174,180,180
B,4788,0.26752193,0.23199495,0.24975844,1,1,234,174,180,180
B,4789,0.28668762,0.26768648,0.27718705,1,1,234,174,180,180
B,4790,0.26602970,0.24984072,0.25793521,1,1,234,174,180,180
B,4791,0.24874369,0.22400479,0.23637424,1,1,234,174,180,180
B,4792,0.28394328,0.26768648,0.27581488,1,1,234,174,180,180
B,4793,0.25847227,0.22543089,0.24195158,1,1,234,174,180,180
B,4794,0.25000000,0.23199495,0.24099748,1,1,234,174,180,180
B,4795,0.25000000,0.23347192,0.24173596,1,1,234,174,180,180
B,4796,0.22466314,0.22360680,0.22413497,1,1,234,174,180,180
B,4797,0.12935577,0.10344828,0.11640202,1,1,234,174,180,180
B,4798,0.19961286,0.20956841,0.20459064,1,1,234,174,180,180
B,4799,0.17222708,0.21071407,0.19147058,1,1,234,174,180,180
B,4800,0.17319675,0.20137938,0.18728806,1,1,234,174,180,180
B,4801,0.17417919,0.15508024,0.16462971,1,1,234,174,180,180
B,4802,0.18998622,0.18488097,0.18743359,1,1,234,174,180,180
B,4803,0.20670070,0.20126759,0.20398414,1,1,234,174,180,180
B,4804,0.25110098,0.25126907,0.25118503,1,1,234,174,180,180
B,4805,0.22349268,0.20677365,0.21513317,1,1,234,174,180,180
B,4806,0.24028467,0.19988898,0.22008682,1,1,234,174,180,180
B,4807,0.21385855,0.21374116,0.21379986,1,1,234,174,180,180
B,4808,0.22349268,0.23326321,0.22837795,1,1,234,174,180,180
B,4809,0.24332356,0.23199495,0.23765925,1,1,234,174,180,180
B,4810,0.24391991,0.23326321,0.23859156,1,1,234,174,180,180
B,4811,0.26131953,0.24984072,0.25558012,1,1,234,174,180,180
B,4812,0.24860551,0.23326321,0.24093436,1,1,234,174,180,180
B,4813,0.23123203,0.21414919,0.22269061,1,1,234,174,180,180
B,4814,0.26602970,0.22522937,0.24562954,1,1,234,174,180,180
B,4815,0.24860551,0.23199495,0.24030023,1,1,234,174,180,180
B,4816,0.25228028,0.26768648,0.25998338,1,1,234,174,180,180
B,4817,0.26602970,0.23199495,0.24901233,1,1,234,174,180,180
B,4818,0.27224310,0.24944629,0.26084470,1,1,234,174,180,180
B,4819,0.26380294,0.24260462,0.25320378,1,1,234,174,180,180
B,4820,0.24693239,0.22400479,0.23546859,1,1,234,174,180,180
B,4821,0.24583185,0.23438761,0.24010973,1,1,234,174,180,180
B,4822,0.27556160,0.27909385,0.27732773,1,1,234,174,180,180
B,4823,0.25228028,0.25908162,0.25568095,1,1,234,174,180,180
B,4824,0.26602970,0.25000000,0.25801485,1,1,234,174,180,180
B,4825,0.24028467,0.21414919,0.22721693,1,1,234,174,180,180
B,4826,0.22969846,0.21414919,0.22192382,1,1,234,174,180,180
B,4827,0.26602970,0.25000000,0.25801485,1,1,234,174,180,180
B,4828,0.24860551,0.23214286,0.24037418,1,1,234,174,180,180
B,4829,0.24230242,0.25846706,0.25038474,1,1,234,174,180,180
B,4830,0.24860551,0.22400479,0.23630515,1,1,234,174,180,180
B,4831,0.24028467,0.21576362,0.22802414,1,1,234,174,180,180
B,4832,0.23123203,0.24074074,0.23598639,1,1,234,174,180,180
B,4833,0.26423932,0.24984072,0.25704002,1,1,234,174,180,180
B,4834,0.25423246,0.26785714,0.26104480,1,1,234,174,180,180
B,4835,0.25058242,0.24123593,0.24590918,1,1,234,174,180,180
B,4836,0.28154625,0.26768648,0.27461636,1,1,234,174,180,180
B,4837,0.27110131,0.26768648,0.26939390,1,1,234,174,180,180
B,4838,0.26423932,0.25000000,0.25711966,1,1,234,174,180,180
B,4839,0.24860551,0.21428571,0.23144561,1,1,234,174,180,180
B,4840,0.24860551,0.25000000,0.24930276,1,1,234,174,180,180
B,4841,0.26518451,0.25126907,0.25822679,1,1,234,174,180,180
B,4842,0.24028467,0.26895474,0.25461971,1,1,234,174,180,180
B,4843,0.27396668,0.27569820,0.27483244,1,1,234,174,180,180
B,4844,0.22466314,0.23214286,0.22840300,1,1,234,174,180,180
B,4845,0.24860551,0.24984072,0.24922312,1,1,234,174,180,180
B,4846,0.24154307,0.24260462,0.24207384,1,1,234,174,180,180
B,4847,0.20778321,0.21428571,0.21103446,1,1,234,174,180,180
B,4848,0.22760091,0.25000000,0.23880045,1,1,234,174,180,180
B,4849,0.21080892,0.21428571,0.21254732,1,1,234,174,180,180
B,4850,0.22466314,0.22375487,0.22420900,1,1,234,174,180,180
B,4851,0.23252907,0.25925926,0.24589416,1,1,234,174,180,180
B,4852,0.24389963,0.24984072,0.24687017,1,1,234,174,180,180
B,4853,0.26752193,0.26768648,0.26760421,1,1,234,174,180,180
B,4854,0.24154307,0.28005475,0.26079891,1,1,234,174,180,180
B,4855,0.24154307,0.24984072,0.24569189,1,1,234,174,180,180
B,4856,0.25000000,0.24984072,0.24992036,1,1,234,174,180,180
B,4857,0.23252907,0.23214286,0.23233596,1,1,234,174,180,180
B,4858,0.24154307,0.25000000,0.24577154,1,1,234,174,180,180
B,4859,0.23252907,0.23199495,0.23226201,1,1,234,174,180,180
B,4860,0.25000000,0.23347192,0.24173596,1,1,234,174,180,180
B,4861,0.21505814,0.21414919,0.21460366,1,1,234,174,180,180
B,4862,0.23123203,0.23214286,0.23168745,1,1,234,174,180,180
B,4863,0.25000000,0.25908162,0.25454081,1,1,234,174,180,180
B,4864,0.23252907,0.25000000,0.24126453,1,1,234,174,180,180
B,4865,0.24154307,0.25862069,0.25008188,1,1,234,174,180,180
B,4866,0.25000000,0.25110898,0.25055449,1,1,234,174,180,180
B,4867,0.22466314,0.22543089,0.22504701,1,1,234,174,180,180
B,4868,0.24154307,0.24984072,0.24569189,1,1,234,174,180,180
B,4869,0.24154307,0.23199495,0.23676901,1,1,234,174,180,180
B,4870,0.22344933,0.21414919,0.21879926,1,1,234,174,180,180
B,4871,0.19766785,0.17231138,0.18498961,1,1,234,174,180,180
B,4872,0.21359509,0.21562615,0.21461062,1,1,234,174,180,180
B,4873,0.19098120,0.18954251,0.19026186,1,1,234,174,180,180
B,4874,0.23106602,0.21428571,0.22267587,1,1,234,174,180,180
B,4875,0.24095954,0.24984072,0.24540013,1,1,234,174,180,180
B,4876,0.26752193,0.26039679,0.26395936,1,1,234,174,180,180
B,4877,0.23252907,0.20689655,0.21971281,1,1,234,174,180,180
B,4878,0.25751310,0.24984072,0.25367691,1,1,234,174,180,180
B,4879,0.24478889,0.25000000,0.24739445,1,1,234,174,180,180
B,4880,0.25369538,0.24984072,0.25176805,1,1,234,174,180,180
B,4881,0.24860551,0.20677365,0.22768958,1,1,234,174,180,180
B,4882,0.24095954,0.24984072,0.24540013,1,1,234,174,180,180
B,4883,0.26602970,0.27677097,0.27140034,1,1,234,174,180,180
B,4884,0.25000000,0.20832350,0.22916175,1,1,234,174,180,180
B,4885,0.25751310,0.24123593,0.24937451,1,1,234,174,180,180
B,4886,0.25228028,0.23214286,0.24221157,1,1,234,174,180,180
B,4887,0.24860551,0.22536324,0.23698438,1,1,234,174,180,180
B,4888,0.26131953,0.24984072,0.25558012,1,1,234,174,180,180
B,4889,0.24860551,0.21428571,0.23144561,1,1,234,174,180,180
B,4890,0.25000000,0.24984072,0.24992036,1,1,234,174,180,180
B,4891,0.24032926,0.21428571,0.22730749,1,1,234,174,180,180
B,4892,0.25751310,0.25126907,0.25439108,1,1,234,174,180,180
B,4893,0.26602970,0.25846706,0.26224838,1,1,234,174,180,180
B,4894,0.25228028,0.24123593,0.24675810,1,1,234,174,180,180
