video_id,frame_id,timestamp_sec,ear_l,ear_r,ear_avg,det_ok,face_count,face_x,face_y,face_w,face_h,ear_smooth
WIN_20260414_20_31_10_Pro,0,0.0,0.3890903846477742,0.4189677666196598,0.404029075633717,1,1,293,154,181,180,0.4077364905776362
WIN_20260414_20_31_10_Pro,1,0.03360393232738912,0.40117882385427617,0.41863793650712966,0.4099083801807029,1,1,293,154,181,180,0.40916513964180745
WIN_20260414_20_31_10_Pro,2,0.06720786465477824,0.38545587775528084,0.43308815408169676,0.40927201591848883,1,1,293,154,181,180,0.4063922945503057
WIN_20260414_20_31_10_Pro,3,0.10081179698216736,0.40610214535467215,0.4208000283139702,0.4134510868343212,1,1,293,154,181,180,0.40458108589069325
WIN_20260414_20_31_10_Pro,4,0.13441572930955648,0.38742926021217183,0.40317256815642494,0.39530091418429836,1,1,293,154,181,180,0.4000886160222514
WIN_20260414_20_31_10_Pro,5,0.1680196616369456,0.38348249529838985,0.4064635693729206,0.3949730323356552,1,1,293,154,181,180,0.3962282297939761
WIN_20260414_20_31_10_Pro,6,0.2016235939643347,0.37370194435097276,0.401190117326014,0.3874460308384934,1,1,293,154,181,180,0.39599262713743
WIN_20260414_20_31_10_Pro,7,0.23522752629172383,0.3753154612846867,0.4046247082695378,0.38997008477711226,1,1,293,154,181,180,0.3970919130366047
WIN_20260414_20_31_10_Pro,8,0.26883145861911295,0.40223048838928666,0.42231565871389526,0.41227307355159093,1,1,293,154,181,180,0.4000789826056142
WIN_20260414_20_31_10_Pro,9,0.30243539094650207,0.3989595702789698,0.4026351170813732,0.4007973436801715,1,1,293,154,181,180,0.4052547304771762
WIN_20260414_20_31_10_Pro,10,0.3360393232738912,0.40117882385427617,0.41863793650712966,0.4099083801807029,1,1,293,154,181,180,0.4076570578275434
WIN_20260414_20_31_10_Pro,11,0.3696432556012803,0.40433388167871187,0.42231565871389526,0.41332477019630354,1,1,293,154,181,180,0.40607616936082974
WIN_20260414_20_31_10_Pro,12,0.4032471879286694,0.40132832597652296,0.4026351170813732,0.40198172152894807,1,1,293,154,181,180,0.40669439208286595
WIN_20260414_20_31_10_Pro,13,0.43685112025605854,0.40610214535467215,0.4026351170813732,0.4043686312180227,1,1,293,154,181,180,0.40488896718339307
WIN_20260414_20_31_10_Pro,14,0.47045505258344766,0.40315220631116716,0.4046247082695378,0.4038884572903525,1,1,293,154,181,180,0.4012996635470133
WIN_20260414_20_31_10_Pro,15,0.5040589849108368,0.38742926021217183,0.4143332511545054,0.40088125568333866,1,1,293,154,181,180,0.403384387170146
WIN_20260414_20_31_10_Pro,16,0.5376629172382259,0.37178873740914875,0.4189677666196598,0.39537825201440424,1,1,293,154,181,180,0.40140308515999135
WIN_20260414_20_31_10_Pro,17,0.571266849565615,0.40433388167871187,0.4204767976105125,0.4124053396446122,1,1,293,154,181,180,0.3994344931855862
WIN_20260414_20_31_10_Pro,18,0.6048707818930041,0.37178873740914875,0.41713550492534934,0.39446212116724905,1,1,293,154,181,180,0.3966660187088247
WIN_20260414_20_31_10_Pro,19,0.6384747142203933,0.38545587775528084,0.4026351170813732,0.394045497418327,1,1,293,154,181,180,0.3950795744736425
WIN_20260414_20_31_10_Pro,20,0.6720786465477824,0.38545587775528084,0.3886218888437813,0.38703888329953107,1,1,293,154,181,180,0.39160656514720193
WIN_20260414_20_31_10_Pro,21,0.7056825788751715,0.37370194435097276,0.401190117326014,0.3874460308384934,1,1,293,154,181,180,0.3915769855049227
WIN_20260414_20_31_10_Pro,22,0.7392865112025606,0.38545587775528084,0.4046247082695378,0.3950402930124093,1,1,293,154,181,180,0.39317726744749837
WIN_20260414_20_31_10_Pro,23,0.7728904435299497,0.38545587775528084,0.40317256815642494,0.3943142229558529,1,1,293,154,181,180,0.3947557205514384
WIN_20260414_20_31_10_Pro,24,0.8064943758573389,0.38545587775528084,0.41863793650712966,0.4020469071312053,1,1,293,154,181,180,0.3960463296564639
WIN_20260414_20_31_10_Pro,25,0.840098308184728,0.38722718055708955,0.4026351170813732,0.39493114881923136,1,1,293,154,181,180,0.3956500322919584
WIN_20260414_20_31_10_Pro,26,0.8737022405121171,0.3851630356458683,0.4026351170813732,0.39389907636362076,1,1,293,154,181,180,0.3924905344143705
WIN_20260414_20_31_10_Pro,27,0.9073061728395062,0.38348249529838985,0.4026351170813732,0.39305880618988154,1,1,293,154,181,180,0.38778072371149386
WIN_20260414_20_31_10_Pro,28,0.9409101051668953,0.37178873740914875,0.38524472972667867,0.3785167335679137,1,1,293,154,181,180,0.38468916135541276
WIN_20260414_20_31_10_Pro,29,0.9745140374942844,0.3697685266765543,0.38722718055708955,0.3784978536168219,1,1,293,154,181,180,0.3837420113447396
WIN_20260414_20_31_10_Pro,30,1.0081179698216736,0.37370194435097276,0.38524472972667867,0.3794733370388257,1,1,293,154,181,180,0.3857117615280713
WIN_20260414_20_31_10_Pro,31,1.0417219021490627,0.37370194435097276,0.4046247082695378,0.3891633263102553,1,1,293,154,181,180,0.3867119492364397
WIN_20260414_20_31_10_Pro,32,1.0753258344764518,0.38717717770595017,0.41863793650712966,0.4029075571065399,1,1,293,154,181,180,0.3901849286859901
WIN_20260414_20_31_10_Pro,33,1.108929766803841,0.3655856116691516,0.4014497325503597,0.3835176721097556,1,1,293,154,181,180,0.39211549195643186
WIN_20260414_20_31_10_Pro,34,1.14253369913123,0.3890903846477742,0.4026351170813732,0.3958627508645737,1,1,293,154,181,180,0.39293649356030597
WIN_20260414_20_31_10_Pro,35,1.1761376314586192,0.37178873740914875,0.4064635693729206,0.3891261533910347,1,1,293,154,181,180,0.38996171791772066
WIN_20260414_20_31_10_Pro,36,1.2097415637860083,0.3959251886273057,0.3906114800319459,0.3932683343296258,1,1,293,154,181,180,0.3935109346633752
WIN_20260414_20_31_10_Pro,37,1.2433454961133974,0.38545587775528084,0.3906114800319459,0.3880336788936134,1,1,293,154,181,180,0.3931340318387751
WIN_20260414_20_31_10_Pro,38,1.2769494284407865,0.39935494351963197,0.40317256815642494,0.4012637558380284,1,1,293,154,181,180,0.39396596571604847
WIN_20260414_20_31_10_Pro,39,1.3105533607681756,0.38348249529838985,0.404473978184756,0.39397823674157295,1,1,293,154,181,180,0.3924306193759236
WIN_20260414_20_31_10_Pro,40,1.3441572930955648,0.38717717770595017,0.39939446784885363,0.39328582277740187,1,1,293,154,181,180,0.3955465007737176
WIN_20260414_20_31_10_Pro,41,1.3777612254229539,0.37178873740914875,0.39939446784885363,0.38559160262900116,1,1,293,154,181,180,0.39422570069165214
WIN_20260414_20_31_10_Pro,42,1.411365157750343,0.38924538997917335,0.41798078178599374,0.40361308588258354,1,1,293,154,181,180,0.3906482061095172
WIN_20260414_20_31_10_Pro,43,1.444969090077732,0.3733939937709149,0.41592551708448766,0.39465975542770126,1,1,293,154,181,180,0.3877181438858167
WIN_20260414_20_31_10_Pro,44,1.4785730224051212,0.36930855637195525,0.3828729712898416,0.37609076383089846,1,1,293,154,181,180,0.38800497054978517
WIN_20260414_20_31_10_Pro,45,1.5121769547325103,0.3866322976556167,0.370638725662182,0.3786355116588993,1,1,293,154,181,180,0.38423288026781427
WIN_20260414_20_31_10_Pro,46,1.5457808870598995,0.37465700404883284,0.39939446784885363,0.38702573594884326,1,1,293,154,181,180,0.3839703754099779
WIN_20260414_20_31_10_Pro,47,1.5793848193872886,0.3866322976556167,0.3828729712898416,0.3847526344727291,1,1,293,154,181,180,0.38782790564542435
WIN_20260414_20_31_10_Pro,48,1.6129887517146777,0.38524472972667867,0.4014497325503597,0.3933472311385192,1,1,273,154,181,180,0.3898251810824008
WIN_20260414_20_31_10_Pro,49,1.6465926840420668,0.38956671269024784,0.401190117326014,0.3953784150081309,1,1,273,154,181,180,0.3887419897568236
WIN_20260414_20_31_10_Pro,50,1.680196616369456,0.3866322976556167,0.3906114800319459,0.3886218888437813,1,1,273,154,181,180,0.3854336285255089
WIN_20260414_20_31_10_Pro,51,1.713800548696845,0.3740099272544147,0.3892096313875005,0.3816097793209576,1,1,273,154,181,180,0.3777086145784469
WIN_20260414_20_31_10_Pro,52,1.7474044810242342,0.36924274613954916,0.36717891049276163,0.36821082831615537,1,1,273,154,181,180,0.37375719720814043
WIN_20260414_20_31_10_Pro,53,1.7810084133516233,0.3444953322888727,0.36494899051754637,0.35472216140320956,1,1,273,154,181,180,0.3738404697171135
WIN_20260414_20_31_10_Pro,54,1.8146123456790124,0.38629366579565017,0.36494899051754637,0.37562132815659827,1,1,273,154,181,180,0.37332207134583156
WIN_20260414_20_31_10_Pro,55,1.8482162780064015,0.37611622262815686,0.40196028014913693,0.3890382513886469,1,1,273,154,181,180,0.37411774488547783
WIN_20260414_20_31_10_Pro,56,1.8818202103337907,0.38629366579565017,0.3717419091334453,0.37901778746454773,1,1,273,154,181,180,0.3796409383027162
WIN_20260414_20_31_10_Pro,57,1.9154241426611798,0.37092820051283504,0.3734501915159385,0.37218919601438677,1,1,254,154,180,180,0.3824988585119149
WIN_20260414_20_31_10_Pro,58,1.949028074988569,0.37546662559130234,0.3892096313875005,0.3823381284894014,1,1,254,154,180,180,0.3869734262507766
WIN_20260414_20_31_10_Pro,59,1.982632007315958,0.3748170285544478,0.4050048298507353,0.38991092920259157,1,1,254,154,180,180,0.3876374944557473
WIN_20260414_20_31_10_Pro,60,2.016235939643347,0.38823659022338936,0.43458558994252144,0.4114110900829554,1,1,254,154,180,180,0.3940382287475563
WIN_20260414_20_31_10_Pro,61,2.049839871970736,0.37546662559130234,0.3892096313875005,0.3823381284894014,1,1,254,154,180,180,0.39806736875772103
WIN_20260414_20_31_10_Pro,62,2.0834438042981254,0.40305872245101804,0.40532701249584535,0.4041928674734317,1,1,254,154,180,180,0.398977526236403
WIN_20260414_20_31_10_Pro,63,2.1170477366255143,0.403007376931313,0.40196028014913693,0.40248382854022496,1,1,254,154,180,180,0.39694108326512245
WIN_20260414_20_31_10_Pro,64,2.1506516689529036,0.386963153042866,0.40196028014913693,0.3944617165960015,1,1,254,154,180,180,0.3978292543581609
WIN_20260414_20_31_10_Pro,65,2.1842556012802925,0.40049747030396826,0.40196028014913693,0.4012288752265526,1,1,273,154,181,180,0.39831622981928766
WIN_20260414_20_31_10_Pro,66,2.217859533607682,0.37159768776005087,0.40196028014913693,0.38677898395459387,1,1,273,154,181,180,0.397860499492652
WIN_20260414_20_31_10_Pro,67,2.2514634659350707,0.39980576397936657,0.41344972557876436,0.4066277447790655,1,1,273,154,181,180,0.39786049949265195
WIN_20260414_20_31_10_Pro,68,2.28506739826246,0.40049747030396826,0.39991288351012494,0.4002051769070466,1,1,273,154,181,180,0.4005522487136667
WIN_20260414_20_31_10_Pro,69,2.318671330589849,0.386963153042866,0.40196028014913693,0.3944617165960015,1,1,273,154,181,180,0.4033824610546943
WIN_20260414_20_31_10_Pro,70,2.3522752629172383,0.41592551708448766,0.41344972557876436,0.414687621331626,1,1,273,154,181,180,0.4019963601380313
WIN_20260414_20_31_10_Pro,71,2.385879195244627,0.38629366579565017,0.4155664255238136,0.4009300456597319,1,1,273,154,181,180,0.4036470484111282
WIN_20260414_20_31_10_Pro,72,2.4194831275720166,0.39939446784885363,0.40000001254264733,0.3996972401957505,1,1,273,154,181,180,0.4063322166561651
WIN_20260414_20_31_10_Pro,73,2.4530870598994055,0.4013508110212491,0.4155664255238136,0.4084586182725314,1,1,273,154,181,180,0.4018541822138991
WIN_20260414_20_31_10_Pro,74,2.486690992226795,0.39939446784885363,0.41638064779351736,0.40788755782118546,1,1,273,154,181,180,0.4065902824545544
WIN_20260414_20_31_10_Pro,75,2.5202949245541837,0.3866322976556167,0.3979626005849765,0.3922974491202966,1,1,273,154,181,180,0.4068888578806071
WIN_20260414_20_31_10_Pro,76,2.553898856881573,0.41863793650712966,0.4305831572188862,0.4246105468630079,1,1,273,154,181,180,0.4053441610394504
WIN_20260414_20_31_10_Pro,77,2.587502789208962,0.38524472972667867,0.41713550492534934,0.401190117326014,1,1,273,154,181,180,0.4038596513230174
WIN_20260414_20_31_10_Pro,78,2.6211067215363513,0.38524472972667867,0.4162255384068172,0.40073513406674793,1,1,273,154,181,180,0.4022838113896082
WIN_20260414_20_31_10_Pro,79,2.65471065386374,0.3959251886273057,0.4050048298507353,0.4004650092390205,1,1,273,154,181,180,0.39257931912447025
WIN_20260414_20_31_10_Pro,80,2.6883145861911295,0.3814072386943297,0.38742926021217183,0.38441824945325076,1,1,273,154,181,180,0.3897726342815365
WIN_20260414_20_31_10_Pro,81,2.7219185185185184,0.36494899051754637,0.38722718055708955,0.376088085537318,1,1,273,154,181,180,0.38707104357960487
WIN_20260414_20_31_10_Pro,82,2.7555224508459077,0.36930855637195525,0.4050048298507353,0.38715669311134526,1,1,273,154,181,180,0.3826609267878322
WIN_20260414_20_31_10_Pro,83,2.7891263831732966,0.38524472972667867,0.3892096313875005,0.3872271805570896,1,1,273,154,181,180,0.38269942088539005
WIN_20260414_20_31_10_Pro,84,2.822730315500686,0.36761921917281426,0.3892096313875005,0.37841442528015734,1,1,273,154,181,180,0.38333362255387204
WIN_20260414_20_31_10_Pro,85,2.856334247828075,0.36930855637195525,0.39991288351012494,0.3846107199410401,1,1,273,154,181,180,0.3795439570519104
WIN_20260414_20_31_10_Pro,86,2.889938180155464,0.36930855637195525,0.3892096313875005,0.3792590938797279,1,1,273,154,181,180,0.37859882906923154
WIN_20260414_20_31_10_Pro,87,2.923542112482853,0.36494899051754637,0.37146774068552757,0.36820836560153697,1,1,273,154,181,180,0.37859882906923154
WIN_20260414_20_31_10_Pro,88,2.9571460448102425,0.37954720353210986,0.38545587775528084,0.38250154064369535,1,1,273,154,181,180,0.38038419690688485
WIN_20260414_20_31_10_Pro,89,2.9907499771376314,0.36761921917281426,0.3892096313875005,0.37841442528015734,1,1,273,154,181,180,0.38304813945461963
WIN_20260414_20_31_10_Pro,90,3.0243539094650207,0.39786548687111295,0.3892096313875005,0.3935375591293067,1,1,273,154,181,180,0.38749002352179407
WIN_20260414_20_31_10_Pro,91,3.0579578417924096,0.38524472972667867,0.39991288351012494,0.39257880661840183,1,1,273,154,181,180,0.38467241722811235
WIN_20260414_20_31_10_Pro,92,3.091561774119799,0.3828729712898416,0.3979626005849765,0.39041778593740906,1,1,273,154,181,180,0.3864208707943499
WIN_20260414_20_31_10_Pro,93,3.125165706447188,0.35337238301723184,0.3834546353333417,0.36841350917528676,1,1,273,154,181,180,0.37860375400329216
WIN_20260414_20_31_10_Pro,94,3.158769638774577,0.36930855637195525,0.4050048298507353,0.38715669311134526,1,1,273,154,181,180,0.37119430614577265
WIN_20260414_20_31_10_Pro,95,3.192373571101966,0.35337238301723184,0.3555315673308042,0.35445197517401805,1,1,273,154,181,180,0.36679345079334824
WIN_20260414_20_31_10_Pro,96,3.2259775034293554,0.3555315673308042,0.3555315673308042,0.3555315673308042,1,1,273,154,181,180,0.3700328929464988
WIN_20260414_20_31_10_Pro,97,3.2595814357567443,0.35337238301723184,0.3834546353333417,0.36841350917528676,1,1,273,154,181,180,0.3652838117775469
WIN_20260414_20_31_10_Pro,98,3.2931853680841336,0.36930855637195525,0.39991288351012494,0.3846107199410401,1,1,273,154,181,180,0.3640024379292139
WIN_20260414_20_31_10_Pro,99,3.3267893004115225,0.35337238301723184,0.3734501915159385,0.36341128726658517,1,1,273,154,181,180,0.3489934600568677
WIN_20260414_20_31_10_Pro,100,3.360393232738912,0.3357904536243488,0.3602997582403578,0.34804510593235327,1,1,273,154,181,180,0.31343727757619966
WIN_20260414_20_31_10_Pro,101,3.393997165066301,0.2674082032060554,0.29356515273209083,0.2804866779690731,1,1,273,154,181,180,0.2707532291977522
WIN_20260414_20_31_10_Pro,102,3.42760109739369,0.17951269491796026,0.20175249862593286,0.19063259677194655,1,1,273,154,181,180,0.23053891743166935
WIN_20260414_20_31_10_Pro,103,3.461205029721079,0.1637196498199476,0.17866130627765833,0.17119047804880297,1,1,273,154,181,180,0.1939744805650133
WIN_20260414_20_31_10_Pro,104,3.4948089620484684,0.1621299871142236,0.16254946975811824,0.16233972843617092,1,1,273,154,181,180,0.17057199078217716
WIN_20260414_20_31_10_Pro,105,3.5284128943758573,0.15710827990060047,0.1733375632975455,0.16522292159907298,1,1,273,154,181,180,0.1690058300045075
WIN_20260414_20_31_10_Pro,106,3.5620168267032466,0.16254946975811824,0.16439898835166655,0.1634742290548924,1,1,273,154,181,180,0.1700246097676319
WIN_20260414_20_31_10_Pro,107,3.5956207590306355,0.17112463979416503,0.19447894597303153,0.18280179288359827,1,1,273,154,181,180,0.1678167069896018
WIN_20260414_20_31_10_Pro,108,3.629224691358025,0.1641432454347156,0.18842550829413432,0.17628437686442494,1,1,273,154,181,180,0.16340175452344044
WIN_20260414_20_31_10_Pro,109,3.6628286236854137,0.13272746234078592,0.1698729667512551,0.1513002145460205,1,1,273,174,181,180,0.16158745605233996
WIN_20260414_20_31_10_Pro,110,3.696432556012803,0.14227092230840396,0.14402539622812818,0.14314815926826607,1,1,273,174,181,180,0.1567953730385533
WIN_20260414_20_31_10_Pro,111,3.730036488340192,0.1637196498199476,0.14508582357883235,0.15440273669938998,1,1,273,174,181,180,0.1526625543219503
WIN_20260414_20_31_10_Pro,112,3.7636404206675813,0.15864870544286905,0.15903405018646097,0.158841377814665,1,1,273,174,181,180,0.15332541831410101
WIN_20260414_20_31_10_Pro,113,3.79724435299497,0.1468415782111534,0.16439898835166655,0.15562028328140998,1,1,273,174,181,180,0.1547877492355751
WIN_20260414_20_31_10_Pro,114,3.8308482853223595,0.1641432454347156,0.14508582357883235,0.15461453450677398,1,1,273,174,181,180,0.1535028803845821
WIN_20260414_20_31_10_Pro,115,3.8644522176497484,0.15864870544286905,0.14227092230840396,0.1504598138756365,1,1,273,174,181,180,0.14977460476695076
WIN_20260414_20_31_10_Pro,116,3.898056149977138,0.14001106892249868,0.15594571596635137,0.147978392444425,1,1,273,174,181,180,0.14569002870749692
WIN_20260414_20_31_10_Pro,117,3.9316600823045267,0.12445428348666548,0.15594571596635137,0.14019999972650843,1,1,273,174,181,180,0.1435469823513099
WIN_20260414_20_31_10_Pro,118,3.965264014631916,0.12636940974015332,0.14402539622812818,0.13519740298414074,1,1,273,174,181,180,0.14254508428039642
WIN_20260414_20_31_10_Pro,119,3.998867946959305,0.1287645552652167,0.15903405018646097,0.14389930272583884,1,1,273,174,181,180,0.1434964454407405
WIN_20260414_20_31_10_Pro,120,4.032471879286694,0.15273519824614543,0.13816544879599266,0.14545032352106904,1,1,273,174,181,180,0.1440569178055806
WIN_20260414_20_31_10_Pro,121,4.066075811614083,0.15273519824614543,0.15273519824614543,0.15273519824614543,1,1,273,174,181,180,0.14524208279370118
WIN_20260414_20_31_10_Pro,122,4.099679743941472,0.12828453599364112,0.15772018710777683,0.14300236155070897,1,1,273,174,181,180,0.14697444715032298
WIN_20260414_20_31_10_Pro,123,4.133283676268862,0.1247565727730811,0.15748988307640616,0.14112322792474363,1,1,273,174,181,180,0.14906130728936978
WIN_20260414_20_31_10_Pro,124,4.166887608596251,0.15238705077175016,0.15273519824614543,0.1525611245089478,1,1,273,174,181,180,0.15104915227420598
WIN_20260414_20_31_10_Pro,125,4.20049154092364,0.15903405018646097,0.15273519824614543,0.1558846242163032,1,1,273,174,181,180,0.15406253881599172
WIN_20260414_20_31_10_Pro,126,4.2340954732510285,0.15748988307640616,0.16785896326424646,0.16267442317032632,1,1,273,174,181,180,0.15786715448842428
WIN_20260414_20_31_10_Pro,127,4.267699405578418,0.15864870544286905,0.15748988307640616,0.15806929425963762,1,1,273,174,181,180,0.15991154308099917
WIN_20260414_20_31_10_Pro,128,4.301303337905807,0.1628027294974068,0.15748988307640616,0.16014630628690646,1,1,273,174,181,180,0.15867313769335628
WIN_20260414_20_31_10_Pro,129,4.334907270233196,0.1728309366974992,0.15273519824614543,0.1627830674718223,1,1,273,174,181,180,0.15341627965258864
WIN_20260414_20_31_10_Pro,130,4.368511202560585,0.14189531147977102,0.15748988307640616,0.1496925972780886,1,1,273,174,181,180,0.15316878529807038
WIN_20260414_20_31_10_Pro,131,4.402115134887975,0.14381508941845877,0.12896517651451764,0.13639013296648822,1,1,273,174,181,180,0.15470291648380505
WIN_20260414_20_31_10_Pro,132,4.435719067215364,0.15748988307640616,0.15617376189768659,0.15683182248704636,1,1,273,174,181,180,0.15256349954039042
WIN_20260414_20_31_10_Pro,133,4.469322999542753,0.16254946975811824,0.17308445467304132,0.1678169622155798,1,1,273,174,181,180,0.15014878813360824
WIN_20260414_20_31_10_Pro,134,4.5029269318701415,0.14668208243309208,0.15748988307640616,0.1520859827547491,1,1,273,174,181,180,0.1484168146253264
WIN_20260414_20_31_10_Pro,135,4.53653086419753,0.12878418013838927,0.14645390034996614,0.1376190402441777,1,1,273,174,181,180,0.1425962224757897
WIN_20260414_20_31_10_Pro,136,4.57013479652492,0.12667635071176883,0.12878418013838927,0.12773026542507904,1,1,273,174,181,180,0.1394980581002864
WIN_20260414_20_31_10_Pro,137,4.603738728852309,0.12859612865045658,0.12686159482826928,0.12772886173936293,1,1,273,174,181,180,0.14123921354379448
WIN_20260414_20_31_10_Pro,138,4.637342661179698,0.16254946975811824,0.14210281091800817,0.1523261403380632,1,1,273,174,181,180,0.14384590274444545
WIN_20260414_20_31_10_Pro,139,4.670946593507087,0.15903405018646097,0.16254946975811824,0.16079175997228962,1,1,273,174,181,180,0.14938300420482484
WIN_20260414_20_31_10_Pro,140,4.704550525834477,0.14381508941845877,0.15748988307640616,0.15065248624743247,1,1,273,174,181,180,0.15550183446854804
WIN_20260414_20_31_10_Pro,141,4.7381544581618655,0.15273519824614543,0.1580963472078066,0.15541577272697601,1,1,273,174,181,180,0.15347626018288998
WIN_20260414_20_31_10_Pro,142,4.771758390489254,0.14381508941845877,0.1728309366974992,0.15832301305797897,1,1,273,174,181,180,0.1483670522014548
WIN_20260414_20_31_10_Pro,143,4.805362322816643,0.12667635071176883,0.15772018710777683,0.14219826890977283,1,1,273,174,181,180,0.14787658149432925
WIN_20260414_20_31_10_Pro,144,4.838966255144033,0.12667635071176883,0.14381508941845877,0.13524572006511382,1,1,273,174,181,180,0.1493283985567203
WIN_20260414_20_31_10_Pro,145,4.872570187471422,0.15131444184477688,0.14508582357883235,0.1482001327118046,1,1,273,174,181,180,0.1493768356845513
WIN_20260414_20_31_10_Pro,146,4.906174119798811,0.1641432454347156,0.16120647064314705,0.16267485803893134,1,1,273,174,181,180,0.15124312654405564
WIN_20260414_20_31_10_Pro,147,4.9397780521262,0.15903405018646097,0.1580963472078066,0.15856519869713379,1,1,273,174,181,180,0.15400397823840017
WIN_20260414_20_31_10_Pro,148,4.97338198445359,0.15903405018646097,0.14402539622812818,0.15152972320729458,1,1,273,174,181,180,0.15077338608076818
WIN_20260414_20_31_10_Pro,149,5.0069859167809785,0.14192619517598648,0.15617376189768659,0.14904997853683655,1,1,273,174,181,180,0.14972066120703748
WIN_20260414_20_31_10_Pro,150,5.040589849108367,0.13915533432914,0.12493900951814928,0.13204717192364465,1,1,273,174,181,180,0.1490347915043579
WIN_20260414_20_31_10_Pro,151,5.074193781435756,0.15864870544286905,0.15617376189768659,0.15741123367027782,1,1,293,174,181,180,0.14956343987106005
WIN_20260414_20_31_10_Pro,152,5.107797713763146,0.15903405018646097,0.15123765018101049,0.1551358501837357,1,1,293,174,181,180,0.15125142077897397
WIN_20260414_20_31_10_Pro,153,5.141401646090535,0.15710827990060047,0.15123765018101049,0.15417296504080547,1,1,293,174,181,180,0.1568508825343517
WIN_20260414_20_31_10_Pro,154,5.175005578417924,0.15903405018646097,0.15594571596635137,0.15748988307640616,1,1,293,174,181,180,0.1574506750193209
WIN_20260414_20_31_10_Pro,155,5.208609510745313,0.1641432454347156,0.15594571596635137,0.16004448070053348,1,1,293,174,181,180,0.15288581766505424
WIN_20260414_20_31_10_Pro,156,5.2422134430727025,0.16310020508247036,0.15772018710777683,0.16041019609512358,1,1,293,174,181,180,0.1515564986168401
WIN_20260414_20_31_10_Pro,157,5.275817375400091,0.14346662071825508,0.12115650610655014,0.1323115634124026,1,1,293,174,181,180,0.15005740713317342
WIN_20260414_20_31_10_Pro,158,5.30942130772748,0.14381508941845877,0.15123765018101049,0.14752636979973463,1,1,293,174,181,180,0.14851847410733007
WIN_20260414_20_31_10_Pro,159,5.343025240054869,0.14381508941845877,0.15617376189768659,0.1499944256580727,1,1,293,174,181,180,0.1443944854764218
WIN_20260414_20_31_10_Pro,160,5.376629172382259,0.1641432454347156,0.14055638570791792,0.15234981557131677,1,1,293,174,181,180,0.14936595832028937
WIN_20260414_20_31_10_Pro,161,5.410233104709648,0.14346662071825508,0.13611388516290943,0.13979025294058225,1,1,293,174,181,180,0.1504077240095715
WIN_20260414_20_31_10_Pro,162,5.443837037037037,0.16310020508247036,0.15123765018101049,0.15716892763174042,1,1,293,174,181,180,0.15139747444034493
WIN_20260414_20_31_10_Pro,163,5.477440969364426,0.15423274631128034,0.15123765018101049,0.1527351982461454,1,1,293,174,181,180,0.15001939981692547
WIN_20260414_20_31_10_Pro,164,5.5110449016918155,0.15864870544286905,0.15123765018101049,0.15494317781193978,1,1,293,174,181,180,0.15304998479119697
WIN_20260414_20_31_10_Pro,165,5.544648834019204,0.1394732522752513,0.1514456326331877,0.1454594424542195,1,1,293,174,181,180,0.1504708748839782
WIN_20260414_20_31_10_Pro,166,5.578252766346593,0.15864870544286905,0.15123765018101049,0.15494317781193978,1,1,293,174,181,180,0.15246365721662472
WIN_20260414_20_31_10_Pro,167,5.611856698673982,0.14155149446476728,0.1469952617265259,0.1442733780956466,1,1,293,174,181,180,0.15145476480672265
WIN_20260414_20_31_10_Pro,168,5.645460631001372,0.173952587185568,0.1514456326331877,0.16269910990937786,1,1,293,174,181,180,0.15337231012348443
WIN_20260414_20_31_10_Pro,169,5.679064563328761,0.16349636215499008,0.1363010693698689,0.1498987157624295,1,1,293,174,181,180,0.1497211109016865
WIN_20260414_20_31_10_Pro,170,5.71266849565615,0.15864870544286905,0.1514456326331877,0.15504716903802837,1,1,293,174,181,180,0.15238721649097192
WIN_20260414_20_31_10_Pro,171,5.746272427983539,0.14843535388775075,0.12493900951814928,0.13668718170295002,1,1,273,174,181,180,0.1483223838417405
WIN_20260414_20_31_10_Pro,172,5.779876360310928,0.15903405018646097,0.15617376189768659,0.15760390604207378,1,1,293,174,181,180,0.14643339369701805
WIN_20260414_20_31_10_Pro,173,5.813480292638317,0.14227092230840396,0.14247897101803794,0.14237494666322095,1,1,273,174,181,180,0.1429011003925253
WIN_20260414_20_31_10_Pro,174,5.847084224965706,0.1403511443697162,0.14055638570791792,0.14045376503881707,1,1,273,174,181,180,0.14205338385396785
WIN_20260414_20_31_10_Pro,175,5.880688157293095,0.13074600880300133,0.14402539622812818,0.13738570251556476,1,1,273,174,181,180,0.13933940919269475
WIN_20260414_20_31_10_Pro,176,5.914292089620485,0.12859612865045658,0.1363010693698689,0.13244859901016276,1,1,273,174,181,180,0.1375577453105209
WIN_20260414_20_31_10_Pro,177,5.947896021947874,0.12686159482826928,0.16120647064314705,0.14403403273570817,1,1,273,174,181,180,0.13821584023038425
WIN_20260414_20_31_10_Pro,178,5.981499954275263,0.12445428348666548,0.14247897101803794,0.1334666272523517,1,1,273,174,181,180,0.1392956428908976
WIN_20260414_20_31_10_Pro,179,6.015103886602652,0.16254946975811824,0.12493900951814928,0.14374423963813376,1,1,273,174,181,180,0.14019911900315887
WIN_20260414_20_31_10_Pro,180,6.048707818930041,0.14346662071825508,0.14210281091800817,0.14278471581813162,1,1,273,174,181,180,0.141075785161405
WIN_20260414_20_31_10_Pro,181,6.08231175125743,0.12686159482826928,0.14707036431466894,0.1369659795714691,1,1,273,174,181,180,0.14453376183138456
WIN_20260414_20_31_10_Pro,182,6.115915683584819,0.15903405018646097,0.1378006768674168,0.14841736352693888,1,1,273,174,181,180,0.145877850070381
WIN_20260414_20_31_10_Pro,183,6.149519615912208,0.15903405018646097,0.14247897101803794,0.15075651060224945,1,1,273,174,181,180,0.14836441922746885
WIN_20260414_20_31_10_Pro,184,6.183123548239598,0.15903405018646097,0.14189531147977102,0.15046468083311598,1,1,273,174,181,180,0.1535981352709816
WIN_20260414_20_31_10_Pro,185,6.216727480566987,0.15748988307640616,0.15294524013073554,0.15521756160357086,1,1,273,174,181,180,0.15543566958401217
WIN_20260414_20_31_10_Pro,186,6.250331412894376,0.1637196498199476,0.16254946975811824,0.1631345597890329,1,1,273,174,181,180,0.15304823757068667
WIN_20260414_20_31_10_Pro,187,6.283935345221765,0.15748988307640616,0.15772018710777683,0.1576050350920915,1,1,273,174,181,180,0.15367310004826504
WIN_20260414_20_31_10_Pro,188,6.317539277549154,0.1394732522752513,0.13816544879599266,0.138819350535622,1,1,273,174,181,180,0.148545144621631
WIN_20260414_20_31_10_Pro,189,6.351143209876543,0.15423274631128034,0.15294524013073554,0.15358899322100794,1,1,273,174,181,180,0.1439253925814065
WIN_20260414_20_31_10_Pro,190,6.384747142203932,0.1209901201448084,0.13816544879599266,0.12957778447040053,1,1,273,174,181,180,0.13951189552983762
WIN_20260414_20_31_10_Pro,191,6.418351074531321,0.14227092230840396,0.1378006768674168,0.14003579958791038,1,1,273,174,181,180,0.14342344915213698
WIN_20260414_20_31_10_Pro,192,6.451955006858711,0.12859612865045658,0.14247897101803794,0.13553754983424726,1,1,293,174,181,180,0.14218456370985524
WIN_20260414_20_31_10_Pro,193,6.4855589391861,0.15903405018646097,0.15772018710777683,0.1583771186471189,1,1,293,174,181,180,0.15020498490644416
WIN_20260414_20_31_10_Pro,194,6.519162871513489,0.15423274631128034,0.14055638570791792,0.14739456600959913,1,1,293,174,181,180,0.1515710072566805
WIN_20260414_20_31_10_Pro,195,6.5527668038408775,0.1784040868251693,0.1609556940815209,0.1696798904533451,1,1,293,174,181,180,0.15603388495204767
WIN_20260414_20_31_10_Pro,196,6.586370736168267,0.14381508941845877,0.14991673325972513,0.14686591133909194,1,1,293,174,181,180,0.15197594488949268
WIN_20260414_20_31_10_Pro,197,6.619974668495656,0.1371324480507378,0.17857142857142858,0.15785193831108318,1,1,281,161,216,216,0.1534017561373478
WIN_20260414_20_31_10_Pro,198,6.653578600823045,0.11546055095440227,0.16071428571428573,0.13808741833434401,1,1,281,161,216,216,0.14932968149781461
WIN_20260414_20_31_10_Pro,199,6.687182533150434,0.14843535388775075,0.16061189060999878,0.15452362224887478,1,1,313,174,180,180,0.15853164405736372
WIN_20260414_20_31_10_Pro,200,6.720786465477824,0.14346662071825508,0.15517241379310345,0.14931951725567927,1,1,313,174,180,180,0.1662624719001732
WIN_20260414_20_31_10_Pro,201,6.754390397805213,0.1894480264170099,0.19630342185666516,0.1928757241368375,1,1,313,154,180,180,0.17242811467875865
WIN_20260414_20_31_10_Pro,202,6.787994330132602,0.1894480264170099,0.20356412863325088,0.19650607752513038,1,1,313,154,180,180,0.1766092010419738
WIN_20260414_20_31_10_Pro,203,6.8215982624599905,0.1526460792693573,0.18518518518518517,0.16891563222727124,1,1,313,154,180,180,0.1858330668641957
WIN_20260414_20_31_10_Pro,204,6.85520219478738,0.17228667955847293,0.17857142857142858,0.17542905406495074,1,1,313,154,180,180,0.1822942967357867
WIN_20260414_20_31_10_Pro,205,6.888806127114769,0.18731356410032665,0.20356412863325088,0.19543884636678877,1,1,313,154,180,180,0.17849436136081326
WIN_20260414_20_31_10_Pro,206,6.922410059442158,0.16347300970298895,0.1868907372865957,0.1751818734947923,1,1,305,137,216,216,0.17743346426186143
WIN_20260414_20_31_10_Pro,207,6.956013991769547,0.16284719451942842,0.19216560678109781,0.17750640065026313,1,1,305,137,216,216,0.1740485353782238
WIN_20260414_20_31_10_Pro,208,6.989617924096937,0.14254307940842742,0.18467921405659732,0.16361114673251237,1,1,305,137,216,216,0.174177147447177
WIN_20260414_20_31_10_Pro,209,7.023221856424326,0.14254307940842742,0.17446573988509745,0.15850440964676243,1,1,305,137,216,216,0.17209790495177274
WIN_20260414_20_31_10_Pro,210,7.0568257887517145,0.1999982066420116,0.19216560678109781,0.1960819067115547,1,1,305,137,216,216,0.16616961228257576
WIN_20260414_20_31_10_Pro,211,7.090429721079103,0.15235379636565394,0.17721752566988822,0.1647856610177711,1,1,305,137,216,216,0.1612810118920052
WIN_20260414_20_31_10_Pro,212,7.124033653406493,0.14199738918367813,0.15373248542487825,0.1478649373042782,1,1,305,137,216,216,0.1577365979889659
WIN_20260414_20_31_10_Pro,213,7.157637585733882,0.12494328772297861,0.15339300183634028,0.13916814477965944,1,1,305,137,216,216,0.14777621202984798
WIN_20260414_20_31_10_Pro,214,7.191241518061271,0.12817167842679184,0.15339300183634028,0.14078234013156604,1,1,305,137,216,216,0.14319220011965356
WIN_20260414_20_31_10_Pro,215,7.22484545038866,0.14254307940842742,0.1500168744235027,0.14627997691596506,1,1,305,137,216,216,0.14629035890302228
WIN_20260414_20_31_10_Pro,216,7.25844938271605,0.13371432851009526,0.1500168744235027,0.141865601466799,1,1,305,137,216,216,0.15780573312600787
WIN_20260414_20_31_10_Pro,217,7.292053315043439,0.1379882866265532,0.18872317581569056,0.1633557312211219,1,1,305,137,216,216,0.16628960832015027
WIN_20260414_20_31_10_Pro,218,7.3256572473708275,0.17861463477650028,0.21487539701267458,0.19674501589458743,1,1,305,113,216,216,0.16845039639850776
WIN_20260414_20_31_10_Pro,219,7.359261179698216,0.17951269491796026,0.1868907372865957,0.18320171610227798,1,1,313,134,180,180,0.1736073458438242
WIN_20260414_20_31_10_Pro,220,7.392865112025606,0.15209825435830718,0.16206958025719784,0.1570839173077525,1,1,313,154,180,180,0.1757296113012583
WIN_20260414_20_31_10_Pro,221,7.426469044352995,0.1536556416655495,0.18164505572121287,0.1676503486933812,1,1,313,154,180,180,0.17123442510438375
WIN_20260414_20_31_10_Pro,222,7.460072976680384,0.16770938150450918,0.1802247355120756,0.1739670585082924,1,1,313,154,180,180,0.16798211960169065
WIN_20260414_20_31_10_Pro,223,7.493676909007773,0.1683134343083536,0.1802247355120756,0.1742690849102146,1,1,313,154,180,180,0.1645260381464934
WIN_20260414_20_31_10_Pro,224,7.527280841335163,0.1536556416655495,0.1802247355120756,0.16694018858881254,1,1,313,154,180,180,0.1647123459080885
WIN_20260414_20_31_10_Pro,225,7.5608847736625515,0.13272746234078592,0.1468795577227464,0.13980351003176616,1,1,281,137,216,216,0.1695294703385628
WIN_20260414_20_31_10_Pro,226,7.59448870598994,0.1691237975014753,0.16803997750123834,0.16858188750135683,1,1,293,134,181,180,0.16774623602702535
WIN_20260414_20_31_10_Pro,227,7.628092638317329,0.19070879415898218,0.20539656716234578,0.19805268066066398,1,1,293,134,181,180,0.16802061255559392
WIN_20260414_20_31_10_Pro,228,7.661696570644719,0.14381508941845877,0.1868907372865957,0.16535291335252722,1,1,281,137,216,216,0.1749377054069855
WIN_20260414_20_31_10_Pro,229,7.695300502972108,0.16354721938638758,0.17307692307692307,0.1683120712316553,1,1,281,113,216,216,0.17786167112716972
WIN_20260414_20_31_10_Pro,230,7.728904435299497,0.1637196498199476,0.1850582987575008,0.17438897428872419,1,1,293,134,181,180,0.1749379239478442
WIN_20260414_20_31_10_Pro,231,7.762508367626886,0.17951269491796026,0.1868907372865957,0.18320171610227798,1,1,293,134,181,180,0.1769283799879931
WIN_20260414_20_31_10_Pro,232,7.796112299954276,0.17997715224147676,0.1868907372865957,0.18343394476403624,1,1,293,134,181,180,0.17834739696405869
WIN_20260414_20_31_10_Pro,233,7.8297162322816645,0.1637196498199476,0.1868907372865957,0.17530519355327165,1,1,293,134,181,180,0.17800447373512301
WIN_20260414_20_31_10_Pro,234,7.863320164609053,0.15864870544286905,0.19216560678109781,0.17540715611198343,1,1,293,134,181,180,0.17875005006676803
WIN_20260414_20_31_10_Pro,235,7.896924096936442,0.15304102398039923,0.19230769230769232,0.17267435814404578,1,1,281,113,216,216,0.1765900917431254
WIN_20260414_20_31_10_Pro,236,7.930528029263832,0.18155150321331365,0.19230769230769232,0.186929597760503,1,1,293,134,181,180,0.17903417031765256
WIN_20260414_20_31_10_Pro,237,7.964131961591221,0.15824942615395554,0.1870188801376908,0.17263415314582317,1,1,293,154,181,180,0.178217465882945
WIN_20260414_20_31_10_Pro,238,7.99773589391861,0.17951269491796026,0.1955384779338546,0.18752558642590744,1,1,257,113,216,216,0.18142147295092723
WIN_20260414_20_31_10_Pro,239,8.031339826245999,0.14843535388775075,0.19421191398914045,0.1713236339384456,1,1,257,113,216,216,0.18184343414995238
WIN_20260414_20_31_10_Pro,240,8.064943758573389,0.17771410401012844,0.19967468295778548,0.18869439348395695,1,1,257,113,216,216,0.1803122596245778
WIN_20260414_20_31_10_Pro,241,8.098547690900777,0.174375103807554,0.2037037037037037,0.18903940375562883,1,1,257,113,216,216,0.17594168500922586
WIN_20260414_20_31_10_Pro,242,8.132151623228166,0.15423274631128034,0.17572381472662008,0.1649782805189502,1,1,273,154,181,180,0.1814685487247918
WIN_20260414_20_31_10_Pro,243,8.165755555555556,0.15903405018646097,0.17231137651183442,0.16567271334914768,1,1,254,154,180,180,0.178139672032208
WIN_20260414_20_31_10_Pro,244,8.199359487882944,0.18971615742864703,0.2081997476039034,0.1989579525162752,1,1,254,154,180,180,0.1779300851006112
WIN_20260414_20_31_10_Pro,245,8.232963420210334,0.15444484762828342,0.1896551724137931,0.17205001002103826,1,1,233,137,216,216,0.1787024765094388
WIN_20260414_20_31_10_Pro,246,8.266567352537724,0.1747153475880623,0.20126759060722701,0.18799146909764464,1,1,233,137,216,216,0.17702588298871
WIN_20260414_20_31_10_Pro,247,8.300171284865112,0.18173475915982523,0.15594571596635137,0.1688402375630883,1,1,234,154,180,180,0.1688721958473816
WIN_20260414_20_31_10_Pro,248,8.333775217192501,0.16808980339405433,0.14648968809695287,0.15728974574550358,1,1,234,154,180,180,0.16455074006283787
WIN_20260414_20_31_10_Pro,249,8.36737914951989,0.16666666666666666,0.14971236695260007,0.15818951680963336,1,1,234,154,180,180,0.15845654601912607
WIN_20260414_20_31_10_Pro,250,8.40098308184728,0.15294524013073554,0.14794022206590338,0.15044273109831946,1,1,234,154,180,180,0.16004947442249096
WIN_20260414_20_31_10_Pro,251,8.434587014174669,0.16659019589650645,0.14845080186166484,0.15752049887908565,1,1,209,137,216,216,0.15855056886282812
WIN_20260414_20_31_10_Pro,252,8.468190946502057,0.171875,0.18173475915982523,0.17680487957991262,1,1,209,137,216,216,0.1558762164481663
WIN_20260414_20_31_10_Pro,253,8.501794878829447,0.14055638570791792,0.15903405018646097,0.14979521794718945,1,1,209,137,216,216,0.1575208961646135
WIN_20260414_20_31_10_Pro,254,8.535398811156837,0.13972916747584488,0.14990634199680378,0.14481775473632433,1,1,209,137,216,216,0.15787996985509106
WIN_20260414_20_31_10_Pro,255,8.569002743484225,0.16288741173282748,0.15444484762828342,0.15866612968055543,1,1,209,137,216,216,0.16146068071092393
WIN_20260414_20_31_10_Pro,256,8.602606675811614,0.16439898835166655,0.15423274631128034,0.15931586733147346,1,1,209,137,216,216,0.16418472054892103
WIN_20260414_20_31_10_Pro,257,8.636210608139002,0.20542831969628855,0.18398854802186548,0.19470843385907702,1,1,209,137,216,216,0.17236904635202538
WIN_20260414_20_31_10_Pro,258,8.669814540466392,0.15772018710777683,0.16911064716657292,0.1634154171371749,1,1,209,137,216,216,0.1751544285130851
WIN_20260414_20_31_10_Pro,259,8.703418472793782,0.1899935872864797,0.18148518021721258,0.18573938375184612,1,1,234,154,180,180,0.17574877639464603
WIN_20260414_20_31_10_Pro,260,8.73702240512117,0.17732711770746176,0.16785896326424646,0.1725930404858541,1,1,234,154,180,180,0.16973471890389372
WIN_20260414_20_31_10_Pro,261,8.77062633744856,0.1733375632975455,0.15123765018101049,0.162287606739278,1,1,234,154,180,180,0.17128356528191999
WIN_20260414_20_31_10_Pro,262,8.80423026977595,0.17838337656487943,0.15089291624575127,0.16463814640531535,1,1,234,154,180,180,0.1672053397689993
WIN_20260414_20_31_10_Pro,263,8.837834202103338,0.16794419424705875,0.174375103807554,0.17115964902730638,1,1,234,154,180,180,0.1672262367822202
WIN_20260414_20_31_10_Pro,264,8.871438134430727,0.16629752402281872,0.16439898835166655,0.16534825618724264,1,1,234,154,180,180,0.17103978359785496
WIN_20260414_20_31_10_Pro,265,8.905042066758115,0.17231137651183442,0.17308367459208315,0.17269752555195877,1,1,234,154,180,180,0.17284982193146664
WIN_20260414_20_31_10_Pro,266,8.938645999085505,0.18954251416301784,0.17316816747188568,0.18135534081745175,1,1,234,154,180,180,0.1755930776474244
WIN_20260414_20_31_10_Pro,267,8.972249931412895,0.18457394664934063,0.1628027294974068,0.1736883380733737,1,1,254,154,180,180,0.18048710576582372
WIN_20260414_20_31_10_Pro,268,9.005853863740283,0.1923325003754806,0.1774193548387097,0.18487592760709515,1,1,254,154,180,180,0.18541717455764928
WIN_20260414_20_31_10_Pro,269,9.039457796067673,0.20230967585101683,0.17732711770746176,0.18981839677923928,1,1,254,154,180,180,0.18962394530345145
WIN_20260414_20_31_10_Pro,270,9.07306172839506,0.21736862131471113,0.17732711770746176,0.19734786951108646,1,1,254,134,180,180,0.19528981277798285
WIN_20260414_20_31_10_Pro,271,9.10666566072245,0.20175249862593286,0.20302589046699257,0.2023891945464627,1,1,273,134,181,180,0.1960958568117434
WIN_20260414_20_31_10_Pro,272,9.14026959304984,0.2092533975500882,0.194781953341973,0.2020176754460306,1,1,273,134,181,180,0.19997261254694573
WIN_20260414_20_31_10_Pro,273,9.173873525377228,0.19916725638552563,0.17864503916627034,0.18890614777589798,1,1,273,134,181,180,0.19986765888058416
WIN_20260414_20_31_10_Pro,274,9.207477457704618,0.2078298355293181,0.2105745153811836,0.20920217545525086,1,1,273,134,181,180,0.20068886818344037
WIN_20260414_20_31_10_Pro,275,9.241081390032008,0.19916725638552563,0.19447894597303153,0.1968231011792786,1,1,273,134,181,180,0.20172350804353747
WIN_20260414_20_31_10_Pro,276,9.274685322359396,0.20314713546225704,0.20984334665923035,0.20649524106074368,1,1,273,134,181,180,0.20234051003520775
WIN_20260414_20_31_10_Pro,277,9.308289254686786,0.2092533975500882,0.20512835194294426,0.20719087474651623,1,1,293,134,181,180,0.20398626539352085
WIN_20260414_20_31_10_Pro,278,9.341893187014174,0.20579829591342536,0.17818401955507357,0.19199115773424946,1,1,293,134,181,180,0.204068944797815
WIN_20260414_20_31_10_Pro,279,9.375497119341563,0.22314351224296577,0.21171839225066708,0.2174309522468164,1,1,293,134,181,180,0.20004369657902185
WIN_20260414_20_31_10_Pro,280,9.409101051668953,0.19916725638552563,0.19530574001597295,0.1972364982007493,1,1,293,134,181,180,0.19867432711749497
WIN_20260414_20_31_10_Pro,281,9.442704983996341,0.20314713546225704,0.16959086447129879,0.18636899996677792,1,1,293,134,181,180,0.19562956041661228
WIN_20260414_20_31_10_Pro,282,9.476308916323731,0.22314351224296577,0.177544542634798,0.20034402743888188,1,1,293,134,181,180,0.19271143715986644
WIN_20260414_20_31_10_Pro,283,9.50991284865112,0.1850582987575008,0.16847634970217107,0.17676732422983593,1,1,293,134,181,180,0.19161660657659407
WIN_20260414_20_31_10_Pro,284,9.543516780978509,0.22161505686791677,0.18406561505825741,0.2028403359630871,1,1,293,134,181,180,0.19102336437839146
WIN_20260414_20_31_10_Pro,285,9.577120713305899,0.21440089306729976,0.1691237975014753,0.19176234528438751,1,1,293,134,181,180,0.19183292302097849
WIN_20260414_20_31_10_Pro,286,9.610724645633287,0.20467559083730605,0.1621299871142236,0.18340278897576484,1,1,293,134,181,180,0.1929448237706169
WIN_20260414_20_31_10_Pro,287,9.644328577960676,0.2129725822553963,0.19581105904823795,0.20439182065181713,1,1,313,134,180,180,0.1874377952886538
WIN_20260414_20_31_10_Pro,288,9.677932510288066,0.18650789890689806,0.17814575704915755,0.1823268279780278,1,1,313,134,180,180,0.188931977044332
WIN_20260414_20_31_10_Pro,289,9.711536442615454,0.1868907372865957,0.1637196498199476,0.17530519355327165,1,1,313,134,180,180,0.18861267480799976
WIN_20260414_20_31_10_Pro,290,9.745140374942844,0.21440089306729976,0.18406561505825741,0.1992332540627786,1,1,313,134,180,180,0.1874439206204897
WIN_20260414_20_31_10_Pro,291,9.778744307270234,0.2065042756876068,0.15710827990060047,0.18180627779410363,1,1,313,134,180,180,0.18946948123291474
WIN_20260414_20_31_10_Pro,292,9.812348239597622,0.22314351224296577,0.173952587185568,0.19854804971426687,1,1,313,134,180,180,0.1931964797678844
WIN_20260414_20_31_10_Pro,293,9.845952171925012,0.20539656716234578,0.17951269491796026,0.19245463104015303,1,1,313,134,180,180,0.1939219686453614
WIN_20260414_20_31_10_Pro,294,9.8795561042524,0.2152153071198063,0.17266506533643364,0.19394018622811998,1,1,313,134,180,180,0.19785683834698553
WIN_20260414_20_31_10_Pro,295,9.91316003657979,0.21600523947168007,0.18971615742864703,0.20286069845016355,1,1,313,134,180,180,0.19601522353448075
WIN_20260414_20_31_10_Pro,296,9.94676396890718,0.21453574431031414,0.18842550829413432,0.20148062630222424,1,1,313,134,180,180,0.1936291619680625
WIN_20260414_20_31_10_Pro,297,9.980367901234567,0.19916725638552563,0.17951269491796026,0.18933997565174293,1,1,313,154,180,180,0.1882340219006757
WIN_20260414_20_31_10_Pro,298,10.013971833561957,0.18107149417464707,0.17997715224147676,0.18052432320806192,1,1,313,154,180,180,0.18156569891370564
WIN_20260414_20_31_10_Pro,299,10.047575765889347,0.1748949215959108,0.15903405018646097,0.1669644858911859,1,1,313,154,180,180,0.1848732599339491
WIN_20260414_20_31_10_Pro,300,10.081179698216735,0.1748949215959108,0.1641432454347156,0.1695190835153132,1,1,313,154,180,180,0.1924821202388348
WIN_20260414_20_31_10_Pro,301,10.114783630544125,0.24155791683385167,0.19447894597303153,0.2180184314034416,1,1,313,154,180,180,0.20654957054738166
WIN_20260414_20_31_10_Pro,302,10.148387562871513,0.26028960837931125,0.19447894597303153,0.22738427717617138,1,1,313,154,180,180,0.2291695478529742
WIN_20260414_20_31_10_Pro,303,10.181991495198902,0.26028960837931125,0.24143354112228135,0.2508615747507963,1,1,293,134,181,180,0.2567754313697838
WIN_20260414_20_31_10_Pro,304,10.215595427526292,0.29361010793211884,0.266518636906178,0.2800643724191484,1,1,293,134,181,180,0.27083684934413543
WIN_20260414_20_31_10_Pro,305,10.24919935985368,0.33176366886538955,0.2833333333333333,0.30754850109936144,1,1,293,134,181,180,0.2856033448065511
WIN_20260414_20_31_10_Pro,306,10.28280329218107,0.3026000424570493,0.27405100009335,0.2883255212751996,1,1,293,134,181,180,0.2965555099458894
WIN_20260414_20_31_10_Pro,307,10.31640722450846,0.3026000424570493,0.29983346651945025,0.3012167544882498,1,1,293,134,181,180,0.30265056756956427
WIN_20260414_20_31_10_Pro,308,10.350011156835848,0.32018030219492694,0.29106449870004897,0.30562240044748795,1,1,293,134,181,180,0.3061232911559831
WIN_20260414_20_31_10_Pro,309,10.383615089163237,0.3201562279150514,0.3009230931599935,0.31053966053752247,1,1,293,134,181,180,0.3227113071927148
WIN_20260414_20_31_10_Pro,310,10.417219021490626,0.33333335673682496,0.3164908813260864,0.32491211903145567,1,1,293,134,181,180,0.34028106347909326
WIN_20260414_20_31_10_Pro,311,10.450822953818015,0.3745568976714031,0.36797430524631297,0.371265601458858,1,1,293,134,181,180,0.3524074329501736
WIN_20260414_20_31_10_Pro,312,10.484426886145405,0.3943176743590268,0.38381339748125737,0.3890655359201421,1,1,293,134,181,180,0.3714417968411115
WIN_20260414_20_31_10_Pro,313,10.518030818472793,0.36100237146454767,0.3715061241412323,0.36625424780288995,1,1,293,134,181,180,0.3830356817526387
WIN_20260414_20_31_10_Pro,314,10.551634750800183,0.42760956250316645,0.38381339748125737,0.4057114799922119,1,1,293,134,181,180,0.38835152367788456
WIN_20260414_20_31_10_Pro,315,10.585238683127573,0.3943176743590268,0.37144541281915644,0.38288154358909166,1,1,293,134,181,180,0.38704767217768266
WIN_20260414_20_31_10_Pro,316,10.61884261545496,0.4081235622867032,0.38756605988347115,0.3978448110850872,1,1,293,134,181,180,0.3934328378681139
WIN_20260414_20_31_10_Pro,317,10.65244654778235,0.3943176743590268,0.37077488247923823,0.3825462784191325,1,1,293,134,181,180,0.390431986724929
WIN_20260414_20_31_10_Pro,318,10.686050480109738,0.4081235622867032,0.38823659022338936,0.39818007625504626,1,1,293,134,181,180,0.39211110446535236
WIN_20260414_20_31_10_Pro,319,10.719654412437128,0.3943176743590268,0.3870967741935484,0.39070722427628757,1,1,293,134,181,180,0.3889515061769414
WIN_20260414_20_31_10_Pro,320,10.753258344764518,0.3943176743590268,0.38823659022338936,0.3912771322912081,1,1,293,134,181,180,0.39219094749096867
WIN_20260414_20_31_10_Pro,321,10.786862277091906,0.3765275794025945,0.38756605988347115,0.38204681964303283,1,1,293,134,181,180,0.390858409753796
WIN_20260414_20_31_10_Pro,322,10.820466209419296,0.4099209100950658,0.38756605988347115,0.3987434849892685,1,1,293,134,181,180,0.39382542282969707
WIN_20260414_20_31_10_Pro,323,10.854070141746686,0.3959380009448175,0.3870967741935484,0.391517387569183,1,1,293,134,181,180,0.3910619976005897
WIN_20260414_20_31_10_Pro,324,10.887674074074074,0.4099209100950658,0.40116366921651997,0.40554228965579286,1,1,293,134,181,180,0.39228147290210214
WIN_20260414_20_31_10_Pro,325,10.921278006401463,0.4099209100950658,0.34499910219627694,0.3774600061456714,1,1,293,134,181,180,0.3918323534516172
WIN_20260414_20_31_10_Pro,326,10.954881938728851,0.4090696768050358,0.36721871549615387,0.3881441961505948,1,1,293,134,181,180,0.3899538333320554
WIN_20260414_20_31_10_Pro,327,10.988485871056241,0.40918237799243085,0.38381339748125737,0.39649788773684413,1,1,293,134,181,180,0.3867042508637651
WIN_20260414_20_31_10_Pro,328,11.022089803383631,0.3934746914635095,0.37077488247923823,0.38212478697137386,1,1,293,134,181,180,0.3894824068337225
WIN_20260414_20_31_10_Pro,329,11.055693735711019,0.4071433418095261,0.37144541281915644,0.38929437731434124,1,1,293,134,181,180,0.389644254479255
WIN_20260414_20_31_10_Pro,330,11.089297668038409,0.4065853493627592,0.37611622262815686,0.39135078599545803,1,1,293,134,181,180,0.3915934117994234
WIN_20260414_20_31_10_Pro,331,11.122901600365799,0.4071319862772771,0.37077488247923823,0.3889534343782577,1,1,293,134,181,180,0.3906933569656767
WIN_20260414_20_31_10_Pro,332,11.156505532693187,0.4249212887919017,0.38756605988347115,0.40624367433768643,1,1,293,134,181,180,0.3880461149802849
WIN_20260414_20_31_10_Pro,333,11.190109465020576,0.38782634951885436,0.36742267608642576,0.3776245128026401,1,1,293,134,181,180,0.383987937983726
WIN_20260414_20_31_10_Pro,334,11.223713397347964,0.4021371993589823,0.3499791354157825,0.3760581673873824,1,1,293,134,181,180,0.3851024191759484
WIN_20260414_20_31_10_Pro,335,11.257317329675354,0.4020509505587042,0.34006885146662197,0.37105990101266306,1,1,293,134,181,180,0.3808759327000597
WIN_20260414_20_31_10_Pro,336,11.290921262002744,0.404482693447324,0.38456898723141647,0.3945258403393702,1,1,293,134,181,180,0.3828526426136773
WIN_20260414_20_31_10_Pro,337,11.324525194330132,0.40300376842033153,0.36721871549615387,0.3851112419582427,1,1,293,134,181,180,0.38460459768034194
WIN_20260414_20_31_10_Pro,338,11.358129126657522,0.41889940600254444,0.3561167187389116,0.387508062370728,1,1,293,134,181,180,0.384642361135745
WIN_20260414_20_31_10_Pro,339,11.391733058984912,0.4196567500256292,0.3499791354157825,0.38481794272070585,1,1,293,134,181,180,0.38397868934775653
WIN_20260414_20_31_10_Pro,340,11.4253369913123,0.3797841384444048,0.36271329813495207,0.3712487182896784,1,1,293,134,181,180,0.3851180235462957
WIN_20260414_20_31_10_Pro,341,11.45894092363969,0.42056107212400323,0.36185389067485224,0.39120748139942774,1,1,293,134,181,180,0.38280152851402366
WIN_20260414_20_31_10_Pro,342,11.492544855967077,0.3991315206493938,0.38248430525248306,0.3908079129509384,1,1,293,134,181,180,0.3857026926137874
WIN_20260414_20_31_10_Pro,343,11.526148788294467,0.39561591243577904,0.35623526198295696,0.375925587209368,1,1,293,134,181,180,0.3930330360331297
WIN_20260414_20_31_10_Pro,344,11.559752720621857,0.4351526141614491,0.36349491227759967,0.3993237632195244,1,1,311,145,150,150,0.3941811100625324
WIN_20260414_20_31_10_Pro,345,11.593356652949245,0.4351526141614491,0.380648256611331,0.4079004353863901,1,1,293,134,181,180,0.39897602946235305
WIN_20260414_20_31_10_Pro,346,11.626960585276635,0.43609032843657375,0.35780537465630885,0.3969478515464413,1,1,293,134,181,180,0.40648298703577773
WIN_20260414_20_31_10_Pro,347,11.660564517604024,0.43609032843657375,0.3934746914635095,0.4147825099500416,1,1,293,154,181,180,0.40931030940717106
WIN_20260414_20_31_10_Pro,348,11.694168449931412,0.4335044124248088,0.3934163377281735,0.41346037507649114,1,1,293,154,181,180,0.4069968955640075
WIN_20260414_20_31_10_Pro,349,11.727772382258802,0.4335044124248088,0.3934163377281735,0.41346037507649114,1,1,293,154,181,180,0.40789947714573416
WIN_20260414_20_31_10_Pro,350,11.76137631458619,0.39999999251876334,0.3926667398223811,0.39633336617057224,1,1,293,154,181,180,0.39896294108465635
WIN_20260414_20_31_10_Pro,351,11.79498024691358,0.4102547790877682,0.3926667398223811,0.40146075945507464,1,1,293,154,181,180,0.39871500231089574
WIN_20260414_20_31_10_Pro,352,11.82858417924097,0.38218766469648596,0.3580119945928188,0.3700998296446524,1,1,293,174,181,180,0.39712349987254847
WIN_20260414_20_31_10_Pro,353,11.862188111568358,0.4164716607853365,0.4079697016300401,0.4122206812076883,1,1,293,174,181,180,0.3969300028674244
WIN_20260414_20_31_10_Pro,354,11.895792043895748,0.4005943030143,0.41041142275520953,0.4055028628847548,1,1,293,174,181,180,0.39466726899962284
WIN_20260414_20_31_10_Pro,355,11.929395976223137,0.39806502246752246,0.3926667398223811,0.39536588114495175,1,1,294,178,150,150,0.396779490222293
WIN_20260414_20_31_10_Pro,356,11.962999908550525,0.3868194887686247,0.3934746914635095,0.3901470901160671,1,1,294,178,150,150,0.3938614165983557
WIN_20260414_20_31_10_Pro,357,11.996603840877915,0.3813499192129695,0.3799719523030364,0.38066093575800297,1,1,294,178,150,150,0.39786082548552504
WIN_20260414_20_31_10_Pro,358,12.030207773205303,0.401785934712494,0.3934746914635095,0.3976303130880018,1,1,294,178,150,150,0.4007830506273836
WIN_20260414_20_31_10_Pro,359,12.063811705532693,0.4220357573120365,0.4289640573291664,0.4254999073206015,1,1,294,178,150,150,0.4042615064140235
WIN_20260414_20_31_10_Pro,360,12.097415637860083,0.40763647677223247,0.41231753693625695,0.4099770068542447,1,1,273,174,181,180,0.4080590117335207
WIN_20260414_20_31_10_Pro,361,12.13101957018747,0.42284648041156797,0.3922322576869652,0.4075393690492666,1,1,273,174,181,180,0.41200889646530214
WIN_20260414_20_31_10_Pro,362,12.16462350251486,0.38807755031464053,0.41121937439633793,0.39964846235548923,1,1,273,174,181,180,0.40908206431103433
WIN_20260414_20_31_10_Pro,363,12.19822743484225,0.42483856339875165,0.4099209100950658,0.41737973674690876,1,1,273,174,181,180,0.4091690682561101
WIN_20260414_20_31_10_Pro,364,12.231831367169638,0.41039846746480957,0.41133302563371504,0.41086574654926233,1,1,277,178,151,150,0.40370323986772866
WIN_20260414_20_31_10_Pro,365,12.265435299497028,0.41031437233159873,0.4105096808276481,0.4104120265796234,1,1,254,174,180,180,0.38553673150055673
WIN_20260414_20_31_10_Pro,366,12.299039231824416,0.3651357492183826,0.39528470499633694,0.38021022710735974,1,1,254,174,180,180,0.35678512545800284
WIN_20260414_20_31_10_Pro,367,12.332643164151806,0.3055019878476812,0.3121298531915778,0.30881592051962947,1,1,254,174,180,180,0.33000645724449573
WIN_20260414_20_31_10_Pro,368,12.366247096479196,0.278543336585376,0.26870007648290267,0.2736217065341393,1,1,254,174,180,180,0.3018087503694547
WIN_20260414_20_31_10_Pro,369,12.399851028806584,0.278543336585376,0.27540147437807777,0.27697240548172686,1,1,254,174,180,180,0.2842368827302812
WIN_20260414_20_31_10_Pro,370,12.433454961133974,0.2724624860582736,0.26638449835056255,0.2694234922044181,1,1,261,194,150,151,0.2809464534626883
WIN_20260414_20_31_10_Pro,371,12.467058893461363,0.2991983657000697,0.2855034121229148,0.29235088891149225,1,1,261,194,150,151,0.2848072706602427
WIN_20260414_20_31_10_Pro,372,12.500662825788751,0.2923637741816652,0.2923637741816652,0.2923637741816652,1,1,261,194,150,151,0.29141290390022945
WIN_20260414_20_31_10_Pro,373,12.534266758116141,0.3003481729209074,0.2855034121229148,0.2929257925219111,1,1,234,194,180,180,0.3052519031338975
WIN_20260414_20_31_10_Pro,374,12.56787069044353,0.31956314471077785,0.3004379986525434,0.3100005716816606,1,1,234,194,180,180,0.3135183617663032
WIN_20260414_20_31_10_Pro,375,12.601474622770919,0.3328736609861644,0.34436331575935175,0.3386184883727581,1,1,234,194,180,180,0.32429852541098403
WIN_20260414_20_31_10_Pro,376,12.635078555098309,0.33744818512942965,0.32991817901761283,0.3336831820735212,1,1,234,194,180,180,0.33265118033962643
WIN_20260414_20_31_10_Pro,377,12.668682487425697,0.3485031101283263,0.3440260746818118,0.346264592405069,1,1,234,194,180,180,0.3365787353314486
WIN_20260414_20_31_10_Pro,378,12.702286419753086,0.32241248044020226,0.34696565389004375,0.33468906716512303,1,1,234,194,180,180,0.3353493204332646
WIN_20260414_20_31_10_Pro,379,12.735890352080476,0.33450496457172413,0.32477172870981963,0.32963834664077185,1,1,234,194,180,180,0.3329505968770042
WIN_20260414_20_31_10_Pro,380,12.769494284407864,0.33450496457172413,0.330437863191952,0.3324714138818381,1,1,234,194,180,180,0.32582554676985703
WIN_20260414_20_31_10_Pro,381,12.803098216735254,0.3320572297391062,0.31132189884533157,0.32168956429221884,1,1,234,194,180,180,0.323094859846165
WIN_20260414_20_31_10_Pro,382,12.836702149062642,0.30798580579179347,0.3132928779468734,0.3106393418693334,1,1,234,194,180,180,0.3195285508691487
WIN_20260414_20_31_10_Pro,383,12.870306081390032,0.31163340190137323,0.330437863191952,0.3210356325466626,1,1,234,194,180,180,0.31436296003521474
WIN_20260414_20_31_10_Pro,384,12.903910013717422,0.30798580579179347,0.31562779771958793,0.3118068017556907,1,1,234,194,180,180,0.31225947469480286
WIN_20260414_20_31_10_Pro,385,12.93751394604481,0.2991983657000697,0.3140885537242663,0.306643459712168,1,1,234,194,180,180,0.31468620399465624
WIN_20260414_20_31_10_Pro,386,12.9711178783722,0.306716477460731,0.31562779771958793,0.3111721375901595,1,1,234,194,180,180,0.31161189937448847
WIN_20260414_20_31_10_Pro,387,13.00472181069959,0.31562779771958793,0.32991817901761283,0.32277298836860036,1,1,234,194,180,180,0.3087426675450397
WIN_20260414_20_31_10_Pro,388,13.038325743026977,0.2991983657000697,0.3121298531915778,0.3056641094458238,1,1,234,194,180,180,0.30673042204527684
WIN_20260414_20_31_10_Pro,389,13.071929675354367,0.28279143202531615,0.3121298531915778,0.29746064260844696,1,1,234,194,180,180,0.3029661723095434
WIN_20260414_20_31_10_Pro,390,13.105533607681755,0.2991983657000697,0.2939660987266379,0.2965822322133538,1,1,234,194,180,180,0.29817490116727263
WIN_20260414_20_31_10_Pro,391,13.139137540009145,0.28279143202531615,0.3019103457976684,0.2923508889114923,1,1,234,194,180,180,0.29872647709766503
WIN_20260414_20_31_10_Pro,392,13.172741472336535,0.2855034121229148,0.3121298531915778,0.29881663265724634,1,1,254,194,180,180,0.29900685501829755
WIN_20260414_20_31_10_Pro,393,13.206345404663923,0.3019103457976684,0.31493363239790306,0.30842198909778573,1,1,254,194,180,180,0.30107545387421397
WIN_20260414_20_31_10_Pro,394,13.239949336991312,0.31493363239790306,0.28279143202531615,0.29886253221160963,1,1,254,194,180,180,0.2990981889512537
WIN_20260414_20_31_10_Pro,395,13.2735532693187,0.3004379986525434,0.31341245433332826,0.30692522649293585,1,1,254,194,180,180,0.29628045682039256
WIN_20260414_20_31_10_Pro,396,13.30715720164609,0.2694234922044181,0.29550563638896343,0.28246456429669076,1,1,254,194,180,180,0.2892033012678783
WIN_20260414_20_31_10_Pro,397,13.34076113397348,0.27709216982421636,0.2923637741816652,0.28472797200294075,1,1,254,194,180,180,0.2814822864172647
WIN_20260414_20_31_10_Pro,398,13.374365066300868,0.26638449835056255,0.27968792431986644,0.2730362113352145,1,1,254,194,180,180,0.2728868176089502
WIN_20260414_20_31_10_Pro,399,13.407968998628258,0.2584722726983089,0.2620426432187743,0.2602574579585416,1,1,254,194,180,180,0.26765220050775623
WIN_20260414_20_31_10_Pro,400,13.441572930955648,0.2694234922044181,0.2584722726983089,0.26394788245136347,1,1,254,194,180,180,0.25917078923336795
WIN_20260414_20_31_10_Pro,401,13.475176863283036,0.2530485729810382,0.25953438460040307,0.2562914787907207,1,1,254,194,180,180,0.2521868544870108
WIN_20260414_20_31_10_Pro,402,13.508780795610425,0.23463225213481603,0.2500095791271827,0.24232091563099936,1,1,254,194,180,180,0.2551366401519717
WIN_20260414_20_31_10_Pro,403,13.542384727937813,0.22622349607967454,0.2500095791271827,0.2381165376034286,1,1,254,194,180,180,0.25598383940807246
WIN_20260414_20_31_10_Pro,404,13.575988660265203,0.26824986781233257,0.2817629047543603,0.2750063862833464,1,1,277,194,151,151,0.25707722550034867
WIN_20260414_20_31_10_Pro,405,13.609592592592593,0.2546048527093746,0.2817629047543603,0.26818387873186744,1,1,277,194,151,151,0.26172873570857835
WIN_20260414_20_31_10_Pro,406,13.643196524919981,0.24072538647888722,0.28279143202531615,0.2617584092521017,1,1,273,194,181,180,0.26855206612075333
WIN_20260414_20_31_10_Pro,407,13.67680045724737,0.24836550131897944,0.28279143202531615,0.2655784666721478,1,1,273,194,181,180,0.2675291196307389
WIN_20260414_20_31_10_Pro,408,13.71040438957476,0.2530485729810382,0.2914178063475686,0.27223318966430343,1,1,273,194,181,180,0.27262465635614236
WIN_20260414_20_31_10_Pro,409,13.744008321902148,0.24836550131897944,0.2914178063475686,0.269891653833274,1,1,273,194,181,180,0.2777792273572543
WIN_20260414_20_31_10_Pro,410,13.777612254229538,0.2949593505361043,0.2923637741816652,0.29366156235888474,1,1,273,194,181,180,0.2825188397767728
WIN_20260414_20_31_10_Pro,411,13.811216186556926,0.2724624860582736,0.3026000424570493,0.28753126425766146,1,1,273,194,181,180,0.28602210438126985
WIN_20260414_20_31_10_Pro,412,13.844820118884316,0.2871352511919121,0.2914178063475686,0.2892765287697403,1,1,273,194,181,180,0.28766157504524265
WIN_20260414_20_31_10_Pro,413,13.878424051211706,0.2871352511919121,0.2923637741816652,0.2897495126867886,1,1,273,194,181,180,0.28599015527631505
WIN_20260414_20_31_10_Pro,414,13.912027983539094,0.2626128615741855,0.29356515273209083,0.27808900715313817,1,1,273,194,181,180,0.28632986833233953
WIN_20260414_20_31_10_Pro,415,13.945631915866484,0.27811148615466086,0.29249744087383256,0.2853044635142467,1,1,273,194,181,180,0.28383225516814015
WIN_20260414_20_31_10_Pro,416,13.979235848193873,0.27811148615466086,0.3003481729209074,0.2892298295377841,1,1,273,194,181,180,0.26547639635193315
WIN_20260414_20_31_10_Pro,417,14.012839780521261,0.27811148615466086,0.2754654397428254,0.27678846294874315,1,1,273,194,181,180,0.2358665531263357
WIN_20260414_20_31_10_Pro,418,14.046443712848651,0.1887227724338432,0.20721766477766398,0.1979702186057536,1,1,273,194,181,180,0.20464812375007205
WIN_20260414_20_31_10_Pro,419,14.08004764517604,0.12035792030594723,0.13972166174435469,0.13003979102515095,1,1,273,194,181,180,0.17218800485702318
WIN_20260414_20_31_10_Pro,420,14.113651577503429,0.12082045092682472,0.137604182339032,0.12921231663292837,1,1,273,194,181,180,0.14242088072340667
WIN_20260414_20_31_10_Pro,421,14.147255509830819,0.12082045092682472,0.13303801921825498,0.12692923507253984,1,1,273,194,181,180,0.12843987592135522
WIN_20260414_20_31_10_Pro,422,14.180859442158207,0.12082045092682472,0.13508523363449637,0.12795284228066056,1,1,273,194,181,180,0.1323453635182749
WIN_20260414_20_31_10_Pro,423,14.214463374485597,0.12082045092682472,0.13530993826416807,0.1280651945954964,1,1,273,194,181,180,0.14111315780288763
WIN_20260414_20_31_10_Pro,424,14.248067306812986,0.14741947198272037,0.15171498603677824,0.1495672290097493,1,1,277,194,151,151,0.14977446102620623
WIN_20260414_20_31_10_Pro,425,14.281671239140374,0.16612542387050752,0.17997715224147676,0.17305128805599213,1,1,277,194,151,151,0.15659267032328072
WIN_20260414_20_31_10_Pro,426,14.315275171467764,0.1615481258165438,0.1789233765617215,0.17023575118913264,1,1,277,194,151,151,0.1642519261963659
WIN_20260414_20_31_10_Pro,427,14.348879103795152,0.16313208345054545,0.1609556940815209,0.16204388876603318,1,1,277,194,151,151,0.16835681508843786
WIN_20260414_20_31_10_Pro,428,14.382483036122542,0.16313208345054545,0.16959086447129879,0.1663614739609221,1,1,277,194,151,151,0.1647051558572906
WIN_20260414_20_31_10_Pro,429,14.416086968449932,0.16313208345054545,0.17705126348967298,0.17009167347010923,1,1,277,194,151,151,0.16262079323477713
WIN_20260414_20_31_10_Pro,430,14.44969090077732,0.16313208345054545,0.14645390034996614,0.1547929919002558,1,1,273,174,181,180,0.16113789202398032
WIN_20260414_20_31_10_Pro,431,14.48329483310471,0.1683134343083536,0.15131444184477688,0.15981393807656524,1,1,273,174,181,180,0.16259459828106326
WIN_20260414_20_31_10_Pro,432,14.5168987654321,0.1480522947809513,0.16120647064314705,0.15462938271204918,1,1,273,174,181,180,0.15887835627098243
WIN_20260414_20_31_10_Pro,433,14.550502697759487,0.17906645308386557,0.16822355740880818,0.17364500524633686,1,1,273,174,181,180,0.16775461947367615
WIN_20260414_20_31_10_Pro,434,14.584106630086877,0.15310419357968522,0.14991673325972513,0.15151046341970517,1,1,273,174,181,180,0.17303010918963344
WIN_20260414_20_31_10_Pro,435,14.617710562414265,0.1887227724338432,0.20962584339360546,0.1991743079137243,1,1,273,174,181,180,0.17699757642245856
WIN_20260414_20_31_10_Pro,436,14.651314494741655,0.18945549688760294,0.1829272764251006,0.18619138665635176,1,1,273,174,181,180,0.1735885935112758
WIN_20260414_20_31_10_Pro,437,14.684918427069045,0.15768470448193875,0.1912487332704107,0.1744667188761747,1,1,273,174,181,180,0.17677475184512895
WIN_20260414_20_31_10_Pro,438,14.718522359396433,0.15811994252019526,0.15508023886065098,0.15660009069042313,1,1,273,174,181,180,0.17155659403616816
WIN_20260414_20_31_10_Pro,439,14.752126291723823,0.17980227131729037,0.15508023886065098,0.16744125508897068,1,1,273,174,181,180,0.16981515501393363
WIN_20260414_20_31_10_Pro,440,14.785730224051212,0.16770938150450918,0.17845765623333196,0.17308351886892057,1,1,273,174,181,180,0.17033281754492074
WIN_20260414_20_31_10_Pro,441,14.8193341563786,0.1637196498199476,0.1912487332704107,0.17748419154517914,1,1,273,174,181,180,0.1749182395392534
WIN_20260414_20_31_10_Pro,442,14.85293808870599,0.15768149163364895,0.19642857142857142,0.17705503153111019,1,1,273,174,181,180,0.17718239945317904
WIN_20260414_20_31_10_Pro,443,14.886542021033378,0.1738692161389878,0.18518518518518517,0.1795272006620865,1,1,273,174,181,180,0.17684114237184723
WIN_20260414_20_31_10_Pro,444,14.920145953360768,0.17906645308386557,0.17845765623333196,0.17876205465859876,1,1,293,174,181,180,0.17623244300707486
WIN_20260414_20_31_10_Pro,445,14.953749885688158,0.17425410530535088,0.16850036161917228,0.17137723346226158,1,1,293,174,181,180,0.17638521937133672
WIN_20260414_20_31_10_Pro,446,14.987353818015546,0.15276525377204592,0.19611613567058855,0.17444069472131724,1,1,293,154,181,180,0.17847227487771428
WIN_20260414_20_31_10_Pro,447,15.020957750342935,0.1634722199237414,0.19216560678109781,0.17781891335241962,1,1,293,154,181,180,0.18043476420441543
WIN_20260414_20_31_10_Pro,448,15.054561682670325,0.18395372009229424,0.1959712362956543,0.18996247819397427,1,1,293,154,181,180,0.18398910755077308
WIN_20260414_20_31_10_Pro,449,15.088165614997713,0.17533000933524906,0.2018189932489597,0.18857450129210437,1,1,293,154,181,180,0.1892126490405544
WIN_20260414_20_31_10_Pro,450,15.121769547325103,0.16808405956287042,0.2102138408252295,0.18914895019404998,1,1,293,154,181,180,0.1892565142535257
WIN_20260414_20_31_10_Pro,451,15.155373479652491,0.192964081935905,0.20815272240454255,0.20055840217022378,1,1,293,134,181,180,0.18935611739985392
WIN_20260414_20_31_10_Pro,452,15.18897741197988,0.15276525377204592,0.2033112250625063,0.1780382394172761,1,1,293,134,181,180,0.18889476168401806
WIN_20260414_20_31_10_Pro,453,15.22258134430727,0.16919572483947784,0.21172526301175296,0.1904604939256154,1,1,293,134,181,180,0.1847398545808548
WIN_20260414_20_31_10_Pro,454,15.256185276634659,0.18107149417464707,0.19146395125120313,0.1862677227129251,1,1,293,134,181,180,0.18532119905757152
WIN_20260414_20_31_10_Pro,455,15.289789208962048,0.16882429008125394,0.16792453927521334,0.16837441467823364,1,1,293,134,181,180,0.18552393484470314
WIN_20260414_20_31_10_Pro,456,15.323393141289438,0.2036190240451084,0.2033112250625063,0.20346512455380733,1,1,293,134,181,180,0.18693594607220074
WIN_20260414_20_31_10_Pro,457,15.356997073616826,0.16919572483947784,0.1889081118663905,0.17905191835293416,1,1,293,134,181,180,0.1875689222092154
WIN_20260414_20_31_10_Pro,458,15.390601005944216,0.1741780400197704,0.22086306010643642,0.19752055006310343,1,1,293,134,181,180,0.1908235471827793
WIN_20260414_20_31_10_Pro,459,15.424204938271604,0.16919572483947784,0.209669481956519,0.18943260339799842,1,1,293,134,181,180,0.18398928738805104
WIN_20260414_20_31_10_Pro,460,15.457808870598994,0.17528629560152276,0.19400878349058354,0.18464753954605315,1,1,293,134,181,180,0.18130347491001048
WIN_20260414_20_31_10_Pro,461,15.491412802926384,0.16994085105449142,0.16864680010584066,0.16929382558016604,1,1,293,134,181,180,0.1830912110942926
WIN_20260414_20_31_10_Pro,462,15.525016735253772,0.16994085105449142,0.16130486087097154,0.16562285596273146,1,1,293,134,181,180,0.18705971099414914
WIN_20260414_20_31_10_Pro,463,15.558620667581161,0.19205540186259148,0.22086306010643642,0.20645923098451396,1,1,293,134,181,180,0.18840014045009007
WIN_20260414_20_31_10_Pro,464,15.592224599908551,0.1987158556806839,0.2198343501138785,0.20927510289728118,1,1,293,134,181,180,0.19726593981372248
WIN_20260414_20_31_10_Pro,465,15.62582853223594,0.19205540186259148,0.190643971788924,0.19134968682575776,1,1,293,134,181,180,0.1988775881534101
WIN_20260414_20_31_10_Pro,466,15.659432464563329,0.21552038178490332,0.21172526301175296,0.21362282239832814,1,1,293,134,181,180,0.19571947911336354
WIN_20260414_20_31_10_Pro,467,15.693036396890717,0.17615955583168555,0.17120263949065329,0.1736810976611694,1,1,294,145,150,150,0.18712242086033232
WIN_20260414_20_31_10_Pro,468,15.726640329218107,0.18769750645392239,0.19363986511464,0.1906686857842812,1,1,294,145,150,150,0.18777896551666776
WIN_20260414_20_31_10_Pro,469,15.760244261545497,0.1768261806565037,0.15575344260774657,0.16628981163212514,1,1,273,134,181,180,0.1837533140518459
WIN_20260414_20_31_10_Pro,470,15.793848193872885,0.18872317581569056,0.20054164439917932,0.19463241010743493,1,1,273,134,181,180,0.1836043294694727
WIN_20260414_20_31_10_Pro,471,15.827452126200274,0.19216560678109781,0.1948235233673397,0.19349456507421875,1,1,273,134,181,180,0.1808497681220964
WIN_20260414_20_31_10_Pro,472,15.861056058527664,0.1883365837571988,0.1575357657414081,0.17293617474930345,1,1,273,134,181,180,0.18342979805538595
WIN_20260414_20_31_10_Pro,473,15.894659990855052,0.17066307733121966,0.18312868076358008,0.17689587904739987,1,1,273,134,181,180,0.18170742093762177
WIN_20260414_20_31_10_Pro,474,15.928263923182442,0.17721752566988822,0.1811623969272572,0.1791899612985727,1,1,273,134,181,180,0.17688559756194425
WIN_20260414_20_31_10_Pro,475,15.96186785550983,0.17721752566988822,0.1948235233673397,0.18602052451861395,1,1,273,134,181,180,0.17871689041605307
WIN_20260414_20_31_10_Pro,476,15.99547178783722,0.1768261806565037,0.16194471573515887,0.1693854481958313,1,1,273,134,181,180,0.18086962024208977
WIN_20260414_20_31_10_Pro,477,16.02907572016461,0.1955384779338546,0.16864680010584066,0.18209263901984762,1,1,273,134,181,180,0.1824096937695691
WIN_20260414_20_31_10_Pro,478,16.062679652491997,0.1838551051039632,0.19146395125120313,0.18765952817758316,1,1,273,134,181,180,0.18222584242633438
WIN_20260414_20_31_10_Pro,479,16.096283584819385,0.2033112250625063,0.1704694328094325,0.1868903289359694,1,1,294,145,150,150,0.18675739318360463
WIN_20260414_20_31_10_Pro,480,16.129887517146777,0.20580355045946086,0.16439898514542012,0.1851012678024405,1,1,294,145,150,150,0.1909745642498621
WIN_20260414_20_31_10_Pro,481,16.163491449474165,0.21361697115493228,0.1704694328094325,0.1920432019821824,1,1,294,145,150,150,0.18997195423202268
WIN_20260414_20_31_10_Pro,482,16.197095381801553,0.1955384779338546,0.21081851076841548,0.20317849435113505,1,1,294,145,150,150,0.19309837493045118
WIN_20260414_20_31_10_Pro,483,16.230699314128945,0.1948235233673397,0.1704694328094325,0.1826464780883861,1,1,294,145,150,150,0.19409186194186406
WIN_20260414_20_31_10_Pro,484,16.264303246456333,0.21440089306729976,0.190643971788924,0.20252243242811188,1,1,294,145,150,150,0.19401369114314868
WIN_20260414_20_31_10_Pro,485,16.29790717878372,0.1768261806565037,0.2033112250625063,0.190068702859505,1,1,294,145,150,150,0.1924141924030411
WIN_20260414_20_31_10_Pro,486,16.331511111111112,0.18848117260987116,0.1948235233673397,0.19165234798860542,1,1,273,134,181,180,0.19576986708499997
WIN_20260414_20_31_10_Pro,487,16.3651150434385,0.1955384779338546,0.1948235233673397,0.19518100065059715,1,1,277,145,151,150,0.1944308419598219
WIN_20260414_20_31_10_Pro,488,16.398718975765888,0.2033112250625063,0.1955384779338546,0.19942485149818046,1,1,277,145,151,150,0.19506789127861074
WIN_20260414_20_31_10_Pro,489,16.43232290809328,0.19611613567058855,0.1955384779338546,0.19582730680222157,1,1,277,145,151,150,0.1899664594410624
WIN_20260414_20_31_10_Pro,490,16.465926840420668,0.2,0.18650789890689806,0.19325394945344904,1,1,277,145,151,150,0.18768230023863397
WIN_20260414_20_31_10_Pro,491,16.499530772748056,0.18,0.15229037760172753,0.16614518880086376,1,1,277,145,151,150,0.18265061588204354
WIN_20260414_20_31_10_Pro,492,16.533134705075447,0.1824621105194092,0.1850582987575008,0.183760204638455,1,1,261,145,150,150,0.17855171587491708
WIN_20260414_20_31_10_Pro,493,16.566738637402835,0.18198039054870604,0.16655246888175074,0.17426642971522838,1,1,261,145,150,150,0.17317663279008835
WIN_20260414_20_31_10_Pro,494,16.600342569730223,0.18183497473105387,0.16883063880212476,0.1753328067665893,1,1,261,145,150,150,0.17798663721195443
WIN_20260414_20_31_10_Pro,495,16.63394650205761,0.1898999252014677,0.14285714285714285,0.16637853402930528,1,1,261,145,150,150,0.1742810420762585
WIN_20260414_20_31_10_Pro,496,16.667550434385003,0.2018189932489597,0.17857142857142858,0.19019521091019415,1,1,261,145,150,150,0.17726891750826151
WIN_20260414_20_31_10_Pro,497,16.70115436671239,0.18231630977180266,0.14814814814814814,0.1652322289599754,1,1,261,145,150,150,0.17846158427081413
WIN_20260414_20_31_10_Pro,498,16.73475829903978,0.1998401851790583,0.17857142857142858,0.18920580687524344,1,1,261,145,150,150,0.18202302367802412
WIN_20260414_20_31_10_Pro,499,16.76836223136717,0.20198039054870606,0.16061189060999878,0.18129614057935242,1,1,261,145,150,150,0.17810383044279712
WIN_20260414_20_31_10_Pro,500,16.80196616369456,0.2018189932489597,0.16655246888175074,0.1841857310653552,1,1,261,145,150,150,0.1816966500568829
WIN_20260414_20_31_10_Pro,501,16.835570096021947,0.1889081118663905,0.15229037760172753,0.17059924473405902,1,1,254,134,180,180,0.18257204625522333
WIN_20260414_20_31_10_Pro,502,16.869174028349338,0.1998401851790583,0.16655246888175074,0.1831963270304045,1,1,277,145,151,150,0.18360772274965168
WIN_20260414_20_31_10_Pro,503,16.902777960676726,0.20198039054870606,0.18518518518518517,0.1935827878669456,1,1,277,145,151,150,0.18327640641233073
WIN_20260414_20_31_10_Pro,504,16.936381893004114,0.2,0.17294904610298803,0.18647452305149403,1,1,277,145,151,150,0.18199225186275983
WIN_20260414_20_31_10_Pro,505,16.969985825331506,0.18,0.1850582987575008,0.1825291493787504,1,1,277,145,151,150,0.17930747103706368
WIN_20260414_20_31_10_Pro,506,17.003589757658894,0.15987214814324666,0.16848479582916243,0.16417847198620455,1,1,277,145,151,150,0.17721204272876834
WIN_20260414_20_31_10_Pro,507,17.03719368998628,0.16923136512438455,0.17031348067946317,0.16977242290192385,1,1,277,145,151,150,0.17090604037514445
WIN_20260414_20_31_10_Pro,508,17.070797622313673,0.2,0.1662112926509376,0.1831056463254688,1,1,277,145,151,150,0.170996938842692
WIN_20260414_20_31_10_Pro,509,17.10440155464106,0.15987214814324666,0.1500168744235027,0.15494451128337466,1,1,294,145,150,150,0.17711289441573927
WIN_20260414_20_31_10_Pro,510,17.13800548696845,0.2102138408252295,0.15575344260774657,0.18298364171648804,1,1,294,145,150,150,0.17871777261403501
WIN_20260414_20_31_10_Pro,511,17.171609419295837,0.2018189932489597,0.18769750645392239,0.19475824985144102,1,1,294,145,150,150,0.18073599188690156
WIN_20260414_20_31_10_Pro,512,17.20521335162323,0.1998401851790583,0.15575344260774657,0.17779681389340243,1,1,294,145,150,150,0.192332353273529
WIN_20260414_20_31_10_Pro,513,17.238817283950617,0.2102138408252295,0.1761796445543739,0.1931967426898017,1,1,294,145,150,150,0.19644547319155697
WIN_20260414_20_31_10_Pro,514,17.272421216278005,0.23102911306568374,0.1948235233673397,0.21292631821651173,1,1,294,145,150,150,0.20245585935013938
WIN_20260414_20_31_10_Pro,515,17.306025148605396,0.21227495924591644,0.1948235233673397,0.20354924130662808,1,1,293,134,181,180,0.20755137520936814
WIN_20260414_20_31_10_Pro,516,17.339629080932784,0.24311608560109935,0.2065042756876068,0.22481018064435307,1,1,311,145,150,150,0.21371725139882836
WIN_20260414_20_31_10_Pro,517,17.373233013260172,0.21172526301175296,0.1948235233673397,0.20327439318954632,1,1,311,145,150,150,0.21703521519215863
WIN_20260414_20_31_10_Pro,518,17.406836945587564,0.2532287239068655,0.1948235233673397,0.22402612363710261,1,1,311,145,150,150,0.21870148030029973
WIN_20260414_20_31_10_Pro,519,17.440440877914952,0.2532287239068655,0.20580355045946086,0.2295161371831632,1,1,311,145,150,150,0.21641473387285975
WIN_20260414_20_31_10_Pro,520,17.47404481024234,0.21172526301175296,0.21203587068291413,0.21188056684733353,1,1,311,145,150,150,0.21607995467912153
WIN_20260414_20_31_10_Pro,521,17.50764874256973,0.22094934655484538,0.20580355045946086,0.21337644850715312,1,1,311,145,150,150,0.21572251171342974
WIN_20260414_20_31_10_Pro,522,17.54125267489712,0.22292343013303748,0.180277564308673,0.20160049722085524,1,1,311,145,150,150,0.20813039949862172
WIN_20260414_20_31_10_Pro,523,17.574856607224508,0.2425356352035687,0.2019421824137183,0.2222389088086435,1,1,311,145,150,150,0.20758764069207253
WIN_20260414_20_31_10_Pro,524,17.6084605395519,0.20379780131886105,0.1793133508993853,0.19155557610912316,1,1,311,145,150,150,0.20596977474124967
WIN_20260414_20_31_10_Pro,525,17.642064471879287,0.20379780131886105,0.21453574431031414,0.2091667728145876,1,1,311,145,150,150,0.2024529925893149
WIN_20260414_20_31_10_Pro,526,17.675668404206675,0.21203587068291413,0.19853836682316356,0.20528711875303884,1,1,311,161,150,151,0.19385233446535788
WIN_20260414_20_31_10_Pro,527,17.709272336534063,0.1818810215257711,0.1861521513965919,0.1840165864611815,1,1,311,161,150,151,0.19284589781695535
WIN_20260414_20_31_10_Pro,528,17.742876268861455,0.1768261806565037,0.18164505572121287,0.1792356181888583,1,1,311,161,150,151,0.18842623068071035
WIN_20260414_20_31_10_Pro,529,17.776480201188843,0.2033112250625063,0.16973556067171486,0.18652339286711056,1,1,311,161,150,151,0.18646968008174544
WIN_20260414_20_31_10_Pro,530,17.81008413351623,0.1948235233673397,0.1793133508993853,0.18706843713336252,1,1,311,161,150,151,0.19710981575095202
WIN_20260414_20_31_10_Pro,531,17.843688065843622,0.2033112250625063,0.18769750645392239,0.19550436575821434,1,1,311,161,150,151,0.2069709307692343
WIN_20260414_20_31_10_Pro,532,17.87729199817101,0.25129101737146303,0.22314351224296577,0.2372172648072144,1,1,311,161,150,151,0.22428547803398513
WIN_20260414_20_31_10_Pro,533,17.9108959304984,0.23241041894252484,0.22467196761801475,0.22854119328026978,1,1,311,161,150,151,0.2397440421552764
WIN_20260414_20_31_10_Pro,534,17.94449986282579,0.287641358702493,0.2585508996792362,0.2730961291908646,1,1,311,161,150,151,0.2667332046725747
WIN_20260414_20_31_10_Pro,535,17.978103795153178,0.2701716158004013,0.2585508996792362,0.2643612577398188,1,1,311,161,150,151,0.2870236562751754
WIN_20260414_20_31_10_Pro,536,18.011707727480566,0.32847777138753687,0.3324225853018752,0.330450178344706,1,1,311,161,150,151,0.3097553568994554
WIN_20260414_20_31_10_Pro,537,18.045311659807957,0.3442341078769338,0.3331049377635015,0.33866952282021767,1,1,311,161,150,151,0.3271171030655303
WIN_20260414_20_31_10_Pro,538,18.078915592135345,0.33176366886538955,0.35263572393795,0.3421996964016698,1,1,311,161,150,151,0.344728883468611
WIN_20260414_20_31_10_Pro,539,18.112519524462734,0.3681989524032274,0.35161076763925153,0.35990486002123945,1,1,293,154,181,180,0.3533213304889663
WIN_20260414_20_31_10_Pro,540,18.14612345679012,0.3529884676585925,0.35185185185185186,0.3524201597552222,1,1,311,161,150,151,0.35818785863087643
WIN_20260414_20_31_10_Pro,541,18.179727389117513,0.3579359380040763,0.3888888888888889,0.37341241344648257,1,1,293,134,181,180,0.36406781459086524
WIN_20260414_20_31_10_Pro,542,18.2133313214449,0.3681989524032274,0.35780537465630885,0.3630021635297681,1,1,293,134,181,180,0.3652749963522014
WIN_20260414_20_31_10_Pro,543,18.24693525377229,0.3681989524032274,0.375,0.3715994762016137,1,1,293,134,181,180,0.36933156898937336
WIN_20260414_20_31_10_Pro,544,18.28053918609968,0.356881537655841,0.375,0.3659407688279205,1,1,293,134,181,180,0.36627301017990777
WIN_20260414_20_31_10_Pro,545,18.31414311842707,0.38826318873930704,0.35714285714285715,0.3727030229410821,1,1,293,134,181,180,0.3659200553560102
WIN_20260414_20_31_10_Pro,546,18.347747050754457,0.37695352451259423,0.3392857142857143,0.35811961939915427,1,1,293,134,181,180,0.36121688530984297
WIN_20260414_20_31_10_Pro,547,18.38135098308185,0.3699410281158549,0.352533750704706,0.36123738941028044,1,1,294,161,150,151,0.35764545673841447
WIN_20260414_20_31_10_Pro,548,18.414954915409236,0.356881537655841,0.3392857142857143,0.3480836259707777,1,1,294,161,150,151,0.35760138442547607
WIN_20260414_20_31_10_Pro,549,18.448558847736624,0.356881537655841,0.3392857142857143,0.3480836259707777,1,1,294,161,150,151,0.35738040686834854
WIN_20260414_20_31_10_Pro,550,18.482162780064016,0.37367133646760614,0.37129398628517435,0.37248266137639024,1,1,294,161,150,151,0.356176953452217
WIN_20260414_20_31_10_Pro,551,18.515766712391404,0.355995976452044,0.35803348677498953,0.35701473161351677,1,1,294,161,150,151,0.3611198760832474
WIN_20260414_20_31_10_Pro,552,18.549370644718792,0.356881537655841,0.35355870700340447,0.35522012232962275,1,1,294,161,150,151,0.36606279871427777
WIN_20260414_20_31_10_Pro,553,18.582974577046183,0.3745568976714031,0.37103958058045605,0.3727982391259296,1,1,294,161,150,151,0.3694210577398667
WIN_20260414_20_31_10_Pro,554,18.61657850937357,0.3745568976714031,0.37103958058045605,0.3727982391259296,1,1,294,161,150,151,0.3758029460153233
WIN_20260414_20_31_10_Pro,555,18.65018244170096,0.4065853493627592,0.3719625636459105,0.38927395650433483,1,1,273,154,181,180,0.378698878075176
WIN_20260414_20_31_10_Pro,556,18.683786374028347,0.38826318873930704,0.38958515724229265,0.38892417299079984,1,1,273,154,181,180,0.3822289615772946
WIN_20260414_20_31_10_Pro,557,18.71739030635574,0.3681989524032274,0.3712006128545452,0.3696997826288863,1,1,273,154,181,180,0.385921973682253
WIN_20260414_20_31_10_Pro,558,18.750994238683127,0.39051246791444716,0.39038484535859774,0.39044865663652245,1,1,273,154,181,180,0.3808624846522534
WIN_20260414_20_31_10_Pro,559,18.784598171010515,0.3745568976714031,0.4079697016300401,0.3912632996507216,1,1,273,154,181,180,0.37531035125982987
WIN_20260414_20_31_10_Pro,560,18.818202103337907,0.3699410281158549,0.3580119945928188,0.36397651135433684,1,1,273,154,181,180,0.37658942644239535
WIN_20260414_20_31_10_Pro,561,18.851806035665295,0.3706898196310246,0.3516371924263399,0.36116350602868225,1,1,273,154,181,180,0.36939340516583824
WIN_20260414_20_31_10_Pro,562,18.885409967992683,0.36260515984113423,0.38958515724229265,0.37609515854171344,1,1,273,154,181,180,0.3605666238517168
WIN_20260414_20_31_10_Pro,563,18.919013900320074,0.337736487652929,0.3712006128545452,0.35446855025373714,1,1,273,154,181,180,0.35809673868540937
WIN_20260414_20_31_10_Pro,564,18.952617832647462,0.3230581733056832,0.3712006128545452,0.3471293930801142,1,1,273,154,181,180,0.35516395762182673
WIN_20260414_20_31_10_Pro,565,18.98622176497485,0.355995976452044,0.34725819459355556,0.35162708552279975,1,1,273,154,181,180,0.35022650255630905
WIN_20260414_20_31_10_Pro,566,19.01982569730224,0.3230581733056832,0.3699410281158549,0.346499600710769,1,1,273,154,181,180,0.3509635899751708
WIN_20260414_20_31_10_Pro,567,19.05342962962963,0.3499813106343085,0.3528344557939419,0.3514078832141252,1,1,273,154,181,180,0.3522331053408626
WIN_20260414_20_31_10_Pro,568,19.087033561957018,0.3499813106343085,0.36632666406178344,0.35815398734804593,1,1,273,154,181,180,0.3516316387590891
WIN_20260414_20_31_10_Pro,569,19.12063749428441,0.3553167473908066,0.3516371924263399,0.35347696990857325,1,1,273,154,181,180,0.3509510063839643
WIN_20260414_20_31_10_Pro,570,19.154241426611797,0.3499813106343085,0.34725819459355556,0.348619752613932,1,1,273,154,181,180,0.3517612250938823
WIN_20260414_20_31_10_Pro,571,19.187845358939185,0.3333584218763483,0.3528344557939419,0.34309643883514507,1,1,273,154,181,180,0.3539394871223279
WIN_20260414_20_31_10_Pro,572,19.221449291266573,0.34063843304356084,0.3702795204838699,0.3554589767637154,1,1,273,154,181,180,0.3501680056029145
WIN_20260414_20_31_10_Pro,573,19.255053223593965,0.35269546145053654,0.38539513353001126,0.3690452974902739,1,1,273,154,181,180,0.34850321021316616
WIN_20260414_20_31_10_Pro,574,19.288657155921353,0.33477082588967355,0.3344682987333386,0.3346195623115061,1,1,273,154,181,180,0.34418248657241063
WIN_20260414_20_31_10_Pro,575,19.32226108824874,0.33333335673682496,0.34725819459355556,0.34029577566519026,1,1,273,154,181,180,0.34099287756556207
WIN_20260414_20_31_10_Pro,576,19.355865020576132,0.3028272529470843,0.3401583883156505,0.3214928206313674,1,1,273,154,181,180,0.33089065218654606
WIN_20260414_20_31_10_Pro,577,19.38946895290352,0.33176366886538955,0.34725819459355556,0.33951093172947255,1,1,273,154,181,180,0.3327560234999803
WIN_20260414_20_31_10_Pro,578,19.42307288523091,0.3026000424570493,0.3344682987333386,0.31853417059519396,1,1,273,154,181,180,0.3301074275636225
WIN_20260414_20_31_10_Pro,579,19.4566768175583,0.32156617369557094,0.36632666406178344,0.34394641887867716,1,1,273,154,181,180,0.33284050022727285
WIN_20260414_20_31_10_Pro,580,19.490280749885688,0.3068473973732471,0.34725819459355556,0.3270527959834013,1,1,273,154,181,180,0.33521622520663186
WIN_20260414_20_31_10_Pro,581,19.523884682213076,0.3230581733056832,0.34725819459355556,0.3351581839496194,1,1,273,154,181,180,0.336971843752432
WIN_20260414_20_31_10_Pro,582,19.557488614540468,0.32884222306806316,0.3739368901844714,0.35138955662626725,1,1,273,154,181,180,0.33393520718059877
WIN_20260414_20_31_10_Pro,583,19.591092546867856,0.3201562279150514,0.3344682987333386,0.327312263324195,1,1,273,154,181,180,0.33584531468868606
WIN_20260414_20_31_10_Pro,584,19.624696479195244,0.3230581733056832,0.3344682987333386,0.3287632360195109,1,1,273,154,181,180,0.3361100350454185
WIN_20260414_20_31_10_Pro,585,19.658300411522635,0.33873836831433735,0.3344682987333386,0.336603333523838,1,1,273,154,181,180,0.3397720802459423
WIN_20260414_20_31_10_Pro,586,19.691904343850023,0.33477082588967355,0.33819274557688894,0.33648178573328125,1,1,273,154,181,180,0.34633571069292113
WIN_20260414_20_31_10_Pro,587,19.72550827617741,0.3681989524032274,0.3712006128545452,0.3696997826288863,1,1,273,154,181,180,0.3472062602488918
WIN_20260414_20_31_10_Pro,588,19.7591122085048,0.3499813106343085,0.3702795204838699,0.3601304155590892,1,1,273,154,181,180,0.3492046069501382
WIN_20260414_20_31_10_Pro,589,19.79271614083219,0.33176366886538955,0.3344682987333386,0.3331159837993641,1,1,273,154,181,180,0.3492073181743813
WIN_20260414_20_31_10_Pro,590,19.82632007315958,0.34035567826619867,0.3528344557939419,0.34659506703007026,1,1,273,154,181,180,0.34942384393362136
WIN_20260414_20_31_10_Pro,591,19.859924005486967,0.3201562279150514,0.3528344557939419,0.33649534185449664,1,1,273,154,181,180,0.34714898547633943
WIN_20260414_20_31_10_Pro,592,19.89352793781436,0.3553167473908066,0.38624807545936624,0.3707824114250864,1,1,273,154,181,180,0.3495828830611537
WIN_20260414_20_31_10_Pro,593,19.927131870141746,0.3263116336908148,0.3712006128545452,0.34875612327268,1,1,273,154,181,180,0.34974332853509715
WIN_20260414_20_31_10_Pro,594,19.960735802469134,0.337736487652929,0.3528344557939419,0.3452854717234355,1,1,273,154,181,180,0.34852225340661314
WIN_20260414_20_31_10_Pro,595,19.994339734796526,0.339223855675706,0.3555707331238681,0.34739729439978706,1,1,273,154,181,180,0.34173498656250034
WIN_20260414_20_31_10_Pro,596,20.027943667123914,0.3263116336908148,0.3344682987333386,0.3303899662120767,1,1,273,154,181,180,0.34253881388171326
WIN_20260414_20_31_10_Pro,597,20.061547599451302,0.339223855675706,0.3344682987333386,0.3368460772045223,1,1,273,154,181,180,0.33966258168327385
WIN_20260414_20_31_10_Pro,598,20.095151531778694,0.339223855675706,0.36632666406178344,0.3527752598687447,1,1,273,154,181,180,0.3357865700462074
WIN_20260414_20_31_10_Pro,599,20.12875546410608,0.339223855675706,0.32258476578677103,0.3309043107312385,1,1,273,154,181,180,0.3386677623334894
WIN_20260414_20_31_10_Pro,600,20.16235939643347,0.32156617369557094,0.3344682987333386,0.3280172362144548,1,1,273,154,181,180,0.3362508353846021
WIN_20260414_20_31_10_Pro,601,20.19596332876086,0.33675739950303135,0.3528344557939419,0.34479592764848666,1,1,273,154,181,180,0.3213597024155244
WIN_20260414_20_31_10_Pro,602,20.22956726108825,0.3150545861868333,0.3344682987333386,0.324761442460086,1,1,273,154,181,180,0.3062964251833272
WIN_20260414_20_31_10_Pro,603,20.263171193415637,0.29677581563684163,0.25986337440987073,0.2783195950233562,1,1,273,154,181,180,0.29558600197902274
WIN_20260414_20_31_10_Pro,604,20.296775125743025,0.25,0.2611758491405052,0.2555879245702526,1,1,273,154,181,180,0.28065128323670047
WIN_20260414_20_31_10_Pro,605,20.330379058070417,0.27853271200807644,0.27039752837778824,0.27446512019293234,1,1,273,154,181,180,0.2677387475824621
WIN_20260414_20_31_10_Pro,606,20.363982990397805,0.27853271200807644,0.26171195586567403,0.27012233393687524,1,1,273,154,181,180,0.26896992451589047
WIN_20260414_20_31_10_Pro,607,20.397586922725193,0.25,0.27039752837778824,0.2601987641888941,1,1,273,154,181,180,0.2745358568914953
WIN_20260414_20_31_10_Pro,608,20.431190855052584,0.26028960837931125,0.3086613510016848,0.284475479690498,1,1,273,154,181,180,0.27272554239324964
WIN_20260414_20_31_10_Pro,609,20.464794787379972,0.2772210838406552,0.289614089055898,0.28341758644827664,1,1,273,154,181,180,0.2748499302764028
WIN_20260414_20_31_10_Pro,610,20.49839871970736,0.2590638881413686,0.2717632072620396,0.2654135477017041,1,1,273,154,181,180,0.2757563190905397
WIN_20260414_20_31_10_Pro,611,20.532002652034752,0.2590638881413686,0.302424658563914,0.2807442733526413,1,1,273,154,181,180,0.27483745651539276
WIN_20260414_20_31_10_Pro,612,20.56560658436214,0.2590638881413686,0.27039752837778824,0.26473070825957845,1,1,273,154,181,180,0.27304696326432387
WIN_20260414_20_31_10_Pro,613,20.599210516689528,0.251100982627842,0.3086613510016848,0.2798811668147634,1,1,273,154,181,180,0.2768593496620827
WIN_20260414_20_31_10_Pro,614,20.63281444901692,0.27853271200807644,0.27039752837778824,0.27446512019293234,1,1,273,154,181,180,0.27608561199386533
WIN_20260414_20_31_10_Pro,615,20.666418381344307,0.26028960837931125,0.3086613510016848,0.284475479690498,1,1,273,154,181,180,0.2771739060377077
WIN_20260414_20_31_10_Pro,616,20.700022313671695,0.26413708096721106,0.289614089055898,0.2768755850115545,1,1,273,154,181,180,0.2732663122189949
WIN_20260414_20_31_10_Pro,617,20.733626245999087,0.26028960837931125,0.28005474857826934,0.27017217847879027,1,1,273,154,181,180,0.2740905484504014
WIN_20260414_20_31_10_Pro,618,20.767230178326475,0.26028960837931125,0.2603967870630876,0.2603431977211994,1,1,273,154,181,180,0.2711146750441167
WIN_20260414_20_31_10_Pro,619,20.800834110653863,0.29677581563684163,0.2603967870630876,0.27858630134996465,1,1,273,154,181,180,0.26598919689033007
WIN_20260414_20_31_10_Pro,620,20.83443804298125,0.26028960837931125,0.27890261693883767,0.26959611265907446,1,1,273,154,181,180,0.25483690705417483
WIN_20260414_20_31_10_Pro,621,20.868041975308643,0.2420996014221553,0.2603967870630876,0.25124819424262146,1,1,273,154,181,180,0.23878991593919913
WIN_20260414_20_31_10_Pro,622,20.90164590763603,0.21453574431031414,0.21428571428571427,0.2144107292980142,1,1,273,154,181,180,0.22287729171374213
WIN_20260414_20_31_10_Pro,623,20.93524983996342,0.18164505572121287,0.17857142857142858,0.1801082421463207,1,1,273,154,181,180,0.20247321543151015
WIN_20260414_20_31_10_Pro,624,20.96885377229081,0.18650789890689806,0.21153846153846154,0.19902318022267979,1,1,273,154,181,180,0.18757788604165215
WIN_20260414_20_31_10_Pro,625,21.002457704618198,0.16848479582916243,0.16666666666666666,0.16757573124791453,1,1,273,154,181,180,0.18122404360900696
WIN_20260414_20_31_10_Pro,626,21.036061636945586,0.16848479582916243,0.1850582987575008,0.1767715472933316,1,1,273,154,181,180,0.17687074928875973
WIN_20260414_20_31_10_Pro,627,21.069665569272978,0.1802247355120756,0.1850582987575008,0.1826415171347882,1,1,273,154,181,180,0.1702106125428433
WIN_20260414_20_31_10_Pro,628,21.103269501600366,0.1500168744235027,0.16666666666666666,0.1583417705450847,1,1,273,154,181,180,0.1765001023377964
WIN_20260414_20_31_10_Pro,629,21.136873433927754,0.16249859435711245,0.16894639862908256,0.1657224964930975,1,1,273,154,181,180,0.1734731783820663
WIN_20260414_20_31_10_Pro,630,21.170477366255145,0.18650789890689806,0.21153846153846154,0.19902318022267979,1,1,273,154,181,180,0.16864402251441282
WIN_20260414_20_31_10_Pro,631,21.204081298582533,0.1503248089263747,0.17294904610298803,0.16163692751468137,1,1,273,154,181,180,0.17126073313499016
WIN_20260414_20_31_10_Pro,632,21.23768523090992,0.1503248089263747,0.16666666666666666,0.15849573779652068,1,1,273,154,181,180,0.17346055445320532
WIN_20260414_20_31_10_Pro,633,21.271289163237313,0.17446573988509745,0.1683849074108456,0.17142532364797153,1,1,273,154,181,180,0.16509692219986383
WIN_20260414_20_31_10_Pro,634,21.3048930955647,0.1868907372865957,0.16655246888175074,0.17672160308417323,1,1,273,154,181,180,0.16226215636980226
WIN_20260414_20_31_10_Pro,635,21.33849702789209,0.14774337124527787,0.16666666666666666,0.15720501895597228,1,1,273,154,181,180,0.16117083396391024
WIN_20260414_20_31_10_Pro,636,21.372100960219477,0.1468795577227464,0.14804663900600065,0.14746309836437355,1,1,273,154,181,180,0.16219559686018986
WIN_20260414_20_31_10_Pro,637,21.40570489254687,0.15575344260774657,0.1503248089263747,0.15303912576706064,1,1,273,154,181,180,0.16031052088165412
WIN_20260414_20_31_10_Pro,638,21.439308824874256,0.16803997750123834,0.1850582987575008,0.17654913812936956,1,1,273,154,181,180,0.15893447887573459
WIN_20260414_20_31_10_Pro,639,21.472912757201644,0.16803997750123834,0.16655246888175074,0.16729622319149454,1,1,273,154,181,180,0.1616981716255602
WIN_20260414_20_31_10_Pro,640,21.506516689529036,0.15260297884674873,0.14804663900600065,0.15032480892637468,1,1,273,154,181,180,0.1647443803841891
WIN_20260414_20_31_10_Pro,641,21.540120621856424,0.16883063880212476,0.15373248542487825,0.1612815621135015,1,1,273,154,181,180,0.16549087709453997
WIN_20260414_20_31_10_Pro,642,21.573724554183812,0.16803997750123834,0.16850036161917228,0.1682701695602053,1,1,293,154,181,180,0.16417504997110904
WIN_20260414_20_31_10_Pro,643,21.607328486511204,0.18199181479081922,0.17857142857142858,0.18028162168112388,1,1,293,154,181,180,0.1678086039306676
WIN_20260414_20_31_10_Pro,644,21.64093241883859,0.1586253721752752,0.16280880297340475,0.16071708757433997,1,1,293,154,181,180,0.16845739783185362
WIN_20260414_20_31_10_Pro,645,21.67453635116598,0.16848479582916243,0.16850036161917228,0.16849257872416734,1,1,293,154,181,180,0.17100768921775328
WIN_20260414_20_31_10_Pro,646,21.70814028349337,0.16249859435711245,0.16655246888175074,0.1645255316194316,1,1,293,154,181,180,0.16982256309737556
WIN_20260414_20_31_10_Pro,647,21.74174421582076,0.16973556067171486,0.19230769230769232,0.1810216264897036,1,1,293,154,181,180,0.17243483489396888
WIN_20260414_20_31_10_Pro,648,21.775348148148147,0.17988134335634567,0.16883063880212476,0.17435599107923522,1,1,293,154,181,180,0.17386635247627993
WIN_20260414_20_31_10_Pro,649,21.80895208047554,0.16249859435711245,0.1850582987575008,0.17377844655730662,1,1,293,154,181,180,0.1763760878775506
WIN_20260414_20_31_10_Pro,650,21.842556012802927,0.18650789890689806,0.16479243436454702,0.17565016663572253,1,1,293,154,181,180,0.1747583445577235
WIN_20260414_20_31_10_Pro,651,21.876159945130315,0.18107149417464707,0.17307692307692307,0.17707420862578507,1,1,293,154,181,180,0.17441660888565988
WIN_20260414_20_31_10_Pro,652,21.909763877457703,0.1793133508993853,0.16655246888175074,0.17293290989056803,1,1,293,154,181,180,0.17728129245219454
WIN_20260414_20_31_10_Pro,653,21.943367809785094,0.17031348067946317,0.1749811447583712,0.1726473127189172,1,1,293,154,181,180,0.17778987963377574
WIN_20260414_20_31_10_Pro,654,21.976971742112482,0.18199181479081922,0.19421191398914045,0.18810186438997983,1,1,293,154,181,180,0.17764441727998384
WIN_20260414_20_31_10_Pro,655,22.01057567443987,0.18107149417464707,0.17531471091260997,0.17819310254362852,1,1,293,154,181,180,0.18039646610353405
WIN_20260414_20_31_10_Pro,656,22.044179606767262,0.1586253721752752,0.19406842153837606,0.17634689685682564,1,1,293,154,181,180,0.18097511186209037
WIN_20260414_20_31_10_Pro,657,22.07778353909465,0.18164505572121287,0.19174125229542535,0.1866931540083191,1,1,293,154,181,180,0.17929431966132964
WIN_20260414_20_31_10_Pro,658,22.111387471422038,0.16374363285930912,0.1873374501640883,0.1755405415116987,1,1,293,154,181,180,0.17903673004967008
WIN_20260414_20_31_10_Pro,659,22.14499140374943,0.16374363285930912,0.1956521739130435,0.1796979033861763,1,1,293,154,181,180,0.1753007898780635
WIN_20260414_20_31_10_Pro,660,22.178595336076818,0.15815813505761772,0.1956521739130435,0.17690515448533062,1,1,293,154,181,180,0.17510133473634043
WIN_20260414_20_31_10_Pro,661,22.212199268404206,0.14142134851932464,0.17391304347826086,0.15766719599879275,1,1,293,154,181,180,0.17754817037454504
WIN_20260414_20_31_10_Pro,662,22.245803200731597,0.16426230672197964,0.20712944987742768,0.18569587829970366,1,1,293,154,181,180,0.17627393106123215
WIN_20260414_20_31_10_Pro,663,22.279407133058985,0.15815813505761772,0.21739130434782608,0.18777471970272192,1,1,293,154,181,180,0.17531961179314695
WIN_20260414_20_31_10_Pro,664,22.313011065386373,0.1393101062308041,0.20734330740841952,0.17332670681961182,1,1,293,154,181,180,0.1806458515424937
WIN_20260414_20_31_10_Pro,665,22.34661499771376,0.13972166174435469,0.20454545454545456,0.1721335581449046,1,1,293,154,181,180,0.18089712707901798
WIN_20260414_20_31_10_Pro,666,22.380218930041153,0.16426230672197964,0.2043344827690734,0.1842983947455265,1,1,293,154,181,180,0.180222959265217
WIN_20260414_20_31_10_Pro,667,22.41382286236854,0.1693590574191955,0.20454545454545456,0.186952255982325,1,1,293,154,181,180,0.1771631073878274
WIN_20260414_20_31_10_Pro,668,22.44742679469593,0.16426230672197964,0.20454545454545456,0.1844038806337171,1,1,293,154,181,180,0.1823746137361995
WIN_20260414_20_31_10_Pro,669,22.48103072702332,0.14214185138706664,0.17391304347826086,0.15802744743266375,1,1,293,154,181,180,0.18383776028001864
WIN_20260414_20_31_10_Pro,670,22.51463465935071,0.1748949215959108,0.22148725817761966,0.19819108988676523,1,1,293,154,181,180,0.18049123766799627
WIN_20260414_20_31_10_Pro,671,22.548238591678096,0.1748949215959108,0.20833333333333334,0.19161412746462209,1,1,293,154,181,180,0.17786363470483185
WIN_20260414_20_31_10_Pro,672,22.581842524005488,0.15293928584442626,0.1875,0.17021964292221314,1,1,293,154,181,180,0.18053416770287842
WIN_20260414_20_31_10_Pro,673,22.615446456332876,0.1468795577227464,0.1956521739130435,0.17126586581789494,1,1,293,154,181,180,0.1768158890554685
WIN_20260414_20_31_10_Pro,674,22.649050388660264,0.1533616562610183,0.18939856858477525,0.17138011242289677,1,1,293,154,181,180,0.17354961204044378
WIN_20260414_20_31_10_Pro,675,22.682654320987655,0.16354721938638758,0.1956521739130435,0.17959969664971553,1,1,293,154,181,180,0.17954102055497226
WIN_20260414_20_31_10_Pro,676,22.716258253315043,0.1630654847789973,0.1875,0.17528274238949865,1,1,293,154,181,180,0.1855914356719587
WIN_20260414_20_31_10_Pro,677,22.74986218564243,0.1691237975014753,0.23122957348823547,0.2001766854948554,1,1,293,154,181,180,0.18697054400718752
WIN_20260414_20_31_10_Pro,678,22.783466117969823,0.1738692161389878,0.22916666666666666,0.20151794140282722,1,1,293,154,181,180,0.19398020085758555
WIN_20260414_20_31_10_Pro,679,22.81707005029721,0.16905130819808142,0.1875,0.17827565409904073,1,1,293,154,181,180,0.19388105947207251
WIN_20260414_20_31_10_Pro,680,22.8506739826246,0.17951269491796026,0.24978326688545105,0.21464798090170567,1,1,293,154,181,180,0.1900852145326925
WIN_20260414_20_31_10_Pro,681,22.884277914951987,0.14142134851932464,0.20815272240454255,0.17478703546193358,1,1,273,154,181,180,0.18196554036709484
WIN_20260414_20_31_10_Pro,682,22.91788184727938,0.1748949215959108,0.1875,0.1811974607979554,1,1,273,154,181,180,0.17946785137511298
WIN_20260414_20_31_10_Pro,683,22.951485779606767,0.14183914114967736,0.18,0.1609195705748387,1,1,273,154,181,180,0.17402774735436294
WIN_20260414_20_31_10_Pro,684,22.985089711934155,0.1586253721752752,0.17294904610298803,0.1657872091391316,1,1,273,154,181,180,0.1757763930996771
WIN_20260414_20_31_10_Pro,685,23.018693644261546,0.1748949215959108,0.2,0.1874474607979554,1,1,273,154,181,180,0.1791513144237544
WIN_20260414_20_31_10_Pro,686,23.052297576588934,0.1748949215959108,0.19216560678109781,0.18353026418850432,1,1,254,154,180,180,0.18431561074241481
WIN_20260414_20_31_10_Pro,687,23.085901508916322,0.2092533975500882,0.1868907372865957,0.19807206741834193,1,1,254,154,180,180,0.18809480534077744
WIN_20260414_20_31_10_Pro,688,23.119505441243714,0.17541160320087304,0.19807050113540878,0.1867410521681409,1,1,261,178,150,150,0.1852575391346758
WIN_20260414_20_31_10_Pro,689,23.1531093735711,0.17811763099147848,0.1912487332704107,0.1846831821309446,1,1,234,154,180,180,0.18339631558906327
WIN_20260414_20_31_10_Pro,690,23.18671330589849,0.1802247355120756,0.16629752402281872,0.17326112976744718,1,1,234,154,180,180,0.17922192970614237
WIN_20260414_20_31_10_Pro,691,23.22031723822588,0.1802247355120756,0.16822355740880818,0.17422414646044188,1,1,234,154,180,180,0.17720190488914508
WIN_20260414_20_31_10_Pro,692,23.25392117055327,0.18467921405659732,0.16972106195087733,0.17720013800373732,1,1,214,154,180,180,0.1736259201563208
WIN_20260414_20_31_10_Pro,693,23.287525102880657,0.1850582987575008,0.16822355740880818,0.17664092808315449,1,1,214,154,180,180,0.17473878117545774
WIN_20260414_20_31_10_Pro,694,23.32112903520805,0.1749811447583712,0.1586253721752752,0.1668032584668232,1,1,214,154,180,180,0.17602289231162668
WIN_20260414_20_31_10_Pro,695,23.354732967535437,0.17307692307692307,0.18457394664934063,0.17882543486313185,1,1,214,154,180,180,0.18241397387738095
WIN_20260414_20_31_10_Pro,696,23.388336899862825,0.19216560678109781,0.1691237975014753,0.18064470214128656,1,1,214,154,180,180,0.18725029383287134
WIN_20260414_20_31_10_Pro,697,23.421940832190213,0.2323608215038593,0.1859502701611578,0.20915554583250856,1,1,214,154,180,180,0.1899502184119048
WIN_20260414_20_31_10_Pro,698,23.455544764517605,0.22,0.18164505572121287,0.20082252786060645,1,1,214,154,180,180,0.1959254858413443
WIN_20260414_20_31_10_Pro,699,23.489148696844993,0.20198039054870606,0.1586253721752752,0.18030288136199063,1,1,214,154,180,180,0.20171327105163953
WIN_20260414_20_31_10_Pro,700,23.52275262917238,0.22,0.19740354402065846,0.20870177201032925,1,1,214,154,180,180,0.20023298651555588
WIN_20260414_20_31_10_Pro,701,23.556356561499772,0.22,0.19916725638552563,0.20958362819276283,1,1,214,134,180,180,0.20047834716601556
WIN_20260414_20_31_10_Pro,702,23.58996049382716,0.2039607810974121,0.19954746520676817,0.20175412315209013,1,1,214,134,180,180,0.20404166666295379
WIN_20260414_20_31_10_Pro,703,23.623564426154548,0.21313005227309006,0.19096860995271994,0.20204933111290502,1,1,214,134,180,180,0.20176854362653032
WIN_20260414_20_31_10_Pro,704,23.65716835848194,0.20356412863325088,0.19267482906011277,0.19811947884668182,1,1,244,161,151,151,0.19763285401455716
WIN_20260414_20_31_10_Pro,705,23.690772290809328,0.2037037037037037,0.19096860995271994,0.19733615682821182,1,1,244,161,151,151,0.1945467620567571
WIN_20260414_20_31_10_Pro,706,23.724376223136716,0.20539656716234578,0.1724137931034483,0.18890518013289703,1,1,234,154,180,180,0.19179165491723826
WIN_20260414_20_31_10_Pro,707,23.757980155464107,0.19230769230769232,0.18033963441848755,0.18632366336308992,1,1,234,134,180,180,0.19464257591614337
WIN_20260414_20_31_10_Pro,708,23.791584087791495,0.18518518518518517,0.19136240564543625,0.1882737954153107,1,1,234,134,180,180,0.20074978539399443
WIN_20260414_20_31_10_Pro,709,23.825188020118883,0.23377955772969483,0.19096860995271994,0.21237408384120737,1,1,261,161,150,151,0.2056945790215261
WIN_20260414_20_31_10_Pro,710,23.858791952446275,0.22360155129207746,0.23214285714285715,0.2278722042174673,1,1,261,161,150,151,0.21655570445764658
WIN_20260414_20_31_10_Pro,711,23.892395884773663,0.2129725822553963,0.21428571428571427,0.2136291482705553,1,1,261,161,150,151,0.23696146770123053
WIN_20260414_20_31_10_Pro,712,23.92599981710105,0.24926362798405297,0.23199495310333157,0.24062929054369225,1,1,261,161,150,151,0.2519555336577167
WIN_20260414_20_31_10_Pro,713,23.95960374942844,0.3017026063276233,0.27890261693883767,0.29030261163323046,1,1,254,154,180,180,0.2696709939896801
WIN_20260414_20_31_10_Pro,714,23.99320768175583,0.28897454153299085,0.2857142857142857,0.2873444136236383,1,1,254,154,180,180,0.2901238909275907
WIN_20260414_20_31_10_Pro,715,24.02681161408322,0.3282158373487887,0.30468317440577913,0.31644950587728393,1,1,254,154,180,180,0.31075307734703034
WIN_20260414_20_31_10_Pro,716,24.060415546410606,0.3282158373487887,0.30357142857142855,0.31589363296010864,1,1,277,161,151,151,0.32188295528411154
WIN_20260414_20_31_10_Pro,717,24.094019478737998,0.36632666406178344,0.32122378121999756,0.3437752226408905,1,1,277,161,151,151,0.3318785368245024
WIN_20260414_20_31_10_Pro,718,24.127623411065386,0.3528344557939419,0.33906954684333074,0.34595200131863635,1,1,277,161,151,151,0.33589521203453676
WIN_20260414_20_31_10_Pro,719,24.161227343392774,0.3344682987333386,0.3401763439178467,0.33732232132559264,1,1,277,161,151,151,0.33958258972845473
WIN_20260414_20_31_10_Pro,720,24.194831275720166,0.3516371924263399,0.32142857142857145,0.3365328819274557,1,1,277,161,151,151,0.34128258601193695
WIN_20260414_20_31_10_Pro,721,24.228435208047554,0.3161272921546911,0.352533750704706,0.33433052142969855,1,1,277,161,151,151,0.34386845755845286
WIN_20260414_20_31_10_Pro,722,24.26203914037494,0.36526469383088844,0.3392857142857143,0.35227520405830137,1,1,277,161,151,151,0.3448256061526666
WIN_20260414_20_31_10_Pro,723,24.295643072702333,0.3649872503357764,0.3527754677666558,0.3588813590512161,1,1,277,161,151,151,0.3480137157040507
WIN_20260414_20_31_10_Pro,724,24.32924700502972,0.34493041430760835,0.3392857142857143,0.3421080642966613,1,1,277,161,151,151,0.3513945772574879
WIN_20260414_20_31_10_Pro,725,24.36285093735711,0.3649872503357764,0.3399596090329756,0.352473429684376,1,1,277,161,151,151,0.35323265431697903
WIN_20260414_20_31_10_Pro,726,24.3964548696845,0.35061780654191715,0.35185185185185186,0.35123482919688453,1,1,277,161,151,151,0.35240063921500064
WIN_20260414_20_31_10_Pro,727,24.43005880201189,0.3516371924263399,0.37129398628517435,0.3614655893557571,1,1,277,161,151,151,0.3549737829445855
WIN_20260414_20_31_10_Pro,728,24.463662734339277,0.3516371924263399,0.35780537465630885,0.3547212835413244,1,1,277,161,151,151,0.35580723403132203
