video_id,frame_id,timestamp_sec,ear_l,ear_r,ear_avg,det_ok,face_count,face_x,face_y,face_w,face_h
11,0,0.0,0.33093086839615493,0.3235294117647059,0.3272301400804304,1,1,233,137,216,216
11,1,0.03333333333333333,0.33093086839615493,0.3235294117647059,0.3272301400804304,1,1,233,137,216,216
11,2,0.06666666666666667,0.3477115398550269,0.36346951831965046,0.3555905290873387,1,1,233,137,216,216
11,3,0.1,0.39223227493008433,0.3682587427251479,0.3802455088276161,1,1,233,137,216,216
11,4,0.13333333333333333,0.3757118561021756,0.35294117647058826,0.3643265162863819,1,1,209,137,216,216
11,5,0.16666666666666666,0.34973360149384775,0.36426658341378876,0.35700009245381825,1,1,209,137,216,216
11,6,0.2,0.36489891169225674,0.36363636363636365,0.3642676376643102,1,1,209,137,216,216
11,7,0.23333333333333334,0.3772388361580754,0.3527886281436622,0.3650137321508688,1,1,209,137,216,216
11,8,0.26666666666666666,0.36225406153496587,0.3527886281436622,0.357521344839314,1,1,209,137,216,216
11,9,0.3,0.36077910748128517,0.36426658341378876,0.362522845447537,1,1,209,137,216,216
11,10,0.3333333333333333,0.3641094947596244,0.36363636363636365,0.363872929197994,1,1,209,137,216,216
11,11,0.36666666666666664,0.3641094947596244,0.3382352941176471,0.35117239443863574,1,1,209,137,216,216
11,12,0.4,0.3789617107734962,0.35355286037220673,0.3662572855728515,1,1,209,137,216,216
11,13,0.43333333333333335,0.36077910748128517,0.36346951831965046,0.3621243129004678,1,1,209,137,216,216
11,14,0.4666666666666667,0.36077910748128517,0.3640994489367251,0.3624392782090051,1,1,209,137,216,216
11,15,0.5,0.36077910748128517,0.35294117647058826,0.35686014197593674,1,1,209,137,216,216
11,16,0.5333333333333333,0.36077910748128517,0.36363636363636365,0.3622077355588244,1,1,209,137,216,216
11,17,0.5666666666666667,0.36077910748128517,0.35294117647058826,0.35686014197593674,1,1,209,137,216,216
11,18,0.6,0.3253344495805581,0.3333333333333333,0.3293338914569457,1,1,209,137,216,216
11,19,0.6333333333333333,0.3622453973860664,0.3235294117647059,0.34288740457538613,1,1,209,137,216,216
11,20,0.6666666666666666,0.3410296416266342,0.3028912652663754,0.3219604534465048,1,1,209,137,216,216
11,21,0.7,0.3477115398550269,0.33402061462402344,0.34086607723952517,1,1,209,137,216,216
11,22,0.7333333333333333,0.36077910748128517,0.36363636363636365,0.3622077355588244,1,1,209,137,216,216
11,23,0.7666666666666667,0.3503959258752345,0.33890236125272866,0.3446491435639816,1,1,209,137,216,216
11,24,0.8,0.35849295692035854,0.3491721297755386,0.35383254334794856,1,1,209,137,216,216
11,25,0.8333333333333334,0.362635659397592,0.3491721297755386,0.3559038945865653,1,1,209,137,216,216
11,26,0.8666666666666667,0.33093086839615493,0.33402061462402344,0.3324757415100892,1,1,209,137,216,216
11,27,0.9,0.3622453973860664,0.3640994489367251,0.36317242316139575,1,1,209,137,216,216
11,28,0.9333333333333333,0.34585498793872005,0.3333333333333333,0.33959416063602665,1,1,209,137,216,216
11,29,0.9666666666666667,0.36077910748128517,0.3484848484848485,0.35463197798306684,1,1,209,137,216,216
11,30,1.0,0.3322758481398474,0.3333333333333333,0.33280459073659036,1,1,209,137,216,216
11,31,1.0333333333333334,0.3622453973860664,0.3640994489367251,0.36317242316139575,1,1,209,137,216,216
11,32,1.0666666666666667,0.3425020907534874,0.33402061462402344,0.33826135268875546,1,1,209,137,216,216
11,33,1.1,0.35400216700261755,0.33890236125272866,0.3464522641276731,1,1,209,137,216,216
11,34,1.1333333333333333,0.34726062276295694,0.3380891019710096,0.3426748623669833,1,1,209,137,216,216
11,35,1.1666666666666667,0.3659735921331823,0.34832495505633165,0.357149273594757,1,1,209,137,216,216
11,36,1.2,0.3619622741720084,0.3331803917930129,0.34757133298251064,1,1,209,137,216,216
11,37,1.2333333333333334,0.3600408066582366,0.3333333333333333,0.34668706999578497,1,1,209,137,216,216
11,38,1.2666666666666666,0.34311340902910126,0.3241964788997875,0.3336549439644444,1,1,209,137,216,216
11,39,1.3,0.3641094947596244,0.3235294117647059,0.3438194532621651,1,1,209,137,216,216
11,40,1.3333333333333333,0.3641094947596244,0.3484848484848485,0.35629717162223645,1,1,209,137,216,216
11,41,1.3666666666666667,0.3322758481398474,0.3333333333333333,0.33280459073659036,1,1,209,137,216,216
11,42,1.4,0.36077910748128517,0.33470789591471356,0.3477435016979994,1,1,209,137,216,216
11,43,1.4333333333333333,0.3359013207926465,0.33890236125272866,0.33740184102268755,1,1,209,137,216,216
11,44,1.4666666666666666,0.33093086839615493,0.3241964788997875,0.32756367364797123,1,1,209,137,216,216
11,45,1.5,0.36077910748128517,0.33890236125272866,0.3498407343670069,1,1,209,137,216,216
11,46,1.5333333333333334,0.34726062276295694,0.3094905965468463,0.32837560965490165,1,1,209,137,216,216
11,47,1.5666666666666667,0.3622453973860664,0.35355286037220673,0.35789912887913655,1,1,209,137,216,216
11,48,1.6,0.34585498793872005,0.3490119210054441,0.34743345447208207,1,1,209,137,216,216
11,49,1.6333333333333333,0.36077910748128517,0.33890236125272866,0.3498407343670069,1,1,209,137,216,216
11,50,1.6666666666666667,0.36077910748128517,0.33890236125272866,0.3498407343670069,1,1,209,137,216,216
11,51,1.7,0.362635659397592,0.34832495505633165,0.35548030722696183,1,1,209,137,216,216
11,52,1.7333333333333334,0.3753154612846867,0.36426658341378876,0.3697910223492377,1,1,209,137,216,216
11,53,1.7666666666666666,0.36077910748128517,0.3490119210054441,0.35489551424336463,1,1,209,137,216,216
11,54,1.8,0.34929090252889866,0.31962478522098425,0.3344578438749415,1,1,209,137,216,216
11,55,1.8333333333333333,0.36077910748128517,0.3380891019710096,0.3494341047261474,1,1,209,137,216,216
11,56,1.8666666666666667,0.34726062276295694,0.33386735774212534,0.34056399025254114,1,1,209,137,216,216
11,57,1.9,0.33093086839615493,0.30869004962570445,0.3198104590109297,1,1,209,137,216,216
11,58,1.9333333333333333,0.36077910748128517,0.3333333333333333,0.3470562204073092,1,1,209,137,216,216
11,59,1.9666666666666666,0.36077910748128517,0.3490119210054441,0.35489551424336463,1,1,209,137,216,216
11,60,2.0,0.3622453973860664,0.33402061462402344,0.34813300600504493,1,1,209,137,216,216
11,61,2.033333333333333,0.34929090252889866,0.3235294117647059,0.3364101571468023,1,1,209,137,216,216
11,62,2.066666666666667,0.3503959258752345,0.35294117647058826,0.3516685511729114,1,1,209,137,216,216
11,63,2.1,0.3497907508216727,0.35340004766310595,0.35159539924238936,1,1,209,137,216,216
11,64,2.1333333333333333,0.36077910748128517,0.3382352941176471,0.3495072007994661,1,1,209,137,216,216
11,65,2.1666666666666665,0.3214067157100586,0.33884697801926555,0.3301268468646621,1,1,209,137,216,216
11,66,2.2,0.36489891169225674,0.3484848484848485,0.3566918800885526,1,1,209,137,216,216
11,67,2.2333333333333334,0.3772388361580754,0.36426658341378876,0.3707527097859321,1,1,209,137,216,216
11,68,2.2666666666666666,0.34726062276295694,0.3491150682622736,0.3481878455126153,1,1,209,137,216,216
11,69,2.3,0.36077910748128517,0.3387005214904534,0.34973981448586927,1,1,209,137,216,216
11,70,2.3333333333333335,0.3622453973860664,0.3235294117647059,0.34288740457538613,1,1,209,137,216,216
11,71,2.3666666666666667,0.34726062276295694,0.3491150682622736,0.3481878455126153,1,1,209,137,216,216
11,72,2.4,0.34726062276295694,0.3491721297755386,0.34821637626924773,1,1,209,137,216,216
11,73,2.433333333333333,0.36077910748128517,0.3484848484848485,0.35463197798306684,1,1,209,137,216,216
11,74,2.466666666666667,0.3622453973860664,0.33402061462402344,0.34813300600504493,1,1,209,137,216,216
11,75,2.5,0.3622453973860664,0.34375,0.3529976986930332,1,1,209,137,216,216
11,76,2.533333333333333,0.35794804226220117,0.33402061462402344,0.34598432844311233,1,1,209,137,216,216
11,77,2.566666666666667,0.3622453973860664,0.33386735774212534,0.3480563775640959,1,1,209,137,216,216
11,78,2.6,0.34585498793872005,0.36363636363636365,0.35474567578754185,1,1,209,137,216,216
11,79,2.6333333333333333,0.37178873740914875,0.3489548856734063,0.3603718115412775,1,1,209,137,216,216
11,80,2.6666666666666665,0.3622453973860664,0.3491150682622736,0.35568023282417005,1,1,209,137,216,216
11,81,2.7,0.37178873740914875,0.36426658341378876,0.3680276604114687,1,1,209,137,216,216
11,82,2.7333333333333334,0.3772388361580754,0.3490119210054441,0.36312537858175975,1,1,209,137,216,216
11,83,2.7666666666666666,0.36077910748128517,0.35355286037220673,0.3571659839267459,1,1,209,137,216,216
11,84,2.8,0.3733939937709149,0.3640994489367251,0.36874672135382003,1,1,209,137,216,216
11,85,2.8333333333333335,0.36077910748128517,0.3387005214904534,0.34973981448586927,1,1,209,137,216,216
11,86,2.8666666666666667,0.3772388361580754,0.3387005214904534,0.3579696788242644,1,1,209,137,216,216
11,87,2.9,0.36077910748128517,0.34832495505633165,0.3545520312688084,1,1,209,137,216,216
11,88,2.933333333333333,0.36077910748128517,0.3382352941176471,0.3495072007994661,1,1,209,137,216,216
11,89,2.966666666666667,0.3733939937709149,0.3484848484848485,0.3609394211278817,1,1,209,137,216,216
11,90,3.0,0.3622453973860664,0.35294117647058826,0.35759328692832737,1,1,209,137,216,216
11,91,3.033333333333333,0.37723692879845844,0.33890236125272866,0.3580696450255936,1,1,209,137,216,216
11,92,3.066666666666667,0.3772388361580754,0.35355286037220673,0.36539584826514104,1,1,209,137,216,216
11,93,3.1,0.3622453973860664,0.3640994489367251,0.36317242316139575,1,1,209,137,216,216
11,94,3.1333333333333333,0.3622453973860664,0.35355286037220673,0.35789912887913655,1,1,209,137,216,216
11,95,3.1666666666666665,0.36077910748128517,0.36426658341378876,0.362522845447537,1,1,209,137,216,216
11,96,3.2,0.3757118561021756,0.37919570042854056,0.3774537782653581,1,1,209,137,216,216
11,97,3.2333333333333334,0.3772388361580754,0.35294117647058826,0.36509000631433186,1,1,209,137,216,216
11,98,3.2666666666666666,0.3772388361580754,0.35355286037220673,0.36539584826514104,1,1,209,137,216,216
11,99,3.3,0.36077910748128517,0.3333333333333333,0.3470562204073092,1,1,209,137,216,216
11,100,3.3333333333333335,0.36214299898980307,0.3333333333333333,0.34773816616156816,1,1,209,137,216,216
11,101,3.3666666666666667,0.3622453973860664,0.3382352941176471,0.35024034575185675,1,1,209,137,216,216
11,102,3.4,0.34585498793872005,0.33884697801926555,0.3423509829789928,1,1,209,137,216,216
11,103,3.433333333333333,0.3503959258752345,0.3640994489367251,0.3572476874059798,1,1,209,137,216,216
11,104,3.466666666666667,0.3622453973860664,0.3484848484848485,0.35536512293545747,1,1,209,137,216,216
11,105,3.5,0.3329529300349758,0.33884697801926555,0.3358999540271207,1,1,209,137,216,216
11,106,3.533333333333333,0.3622453973860664,0.33890236125272866,0.35057387931939754,1,1,209,137,216,216
11,107,3.566666666666667,0.3214067157100586,0.3235294117647059,0.32246806373738224,1,1,209,137,216,216
11,108,3.6,0.36077910748128517,0.3380891019710096,0.3494341047261474,1,1,209,137,216,216
11,109,3.6333333333333333,0.34726062276295694,0.33402061462402344,0.34064061869349016,1,1,209,137,216,216
11,110,3.6666666666666665,0.3503959258752345,0.3491721297755386,0.34978402782538653,1,1,209,137,216,216
11,111,3.7,0.3215239872416274,0.2901716471576647,0.30584781719964604,1,1,209,137,216,216
11,112,3.7333333333333334,0.1737374723015365,0.14966777162053685,0.16170262196103669,1,1,209,137,216,216
11,113,3.7666666666666666,0.19108211583104626,0.13675477418737722,0.16391844500921174,1,1,209,137,216,216
11,114,3.8,0.13333333333333333,0.1371324480507378,0.13523289069203556,1,1,209,137,216,216
11,115,3.8333333333333335,0.1628027294974068,0.1641432454347156,0.1634729874660612,1,1,209,137,216,216
11,116,3.8666666666666667,0.15,0.14381508941845877,0.1469075447092294,1,1,209,137,216,216
11,117,3.9,0.14991673325972513,0.12667635071176883,0.13829654198574698,1,1,209,137,216,216
11,118,3.933333333333333,0.15205175876617433,0.1172623913547223,0.13465707506044833,1,1,209,137,216,216
11,119,3.966666666666667,0.12903225806451613,0.13040859963437734,0.12972042884944673,1,1,209,137,216,216
11,120,4.0,0.20275875727335613,0.1641432454347156,0.18345100135403586,1,1,209,137,216,216
11,121,4.033333333333333,0.15165032545725504,0.13074600880300133,0.14119816713012817,1,1,209,137,216,216
11,122,4.066666666666666,0.15165032545725504,0.14645390034996614,0.1490521129036106,1,1,209,137,216,216
11,123,4.1,0.1568796470247466,0.13471319796536846,0.14579642249505753,1,1,209,137,216,216
11,124,4.133333333333334,0.1568796470247466,0.11695977862994329,0.13691971282734494,1,1,209,137,216,216
11,125,4.166666666666667,0.13333333333333333,0.12667635071176883,0.13000484202255108,1,1,209,137,216,216
11,126,4.2,0.1847127119700114,0.15748988307640616,0.1711012975232088,1,1,209,137,216,216
11,127,4.233333333333333,0.14707036431466894,0.12667635071176883,0.13687335751321889,1,1,209,137,216,216
11,128,4.266666666666667,0.14991673325972513,0.14843535388775075,0.14917604357373793,1,1,209,137,216,216
11,129,4.3,0.25829311252903236,0.24431084141586767,0.25130197697245005,1,1,209,137,216,216
11,130,4.333333333333333,0.21339480856623985,0.21310017663188066,0.21324749259906026,1,1,209,137,216,216
11,131,4.366666666666666,0.1935483870967742,0.174375103807554,0.1839617454521641,1,1,209,137,216,216
11,132,4.4,0.21204825948987607,0.20402007989076948,0.2080341696903228,1,1,209,137,216,216
11,133,4.433333333333334,0.18636303742726643,0.1480522947809513,0.16720766610410887,1,1,209,137,216,216
11,134,4.466666666666667,0.1628027294974068,0.1508977096224175,0.15685021955991213,1,1,209,137,216,216
11,135,4.5,0.17732711770746176,0.1480522947809513,0.16268970624420653,1,1,209,137,216,216
11,136,4.533333333333333,0.21785113016764324,0.17838337656487943,0.19811725336626135,1,1,209,137,216,216
11,137,4.566666666666666,0.16996731758117675,0.16254946975811824,0.1662583936696475,1,1,209,137,216,216
11,138,4.6,0.15196735307080417,0.13508523363449637,0.14352629335265027,1,1,209,137,216,216
11,139,4.633333333333334,0.19267482906011277,0.16120647064314705,0.1769406498516299,1,1,209,137,216,216
11,140,4.666666666666667,0.19267482906011277,0.1874085142772239,0.19004167166866834,1,1,209,137,216,216
11,141,4.7,0.20264620353482055,0.19581105904823795,0.19922863129152923,1,1,209,137,216,216
11,142,4.733333333333333,0.14508582357883235,0.1378006768674168,0.14144325022312457,1,1,209,137,216,216
11,143,4.766666666666667,0.13530993826416807,0.1403511443697162,0.13783054131694214,1,1,209,137,216,216
11,144,4.8,0.1628027294974068,0.14227092230840396,0.15253682590290538,1,1,209,137,216,216
11,145,4.833333333333333,0.17866130627765833,0.16794419424705875,0.17330275026235853,1,1,209,137,216,216
11,146,4.866666666666666,0.1847127119700114,0.1468415782111534,0.1657771450905824,1,1,209,137,216,216
11,147,4.9,0.1698729667512551,0.1641432454347156,0.16700810609298533,1,1,209,137,216,216
11,148,4.933333333333334,0.15508023886065098,0.16254946975811824,0.1588148543093846,1,1,209,137,216,216
11,149,4.966666666666667,0.11666666666666667,0.13074600880300133,0.123706337734834,1,1,209,137,216,216
11,150,5.0,0.17857142857142858,0.14991673325972513,0.16424408091557685,1,1,209,137,216,216
11,151,5.033333333333333,0.142176052619671,0.13303801921825498,0.137607035918963,1,1,209,137,216,216
11,152,5.066666666666666,0.15,0.13074600880300133,0.14037300440150066,1,1,209,137,216,216
11,153,5.1,0.14874395247428648,0.15926661231786707,0.15400528239607678,1,1,209,137,216,216
11,154,5.133333333333334,0.18498365879058837,0.1628027294974068,0.17389319414399756,1,1,209,137,216,216
11,155,5.166666666666667,0.1206896551724138,0.13094971725035423,0.125819686211384,1,1,209,137,216,216
11,156,5.2,0.15,0.1152809378169377,0.13264046890846884,1,1,209,137,216,216
11,157,5.233333333333333,0.15205175876617433,0.13272746234078592,0.14238961055348012,1,1,209,137,216,216
11,158,5.266666666666667,0.15,0.13074600880300133,0.14037300440150066,1,1,209,137,216,216
11,159,5.3,0.15165032545725504,0.13272746234078592,0.14218889389902048,1,1,209,137,216,216
11,160,5.333333333333333,0.15156614260217205,0.12859612865045658,0.1400811356263143,1,1,209,137,216,216
11,161,5.366666666666666,0.15165032545725504,0.16822355740880818,0.1599369414330316,1,1,209,137,216,216
11,162,5.4,0.14675837947476295,0.1247565727730811,0.13575747612392203,1,1,209,137,216,216
11,163,5.433333333333334,0.1683169921239217,0.11744509169023887,0.1428810419070803,1,1,209,137,216,216
11,164,5.466666666666667,0.1927893490626894,0.14645390034996614,0.16962162470632777,1,1,209,137,216,216
11,165,5.5,0.1486666231689287,0.12302088553267389,0.1358437543508013,1,1,209,137,216,216
11,166,5.533333333333333,0.13530993826416807,0.13094971725035423,0.13312982775726115,1,1,209,137,216,216
11,167,5.566666666666666,0.15205175876617433,0.13074600880300133,0.14139888378458781,1,1,209,137,216,216
11,168,5.6,0.11937129497528076,0.1152809378169377,0.11732611639610924,1,1,209,137,216,216
11,169,5.633333333333334,0.15156614260217205,0.11185598519332807,0.13171106389775006,1,1,209,137,216,216
11,170,5.666666666666667,0.16804604530334472,0.1628027294974068,0.16542438740037574,1,1,209,137,216,216
11,171,5.7,0.13596244539115035,0.1164082668159731,0.12618535610356174,1,1,209,137,216,216
11,172,5.733333333333333,0.15,0.11266898585706464,0.13133449292853233,1,1,209,137,216,216
11,173,5.766666666666667,0.15205175876617433,0.1152809378169377,0.13366634829155602,1,1,209,137,216,216
11,174,5.8,0.13333333333333333,0.09918536840878561,0.11625935087105947,1,1,209,137,216,216
11,175,5.833333333333333,0.1624824915613447,0.13272746234078592,0.1476049769510653,1,1,209,137,216,216
11,176,5.866666666666666,0.15517241379310345,0.1533616562610183,0.15426703502706088,1,1,209,137,216,216
11,177,5.9,0.15,0.15156614260217205,0.15078307130108604,1,1,209,137,216,216
11,178,5.933333333333334,0.15729492286155963,0.13074600880300133,0.14402046583228048,1,1,209,137,216,216
11,179,5.966666666666667,0.15165032545725504,0.13272746234078592,0.14218889389902048,1,1,209,137,216,216
11,180,6.0,0.13997034947308584,0.1152809378169377,0.12762564364501178,1,1,209,137,216,216
11,181,6.033333333333333,0.13333333333333333,0.1112442186385006,0.12228877598591698,1,1,209,137,216,216
11,182,6.066666666666666,0.14516129032258066,0.12667635071176883,0.13591882051717474,1,1,209,137,216,216
11,183,6.1,0.15165032545725504,0.13074600880300133,0.14119816713012817,1,1,209,137,216,216
11,184,6.133333333333334,0.12142305374145508,0.1287645552652167,0.1250938045033359,1,1,209,137,216,216
11,185,6.166666666666667,0.15165032545725504,0.11812924524744849,0.13488978535235177,1,1,209,137,216,216
11,186,6.2,0.15729492286155963,0.15131444184477688,0.15430468235316824,1,1,209,137,216,216
11,187,6.233333333333333,0.12281216424086998,0.09918536840878561,0.1109987663248278,1,1,209,137,216,216
11,188,6.266666666666667,0.1568796470247466,0.132384939741955,0.14463229338335082,1,1,209,137,216,216
11,189,6.3,0.142176052619671,0.1015346175179316,0.12185533506880131,1,1,209,137,216,216
11,190,6.333333333333333,0.15517241379310345,0.1371324480507378,0.14615243092192062,1,1,209,137,216,216
11,191,6.366666666666666,0.1568796470247466,0.1287645552652167,0.14282210114498167,1,1,209,137,216,216
11,192,6.4,0.11871842543284099,0.09918536840878561,0.10895189692081331,1,1,209,137,216,216
11,193,6.433333333333334,0.11660190364645288,0.11695977862994329,0.11678084113819809,1,1,209,137,216,216
11,194,6.466666666666667,0.13538509209950764,0.11910690476272039,0.127245998431114,1,1,209,137,216,216
11,195,6.5,0.11871842543284099,0.09892940608151568,0.10882391575717834,1,1,209,137,216,216
11,196,6.533333333333333,0.11871842543284099,0.11465043939484923,0.1166844324138451,1,1,209,137,216,216
11,197,6.566666666666666,0.14072892583649735,0.11910690476272039,0.12991791529960886,1,1,209,137,216,216
11,198,6.6,0.15370208422342937,0.12667635071176883,0.1401892174675991,1,1,209,137,216,216
11,199,6.633333333333334,0.15165032545725504,0.1172623913547223,0.13445635840598869,1,1,209,137,216,216
11,200,6.666666666666667,0.15729492286155963,0.10247715236043851,0.12988603761099907,1,1,209,137,216,216
11,201,6.7,0.15196735307080417,0.11465043939484923,0.1333088962328267,1,1,209,137,216,216
11,202,6.733333333333333,0.15165032545725504,0.12859612865045658,0.14012322705385583,1,1,209,137,216,216
11,203,6.766666666666667,0.15,0.1172623913547223,0.13363119567736115,1,1,209,137,216,216
11,204,6.8,0.1683169921239217,0.12667635071176883,0.14749667141784528,1,1,209,137,216,216
11,205,6.833333333333333,0.15156614260217205,0.11361243030319182,0.13258928645268192,1,1,209,137,216,216
11,206,6.866666666666666,0.13538509209950764,0.09892940608151568,0.11715724909051166,1,1,209,137,216,216
11,207,6.9,0.1568796470247466,0.13074600880300133,0.14381282791387395,1,1,209,137,216,216
11,208,6.933333333333334,0.1683169921239217,0.14645390034996614,0.15738544623694392,1,1,209,137,216,216
11,209,6.966666666666667,0.14675837947476295,0.12859612865045658,0.13767725406260978,1,1,209,137,216,216
11,210,7.0,0.1927893490626894,0.1468415782111534,0.1698154636369214,1,1,209,137,216,216
11,211,7.033333333333333,0.11660190364645288,0.11498343852236564,0.11579267108440927,1,1,209,137,216,216
11,212,7.066666666666666,0.13333333333333333,0.1172623913547223,0.12529786234402782,1,1,209,137,216,216
11,213,7.1,0.11871842543284099,0.09918536840878561,0.10895189692081331,1,1,209,137,216,216
11,214,7.133333333333334,0.1206179635582841,0.11744509169023887,0.11903152762426147,1,1,209,137,216,216
11,215,7.166666666666667,0.11871842543284099,0.11482907018603954,0.11677374780944026,1,1,209,137,216,216
11,216,7.2,0.15508023886065098,0.13074600880300133,0.14291312383182614,1,1,209,137,216,216
11,217,7.233333333333333,0.1568796470247466,0.10179732036865868,0.12933848369670264,1,1,209,137,216,216
11,218,7.266666666666667,0.15729492286155963,0.14843535388775075,0.1528651383746552,1,1,209,137,216,216
11,219,7.3,0.1206179635582841,0.1371324480507378,0.12887520580451095,1,1,209,137,216,216
11,220,7.333333333333333,0.11871842543284099,0.1172623913547223,0.11799040839378164,1,1,209,137,216,216
11,221,7.366666666666666,0.1206179635582841,0.1152809378169377,0.1179494506876109,1,1,209,137,216,216
11,222,7.4,0.1567864579680438,0.13272746234078592,0.14475696015441486,1,1,209,137,216,216
11,223,7.433333333333334,0.1568796470247466,0.11660190364645288,0.13674077533559975,1,1,209,137,216,216
11,224,7.466666666666667,0.15517241379310345,0.13508523363449637,0.14512882371379993,1,1,209,137,216,216
11,225,7.5,0.11666666666666667,0.11465043939484923,0.11565855303075795,1,1,209,137,216,216
11,226,7.533333333333333,0.14516129032258066,0.11361243030319182,0.12938686031288624,1,1,209,137,216,216
11,227,7.566666666666666,0.17705126348967298,0.17732711770746176,0.17718919059856736,1,1,209,137,216,216
11,228,7.6,0.25097035583024524,0.2579303530290353,0.25445035442964026,1,1,209,137,216,216
11,229,7.633333333333334,0.3056157159620617,0.28125,0.29343285798103086,1,1,209,137,216,216
11,230,7.666666666666667,0.3555315673308042,0.3331803917930129,0.34435597956190855,1,1,209,137,216,216
11,231,7.7,0.36077910748128517,0.3484848484848485,0.35463197798306684,1,1,209,137,216,216
11,232,7.733333333333333,0.38085585999677973,0.35340004766310595,0.36712795382994284,1,1,209,137,216,216
11,233,7.766666666666667,0.39395514954550515,0.36363636363636365,0.3787957565909344,1,1,209,137,216,216
11,234,7.8,0.390644604723066,0.3793697646169951,0.3850071846700306,1,1,209,137,216,216
11,235,7.833333333333333,0.3757118561021756,0.35294117647058826,0.3643265162863819,1,1,209,137,216,216
11,236,7.866666666666666,0.39567802416092596,0.3674881543163148,0.3815830892386204,1,1,209,137,216,216
11,237,7.9,0.3733939937709149,0.3382352941176471,0.355814643944281,1,1,209,137,216,216
11,238,7.933333333333334,0.36077910748128517,0.34285714285714286,0.351818125169214,1,1,209,137,216,216
11,239,7.966666666666667,0.35794804226220117,0.3382352941176471,0.3480916681899241,1,1,209,137,216,216
11,240,8.0,0.3616197568989003,0.3382352941176471,0.34992752550827366,1,1,209,137,216,216
11,241,8.033333333333333,0.3772388361580754,0.35355286037220673,0.36539584826514104,1,1,209,137,216,216
11,242,8.066666666666666,0.3659735921331823,0.35294117647058826,0.3594573843018853,1,1,209,137,216,216
11,243,8.1,0.33718857824481174,0.31415751803288977,0.3256730481388508,1,1,209,137,216,216
11,244,8.133333333333333,0.3641094947596244,0.3382352941176471,0.35117239443863574,1,1,209,137,216,216
11,245,8.166666666666666,0.33718857824481174,0.3142857142857143,0.325737146265263,1,1,209,137,216,216
11,246,8.2,0.34726062276295694,0.32338957579835703,0.335325099280657,1,1,209,137,216,216
11,247,8.233333333333333,0.3633982622310099,0.3380891019710096,0.35074368210100976,1,1,209,137,216,216
11,248,8.266666666666667,0.3789617107734962,0.36363636363636365,0.37129903720492996,1,1,209,137,216,216
11,249,8.3,0.3757118561021756,0.35294117647058826,0.3643265162863819,1,1,209,137,216,216
11,250,8.333333333333334,0.36077910748128517,0.3527886281436622,0.3567838678124737,1,1,209,137,216,216
11,251,8.366666666666667,0.3322758481398474,0.3382352941176471,0.33525557112874727,1,1,209,137,216,216
11,252,8.4,0.33093086839615493,0.35294117647058826,0.3419360224333716,1,1,209,137,216,216
11,253,8.433333333333334,0.34726062276295694,0.3235294117647059,0.3353950172638314,1,1,209,137,216,216
11,254,8.466666666666667,0.34366060874800947,0.3235294117647059,0.3335950102563577,1,1,209,137,216,216
11,255,8.5,0.34726062276295694,0.35294117647058826,0.3501008996167726,1,1,209,137,216,216
11,256,8.533333333333333,0.3641094947596244,0.35294117647058826,0.35852533561510636,1,1,209,137,216,216
11,257,8.566666666666666,0.34726062276295694,0.3484848484848485,0.34787273562390275,1,1,209,137,216,216
11,258,8.6,0.3425020907534874,0.33402061462402344,0.33826135268875546,1,1,209,137,216,216
11,259,8.633333333333333,0.3425020907534874,0.32338957579835703,0.3329458332759222,1,1,209,137,216,216
11,260,8.666666666666666,0.34726062276295694,0.34832495505633165,0.34779278890964427,1,1,209,137,216,216
11,261,8.7,0.3302513427645921,0.3235294117647059,0.326890377264649,1,1,209,137,216,216
11,262,8.733333333333333,0.3622453973860664,0.3491721297755386,0.3557087635808025,1,1,209,137,216,216
11,263,8.766666666666667,0.3425020907534874,0.3181818181818182,0.3303419544676528,1,1,209,137,216,216
11,264,8.8,0.3425020907534874,0.3333333333333333,0.33791771204341037,1,1,209,137,216,216
11,265,8.833333333333334,0.3483657977821716,0.3181818181818182,0.3332738079819949,1,1,209,137,216,216
11,266,8.866666666666667,0.3425020907534874,0.3333333333333333,0.33791771204341037,1,1,209,137,216,216
11,267,8.9,0.35464515366874727,0.3331803917930129,0.34391277273088006,1,1,209,137,216,216
11,268,8.933333333333334,0.31163340190137323,0.31234752379537317,0.3119904628483732,1,1,209,137,216,216
11,269,8.966666666666667,0.35337238301723184,0.328125,0.3407486915086159,1,1,209,137,216,216
11,270,9.0,0.35794804226220117,0.34375,0.3508490211311006,1,1,209,137,216,216
11,271,9.033333333333333,0.3425020907534874,0.34375,0.34312604537674374,1,1,209,137,216,216
11,272,9.066666666666666,0.3425020907534874,0.34445875883102417,0.3434804247922558,1,1,209,137,216,216
11,273,9.1,0.38722718055708955,0.3435822761749105,0.365404728366,1,1,209,137,216,216
11,274,9.133333333333333,0.34459485514952287,0.34445875883102417,0.3445268069902735,1,1,209,137,216,216
11,275,9.166666666666666,0.38524472972667867,0.33386735774212534,0.359556043734402,1,1,209,137,216,216
11,276,9.2,0.35794804226220117,0.34375,0.3508490211311006,1,1,209,137,216,216
11,277,9.233333333333333,0.3866322976556167,0.3333333333333333,0.359982815494475,1,1,209,137,216,216
11,278,9.266666666666667,0.37370194435097276,0.35919965236467916,0.36645079835782596,1,1,209,137,216,216
11,279,9.3,0.35794804226220117,0.3333333333333333,0.34564068779776724,1,1,209,137,216,216
11,280,9.333333333333334,0.3733939937709149,0.34832495505633165,0.3608594744136233,1,1,209,137,216,216
11,281,9.366666666666667,0.37465700404883284,0.3331803917930129,0.3539186979209229,1,1,209,137,216,216
11,282,9.4,0.35794804226220117,0.3331803917930129,0.34556421702760703,1,1,209,137,216,216
11,283,9.433333333333334,0.3888488760795326,0.34375,0.3662994380397663,1,1,209,137,216,216
11,284,9.466666666666667,0.34726062276295694,0.3333333333333333,0.3402969780481451,1,1,209,137,216,216
11,285,9.5,0.3425020907534874,0.3333333333333333,0.33791771204341037,1,1,209,137,216,216
11,286,9.533333333333333,0.3733939937709149,0.3188690994725083,0.34613154662171164,1,1,209,137,216,216
11,287,9.566666666666666,0.38524472972667867,0.375,0.38012236486333933,1,1,209,137,216,216
11,288,9.6,0.3733939937709149,0.375,0.3741969968854575,1,1,209,137,216,216
11,289,9.633333333333333,0.3765849709526834,0.3748170285544478,0.37570099975356563,1,1,209,137,216,216
11,290,9.666666666666666,0.3888488760795326,0.37564991414546967,0.3822493951125011,1,1,209,137,216,216
11,291,9.7,0.3733939937709149,0.3491721297755386,0.3612830617732268,1,1,209,137,216,216
11,292,9.733333333333333,0.3925462420258603,0.36363636363636365,0.378091302831112,1,1,209,137,216,216
11,293,9.766666666666667,0.3888488760795326,0.34445875883102417,0.36665381745527836,1,1,209,137,216,216
11,294,9.8,0.3888488760795326,0.36363636363636365,0.37624261985794816,1,1,209,137,216,216
11,295,9.833333333333334,0.37723692879845844,0.34832495505633165,0.3627809419273951,1,1,209,137,216,216
11,296,9.866666666666667,0.3733939937709149,0.36363636363636365,0.36851517870363926,1,1,209,137,216,216
11,297,9.9,0.37178873740914875,0.36363636363636365,0.3677125505227562,1,1,209,137,216,216
11,298,9.933333333333334,0.3888488760795326,0.3382352941176471,0.3635420850985899,1,1,209,137,216,216
11,299,9.966666666666667,0.4043037583881503,0.3787878787878788,0.3915458185880145,1,1,209,137,216,216
11,300,10.0,0.4043037583881503,0.393758644846288,0.39903120161721917,1,1,209,137,216,216
11,301,10.033333333333333,0.4043037583881503,0.3787878787878788,0.3915458185880145,1,1,209,137,216,216
11,302,10.066666666666666,0.3622453973860664,0.35294117647058826,0.35759328692832737,1,1,209,137,216,216
11,303,10.1,0.3753154612846867,0.36363636363636365,0.36947591246052514,1,1,209,137,216,216
11,304,10.133333333333333,0.37465700404883284,0.3786140815829692,0.37663554281590106,1,1,209,137,216,216
11,305,10.166666666666666,0.39016416270770105,0.36346951831965046,0.37681684051367575,1,1,209,137,216,216
11,306,10.2,0.3888488760795326,0.3527886281436622,0.3708187521115974,1,1,209,137,216,216
11,307,10.233333333333333,0.401190117326014,0.36363636363636365,0.38241324048118885,1,1,209,137,216,216
11,308,10.266666666666667,0.3765849709526834,0.3640994489367251,0.37034220994470424,1,1,209,137,216,216
11,309,10.3,0.3784394184028527,0.36363636363636365,0.37103789101960816,1,1,209,137,216,216
11,310,10.333333333333334,0.39223227493008433,0.34832495505633165,0.370278614993208,1,1,209,137,216,216
11,311,10.366666666666667,0.3622453973860664,0.36346951831965046,0.36285745785285844,1,1,209,137,216,216
11,312,10.4,0.3772388361580754,0.3682587427251479,0.37274878944161166,1,1,209,137,216,216
11,313,10.433333333333334,0.3757118561021756,0.35294117647058826,0.3643265162863819,1,1,209,137,216,216
11,314,10.466666666666667,0.36015599944956767,0.35294117647058826,0.35654858796007793,1,1,209,137,216,216
11,315,10.5,0.3757118561021756,0.3786140815829692,0.3771629688425724,1,1,209,137,216,216
11,316,10.533333333333333,0.37340292457081886,0.36346951831965046,0.3684362214452347,1,1,209,137,216,216
11,317,10.566666666666666,0.3925462420258603,0.3527886281436622,0.37266743508476124,1,1,209,137,216,216
11,318,10.6,0.37370194435097276,0.3382622515163296,0.3559820979336512,1,1,209,137,216,216
11,319,10.633333333333333,0.36077910748128517,0.3674881543163148,0.3641336308988,1,1,209,137,216,216
11,320,10.666666666666666,0.37370194435097276,0.3527886281436622,0.36324528624731744,1,1,209,137,216,216
11,321,10.7,0.3733939937709149,0.32338957579835703,0.34839178478463595,1,1,209,137,216,216
11,322,10.733333333333333,0.390644604723066,0.36346951831965046,0.3770570615213582,1,1,209,137,216,216
11,323,10.766666666666667,0.35849295692035854,0.33386735774212534,0.34618015733124197,1,1,209,137,216,216
11,324,10.8,0.3753154612846867,0.3527886281436622,0.3640520447141744,1,1,209,137,216,216
11,325,10.833333333333334,0.35640918951789147,0.3331803917930129,0.34479479065545215,1,1,209,137,216,216
11,326,10.866666666666667,0.3733939937709149,0.36346951831965046,0.36843175604528267,1,1,209,137,216,216
11,327,10.9,0.38348249529838985,0.35932379521369245,0.3714031452560411,1,1,209,137,216,216
11,328,10.933333333333334,0.35849295692035854,0.3331803917930129,0.34583667435668575,1,1,209,137,216,216
11,329,10.966666666666667,0.3215239872416274,0.2970746436396725,0.3092993154406499,1,1,209,137,216,216
11,330,11.0,0.1400535435512148,0.14142134851932464,0.14073744603526972,1,1,209,137,216,216
11,331,11.033333333333333,0.08922882811666598,0.09048939690633263,0.0898591125114993,1,1,209,137,216,216
11,332,11.066666666666666,0.09307492601460424,0.09805806853413045,0.09556649727436733,1,1,209,137,216,216
11,333,11.1,0.10707459373999918,0.10488612766627224,0.10598036070313571,1,1,209,137,216,216
11,334,11.133333333333333,0.12281216424086998,0.11695977862994329,0.11988597143540664,1,1,209,137,216,216
11,335,11.166666666666666,0.125,0.11695977862994329,0.12097988931497164,1,1,209,137,216,216
11,336,11.2,0.15890770623166212,0.10488612766627224,0.13189691694896719,1,1,209,137,216,216
11,337,11.233333333333333,0.13997034947308584,0.11812924524744849,0.12904979736026717,1,1,209,137,216,216
11,338,11.266666666666667,0.125,0.1211541191789618,0.1230770595894809,1,1,209,137,216,216
11,339,11.3,0.13009612900870188,0.11695977862994329,0.12352795381932258,1,1,209,137,216,216
11,340,11.333333333333334,0.1568796470247466,0.132384939741955,0.14463229338335082,1,1,209,137,216,216
11,341,11.366666666666667,0.13530993826416807,0.132384939741955,0.13384743900306154,1,1,209,137,216,216
11,342,11.4,0.19611614191216958,0.19530574001597295,0.19571094096407127,1,1,209,137,216,216
11,343,11.433333333333334,0.16657414806636126,0.15710827990060047,0.16184121398348086,1,1,209,137,216,216
11,344,11.466666666666667,0.246540325067334,0.22887285996567291,0.23770659251650345,1,1,209,137,216,216
11,345,11.5,0.24213284960992934,0.19530574001597295,0.21871929481295116,1,1,209,137,216,216
11,346,11.533333333333333,0.15890770623166212,0.1480522947809513,0.15348000050630672,1,1,209,137,216,216
11,347,11.566666666666666,0.1698729667512551,0.14346662071825508,0.1566697937347551,1,1,209,137,216,216
11,348,11.6,0.15196735307080417,0.12828453599364112,0.14012594453222266,1,1,209,137,216,216
11,349,11.633333333333333,0.16822355740880818,0.14346662071825508,0.15584508906353162,1,1,209,137,216,216
11,350,11.666666666666666,0.1698729667512551,0.1480522947809513,0.1589626307661032,1,1,209,137,216,216
11,351,11.7,0.1567864579680438,0.132384939741955,0.1445856988549994,1,1,209,137,216,216
11,352,11.733333333333333,0.19581105904823795,0.18356916107604682,0.18969011006214237,1,1,209,137,216,216
11,353,11.766666666666667,0.1698729667512551,0.14346662071825508,0.1566697937347551,1,1,209,137,216,216
11,354,11.8,0.2078833418532149,0.18356916107604682,0.19572625146463085,1,1,209,137,216,216
11,355,11.833333333333334,0.2192645042696321,0.18398854802186548,0.20162652614574877,1,1,209,137,216,216
11,356,11.866666666666667,0.21452799023226182,0.173952587185568,0.1942402887089149,1,1,209,137,216,216
11,357,11.9,0.21874494482652834,0.1930179857528274,0.20588146528967788,1,1,209,137,216,216
11,358,11.933333333333334,0.1859502701611578,0.173952587185568,0.1799514286733629,1,1,209,137,216,216
11,359,11.966666666666667,0.2635008359088829,0.23620752512091614,0.24985418051489952,1,1,209,137,216,216
11,360,12.0,0.21452799023226182,0.16872517318689795,0.19162658170957989,1,1,209,137,216,216
11,361,12.033333333333333,0.2603641116819335,0.24608324195511963,0.2532236768185266,1,1,209,137,216,216
11,362,12.066666666666666,0.4372373193062494,0.484358050982969,0.46079768514460917,1,1,209,137,216,216
11,363,12.1,0.22651021477816283,0.19848198482114335,0.2124960997996531,1,1,209,137,216,216
11,364,12.133333333333333,0.46530214064492437,0.4844141095751541,0.4748581251100392,1,1,209,137,216,216
11,365,12.166666666666666,0.21271782301496317,0.2138823359727691,0.21330007949386615,1,1,209,137,216,216
11,366,12.2,0.20463131918744187,0.17821240267139826,0.19142186092942007,1,1,209,137,216,216
11,367,12.233333333333333,0.19918748752591808,0.18356916107604682,0.19137832430098245,1,1,209,137,216,216
11,368,12.266666666666667,0.2181199129868886,0.2076136976982076,0.2128668053425481,1,1,209,137,216,216
11,369,12.3,0.2307710188809592,0.19269005313648782,0.2117305360087235,1,1,209,137,216,216
11,370,12.333333333333334,0.18386894308601648,0.173952587185568,0.17891076513579224,1,1,209,137,216,216
11,371,12.366666666666667,0.23259262744120054,0.2076136976982076,0.22010316256970408,1,1,209,137,216,216
11,372,12.4,0.21840973774220693,0.18356916107604682,0.20098944940912689,1,1,209,137,216,216
11,373,12.433333333333334,0.2078833418532149,0.2078833418532149,0.2078833418532149,1,1,209,137,216,216
11,374,12.466666666666667,0.21271782301496317,0.19848198482114335,0.20559990391805327,1,1,209,137,216,216
11,375,12.5,0.2192645042696321,0.18356916107604682,0.20141683267283944,1,1,209,137,216,216
11,376,12.533333333333333,0.22325819211238979,0.18398854802186548,0.20362337006712763,1,1,209,137,216,216
11,377,12.566666666666666,0.20463350506709266,0.19310487950509744,0.19886919228609506,1,1,209,137,216,216
11,378,12.6,0.17335458562001257,0.1637196498199476,0.1685371177199801,1,1,209,137,216,216
11,379,12.633333333333333,0.19848198482114335,0.18842550829413432,0.19345374655763883,1,1,209,137,216,216
11,380,12.666666666666666,0.19581105904823795,0.15594571596635137,0.17587838750729468,1,1,209,137,216,216
11,381,12.7,0.21171839225066708,0.18971615742864703,0.20071727483965707,1,1,209,137,216,216
11,382,12.733333333333333,0.23135027053666166,0.21171839225066708,0.22153433139366435,1,1,209,137,216,216
11,383,12.766666666666667,0.1862595851430378,0.174375103807554,0.1803173444752959,1,1,209,137,216,216
11,384,12.8,0.1862595851430378,0.15710827990060047,0.17168393252181913,1,1,209,137,216,216
11,385,12.833333333333334,0.1536167624132511,0.12667635071176883,0.14014655656250996,1,1,209,137,216,216
11,386,12.866666666666667,0.20620429352390132,0.18925646892826695,0.19773038122608413,1,1,209,137,216,216
11,387,12.9,0.1698729667512551,0.15903405018646097,0.16445350846885803,1,1,209,137,216,216
11,388,12.933333333333334,0.1698729667512551,0.14189531147977102,0.15588413911551308,1,1,209,137,216,216
11,389,12.966666666666667,0.1698729667512551,0.15748988307640616,0.16368142491383064,1,1,209,137,216,216
11,390,13.0,0.15890770623166212,0.14607595467337364,0.15249183045251788,1,1,209,137,216,216
11,391,13.033333333333333,0.14668208243309208,0.14381508941845877,0.14524858592577544,1,1,209,137,216,216
11,392,13.066666666666666,0.16795276099395479,0.14346662071825508,0.15570969085610492,1,1,209,137,216,216
11,393,13.1,0.21910881140540836,0.18925646892826695,0.20418264016683765,1,1,209,137,216,216
11,394,13.133333333333333,0.2192305088043213,0.1930179857528274,0.20612424727857434,1,1,209,137,216,216
11,395,13.166666666666666,0.20272219301362565,0.15903405018646097,0.1808781216000433,1,1,209,137,216,216
11,396,13.2,0.20962584339360546,0.19530574001597295,0.2024657917047892,1,1,209,137,216,216
11,397,13.233333333333333,0.20264620353482055,0.17112463979416503,0.1868854216644928,1,1,209,137,216,216
11,398,13.266666666666667,0.21910881140540836,0.18925646892826695,0.20418264016683765,1,1,209,137,216,216
11,399,13.3,0.1862595851430378,0.174375103807554,0.1803173444752959,1,1,209,137,216,216
11,400,13.333333333333334,0.15890770623166212,0.13040859963437734,0.14465815293301973,1,1,209,137,216,216
11,401,13.366666666666667,0.15890770623166212,0.11654002673961582,0.13772386648563897,1,1,209,137,216,216
11,402,13.4,0.15890770623166212,0.13371432851009526,0.1463110173708787,1,1,209,137,216,216
11,403,13.433333333333334,0.17370841556233152,0.14346662071825508,0.15858751814029332,1,1,209,137,216,216
11,404,13.466666666666667,0.1305614353687774,0.11695977862994329,0.12376060699936034,1,1,209,137,216,216
11,405,13.5,0.13972166174435469,0.1480522947809513,0.143886978262653,1,1,209,137,216,216
11,406,13.533333333333333,0.12135565039559326,0.12442948336053095,0.1228925668780621,1,1,209,137,216,216
11,407,13.566666666666666,0.15890770623166212,0.132384939741955,0.14564632298680857,1,1,209,137,216,216
11,408,13.6,0.13603796164194742,0.12828453599364112,0.13216124881779429,1,1,209,137,216,216
11,409,13.633333333333333,0.13997034947308584,0.12828453599364112,0.13412744273336347,1,1,209,137,216,216
11,410,13.666666666666666,0.15196735307080417,0.1129550715706024,0.1324612123207033,1,1,209,137,216,216
11,411,13.7,0.13530993826416807,0.12442948336053095,0.1298697108123495,1,1,209,137,216,216
11,412,13.733333333333333,0.14235154967772137,0.11876693615762164,0.13055924291767151,1,1,209,137,216,216
11,413,13.766666666666667,0.1536167624132511,0.13371432851009526,0.14366554546167318,1,1,209,137,216,216
11,414,13.8,0.1567864579680438,0.14741947198272037,0.1521029649753821,1,1,209,137,216,216
11,415,13.833333333333334,0.1536167624132511,0.13371432851009526,0.14366554546167318,1,1,209,137,216,216
11,416,13.866666666666667,0.1568796470247466,0.1479181203578564,0.1523988836913015,1,1,209,137,216,216
11,417,13.9,0.17000338080503383,0.14889641323470923,0.15944989701987153,1,1,209,137,216,216
11,418,13.933333333333334,0.1373605580752471,0.13371432851009526,0.1355374432926712,1,1,209,137,216,216
11,419,13.966666666666667,0.13997034947308584,0.12828453599364112,0.13412744273336347,1,1,209,137,216,216
11,420,14.0,0.11865252345753192,0.12023305505940318,0.11944278925846755,1,1,209,137,216,216
11,421,14.033333333333333,0.13530993826416807,0.12828453599364112,0.1317972371289046,1,1,209,137,216,216
11,422,14.066666666666666,0.15890770623166212,0.13675477418737722,0.14783124020951965,1,1,209,137,216,216
11,423,14.1,0.1567864579680438,0.132384939741955,0.1445856988549994,1,1,209,137,216,216
11,424,14.133333333333333,0.14991673325972513,0.11695977862994329,0.13343825594483422,1,1,209,137,216,216
11,425,14.166666666666666,0.13490872779553592,0.12828453599364112,0.13159663189458853,1,1,209,137,216,216
11,426,14.2,0.14991673325972513,0.1379882866265532,0.14395250994313918,1,1,209,137,216,216
11,427,14.233333333333333,0.13297028290168714,0.11333714364116751,0.12315371327142732,1,1,209,137,216,216
11,428,14.266666666666667,0.12273921182190241,0.1082610127004022,0.11550011226115231,1,1,209,137,216,216
11,429,14.3,0.14505545582090104,0.12306528764512031,0.13406037173301066,1,1,209,137,216,216
11,430,14.333333333333334,0.142176052619671,0.1362312430291368,0.13920364782440392,1,1,209,137,216,216
11,431,14.366666666666667,0.1400535435512148,0.12785207460707437,0.13395280907914459,1,1,209,137,216,216
11,432,14.4,0.12281216424086998,0.12212326401495759,0.12246771412791378,1,1,209,137,216,216
11,433,14.433333333333334,0.12142305374145508,0.11982773610728316,0.12062539492436912,1,1,209,137,216,216
11,434,14.466666666666667,0.11871842543284099,0.0983897512886939,0.10855408836076744,1,1,209,137,216,216
11,435,14.5,0.1256100555946087,0.0983897512886939,0.1119999034416513,1,1,209,137,216,216
11,436,14.533333333333333,0.12135565039559326,0.11333714364116751,0.11734639701838039,1,1,209,137,216,216
11,437,14.566666666666666,0.12142305374145508,0.12023305505940318,0.12082805440042912,1,1,209,137,216,216
11,438,14.6,0.13530993826416807,0.12969610628077718,0.13250302227247263,1,1,209,137,216,216
11,439,14.633333333333333,0.1373605580752471,0.12785207460707437,0.13260631634116074,1,1,209,137,216,216
11,440,14.666666666666666,0.12273921182190241,0.11333714364116751,0.11803817773153497,1,1,209,137,216,216
11,441,14.7,0.12273921182190241,0.1082610127004022,0.11550011226115231,1,1,209,137,216,216
11,442,14.733333333333333,0.1255354411827634,0.1082610127004022,0.1168982269415828,1,1,209,137,216,216
11,443,14.766666666666667,0.13530993826416807,0.12363081511892783,0.12947037669154796,1,1,209,137,216,216
11,444,14.8,0.1536167624132511,0.132384939741955,0.14300085107760305,1,1,209,137,216,216
11,445,14.833333333333334,0.15890770623166212,0.12785207460707437,0.14337989041936824,1,1,209,137,216,216
11,446,14.866666666666667,0.14235154967772137,0.13496272920102342,0.1386571394393724,1,1,209,137,216,216
11,447,14.9,0.11744509169023887,0.1332635626912581,0.1253543271907485,1,1,209,137,216,216
11,448,14.933333333333334,0.1737420143325547,0.1637196498199476,0.16873083207625117,1,1,209,137,216,216
11,449,14.966666666666667,0.218142503540184,0.18925646892826695,0.20369948623422546,1,1,209,137,216,216
11,450,15.0,0.3003481729209074,0.28156600328186543,0.29095708810138643,1,1,209,137,216,216
11,451,15.033333333333333,0.3148682728510383,0.3139053651725791,0.3143868190118087,1,1,209,137,216,216
11,452,15.066666666666666,0.3539052505509787,0.3236370338237849,0.3387711421873818,1,1,209,137,216,216
11,453,15.1,0.3583223964597155,0.34832495505633165,0.3533236757580236,1,1,209,137,216,216
11,454,15.133333333333333,0.38717717770595017,0.33875588078616087,0.36296652924605555,1,1,209,137,216,216
11,455,15.166666666666666,0.37370194435097276,0.3527886281436622,0.36324528624731744,1,1,209,137,216,216
11,456,15.2,0.3555315673308042,0.34429068918559375,0.349911128258199,1,1,209,137,216,216
11,457,15.233333333333333,0.37175790206906084,0.35294117647058826,0.36234953926982455,1,1,209,137,216,216
11,458,15.266666666666667,0.35662803361301215,0.3240563546135083,0.3403421941132602,1,1,209,137,216,216
11,459,15.3,0.37370194435097276,0.36346951831965046,0.3685857313353116,1,1,209,137,216,216
11,460,15.333333333333334,0.37370194435097276,0.3682587427251479,0.3709803435380603,1,1,209,137,216,216
11,461,15.366666666666667,0.37742775689909097,0.35340004766310595,0.3654139022810985,1,1,209,137,216,216
11,462,15.4,0.362635659397592,0.35340004766310595,0.358017853530349,1,1,209,137,216,216
11,463,15.433333333333334,0.35849295692035854,0.35340004766310595,0.35594650229173225,1,1,209,137,216,216
11,464,15.466666666666667,0.37175790206906084,0.36346951831965046,0.3676137101943556,1,1,209,137,216,216
11,465,15.5,0.35849295692035854,0.3387005214904534,0.34859673920540596,1,1,209,137,216,216
11,466,15.533333333333333,0.3329529300349758,0.33765162315839864,0.3353022765966872,1,1,209,137,216,216
11,467,15.566666666666666,0.34311340902910126,0.33386735774212534,0.3384903833856133,1,1,209,137,216,216
11,468,15.6,0.38722718055708955,0.3437879537074228,0.3655075671322562,1,1,209,137,216,216
11,469,15.633333333333333,0.3583223964597155,0.34832495505633165,0.3533236757580236,1,1,209,137,216,216
11,470,15.666666666666666,0.3697685266765543,0.3598492494015337,0.364808888039044,1,1,209,137,216,216
11,471,15.7,0.37178873740914875,0.3640994489367251,0.3679440931729369,1,1,209,137,216,216
11,472,15.733333333333333,0.3555315673308042,0.34499910219627694,0.3502653347635406,1,1,209,137,216,216
11,473,15.766666666666667,0.3583223964597155,0.3489548856734063,0.3536386410665609,1,1,209,137,216,216
11,474,15.8,0.3583223964597155,0.3640994489367251,0.3612109226982203,1,1,209,137,216,216
11,475,15.833333333333334,0.35849295692035854,0.33386735774212534,0.34618015733124197,1,1,209,137,216,216
11,476,15.866666666666667,0.3539052505509787,0.3194781335000554,0.3366916920255171,1,1,209,137,216,216
11,477,15.9,0.3583223964597155,0.36346951831965046,0.36089595738968294,1,1,209,137,216,216
11,478,15.933333333333334,0.3539052505509787,0.33340885292717753,0.3436570517390781,1,1,209,137,216,216
11,479,15.966666666666667,0.3410296416266342,0.317599065380122,0.3293143535033781,1,1,209,137,216,216
11,480,16.0,0.3539052505509787,0.33386735774212534,0.343886304146552,1,1,209,137,216,216
11,481,16.033333333333335,0.36761921917281426,0.3331803917930129,0.3503998054829136,1,1,209,137,216,216
11,482,16.066666666666666,0.34311340902910126,0.33386735774212534,0.3384903833856133,1,1,209,137,216,216
11,483,16.1,0.36959260162970525,0.3331803917930129,0.3513864967113591,1,1,209,137,216,216
11,484,16.133333333333333,0.34311340902910126,0.33386735774212534,0.3384903833856133,1,1,209,137,216,216
11,485,16.166666666666668,0.3539052505509787,0.33386735774212534,0.343886304146552,1,1,209,137,216,216
11,486,16.2,0.3539052505509787,0.3437879537074228,0.34884660212920077,1,1,209,137,216,216
11,487,16.233333333333334,0.3539052505509787,0.33340885292717753,0.3436570517390781,1,1,209,137,216,216
11,488,16.266666666666666,0.3539052505509787,0.3274860035293379,0.3406956270401583,1,1,209,137,216,216
11,489,16.3,0.36959260162970525,0.3327228303982231,0.35115771601396417,1,1,209,137,216,216
11,490,16.333333333333332,0.3517559430472387,0.31903938961245004,0.33539766632984436,1,1,209,137,216,216
11,491,16.366666666666667,0.3560545580547188,0.3333333333333333,0.34469394569402606,1,1,209,137,216,216
11,492,16.4,0.3539052505509787,0.3444953322888727,0.3492002914199257,1,1,209,137,216,216
11,493,16.433333333333334,0.34519717643156833,0.3331803917930129,0.3391887841122906,1,1,209,137,216,216
11,494,16.466666666666665,0.34459485514952287,0.34499910219627694,0.34479697867289993,1,1,209,137,216,216
11,495,16.5,0.3410296416266342,0.34832495505633165,0.3446772983414829,1,1,209,137,216,216
11,496,16.533333333333335,0.3583223964597155,0.343080575125973,0.3507014857928442,1,1,209,137,216,216
11,497,16.566666666666666,0.34311340902910126,0.33340885292717753,0.33826113097813937,1,1,209,137,216,216
11,498,16.6,0.35337238301723184,0.3281933821107877,0.3407828825640098,1,1,209,137,216,216
11,499,16.633333333333333,0.3717419091334453,0.34429068918559375,0.3580162991595195,1,1,209,137,216,216
11,500,16.666666666666668,0.34311340902910126,0.37546662559130234,0.3592900173102018,1,1,209,137,216,216
11,501,16.7,0.34311340902910126,0.3327228303982231,0.33791811971366215,1,1,209,137,216,216
11,502,16.733333333333334,0.3560545580547188,0.33386735774212534,0.34496095789842207,1,1,209,137,216,216
11,503,16.766666666666666,0.3539052505509787,0.33386735774212534,0.343886304146552,1,1,209,137,216,216
11,504,16.8,0.3697685266765543,0.3331803917930129,0.3514744592347836,1,1,209,137,216,216
11,505,16.833333333333332,0.3410296416266342,0.329452233684428,0.3352409376555311,1,1,209,137,216,216
11,506,16.866666666666667,0.34311340902910126,0.3194781335000554,0.3312957712645783,1,1,209,137,216,216
11,507,16.9,0.3410296416266342,0.34832495505633165,0.3446772983414829,1,1,209,137,216,216
11,508,16.933333333333334,0.35640918951789147,0.34429068918559375,0.35034993935174263,1,1,209,137,216,216
11,509,16.966666666666665,0.34459485514952287,0.317599065380122,0.33109696026482244,1,1,209,137,216,216
11,510,17.0,0.3410296416266342,0.329452233684428,0.3352409376555311,1,1,209,137,216,216
11,511,17.033333333333335,0.3125809665302811,0.31903938961245004,0.3158101780713656,1,1,209,137,216,216
11,512,17.066666666666666,0.36930855637195525,0.33340885292717753,0.3513587046495664,1,1,209,137,216,216
11,513,17.1,0.34311340902910126,0.33386735774212534,0.3384903833856133,1,1,209,137,216,216
11,514,17.133333333333333,0.32774541832054616,0.31903938961245004,0.3233924039664981,1,1,209,137,216,216
11,515,17.166666666666668,0.3410296416266342,0.31344699853991254,0.32723832008327336,1,1,209,137,216,216
11,516,17.2,0.3425020907534874,0.3444953322888727,0.34349871152118006,1,1,209,137,216,216
11,517,17.233333333333334,0.32241248044020226,0.3139053651725791,0.3181589228063907,1,1,209,137,216,216
11,518,17.266666666666666,0.3410296416266342,0.34499910219627694,0.34301437191145556,1,1,209,137,216,216
11,519,17.3,0.38545587775528084,0.3605576624122169,0.37300677008374883,1,1,209,137,216,216
11,520,17.333333333333332,0.3410296416266342,0.33386735774212534,0.33744849968437973,1,1,209,137,216,216
11,521,17.366666666666667,0.3753154612846867,0.33386735774212534,0.354591409513406,1,1,209,137,216,216
11,522,17.4,0.34311340902910126,0.334094875456132,0.3386041422426166,1,1,209,137,216,216
11,523,17.433333333333334,0.3583223964597155,0.34429068918559375,0.3513065428226546,1,1,209,137,216,216
11,524,17.466666666666665,0.3466876195455583,0.33340885292717753,0.34004823623636793,1,1,209,137,216,216
11,525,17.5,0.34519717643156833,0.33340885292717753,0.33930301467937296,1,1,209,137,216,216
11,526,17.533333333333335,0.38882535481247926,0.34832495505633165,0.36857515493440546,1,1,209,137,216,216
11,527,17.566666666666666,0.3585312878231333,0.3380891019710096,0.3483101948970715,1,1,209,137,216,216
11,528,17.6,0.36040616386218255,0.3380891019710096,0.3492476329165961,1,1,209,137,216,216
11,529,17.633333333333333,0.3329529300349758,0.3382622515163296,0.3356075907756527,1,1,209,137,216,216
11,530,17.666666666666668,0.37561515129279677,0.33340885292717753,0.3545120021099871,1,1,209,137,216,216
11,531,17.7,0.34311340902910126,0.33340885292717753,0.33826113097813937,1,1,209,137,216,216
11,532,17.733333333333334,0.37370194435097276,0.3484756609406776,0.3610888026458252,1,1,209,137,216,216
11,533,17.766666666666666,0.3539052505509787,0.3382622515163296,0.3460837510336542,1,1,209,137,216,216
11,534,17.8,0.362635659397592,0.3236370338237849,0.3431363466106885,1,1,209,137,216,216
11,535,17.833333333333332,0.35337238301723184,0.3243029498438841,0.33883766643055796,1,1,209,137,216,216
11,536,17.866666666666667,0.38545587775528084,0.33386735774212534,0.3596616177487031,1,1,209,137,216,216
11,537,17.9,0.36959260162970525,0.3333333333333333,0.3514629674815193,1,1,209,137,216,216
11,538,17.933333333333334,0.36930855637195525,0.32338957579835703,0.34634906608515614,1,1,209,137,216,216
11,539,17.966666666666665,0.37178873740914875,0.33340885292717753,0.35259879516816317,1,1,209,137,216,216
11,540,18.0,0.3410296416266342,0.334094875456132,0.3375622585413831,1,1,209,137,216,216
11,541,18.033333333333335,0.37178873740914875,0.3240563546135083,0.34792254601132855,1,1,209,137,216,216
11,542,18.066666666666666,0.3641094947596244,0.33765162315839864,0.3508805589590115,1,1,209,137,216,216
11,543,18.1,0.3539052505509787,0.3194781335000554,0.3366916920255171,1,1,209,137,216,216
11,544,18.133333333333333,0.3888488760795326,0.3640994489367251,0.3764741625081288,1,1,209,137,216,216
11,545,18.166666666666668,0.37178873740914875,0.3490119210054441,0.3604003292072964,1,1,209,137,216,216
11,546,18.2,0.35337238301723184,0.3243029498438841,0.33883766643055796,1,1,209,137,216,216
11,547,18.233333333333334,0.3753154612846867,0.3489548856734063,0.3621351734790465,1,1,209,137,216,216
11,548,18.266666666666666,0.37178873740914875,0.36346951831965046,0.3676291278643996,1,1,209,137,216,216
11,549,18.3,0.34311340902910126,0.3240563546135083,0.33358488182130475,1,1,209,137,216,216
11,550,18.333333333333332,0.3555315673308042,0.3437879537074228,0.3496597605191135,1,1,209,137,216,216
11,551,18.366666666666667,0.37178873740914875,0.34429068918559375,0.3580397132973713,1,1,209,137,216,216
11,552,18.4,0.37561515129279677,0.33386735774212534,0.3547412545174611,1,1,209,137,216,216
11,553,18.433333333333334,0.35640918951789147,0.3331803917930129,0.34479479065545215,1,1,209,137,216,216
11,554,18.466666666666665,0.3410296416266342,0.3331803917930129,0.3371050167098235,1,1,209,137,216,216
11,555,18.5,0.37370194435097276,0.3331803917930129,0.35344116807199283,1,1,209,137,216,216
11,556,18.533333333333335,0.34311340902910126,0.3345543236912377,0.3388338663601695,1,1,209,137,216,216
11,557,18.566666666666666,0.3555315673308042,0.34445875883102417,0.34999516308091416,1,1,209,137,216,216
11,558,18.6,0.3320572297391062,0.29716057487850056,0.31460890230880334,1,1,209,137,216,216
11,559,18.633333333333333,0.16959086447129879,0.1480522947809513,0.15882157962612503,1,1,209,137,216,216
11,560,18.666666666666668,0.1400535435512148,0.13675477418737722,0.13840415886929602,1,1,209,137,216,216
11,561,18.7,0.1234141929191451,0.12035792030594723,0.12188605661254617,1,1,209,137,216,216
11,562,18.733333333333334,0.11871842543284099,0.11333714364116751,0.11602778453700424,1,1,209,137,216,216
11,563,18.766666666666666,0.10904405856954641,0.1015346175179316,0.105289338043739,1,1,209,137,216,216
11,564,18.8,0.13603796164194742,0.11333714364116751,0.12468755264155747,1,1,209,137,216,216
11,565,18.833333333333332,0.11937129497528076,0.12023305505940318,0.11980217501734197,1,1,209,137,216,216
11,566,18.866666666666667,0.1027046283086141,0.1015346175179316,0.10211962291327284,1,1,209,137,216,216
11,567,18.9,0.12142305374145508,0.12363081511892783,0.12252693443019146,1,1,209,137,216,216
11,568,18.933333333333334,0.13538509209950764,0.11018242395396131,0.12278375802673447,1,1,209,137,216,216
11,569,18.966666666666665,0.1206896551724138,0.12035792030594723,0.12052378773918052,1,1,209,137,216,216
11,570,19.0,0.142176052619671,0.11654002673961582,0.1293580396796434,1,1,209,137,216,216
11,571,19.033333333333335,0.1568796470247466,0.132384939741955,0.14463229338335082,1,1,209,137,216,216
11,572,19.066666666666666,0.13530993826416807,0.12828453599364112,0.1317972371289046,1,1,209,137,216,216
11,573,19.1,0.1027046283086141,0.11333714364116751,0.1080208859748908,1,1,209,137,216,216
11,574,19.133333333333333,0.1373605580752471,0.11695977862994329,0.1271601683525952,1,1,209,137,216,216
11,575,19.166666666666668,0.15196735307080417,0.14381508941845877,0.14789122124463147,1,1,209,137,216,216
11,576,19.2,0.12281216424086998,0.1015346175179316,0.11217339087940079,1,1,209,137,216,216
11,577,19.233333333333334,0.14209159773670416,0.11695977862994329,0.12952568818332372,1,1,209,137,216,216
11,578,19.266666666666666,0.1373605580752471,0.12636940974015332,0.1318649839077002,1,1,209,137,216,216
11,579,19.3,0.12273921182190241,0.11695977862994329,0.11984949522592285,1,1,209,137,216,216
11,580,19.333333333333332,0.1400535435512148,0.13190982915814145,0.1359816863546781,1,1,209,137,216,216
11,581,19.366666666666667,0.14209159773670416,0.14607595467337364,0.1440837762050389,1,1,209,137,216,216
11,582,19.4,0.14209159773670416,0.132384939741955,0.1372382687393296,1,1,209,137,216,216
11,583,19.433333333333334,0.13530993826416807,0.11695977862994329,0.1261348584470557,1,1,209,137,216,216
11,584,19.466666666666665,0.14209159773670416,0.132384939741955,0.1372382687393296,1,1,209,137,216,216
11,585,19.5,0.13997034947308584,0.132384939741955,0.1361776446075204,1,1,209,137,216,216
11,586,19.533333333333335,0.12273921182190241,0.11695977862994329,0.11984949522592285,1,1,209,137,216,216
11,587,19.566666666666666,0.1373605580752471,0.1129550715706024,0.12515781482292476,1,1,209,137,216,216
11,588,19.6,0.1536167624132511,0.12828453599364112,0.1409506492034461,1,1,209,137,216,216
11,589,19.633333333333333,0.11660190364645288,0.10117022432109019,0.10888606398377154,1,1,209,137,216,216
11,590,19.666666666666668,0.13490872779553592,0.13371432851009526,0.1343115281528156,1,1,209,137,216,216
11,591,19.7,0.11744509169023887,0.132384939741955,0.12491501571609694,1,1,209,137,216,216
11,592,19.733333333333334,0.11937129497528076,0.12636940974015332,0.12287035235771704,1,1,209,137,216,216
11,593,19.766666666666666,0.1255354411827634,0.11654002673961582,0.12103773396118961,1,1,209,137,216,216
11,594,19.8,0.12716959612580903,0.11695977862994329,0.12206468737787615,1,1,209,137,216,216
11,595,19.833333333333332,0.1373605580752471,0.12636940974015332,0.1318649839077002,1,1,209,137,216,216
11,596,19.866666666666667,0.1536167624132511,0.12828453599364112,0.1409506492034461,1,1,209,137,216,216
11,597,19.9,0.15370208422342937,0.14346662071825508,0.14858435247084223,1,1,209,137,216,216
11,598,19.933333333333334,0.15890770623166212,0.1480522947809513,0.15348000050630672,1,1,209,137,216,216
11,599,19.966666666666665,0.15890770623166212,0.13040859963437734,0.14465815293301973,1,1,209,137,216,216
11,600,20.0,0.16457588225214836,0.1508977096224175,0.15773679593728293,1,1,209,137,216,216
11,601,20.033333333333335,0.15890770623166212,0.1480522947809513,0.15348000050630672,1,1,209,137,216,216
11,602,20.066666666666666,0.1373605580752471,0.14346662071825508,0.14041358939675108,1,1,209,137,216,216
11,603,20.1,0.13094971725035423,0.12828453599364112,0.12961712662199767,1,1,209,137,216,216
11,604,20.133333333333333,0.1536167624132511,0.12859612865045658,0.14110644553185384,1,1,209,137,216,216
11,605,20.166666666666668,0.15370208422342937,0.12442948336053095,0.13906578379198015,1,1,209,137,216,216
11,606,20.2,0.19267482906011277,0.174375103807554,0.18352496643383337,1,1,209,137,216,216
11,607,20.233333333333334,0.1400535435512148,0.132384939741955,0.1362192416465849,1,1,209,137,216,216
11,608,20.266666666666666,0.13743685086568197,0.12828453599364112,0.13286069342966156,1,1,209,137,216,216
11,609,20.3,0.1256100555946087,0.132384939741955,0.12899749766828184,1,1,209,137,216,216
11,610,20.333333333333332,0.143254025777181,0.14346662071825508,0.14336032324771802,1,1,209,137,216,216
11,611,20.366666666666667,0.12281216424086998,0.11695977862994329,0.11988597143540664,1,1,209,137,216,216
11,612,20.4,0.14235154967772137,0.11695977862994329,0.12965566415383234,1,1,209,137,216,216
11,613,20.433333333333334,0.13761185473359727,0.11169265236450407,0.12465225354905067,1,1,209,137,216,216
11,614,20.466666666666665,0.1568796470247466,0.11695977862994329,0.13691971282734494,1,1,209,137,216,216
11,615,20.5,0.1256100555946087,0.132384939741955,0.12899749766828184,1,1,209,137,216,216
11,616,20.533333333333335,0.15900215609320278,0.1379882866265532,0.148495221359878,1,1,209,137,216,216
11,617,20.566666666666666,0.11930503058451422,0.11695977862994329,0.11813240460722876,1,1,209,137,216,216
11,618,20.6,0.11871842543284099,0.11333714364116751,0.11602778453700424,1,1,209,137,216,216
11,619,20.633333333333333,0.15165032545725504,0.11333714364116751,0.13249373454921126,1,1,209,137,216,216
11,620,20.666666666666668,0.12281216424086998,0.132384939741955,0.12759855199141248,1,1,209,137,216,216
11,621,20.7,0.1234141929191451,0.11081262430432012,0.11711340861173261,1,1,209,137,216,216
11,622,20.733333333333334,0.13963826771440177,0.132384939741955,0.1360116037281784,1,1,209,137,216,216
11,623,20.766666666666666,0.14725376878465926,0.14254307940842742,0.14489842409654335,1,1,209,137,216,216
11,624,20.8,0.11865252345753192,0.11876693615762164,0.11870972980757678,1,1,209,137,216,216
11,625,20.833333333333332,0.13009612900870188,0.14199738918367813,0.13604675909619002,1,1,209,137,216,216
11,626,20.866666666666667,0.1256100555946087,0.132384939741955,0.12899749766828184,1,1,209,137,216,216
11,627,20.9,0.1206896551724138,0.13749306643348322,0.1290913608029485,1,1,209,137,216,216
11,628,20.933333333333334,0.12135565039559326,0.12828453599364112,0.12482009319461719,1,1,209,137,216,216
11,629,20.966666666666665,0.1256100555946087,0.11180768276249928,0.11870886917855399,1,1,209,137,216,216
11,630,21.0,0.11937129497528076,0.0983897512886939,0.10888052313198733,1,1,209,137,216,216
11,631,21.033333333333335,0.15890770623166212,0.11695977862994329,0.1379337424308027,1,1,209,137,216,216
11,632,21.066666666666666,0.13094971725035423,0.12828453599364112,0.12961712662199767,1,1,209,137,216,216
11,633,21.1,0.13530993826416807,0.12828453599364112,0.1317972371289046,1,1,209,137,216,216
11,634,21.133333333333333,0.1255354411827634,0.1129550715706024,0.1192452563766829,1,1,209,137,216,216
11,635,21.166666666666668,0.1567864579680438,0.1536556416655495,0.15522104981679666,1,1,209,137,216,216
11,636,21.2,0.15156614260217205,0.13371432851009526,0.14264023555613364,1,1,209,137,216,216
11,637,21.233333333333334,0.13530993826416807,0.12785207460707437,0.1315810064356212,1,1,209,137,216,216
11,638,21.266666666666666,0.1567864579680438,0.12785207460707437,0.1423192662875591,1,1,209,137,216,216
11,639,21.3,0.13793103448275862,0.11654002673961582,0.12723553061118723,1,1,209,137,216,216
11,640,21.333333333333332,0.13997034947308584,0.14752095630434345,0.14374565288871466,1,1,209,137,216,216
11,641,21.366666666666667,0.1567864579680438,0.14199738918367813,0.14939192357586095,1,1,209,137,216,216
11,642,21.4,0.1567864579680438,0.15293928584442626,0.15486287190623504,1,1,209,137,216,216
11,643,21.433333333333334,0.16457588225214836,0.1526460792693573,0.15861098076075283,1,1,209,137,216,216
11,644,21.466666666666665,0.1568796470247466,0.12817167842679184,0.14252566272576922,1,1,209,137,216,216
11,645,21.5,0.14235154967772137,0.132384939741955,0.1373682447098382,1,1,209,137,216,216
11,646,21.533333333333335,0.1424361590681405,0.12035792030594723,0.13139703968704386,1,1,209,137,216,216
11,647,21.566666666666666,0.15890770623166212,0.1536556416655495,0.15628167394860581,1,1,209,137,216,216
11,648,21.6,0.1256100555946087,0.10117022432109019,0.11339013995784944,1,1,209,137,216,216
11,649,21.633333333333333,0.12281216424086998,0.11695977862994329,0.11988597143540664,1,1,209,137,216,216
11,650,21.666666666666668,0.142176052619671,0.12817167842679184,0.1351738655232314,1,1,209,137,216,216
11,651,21.7,0.1567864579680438,0.1480522947809513,0.15241937637449754,1,1,209,137,216,216
11,652,21.733333333333334,0.15890770623166212,0.1480522947809513,0.15348000050630672,1,1,209,137,216,216
11,653,21.766666666666666,0.14725376878465926,0.12817167842679184,0.13771272360572556,1,1,209,137,216,216
11,654,21.8,0.1586253721752752,0.13272746234078592,0.14567641725803054,1,1,209,137,216,216
11,655,21.833333333333332,0.1255354411827634,0.1129550715706024,0.1192452563766829,1,1,209,137,216,216
11,656,21.866666666666667,0.1471599497134775,0.1379882866265532,0.14257411817001536,1,1,209,137,216,216
11,657,21.9,0.12273921182190241,0.11695977862994329,0.11984949522592285,1,1,209,137,216,216
11,658,21.933333333333334,0.10344827586206896,0.1379882866265532,0.12071828124431108,1,1,209,137,216,216
11,659,21.966666666666665,0.1445332042654092,0.13190982915814145,0.13822151671177532,1,1,209,137,216,216
11,660,22.0,0.1445332042654092,0.1362312430291368,0.14038222364727299,1,1,209,137,216,216
11,661,22.033333333333335,0.14209159773670416,0.132384939741955,0.1372382687393296,1,1,209,137,216,216
11,662,22.066666666666666,0.17572381472662008,0.1637196498199476,0.16972173227328385,1,1,209,137,216,216
11,663,22.1,0.2109313804059433,0.20716770360157738,0.20904954200376036,1,1,209,137,216,216
11,664,22.133333333333333,0.17572381472662008,0.1637196498199476,0.16972173227328385,1,1,209,137,216,216
11,665,22.166666666666668,0.21171839225066708,0.18925646892826695,0.200487430589467,1,1,209,137,216,216
11,666,22.2,0.14209159773670416,0.15405319844059434,0.14807239808864925,1,1,209,137,216,216
11,667,22.233333333333334,0.1567864579680438,0.14889641323470923,0.15284143560137653,1,1,209,137,216,216
11,668,22.266666666666666,0.1533616562610183,0.1480522947809513,0.1507069755209848,1,1,209,137,216,216
11,669,22.3,0.1859502701611578,0.17951269491796026,0.18273148253955904,1,1,209,137,216,216
11,670,22.333333333333332,0.23799925229745036,0.23599772920232015,0.23699849074988527,1,1,209,137,216,216
11,671,22.366666666666667,0.31956314471077785,0.28156600328186543,0.30056457399632164,1,1,209,137,216,216
11,672,22.4,0.3056157159620617,0.31344699853991254,0.3095313572509871,1,1,209,137,216,216
11,673,22.433333333333334,0.306716477460731,0.29793835818210546,0.30232741782141825,1,1,209,137,216,216
11,674,22.466666666666665,0.306716477460731,0.29793835818210546,0.30232741782141825,1,1,209,137,216,216
11,675,22.5,0.31956314471077785,0.28156600328186543,0.30056457399632164,1,1,209,137,216,216
11,676,22.533333333333335,0.3056157159620617,0.30751005205591453,0.3065628840089881,1,1,209,137,216,216
11,677,22.566666666666666,0.28174538131227383,0.3039839037687681,0.29286464254052097,1,1,209,137,216,216
11,678,22.6,0.2933863190791615,0.28894347568978695,0.29116489738447426,1,1,209,137,216,216
11,679,22.633333333333333,0.32389407707135914,0.31312644448397614,0.31851026077766764,1,1,209,137,216,216
11,680,22.666666666666668,0.31163340190137323,0.2885854925686241,0.30010944723499866,1,1,209,137,216,216
11,681,22.7,0.3274392996398952,0.31266921523630764,0.32005425743810145,1,1,209,137,216,216
11,682,22.733333333333334,0.306716477460731,0.30322960206539457,0.3049730397630628,1,1,209,137,216,216
11,683,22.766666666666666,0.28970744468249604,0.31344699853991254,0.30157722161120426,1,1,209,137,216,216
11,684,22.8,0.3485031101283263,0.31344699853991254,0.33097505433411945,1,1,209,137,216,216
11,685,22.833333333333332,0.28079558641051633,0.29793835818210546,0.2893669722963109,1,1,209,137,216,216
11,686,22.866666666666667,0.297216443723502,0.31344699853991254,0.30533172113170726,1,1,209,137,216,216
11,687,22.9,0.3056157159620617,0.31344699853991254,0.3095313572509871,1,1,209,137,216,216
11,688,22.933333333333334,0.2888214737055359,0.27306540896831233,0.2809434413369241,1,1,209,137,216,216
11,689,22.966666666666665,0.3215239872416274,0.29759512519387377,0.30955955621775055,1,1,209,137,216,216
11,690,23.0,0.33450496457172413,0.29793835818210546,0.31622166137691476,1,1,209,137,216,216
11,691,23.033333333333335,0.3019103457976684,0.29793835818210546,0.29992435198988693,1,1,209,137,216,216
11,692,23.066666666666666,0.29233339760930016,0.27222777032581885,0.2822805839675595,1,1,209,137,216,216
11,693,23.1,0.306716477460731,0.27244297855561983,0.28957972800817544,1,1,209,137,216,216
11,694,23.133333333333333,0.2991983657000697,0.29061171194834956,0.2949050388242096,1,1,209,137,216,216
11,695,23.166666666666668,0.30481789052379016,0.29106449870004897,0.2979411946119196,1,1,209,137,216,216
11,696,23.2,0.28970744468249604,0.3139053651725791,0.3018064049275376,1,1,209,137,216,216
11,697,23.233333333333334,0.3056157159620617,0.29716057487850056,0.30138814542028114,1,1,209,137,216,216
11,698,23.266666666666666,0.32268204688178725,0.31344699853991254,0.3180645227108499,1,1,209,137,216,216
11,699,23.3,0.3555315673308042,0.30322960206539457,0.3293805846980994,1,1,209,137,216,216
11,700,23.333333333333332,0.3215239872416274,0.31344699853991254,0.31748549289077,1,1,209,137,216,216
11,701,23.366666666666667,0.3485031101283263,0.31344699853991254,0.33097505433411945,1,1,209,137,216,216
11,702,23.4,0.3485031101283263,0.3227141588624547,0.33560863449539047,1,1,209,137,216,216
11,703,23.433333333333334,0.35337238301723184,0.32897116541439264,0.34117177421581224,1,1,209,137,216,216
11,704,23.466666666666665,0.3485031101283263,0.3139053651725791,0.3312042376504527,1,1,209,137,216,216
11,705,23.5,0.3168407425833272,0.31312644448397614,0.3149835935336517,1,1,209,137,216,216
11,706,23.533333333333335,0.33744818512942965,0.31344699853991254,0.3254475918346711,1,1,209,137,216,216
11,707,23.566666666666666,0.3320572297391062,0.29061171194834956,0.3113344708437279,1,1,209,137,216,216
11,708,23.6,0.35337238301723184,0.3281933821107877,0.3407828825640098,1,1,209,137,216,216
11,709,23.633333333333333,0.32153991384986397,0.31189143193270275,0.31671567289128333,1,1,209,137,216,216
11,710,23.666666666666668,0.32188134784939326,0.31344699853991254,0.3176641731946529,1,1,209,137,216,216
11,711,23.7,0.3126875061347301,0.3044019433088731,0.3085447247218016,1,1,209,137,216,216
11,712,23.733333333333334,0.33744818512942965,0.31344699853991254,0.3254475918346711,1,1,209,137,216,216
11,713,23.766666666666666,0.32389407707135914,0.31344699853991254,0.3186705378056358,1,1,209,137,216,216
11,714,23.8,0.3485031101283263,0.3227141588624547,0.33560863449539047,1,1,209,137,216,216
11,715,23.833333333333332,0.32268204688178725,0.31344699853991254,0.3180645227108499,1,1,209,137,216,216
11,716,23.866666666666667,0.3106117587185976,0.31266921523630764,0.3116404869774526,1,1,209,137,216,216
11,717,23.9,0.3262641669010909,0.3139053651725791,0.320084766036835,1,1,209,137,216,216
11,718,23.933333333333334,0.31562779771958793,0.31266921523630764,0.3141485064779478,1,1,209,137,216,216
11,719,23.966666666666665,0.3576907516443765,0.31344699853991254,0.3355688750921445,1,1,209,137,216,216
11,720,24.0,0.3357904536243488,0.3139053651725791,0.324847909398464,1,1,209,137,216,216
11,721,24.033333333333335,0.32389407707135914,0.3139053651725791,0.3188997211219691,1,1,209,137,216,216
11,722,24.066666666666666,0.32268204688178725,0.31344699853991254,0.3180645227108499,1,1,209,137,216,216
11,723,24.1,0.33333331224574697,0.30247530036202097,0.317904306303884,1,1,209,137,216,216
11,724,24.133333333333333,0.3215239872416274,0.31189143193270275,0.3167077095871651,1,1,209,137,216,216
11,725,24.166666666666668,0.3215239872416274,0.3039839037687681,0.31275394550519775,1,1,209,137,216,216
11,726,24.2,0.3215239872416274,0.31266921523630764,0.31709660123896755,1,1,209,137,216,216
11,727,24.233333333333334,0.3215239872416274,0.30322960206539457,0.312376794653511,1,1,209,137,216,216
11,728,24.266666666666666,0.32706774632743035,0.30247530036202097,0.3147715233447257,1,1,209,137,216,216
11,729,24.3,0.32268204688178725,0.3235169295618675,0.3230994882218274,1,1,209,137,216,216
11,730,24.333333333333332,0.3281740574413698,0.30968872248175267,0.31893138996156123,1,1,209,137,216,216
11,731,24.366666666666667,0.330437863191952,0.31344699853991254,0.32194243086593227,1,1,209,137,216,216
11,732,24.4,0.3555315673308042,0.35938252530405795,0.3574570463174311,1,1,209,137,216,216
11,733,24.433333333333334,0.3425020907534874,0.3182850879090765,0.33039358933128193,1,1,209,137,216,216
11,734,24.466666666666665,0.3404131433822692,0.3281933821107877,0.33430326274652844,1,1,209,137,216,216
11,735,24.5,0.33744818512942965,0.3281933821107877,0.3328207836201087,1,1,209,137,216,216
11,736,24.533333333333335,0.3425020907534874,0.3182850879090765,0.33039358933128193,1,1,209,137,216,216
11,737,24.566666666666666,0.32706774632743035,0.3183533670834956,0.322710556705463,1,1,209,137,216,216
11,738,24.6,0.35337238301723184,0.33340885292717753,0.3433906179722047,1,1,209,137,216,216
11,739,24.633333333333333,0.3576907516443765,0.32897116541439264,0.34333095852938456,1,1,209,137,216,216
11,740,24.666666666666668,0.36930855637195525,0.3327228303982231,0.3510156933850892,1,1,209,137,216,216
11,741,24.7,0.36930855637195525,0.3327228303982231,0.3510156933850892,1,1,209,137,216,216
11,742,24.733333333333334,0.35337238301723184,0.3444953322888727,0.3489338576530523,1,1,209,137,216,216
11,743,24.766666666666666,0.35640918951789147,0.32796489998514183,0.3421870447515166,1,1,209,137,216,216
11,744,24.8,0.35794804226220117,0.3444953322888727,0.35122168727553693,1,1,209,137,216,216
11,745,24.833333333333332,0.38722718055708955,0.3327228303982231,0.3599750054776563,1,1,209,137,216,216
11,746,24.866666666666667,0.3765849709526834,0.34916168346963206,0.3628733272111577,1,1,209,137,216,216
11,747,24.9,0.3712910072023662,0.3600311737951423,0.3656610904987543,1,1,209,137,216,216
11,748,24.933333333333334,0.3753154612846867,0.33386735774212534,0.354591409513406,1,1,209,137,216,216
11,749,24.966666666666665,0.37280568688916804,0.33340885292717753,0.35310726990817276,1,1,209,137,216,216
11,750,25.0,0.38722718055708955,0.3331803917930129,0.3602037861750512,1,1,209,137,216,216
11,751,25.033333333333335,0.3555315673308042,0.354832631104683,0.3551820992177436,1,1,209,137,216,216
11,752,25.066666666666666,0.34366060874800947,0.343080575125973,0.34337059193699127,1,1,209,137,216,216
11,753,25.1,0.34459485514952287,0.33340885292717753,0.3390018540383502,1,1,209,137,216,216
11,754,25.133333333333333,0.35337238301723184,0.3444953322888727,0.3489338576530523,1,1,209,137,216,216
11,755,25.166666666666668,0.3555315673308042,0.33953983239594376,0.34753569986337396,1,1,209,137,216,216
11,756,25.2,0.3555315673308042,0.329452233684428,0.34249190050761613,1,1,209,137,216,216
11,757,25.233333333333334,0.33866360027526726,0.33880972827060674,0.338736664272937,1,1,209,137,216,216
11,758,25.266666666666666,0.3466876195455583,0.3444953322888727,0.3455914759172155,1,1,209,137,216,216
11,759,25.3,0.3555315673308042,0.343080575125973,0.34930607122838864,1,1,209,137,216,216
11,760,25.333333333333332,0.34459485514952287,0.3281933821107877,0.3363941186301553,1,1,209,137,216,216
11,761,25.366666666666667,0.3591588063984211,0.3444953322888727,0.35182706934364694,1,1,209,137,216,216
11,762,25.4,0.3712910072023662,0.3444953322888727,0.35789316974561947,1,1,209,137,216,216
11,763,25.433333333333334,0.34459485514952287,0.3444953322888727,0.3445450937191978,1,1,209,137,216,216
11,764,25.466666666666665,0.34104222665432127,0.32897116541439264,0.33500669603435695,1,1,209,137,216,216
11,765,25.5,0.33333331224574697,0.3219113881630418,0.3276223502043944,1,1,209,137,216,216
11,766,25.533333333333335,0.20962584339360546,0.18543814806370407,0.19753199572865476,1,1,209,137,216,216
11,767,25.566666666666666,0.09212479789029154,0.1191307679422409,0.10562778291626622,1,1,209,137,216,216
11,768,25.6,0.12281216424086998,0.1082610127004022,0.11553658847063608,1,1,209,137,216,216
11,769,25.633333333333333,0.11666666666666667,0.1082610127004022,0.11246383968353443,1,1,209,137,216,216
11,770,25.666666666666668,0.12492035936333237,0.1191307679422409,0.12202556365278663,1,1,209,137,216,216
11,771,25.7,0.09350121447018214,0.11499009669198595,0.10424565558108405,1,1,209,137,216,216
11,772,25.733333333333334,0.1256100555946087,0.1153518010797142,0.12048092833716145,1,1,209,137,216,216
11,773,25.766666666666666,0.142176052619671,0.1191307679422409,0.13065341028095595,1,1,209,137,216,216
11,774,25.8,0.13997034947308584,0.11654002673961582,0.12825518810635084,1,1,209,137,216,216
11,775,25.833333333333332,0.1256100555946087,0.13190982915814145,0.12875994237637506,1,1,209,137,216,216
11,776,25.866666666666667,0.1255354411827634,0.12817167842679184,0.12685355980477764,1,1,209,137,216,216
11,777,25.9,0.1400535435512148,0.13190982915814145,0.1359816863546781,1,1,209,137,216,216
11,778,25.933333333333334,0.12281216424086998,0.13749306643348322,0.1301526153371766,1,1,209,137,216,216
11,779,25.966666666666665,0.13333333333333333,0.11654002673961582,0.12493668003647457,1,1,209,137,216,216
11,780,26.0,0.13997034947308584,0.10117022432109019,0.12057028689708801,1,1,209,137,216,216
11,781,26.033333333333335,0.11666666666666667,0.08635418808775135,0.101510427377209,1,1,209,137,216,216
11,782,26.066666666666666,0.11871842543284099,0.10493073307081119,0.1118245792518261,1,1,209,137,216,216
11,783,26.1,0.1206179635582841,0.1082610127004022,0.11443948812934315,1,1,209,137,216,216
11,784,26.133333333333333,0.11666666666666667,0.13190982915814145,0.12428824791240406,1,1,209,137,216,216
11,785,26.166666666666668,0.1256100555946087,0.143076303708825,0.13434317965171683,1,1,209,137,216,216
11,786,26.2,0.1255354411827634,0.12363081511892783,0.12458312815084563,1,1,209,137,216,216
11,787,26.233333333333334,0.11871842543284099,0.12212326401495759,0.12042084472389929,1,1,209,137,216,216
11,788,26.266666666666666,0.13009612900870188,0.10448459758275767,0.11729036329572978,1,1,209,137,216,216
11,789,26.3,0.1568796470247466,0.11559231438109571,0.13623598070292114,1,1,209,137,216,216
11,790,26.333333333333332,0.11660190364645288,0.14704292664614563,0.13182241514629925,1,1,209,137,216,216
11,791,26.366666666666667,0.1256100555946087,0.12921405239426959,0.12741205399443914,1,1,209,137,216,216
11,792,26.4,0.12281216424086998,0.14704292664614563,0.1349275454435078,1,1,209,137,216,216
11,793,26.433333333333334,0.1255354411827634,0.1082610127004022,0.1168982269415828,1,1,209,137,216,216
11,794,26.466666666666665,0.15900215609320278,0.12212326401495759,0.1405627100540802,1,1,209,137,216,216
11,795,26.5,0.1256100555946087,0.14704292664614563,0.13632649112037715,1,1,209,137,216,216
11,796,26.533333333333335,0.17412102633509144,0.1536556416655495,0.1638883340003205,1,1,209,137,216,216
11,797,26.566666666666666,0.125,0.1327963606505294,0.1288981803252647,1,1,209,137,216,216
11,798,26.6,0.1424361590681405,0.10117022432109019,0.12180319169461534,1,1,209,137,216,216
11,799,26.633333333333333,0.1567864579680438,0.13190982915814145,0.1443481435630926,1,1,209,137,216,216
11,800,26.666666666666668,0.12281216424086998,0.12363081511892783,0.1232214896798989,1,1,209,137,216,216
11,801,26.7,0.13955532031686035,0.14199738918367813,0.14077635475026923,1,1,209,137,216,216
11,802,26.733333333333334,0.1373605580752471,0.14776353533821945,0.14256204670673328,1,1,209,137,216,216
11,803,26.766666666666666,0.1536167624132511,0.16770938150450918,0.16066307195888013,1,1,209,137,216,216
11,804,26.8,0.14668208243309208,0.162550376217339,0.15461622932521554,1,1,209,137,216,216
11,805,26.833333333333332,0.15370208422342937,0.132384939741955,0.1430435119826922,1,1,209,137,216,216
11,806,26.866666666666667,0.16439898835166655,0.15864870544286905,0.1615238468972678,1,1,209,137,216,216
11,807,26.9,0.17000338080503383,0.1480522947809513,0.15902783779299257,1,1,209,137,216,216
11,808,26.933333333333334,0.1806544222329423,0.1480522947809513,0.16435335850694682,1,1,209,137,216,216
11,809,26.966666666666665,0.15890770623166212,0.14684614757100128,0.1528769269013317,1,1,209,137,216,216
11,810,27.0,0.1862595851430378,0.17886844957214784,0.1825640173575928,1,1,209,137,216,216
11,811,27.033333333333335,0.15900215609320278,0.1637196498199476,0.16136090295657518,1,1,209,137,216,216
11,812,27.066666666666666,0.17572381472662008,0.15209825435830718,0.16391103454246364,1,1,209,137,216,216
11,813,27.1,0.1256100555946087,0.10493073307081119,0.11527039433270994,1,1,209,137,216,216
11,814,27.133333333333333,0.14496303735007154,0.13749306643348322,0.1412280518917774,1,1,209,137,216,216
11,815,27.166666666666668,0.14209159773670416,0.14839446692587674,0.14524303233129043,1,1,209,137,216,216
11,816,27.2,0.1536167624132511,0.162550376217339,0.15808356931529505,1,1,209,137,216,216
11,817,27.233333333333334,0.1373605580752471,0.12785207460707437,0.13260631634116074,1,1,209,137,216,216
11,818,27.266666666666666,0.13530993826416807,0.13686412852304902,0.13608703339360856,1,1,209,137,216,216
11,819,27.3,0.12135565039559326,0.12523922419146688,0.12329743729353007,1,1,209,137,216,216
11,820,27.333333333333332,0.13997034947308584,0.1082610127004022,0.12411568108674402,1,1,209,137,216,216
11,821,27.366666666666667,0.1206896551724138,0.13749306643348322,0.1290913608029485,1,1,209,137,216,216
11,822,27.4,0.12273921182190241,0.1082610127004022,0.11550011226115231,1,1,209,137,216,216
11,823,27.433333333333334,0.13768828709920247,0.13749306643348322,0.13759067676634285,1,1,209,137,216,216
11,824,27.466666666666665,0.1373605580752471,0.12785207460707437,0.13260631634116074,1,1,209,137,216,216
11,825,27.5,0.13761185473359727,0.1581138830763116,0.14786286890495443,1,1,209,137,216,216
11,826,27.533333333333335,0.13955532031686035,0.13749306643348322,0.1385241933751718,1,1,209,137,216,216
11,827,27.566666666666666,0.15838320187558586,0.14839446692587674,0.1533888344007313,1,1,209,137,216,216
11,828,27.6,0.14237829419593204,0.12442948336053095,0.1334038887782315,1,1,209,137,216,216
11,829,27.633333333333333,0.14317450380546287,0.11836655965478614,0.1307705317301245,1,1,209,137,216,216
11,830,27.666666666666668,0.1698729667512551,0.14346662071825508,0.1566697937347551,1,1,209,137,216,216
11,831,27.7,0.15890770623166212,0.1379882866265532,0.14844799642910766,1,1,209,137,216,216
11,832,27.733333333333334,0.1758587205651548,0.16770938150450918,0.171784051034832,1,1,209,137,216,216
11,833,27.766666666666666,0.17572381472662008,0.15734882801816702,0.16653632137239355,1,1,209,137,216,216
11,834,27.8,0.13530993826416807,0.12785207460707437,0.1315810064356212,1,1,209,137,216,216
11,835,27.833333333333332,0.14725376878465926,0.13749306643348322,0.14237341760907124,1,1,209,137,216,216
11,836,27.866666666666667,0.19955957617870362,0.16818990006965745,0.18387473812418054,1,1,209,137,216,216
11,837,27.9,0.17401759561922725,0.16238586435490981,0.16820172998706853,1,1,209,137,216,216
11,838,27.933333333333334,0.17572381472662008,0.16770938150450918,0.1717165981155646,1,1,209,137,216,216
11,839,27.966666666666665,0.13997034947308584,0.1480522947809513,0.14401132212701856,1,1,209,137,216,216
11,840,28.0,0.16439898835166655,0.18298679606659116,0.17369289220912887,1,1,209,137,216,216
11,841,28.033333333333335,0.142176052619671,0.15734882801816702,0.149762440318919,1,1,209,137,216,216
11,842,28.066666666666666,0.16959086447129879,0.1778026668787978,0.1736967656750483,1,1,209,137,216,216
11,843,28.1,0.19267482906011277,0.18798822691631142,0.1903315279882121,1,1,209,137,216,216
11,844,28.133333333333333,0.15890770623166212,0.1683134343083536,0.16361057027000786,1,1,209,137,216,216
11,845,28.166666666666668,0.17434938846912315,0.15864870544286905,0.1664990469559961,1,1,209,137,216,216
11,846,28.2,0.13761185473359727,0.15209825435830718,0.1448550545459522,1,1,209,137,216,216
11,847,28.233333333333334,0.1586253721752752,0.14346662071825508,0.15104599644676514,1,1,209,137,216,216
11,848,28.266666666666666,0.1586253721752752,0.14752095630434345,0.15307316423980932,1,1,209,137,216,216
11,849,28.3,0.15838320187558586,0.14346662071825508,0.15092491129692048,1,1,209,137,216,216
11,850,28.333333333333332,0.1486666231689287,0.13371432851009526,0.141190475839512,1,1,209,137,216,216
11,851,28.366666666666667,0.15890770623166212,0.12828453599364112,0.14359612111265163,1,1,209,137,216,216
11,852,28.4,0.17463940621358987,0.14839446692587674,0.16151693656973332,1,1,209,137,216,216
11,853,28.433333333333334,0.16822355740880818,0.1637196498199476,0.1659716036143779,1,1,209,137,216,216
11,854,28.466666666666665,0.15338866611711025,0.13190982915814145,0.14264924763762585,1,1,209,137,216,216
11,855,28.5,0.17401759561922725,0.15209825435830718,0.1630579249887672,1,1,209,137,216,216
11,856,28.533333333333335,0.1698729667512551,0.1479181203578564,0.15889554355455576,1,1,209,137,216,216
11,857,28.566666666666666,0.1698729667512551,0.15209825435830718,0.16098561055478114,1,1,209,137,216,216
11,858,28.6,0.1698729667512551,0.16313208345054545,0.16650252510090027,1,1,209,137,216,216
11,859,28.633333333333333,0.21910881140540836,0.17886844957214784,0.1989886304887781,1,1,209,137,216,216
11,860,28.666666666666668,0.16972106195087733,0.12785207460707437,0.14878656827897585,1,1,209,137,216,216
11,861,28.7,0.20230967585101683,0.17951269491796026,0.19091118538448854,1,1,209,137,216,216
11,862,28.733333333333334,0.16959086447129879,0.16310020508247036,0.16634553477688457,1,1,209,137,216,216
11,863,28.766666666666666,0.1806544222329423,0.14199738918367813,0.16132590570831024,1,1,209,137,216,216
11,864,28.8,0.1206179635582841,0.1362312430291368,0.12842460329371044,1,1,209,137,216,216
11,865,28.833333333333332,0.17572381472662008,0.14752095630434345,0.16162238551548175,1,1,209,137,216,216
11,866,28.866666666666667,0.14235154967772137,0.13190982915814145,0.1371306894179314,1,1,209,137,216,216
11,867,28.9,0.15890770623166212,0.15209825435830718,0.15550298029498466,1,1,209,137,216,216
11,868,28.933333333333334,0.1698729667512551,0.1526460792693573,0.16125952301030622,1,1,209,137,216,216
11,869,28.966666666666665,0.15156614260217205,0.1326906499359099,0.14212839626904097,1,1,209,137,216,216
11,870,29.0,0.12252113895197568,0.14254307940842742,0.13253210918020156,1,1,209,137,216,216
11,871,29.033333333333335,0.19916725638552563,0.19460481569375024,0.19688603603963795,1,1,209,137,216,216
11,872,29.066666666666666,0.2092533975500882,0.22622349607967454,0.21773844681488136,1,1,209,137,216,216
11,873,29.1,0.3003481729209074,0.2819777490041051,0.29116296096250627,1,1,209,137,216,216
11,874,29.133333333333333,0.32389407707135914,0.3139053651725791,0.3188997211219691,1,1,209,137,216,216
11,875,29.166666666666668,0.32477172870981963,0.3039839037687681,0.31437781623929384,1,1,209,137,216,216
11,876,29.2,0.3576907516443765,0.3444953322888727,0.3510930419666246,1,1,209,137,216,216
11,877,29.233333333333334,0.3262641669010909,0.32897116541439264,0.3276176661577418,1,1,209,137,216,216
11,878,29.266666666666666,0.32241248044020226,0.31344699853991254,0.31792973949005743,1,1,209,137,216,216
11,879,29.3,0.34459485514952287,0.31903938961245004,0.3318171223809865,1,1,209,137,216,216
11,880,29.333333333333332,0.3555315673308042,0.31903938961245004,0.33728547847162715,1,1,209,137,216,216
11,881,29.366666666666667,0.32389407707135914,0.32897116541439264,0.32643262124287586,1,1,209,137,216,216
11,882,29.4,0.34459485514952287,0.30329099715936075,0.3239429261544418,1,1,209,137,216,216
11,883,29.433333333333334,0.34459485514952287,0.31903938961245004,0.3318171223809865,1,1,209,137,216,216
11,884,29.466666666666665,0.31393058402699825,0.31903938961245004,0.31648498681972415,1,1,209,137,216,216
11,885,29.5,0.33145769284909077,0.3183533670834956,0.3249055299662932,1,1,209,137,216,216
11,886,29.533333333333335,0.3262641669010909,0.3039839037687681,0.3151240353349295,1,1,209,137,216,216
11,887,29.566666666666666,0.32916051072346575,0.3444953322888727,0.33682792150616925,1,1,209,137,216,216
11,888,29.6,0.3425020907534874,0.334094875456132,0.3382984831048097,1,1,209,137,216,216
11,889,29.633333333333333,0.3419774592727337,0.3039839037687681,0.3229806815207509,1,1,209,137,216,216
11,890,29.666666666666668,0.3410296416266342,0.34429068918559375,0.342660165406114,1,1,209,137,216,216
11,891,29.7,0.3576907516443765,0.3444953322888727,0.3510930419666246,1,1,209,137,216,216
11,892,29.733333333333334,0.3576907516443765,0.32897116541439264,0.34333095852938456,1,1,209,137,216,216
11,893,29.766666666666666,0.3539052505509787,0.3437879537074228,0.34884660212920077,1,1,209,137,216,216
11,894,29.8,0.34459485514952287,0.34429068918559375,0.3444427721675583,1,1,209,137,216,216
11,895,29.833333333333332,0.32774541832054616,0.31344699853991254,0.32059620843022935,1,1,209,137,216,216
11,896,29.866666666666667,0.34459485514952287,0.3182850879090765,0.3314399715292997,1,1,209,137,216,216
11,897,29.9,0.3576907516443765,0.334094875456132,0.34589281355025425,1,1,209,137,216,216
11,898,29.933333333333334,0.3555315673308042,0.3561167187389116,0.3558241430348579,1,1,209,137,216,216
11,899,29.966666666666665,0.3419774592727337,0.32268204688178725,0.3323297530772605,1,1,209,137,216,216
11,900,30.0,0.3555315673308042,0.3437879537074228,0.3496597605191135,1,1,209,137,216,216
11,901,30.033333333333335,0.3555315673308042,0.3286733129958251,0.34210244016331465,1,1,209,137,216,216
11,902,30.066666666666666,0.3555315673308042,0.343080575125973,0.34930607122838864,1,1,209,137,216,216
11,903,30.1,0.3555315673308042,0.343080575125973,0.34930607122838864,1,1,209,137,216,216
11,904,30.133333333333333,0.3398182749591614,0.32897116541439264,0.334394720186777,1,1,209,137,216,216
11,905,30.166666666666668,0.3539052505509787,0.37077488247923823,0.36234006651510847,1,1,209,137,216,216
11,906,30.2,0.3576907516443765,0.3546542354149235,0.35617249352965,1,1,209,137,216,216
11,907,30.233333333333334,0.3555315673308042,0.3286733129958251,0.34210244016331465,1,1,209,137,216,216
11,908,30.266666666666666,0.3555315673308042,0.3274860035293379,0.341508785430071,1,1,209,137,216,216
11,909,30.3,0.32477172870981963,0.32897116541439264,0.32687144706210614,1,1,209,137,216,216
11,910,30.333333333333332,0.3555315673308042,0.33953983239594376,0.34753569986337396,1,1,209,137,216,216
11,911,30.366666666666667,0.35337238301723184,0.3235169295618675,0.3384446562895497,1,1,209,137,216,216
11,912,30.4,0.33744818512942965,0.32897116541439264,0.33320967527191114,1,1,209,137,216,216
11,913,30.433333333333334,0.3215239872416274,0.32897116541439264,0.32524757632801005,1,1,209,137,216,216
11,914,30.466666666666665,0.33866360027526726,0.3444953322888727,0.34157946628207,1,1,209,137,216,216
11,915,30.5,0.3712910072023662,0.3444953322888727,0.35789316974561947,1,1,209,137,216,216
11,916,30.533333333333335,0.3539052505509787,0.329452233684428,0.3416787421177033,1,1,209,137,216,216
11,917,30.566666666666666,0.32477172870981963,0.3219113881630418,0.32334155843643075,1,1,209,137,216,216
11,918,30.6,0.3404131433822692,0.33340885292717753,0.33691099815472336,1,1,209,137,216,216
11,919,30.633333333333333,0.35337238301723184,0.3182850879090765,0.33582873546315417,1,1,209,137,216,216
11,920,30.666666666666668,0.31163340190137323,0.3182850879090765,0.31495924490522487,1,1,209,137,216,216
11,921,30.7,0.3149924585102341,0.33340885292717753,0.3242006557187058,1,1,209,137,216,216
11,922,30.733333333333334,0.33960736944300196,0.334094875456132,0.33685112244956694,1,1,209,137,216,216
11,923,30.766666666666666,0.3250606732608412,0.3182850879090765,0.32167288058495885,1,1,209,137,216,216
11,924,30.8,0.3419774592727337,0.343080575125973,0.34252901719935336,1,1,209,137,216,216
11,925,30.833333333333332,0.34459485514952287,0.32897116541439264,0.3367830102819578,1,1,209,137,216,216
11,926,30.866666666666667,0.3555315673308042,0.3183533670834956,0.33694246720714993,1,1,209,137,216,216
11,927,30.9,0.3539052505509787,0.3287438206737448,0.34132453561236176,1,1,209,137,216,216
11,928,30.933333333333334,0.3380538951126519,0.317599065380122,0.32782648024638694,1,1,209,137,216,216
11,929,30.966666666666665,0.32477172870981963,0.31903938961245004,0.32190555916113484,1,1,209,137,216,216
11,930,31.0,0.32389407707135914,0.3126875061347301,0.31829079160304463,1,1,209,137,216,216
11,931,31.033333333333335,0.35337238301723184,0.32897116541439264,0.34117177421581224,1,1,209,137,216,216
11,932,31.066666666666666,0.35464515366874727,0.32897116541439264,0.34180815954156996,1,1,209,137,216,216
11,933,31.1,0.35337238301723184,0.32897116541439264,0.34117177421581224,1,1,209,137,216,216
11,934,31.133333333333333,0.3398182749591614,0.32897116541439264,0.334394720186777,1,1,209,137,216,216
11,935,31.166666666666668,0.33744818512942965,0.31344699853991254,0.3254475918346711,1,1,209,137,216,216
11,936,31.2,0.33960736944300196,0.31903938961245004,0.329323379527726,1,1,209,137,216,216
11,937,31.233333333333334,0.35337238301723184,0.3444953322888727,0.3489338576530523,1,1,209,137,216,216
11,938,31.266666666666666,0.353384358484153,0.35410252697934597,0.3537434427317495,1,1,209,137,216,216
11,939,31.3,0.3555315673308042,0.3281933821107877,0.34186247472079595,1,1,209,137,216,216
11,940,31.333333333333332,0.3425020907534874,0.3182850879090765,0.33039358933128193,1,1,209,137,216,216
11,941,31.366666666666667,0.35412711200410474,0.3331803917930129,0.34365375189855885,1,1,209,137,216,216
11,942,31.4,0.3576907516443765,0.33340885292717753,0.34554980228577703,1,1,209,137,216,216
11,943,31.433333333333334,0.3419774592727337,0.32897116541439264,0.3354743123435632,1,1,209,137,216,216
11,944,31.466666666666665,0.33960736944300196,0.343080575125973,0.3413439722844875,1,1,209,137,216,216
11,945,31.5,0.3555315673308042,0.33340885292717753,0.3444702101289909,1,1,209,137,216,216
11,946,31.533333333333335,0.3555315673308042,0.3444953322888727,0.35001344980983845,1,1,209,137,216,216
11,947,31.566666666666666,0.3555315673308042,0.3274683928615301,0.34149998009616717,1,1,209,137,216,216
11,948,31.6,0.3419774592727337,0.3444953322888727,0.3432363957808032,1,1,209,137,216,216
11,949,31.633333333333333,0.3600408066582366,0.33386735774212534,0.346954082200181,1,1,209,137,216,216
11,950,31.666666666666668,0.3555315673308042,0.3600311737951423,0.35778137056297327,1,1,209,137,216,216
11,951,31.7,0.35337238301723184,0.32897116541439264,0.34117177421581224,1,1,209,137,216,216
11,952,31.733333333333334,0.3555315673308042,0.334094875456132,0.3448132213934681,1,1,209,137,216,216
11,953,31.766666666666666,0.3425020907534874,0.334094875456132,0.3382984831048097,1,1,209,137,216,216
11,954,31.8,0.3560545580547188,0.33386735774212534,0.34496095789842207,1,1,209,137,216,216
11,955,31.833333333333332,0.38545587775528084,0.3444953322888727,0.36497560502207677,1,1,209,137,216,216
11,956,31.866666666666667,0.3359045876089118,0.317599065380122,0.3267518264945169,1,1,209,137,216,216
11,957,31.9,0.3555315673308042,0.33340885292717753,0.3444702101289909,1,1,209,137,216,216
11,958,31.933333333333334,0.3539052505509787,0.3287438206737448,0.34132453561236176,1,1,209,137,216,216
11,959,31.966666666666665,0.37370194435097276,0.33386735774212534,0.35378465104654905,1,1,209,137,216,216
11,960,32.0,0.3380538951126519,0.3183533670834956,0.3282036310980737,1,1,209,137,216,216
11,961,32.03333333333333,0.32477172870981963,0.3327228303982231,0.3287472795540214,1,1,209,137,216,216
11,962,32.06666666666667,0.34459485514952287,0.3243029498438841,0.33444890249670345,1,1,209,137,216,216
11,963,32.1,0.32241248044020226,0.32897116541439264,0.3256918229272975,1,1,209,137,216,216
11,964,32.13333333333333,0.3539052505509787,0.3444953322888727,0.3492002914199257,1,1,209,137,216,216
11,965,32.166666666666664,0.3215239872416274,0.32897116541439264,0.32524757632801005,1,1,209,137,216,216
11,966,32.2,0.35337238301723184,0.3600311737951423,0.3567017784061871,1,1,209,137,216,216
11,967,32.233333333333334,0.32389407707135914,0.3281740574413698,0.32603406725636447,1,1,209,137,216,216
11,968,32.266666666666666,0.32477172870981963,0.3281740574413698,0.3264728930755947,1,1,209,137,216,216
11,969,32.3,0.3019103457976684,0.2824297178242984,0.2921700318109834,1,1,209,137,216,216
11,970,32.333333333333336,0.10618305526796167,0.1191307679422409,0.11265691160510127,1,1,209,137,216,216
11,971,32.36666666666667,0.07985957179750715,0.09299810944676452,0.08642884062213584,1,1,209,137,216,216
11,972,32.4,0.07985957179750715,0.07352146332307281,0.07669051756028998,1,1,209,137,216,216
11,973,32.43333333333333,0.0930196379978189,0.11180339760749193,0.10241151780265542,1,1,209,137,216,216
11,974,32.46666666666667,0.09027703466086552,0.10493073307081119,0.09760388386583835,1,1,209,137,216,216
11,975,32.5,0.10957579455175964,0.1153518010797142,0.11246379781573693,1,1,209,137,216,216
11,976,32.53333333333333,0.0963376122738109,0.1082610127004022,0.10229931248710655,1,1,209,137,216,216
11,977,32.56666666666667,0.0899724284807841,0.09007546903576431,0.09002394875827421,1,1,209,137,216,216
11,978,32.6,0.08333333333333333,0.07852166280848225,0.0809274980709078,1,1,209,137,216,216
11,979,32.63333333333333,0.10897928462882268,0.08101377438037256,0.09499652950459762,1,1,209,137,216,216
11,980,32.666666666666664,0.10535074271593943,0.11482414450314789,0.11008744360954366,1,1,209,137,216,216
11,981,32.7,0.10964092303966654,0.1153518010797142,0.11249636205969037,1,1,209,137,216,216
11,982,32.733333333333334,0.1255354411827634,0.1153518010797142,0.1204436211312388,1,1,209,137,216,216
11,983,32.766666666666666,0.0963376122738109,0.09299810944676452,0.09466786086028771,1,1,209,137,216,216
11,984,32.8,0.10557078493052516,0.11482414450314789,0.11019746471683653,1,1,209,137,216,216
11,985,32.833333333333336,0.14183914114967736,0.10117022432109019,0.12150468273538377,1,1,209,137,216,216
11,986,32.86666666666667,0.12711727172673834,0.11180768276249928,0.11946247724461881,1,1,209,137,216,216
11,987,32.9,0.10927150610340515,0.10070743887937157,0.10498947249138836,1,1,209,137,216,216
11,988,32.93333333333333,0.11286653328725028,0.10448459758275767,0.10867556543500398,1,1,209,137,216,216
11,989,32.96666666666667,0.12711727172673834,0.10448459758275767,0.115800934654748,1,1,209,137,216,216
11,990,33.0,0.10618305526796167,0.11854979465491321,0.11236642496143744,1,1,209,137,216,216
11,991,33.03333333333333,0.12781632913695792,0.10397505029131239,0.11589568971413516,1,1,209,137,216,216
11,992,33.06666666666667,0.12273921182190241,0.10070743887937157,0.11172332535063699,1,1,209,137,216,216
11,993,33.1,0.12273921182190241,0.12921405239426959,0.125976632108086,1,1,209,137,216,216
11,994,33.13333333333333,0.1134843204869245,0.1112624224731128,0.11237337148001865,1,1,209,137,216,216
11,995,33.166666666666664,0.1255354411827634,0.1153518010797142,0.1204436211312388,1,1,209,137,216,216
11,996,33.2,0.1300132415003639,0.1153518010797142,0.12268252129003904,1,1,209,137,216,216
11,997,33.233333333333334,0.14183914114967736,0.13749306643348322,0.1396661037915803,1,1,209,137,216,216
11,998,33.266666666666666,0.1468795577227464,0.11180768276249928,0.12934362024262286,1,1,209,137,216,216
11,999,33.3,0.12252113895197568,0.10070743887937157,0.11161428891567363,1,1,209,137,216,216
11,1000,33.333333333333336,0.13784910120946753,0.10117022432109019,0.11950966276527886,1,1,209,137,216,216
11,1001,33.36666666666667,0.1255354411827634,0.10117022432109019,0.1133528327519268,1,1,209,137,216,216
11,1002,33.4,0.12789781604494369,0.11180768276249928,0.11985274940372148,1,1,209,137,216,216
11,1003,33.43333333333333,0.1300132415003639,0.10397505029131239,0.11699414589583815,1,1,209,137,216,216
11,1004,33.46666666666667,0.10618305526796167,0.09848657986903846,0.10233481756850006,1,1,209,137,216,216
11,1005,33.5,0.1471599497134775,0.10448459758275767,0.1258222736481176,1,1,209,137,216,216
11,1006,33.53333333333333,0.1255354411827634,0.1082610127004022,0.1168982269415828,1,1,209,137,216,216
11,1007,33.56666666666667,0.14209159773670416,0.13190982915814145,0.13700071344742282,1,1,209,137,216,216
11,1008,33.6,0.13784910120946753,0.10776579169125973,0.12280744645036362,1,1,209,137,216,216
11,1009,33.63333333333333,0.13967516725787069,0.10448459758275767,0.12207988242031417,1,1,209,137,216,216
11,1010,33.666666666666664,0.10264761577787809,0.07121091312950265,0.08692926445369037,1,1,209,137,216,216
11,1011,33.7,0.1255354411827634,0.13749306643348322,0.13151425380812332,1,1,209,137,216,216
11,1012,33.733333333333334,0.11004067318780082,0.10448459758275767,0.10726263538527925,1,1,209,137,216,216
11,1013,33.766666666666666,0.14209159773670416,0.14199738918367813,0.14204449346019116,1,1,209,137,216,216
11,1014,33.8,0.15890770623166212,0.13556687466765904,0.14723729044966058,1,1,209,137,216,216
11,1015,33.833333333333336,0.1471599497134775,0.14199738918367813,0.14457866944857783,1,1,209,137,216,216
11,1016,33.86666666666667,0.1256100555946087,0.1082610127004022,0.11693553414750545,1,1,209,137,216,216
11,1017,33.9,0.1134843204869245,0.10448459758275767,0.10898445903484108,1,1,209,137,216,216
11,1018,33.93333333333333,0.13997034947308584,0.1082610127004022,0.12411568108674402,1,1,209,137,216,216
11,1019,33.96666666666667,0.1255354411827634,0.13749306643348322,0.13151425380812332,1,1,209,137,216,216
11,1020,34.0,0.1255354411827634,0.1327963606505294,0.12916590091664643,1,1,209,137,216,216
11,1021,34.03333333333333,0.15119175375370428,0.12035792030594723,0.13577483702982576,1,1,209,137,216,216
11,1022,34.06666666666667,0.13997034947308584,0.13344715164023016,0.136708750556658,1,1,209,137,216,216
11,1023,34.1,0.1468795577227464,0.12035792030594723,0.13361873901434682,1,1,209,137,216,216
11,1024,34.13333333333333,0.16457588225214836,0.15235379636565394,0.15846483930890115,1,1,209,137,216,216
11,1025,34.166666666666664,0.14235154967772137,0.14776353533821945,0.14505754250797043,1,1,209,137,216,216
11,1026,34.2,0.14725376878465926,0.12035792030594723,0.13380584454530325,1,1,209,137,216,216
11,1027,34.233333333333334,0.14209159773670416,0.1362312430291368,0.13916142038292048,1,1,209,137,216,216
11,1028,34.266666666666666,0.1468795577227464,0.1362312430291368,0.1415554003759416,1,1,209,137,216,216
11,1029,34.3,0.1471599497134775,0.1362312430291368,0.14169559637130716,1,1,209,137,216,216
11,1030,34.333333333333336,0.1253124002040095,0.12768100548568884,0.12649670284484915,1,1,209,137,216,216
11,1031,34.36666666666667,0.15288216101647653,0.15276525377204592,0.1528237073942612,1,1,209,137,216,216
11,1032,34.4,0.125,0.1112624224731128,0.1181312112365564,1,1,209,137,216,216
11,1033,34.43333333333333,0.13955532031686035,0.10397505029131239,0.12176518530408637,1,1,209,137,216,216
11,1034,34.46666666666667,0.1256100555946087,0.10070743887937157,0.11315874723699013,1,1,209,137,216,216
11,1035,34.5,0.14209159773670416,0.14704292664614563,0.1445672621914249,1,1,209,137,216,216
11,1036,34.53333333333333,0.13538509209950764,0.13749306643348322,0.13643907926649543,1,1,209,137,216,216
11,1037,34.56666666666667,0.13997034947308584,0.1332635626912581,0.13661695608217198,1,1,209,137,216,216
11,1038,34.6,0.1255354411827634,0.1362312430291368,0.1308833421059501,1,1,209,137,216,216
11,1039,34.63333333333333,0.14725376878465926,0.14084259939633714,0.1440481840904982,1,1,209,137,216,216
11,1040,34.666666666666664,0.142176052619671,0.13190982915814145,0.13704294088890623,1,1,209,137,216,216
11,1041,34.7,0.15890770623166212,0.132384939741955,0.14564632298680857,1,1,209,137,216,216
11,1042,34.733333333333334,0.16354721938638758,0.13190982915814145,0.14772852427226452,1,1,209,137,216,216
11,1043,34.766666666666666,0.1255354411827634,0.13749306643348322,0.13151425380812332,1,1,209,137,216,216
11,1044,34.8,0.15890770623166212,0.12363081511892783,0.14126926067529497,1,1,209,137,216,216
11,1045,34.833333333333336,0.14209159773670416,0.11654002673961582,0.12931581223816,1,1,209,137,216,216
11,1046,34.86666666666667,0.14209159773670416,0.14199738918367813,0.14204449346019116,1,1,209,137,216,216
11,1047,34.9,0.1472821571840436,0.1332635626912581,0.14027285993765087,1,1,209,137,216,216
11,1048,34.93333333333333,0.1471599497134775,0.13556687466765904,0.14136341219056828,1,1,209,137,216,216
11,1049,34.96666666666667,0.16206958025719784,0.13749306643348322,0.14978132334534053,1,1,209,137,216,216
11,1050,35.0,0.1806544222329423,0.15310419357968522,0.16687930790631378,1,1,209,137,216,216
11,1051,35.03333333333333,0.14235154967772137,0.12306528764512031,0.13270841866142086,1,1,209,137,216,216
11,1052,35.06666666666667,0.14235154967772137,0.13190982915814145,0.1371306894179314,1,1,209,137,216,216
11,1053,35.1,0.13997034947308584,0.1480522947809513,0.14401132212701856,1,1,209,137,216,216
11,1054,35.13333333333333,0.13154963368122646,0.11695977862994329,0.12425470615558487,1,1,209,137,216,216
11,1055,35.166666666666664,0.21874494482652834,0.18861846439922922,0.20368170461287877,1,1,209,137,216,216
11,1056,35.2,0.1641432454347156,0.14346662071825508,0.15380493307648535,1,1,209,137,216,216
11,1057,35.233333333333334,0.16959086447129879,0.142982978841693,0.15628692165649588,1,1,209,137,216,216
11,1058,35.266666666666666,0.2066738444833497,0.1637196498199476,0.18519674715164863,1,1,209,137,216,216
11,1059,35.3,0.1923325003754806,0.1683134343083536,0.1803229673419171,1,1,209,137,216,216
11,1060,35.333333333333336,0.14183914114967736,0.132384939741955,0.13711204044581618,1,1,209,137,216,216
11,1061,35.36666666666667,0.19267482906011277,0.16770938150450918,0.18019210528231097,1,1,209,137,216,216
11,1062,35.4,0.17541160320087304,0.1581138830763116,0.16676274313859232,1,1,209,137,216,216
11,1063,35.43333333333333,0.1536167624132511,0.16310020508247036,0.1583584837478607,1,1,209,137,216,216
11,1064,35.46666666666667,0.1698729667512551,0.14839446692587674,0.15913371683856592,1,1,209,137,216,216
11,1065,35.5,0.15812018025884264,0.162550376217339,0.16033527823809082,1,1,209,137,216,216
11,1066,35.53333333333333,0.1536167624132511,0.14889641323470923,0.15125658782398016,1,1,209,137,216,216
11,1067,35.56666666666667,0.14209863122960734,0.13749306643348322,0.13979584883154528,1,1,209,137,216,216
11,1068,35.6,0.20264620353482055,0.19236730073374506,0.19750675213428281,1,1,209,137,216,216
11,1069,35.63333333333333,0.15650789276995253,0.1536556416655495,0.15508176721775102,1,1,209,137,216,216
11,1070,35.666666666666664,0.14784264812882703,0.13190982915814145,0.13987623864348425,1,1,209,137,216,216
11,1071,35.7,0.14742917403903474,0.11654002673961582,0.13198460038932527,1,1,209,137,216,216
11,1072,35.733333333333334,0.14209159773670416,0.15310419357968522,0.1475978956581947,1,1,209,137,216,216
11,1073,35.766666666666666,0.11865252345753192,0.10292059899302342,0.11078656122527766,1,1,209,137,216,216
11,1074,35.8,0.17541160320087304,0.16313208345054545,0.16927184332570924,1,1,209,137,216,216
11,1075,35.833333333333336,0.20175249862593286,0.218142503540184,0.20994750108305843,1,1,209,137,216,216
11,1076,35.86666666666667,0.2991983657000697,0.2748072017533132,0.2870027837266914,1,1,209,137,216,216
11,1077,35.9,0.30798580579179347,0.28174538131227383,0.2948655935520337,1,1,209,137,216,216
11,1078,35.93333333333333,0.32477172870981963,0.31344699853991254,0.3191093636248661,1,1,209,137,216,216
11,1079,35.96666666666667,0.32241248044020226,0.31189143193270275,0.31715195618645253,1,1,209,137,216,216
11,1080,36.0,0.3404131433822692,0.3183533670834956,0.32938325523288237,1,1,209,137,216,216
11,1081,36.03333333333333,0.3380538951126519,0.31266921523630764,0.32536155517447973,1,1,209,137,216,216
11,1082,36.06666666666667,0.3576907516443765,0.3478465954163241,0.35276867353035035,1,1,209,137,216,216
11,1083,36.1,0.3404131433822692,0.3444953322888727,0.34245423783557094,1,1,209,137,216,216
11,1084,36.13333333333333,0.3555315673308042,0.3489548856734063,0.35224322650210527,1,1,209,137,216,216
11,1085,36.166666666666664,0.34311340902910126,0.34499910219627694,0.3440562556126891,1,1,209,137,216,216
11,1086,36.2,0.3697685266765543,0.3444953322888727,0.3571319294827135,1,1,209,137,216,216
11,1087,36.233333333333334,0.3410296416266342,0.31903938961245004,0.3300345156195421,1,1,209,137,216,216
11,1088,36.266666666666666,0.32005323217058496,0.31266921523630764,0.3163612237034463,1,1,209,137,216,216
11,1089,36.3,0.28838222880345393,0.29716057487850056,0.2927714018409773,1,1,209,137,216,216
11,1090,36.333333333333336,0.25968372852613475,0.29061171194834956,0.27514772023724215,1,1,209,137,216,216
11,1091,36.36666666666667,0.29076316209395175,0.2739030476108058,0.2823331048523788,1,1,209,137,216,216
11,1092,36.4,0.26087706489086004,0.2660786003434156,0.26347783261713786,1,1,209,137,216,216
11,1093,36.43333333333333,0.27256841214076893,0.2669423148858486,0.26975536351330875,1,1,209,137,216,216
11,1094,36.46666666666667,0.28970744468249604,0.27462675414408233,0.2821670994132892,1,1,209,137,216,216
11,1095,36.5,0.25968372852613475,0.26543388312779786,0.26255880582696633,1,1,209,137,216,216
11,1096,36.53333333333333,0.2991983657000697,0.2660786003434156,0.28263848302174266,1,1,209,137,216,216
11,1097,36.56666666666667,0.2764469110007707,0.27391803970112544,0.2751824753509481,1,1,209,137,216,216
11,1098,36.6,0.28970744468249604,0.30670728135650166,0.29820736301949885,1,1,209,137,216,216
11,1099,36.63333333333333,0.27382095807396656,0.28156600328186543,0.277693480677916,1,1,209,137,216,216
11,1100,36.666666666666664,0.27382095807396656,0.26636037281433644,0.2700906654441515,1,1,209,137,216,216
11,1101,36.7,0.28279143202531615,0.26543388312779786,0.274112657576557,1,1,209,137,216,216
11,1102,36.733333333333334,0.28279143202531615,0.2578640072602755,0.2703277196427958,1,1,209,137,216,216
11,1103,36.766666666666666,0.27382095807396656,0.2514549119473988,0.26263793501068267,1,1,209,137,216,216
11,1104,36.8,0.28279143202531615,0.27551821674569427,0.2791548243855052,1,1,209,137,216,216
11,1105,36.833333333333336,0.2991983657000697,0.26543388312779786,0.2823161244139338,1,1,209,137,216,216
11,1106,36.86666666666667,0.27382095807396656,0.25886349546695153,0.26634222677045905,1,1,209,137,216,216
11,1107,36.9,0.2817629047543603,0.2653269741428024,0.2735449394485813,1,1,209,137,216,216
11,1108,36.93333333333333,0.2500095791271827,0.25793447146543713,0.2539720252963099,1,1,209,137,216,216
11,1109,36.96666666666667,0.2704588757904049,0.2504840287467805,0.2604714522685927,1,1,209,137,216,216
22,0,0.0,0.26638449835056255,0.26711136968224297,0.26674793401640273,1,1,234,273,180,181
22,1,0.03333333333333333,0.26638449835056255,0.26711136968224297,0.26674793401640273,1,1,234,273,180,181
22,2,0.06666666666666667,0.26638449835056255,0.268146700927976,0.26726559963926927,1,1,234,273,180,181
22,3,0.1,0.25793447146543713,0.268146700927976,0.26304058619670656,1,1,234,273,180,181
22,4,0.13333333333333333,0.27382095807396656,0.3011776405244655,0.287499299299216,1,1,234,273,180,181
22,5,0.16666666666666666,0.27396667622246174,0.28466217072622074,0.2793144234743412,1,1,234,273,180,181
22,6,0.2,0.30771453402730486,0.3011776405244655,0.3044460872758852,1,1,234,273,180,181
22,7,0.23333333333333334,0.3031367530485061,0.28466217072622074,0.29389946188736343,1,1,234,273,180,181
22,8,0.26666666666666666,0.280217663425971,0.2328165336319462,0.2565170985289586,1,1,234,273,180,181
22,9,0.3,0.26810957595378837,0.26711136968224297,0.26761047281801564,1,1,234,273,180,181
22,10,0.3333333333333333,0.27709216982421636,0.27627923081359645,0.2766857003189064,1,1,234,273,180,181
22,11,0.36666666666666664,0.27709216982421636,0.26607603843650995,0.27158410413036316,1,1,234,273,180,181
22,12,0.4,0.2694234922044181,0.26711136968224297,0.2682674309433305,1,1,234,273,180,181
22,13,0.43333333333333335,0.2694234922044181,0.26755569035142834,0.2684895912779232,1,1,234,273,180,181
22,14,0.4666666666666667,0.2694234922044181,0.26711136968224297,0.2682674309433305,1,1,234,273,180,181
22,15,0.5,0.2816851987926743,0.26711136968224297,0.2743982842374586,1,1,234,273,180,181
22,16,0.5333333333333333,0.2694234922044181,0.26607603843650995,0.267749765320464,1,1,234,273,180,181
22,17,0.5666666666666667,0.2694234922044181,0.23438761328445099,0.25190555274443455,1,1,234,273,180,181
22,18,0.6,0.2694234922044181,0.26711136968224297,0.2682674309433305,1,1,234,273,180,181
22,19,0.6333333333333333,0.27540147437807777,0.2603011115079348,0.26785129294300625,1,1,234,273,180,181
22,20,0.6666666666666666,0.278543336585376,0.27735009694912893,0.27794671676725247,1,1,234,273,180,181
22,21,0.7,0.27540147437807777,0.26711136968224297,0.27125642203016037,1,1,234,273,180,181
22,22,0.7333333333333333,0.2540210284145948,0.233998373716993,0.2440097010657939,1,1,234,273,180,181
22,23,0.7666666666666667,0.24383643924760137,0.22703830402826114,0.23543737163793127,1,1,234,273,180,181
22,24,0.8,0.27540147437807777,0.28374112208452484,0.27957129823130134,1,1,234,273,180,181
22,25,0.8333333333333334,0.2336346599038029,0.25886349546695153,0.2462490776853772,1,1,234,273,180,181
22,26,0.8666666666666667,0.27540147437807777,0.259533258941427,0.26746736665975235,1,1,234,273,180,181
22,27,0.9,0.24612065945411893,0.268146700927976,0.25713368019104743,1,1,234,273,180,181
22,28,0.9333333333333333,0.26508540257225865,0.259533258941427,0.2623093307568428,1,1,234,273,180,181
22,29,0.9666666666666667,0.2694234922044181,0.259533258941427,0.26447837557292253,1,1,234,273,180,181
22,30,1.0,0.26810957595378837,0.26607603843650995,0.26709280719514916,1,1,234,273,180,181
22,31,1.0333333333333334,0.2694234922044181,0.26607603843650995,0.267749765320464,1,1,234,273,180,181
22,32,1.0666666666666667,0.2939660987266379,0.26607603843650995,0.28002106858157394,1,1,234,273,180,181
22,33,1.1,0.24542290789355656,0.26607603843650995,0.25574947316503327,1,1,234,273,180,181
22,34,1.1333333333333333,0.26087706489086004,0.26607603843650995,0.263476551663685,1,1,234,273,180,181
22,35,1.1666666666666667,0.27382095807396656,0.2575291105304334,0.26567503430219996,1,1,234,273,180,181
22,36,1.2,0.2324952775364886,0.25853118473593023,0.24551323113620943,1,1,234,273,180,181
22,37,1.2333333333333334,0.2336346599038029,0.26711136968224297,0.25037301479302293,1,1,234,273,180,181
22,38,1.2666666666666666,0.25675459547808394,0.259533258941427,0.25814392720975543,1,1,234,273,180,181
22,39,1.3,0.2324952775364886,0.25853118473593023,0.24551323113620943,1,1,234,273,180,181
22,40,1.3333333333333333,0.23593190803705877,0.2685927437966787,0.2522623259168687,1,1,234,273,180,181
22,41,1.3666666666666667,0.26638449835056255,0.22533797171412928,0.24586123503234592,1,1,234,273,180,181
22,42,1.4,0.13675477418737722,0.14508582357883235,0.14092029888310478,1,1,234,273,180,181
22,43,1.4333333333333333,0.19918748752591808,0.1874085142772239,0.193298000901571,1,1,234,273,180,181
22,44,1.4666666666666666,0.1691237975014753,0.16822355740880818,0.16867367745514172,1,1,234,273,180,181
22,45,1.5,0.15293928584442626,0.1536167624132511,0.15327802412883867,1,1,234,273,180,181
22,46,1.5333333333333334,0.22160924738319923,0.194781953341973,0.2081956003625861,1,1,234,273,180,181
22,47,1.5666666666666667,0.2119129529768179,0.21792500541386314,0.21491897919534053,1,1,234,273,180,181
22,48,1.6,0.2694234922044181,0.22648184858361273,0.24795267039401542,1,1,234,273,180,181
22,49,1.6333333333333333,0.26638449835056255,0.2435794921972616,0.2549819952739121,1,1,234,273,180,181
22,50,1.6666666666666667,0.2694234922044181,0.2575291105304334,0.2634763013674257,1,1,234,273,180,181
22,51,1.7,0.26638449835056255,0.24243561532777813,0.25441005683917034,1,1,234,273,180,181
22,52,1.7333333333333334,0.24430026385871764,0.2276257254530962,0.23596299465590692,1,1,234,273,180,181
22,53,1.7666666666666666,0.26087706489086004,0.24143354112228135,0.2511553030065707,1,1,234,273,180,181
22,54,1.8,0.2285173043125797,0.22533797171412928,0.22692763801335447,1,1,234,273,180,181
22,55,1.8333333333333333,0.24097163593194595,0.24243561532777813,0.24170362562986203,1,1,234,273,180,181
22,56,1.8666666666666667,0.2694234922044181,0.259533258941427,0.26447837557292253,1,1,234,273,180,181
22,57,1.9,0.2724624860582736,0.268146700927976,0.2703045934931248,1,1,234,273,180,181
22,58,1.9333333333333333,0.25181451343590333,0.22648184858361273,0.23914818100975804,1,1,234,273,180,181
22,59,1.9666666666666666,0.2694234922044181,0.25853118473593023,0.2639773384701741,1,1,234,273,180,181
22,60,2.0,0.2324952775364886,0.2506281261192749,0.24156170182788173,1,1,234,273,180,181
22,61,2.033333333333333,0.2285173043125797,0.25853118473593023,0.24352424452425497,1,1,234,273,180,181
22,62,2.066666666666667,0.24430026385871764,0.26711136968224297,0.2557058167704803,1,1,234,273,180,181
22,63,2.1,0.25181451343590333,0.22683471798399424,0.23932461570994878,1,1,234,273,180,181
22,64,2.1333333333333333,0.278543336585376,0.25893398851339944,0.2687386625493877,1,1,234,273,180,181
22,65,2.1666666666666665,0.2724624860582736,0.26607603843650995,0.2692692622473918,1,1,234,273,180,181
22,66,2.2,0.2814123234144197,0.25893398851339944,0.27017315596390956,1,1,234,273,180,181
22,67,2.2333333333333334,0.2724624860582736,0.26607603843650995,0.2692692622473918,1,1,234,273,180,181
22,68,2.2666666666666666,0.26638449835056255,0.25993762399776354,0.26316106117416305,1,1,234,273,180,181
22,69,2.3,0.26638449835056255,0.25853118473593023,0.26245784154324636,1,1,234,273,180,181
22,70,2.3333333333333335,0.23708813219245928,0.23438761328445099,0.23573787273845515,1,1,234,273,180,181
22,71,2.3666666666666667,0.25346305141583914,0.24986122209954187,0.2516621367576905,1,1,234,273,180,181
22,72,2.4,0.25346305141583914,0.2506281261192749,0.252045588767557,1,1,234,273,180,181
22,73,2.433333333333333,0.2694234922044181,0.26711136968224297,0.2682674309433305,1,1,234,273,180,181
22,74,2.466666666666667,0.27968792431986644,0.24986122209954187,0.26477457320970416,1,1,234,273,180,181
22,75,2.5,0.278543336585376,0.26711136968224297,0.27282735313380946,1,1,234,273,180,181
22,76,2.533333333333333,0.2724624860582736,0.24295536504830892,0.2577089255532913,1,1,234,273,180,181
22,77,2.566666666666667,0.2500095791271827,0.23320380729290577,0.24160669321004424,1,1,234,273,180,181
22,78,2.6,0.2324952775364886,0.22683471798399424,0.2296649977602414,1,1,234,273,180,181
22,79,2.6333333333333333,0.2694234922044181,0.25853118473593023,0.2639773384701741,1,1,234,273,180,181
22,80,2.6666666666666665,0.2638196583162829,0.2653432434867194,0.26458145090150115,1,1,234,273,180,181
22,81,2.7,0.2711337493353181,0.24257741799176483,0.25685558366354144,1,1,234,273,180,181
22,82,2.7333333333333334,0.2336346599038029,0.24257741799176483,0.23810603894778387,1,1,234,273,180,181
22,83,2.7666666666666666,0.2694234922044181,0.24257741799176483,0.25600045509809144,1,1,234,273,180,181
22,84,2.8,0.2711337493353181,0.2575291105304334,0.2643314299328757,1,1,234,273,180,181
22,85,2.8333333333333335,0.26638449835056255,0.2653432434867194,0.26586387091864094,1,1,234,273,180,181
22,86,2.8666666666666667,0.2638196583162829,0.26607603843650995,0.2649478483763964,1,1,234,273,180,181
22,87,2.9,0.2694234922044181,0.24257741799176483,0.25600045509809144,1,1,234,273,180,181
22,88,2.933333333333333,0.2638196583162829,0.2328165336319462,0.24831809597411456,1,1,234,273,180,181
22,89,2.966666666666667,0.2724624860582736,0.259533258941427,0.2659978724998503,1,1,234,273,180,181
22,90,3.0,0.2638196583162829,0.26607603843650995,0.2649478483763964,1,1,234,273,180,181
22,91,3.033333333333333,0.2694234922044181,0.25853118473593023,0.2639773384701741,1,1,234,273,180,181
22,92,3.066666666666667,0.24542290789355656,0.26607603843650995,0.25574947316503327,1,1,234,273,180,181
22,93,3.1,0.2500095791271827,0.259533258941427,0.25477141903430484,1,1,234,273,180,181
22,94,3.1333333333333333,0.278543336585376,0.23518021380203982,0.2568617751937079,1,1,234,273,180,181
22,95,3.1666666666666665,0.2336346599038029,0.268146700927976,0.25089068041588947,1,1,234,273,180,181
22,96,3.2,0.2544370996732605,0.2506281261192749,0.2525326128962677,1,1,234,273,180,181
22,97,3.2333333333333334,0.23708813219245928,0.2420297225800233,0.2395589273862413,1,1,234,273,180,181
22,98,3.2666666666666666,0.27968792431986644,0.2504816172799611,0.26508477079991377,1,1,234,273,180,181
22,99,3.3,0.23708813219245928,0.23438761328445099,0.23573787273845515,1,1,234,273,180,181
22,100,3.3333333333333335,0.2694234922044181,0.2510450280910871,0.2602342601477526,1,1,234,273,180,181
22,101,3.3666666666666667,0.278543336585376,0.23438761328445099,0.2564654749349135,1,1,234,273,180,181
22,102,3.4,0.2620426432187743,0.23438761328445099,0.24821512825161263,1,1,234,273,180,181
22,103,3.433333333333333,0.2694234922044181,0.23438761328445099,0.25190555274443455,1,1,234,273,180,181
22,104,3.466666666666667,0.2336346599038029,0.2596916439854394,0.24666315194462116,1,1,234,273,180,181
22,105,3.5,0.26638449835056255,0.23438761328445099,0.2503860558175068,1,1,234,273,180,181
22,106,3.533333333333333,0.26638449835056255,0.24246050633425598,0.25442250234240926,1,1,234,273,180,181
22,107,3.566666666666667,0.26638449835056255,0.23438761328445099,0.2503860558175068,1,1,234,273,180,181
22,108,3.6,0.26810957595378837,0.23438761328445099,0.2512485946191197,1,1,234,273,180,181
22,109,3.6333333333333333,0.2451134415390054,0.23438761328445099,0.2397505274117282,1,1,234,273,180,181
22,110,3.6666666666666665,0.27968792431986644,0.23320380729290577,0.2564458658063861,1,1,234,273,180,181
22,111,3.7,0.2694234922044181,0.233998373716993,0.25171093296070557,1,1,234,273,180,181
22,112,3.7333333333333334,0.2694234922044181,0.26711136968224297,0.2682674309433305,1,1,234,273,180,181
22,113,3.7666666666666666,0.23708813219245928,0.233998373716993,0.23554325295472614,1,1,234,273,180,181
22,114,3.8,0.2724624860582736,0.23518021380203982,0.2538213499301567,1,1,234,273,180,181
22,115,3.8333333333333335,0.23708813219245928,0.2328165336319462,0.23495233291220274,1,1,234,273,180,181
22,116,3.8666666666666667,0.2451134415390054,0.233998373716993,0.23955590762799922,1,1,234,273,180,181
22,117,3.9,0.2451134415390054,0.22648184858361273,0.23579764506130907,1,1,234,273,180,181
22,118,3.933333333333333,0.2451134415390054,0.22648184858361273,0.23579764506130907,1,1,234,273,180,181
22,119,3.966666666666667,0.2451134415390054,0.233998373716993,0.23955590762799922,1,1,234,273,180,181
22,120,4.0,0.2451134415390054,0.21792500541386314,0.23151922347643428,1,1,234,273,180,181
22,121,4.033333333333333,0.1738692161389878,0.19267482906011277,0.18327202259955028,1,1,234,273,180,181
22,122,4.066666666666666,0.17886844957214784,0.17732711770746176,0.1780977836398048,1,1,234,273,180,181
22,123,4.1,0.17951269491796026,0.17732711770746176,0.178419906312711,1,1,234,273,180,181
22,124,4.133333333333334,0.1533616562610183,0.14707036431466894,0.15021601028784362,1,1,234,273,180,181
22,125,4.166666666666667,0.1637196498199476,0.16129032258064516,0.16250498620029638,1,1,234,273,180,181
22,126,4.2,0.1624457876426737,0.15196735307080417,0.15720657035673893,1,1,234,273,180,181
22,127,4.233333333333333,0.15293928584442626,0.14991673325972513,0.1514280095520757,1,1,234,273,180,181
22,128,4.266666666666667,0.18543814806370407,0.17901644399089198,0.18222729602729804,1,1,234,273,180,181
22,129,4.3,0.1748949215959108,0.16657414806636126,0.17073453483113604,1,1,234,273,180,181
22,130,4.333333333333333,0.1691237975014753,0.16822355740880818,0.16867367745514172,1,1,234,273,180,181
22,131,4.366666666666666,0.15293928584442626,0.14707036431466894,0.1500048250795476,1,1,234,273,180,181
22,132,4.4,0.1691237975014753,0.20093335233919965,0.18502857492033747,1,1,234,273,180,181
22,133,4.433333333333334,0.16748166234033746,0.16657414806636126,0.16702790520334937,1,1,234,273,180,181
22,134,4.466666666666667,0.1691237975014753,0.1846101758005909,0.1768669866510331,1,1,234,273,180,181
22,135,4.5,0.1371324480507378,0.15196735307080417,0.144549900560771,1,1,234,273,180,181
22,136,4.533333333333333,0.16959086447129879,0.1628027294974068,0.1661967969843528,1,1,234,273,180,181
22,137,4.566666666666666,0.1781041004832622,0.18323156287299738,0.18066783167812978,1,1,234,273,180,181
22,138,4.6,0.1917659776189067,0.18323156287299738,0.18749877024595205,1,1,234,273,180,181
22,139,4.633333333333334,0.1691237975014753,0.16822355740880818,0.16867367745514172,1,1,234,273,180,181
22,140,4.666666666666667,0.15293928584442626,0.15205175876617433,0.15249552230530028,1,1,234,273,180,181
22,141,4.7,0.1691237975014753,0.15205175876617433,0.1605877781338248,1,1,234,273,180,181
22,142,4.733333333333333,0.1691237975014753,0.16822355740880818,0.16867367745514172,1,1,234,273,180,181
22,143,4.766666666666667,0.18543814806370407,0.18323156287299738,0.1843348554683507,1,1,234,273,180,181
22,144,4.8,0.15645996422358954,0.14508582357883235,0.15077289390121096,1,1,234,273,180,181
22,145,4.833333333333333,0.17370841556233152,0.16666666666666666,0.17018754111449907,1,1,234,273,180,181
22,146,4.866666666666666,0.18543814806370407,0.1848809722154443,0.1851595601395742,1,1,234,273,180,181
22,147,4.9,0.17951269491796026,0.1789233765617215,0.17921803573984088,1,1,234,273,180,181
22,148,4.933333333333334,0.18379601290256625,0.16822355740880818,0.17600978515568722,1,1,234,273,180,181
22,149,4.966666666666667,0.1859502701611578,0.1683169921239217,0.17713363114253977,1,1,234,273,180,181
22,150,5.0,0.1691237975014753,0.1847127119700114,0.17691825473574335,1,1,234,273,180,181
22,151,5.033333333333333,0.15815813505761772,0.14991673325972513,0.15403743415867144,1,1,234,273,180,181
22,152,5.066666666666666,0.15293928584442626,0.14508582357883235,0.1490125547116293,1,1,234,273,180,181
22,153,5.1,0.17370841556233152,0.14991673325972513,0.1618125744110283,1,1,234,273,180,181
22,154,5.133333333333334,0.1691237975014753,0.16822355740880818,0.16867367745514172,1,1,234,273,180,181
22,155,5.166666666666667,0.14607595467337364,0.14516129032258066,0.14561862249797713,1,1,234,273,180,181
22,156,5.2,0.1464626320752273,0.14714686332210417,0.14680474769866575,1,1,234,273,180,181
22,157,5.233333333333333,0.15293928584442626,0.15370208422342937,0.15332068503392782,1,1,234,273,180,181
22,158,5.266666666666667,0.16794419424705875,0.16120647064314705,0.16457533244510292,1,1,234,273,180,181
22,159,5.3,0.19018356670121656,0.17901644399089198,0.18460000534605425,1,1,234,273,180,181
22,160,5.333333333333333,0.1691237975014753,0.16288741173282748,0.1660056046171514,1,1,234,273,180,181
22,161,5.366666666666666,0.1621299871142236,0.16129032258064516,0.1617101548474344,1,1,234,273,180,181
22,162,5.4,0.15171498603677824,0.15370208422342937,0.1527085351301038,1,1,234,273,180,181
22,163,5.433333333333334,0.1727027182448831,0.1683169921239217,0.1705098551844024,1,1,234,273,180,181
22,164,5.466666666666667,0.1586253721752752,0.1536167624132511,0.15612106729426314,1,1,234,273,180,181
22,165,5.5,0.13508523363449637,0.15370208422342937,0.1443936589289629,1,1,234,273,180,181
22,166,5.533333333333333,0.13675477418737722,0.133259318453089,0.1350070463202331,1,1,234,273,180,181
22,167,5.566666666666666,0.1533616562610183,0.1536167624132511,0.1534892093371347,1,1,234,273,180,181
22,168,5.6,0.13675477418737722,0.133259318453089,0.1350070463202331,1,1,234,273,180,181
22,169,5.633333333333334,0.13471319796536846,0.14991673325972513,0.1423149656125468,1,1,234,273,180,181
22,170,5.666666666666667,0.18543814806370407,0.17732711770746176,0.18138263288558293,1,1,234,273,180,181
22,171,5.7,0.1621299871142236,0.16822355740880818,0.1651767722615159,1,1,234,273,180,181
22,172,5.733333333333333,0.17951269491796026,0.17866130627765833,0.1790870005978093,1,1,234,273,180,181
22,173,5.766666666666667,0.15293928584442626,0.15370208422342937,0.15332068503392782,1,1,234,273,180,181
22,174,5.8,0.15293928584442626,0.15,0.15146964292221313,1,1,234,273,180,181
22,175,5.833333333333333,0.15293928584442626,0.16666666666666666,0.15980297625554646,1,1,234,273,180,181
22,176,5.866666666666666,0.1533616562610183,0.13530993826416807,0.14433579726259319,1,1,234,273,180,181
22,177,5.9,0.15171498603677824,0.15156614260217205,0.15164056431947515,1,1,234,273,180,181
22,178,5.933333333333334,0.15171498603677824,0.14991673325972513,0.15081585964825167,1,1,234,273,180,181
22,179,5.966666666666667,0.1533616562610183,0.15370208422342937,0.15353187024222384,1,1,234,273,180,181
22,180,6.0,0.13675477418737722,0.15,0.1433773870936886,1,1,234,273,180,181
22,181,6.033333333333333,0.15293928584442626,0.15,0.15146964292221313,1,1,234,273,180,181
22,182,6.066666666666666,0.15293928584442626,0.16666666666666666,0.15980297625554646,1,1,234,273,180,181
22,183,6.1,0.15129715068328842,0.15,0.15064857534164422,1,1,234,273,180,181
22,184,6.133333333333334,0.15171498603677824,0.15,0.15085749301838913,1,1,234,273,180,181
22,185,6.166666666666667,0.15293928584442626,0.15,0.15146964292221313,1,1,234,273,180,181
22,186,6.2,0.15293928584442626,0.15,0.15146964292221313,1,1,234,273,180,181
22,187,6.233333333333333,0.1691237975014753,0.15,0.15956189875073765,1,1,234,273,180,181
22,188,6.266666666666667,0.18543814806370407,0.18498365879058837,0.18521090342714622,1,1,234,273,180,181
22,189,6.3,0.16748166234033746,0.16288741173282748,0.16518453703658248,1,1,234,273,180,181
22,190,6.333333333333333,0.16748166234033746,0.15370208422342937,0.1605918732818834,1,1,234,273,180,181
22,191,6.366666666666666,0.1637196498199476,0.16657414806636126,0.16514689894315443,1,1,234,273,180,181
22,192,6.4,0.19460481569375024,0.1774193548387097,0.18601208526622998,1,1,234,273,180,181
22,193,6.433333333333334,0.1859502701611578,0.17866130627765833,0.18230578821940807,1,1,234,273,180,181
22,194,6.466666666666667,0.1841064794063663,0.17866130627765833,0.1813838928420123,1,1,234,273,180,181
22,195,6.5,0.18379601290256625,0.2,0.19189800645128313,1,1,234,273,180,181
22,196,6.533333333333333,0.1691237975014753,0.16666666666666666,0.16789523208407098,1,1,234,273,180,181
22,197,6.566666666666666,0.1683134343083536,0.1774193548387097,0.17286639457353165,1,1,234,273,180,181
22,198,6.6,0.1637196498199476,0.1789233765617215,0.17132151319083455,1,1,234,273,180,181
22,199,6.633333333333334,0.1691237975014753,0.14516129032258066,0.15714254391202798,1,1,234,273,180,181
22,200,6.666666666666667,0.1691237975014753,0.17866130627765833,0.17389255188956682,1,1,234,273,180,181
22,201,6.7,0.15293928584442626,0.14991673325972513,0.1514280095520757,1,1,234,273,180,181
22,202,6.733333333333333,0.1533616562610183,0.14991673325972513,0.15163919476037171,1,1,234,273,180,181
22,203,6.766666666666667,0.15293928584442626,0.15370208422342937,0.15332068503392782,1,1,234,273,180,181
22,204,6.8,0.1727027182448831,0.14707036431466894,0.15988654127977603,1,1,234,273,180,181
22,205,6.833333333333333,0.15815813505761772,0.15,0.15407906752880884,1,1,234,273,180,181
22,206,6.866666666666666,0.18406561505825741,0.17732711770746176,0.18069636638285957,1,1,234,273,180,181
22,207,6.9,0.16794419424705875,0.16657414806636126,0.16725917115671002,1,1,234,273,180,181
22,208,6.933333333333334,0.17951269491796026,0.1789233765617215,0.17921803573984088,1,1,234,273,180,181
22,209,6.966666666666667,0.18543814806370407,0.1948832696483981,0.19016070885605107,1,1,234,273,180,181
22,210,7.0,0.17951269491796026,0.16288741173282748,0.17120005332539387,1,1,234,273,180,181
22,211,7.033333333333333,0.16748166234033746,0.1774193548387097,0.17245050858952357,1,1,234,273,180,181
22,212,7.066666666666666,0.1379882866265532,0.13101783106403966,0.13450305884529645,1,1,234,273,180,181
22,213,7.1,0.14843535388775075,0.13538509209950764,0.1419102229936292,1,1,234,273,180,181
22,214,7.133333333333334,0.16847634970217107,0.1628027294974068,0.16563953959978894,1,1,234,273,180,181
22,215,7.166666666666667,0.19460481569375024,0.19447894597303153,0.19454188083339088,1,1,234,273,180,181
22,216,7.2,0.2213019275346591,0.21090260040628772,0.2161022639704734,1,1,234,273,180,181
22,217,7.233333333333333,0.2213019275346591,0.1998889776796335,0.2105954526071463,1,1,234,273,180,181
22,218,7.266666666666667,0.2336346599038029,0.21654639248626964,0.22509052619503628,1,1,234,273,180,181
22,219,7.3,0.21730739998918566,0.22648184858361273,0.2218946242863992,1,1,234,273,180,181
22,220,7.333333333333333,0.20175249862593286,0.1998889776796335,0.20082073815278317,1,1,234,273,180,181
22,221,7.366666666666666,0.23708813219245928,0.22648184858361273,0.23178499038803602,1,1,234,273,180,181
22,222,7.4,0.2057623769792387,0.19955702882738247,0.2026597029033106,1,1,234,273,180,181
22,223,7.433333333333334,0.2077832127619068,0.21654639248626964,0.2121648026240882,1,1,234,273,180,181
22,224,7.466666666666667,0.22076087227784208,0.21654639248626964,0.21865363238205587,1,1,234,273,180,181
22,225,7.5,0.2213019275346591,0.20093335233919965,0.2111176399369294,1,1,234,273,180,181
22,226,7.533333333333333,0.2213019275346591,0.21756310474148152,0.2194325161380703,1,1,234,273,180,181
22,227,7.566666666666666,0.22215238189348982,0.20093335233919965,0.21154286711634473,1,1,234,273,180,181
22,228,7.6,0.21730739998918566,0.21618678122966434,0.21674709060942499,1,1,234,273,180,181
22,229,7.633333333333334,0.23039427223840592,0.21756310474148152,0.22397868848994373,1,1,234,273,180,181
22,230,7.666666666666667,0.23799925229745036,0.233998373716993,0.2359988130072217,1,1,234,273,180,181
22,231,7.7,0.23708813219245928,0.21736862131471113,0.2272283767535852,1,1,234,273,180,181
22,232,7.733333333333333,0.2287928821051345,0.23518021380203982,0.23198654795358714,1,1,234,273,180,181
22,233,7.766666666666667,0.2213019275346591,0.21736862131471113,0.21933527442468512,1,1,234,273,180,181
22,234,7.8,0.25346305141583914,0.233998373716993,0.24373071256641607,1,1,234,273,180,181
22,235,7.833333333333333,0.2202226890595567,0.21736862131471113,0.2187956551871339,1,1,234,273,180,181
22,236,7.866666666666666,0.2213019275346591,0.20093335233919965,0.2111176399369294,1,1,234,273,180,181
22,237,7.9,0.2287928821051345,0.233998373716993,0.23139562791106374,1,1,234,273,180,181
22,238,7.933333333333334,0.23453250845443513,0.233998373716993,0.23426544108571407,1,1,234,273,180,181
22,239,7.966666666666667,0.21117202202211705,0.233998373716993,0.22258519786955502,1,1,234,273,180,181
22,240,8.0,0.2451134415390054,0.233998373716993,0.23955590762799922,1,1,234,273,180,181
22,241,8.033333333333333,0.23799925229745036,0.233998373716993,0.2359988130072217,1,1,234,273,180,181
22,242,8.066666666666666,0.23708813219245928,0.233998373716993,0.23554325295472614,1,1,234,273,180,181
22,243,8.1,0.23039427223840592,0.21736862131471113,0.22388144677655852,1,1,234,273,180,181
22,244,8.133333333333333,0.22703830402826114,0.2328165336319462,0.22992741883010367,1,1,234,273,180,181
22,245,8.166666666666666,0.2049746676200419,0.20093335233919965,0.20295400997962076,1,1,234,273,180,181
22,246,8.2,0.2336346599038029,0.21736862131471113,0.225501640609257,1,1,234,273,180,181
22,247,8.233333333333333,0.2530485729810382,0.21736862131471113,0.23520859714787468,1,1,234,273,180,181
22,248,8.266666666666667,0.218142503540184,0.20093335233919965,0.20953792793969184,1,1,234,273,180,181
22,249,8.3,0.2425356175997225,0.20093335233919965,0.22173448496946108,1,1,234,273,180,181
22,250,8.333333333333334,0.22215238189348982,0.20093335233919965,0.21154286711634473,1,1,234,273,180,181
22,251,8.366666666666667,0.25346305141583914,0.2250303583216971,0.23924670486876812,1,1,234,273,180,181
22,252,8.4,0.24154307101854003,0.233998373716993,0.23777072236776653,1,1,234,273,180,181
22,253,8.433333333333334,0.23708813219245928,0.2420297225800233,0.2395589273862413,1,1,234,273,180,181
22,254,8.466666666666667,0.23708813219245928,0.233998373716993,0.23554325295472614,1,1,234,273,180,181
22,255,8.5,0.2336346599038029,0.24257741799176483,0.23810603894778387,1,1,234,273,180,181
22,256,8.533333333333333,0.23708813219245928,0.20093335233919965,0.21901074226582945,1,1,234,273,180,181
22,257,8.566666666666666,0.24154307101854003,0.20093335233919965,0.22123821167886984,1,1,234,273,180,181
22,258,8.6,0.23708813219245928,0.233998373716993,0.23554325295472614,1,1,234,273,180,181
22,259,8.633333333333333,0.18543814806370407,0.14966777162053685,0.16755295984212046,1,1,234,273,180,181
22,260,8.666666666666666,0.1691237975014753,0.16254946975811824,0.16583663362979678,1,1,234,273,180,181
22,261,8.7,0.1748949215959108,0.1848809722154443,0.17988794690567755,1,1,234,273,180,181
22,262,8.733333333333333,0.2077832127619068,0.16657414806636126,0.18717868041413405,1,1,234,273,180,181
22,263,8.766666666666667,0.22466314189022343,0.1848809722154443,0.20477205705283386,1,1,234,273,180,181
22,264,8.8,0.23708813219245928,0.20093335233919965,0.21901074226582945,1,1,234,273,180,181
22,265,8.833333333333334,0.20098014007456846,0.2328165336319462,0.21689833685325732,1,1,234,273,180,181
22,266,8.866666666666667,0.21730739998918566,0.233998373716993,0.22565288685308932,1,1,234,273,180,181
22,267,8.9,0.2451134415390054,0.2420297225800233,0.24357158205951435,1,1,234,273,180,181
22,268,8.933333333333334,0.25097035583024524,0.233998373716993,0.24248436477361912,1,1,234,273,180,181
22,269,8.966666666666667,0.23708813219245928,0.2328165336319462,0.23495233291220274,1,1,234,273,180,181
22,270,9.0,0.23708813219245928,0.233998373716993,0.23554325295472614,1,1,234,273,180,181
22,271,9.033333333333333,0.2626891573191859,0.233998373716993,0.24834376551808945,1,1,234,273,180,181
22,272,9.066666666666666,0.23039427223840592,0.2575291105304334,0.24396169138441967,1,1,234,273,180,181
22,273,9.1,0.22703830402826114,0.2328165336319462,0.22992741883010367,1,1,234,273,180,181
22,274,9.133333333333333,0.2530485729810382,0.24944628603422808,0.2512474295076331,1,1,234,273,180,181
22,275,9.166666666666666,0.24542290789355656,0.2575291105304334,0.251476009211995,1,1,234,273,180,181
22,276,9.2,0.25346305141583914,0.22648184858361273,0.23997244999972595,1,1,234,273,180,181
22,277,9.233333333333333,0.23708813219245928,0.22648184858361273,0.23178499038803602,1,1,234,273,180,181
22,278,9.266666666666667,0.26638449835056255,0.26637572334638737,0.26638011084847496,1,1,234,273,180,181
22,279,9.3,0.2638196583162829,0.25853118473593023,0.26117542152610657,1,1,234,273,180,181
22,280,9.333333333333334,0.2694234922044181,0.25853118473593023,0.2639773384701741,1,1,234,273,180,181
22,281,9.366666666666667,0.25346305141583914,0.24257741799176483,0.24802023470380197,1,1,234,273,180,181
22,282,9.4,0.2694234922044181,0.27627923081359645,0.27285136150900724,1,1,234,273,180,181
22,283,9.433333333333334,0.25097035583024524,0.26711136968224297,0.2590408627562441,1,1,234,273,180,181
22,284,9.466666666666667,0.2694234922044181,0.26637572334638737,0.2678996077754027,1,1,234,273,180,181
22,285,9.5,0.2858304258791717,0.268146700927976,0.2769885634035738,1,1,234,273,180,181
22,286,9.533333333333333,0.27540147437807777,0.26711136968224297,0.27125642203016037,1,1,234,273,180,181
22,287,9.566666666666666,0.2694234922044181,0.26755569035142834,0.2684895912779232,1,1,234,273,180,181
22,288,9.6,0.26638449835056255,0.26711136968224297,0.26674793401640273,1,1,234,273,180,181
22,289,9.633333333333333,0.2694234922044181,0.2506281261192749,0.2600258091618465,1,1,234,273,180,181
22,290,9.666666666666666,0.2694234922044181,0.2578640072602755,0.2636437497323468,1,1,234,273,180,181
22,291,9.7,0.26638449835056255,0.25853118473593023,0.26245784154324636,1,1,234,273,180,181
22,292,9.733333333333333,0.28279143202531615,0.25853118473593023,0.2706613083806232,1,1,234,273,180,181
22,293,9.766666666666667,0.26638449835056255,0.26711136968224297,0.26674793401640273,1,1,234,273,180,181
22,294,9.8,0.2694234922044181,0.268146700927976,0.26878509656619703,1,1,234,273,180,181
22,295,9.833333333333334,0.2858304258791717,0.26711136968224297,0.2764708977807073,1,1,234,273,180,181
22,296,9.866666666666667,0.2724624860582736,0.25853118473593023,0.2654968353971019,1,1,234,273,180,181
22,297,9.9,0.26810957595378837,0.2836268394804877,0.27586820771713805,1,1,234,273,180,181
22,298,9.933333333333334,0.2626128615741855,0.26711136968224297,0.26486211562821427,1,1,234,273,180,181
22,299,9.966666666666667,0.2694234922044181,0.268146700927976,0.26878509656619703,1,1,234,273,180,181
22,300,10.0,0.2991983657000697,0.2838781880634814,0.2915382768817756,1,1,234,273,180,181
22,301,10.033333333333333,0.2991983657000697,0.2838781880634814,0.2915382768817756,1,1,234,273,180,181
22,302,10.066666666666666,0.2991983657000697,0.29061171194834956,0.2949050388242096,1,1,234,273,180,181
22,303,10.1,0.3019103457976684,0.3011776405244655,0.30154399316106695,1,1,234,273,180,181
22,304,10.133333333333333,0.3031367530485061,0.2907509080396748,0.29694383054409046,1,1,234,273,180,181
22,305,10.166666666666666,0.3004379986525434,0.29061171194834956,0.2955248553004465,1,1,234,273,180,181
22,306,10.2,0.3031367530485061,0.3002565918827696,0.30169667246563786,1,1,234,273,180,181
22,307,10.233333333333333,0.3046223258952671,0.2897202493467376,0.29717128762100237,1,1,234,273,180,181
22,308,10.266666666666667,0.2949593505361043,0.2897202493467376,0.29233979994142095,1,1,234,273,180,181
22,309,10.3,0.2793895044261936,0.3011776405244655,0.29028357247532954,1,1,234,273,180,181
22,310,10.333333333333334,0.2694234922044181,0.26607603843650995,0.267749765320464,1,1,234,273,180,181
22,311,10.366666666666667,0.1894480264170099,0.1998889776796335,0.1946685020483217,1,1,234,273,180,181
22,312,10.4,0.16748166234033746,0.1848809722154443,0.17618131727789088,1,1,234,273,180,181
22,313,10.433333333333334,0.16959086447129879,0.17901644399089198,0.1743036542310954,1,1,234,273,180,181
22,314,10.466666666666667,0.20175249862593286,0.2,0.20087624931296644,1,1,234,273,180,181
22,315,10.5,0.1886484379206399,0.18636303742726643,0.18750573767395318,1,1,234,273,180,181
22,316,10.533333333333333,0.17951269491796026,0.17901644399089198,0.17926456945442612,1,1,234,273,180,181
22,317,10.566666666666666,0.18543814806370407,0.17901644399089198,0.18222729602729804,1,1,234,273,180,181
22,318,10.6,0.15171498603677824,0.15205175876617433,0.15188337240147629,1,1,234,273,180,181
22,319,10.633333333333333,0.1859502701611578,0.1789233765617215,0.18243682336143965,1,1,234,273,180,181
22,320,10.666666666666666,0.17200522792379,0.1683169921239217,0.17016111002385587,1,1,234,273,180,181
22,321,10.7,0.18406561505825741,0.19344776477177647,0.18875668991501693,1,1,234,273,180,181
22,322,10.733333333333333,0.16794419424705875,0.1789233765617215,0.17343378540439014,1,1,234,273,180,181
22,323,10.766666666666667,0.16794419424705875,0.17901644399089198,0.17348031911897538,1,1,234,273,180,181
22,324,10.8,0.16313208345054545,0.1789233765617215,0.17102773000613347,1,1,234,273,180,181
22,325,10.833333333333334,0.15405319844059434,0.1628027294974068,0.15842796396900055,1,1,234,273,180,181
22,326,10.866666666666667,0.15171498603677824,0.16657414806636126,0.15914456705156976,1,1,234,273,180,181
22,327,10.9,0.16959086447129879,0.1789233765617215,0.17425712051651016,1,1,234,273,180,181
22,328,10.933333333333334,0.1508977096224175,0.14675837947476295,0.14882804454859022,1,1,234,273,180,181
22,329,10.966666666666667,0.17818401955507357,0.17308367459208315,0.17563384707357838,1,1,234,273,180,181
22,330,11.0,0.18379601290256625,0.1789233765617215,0.18135969473214386,1,1,234,273,180,181
22,331,11.033333333333333,0.1326716217433597,0.13333333333333333,0.13300247753834651,1,1,234,273,180,181
22,332,11.066666666666666,0.14183914114967736,0.14991673325972513,0.14587793720470124,1,1,234,273,180,181
22,333,11.1,0.16748166234033746,0.17866130627765833,0.17307148430899788,1,1,234,273,180,181
22,334,11.133333333333333,0.15129715068328842,0.14714686332210417,0.14922200700269628,1,1,234,273,180,181
22,335,11.166666666666666,0.1748949215959108,0.16288741173282748,0.16889116666436915,1,1,234,273,180,181
22,336,11.2,0.17997715224147676,0.19344776477177647,0.1867124585066266,1,1,234,273,180,181
22,337,11.233333333333333,0.19530574001597295,0.1874085142772239,0.19135712714659842,1,1,234,273,180,181
22,338,11.266666666666667,0.1621299871142236,0.1628027294974068,0.16246635830581518,1,1,234,273,180,181
22,339,11.3,0.18379601290256625,0.14714686332210417,0.16547143811233522,1,1,234,273,180,181
22,340,11.333333333333334,0.18543814806370407,0.15,0.16771907403185204,1,1,234,273,180,181
22,341,11.366666666666667,0.17951269491796026,0.19344776477177647,0.18648022984486837,1,1,234,273,180,181
22,342,11.4,0.17951269491796026,0.18870105078185181,0.18410687284990604,1,1,234,273,180,181
22,343,11.433333333333334,0.17951269491796026,0.17732711770746176,0.178419906312711,1,1,234,273,180,181
22,344,11.466666666666667,0.16794419424705875,0.16666666666666666,0.1673054304568627,1,1,234,273,180,181
22,345,11.5,0.1637196498199476,0.16129032258064516,0.16250498620029638,1,1,234,273,180,181
22,346,11.533333333333333,0.1637196498199476,0.1774193548387097,0.17056950232932866,1,1,234,273,180,181
22,347,11.566666666666666,0.19581105904823795,0.1774193548387097,0.18661520694347383,1,1,234,273,180,181
22,348,11.6,0.1533616562610183,0.1683169921239217,0.16083932419247,1,1,234,273,180,181
22,349,11.633333333333333,0.18242347989711957,0.18333333333333332,0.18287840661522645,1,1,234,273,180,181
22,350,11.666666666666666,0.1533616562610183,0.15,0.15168082813050915,1,1,234,273,180,181
22,351,11.7,0.14966777162053685,0.15,0.1498338858102684,1,1,234,273,180,181
22,352,11.733333333333333,0.15171498603677824,0.15,0.15085749301838913,1,1,234,273,180,181
22,353,11.766666666666667,0.14966777162053685,0.14991673325972513,0.149792252440131,1,1,234,273,180,181
22,354,11.8,0.1533616562610183,0.13333333333333333,0.14334749479717582,1,1,234,273,180,181
22,355,11.833333333333334,0.16794419424705875,0.16666666666666666,0.1673054304568627,1,1,234,273,180,181
22,356,11.866666666666667,0.16629752402281872,0.16666666666666666,0.16648209534474268,1,1,234,273,180,181
22,357,11.9,0.1371324480507378,0.13538509209950764,0.13625877007512271,1,1,234,273,180,181
22,358,11.933333333333334,0.16629752402281872,0.1683169921239217,0.1673072580733702,1,1,234,273,180,181
22,359,11.966666666666667,0.1508977096224175,0.14991673325972513,0.15040722144107133,1,1,234,273,180,181
22,360,12.0,0.13074600880300133,0.14508582357883235,0.13791591619091684,1,1,234,273,180,181
22,361,12.033333333333333,0.1533616562610183,0.15196735307080417,0.15266450466591125,1,1,234,273,180,181
22,362,12.066666666666666,0.1508977096224175,0.15196735307080417,0.15143253134661083,1,1,234,273,180,181
22,363,12.1,0.1533616562610183,0.15165032545725504,0.1525059908591367,1,1,234,273,180,181
22,364,12.133333333333333,0.15293928584442626,0.1683169921239217,0.160628138984174,1,1,234,273,180,181
22,365,12.166666666666666,0.16794419424705875,0.16288741173282748,0.16541580298994313,1,1,234,273,180,181
22,366,12.2,0.15171498603677824,0.14714686332210417,0.1494309246794412,1,1,234,273,180,181
22,367,12.233333333333333,0.16054032440849964,0.14516129032258066,0.15285080736554013,1,1,234,273,180,181
22,368,12.266666666666667,0.1533616562610183,0.15,0.15168082813050915,1,1,234,273,180,181
22,369,12.3,0.16847634970217107,0.1789233765617215,0.1736998631319463,1,1,234,273,180,181
22,370,12.333333333333334,0.1468415782111534,0.1628027294974068,0.1548221538542801,1,1,234,273,180,181
22,371,12.366666666666667,0.16748166234033746,0.14516129032258066,0.15632147633145904,1,1,234,273,180,181
22,372,12.4,0.1637196498199476,0.1628027294974068,0.1632611896586772,1,1,234,273,180,181
22,373,12.433333333333334,0.1621299871142236,0.140625,0.1513774935571118,1,1,234,273,180,181
22,374,12.466666666666667,0.1637196498199476,0.14668208243309208,0.15520086612651984,1,1,234,273,180,181
22,375,12.5,0.14966777162053685,0.14991673325972513,0.149792252440131,1,1,234,273,180,181
22,376,12.533333333333333,0.1468415782111534,0.14516129032258066,0.14600143426686701,1,1,234,273,180,181
22,377,12.566666666666666,0.17997715224147676,0.17179113808745525,0.175884145164466,1,1,234,273,180,181
22,378,12.6,0.1637196498199476,0.15617376189768659,0.1599467058588171,1,1,234,273,180,181
22,379,12.633333333333333,0.1637196498199476,0.18323156287299738,0.1734756063464725,1,1,234,273,180,181
22,380,12.666666666666666,0.1621299871142236,0.17732711770746176,0.16972855241084267,1,1,234,273,180,181
22,381,12.7,0.16629752402281872,0.16822355740880818,0.16726054071581345,1,1,234,273,180,181
22,382,12.733333333333333,0.16254946975811824,0.15617376189768659,0.15936161582790243,1,1,234,273,180,181
22,383,12.766666666666667,0.1683134343083536,0.14707036431466894,0.15769189931151129,1,1,234,273,180,181
22,384,12.8,0.16794419424705875,0.14991673325972513,0.15893046375339193,1,1,234,273,180,181
22,385,12.833333333333334,0.1637196498199476,0.14508582357883235,0.15440273669938998,1,1,234,273,180,181
22,386,12.866666666666667,0.17997715224147676,0.16120647064314705,0.1705918114423119,1,1,234,273,180,181
22,387,12.9,0.1621299871142236,0.1628027294974068,0.16246635830581518,1,1,234,273,180,181
22,388,12.933333333333334,0.1779230322122363,0.17308367459208315,0.17550335340215972,1,1,234,273,180,181
22,389,12.966666666666667,0.17951269491796026,0.16120647064314705,0.17035958278055366,1,1,234,273,180,181
22,390,13.0,0.17951269491796026,0.1746300998021734,0.17707139736006683,1,1,234,273,180,181
22,391,13.033333333333333,0.19530574001597295,0.19344776477177647,0.1943767523938747,1,1,234,273,180,181
22,392,13.066666666666666,0.1621299871142236,0.16120647064314705,0.16166822887868532,1,1,234,273,180,181
22,393,13.1,0.17951269491796026,0.1628027294974068,0.17115771220768353,1,1,234,273,180,181
22,394,13.133333333333333,0.18379601290256625,0.1628027294974068,0.1732993711999865,1,1,234,273,180,181
22,395,13.166666666666666,0.16959086447129879,0.1628027294974068,0.1661967969843528,1,1,234,273,180,181
22,396,13.2,0.17997715224147676,0.16288741173282748,0.1714322819871521,1,1,234,273,180,181
22,397,13.233333333333333,0.1637196498199476,0.16120647064314705,0.16246306023154733,1,1,234,273,180,181
22,398,13.266666666666667,0.1609556940815209,0.16657414806636126,0.16376492107394108,1,1,234,273,180,181
22,399,13.3,0.1641432454347156,0.18323156287299738,0.17368740415385647,1,1,234,273,180,181
22,400,13.333333333333334,0.16959086447129879,0.15,0.1597954322356494,1,1,234,273,180,181
22,401,13.366666666666667,0.13303801921825498,0.14508582357883235,0.13906192139854368,1,1,234,273,180,181
22,402,13.4,0.1621299871142236,0.17732711770746176,0.16972855241084267,1,1,234,273,180,181
22,403,13.433333333333334,0.1691237975014753,0.1628027294974068,0.16596326349944104,1,1,234,273,180,181
22,404,13.466666666666667,0.13508523363449637,0.14991673325972513,0.14250098344711076,1,1,234,273,180,181
22,405,13.5,0.1533616562610183,0.15,0.15168082813050915,1,1,234,273,180,181
22,406,13.533333333333333,0.17951269491796026,0.19344776477177647,0.18648022984486837,1,1,234,273,180,181
22,407,13.566666666666666,0.17951269491796026,0.194781953341973,0.18714732412996665,1,1,234,273,180,181
22,408,13.6,0.16748166234033746,0.1609556940815209,0.16421867821092917,1,1,234,273,180,181
22,409,13.633333333333333,0.18543814806370407,0.17866130627765833,0.18204972717068119,1,1,234,273,180,181
22,410,13.666666666666666,0.16748166234033746,0.16657414806636126,0.16702790520334937,1,1,234,273,180,181
22,411,13.7,0.1621299871142236,0.14508582357883235,0.15360790534652796,1,1,234,273,180,181
22,412,13.733333333333333,0.1448601246733688,0.1536167624132511,0.14923844354330995,1,1,234,273,180,181
22,413,13.766666666666667,0.15293928584442626,0.13094971725035423,0.14194450154739024,1,1,234,273,180,181
22,414,13.8,0.17951269491796026,0.1628027294974068,0.17115771220768353,1,1,234,273,180,181
22,415,13.833333333333334,0.16748166234033746,0.17732711770746176,0.17240439002389962,1,1,234,273,180,181
22,416,13.866666666666667,0.15129715068328842,0.14508582357883235,0.1481914871310604,1,1,234,273,180,181
22,417,13.9,0.16794419424705875,0.16129032258064516,0.16461725841385194,1,1,234,273,180,181
22,418,13.933333333333334,0.15171498603677824,0.16120647064314705,0.15646072833996266,1,1,234,273,180,181
22,419,13.966666666666667,0.16794419424705875,0.16657414806636126,0.16725917115671002,1,1,234,273,180,181
22,420,14.0,0.16959086447129879,0.16657414806636126,0.16808250626883003,1,1,234,273,180,181
22,421,14.033333333333333,0.17951269491796026,0.16120647064314705,0.17035958278055366,1,1,234,273,180,181
22,422,14.066666666666666,0.17997715224147676,0.1628027294974068,0.17138994086944176,1,1,234,273,180,181
22,423,14.1,0.1468415782111534,0.16120647064314705,0.15402402442715024,1,1,234,273,180,181
22,424,14.133333333333333,0.17838337656487943,0.17732711770746176,0.1778552471361706,1,1,234,273,180,181
22,425,14.166666666666666,0.14843535388775075,0.14991673325972513,0.14917604357373793,1,1,234,273,180,181
22,426,14.2,0.17997715224147676,0.1628027294974068,0.17138994086944176,1,1,234,273,180,181
22,427,14.233333333333333,0.1641432454347156,0.1789233765617215,0.17153331099821856,1,1,234,273,180,181
22,428,14.266666666666667,0.17997715224147676,0.16254946975811824,0.1712633109997975,1,1,234,273,180,181
22,429,14.3,0.17951269491796026,0.17866130627765833,0.1790870005978093,1,1,234,273,180,181
22,430,14.333333333333334,0.1637196498199476,0.1874085142772239,0.17556408204858576,1,1,234,273,180,181
22,431,14.366666666666667,0.1621299871142236,0.16120647064314705,0.16166822887868532,1,1,234,273,180,181
22,432,14.4,0.15131444184477688,0.16822355740880818,0.15976899962679253,1,1,234,273,180,181
22,433,14.433333333333334,0.1533616562610183,0.14516129032258066,0.14926147329179948,1,1,234,273,180,181
22,434,14.466666666666667,0.1641432454347156,0.1628027294974068,0.1634729874660612,1,1,234,273,180,181
22,435,14.5,0.18379601290256625,0.1789233765617215,0.18135969473214386,1,1,234,273,180,181
22,436,14.533333333333333,0.15131444184477688,0.14508582357883235,0.1482001327118046,1,1,234,273,180,181
22,437,14.566666666666666,0.16254946975811824,0.16120647064314705,0.16187797020063266,1,1,234,273,180,181
22,438,14.6,0.13074600880300133,0.14668208243309208,0.1387140456180467,1,1,234,273,180,181
22,439,14.633333333333333,0.16748166234033746,0.14707036431466894,0.15727601332750318,1,1,234,273,180,181
22,440,14.666666666666666,0.1508977096224175,0.14508582357883235,0.1479917666006249,1,1,234,273,180,181
22,441,14.7,0.19397706465308626,0.17866130627765833,0.1863191854653723,1,1,234,273,180,181
22,442,14.733333333333333,0.1641432454347156,0.16657414806636126,0.16535869675053844,1,1,234,273,180,181
22,443,14.766666666666667,0.16254946975811824,0.1628027294974068,0.16267609962776253,1,1,234,273,180,181
22,444,14.8,0.1641432454347156,0.16129032258064516,0.16271678400768036,1,1,234,273,180,181
22,445,14.833333333333334,0.1448601246733688,0.16129032258064516,0.15307522362700698,1,1,234,273,180,181
22,446,14.866666666666667,0.1468415782111534,0.16288741173282748,0.15486449497199045,1,1,234,273,180,181
22,447,14.9,0.13997034947308584,0.13530993826416807,0.13764014386862694,1,1,234,273,180,181
22,448,14.933333333333334,0.15171498603677824,0.13101783106403966,0.14136640855040894,1,1,234,273,180,181
22,449,14.966666666666667,0.16748166234033746,0.14508582357883235,0.15628374295958491,1,1,234,273,180,181
22,450,15.0,0.1533616562610183,0.1536167624132511,0.1534892093371347,1,1,234,273,180,181
22,451,15.033333333333333,0.18945549688760294,0.16254946975811824,0.1760024833228606,1,1,234,273,180,181
22,452,15.066666666666666,0.22622349607967454,0.2105745153811836,0.21839900573042909,1,1,234,273,180,181
22,453,15.1,0.21428197236092744,0.2105745153811836,0.21242824387105552,1,1,234,273,180,181
22,454,15.133333333333333,0.21117202202211705,0.22683471798399424,0.21900337000305564,1,1,234,273,180,181
22,455,15.166666666666666,0.2336346599038029,0.22648184858361273,0.2300582542437078,1,1,234,273,180,181
22,456,15.2,0.23453250845443513,0.22589737910008031,0.2302149437772577,1,1,234,273,180,181
22,457,15.233333333333333,0.2336346599038029,0.24257741799176483,0.23810603894778387,1,1,234,273,180,181
22,458,15.266666666666667,0.23708813219245928,0.22683471798399424,0.23196142508822676,1,1,234,273,180,181
22,459,15.3,0.2500095791271827,0.24257741799176483,0.24629349855947374,1,1,234,273,180,181
22,460,15.333333333333334,0.2500095791271827,0.22648184858361273,0.23824571385539772,1,1,234,273,180,181
22,461,15.366666666666667,0.24154307101854003,0.233998373716993,0.23777072236776653,1,1,234,273,180,181
22,462,15.4,0.25968372852613475,0.268146700927976,0.26391521472705537,1,1,234,273,180,181
22,463,15.433333333333334,0.2336346599038029,0.2578640072602755,0.24574933358203918,1,1,234,273,180,181
22,464,15.466666666666667,0.25346305141583914,0.2578640072602755,0.2556635293380573,1,1,234,273,180,181
22,465,15.5,0.23708813219245928,0.233998373716993,0.23554325295472614,1,1,234,273,180,181
22,466,15.533333333333333,0.23799925229745036,0.233998373716993,0.2359988130072217,1,1,234,273,180,181
22,467,15.566666666666666,0.2694234922044181,0.26711136968224297,0.2682674309433305,1,1,234,273,180,181
22,468,15.6,0.2530485729810382,0.2575291105304334,0.25528884175573585,1,1,234,273,180,181
22,469,15.633333333333333,0.2500095791271827,0.233998373716993,0.24200397642208785,1,1,234,273,180,181
22,470,15.666666666666666,0.2500095791271827,0.268146700927976,0.25907814002757934,1,1,234,273,180,181
22,471,15.7,0.2694234922044181,0.2516634573650079,0.26054347478471296,1,1,234,273,180,181
22,472,15.733333333333333,0.2694234922044181,0.233998373716993,0.25171093296070557,1,1,234,273,180,181
22,473,15.766666666666667,0.25793447146543713,0.22648184858361273,0.24220816002452494,1,1,234,273,180,181
22,474,15.8,0.26638449835056255,0.268146700927976,0.26726559963926927,1,1,234,273,180,181
22,475,15.833333333333334,0.2694234922044181,0.22648184858361273,0.24795267039401542,1,1,234,273,180,181
22,476,15.866666666666667,0.2694234922044181,0.26711136968224297,0.2682674309433305,1,1,234,273,180,181
22,477,15.9,0.2694234922044181,0.268146700927976,0.26878509656619703,1,1,234,273,180,181
22,478,15.933333333333334,0.26087706489086004,0.2915031745499615,0.27619011972041074,1,1,234,273,180,181
22,479,15.966666666666667,0.2638196583162829,0.268146700927976,0.2659831796221295,1,1,234,273,180,181
22,480,16.0,0.2694234922044181,0.26711136968224297,0.2682674309433305,1,1,234,273,180,181
22,481,16.033333333333335,0.2638196583162829,0.268146700927976,0.2659831796221295,1,1,234,273,180,181
22,482,16.066666666666666,0.2530485729810382,0.268146700927976,0.2605976369545071,1,1,234,273,180,181
22,483,16.1,0.2694234922044181,0.268146700927976,0.26878509656619703,1,1,234,273,180,181
22,484,16.133333333333333,0.2638196583162829,0.268146700927976,0.2659831796221295,1,1,234,273,180,181
22,485,16.166666666666668,0.2638196583162829,0.25853118473593023,0.26117542152610657,1,1,234,273,180,181
22,486,16.2,0.2638196583162829,0.25853118473593023,0.26117542152610657,1,1,234,273,180,181
22,487,16.233333333333334,0.2638196583162829,0.26711136968224297,0.26546551399926294,1,1,234,273,180,181
22,488,16.266666666666666,0.2638196583162829,0.25853118473593023,0.26117542152610657,1,1,234,273,180,181
22,489,16.3,0.25793447146543713,0.259533258941427,0.25873386520343206,1,1,234,273,180,181
22,490,16.333333333333332,0.2638196583162829,0.2915031745499615,0.2776614164331222,1,1,234,273,180,181
22,491,16.366666666666667,0.25793447146543713,0.259533258941427,0.25873386520343206,1,1,234,273,180,181
22,492,16.4,0.2694234922044181,0.26711136968224297,0.2682674309433305,1,1,234,273,180,181
22,493,16.433333333333334,0.2724624860582736,0.25853118473593023,0.2654968353971019,1,1,234,273,180,181
22,494,16.466666666666665,0.2694234922044181,0.26711136968224297,0.2682674309433305,1,1,234,273,180,181
22,495,16.5,0.2638196583162829,0.26711136968224297,0.26546551399926294,1,1,234,273,180,181
22,496,16.533333333333335,0.2694234922044181,0.22648184858361273,0.24795267039401542,1,1,234,273,180,181
22,497,16.566666666666666,0.2694234922044181,0.22648184858361273,0.24795267039401542,1,1,234,273,180,181
22,498,16.6,0.26087706489086004,0.22533797171412928,0.24310751830249466,1,1,234,273,180,181
22,499,16.633333333333333,0.23708813219245928,0.22648184858361273,0.23178499038803602,1,1,234,273,180,181
22,500,16.666666666666668,0.24502157719797873,0.22533797171412928,0.235179774456054,1,1,234,273,180,181
22,501,16.7,0.26638449835056255,0.233998373716993,0.2501914360337778,1,1,234,273,180,181
22,502,16.733333333333334,0.2694234922044181,0.22648184858361273,0.24795267039401542,1,1,234,273,180,181
22,503,16.766666666666666,0.2694234922044181,0.22648184858361273,0.24795267039401542,1,1,234,273,180,181
22,504,16.8,0.2694234922044181,0.2328165336319462,0.25112001291818214,1,1,234,273,180,181
22,505,16.833333333333332,0.25346305141583914,0.22533797171412928,0.2394005115649842,1,1,234,273,180,181
22,506,16.866666666666667,0.26638449835056255,0.22533797171412928,0.24586123503234592,1,1,234,273,180,181
22,507,16.9,0.2500095791271827,0.233998373716993,0.24200397642208785,1,1,234,273,180,181
22,508,16.933333333333334,0.2694234922044181,0.233998373716993,0.25171093296070557,1,1,234,273,180,181
22,509,16.966666666666665,0.2694234922044181,0.24944628603422808,0.2594348891193231,1,1,234,273,180,181
22,510,17.0,0.26638449835056255,0.233998373716993,0.2501914360337778,1,1,234,273,180,181
22,511,17.033333333333335,0.26638449835056255,0.2276257254530962,0.2470051119018294,1,1,234,273,180,181
22,512,17.066666666666666,0.2336346599038029,0.233998373716993,0.23381651681039795,1,1,234,273,180,181
22,513,17.1,0.26638449835056255,0.25853118473593023,0.26245784154324636,1,1,234,273,180,181
22,514,17.133333333333333,0.28279143202531615,0.23518021380203982,0.258985822913678,1,1,234,273,180,181
22,515,17.166666666666668,0.26638449835056255,0.2504816172799611,0.2584330578152618,1,1,234,273,180,181
22,516,17.2,0.26638449835056255,0.24143354112228135,0.25390901973642194,1,1,234,273,180,181
22,517,17.233333333333334,0.2694234922044181,0.2328165336319462,0.25112001291818214,1,1,234,273,180,181
22,518,17.266666666666666,0.25346305141583914,0.23518021380203982,0.24432163260893947,1,1,234,273,180,181
22,519,17.3,0.26638449835056255,0.2506281261192749,0.2585063122349187,1,1,234,273,180,181
22,520,17.333333333333332,0.23708813219245928,0.233998373716993,0.23554325295472614,1,1,234,273,180,181
22,521,17.366666666666667,0.2500095791271827,0.24944628603422808,0.2497279325807054,1,1,234,273,180,181
22,522,17.4,0.2500095791271827,0.22648184858361273,0.23824571385539772,1,1,234,273,180,181
22,523,17.433333333333334,0.2674082032060554,0.2568645190535994,0.2621363611298274,1,1,234,273,180,181
22,524,17.466666666666665,0.23453250845443513,0.22648184858361273,0.23050717851902391,1,1,234,273,180,181
22,525,17.5,0.2694234922044181,0.26637572334638737,0.2678996077754027,1,1,234,273,180,181
22,526,17.533333333333335,0.23708813219245928,0.233998373716993,0.23554325295472614,1,1,234,273,180,181
22,527,17.566666666666666,0.2049746676200419,0.20093335233919965,0.20295400997962076,1,1,234,273,180,181
22,528,17.6,0.17951269491796026,0.1848809722154443,0.1821968335667023,1,1,234,273,180,181
22,529,17.633333333333333,0.15708545590433862,0.1683169921239217,0.16270122401413017,1,1,234,273,180,181
22,530,17.666666666666668,0.1480522947809513,0.17179113808745525,0.15992171643420328,1,1,234,273,180,181
22,531,17.7,0.14607595467337364,0.14707036431466894,0.14657315949402128,1,1,234,273,180,181
22,532,17.733333333333334,0.1480522947809513,0.1421721801161766,0.14511223744856394,1,1,234,273,180,181
22,533,17.766666666666666,0.15864870544286905,0.17179113808745525,0.16521992176516215,1,1,234,273,180,181
22,534,17.8,0.1480522947809513,0.14508582357883235,0.14656905917989183,1,1,234,273,180,181
22,535,17.833333333333332,0.15304102398039923,0.1468415782111534,0.1499413010957763,1,1,234,273,180,181
22,536,17.866666666666667,0.1480522947809513,0.15156614260217205,0.14980921869156166,1,1,234,273,180,181
22,537,17.9,0.1508977096224175,0.14508582357883235,0.1479917666006249,1,1,234,273,180,181
22,538,17.933333333333334,0.16672377160262963,0.1641432454347156,0.1654335085186726,1,1,234,273,180,181
22,539,17.966666666666665,0.15293928584442626,0.1403511443697162,0.14664521510707124,1,1,234,273,180,181
22,540,18.0,0.15293928584442626,0.1287645552652167,0.14085192055482149,1,1,234,273,180,181
22,541,18.033333333333335,0.14843535388775075,0.1628027294974068,0.15561904169257879,1,1,234,273,180,181
22,542,18.066666666666666,0.1480522947809513,0.1609556940815209,0.1545039944312361,1,1,234,273,180,181
22,543,18.1,0.13074600880300133,0.12896517651451764,0.12985559265875948,1,1,234,273,180,181
22,544,18.133333333333333,0.13074600880300133,0.14508582357883235,0.13791591619091684,1,1,234,273,180,181
22,545,18.166666666666668,0.15129715068328842,0.14707036431466894,0.14918375749897866,1,1,234,273,180,181
22,546,18.2,0.132384939741955,0.13094971725035423,0.13166732849615462,1,1,234,273,180,181
22,547,18.233333333333334,0.1480522947809513,0.1468415782111534,0.14744693649605234,1,1,234,273,180,181
22,548,18.266666666666666,0.13675477418737722,0.14508582357883235,0.14092029888310478,1,1,234,273,180,181
22,549,18.3,0.1464626320752273,0.14707036431466894,0.14676649819494814,1,1,234,273,180,181
22,550,18.333333333333332,0.1464626320752273,0.1486666231689287,0.147564627622078,1,1,234,273,180,181
22,551,18.366666666666667,0.13040859963437734,0.14707036431466894,0.13873948197452313,1,1,234,273,180,181
22,552,18.4,0.15293928584442626,0.14508582357883235,0.1490125547116293,1,1,234,273,180,181
22,553,18.433333333333334,0.16254946975811824,0.14508582357883235,0.1538176466684753,1,1,234,273,180,181
22,554,18.466666666666665,0.17951269491796026,0.18971615742864703,0.18461442617330365,1,1,234,273,180,181
22,555,18.5,0.19530574001597295,0.194781953341973,0.19504384667897298,1,1,234,273,180,181
22,556,18.533333333333335,0.1464626320752273,0.16254946975811824,0.15450605091667277,1,1,234,273,180,181
22,557,18.566666666666666,0.13040859963437734,0.14991673325972513,0.14016266644705122,1,1,234,273,180,181
22,558,18.6,0.15293928584442626,0.14707036431466894,0.1500048250795476,1,1,234,273,180,181
22,559,18.633333333333333,0.1691237975014753,0.1848809722154443,0.17700238485845982,1,1,234,273,180,181
22,560,18.666666666666668,0.2049746676200419,0.18457394664934063,0.19477430713469127,1,1,234,273,180,181
22,561,18.7,0.21428197236092744,0.20175249862593286,0.20801723549343015,1,1,234,273,180,181
22,562,18.733333333333334,0.23799925229745036,0.22648184858361273,0.23224055044053155,1,1,234,273,180,181
22,563,18.766666666666666,0.24295089974760634,0.22648184858361273,0.23471637416560953,1,1,234,273,180,181
22,564,18.8,0.22956742020067528,0.22648184858361273,0.228024634392144,1,1,234,273,180,181
22,565,18.833333333333332,0.26810957595378837,0.23217533805087945,0.2501424570023339,1,1,234,273,180,181
22,566,18.866666666666667,0.22622349607967454,0.24143354112228135,0.23382851860097795,1,1,234,273,180,181
22,567,18.9,0.25968372852613475,0.22589737910008031,0.24279055381310755,1,1,234,273,180,181
22,568,18.933333333333334,0.2324952775364886,0.22589737910008031,0.22919632831828446,1,1,234,273,180,181
22,569,18.966666666666665,0.2285173043125797,0.22648184858361273,0.2274995764480962,1,1,234,273,180,181
22,570,19.0,0.2500095791271827,0.24257741799176483,0.24629349855947374,1,1,234,273,180,181
22,571,19.033333333333335,0.25346305141583914,0.22648184858361273,0.23997244999972595,1,1,234,273,180,181
22,572,19.066666666666666,0.2694234922044181,0.233998373716993,0.25171093296070557,1,1,234,273,180,181
22,573,19.1,0.26087706489086004,0.26607603843650995,0.263476551663685,1,1,234,273,180,181
22,574,19.133333333333333,0.2540210284145948,0.2328165336319462,0.2434187810232705,1,1,234,273,180,181
22,575,19.166666666666668,0.26087706489086004,0.25853118473593023,0.2597041248133951,1,1,234,273,180,181
22,576,19.2,0.24430026385871764,0.22648184858361273,0.23539105622116518,1,1,234,273,180,181
22,577,19.233333333333334,0.24879034005437364,0.22648184858361273,0.23763609431899319,1,1,234,273,180,181
22,578,19.266666666666666,0.24207898377255582,0.233998373716993,0.2380386787447744,1,1,234,273,180,181
22,579,19.3,0.25968372852613475,0.22703830402826114,0.24336101627719794,1,1,234,273,180,181
22,580,19.333333333333332,0.26087706489086004,0.22533797171412928,0.24310751830249466,1,1,234,273,180,181
22,581,19.366666666666667,0.24542290789355656,0.22533797171412928,0.23538043980384293,1,1,234,273,180,181
22,582,19.4,0.22622349607967454,0.23518021380203982,0.23070185494085718,1,1,234,273,180,181
22,583,19.433333333333334,0.2104141558867124,0.23438761328445099,0.2224008845855817,1,1,234,273,180,181
22,584,19.466666666666665,0.1738692161389878,0.1789233765617215,0.17639629635035464,1,1,234,273,180,181
22,585,19.5,0.21117202202211705,0.17732711770746176,0.19424956986478942,1,1,234,273,180,181
22,586,19.533333333333335,0.1841064794063663,0.1628027294974068,0.17345460445188654,1,1,234,273,180,181
22,587,19.566666666666666,0.1637196498199476,0.14707036431466894,0.15539500706730827,1,1,234,273,180,181
22,588,19.6,0.19460481569375024,0.17864503916627034,0.1866249274300103,1,1,234,273,180,181
22,589,19.633333333333333,0.21505376953206218,0.17732711770746176,0.19619044361976196,1,1,234,273,180,181
22,590,19.666666666666668,0.1827362660463629,0.1715402875629865,0.1771382768046747,1,1,234,273,180,181
22,591,19.7,0.19918748752591808,0.17864503916627034,0.1889162633460942,1,1,234,273,180,181
22,592,19.733333333333334,0.21117202202211705,0.1789233765617215,0.19504769929191929,1,1,234,273,180,181
22,593,19.766666666666666,0.19530574001597295,0.16120647064314705,0.17825610532956,1,1,234,273,180,181
22,594,19.8,0.17951269491796026,0.1628027294974068,0.17115771220768353,1,1,234,273,180,181
22,595,19.833333333333332,0.17951269491796026,0.1829272764251006,0.18121998567153041,1,1,234,273,180,181
22,596,19.866666666666667,0.20463131918744187,0.194781953341973,0.19970663626470744,1,1,234,273,180,181
22,597,19.9,0.21117202202211705,0.18870105078185181,0.19993653640198444,1,1,234,273,180,181
22,598,19.933333333333334,0.21117202202211705,0.194781953341973,0.20297698768204503,1,1,234,273,180,181
22,599,19.966666666666665,0.1691237975014753,0.16657414806636126,0.16784897278391828,1,1,234,273,180,181
22,600,20.0,0.17951269491796026,0.17732711770746176,0.178419906312711,1,1,234,273,180,181
22,601,20.033333333333335,0.18925646892826695,0.19344776477177647,0.1913521168500217,1,1,234,273,180,181
22,602,20.066666666666666,0.19918748752591808,0.194781953341973,0.19698472043394555,1,1,234,273,180,181
22,603,20.1,0.19530574001597295,0.194781953341973,0.19504384667897298,1,1,234,273,180,181
22,604,20.133333333333333,0.19530574001597295,0.1948832696483981,0.19509450483218554,1,1,234,273,180,181
22,605,20.166666666666668,0.18925646892826695,0.194781953341973,0.19201921113512,1,1,234,273,180,181
22,606,20.2,0.19173046390369303,0.1733375632975455,0.18253401360061927,1,1,234,273,180,181
22,607,20.233333333333334,0.19530574001597295,0.17732711770746176,0.18631642886171734,1,1,234,273,180,181
22,608,20.266666666666666,0.17951269491796026,0.17732711770746176,0.178419906312711,1,1,234,273,180,181
22,609,20.3,0.17951269491796026,0.17179113808745525,0.17565191650270776,1,1,234,273,180,181
22,610,20.333333333333332,0.1779230322122363,0.15617376189768659,0.16704839705496144,1,1,234,273,180,181
22,611,20.366666666666667,0.1621299871142236,0.17179113808745525,0.1669605626008394,1,1,234,273,180,181
22,612,20.4,0.1841064794063663,0.14508582357883235,0.16459615149259932,1,1,234,273,180,181
22,613,20.433333333333334,0.1637196498199476,0.15617376189768659,0.1599467058588171,1,1,234,273,180,181
22,614,20.466666666666665,0.1637196498199476,0.15617376189768659,0.1599467058588171,1,1,234,273,180,181
22,615,20.5,0.17266506533643364,0.15625,0.16445753266821683,1,1,234,273,180,181
22,616,20.533333333333335,0.1621299871142236,0.16120647064314705,0.16166822887868532,1,1,234,273,180,181
22,617,20.566666666666666,0.18925646892826695,0.1874085142772239,0.18833249160274543,1,1,234,273,180,181
22,618,20.6,0.1733661737377704,0.17732711770746176,0.1753466457226161,1,1,234,273,180,181
22,619,20.633333333333333,0.19460481569375024,0.19344776477177647,0.19402629023276335,1,1,234,273,180,181
22,620,20.666666666666668,0.1733661737377704,0.19447894597303153,0.18392255985540096,1,1,234,273,180,181
22,621,20.7,0.17886844957214784,0.1874085142772239,0.18313848192468588,1,1,234,273,180,181
22,622,20.733333333333334,0.17886844957214784,0.1733375632975455,0.17610300643484667,1,1,234,273,180,181
22,623,20.766666666666666,0.1879689470791326,0.20542831969628855,0.19669863338771057,1,1,234,273,180,181
22,624,20.8,0.17951269491796026,0.1789233765617215,0.17921803573984088,1,1,234,273,180,181
22,625,20.833333333333332,0.17951269491796026,0.20126759060722701,0.19039014276259364,1,1,234,273,180,181
22,626,20.866666666666667,0.17818401955507357,0.1789233765617215,0.17855369805839755,1,1,234,273,180,181
22,627,20.9,0.1641432454347156,0.1789233765617215,0.17153331099821856,1,1,234,273,180,181
22,628,20.933333333333334,0.16748166234033746,0.16657414806636126,0.16702790520334937,1,1,234,273,180,181
22,629,20.966666666666665,0.1691237975014753,0.1628027294974068,0.16596326349944104,1,1,234,273,180,181
22,630,21.0,0.18457394664934063,0.16129032258064516,0.1729321346149929,1,1,234,273,180,181
22,631,21.033333333333335,0.17951269491796026,0.194781953341973,0.18714732412996665,1,1,234,273,180,181
22,632,21.066666666666666,0.19530574001597295,0.1998889776796335,0.19759735884780322,1,1,234,273,180,181
22,633,21.1,0.17951269491796026,0.18333333333333332,0.1814230141256468,1,1,234,273,180,181
22,634,21.133333333333333,0.18457394664934063,0.18323156287299738,0.18390275476116902,1,1,234,273,180,181
22,635,21.166666666666668,0.17319675076188262,0.1862595851430378,0.17972816795246022,1,1,234,273,180,181
22,636,21.2,0.1586253721752752,0.16657414806636126,0.16259976012081823,1,1,234,273,180,181
22,637,21.233333333333334,0.1859502701611578,0.18323156287299738,0.1845909165170776,1,1,234,273,180,181
22,638,21.266666666666666,0.14966777162053685,0.15205175876617433,0.1508597651933556,1,1,234,273,180,181
22,639,21.3,0.12252113895197568,0.13530993826416807,0.12891553860807187,1,1,234,273,180,181
22,640,21.333333333333332,0.15692218453673368,0.1572014871242693,0.15706183583050148,1,1,234,273,180,181
22,641,21.366666666666667,0.16629752402281872,0.13784910120946753,0.15207331261614312,1,1,234,273,180,181
22,642,21.4,0.1859502701611578,0.1848809722154443,0.18541562118830107,1,1,234,254,180,180
22,643,21.433333333333334,0.17401759561922725,0.16822355740880818,0.1711205765140177,1,1,234,254,180,180
22,644,21.466666666666665,0.1859502701611578,0.18323156287299738,0.1845909165170776,1,1,234,254,180,180
22,645,21.5,0.1859502701611578,0.1998889776796335,0.19291962392039566,1,1,234,254,180,180
22,646,21.533333333333335,0.1859502701611578,0.1829272764251006,0.1844387732931292,1,1,234,254,180,180
22,647,21.566666666666666,0.20093335233919965,0.1998889776796335,0.20041116500941658,1,1,234,254,180,180
22,648,21.6,0.15692218453673368,0.17401759561922725,0.16546989007798046,1,1,234,254,180,180
22,649,21.633333333333333,0.16959086447129879,0.14991673325972513,0.15975379886551194,1,1,234,254,180,180
22,650,21.666666666666668,0.20175249862593286,0.16822355740880818,0.18498802801737052,1,1,234,254,180,180
22,651,21.7,0.17231137651183442,0.14966777162053685,0.16098957406618564,1,1,234,254,180,180
22,652,21.733333333333334,0.17370841556233152,0.17401759561922725,0.17386300559077938,1,1,234,254,180,180
22,653,21.766666666666666,0.17988134335634567,0.16061189060999878,0.17024661698317223,1,1,244,277,151,151
22,654,21.8,0.17200522792379,0.16657414806636126,0.16928968799507563,1,1,244,277,151,151
22,655,21.833333333333332,0.17200522792379,0.16822355740880818,0.17011439266629907,1,1,244,277,151,151
22,656,21.866666666666667,0.17370841556233152,0.14991673325972513,0.1618125744110283,1,1,244,277,151,151
22,657,21.9,0.2078298355293181,0.16822355740880818,0.18802669646906314,1,1,244,277,151,151
22,658,21.933333333333334,0.17370841556233152,0.2081997476039034,0.19095408158311744,1,1,244,277,151,151
22,659,21.966666666666665,0.17200522792379,0.17401759561922725,0.17301141177150864,1,1,244,277,151,151
22,660,22.0,0.13972166174435469,0.13997034947308584,0.13984600560872026,1,1,234,273,180,181
22,661,22.033333333333335,0.15508023886065098,0.15196735307080417,0.15352379596572757,1,1,244,277,151,151
22,662,22.066666666666666,0.1533616562610183,0.14991673325972513,0.15163919476037171,1,1,244,277,151,151
22,663,22.1,0.17370841556233152,0.15196735307080417,0.16283788431656784,1,1,244,277,151,151
22,664,22.133333333333333,0.17200522792379,0.15508023886065098,0.16354273339222047,1,1,244,277,151,151
22,665,22.166666666666668,0.17200522792379,0.14991673325972513,0.16096098059175756,1,1,244,277,151,151
22,666,22.2,0.1909089383547105,0.16629752402281872,0.17860323118876462,1,1,244,277,151,151
22,667,22.233333333333334,0.16629752402281872,0.16822355740880818,0.16726054071581345,1,1,244,277,151,151
22,668,22.266666666666666,0.19955702882738247,0.16629752402281872,0.1829272764251006,1,1,244,277,151,151
22,669,22.3,0.16629752402281872,0.13530993826416807,0.15080373114349338,1,1,244,277,151,151
22,670,22.333333333333332,0.16822355740880818,0.14991673325972513,0.15907014533426667,1,1,244,277,151,151
22,671,22.366666666666667,0.17370841556233152,0.16794419424705875,0.17082630490469514,1,1,244,277,151,151
22,672,22.4,0.17370841556233152,0.154804705131411,0.16425656034687125,1,1,244,277,151,151
22,673,22.433333333333334,0.13972166174435469,0.154804705131411,0.14726318343788286,1,1,244,277,151,151
22,674,22.466666666666665,0.16629752402281872,0.16794419424705875,0.16712085913493874,1,1,244,277,151,151
22,675,22.5,0.16822355740880818,0.1698729667512551,0.16904826208003165,1,1,244,277,151,151
22,676,22.533333333333335,0.13997034947308584,0.13530993826416807,0.13764014386862694,1,1,244,277,151,151
22,677,22.566666666666666,0.13997034947308584,0.133259318453089,0.13661483396308743,1,1,244,277,151,151
22,678,22.6,0.18457394664934063,0.16657414806636126,0.17557404735785093,1,1,244,277,151,151
22,679,22.633333333333333,0.1536167624132511,0.14991673325972513,0.1517667478364881,1,1,244,277,151,151
22,680,22.666666666666668,0.1698729667512551,0.16657414806636126,0.16822355740880818,1,1,244,277,151,151
22,681,22.7,0.16794419424705875,0.16794419424705875,0.16794419424705875,1,1,244,277,151,151
22,682,22.733333333333334,0.16794419424705875,0.18323156287299738,0.17558787856002805,1,1,244,277,151,151
22,683,22.766666666666666,0.16794419424705875,0.16822355740880818,0.16808387582793347,1,1,244,277,151,151
22,684,22.8,0.15196735307080417,0.16657414806636126,0.1592707505685827,1,1,244,277,151,151
22,685,22.833333333333332,0.17401759561922725,0.14991673325972513,0.16196716443947617,1,1,244,277,151,151
22,686,22.866666666666667,0.16794419424705875,0.14991673325972513,0.15893046375339193,1,1,244,277,151,151
22,687,22.9,0.18323156287299738,0.16629752402281872,0.17476454344790804,1,1,244,277,151,151
22,688,22.933333333333334,0.1609556940815209,0.1628027294974068,0.16187921178946385,1,1,234,273,180,181
22,689,22.966666666666665,0.16629752402281872,0.18323156287299738,0.17476454344790804,1,1,244,277,151,151
22,690,23.0,0.1371324480507378,0.16657414806636126,0.15185329805854952,1,1,244,277,151,151
22,691,23.033333333333335,0.17997715224147676,0.16254946975811824,0.1712633109997975,1,1,234,273,180,181
22,692,23.066666666666666,0.1691237975014753,0.13094971725035423,0.15003675737591476,1,1,234,273,180,181
22,693,23.1,0.15710827990060047,0.1628027294974068,0.15995550469900363,1,1,234,273,180,181
22,694,23.133333333333333,0.1641432454347156,0.14707036431466894,0.15560680487469225,1,1,234,273,180,181
22,695,23.166666666666668,0.1172623913547223,0.12896517651451764,0.12311378393461997,1,1,234,273,180,181
22,696,23.2,0.13508523363449637,0.12896517651451764,0.132025205074507,1,1,234,273,180,181
22,697,23.233333333333334,0.1641432454347156,0.1628027294974068,0.1634729874660612,1,1,234,273,180,181
22,698,23.266666666666666,0.1533616562610183,0.14508582357883235,0.14922373991992532,1,1,234,273,180,181
22,699,23.3,0.13272746234078592,0.11546055095440227,0.1240940066475941,1,1,234,273,180,181
22,700,23.333333333333332,0.1468415782111534,0.12896517651451764,0.13790337736283553,1,1,234,273,180,181
22,701,23.366666666666667,0.1621299871142236,0.16120647064314705,0.16166822887868532,1,1,234,273,180,181
22,702,23.4,0.1211541191789618,0.12896517651451764,0.12505964784673973,1,1,234,273,180,181
22,703,23.433333333333334,0.1211541191789618,0.13530993826416807,0.12823202872156492,1,1,234,273,180,181
22,704,23.466666666666665,0.1393101062308041,0.13530993826416807,0.13731002224748606,1,1,234,273,180,181
22,705,23.5,0.15293928584442626,0.16629752402281872,0.1596184049336225,1,1,234,273,180,181
22,706,23.533333333333335,0.20175249862593286,0.1998889776796335,0.20082073815278317,1,1,234,273,180,181
22,707,23.566666666666666,0.20175249862593286,0.23438761328445099,0.2180700559551919,1,1,234,273,180,181
22,708,23.6,0.22215238189348982,0.20093335233919965,0.21154286711634473,1,1,234,273,180,181
22,709,23.633333333333333,0.23708813219245928,0.233998373716993,0.23554325295472614,1,1,234,273,180,181
22,710,23.666666666666668,0.2530485729810382,0.2506281261192749,0.25183834955015655,1,1,234,273,180,181
22,711,23.7,0.2530485729810382,0.233998373716993,0.2435234733490156,1,1,234,273,180,181
22,712,23.733333333333334,0.23708813219245928,0.233998373716993,0.23554325295472614,1,1,234,273,180,181
22,713,23.766666666666666,0.23708813219245928,0.233998373716993,0.23554325295472614,1,1,234,273,180,181
22,714,23.8,0.23708813219245928,0.23518021380203982,0.23613417299724954,1,1,234,273,180,181
22,715,23.833333333333332,0.2336346599038029,0.233998373716993,0.23381651681039795,1,1,234,273,180,181
22,716,23.866666666666667,0.2638196583162829,0.23518021380203982,0.24949993605916138,1,1,234,273,180,181
22,717,23.9,0.24836550131897944,0.23518021380203982,0.24177285756050965,1,1,234,273,180,181
22,718,23.933333333333334,0.2694234922044181,0.233998373716993,0.25171093296070557,1,1,234,273,180,181
22,719,23.966666666666665,0.2638196583162829,0.2674082032060554,0.2656139307611691,1,1,234,273,180,181
22,720,24.0,0.2694234922044181,0.233998373716993,0.25171093296070557,1,1,234,273,180,181
22,721,24.033333333333335,0.26638449835056255,0.2506281261192749,0.2585063122349187,1,1,234,273,180,181
22,722,24.066666666666666,0.25346305141583914,0.2516634573650079,0.2525632543904235,1,1,234,273,180,181
22,723,24.1,0.25181451343590333,0.2506281261192749,0.2512213197775891,1,1,234,273,180,181
22,724,24.133333333333333,0.25181451343590333,0.25097035583024524,0.25139243463307426,1,1,234,273,180,181
22,725,24.166666666666668,0.2855034121229148,0.2674082032060554,0.2764558076644851,1,1,234,273,180,181
22,726,24.2,0.2694234922044181,0.268146700927976,0.26878509656619703,1,1,234,273,180,181
22,727,24.233333333333334,0.2500095791271827,0.23518021380203982,0.24259489646461124,1,1,234,273,180,181
22,728,24.266666666666666,0.2694234922044181,0.23518021380203982,0.25230185300322894,1,1,234,273,180,181
22,729,24.3,0.25650204526969467,0.233998373716993,0.24525020949334383,1,1,234,273,180,181
22,730,24.333333333333332,0.2724624860582736,0.26711136968224297,0.26978692787025826,1,1,234,273,180,181
22,731,24.366666666666667,0.2694234922044181,0.268146700927976,0.26878509656619703,1,1,234,273,180,181
22,732,24.4,0.2694234922044181,0.23518021380203982,0.25230185300322894,1,1,234,273,180,181
22,733,24.433333333333334,0.2694234922044181,0.24979177062846744,0.2596076314164428,1,1,234,273,180,181
22,734,24.466666666666665,0.2626128615741855,0.26607603843650995,0.26434445000534773,1,1,234,273,180,181
22,735,24.5,0.2694234922044181,0.2674082032060554,0.26841584770523674,1,1,234,273,180,181
22,736,24.533333333333335,0.2694234922044181,0.23518021380203982,0.25230185300322894,1,1,234,273,180,181
22,737,24.566666666666666,0.2638196583162829,0.2506281261192749,0.25722389221777886,1,1,234,273,180,181
22,738,24.6,0.2724624860582736,0.26607603843650995,0.2692692622473918,1,1,234,273,180,181
22,739,24.633333333333333,0.2694234922044181,0.233998373716993,0.25171093296070557,1,1,234,273,180,181
22,740,24.666666666666668,0.26638449835056255,0.268146700927976,0.26726559963926927,1,1,234,273,180,181
22,741,24.7,0.2694234922044181,0.233998373716993,0.25171093296070557,1,1,234,273,180,181
22,742,24.733333333333334,0.2694234922044181,0.24979177062846744,0.2596076314164428,1,1,234,273,180,181
22,743,24.766666666666666,0.2694234922044181,0.2674082032060554,0.26841584770523674,1,1,234,273,180,181
22,744,24.8,0.2711337493353181,0.26711136968224297,0.2691225595087805,1,1,234,273,180,181
22,745,24.833333333333332,0.26087706489086004,0.233998373716993,0.24743771930392652,1,1,234,273,180,181
22,746,24.866666666666667,0.2694234922044181,0.233998373716993,0.25171093296070557,1,1,234,273,180,181
22,747,24.9,0.26087706489086004,0.26607603843650995,0.263476551663685,1,1,234,273,180,181
22,748,24.933333333333334,0.26087706489086004,0.26711136968224297,0.2639942172865515,1,1,234,273,180,181
22,749,24.966666666666665,0.2694234922044181,0.26711136968224297,0.2682674309433305,1,1,234,273,180,181
22,750,25.0,0.28279143202531615,0.26637572334638737,0.27458357768585173,1,1,234,273,180,181
22,751,25.033333333333335,0.26638449835056255,0.25886349546695153,0.26262399690875704,1,1,234,273,180,181
22,752,25.066666666666666,0.2855034121229148,0.26711136968224297,0.2763073909025789,1,1,234,273,180,181
22,753,25.1,0.26181668747543074,0.26711136968224297,0.2644640285788369,1,1,234,273,180,181
22,754,25.133333333333333,0.2838781880634814,0.2506281261192749,0.26725315709137815,1,1,234,273,180,181
22,755,25.166666666666668,0.24542290789355656,0.233998373716993,0.23971064080527477,1,1,234,273,180,181
22,756,25.2,0.26638449835056255,0.26637572334638737,0.26638011084847496,1,1,234,273,180,181
22,757,25.233333333333334,0.2674082032060554,0.26711136968224297,0.26725978644414916,1,1,234,273,180,181
22,758,25.266666666666666,0.2544370996732605,0.2674082032060554,0.260922651439658,1,1,234,273,180,181
22,759,25.3,0.2544370996732605,0.24993787597057726,0.2521874878219189,1,1,234,273,180,181
22,760,25.333333333333332,0.2540210284145948,0.2754654397428254,0.2647432340787101,1,1,234,273,180,181
22,761,25.366666666666667,0.2694234922044181,0.25907870802121746,0.26425110011281777,1,1,234,273,180,181
22,762,25.4,0.2828426970386493,0.2420297225800233,0.2624362098093363,1,1,234,273,180,181
22,763,25.433333333333334,0.2638196583162829,0.26637572334638737,0.26509769083133516,1,1,234,273,180,181
22,764,25.466666666666665,0.26638449835056255,0.2754654397428254,0.27092496904669394,1,1,234,273,180,181
22,765,25.5,0.2724624860582736,0.27653315160108366,0.2744978188296786,1,1,234,273,180,181
22,766,25.533333333333335,0.2991983657000697,0.2754654397428254,0.28733190272144754,1,1,234,273,180,181
22,767,25.566666666666666,0.2855034121229148,0.26711136968224297,0.2763073909025789,1,1,234,273,180,181
22,768,25.6,0.2838781880634814,0.27627923081359645,0.28007870943853896,1,1,234,273,180,181
22,769,25.633333333333333,0.26638449835056255,0.233998373716993,0.2501914360337778,1,1,234,273,180,181
22,770,25.666666666666668,0.26638449835056255,0.2516634573650079,0.2590239778577852,1,1,234,273,180,181
22,771,25.7,0.26638449835056255,0.26711136968224297,0.26674793401640273,1,1,234,273,180,181
22,772,25.733333333333334,0.2963804532023211,0.268146700927976,0.28226357706514854,1,1,234,273,180,181
22,773,25.766666666666666,0.278543336585376,0.27735009694912893,0.27794671676725247,1,1,234,273,180,181
22,774,25.8,0.27540147437807777,0.26711136968224297,0.27125642203016037,1,1,234,273,180,181
22,775,25.833333333333332,0.26087706489086004,0.25886349546695153,0.2598702801789058,1,1,234,273,180,181
22,776,25.866666666666667,0.2885424059767704,0.2674082032060554,0.2779753045914129,1,1,234,273,180,181
22,777,25.9,0.2885424059767704,0.29356515273209083,0.2910537793544306,1,1,234,273,180,181
22,778,25.933333333333334,0.2991983657000697,0.3002565918827696,0.29972747879141964,1,1,234,273,180,181
22,779,25.966666666666665,0.3046223258952671,0.2828457082038134,0.2937340170495403,1,1,234,273,180,181
22,780,26.0,0.2885424059767704,0.2838781880634814,0.2862102970201259,1,1,234,273,180,181
22,781,26.033333333333335,0.26638449835056255,0.25097035583024524,0.25867742709040387,1,1,234,273,180,181
22,782,26.066666666666666,0.28279143202531615,0.2674082032060554,0.2750998176156858,1,1,234,273,180,181
22,783,26.1,0.28279143202531615,0.2838781880634814,0.28333481004439875,1,1,234,273,180,181
22,784,26.133333333333333,0.3019103457976684,0.2674082032060554,0.2846592745018619,1,1,234,273,180,181
22,785,26.166666666666668,0.2704588757904049,0.268146700927976,0.2693027883591904,1,1,234,273,180,181
22,786,26.2,0.278543336585376,0.268146700927976,0.273345018756676,1,1,234,273,180,181
22,787,26.233333333333334,0.2724624860582736,0.268146700927976,0.2703045934931248,1,1,234,273,180,181
22,788,26.266666666666666,0.2704588757904049,0.268146700927976,0.2693027883591904,1,1,234,273,180,181
22,789,26.3,0.2704588757904049,0.268146700927976,0.2693027883591904,1,1,234,273,180,181
22,790,26.333333333333332,0.2858304258791717,0.268146700927976,0.2769885634035738,1,1,234,273,180,181
22,791,26.366666666666667,0.28279143202531615,0.27653315160108366,0.2796622918131999,1,1,234,273,180,181
22,792,26.4,0.2793895044261936,0.27653315160108366,0.2779613280136386,1,1,234,273,180,181
22,793,26.433333333333334,0.2855034121229148,0.2674082032060554,0.2764558076644851,1,1,234,273,180,181
22,794,26.466666666666665,0.29550563638896343,0.27653315160108366,0.2860193939950235,1,1,234,273,180,181
22,795,26.5,0.2855034121229148,0.268146700927976,0.2768250565254454,1,1,234,273,180,181
22,796,26.533333333333335,0.2858304258791717,0.268146700927976,0.2769885634035738,1,1,234,273,180,181
22,797,26.566666666666666,0.24542290789355656,0.23518021380203982,0.2403015608477982,1,1,234,273,180,181
22,798,26.6,0.2674082032060554,0.2516634573650079,0.2595358302855316,1,1,234,273,180,181
22,799,26.633333333333333,0.2704588757904049,0.268146700927976,0.2693027883591904,1,1,234,273,180,181
22,800,26.666666666666668,0.26087706489086004,0.26711136968224297,0.2639942172865515,1,1,234,273,180,181
22,801,26.7,0.2500095791271827,0.2333539232526573,0.24168175118992,1,1,234,273,180,181
22,802,26.733333333333334,0.278543336585376,0.233998373716993,0.25627085515118453,1,1,234,273,180,181
22,803,26.766666666666666,0.2694234922044181,0.2674082032060554,0.26841584770523674,1,1,234,273,180,181
22,804,26.8,0.26638449835056255,0.26637572334638737,0.26638011084847496,1,1,234,273,180,181
22,805,26.833333333333332,0.2500095791271827,0.233998373716993,0.24200397642208785,1,1,234,273,180,181
22,806,26.866666666666667,0.2500095791271827,0.2276257254530962,0.23881765229013946,1,1,234,273,180,181
22,807,26.9,0.2694234922044181,0.2754654397428254,0.2724444659736217,1,1,234,273,180,181
22,808,26.933333333333334,0.2674082032060554,0.2420297225800233,0.25471896289303936,1,1,234,273,180,181
22,809,26.966666666666665,0.2694234922044181,0.2333539232526573,0.2513887077285377,1,1,234,273,180,181
22,810,27.0,0.26638449835056255,0.23453250845443513,0.25045850340249887,1,1,234,273,180,181
22,811,27.033333333333335,0.24542290789355656,0.23518021380203982,0.2403015608477982,1,1,234,273,180,181
22,812,27.066666666666666,0.25346305141583914,0.2333539232526573,0.24340848733424822,1,1,234,273,180,181
22,813,27.1,0.2540210284145948,0.2432521260667406,0.24863657724066768,1,1,234,273,180,181
22,814,27.133333333333333,0.23291134432167598,0.22648184858361273,0.22969659645264434,1,1,234,273,180,181
22,815,27.166666666666668,0.24590409175608557,0.268146700927976,0.2570253963420308,1,1,234,273,180,181
22,816,27.2,0.2694234922044181,0.2674082032060554,0.26841584770523674,1,1,234,273,180,181
22,817,27.233333333333334,0.2694234922044181,0.25097035583024524,0.26019692401733163,1,1,234,273,180,181
22,818,27.266666666666666,0.23453250845443513,0.21874494482652834,0.22663872664048174,1,1,234,273,180,181
22,819,27.3,0.27540147437807777,0.2420297225800233,0.25871559847905057,1,1,234,273,180,181
22,820,27.333333333333332,0.2638196583162829,0.23518021380203982,0.24949993605916138,1,1,234,273,180,181
22,821,27.366666666666667,0.18543814806370407,0.17200522792379,0.17872168799374705,1,1,234,273,180,181
22,822,27.4,0.1371324480507378,0.14991673325972513,0.14352459065523146,1,1,234,273,180,181
22,823,27.433333333333334,0.15171498603677824,0.14707036431466894,0.14939267517572358,1,1,234,273,180,181
22,824,27.466666666666665,0.18457394664934063,0.16822355740880818,0.1763987520290744,1,1,234,273,180,181
22,825,27.5,0.18543814806370407,0.1848809722154443,0.1851595601395742,1,1,234,273,180,181
22,826,27.533333333333335,0.15171498603677824,0.13094971725035423,0.14133235164356622,1,1,234,273,180,181
22,827,27.566666666666666,0.1641432454347156,0.1848809722154443,0.17451210882507995,1,1,234,273,180,181
22,828,27.6,0.14843535388775075,0.15156614260217205,0.1500007482449614,1,1,234,273,180,181
22,829,27.633333333333333,0.14843535388775075,0.13333333333333333,0.14088434361054203,1,1,234,273,180,181
22,830,27.666666666666668,0.14843535388775075,0.16822355740880818,0.15832945564827947,1,1,234,273,180,181
22,831,27.7,0.15171498603677824,0.15196735307080417,0.1518411695537912,1,1,234,273,180,181
22,832,27.733333333333334,0.15171498603677824,0.1373605580752471,0.14453777205601268,1,1,234,273,180,181
22,833,27.766666666666666,0.15171498603677824,0.14991673325972513,0.15081585964825167,1,1,234,273,180,181
22,834,27.8,0.17541160320087304,0.16822355740880818,0.17181758030484062,1,1,234,273,180,181
22,835,27.833333333333332,0.1533616562610183,0.1628027294974068,0.15808219287921255,1,1,234,273,180,181
22,836,27.866666666666667,0.15171498603677824,0.15171498603677824,0.15171498603677824,1,1,234,273,180,181
22,837,27.9,0.16794419424705875,0.18323156287299738,0.17558787856002805,1,1,234,273,180,181
22,838,27.933333333333334,0.1533616562610183,0.14508582357883235,0.14922373991992532,1,1,234,273,180,181
22,839,27.966666666666665,0.13675477418737722,0.14991673325972513,0.14333575372355117,1,1,234,273,180,181
22,840,28.0,0.1373605580752471,0.14991673325972513,0.14363864566748613,1,1,234,273,180,181
22,841,28.033333333333335,0.1641432454347156,0.14508582357883235,0.15461453450677398,1,1,234,273,180,181
22,842,28.066666666666666,0.1371324480507378,0.14707036431466894,0.14210140618270337,1,1,234,273,180,181
22,843,28.1,0.15171498603677824,0.1628027294974068,0.15725885776709253,1,1,234,273,180,181
22,844,28.133333333333333,0.14843535388775075,0.1628027294974068,0.15561904169257879,1,1,234,273,180,181
22,845,28.166666666666668,0.1211541191789618,0.12896517651451764,0.12505964784673973,1,1,234,273,180,181
22,846,28.2,0.15171498603677824,0.15156614260217205,0.15164056431947515,1,1,234,273,180,181
22,847,28.233333333333334,0.14607595467337364,0.14508582357883235,0.145580889126103,1,1,234,273,180,181
22,848,28.266666666666666,0.1508977096224175,0.15205175876617433,0.1514747341942959,1,1,234,273,180,181
22,849,28.3,0.14843535388775075,0.16657414806636126,0.15750475097705602,1,1,234,273,180,181
22,850,28.333333333333332,0.14843535388775075,0.16120647064314705,0.15482091226544892,1,1,234,273,180,181
22,851,28.366666666666667,0.16748166234033746,0.1628027294974068,0.16514219591887214,1,1,234,273,180,181
22,852,28.4,0.1371324480507378,0.14991673325972513,0.14352459065523146,1,1,234,273,180,181
22,853,28.433333333333334,0.15129715068328842,0.14714686332210417,0.14922200700269628,1,1,234,273,180,181
22,854,28.466666666666665,0.16794419424705875,0.15,0.1589720971235294,1,1,234,273,180,181
22,855,28.5,0.16254946975811824,0.14508582357883235,0.1538176466684753,1,1,234,273,180,181
22,856,28.533333333333335,0.16254946975811824,0.14991673325972513,0.15623310150892167,1,1,234,273,180,181
22,857,28.566666666666666,0.15171498603677824,0.15196735307080417,0.1518411695537912,1,1,234,273,180,181
22,858,28.6,0.14607595467337364,0.14055638570791792,0.1433161701906458,1,1,234,273,180,181
22,859,28.633333333333333,0.16748166234033746,0.14516129032258066,0.15632147633145904,1,1,234,273,180,181
22,860,28.666666666666668,0.14645390034996614,0.16657414806636126,0.15651402420816368,1,1,234,273,180,181
22,861,28.7,0.14843535388775075,0.14707036431466894,0.14775285910120983,1,1,234,273,180,181
22,862,28.733333333333334,0.16794419424705875,0.16120647064314705,0.16457533244510292,1,1,234,273,180,181
22,863,28.766666666666666,0.15171498603677824,0.14991673325972513,0.15081585964825167,1,1,234,273,180,181
22,864,28.8,0.16794419424705875,0.14516129032258066,0.1565527422848197,1,1,234,273,180,181
22,865,28.833333333333332,0.14843535388775075,0.1628027294974068,0.15561904169257879,1,1,234,273,180,181
22,866,28.866666666666667,0.1637196498199476,0.14991673325972513,0.15681819153983637,1,1,234,273,180,181
22,867,28.9,0.14843535388775075,0.15165032545725504,0.1500428396725029,1,1,234,273,180,181
22,868,28.933333333333334,0.16794419424705875,0.16129032258064516,0.16461725841385194,1,1,234,273,180,181
22,869,28.966666666666665,0.13272746234078592,0.12903225806451613,0.13087986020265102,1,1,234,273,180,181
22,870,29.0,0.16794419424705875,0.13530993826416807,0.1516270662556134,1,1,234,273,180,181
22,871,29.033333333333335,0.15171498603677824,0.1628027294974068,0.15725885776709253,1,1,234,273,180,181
22,872,29.066666666666666,0.15171498603677824,0.14991673325972513,0.15081585964825167,1,1,234,273,180,181
22,873,29.1,0.15171498603677824,0.16657414806636126,0.15914456705156976,1,1,234,273,180,181
22,874,29.133333333333333,0.1641432454347156,0.14508582357883235,0.15461453450677398,1,1,234,273,180,181
22,875,29.166666666666668,0.1533616562610183,0.12896517651451764,0.14116341638776797,1,1,234,273,180,181
22,876,29.2,0.17864503916627034,0.18323156287299738,0.18093830101963387,1,1,234,273,180,181
22,877,29.233333333333334,0.14843535388775075,0.14707036431466894,0.14775285910120983,1,1,234,273,180,181
22,878,29.266666666666666,0.17864503916627034,0.17732711770746176,0.17798607843686604,1,1,234,273,180,181
22,879,29.3,0.16254946975811824,0.1628027294974068,0.16267609962776253,1,1,234,273,180,181
22,880,29.333333333333332,0.14645390034996614,0.1628027294974068,0.15462831492368645,1,1,234,273,180,181
22,881,29.366666666666667,0.13094971725035423,0.14707036431466894,0.13901004078251158,1,1,234,273,180,181
22,882,29.4,0.1468415782111534,0.16120647064314705,0.15402402442715024,1,1,234,273,180,181
22,883,29.433333333333334,0.14843535388775075,0.13101783106403966,0.1397265924758952,1,1,234,273,180,181
22,884,29.466666666666665,0.15171498603677824,0.16657414806636126,0.15914456705156976,1,1,234,273,180,181
22,885,29.5,0.14645390034996614,0.13094971725035423,0.1387018088001602,1,1,234,273,180,181
22,886,29.533333333333335,0.13303801921825498,0.133259318453089,0.133148668835672,1,1,234,273,180,181
22,887,29.566666666666666,0.1468415782111534,0.14508582357883235,0.1459637008949929,1,1,234,273,180,181
22,888,29.6,0.1211541191789618,0.13784910120946753,0.12950161019421466,1,1,234,273,180,181
22,889,29.633333333333333,0.15171498603677824,0.14991673325972513,0.15081585964825167,1,1,234,273,180,181
22,890,29.666666666666668,0.1371324480507378,0.13538509209950764,0.13625877007512271,1,1,234,273,180,181
22,891,29.7,0.14843535388775075,0.15196735307080417,0.15020135347927746,1,1,234,273,180,181
22,892,29.733333333333334,0.13272746234078592,0.13333333333333333,0.1330303978370596,1,1,234,273,180,181
22,893,29.766666666666666,0.14966777162053685,0.133259318453089,0.1414635450368129,1,1,234,273,180,181
22,894,29.8,0.1641432454347156,0.14991673325972513,0.15702998934722034,1,1,234,273,180,181
22,895,29.833333333333332,0.16794419424705875,0.1628027294974068,0.16537346187223279,1,1,234,273,180,181
22,896,29.866666666666667,0.1164082668159731,0.12135565039559326,0.11888195860578318,1,1,234,273,180,181
22,897,29.9,0.13508523363449637,0.1206179635582841,0.12785159859639023,1,1,234,273,180,181
22,898,29.933333333333334,0.13508523363449637,0.13530993826416807,0.13519758594933223,1,1,234,273,180,181
22,899,29.966666666666665,0.1691237975014753,0.16959086447129879,0.16935733098638706,1,1,234,273,180,181
22,900,30.0,0.2119129529768179,0.20230967585101683,0.20711131441391736,1,1,234,273,180,181
22,901,30.033333333333335,0.20175249862593286,0.2432521260667406,0.22250231234633672,1,1,234,273,180,181
22,902,30.066666666666666,0.23453250845443513,0.23518021380203982,0.2348563611282375,1,1,234,273,180,181
22,903,30.1,0.2500095791271827,0.2333539232526573,0.24168175118992,1,1,234,273,180,181
22,904,30.133333333333333,0.2336346599038029,0.233998373716993,0.23381651681039795,1,1,234,273,180,181
22,905,30.166666666666668,0.218142503540184,0.21874494482652834,0.21844372418335617,1,1,234,273,180,181
22,906,30.2,0.27653315160108366,0.2425356175997225,0.25953438460040307,1,1,244,277,151,151
22,907,30.233333333333334,0.28279143202531615,0.27735009694912893,0.28007076448722257,1,1,244,277,151,151
22,908,30.266666666666666,0.27653315160108366,0.27653315160108366,0.27653315160108366,1,1,244,277,151,151
22,909,30.3,0.2963804532023211,0.2674082032060554,0.28189432820418825,1,1,234,254,180,180
22,910,30.333333333333332,0.2963804532023211,0.29356515273209083,0.29497280296720596,1,1,234,254,180,180
22,911,30.366666666666667,0.29356515273209083,0.2838781880634814,0.2887216703977861,1,1,234,254,180,180
22,912,30.4,0.310597153863098,0.310597153863098,0.310597153863098,1,1,234,254,180,180
22,913,30.433333333333334,0.310597153863098,0.2838781880634814,0.2972376709632897,1,1,234,254,180,180
22,914,30.466666666666665,0.29356515273209083,0.29356515273209083,0.29356515273209083,1,1,234,254,180,180
22,915,30.5,0.30390756107410805,0.2869288606478309,0.2954182108609695,1,1,234,254,180,180
22,916,30.533333333333335,0.310597153863098,0.2838781880634814,0.2972376709632897,1,1,234,254,180,180
22,917,30.566666666666666,0.2674082032060554,0.23518021380203982,0.2512942085040476,1,1,234,254,180,180
22,918,30.6,0.1909089383547105,0.16629752402281872,0.17860323118876462,1,1,234,254,180,180
22,919,30.633333333333333,0.1859502701611578,0.14991673325972513,0.16793350171044147,1,1,234,254,180,180
22,920,30.666666666666668,0.16748166234033746,0.1533616562610183,0.16042165930067787,1,1,234,254,180,180
22,921,30.7,0.2262527618084144,0.2081997476039034,0.2172262547061589,1,1,234,254,180,180
22,922,30.733333333333334,0.23799925229745036,0.20230967585101683,0.2201544640742336,1,1,234,254,180,180
22,923,30.766666666666666,0.22558632562081257,0.20093335233919965,0.2132598389800061,1,1,234,254,180,180
33,0,0.0,0.2727272727272727,0.2724459770254312,0.272586624876352,1,1,244,145,151,150
33,1,0.03352942097026604,0.2746082435954701,0.27432500782722,0.27446662571134506,1,1,244,145,151,150
33,2,0.06705884194053208,0.2727272727272727,0.27432500782722,0.27352614027724637,1,1,244,145,151,150
33,3,0.10058826291079812,0.2857142857142857,0.28539089595087297,0.28555259083257933,1,1,244,145,151,150
33,4,0.13411768388106415,0.2619047619047619,0.26268668059028194,0.26229572124752193,1,1,244,145,151,150
33,5,0.1676471048513302,0.2724459770254312,0.27432500782722,0.2733854924263256,1,1,244,145,151,150
33,6,0.20117652582159623,0.2727272727272727,0.27432500782722,0.27352614027724637,1,1,244,145,151,150
33,7,0.23470594679186227,0.2727272727272727,0.27620403862900883,0.27446565567814074,1,1,244,145,151,150
33,8,0.2682353677621283,0.2727272727272727,0.27432500782722,0.27352614027724637,1,1,244,145,151,150
33,9,0.3017647887323944,0.2724459770254312,0.27432500782722,0.2733854924263256,1,1,244,145,151,150
33,10,0.3352942097026604,0.2724459770254312,0.26062334962936257,0.2665346633273969,1,1,244,145,151,150
33,11,0.36882363067292645,0.2724459770254312,0.2724459770254312,0.2724459770254312,1,1,244,145,151,150
33,12,0.40235305164319246,0.2724459770254312,0.2724459770254312,0.2724459770254312,1,1,244,145,151,150
33,13,0.4358824726134585,0.2497421456066453,0.2724459770254312,0.26109406131603824,1,1,244,145,151,150
33,14,0.46941189358372454,0.2616083212883002,0.2497421456066453,0.2556752334474727,1,1,244,145,151,150
33,15,0.5029413145539906,0.24045284589131674,0.23782574662572747,0.2391392962585221,1,1,244,145,151,150
33,16,0.5364707355242566,0.18163065135028747,0.18181818181818182,0.18172441658423466,1,1,244,145,151,150
33,17,0.5700001564945227,0.19047619047619047,0.16666666666666666,0.17857142857142855,1,1,244,145,151,150
33,18,0.6035295774647887,0.1590909090909091,0.13636363636363635,0.1477272727272727,1,1,244,145,151,150
33,19,0.6370589984350548,0.20454545454545456,0.18163065135028747,0.19308805294787101,1,1,244,145,151,150
33,20,0.6705884194053208,0.21428571428571427,0.18163065135028747,0.19795818281800087,1,1,244,145,151,150
33,21,0.7041178403755869,0.18163065135028747,0.20454545454545456,0.19308805294787101,1,1,244,145,151,150
33,22,0.7376472613458529,0.21428571428571427,0.18163065135028747,0.19795818281800087,1,1,244,145,151,150
33,23,0.7711766823161189,0.1956521739130435,0.17642258096426716,0.18603737743865534,1,1,244,145,151,150
33,24,0.8047061032863849,0.1520302872837948,0.16277903860265558,0.1574046629432252,1,1,244,145,151,150
33,25,0.838235524256651,0.1520302872837948,0.1765892505645752,0.164309768924185,1,1,244,145,151,150
33,26,0.871764945226917,0.1520302872837948,0.18181818181818182,0.16692423455098832,1,1,244,145,151,150
33,27,0.9052943661971831,0.2043344827690734,0.20454545454545456,0.204439968657264,1,1,244,145,151,150
33,28,0.9388237871674491,0.23809523809523808,0.22928643684591832,0.2336908374705782,1,1,244,145,151,150
33,29,0.9723532081377152,0.23809523809523808,0.22928643684591832,0.2336908374705782,1,1,244,145,151,150
33,30,1.0058826291079812,0.22727272727272727,0.22928643684591832,0.2282795820593228,1,1,244,145,151,150
33,31,1.0394120500782473,0.22727272727272727,0.22928643684591832,0.2282795820593228,1,1,244,145,151,150
33,32,1.0729414710485132,0.2727272727272727,0.22703831418785933,0.24988279345756603,1,1,244,145,151,150
33,33,1.1064708920187794,0.25,0.25,0.25,1,1,244,145,151,150
33,34,1.1400003129890455,0.2724459770254312,0.2724459770254312,0.2724459770254312,1,1,244,145,151,150
33,35,1.1735297339593114,0.2727272727272727,0.2724459770254312,0.272586624876352,1,1,244,145,151,150
33,36,1.2070591549295775,0.2746082435954701,0.2951498084442171,0.2848790260198436,1,1,244,145,151,150
33,37,1.2405885758998434,0.2727272727272727,0.2727272727272727,0.2727272727272727,1,1,244,145,151,150
33,38,1.2741179968701095,0.2727272727272727,0.2497421456066453,0.261234709166959,1,1,244,145,151,150
33,39,1.3076474178403756,0.2727272727272727,0.27432500782722,0.27352614027724637,1,1,244,145,151,150
33,40,1.3411768388106415,0.2857142857142857,0.27432500782722,0.28001964677075286,1,1,244,145,151,150
33,41,1.3747062597809077,0.2857142857142857,0.22928643684591832,0.257500361280102,1,1,244,145,151,150
33,42,1.4082356807511738,0.2857142857142857,0.2497421456066453,0.2677282156604655,1,1,244,145,151,150
33,43,1.4417651017214397,0.2857142857142857,0.27432500782722,0.28001964677075286,1,1,244,145,151,150
33,44,1.4752945226917058,0.2727272727272727,0.22928643684591832,0.2510068547865955,1,1,244,145,151,150
33,45,1.5088239436619717,0.2724459770254312,0.27620403862900883,0.27432500782722,1,1,244,145,151,150
33,46,1.5423533646322378,0.2857142857142857,0.22703831418785933,0.25637629995107253,1,1,244,145,151,150
33,47,1.575882785602504,0.2857142857142857,0.27432500782722,0.28001964677075286,1,1,244,145,151,150
33,48,1.6094122065727698,0.25,0.2724459770254312,0.26122298851271564,1,1,244,145,151,150
33,49,1.642941627543036,0.2951498084442171,0.2724459770254312,0.28379789273482414,1,1,244,145,151,150
33,50,1.676471048513302,0.2857142857142857,0.22703831418785933,0.25637629995107253,1,1,244,145,151,150
33,51,1.710000469483568,0.2619047619047619,0.22703831418785933,0.2444715380463106,1,1,244,145,151,150
33,52,1.743529890453834,0.2857142857142857,0.22928643684591832,0.257500361280102,1,1,244,145,151,150
33,53,1.7770593114241002,0.25,0.22703831418785933,0.23851915709392968,1,1,244,145,151,150
33,54,1.8105887323943661,0.25,0.22703831418785933,0.23851915709392968,1,1,244,145,151,150
33,55,1.8441181533646323,0.25,0.22928643684591832,0.23964321842295916,1,1,244,145,151,150
33,56,1.8776475743348982,0.2857142857142857,0.2724459770254312,0.27908013136985843,1,1,244,145,151,150
33,57,1.9111769953051643,0.2724459770254312,0.26062334962936257,0.2665346633273969,1,1,244,145,151,150
33,58,1.9447064162754304,0.2857142857142857,0.22148725817761966,0.25360077194595265,1,1,244,145,151,150
33,59,1.9782358372456963,0.2857142857142857,0.22703831418785933,0.25637629995107253,1,1,244,145,151,150
33,60,2.0117652582159624,0.2619047619047619,0.22703831418785933,0.2444715380463106,1,1,244,145,151,150
33,61,2.0452946791862283,0.25,0.22703831418785933,0.23851915709392968,1,1,244,145,151,150
33,62,2.0788241001564947,0.2724459770254312,0.2724459770254312,0.2724459770254312,1,1,244,145,151,150
33,63,2.1123535211267606,0.22703831418785933,0.22928643684591832,0.22816237551688884,1,1,244,145,151,150
33,64,2.1458829420970265,0.25,0.22928643684591832,0.23964321842295916,1,1,244,145,151,150
33,65,2.179412363067293,0.22952317107807507,0.22928643684591832,0.2294048039619967,1,1,244,145,151,150
33,66,2.2129417840375587,0.2727272727272727,0.22928643684591832,0.2510068547865955,1,1,244,145,151,150
33,67,2.2464712050078246,0.25,0.22928643684591832,0.23964321842295916,1,1,244,145,151,150
33,68,2.280000625978091,0.2619047619047619,0.22703831418785933,0.2444715380463106,1,1,244,145,151,150
33,69,2.313530046948357,0.2727272727272727,0.22703831418785933,0.24988279345756603,1,1,244,145,151,150
33,70,2.3470594679186227,0.2727272727272727,0.22703831418785933,0.24988279345756603,1,1,244,145,151,150
33,71,2.3805888888888886,0.25,0.22928643684591832,0.23964321842295916,1,1,244,145,151,150
33,72,2.414118309859155,0.23782574662572747,0.21623834852625262,0.22703204757599005,1,1,244,145,151,150
33,73,2.447647730829421,0.2727272727272727,0.22928643684591832,0.2510068547865955,1,1,244,145,151,150
33,74,2.481177151799687,0.22727272727272727,0.22703831418785933,0.2271555207302933,1,1,244,145,151,150
33,75,2.514706572769953,0.2876848266238258,0.23782574662572747,0.26275528662477665,1,1,244,145,151,150
33,76,2.548235993740219,0.2857142857142857,0.22928643684591832,0.257500361280102,1,1,244,145,151,150
33,77,2.581765414710485,0.2619047619047619,0.22952317107807507,0.2457139664914185,1,1,244,145,151,150
33,78,2.6152948356807513,0.23809523809523808,0.22703831418785933,0.2325667761415487,1,1,244,145,151,150
33,79,2.648824256651017,0.2857142857142857,0.22703831418785933,0.25637629995107253,1,1,244,145,151,150
33,80,2.682353677621283,0.25,0.22703831418785933,0.23851915709392968,1,1,244,145,151,150
33,81,2.7158830985915494,0.23809523809523808,0.22928643684591832,0.2336908374705782,1,1,244,145,151,150
33,82,2.7494125195618153,0.23809523809523808,0.22703831418785933,0.2325667761415487,1,1,244,145,151,150
33,83,2.782941940532081,0.2619047619047619,0.22727272727272727,0.24458874458874458,1,1,244,145,151,150
33,84,2.8164713615023476,0.22727272727272727,0.20454545454545456,0.2159090909090909,1,1,244,145,151,150
33,85,2.8500007824726135,0.18181818181818182,0.17374889975290836,0.1777835407855451,1,1,244,145,151,150
33,86,2.8835302034428794,0.18442561845864175,0.1520302872837948,0.16822795287121828,1,1,244,145,151,150
33,87,2.9170596244131457,0.1520302872837948,0.1520302872837948,0.1520302872837948,1,1,244,145,151,150
33,88,2.9505890453834116,0.15555473373026182,0.12826948791590803,0.1419121108230849,1,1,244,145,151,150
33,89,2.9841184663536775,0.16172178703985582,0.12826948791590803,0.1449956374778819,1,1,244,145,151,150
33,90,3.0176478873239434,0.1520302872837948,0.1520302872837948,0.1520302872837948,1,1,244,145,151,150
33,91,3.0511773082942097,0.15892681993150154,0.13031167481468128,0.1446192473730914,1,1,244,145,151,150
33,92,3.0847067292644756,0.13990731402287063,0.13031167481468128,0.13510949441877596,1,1,244,145,151,150
33,93,3.1182361502347415,0.11900154568932274,0.11363636363636363,0.11631895466284319,1,1,244,145,151,150
33,94,3.151765571205008,0.13990731402287063,0.1338361212611483,0.13687171764200945,1,1,244,145,151,150
33,95,3.185294992175274,0.13990731402287063,0.12826948791590803,0.13408840096938934,1,1,244,145,151,150
33,96,3.2188244131455397,0.16172178703985582,0.12826948791590803,0.1449956374778819,1,1,244,145,151,150
33,97,3.252353834115806,0.1547039684951536,0.13031167481468128,0.14250782165491743,1,1,244,145,151,150
33,98,3.285883255086072,0.1520302872837948,0.13031167481468128,0.14117098104923803,1,1,244,145,151,150
33,99,3.319412676056338,0.15892681993150154,0.1362229885127156,0.14757490422210856,1,1,244,145,151,150
33,100,3.352942097026604,0.1520302872837948,0.13031167481468128,0.14117098104923803,1,1,244,145,151,150
33,101,3.38647151799687,0.1547039684951536,0.17391304347826086,0.16430850598670724,1,1,244,145,151,150
33,102,3.420000938967136,0.16261114544165658,0.1339625586634097,0.14828685205253314,1,1,244,145,151,150
33,103,3.4535303599374023,0.13990731402287063,0.1339625586634097,0.13693493634314016,1,1,244,145,151,150
33,104,3.487059780907668,0.17642258096426716,0.17642258096426716,0.17642258096426716,1,1,244,145,151,150
33,105,3.520589201877934,0.13990731402287063,0.13031167481468128,0.13510949441877596,1,1,244,145,151,150
33,106,3.5541186228482005,0.16172178703985582,0.125,0.14336089351992792,1,1,244,145,151,150
33,107,3.5876480438184664,0.17374889975290836,0.1516472351937417,0.16269806747332505,1,1,244,145,151,150
33,108,3.6211774647887323,0.11887880540383475,0.09208843500717827,0.1054836202055065,1,1,244,145,151,150
33,109,3.654706885758998,0.16172178703985582,0.17642258096426716,0.16907218400206148,1,1,244,145,151,150
33,110,3.6882363067292645,0.1520302872837948,0.13031167481468128,0.14117098104923803,1,1,244,145,151,150
33,111,3.7217657276995304,0.15555473373026182,0.16652217792363402,0.16103845582694792,1,1,244,145,151,150
33,112,3.7552951486697963,0.15555473373026182,0.1339625586634097,0.14475864619683576,1,1,244,145,151,150
33,113,3.7888245696400626,0.15485012012979257,0.13031167481468128,0.14258089747223693,1,1,244,145,151,150
33,114,3.8223539906103285,0.13990731402287063,0.13043478260869565,0.13517104831578314,1,1,244,145,151,150
33,115,3.8558834115805944,0.15892681993150154,0.17642258096426716,0.16767470044788435,1,1,244,145,151,150
33,116,3.889412832550861,0.1490847601563623,0.12489163344272552,0.1369881967995439,1,1,244,145,151,150
33,117,3.9229422535211267,0.1954675122220219,0.17374889975290836,0.18460820598746513,1,1,244,145,151,150
33,118,3.9564716744913926,0.16172178703985582,0.18163065135028747,0.17167621919507164,1,1,244,145,151,150
33,119,3.990001095461659,0.17642258096426716,0.17391304347826086,0.175167812221264,1,1,244,145,151,150
33,120,4.023530516431925,0.15555473373026182,0.17391304347826086,0.16473388860426136,1,1,244,145,151,150
33,121,4.057059937402191,0.1547039684951536,0.17374889975290836,0.16422643412403098,1,1,244,145,151,150
33,122,4.090589358372457,0.15555473373026182,0.17374889975290836,0.16465181674158508,1,1,244,145,151,150
33,123,4.124118779342723,0.16172178703985582,0.1765892505645752,0.16915551880221552,1,1,244,145,151,150
33,124,4.157648200312989,0.17642258096426716,0.17391304347826086,0.175167812221264,1,1,244,145,151,150
33,125,4.191177621283255,0.17642258096426716,0.17391304347826086,0.175167812221264,1,1,244,145,151,150
33,126,4.224707042253521,0.13990731402287063,0.16172178703985582,0.15081455053136322,1,1,244,145,151,150
33,127,4.2582364632237875,0.13990731402287063,0.13043478260869565,0.13517104831578314,1,1,244,145,151,150
33,128,4.291765884194053,0.13031167481468128,0.15217391304347827,0.1412427939290798,1,1,244,145,151,150
33,129,4.325295305164319,0.15555473373026182,0.17391304347826086,0.16473388860426136,1,1,244,145,151,150
33,130,4.358824726134586,0.1338361212611483,0.17391304347826086,0.15387458236970458,1,1,244,145,151,150
33,131,4.392354147104851,0.1338361212611483,0.15485012012979257,0.14434312069547045,1,1,244,145,151,150
33,132,4.425883568075117,0.13990731402287063,0.15217391304347827,0.14604061353317443,1,1,244,145,151,150
33,133,4.459412989045384,0.13031167481468128,0.13043478260869565,0.13037322871168847,1,1,244,145,151,150
33,134,4.492942410015649,0.13990731402287063,0.17391304347826086,0.15691017875056573,1,1,244,145,151,150
33,135,4.5264718309859155,0.15555473373026182,0.18181818181818182,0.1686864577742218,1,1,244,145,151,150
33,136,4.560001251956182,0.13990731402287063,0.13043478260869565,0.13517104831578314,1,1,244,145,151,150
33,137,4.593530672926447,0.13990731402287063,0.13636363636363635,0.13813547519325348,1,1,244,145,151,150
33,138,4.627060093896714,0.13990731402287063,0.17374889975290836,0.1568281068878895,1,1,244,145,151,150
33,139,4.660589514866979,0.13990731402287063,0.11363636363636363,0.12677183882961712,1,1,244,145,151,150
33,140,4.6941189358372455,0.16540611255001084,0.1765892505645752,0.170997681557293,1,1,244,145,151,150
33,141,4.727648356807512,0.13031167481468128,0.1765892505645752,0.15345046268962825,1,1,244,145,151,150
33,142,4.761177777777777,0.15555473373026182,0.14921411871910095,0.1523844262246814,1,1,244,145,151,150
33,143,4.794707198748044,0.1338361212611483,0.17391304347826086,0.15387458236970458,1,1,244,145,151,150
33,144,4.82823661971831,0.15555473373026182,0.13031167481468128,0.14293320427247155,1,1,244,145,151,150
33,145,4.861766040688575,0.13990731402287063,0.10869565217391304,0.12430148309839184,1,1,244,145,151,150
33,146,4.895295461658842,0.15892681993150154,0.1765892505645752,0.16775803524803837,1,1,244,145,151,150
33,147,4.928824882629108,0.1373605677076153,0.1520302872837948,0.14469542749570505,1,1,244,145,151,150
33,148,4.962354303599374,0.16172178703985582,0.13556669587674347,0.14864424145829963,1,1,244,145,151,150
33,149,4.99588372456964,0.15555473373026182,0.17391304347826086,0.16473388860426136,1,1,244,145,151,150
33,150,5.029413145539906,0.13990731402287063,0.1339625586634097,0.13693493634314016,1,1,244,145,151,150
33,151,5.062942566510172,0.13990731402287063,0.13031167481468128,0.13510949441877596,1,1,244,145,151,150
33,152,5.096471987480438,0.13990731402287063,0.13043478260869565,0.13517104831578314,1,1,244,145,151,150
33,153,5.130001408450704,0.1338361212611483,0.1557016890981923,0.14476890517967028,1,1,244,145,151,150
33,154,5.16353082942097,0.14359163953302567,0.1283807853857676,0.13598621245939663,1,1,244,145,151,150
33,155,5.197060250391236,0.16122392483098627,0.13031167481468128,0.14576779982283378,1,1,244,145,151,150
33,156,5.2305896713615025,0.13990731402287063,0.13990731402287063,0.13990731402287063,1,1,244,145,151,150
33,157,5.264119092331768,0.13990731402287063,0.13990731402287063,0.13990731402287063,1,1,244,145,151,150
33,158,5.297648513302034,0.13990731402287063,0.1338361212611483,0.13687171764200945,1,1,244,145,151,150
33,159,5.331177934272301,0.13990731402287063,0.1362229885127156,0.13806515126779312,1,1,244,145,151,150
33,160,5.364707355242566,0.1394766078968045,0.14005176587538284,0.13976418688609366,1,1,244,145,151,150
33,161,5.3982367762128325,0.13345894268467748,0.13031167481468128,0.13188530874967938,1,1,244,145,151,150
33,162,5.431766197183099,0.15160183368847388,0.15217391304347827,0.1518878733659761,1,1,244,145,151,150
33,163,5.465295618153364,0.15511634749731662,0.13031167481468128,0.14271401115599897,1,1,244,145,151,150
33,164,5.498825039123631,0.1547039684951536,0.13031167481468128,0.14250782165491743,1,1,244,145,151,150
33,165,5.532354460093897,0.1394766078968045,0.13043478260869565,0.13495569525275009,1,1,244,145,151,150
33,166,5.565883881064162,0.16540611255001084,0.13031167481468128,0.14785889368234606,1,1,244,145,151,150
33,167,5.599413302034429,0.1338361212611483,0.13031167481468128,0.1320738980379148,1,1,244,145,151,150
33,168,5.632942723004695,0.1394766078968045,0.11351915709392967,0.1264978824953671,1,1,244,145,151,150
33,169,5.666472143974961,0.1338361212611483,0.12826948791590803,0.13105280458852817,1,1,244,145,151,150
33,170,5.700001564945227,0.13990731402287063,0.13031167481468128,0.13510949441877596,1,1,244,145,151,150
33,171,5.733530985915493,0.16261114544165658,0.13043478260869565,0.14652296402517612,1,1,244,145,151,150
33,172,5.767060406885759,0.13345894268467748,0.13031167481468128,0.13188530874967938,1,1,244,145,151,150
33,173,5.800589827856025,0.13345894268467748,0.12489163344272552,0.1291752880637015,1,1,244,145,151,150
33,174,5.834119248826291,0.1338361212611483,0.13031167481468128,0.1320738980379148,1,1,244,145,151,150
33,175,5.867648669796557,0.1394766078968045,0.1339625586634097,0.13671958328010708,1,1,244,145,151,150
33,176,5.901178090766823,0.14655482945648382,0.1362229885127156,0.14138890898459971,1,1,244,145,151,150
33,177,5.9347075117370895,0.13990731402287063,0.13043478260869565,0.13517104831578314,1,1,244,145,151,150
33,178,5.968236932707355,0.1621105453336672,0.1338361212611483,0.14797333329740775,1,1,244,145,151,150
33,179,6.001766353677621,0.17033740411905657,0.15892681993150154,0.16463211202527905,1,1,244,145,151,150
33,180,6.035295774647887,0.1338361212611483,0.1338361212611483,0.1338361212611483,1,1,244,145,151,150
33,181,6.068825195618153,0.1394766078968045,0.1362229885127156,0.13784979820476007,1,1,244,145,151,150
33,182,6.1023546165884195,0.15555473373026182,0.13031167481468128,0.14293320427247155,1,1,244,145,151,150
33,183,6.135884037558685,0.17642258096426716,0.12489163344272552,0.15065710720349634,1,1,244,145,151,150
33,184,6.169413458528951,0.17325923850111302,0.17374889975290836,0.1735040691270107,1,1,244,145,151,150
33,185,6.202942879499218,0.20029176017662279,0.17374889975290836,0.18702032996476559,1,1,244,145,151,150
33,186,6.236472300469483,0.1577824937079317,0.17374889975290836,0.16576569673042002,1,1,245,148,125,125
33,187,6.270001721439749,0.1577824937079317,0.1520302872837948,0.15490639049586324,1,1,245,148,125,125
33,188,6.303531142410016,0.13345894268467748,0.17642258096426716,0.1549407618244723,1,1,245,148,125,125
33,189,6.337060563380281,0.13345894268467748,0.1765892505645752,0.15502409662462635,1,1,245,148,125,125
33,190,6.370589984350548,0.1759253847117281,0.17374889975290836,0.17483714223231822,1,1,245,148,125,125
33,191,6.404119405320814,0.1954675122220219,0.17374889975290836,0.18460820598746513,1,1,245,148,125,125
33,192,6.437648826291079,0.25413141467354516,0.22703831418785933,0.24058486443070226,1,1,245,148,125,125
33,193,6.471178247261346,0.2428527953069822,0.22633937436862692,0.23459608483780456,1,1,245,148,125,125
33,194,6.504707668231612,0.2391304347826087,0.21718612469113546,0.22815827973687208,1,1,245,148,125,125
33,195,6.5382370892018775,0.23809523809523808,0.25162117640843407,0.24485820725183607,1,1,245,148,125,125
33,196,6.571766510172144,0.30952380952380953,0.2753537416140702,0.2924387755689399,1,1,245,148,125,125
33,197,6.60529593114241,0.2951498084442171,0.2530877597803469,0.274118784112282,1,1,245,148,125,125
33,198,6.638825352112676,0.2857142857142857,0.2716072492423523,0.278660767478319,1,1,245,148,125,125
33,199,6.672354773082942,0.25413141467354516,0.2508465579913486,0.2524889863324469,1,1,245,148,125,125
33,200,6.705884194053208,0.2857142857142857,0.2716072492423523,0.278660767478319,1,1,245,148,125,125
33,201,6.739413615023474,0.2746082435954701,0.2753537416140702,0.27498099260477016,1,1,245,148,125,125
33,202,6.77294303599374,0.2973355163227428,0.294241186679215,0.29578835150097893,1,1,245,148,125,125
33,203,6.8064724569640065,0.29895069382407446,0.2716072492423523,0.28527897153321335,1,1,245,148,125,125
33,204,6.840001877934272,0.29895069382407446,0.31687512411607766,0.30791290897007606,1,1,245,148,125,125
33,205,6.873531298904538,0.29895069382407446,0.27348049542821123,0.2862155946261429,1,1,245,148,125,125
33,206,6.907060719874805,0.29545454545454547,0.2716072492423523,0.2835308973484489,1,1,244,145,151,150
33,207,6.94059014084507,0.29545454545454547,0.2650336685784739,0.2802441070165097,1,1,244,145,151,150
33,208,6.974119561815336,0.30952380952380953,0.2753537416140702,0.2924387755689399,1,1,244,145,151,150
33,209,7.007648982785603,0.2857142857142857,0.2863889547677201,0.2860516202410029,1,1,244,145,151,150
33,210,7.041178403755868,0.30952380952380953,0.28442729012925744,0.2969755498265335,1,1,244,145,151,150
33,211,7.074707824726135,0.2727272727272727,0.28835061940618273,0.2805389460667277,1,1,244,145,151,150
33,212,7.108237245696401,0.2873592064757582,0.2650336685784739,0.27619643752711603,1,1,244,145,151,150
33,213,7.141766666666666,0.30952380952380953,0.2650336685784739,0.2872787390511417,1,1,244,145,151,150
33,214,7.175296087636933,0.2857142857142857,0.26268668059028194,0.27420048315228385,1,1,244,145,151,150
33,215,7.208825508607199,0.2857142857142857,0.26268668059028194,0.27420048315228385,1,1,244,145,151,150
33,216,7.2423549295774645,0.30952380952380953,0.26268668059028194,0.2861052450570457,1,1,244,145,151,150
33,217,7.275884350547731,0.2857142857142857,0.2607250159518193,0.2732196508330525,1,1,244,145,151,150
33,218,7.309413771517996,0.2727272727272727,0.2607250159518193,0.266726144339546,1,1,244,145,151,150
33,219,7.342943192488263,0.30952380952380953,0.2607250159518193,0.2851244127378144,1,1,244,145,151,150
33,220,7.376472613458529,0.2876848266238258,0.26396326059258296,0.27582404360820434,1,1,244,145,151,150
33,221,7.4100020344287945,0.2857142857142857,0.2760984400541352,0.28090636288421045,1,1,244,145,151,150
33,222,7.443531455399061,0.2857142857142857,0.25121451359448793,0.26846439965438684,1,1,244,145,151,150
33,223,7.477060876369327,0.2619047619047619,0.2616083212883002,0.26175654159653106,1,1,244,145,151,150
33,224,7.510590297339593,0.28539089595087297,0.2724459770254312,0.27891843648815207,1,1,244,145,151,150
33,225,7.544119718309859,0.2857142857142857,0.26307200394001123,0.2743931448271485,1,1,244,145,151,150
33,226,7.577649139280125,0.30952380952380953,0.2635766318131854,0.28655022066849745,1,1,244,145,151,150
33,227,7.611178560250391,0.2857142857142857,0.2607250159518193,0.2732196508330525,1,1,244,145,151,150
33,228,7.644707981220657,0.2876848266238258,0.2607250159518193,0.27420492128782253,1,1,244,145,151,150
33,229,7.678237402190923,0.2727272727272727,0.2519902682647042,0.26235877049598844,1,1,244,145,151,150
33,230,7.711766823161189,0.2857142857142857,0.27620403862900883,0.2809591621716473,1,1,244,145,151,150
33,231,7.745296244131455,0.2873592064757582,0.27348049542821123,0.28041985095198474,1,1,244,145,151,150
33,232,7.778825665101722,0.2857142857142857,0.25121451359448793,0.26846439965438684,1,1,244,145,151,150
33,233,7.812355086071987,0.2619047619047619,0.2393697297625731,0.25063724583366753,1,1,244,145,151,150
33,234,7.845884507042253,0.2857142857142857,0.23702274177438118,0.26136851374433345,1,1,244,145,151,150
33,235,7.87941392801252,0.2876848266238258,0.2530877597803469,0.27038629320208635,1,1,244,145,151,150
33,236,7.912943348982785,0.29545454545454547,0.2716072492423523,0.2835308973484489,1,1,244,145,151,150
33,237,7.9464727699530515,0.2616083212883002,0.23702274177438118,0.24931553153134067,1,1,244,145,151,150
33,238,7.980002190923318,0.2857142857142857,0.25121451359448793,0.26846439965438684,1,1,244,145,151,150
33,239,8.013531611893583,0.28539089595087297,0.26307200394001123,0.27423144994544213,1,1,244,145,151,150
33,240,8.04706103286385,0.2497421456066453,0.22858057615762525,0.23916136088213527,1,1,244,145,151,150
33,241,8.080590453834116,0.2727272727272727,0.2489733118054896,0.2608502922663811,1,1,244,145,151,150
33,242,8.114119874804382,0.28539089595087297,0.2607250159518193,0.27305795595134613,1,1,244,145,151,150
33,243,8.147649295774647,0.2727272727272727,0.25121451359448793,0.2619708931608803,1,1,244,145,151,150
33,244,8.181178716744913,0.2727272727272727,0.2616083212883002,0.2671677970077865,1,1,244,145,151,150
33,245,8.21470813771518,0.2727272727272727,0.2607250159518193,0.266726144339546,1,1,244,145,151,150
33,246,8.248237558685446,0.28539089595087297,0.2607250159518193,0.27305795595134613,1,1,244,145,151,150
33,247,8.281766979655712,0.27432500782722,0.294241186679215,0.28428309725321754,1,1,244,145,151,150
33,248,8.315296400625979,0.28539089595087297,0.28442729012925744,0.2849090930400652,1,1,244,145,151,150
33,249,8.348825821596243,0.31318644114903044,0.294241186679215,0.3037138139141227,1,1,245,148,125,125
33,250,8.38235524256651,0.2826086956521739,0.294241186679215,0.28842494116569445,1,1,245,148,125,125
33,251,8.415884663536776,0.2727272727272727,0.25121451359448793,0.2619708931608803,1,1,244,145,151,150
33,252,8.449414084507042,0.29545454545454547,0.297722977231715,0.2965887613431302,1,1,245,148,125,125
33,253,8.482943505477309,0.29706972295587714,0.294241186679215,0.29565545481754607,1,1,245,148,125,125
33,254,8.516472926447575,0.3181818181818182,0.28487783258736193,0.30152982538459006,1,1,245,148,125,125
33,255,8.55000234741784,0.2951498084442171,0.297722977231715,0.2964363928379661,1,1,245,148,125,125
33,256,8.583531768388106,0.2746082435954701,0.297722977231715,0.28616561041359256,1,1,245,148,125,125
33,257,8.617061189358372,0.30952380952380953,0.2716072492423523,0.2905655293830809,1,1,245,148,125,125
33,258,8.650590610328639,0.29545454545454547,0.28154626256430865,0.28850040400942706,1,1,245,148,125,125
33,259,8.684120031298905,0.3181818181818182,0.28487783258736193,0.30152982538459006,1,1,245,148,125,125
33,260,8.717649452269171,0.27620403862900883,0.2716072492423523,0.27390564393568057,1,1,245,148,125,125
33,261,8.751178873239436,0.29545454545454547,0.27432500782722,0.2848897766408828,1,1,245,148,125,125
33,262,8.784708294209702,0.2727272727272727,0.27432500782722,0.27352614027724637,1,1,245,148,125,125
33,263,8.818237715179968,0.2727272727272727,0.2724459770254312,0.272586624876352,1,1,245,148,125,125
33,264,8.851767136150235,0.29895069382407446,0.27620403862900883,0.2875773662265416,1,1,245,148,125,125
33,265,8.885296557120501,0.29545454545454547,0.2716072492423523,0.2835308973484489,1,1,245,148,125,125
33,266,8.918825978090767,0.2764892144636674,0.29864235082487856,0.287565782644273,1,1,245,148,125,125
33,267,8.952355399061032,0.29545454545454547,0.2753537416140702,0.2854041435343079,1,1,245,148,125,125
33,268,8.985884820031298,0.29895069382407446,0.29611443286507394,0.29753256334457423,1,1,245,148,125,125
33,269,9.019414241001565,0.2764892144636674,0.26347370913460266,0.26998146179913507,1,1,245,148,125,125
33,270,9.052943661971831,0.2859528375708539,0.26347370913460266,0.27471327335272827,1,1,245,148,125,125
33,271,9.086473082942097,0.29895069382407446,0.2624208410328536,0.2806857674284641,1,1,245,148,125,125
33,272,9.120002503912364,0.29895069382407446,0.297722977231715,0.2983368355278947,1,1,245,148,125,125
33,273,9.153531924882628,0.29895069382407446,0.27348049542821123,0.2862155946261429,1,1,245,148,125,125
33,274,9.187061345852895,0.2826086956521739,0.28355096211432024,0.28307982888324706,1,1,245,148,125,125
33,275,9.220590766823161,0.2764892144636674,0.26421833243634474,0.2703537734500061,1,1,245,148,125,125
33,276,9.254120187793427,0.2764892144636674,0.25988885775166953,0.2681890361076685,1,1,245,148,125,125
33,277,9.287649608763694,0.2826086956521739,0.28308540689589534,0.28284705127403464,1,1,245,148,125,125
33,278,9.321179029733958,0.2826086956521739,0.29864235082487856,0.2906255232385262,1,1,245,148,125,125
33,279,9.354708450704225,0.2764892144636674,0.25988885775166953,0.2681890361076685,1,1,245,148,125,125
33,280,9.388237871674491,0.29706972295587714,0.28308540689589534,0.2900775649258862,1,1,245,148,125,125
33,281,9.421767292644757,0.2826086956521739,0.25988885775166953,0.2712487767019217,1,1,245,148,125,125
33,282,9.455296713615024,0.2764892144636674,0.28487783258736193,0.2806835235255147,1,1,245,148,125,125
33,283,9.48882613458529,0.2764892144636674,0.27620403862900883,0.2763466265463381,1,1,245,148,125,125
33,284,9.522355555555555,0.2764892144636674,0.26421833243634474,0.2703537734500061,1,1,245,148,125,125
33,285,9.555884976525821,0.29706972295587714,0.26421833243634474,0.28064402769611096,1,1,245,148,125,125
33,286,9.589414397496087,0.29895069382407446,0.26347370913460266,0.28121220147933856,1,1,245,148,125,125
33,287,9.622943818466354,0.29895069382407446,0.2838854563241673,0.2914180750741209,1,1,245,148,125,125
33,288,9.65647323943662,0.29864235082487856,0.28487783258736193,0.2917600917061203,1,1,245,148,125,125
33,289,9.690002660406886,0.29895069382407446,0.26347370913460266,0.28121220147933856,1,1,245,148,125,125
33,290,9.72353208137715,0.2973355163227428,0.2753537416140702,0.2863446289684065,1,1,245,148,125,125
33,291,9.757061502347417,0.3194671514418757,0.26347370913460266,0.29147043028823916,1,1,245,148,125,125
33,292,9.790590923317684,0.3178536398630031,0.28487783258736193,0.3013657362251825,1,1,245,148,125,125
33,293,9.82412034428795,0.29864235082487856,0.2753537416140702,0.2869980462194744,1,1,245,148,125,125
33,294,9.857649765258216,0.27620403862900883,0.2753537416140702,0.27577889012153955,1,1,245,148,125,125
33,295,9.891179186228483,0.27432500782722,0.2753537416140702,0.2748393747206451,1,1,245,148,125,125
33,296,9.924708607198747,0.27620403862900883,0.27620403862900883,0.27620403862900883,1,1,245,148,125,125
33,297,9.958238028169013,0.29895069382407446,0.26421833243634474,0.2815845131302096,1,1,245,148,125,125
33,298,9.99176744913928,0.29864235082487856,0.27620403862900883,0.28742319472694366,1,1,245,148,125,125
33,299,10.025296870109546,0.29864235082487856,0.2716072492423523,0.2851248000336154,1,1,245,148,125,125
33,300,10.058826291079813,0.17642258096426716,0.1997272955143898,0.18807493823932847,1,1,245,148,125,125
33,301,10.092355712050079,0.1785915309223432,0.17374889975290836,0.17617021533762578,1,1,245,148,125,125
33,302,10.125885133020343,0.16261114544165658,0.15160183368847388,0.15710648956506523,1,1,245,148,125,125
33,303,10.15941455399061,0.17374889975290836,0.1457069056831798,0.15972790271804407,1,1,245,148,125,125
33,304,10.192943974960876,0.1520302872837948,0.14869869798718208,0.15036449263548846,1,1,245,148,125,125
33,305,10.226473395931142,0.20048097942186438,0.1954675122220219,0.19797424582194315,1,1,245,148,125,125
33,306,10.260002816901409,0.22952317107807507,0.20649179970471165,0.21800748539139336,1,1,245,148,125,125
33,307,10.293532237871675,0.253869299066493,0.22858057615762525,0.24122493761205915,1,1,245,148,125,125
33,308,10.32706165884194,0.253869299066493,0.2497421456066453,0.25180572233656917,1,1,245,148,125,125
33,309,10.360591079812206,0.23153455950397728,0.22928643684591832,0.2304104981749478,1,1,245,148,125,125
33,310,10.394120500782472,0.18722058556699603,0.17374889975290836,0.18048474265995218,1,1,245,148,125,125
33,311,10.427649921752739,0.17325923850111302,0.16609096072102805,0.16967509961107052,1,1,245,148,125,125
33,312,10.461179342723005,0.1759253847117281,0.17374889975290836,0.17483714223231822,1,1,245,148,125,125
33,313,10.494708763693271,0.18442561845864175,0.17374889975290836,0.17908725910577505,1,1,245,148,125,125
33,314,10.528238184663536,0.17909626217562594,0.209669481956519,0.19438287206607247,1,1,245,148,125,125
33,315,10.561767605633802,0.22169650119283926,0.20761370090128506,0.21465510104706215,1,1,245,148,125,125
33,316,10.595297026604069,0.1954675122220219,0.21933669143437756,0.20740210182819974,1,1,245,148,125,125
33,317,10.628826447574335,0.22703831418785933,0.23153455950397728,0.22928643684591832,1,1,245,148,125,125
33,318,10.662355868544601,0.2497421456066453,0.23082177794662362,0.24028196177663447,1,1,245,148,125,125
33,319,10.695885289514866,0.2497421456066453,0.253869299066493,0.25180572233656917,1,1,245,148,125,125
33,320,10.729414710485132,0.20712944987742768,0.17325923850111302,0.19019434418927034,1,1,245,148,125,125
33,321,10.762944131455399,0.18664422504079642,0.21657404812639125,0.20160913658359383,1,1,245,148,125,125
33,322,10.796473552425665,0.20937757253548664,0.17374889975290836,0.1915632361441975,1,1,245,148,125,125
33,323,10.830002973395931,0.1981411934333807,0.1873374501640883,0.1927393217987345,1,1,245,148,125,125
33,324,10.863532394366198,0.17909626217562594,0.1873374501640883,0.1832168561698571,1,1,245,148,125,125
33,325,10.897061815336462,0.16489690810661464,0.16908465296101344,0.16699078053381405,1,1,245,148,125,125
33,326,10.930591236306729,0.18722058556699603,0.1759253847117281,0.18157298513936207,1,1,245,148,125,125
33,327,10.964120657276995,0.23153455950397728,0.21871855411641383,0.22512655681019555,1,1,245,148,125,125
33,328,10.997650078247261,0.25413141467354516,0.2382314529390304,0.24618143380628776,1,1,245,148,125,125
33,329,11.031179499217528,0.238904737160249,0.2407022285637401,0.23980348286199454,1,1,245,148,125,125
33,330,11.064708920187794,0.25413141467354516,0.21657404812639125,0.2353527313999682,1,1,245,148,125,125
33,331,11.098238341158059,0.25,0.21657404812639125,0.23328702406319562,1,1,245,148,125,125
33,332,11.131767762128325,0.27432500782722,0.2489733118054896,0.26164915981635484,1,1,245,148,125,125
33,333,11.165297183098591,0.21739130434782608,0.2102138408252295,0.2138025725865278,1,1,245,148,125,125
33,334,11.198826604068858,0.20873300149371002,0.17325923850111302,0.1909961199974115,1,1,245,148,125,125
33,335,11.232356025039124,0.18442561845864175,0.1759253847117281,0.18017550158518492,1,1,245,148,125,125
33,336,11.26588544600939,0.17642258096426716,0.17374889975290836,0.17508574035858776,1,1,245,148,125,125
33,337,11.299414866979655,0.1759253847117281,0.1490847601563623,0.16250507243404522,1,1,245,148,125,125
33,338,11.332944287949921,0.19491664331375214,0.17642258096426716,0.18566961213900965,1,1,245,148,125,125
33,339,11.366473708920187,0.22148725817761966,0.22086306010643642,0.22117515914202804,1,1,245,148,125,125
33,340,11.400003129890454,0.23153455950397728,0.22858057615762525,0.23005756783080128,1,1,245,148,125,125
33,341,11.43353255086072,0.2724459770254312,0.238904737160249,0.2556753570928401,1,1,245,148,125,125
33,342,11.467061971830987,0.238904737160249,0.25988885775166953,0.24939679745595927,1,1,245,148,125,125
33,343,11.500591392801251,0.2497421456066453,0.2716072492423523,0.2606746974244988,1,1,245,148,125,125
33,344,11.534120813771517,0.2497421456066453,0.2382314529390304,0.24398679927283784,1,1,245,148,125,125
33,345,11.567650234741784,0.25,0.2489733118054896,0.2494866559027448,1,1,245,148,125,125
33,346,11.60117965571205,0.1954675122220219,0.19491664331375214,0.19519207776788702,1,1,245,148,125,125
33,347,11.634709076682316,0.18722058556699603,0.21657404812639125,0.20189731684669365,1,1,245,148,125,125
33,348,11.668238497652583,0.20937757253548664,0.1954675122220219,0.2024225423787543,1,1,245,148,125,125
33,349,11.701767918622847,0.18385786226784898,0.18685233081115654,0.18535509653950277,1,1,245,148,125,125
33,350,11.735297339593114,0.197618078965264,0.20761370090128506,0.20261588993327453,1,1,245,148,125,125
33,351,11.76882676056338,0.22928643684591832,0.16652217792363402,0.19790430738477616,1,1,245,148,125,125
33,352,11.802356181533646,0.253869299066493,0.21657404812639125,0.23522167359644214,1,1,245,148,125,125
33,353,11.835885602503913,0.25413141467354516,0.24216838462051954,0.24814989964703235,1,1,245,148,125,125
33,354,11.869415023474179,0.2497421456066453,0.22148725817761966,0.23561470189213246,1,1,245,148,125,125
33,355,11.902944444444444,0.2497421456066453,0.23153455950397728,0.2406383525553113,1,1,245,148,125,125
33,356,11.93647386541471,0.2724459770254312,0.2753537416140702,0.2738998593197507,1,1,245,148,125,125
33,357,11.970003286384976,0.2951498084442171,0.2716072492423523,0.28337852884328474,1,1,245,148,125,125
33,358,12.003532707355243,0.2727272727272727,0.2753537416140702,0.27404050717067147,1,1,245,148,125,125
33,359,12.037062128325509,0.2724459770254312,0.26347370913460266,0.26795984308001697,1,1,245,148,125,125
33,360,12.070591549295774,0.2497421456066453,0.2753537416140702,0.26254794361035777,1,1,245,148,125,125
33,361,12.10412097026604,0.18722058556699603,0.20029176017662279,0.1937561728718094,1,1,245,148,125,125
33,362,12.137650391236306,0.22086306010643642,0.19146395125120313,0.20616350567881978,1,1,245,148,125,125
33,363,12.171179812206573,0.18722058556699603,0.17325923850111302,0.18023991203405454,1,1,245,148,125,125
33,364,12.204709233176839,0.17325923850111302,0.1954675122220219,0.18436337536156747,1,1,245,148,125,125
33,365,12.238238654147105,0.17909626217562594,0.19196104362215466,0.1855286528988903,1,1,245,148,125,125
33,366,12.27176807511737,0.23809523809523808,0.21657404812639125,0.22733464311081467,1,1,245,148,125,125
33,367,12.305297496087636,0.2497421456066453,0.2489733118054896,0.24935772870606743,1,1,245,148,125,125
33,368,12.338826917057903,0.3091734706134457,0.25988885775166953,0.28453116418255764,1,1,245,148,125,125
33,369,12.372356338028169,0.2724459770254312,0.2753537416140702,0.2738998593197507,1,1,245,148,125,125
33,370,12.405885758998435,0.2727272727272727,0.2753537416140702,0.27404050717067147,1,1,245,148,125,125
33,371,12.439415179968702,0.2764892144636674,0.2753537416140702,0.2759214780388688,1,1,245,148,125,125
33,372,12.472944600938966,0.2764892144636674,0.28154626256430865,0.27901773851398803,1,1,245,148,125,125
33,373,12.506474021909233,0.28539089595087297,0.2753537416140702,0.2803723187824716,1,1,245,148,125,125
33,374,12.540003442879499,0.30952380952380953,0.2716072492423523,0.2905655293830809,1,1,245,148,125,125
33,375,12.573532863849765,0.3091734706134457,0.25988885775166953,0.28453116418255764,1,1,245,148,125,125
33,376,12.607062284820032,0.29864235082487856,0.297722977231715,0.29818266402829674,1,1,245,148,125,125
33,377,12.640591705790298,0.25413141467354516,0.2753537416140702,0.2647425781438077,1,1,245,148,125,125
33,378,12.674121126760562,0.21871855411641383,0.20761370090128506,0.21316612750884945,1,1,245,148,125,125
33,379,12.707650547730829,0.197618078965264,0.19146395125120313,0.19454101510823357,1,1,245,148,125,125
33,380,12.741179968701095,0.1785915309223432,0.21718612469113546,0.19788882780673933,1,1,245,148,125,125
33,381,12.774709389671361,0.16172178703985582,0.1520302872837948,0.1568760371618253,1,1,245,162,125,125
33,382,12.808238810641628,0.18722058556699603,0.21718612469113546,0.20220335512906573,1,1,245,148,125,125
33,383,12.841768231611894,0.1954675122220219,0.16652217792363402,0.18099484507282798,1,1,245,148,125,125
33,384,12.875297652582159,0.26062334962936257,0.26347370913460266,0.26204852938198264,1,1,245,148,125,125
33,385,12.908827073552425,0.2724459770254312,0.2753537416140702,0.2738998593197507,1,1,245,148,125,125
33,386,12.942356494522691,0.2727272727272727,0.2753537416140702,0.27404050717067147,1,1,245,148,125,125
33,387,12.975885915492958,0.30952380952380953,0.2863889547677201,0.2979563821457648,1,1,245,148,125,125
33,388,13.009415336463224,0.3178536398630031,0.297722977231715,0.30778830854735906,1,1,245,148,125,125
33,389,13.04294475743349,0.2951498084442171,0.297722977231715,0.2964363928379661,1,1,245,148,125,125
33,390,13.076474178403755,0.2727272727272727,0.2962093604177549,0.2844683165725138,1,1,245,148,125,125
33,391,13.110003599374021,0.3181818181818182,0.297722977231715,0.3079523977067666,1,1,245,148,125,125
33,392,13.143533020344288,0.3178536398630031,0.297722977231715,0.30778830854735906,1,1,245,148,125,125
33,393,13.177062441314554,0.3181818181818182,0.297722977231715,0.3079523977067666,1,1,245,148,125,125
33,394,13.21059186228482,0.3178536398630031,0.297722977231715,0.30778830854735906,1,1,245,148,125,125
33,395,13.244121283255085,0.2951498084442171,0.294241186679215,0.2946954975617161,1,1,245,148,125,125
33,396,13.277650704225351,0.3181818181818182,0.297722977231715,0.3079523977067666,1,1,245,148,125,125
33,397,13.311180125195618,0.3181818181818182,0.294241186679215,0.3062115024305166,1,1,245,148,125,125
33,398,13.344709546165884,0.2764892144636674,0.3081295643066955,0.2923093893851815,1,1,245,148,125,125
33,399,13.37823896713615,0.3210806630207483,0.28154626256430865,0.30131346279252846,1,1,245,148,125,125
33,400,13.411768388106417,0.3419709611219925,0.29611443286507394,0.3190426969935332,1,1,245,148,125,125
33,401,13.445297809076681,0.3210806630207483,0.3200922128493598,0.32058643793505404,1,1,245,148,125,125
33,402,13.478827230046948,0.3194671514418757,0.28154626256430865,0.3005067070030922,1,1,245,148,125,125
33,403,13.512356651017214,0.2951498084442171,0.297722977231715,0.2964363928379661,1,1,245,148,125,125
33,404,13.54588607198748,0.2970288392460059,0.29584973104585605,0.296439285145931,1,1,245,148,125,125
33,405,13.579415492957747,0.3210806630207483,0.33351630720333253,0.3272984851120404,1,1,245,148,125,125
33,406,13.612944913928013,0.2616083212883002,0.20594663872076258,0.23377748000453138,1,1,245,148,125,125
33,407,13.646474334898278,0.18722058556699603,0.17374889975290836,0.18048474265995218,1,1,245,148,125,125
33,408,13.680003755868544,0.17642258096426716,0.19491664331375214,0.18566961213900965,1,1,245,162,125,125
33,409,13.71353317683881,0.21933669143437756,0.2624208410328536,0.2408787662336156,1,1,245,148,125,125
33,410,13.747062597809077,0.22086306010643642,0.17325923850111302,0.19706114930377472,1,1,245,148,125,125
33,411,13.780592018779343,0.18664422504079642,0.19491664331375214,0.19078043417727428,1,1,245,148,125,125
33,412,13.81412143974961,0.1759253847117281,0.17325923850111302,0.17459231160642058,1,1,245,162,125,125
33,413,13.847650860719874,0.20029176017662279,0.1759253847117281,0.18810857244417545,1,1,245,148,125,125
33,414,13.88118028169014,0.27432500782722,0.25121451359448793,0.262769760710854,1,1,228,145,150,150
33,415,13.914709702660407,0.2857142857142857,0.2753537416140702,0.28053401366417796,1,1,245,148,125,125
33,416,13.948239123630673,0.2857142857142857,0.297722977231715,0.29171863147300037,1,1,245,148,125,125
33,417,13.98176854460094,0.31318644114903044,0.2863889547677201,0.29978769795837523,1,1,228,145,150,150
33,418,14.015297965571206,0.31318644114903044,0.2863889547677201,0.29978769795837523,1,1,228,145,150,150
33,419,14.04882738654147,0.31086364611226974,0.3100912289451582,0.310477437528714,1,1,228,145,150,150
33,420,14.082356807511736,0.31318644114903044,0.2863889547677201,0.29978769795837523,1,1,228,145,150,150
33,421,14.115886228482003,0.30952380952380953,0.297722977231715,0.30362339337776223,1,1,245,148,125,125
33,422,14.14941564945227,0.30952380952380953,0.3100912289451582,0.3098075192344839,1,1,228,145,150,150
33,423,14.182945070422535,0.30952380952380953,0.3100912289451582,0.3098075192344839,1,1,228,145,150,150
33,424,14.216474491392802,0.3114943504333496,0.2863889547677201,0.29894165260053485,1,1,228,145,150,150
33,425,14.250003912363066,0.3114943504333496,0.3100912289451582,0.31079278968925395,1,1,228,145,150,150
33,426,14.283533333333333,0.30952380952380953,0.3117756976643571,0.3106497535940833,1,1,228,145,150,150
33,427,14.317062754303599,0.325,0.2863889547677201,0.30569447738386,1,1,228,145,150,150
33,428,14.350592175273865,0.31318644114903044,0.33351630720333253,0.3233513741761815,1,1,228,145,150,150
33,429,14.384121596244132,0.31318644114903044,0.2863889547677201,0.29978769795837523,1,1,228,145,150,150
33,430,14.417651017214398,0.2973355163227428,0.2863889547677201,0.29186223554523144,1,1,228,145,150,150
33,431,14.451180438184663,0.29895069382407446,0.30981403302589444,0.3043823634249845,1,1,228,145,150,150
33,432,14.484709859154929,0.31318644114903044,0.2863889547677201,0.29978769795837523,1,1,228,145,150,150
33,433,14.518239280125195,0.30952380952380953,0.28835061940618273,0.2989372144649961,1,1,228,145,150,150
33,434,14.551768701095462,0.3114943504333496,0.2863889547677201,0.29894165260053485,1,1,228,145,150,150
33,435,14.585298122065728,0.30952380952380953,0.3117756976643571,0.3106497535940833,1,1,228,145,150,150
33,436,14.618827543035993,0.29545454545454547,0.2962093604177549,0.29583195293615017,1,1,228,145,150,150
33,437,14.652356964006259,0.30952380952380953,0.33520077592253145,0.3223622927231705,1,1,228,145,150,150
33,438,14.685886384976525,0.30952380952380953,0.3200922128493598,0.31480801118658464,1,1,228,145,150,150
33,439,14.719415805946792,0.3111417811383309,0.2863889547677201,0.2987653679530255,1,1,228,145,150,150
33,440,14.752945226917058,0.30952380952380953,0.28835061940618273,0.2989372144649961,1,1,228,145,150,150
33,441,14.786474647887324,0.30952380952380953,0.28835061940618273,0.2989372144649961,1,1,228,145,150,150
33,442,14.820004068857589,0.20937757253548664,0.197618078965264,0.20349782575037534,1,1,228,145,150,150
33,443,14.853533489827855,0.1338361212611483,0.17325923850111302,0.15354767988113066,1,1,228,145,150,150
33,444,14.887062910798122,0.15511634749731662,0.17325923850111302,0.16418779299921482,1,1,245,162,125,125
33,445,14.920592331768388,0.1785915309223432,0.1547039684951536,0.1666477497087484,1,1,228,145,150,150
33,446,14.954121752738654,0.1785915309223432,0.13031167481468128,0.15445160286851223,1,1,245,162,125,125
33,447,14.98765117370892,0.18385786226784898,0.13031167481468128,0.15708476854126513,1,1,245,162,125,125
33,448,15.021180594679185,0.18385786226784898,0.13031167481468128,0.15708476854126513,1,1,245,162,125,125
33,449,15.054710015649452,0.17642258096426716,0.17374889975290836,0.17508574035858776,1,1,245,162,125,125
33,450,15.088239436619718,0.13345894268467748,0.14788543001571217,0.14067218635019482,1,1,245,162,125,125
33,451,15.121768857589984,0.1394766078968045,0.1338361212611483,0.1366563645789764,1,1,228,145,150,150
33,452,15.15529827856025,0.17374889975290836,0.13164734238909054,0.15269812107099945,1,1,228,145,150,150
33,453,15.188827699530517,0.14314959117243284,0.13031167481468128,0.13673063299355706,1,1,228,145,150,150
33,454,15.222357120500781,0.13990731402287063,0.1846160346811468,0.16226167435200872,1,1,228,145,150,150
33,455,15.255886541471048,0.13990731402287063,0.1520302872837948,0.14596880065333273,1,1,228,145,150,150
33,456,15.289415962441314,0.14359163953302567,0.1362229885127156,0.13990731402287065,1,1,228,145,150,150
33,457,15.32294538341158,0.14359163953302567,0.13031167481468128,0.1369516571738535,1,1,228,145,150,150
33,458,15.356474804381847,0.1394766078968045,0.17642258096426716,0.15794959443053583,1,1,228,145,150,150
33,459,15.390004225352113,0.1577824937079317,0.1338361212611483,0.14580930748454002,1,1,228,145,150,150
33,460,15.423533646322378,0.13990731402287063,0.1547039684951536,0.14730564125901213,1,1,228,145,150,150
33,461,15.457063067292644,0.18385786226784898,0.1520302872837948,0.1679440747758219,1,1,245,162,125,125
33,462,15.49059248826291,0.1759253847117281,0.13031167481468128,0.1531185297632047,1,1,245,162,125,125
33,463,15.524121909233177,0.17642258096426716,0.17374889975290836,0.17508574035858776,1,1,245,162,125,125
33,464,15.557651330203443,0.1785915309223432,0.13031167481468128,0.15445160286851223,1,1,245,162,125,125
33,465,15.59118075117371,0.17325923850111302,0.12489163344272552,0.14907543597191927,1,1,228,145,150,150
33,466,15.624710172143974,0.1785915309223432,0.1338361212611483,0.15621382609174575,1,1,245,162,125,125
33,467,15.65823959311424,0.13697345649352022,0.1520302872837948,0.1445018718886575,1,1,245,162,125,125
33,468,15.691769014084507,0.17325923850111302,0.13031167481468128,0.15178545665789717,1,1,245,162,125,125
33,469,15.725298435054773,0.17325923850111302,0.13031167481468128,0.15178545665789717,1,1,245,162,125,125
33,470,15.75882785602504,0.13345894268467748,0.17325923850111302,0.15335909059289526,1,1,245,162,125,125
33,471,15.792357276995306,0.1759253847117281,0.13031167481468128,0.1531185297632047,1,1,245,162,125,125
33,472,15.82588669796557,0.1759253847117281,0.13031167481468128,0.1531185297632047,1,1,245,162,125,125
33,473,15.859416118935837,0.1759253847117281,0.1457069056831798,0.16081614519745396,1,1,245,162,125,125
33,474,15.892945539906103,0.18722058556699603,0.1547039684951536,0.1709622770310748,1,1,245,162,125,125
33,475,15.92647496087637,0.16261114544165658,0.1338361212611483,0.14822363335140243,1,1,245,162,125,125
33,476,15.960004381846636,0.14314959117243284,0.13031167481468128,0.13673063299355706,1,1,245,162,125,125
33,477,15.9935338028169,0.13990731402287063,0.17642258096426716,0.1581649474935689,1,1,228,145,150,150
33,478,16.027063223787167,0.1759253847117281,0.16908465296101344,0.17250501883637076,1,1,245,162,125,125
33,479,16.060592644757435,0.14359163953302567,0.13031167481468128,0.1369516571738535,1,1,228,145,150,150
33,480,16.0941220657277,0.1394766078968045,0.17374889975290836,0.15661275382485643,1,1,245,162,125,125
33,481,16.127651486697964,0.13345894268467748,0.15160183368847388,0.14253038818657568,1,1,245,162,125,125
33,482,16.161180907668232,0.16122392483098627,0.15892681993150154,0.16007537238124392,1,1,245,162,125,125
33,483,16.194710328638497,0.16489690810661464,0.17325923850111302,0.16907807330386382,1,1,245,162,125,125
33,484,16.228239749608765,0.1338361212611483,0.13043478260869565,0.132135451934922,1,1,245,162,125,125
33,485,16.26176917057903,0.17325923850111302,0.17325923850111302,0.17325923850111302,1,1,245,162,125,125
33,486,16.295298591549294,0.1759253847117281,0.13031167481468128,0.1531185297632047,1,1,245,162,125,125
33,487,16.328828012519562,0.1520302872837948,0.14532959063089954,0.14867993895734716,1,1,245,162,125,125
33,488,16.362357433489827,0.1759253847117281,0.1457069056831798,0.16081614519745396,1,1,245,162,125,125
33,489,16.395886854460095,0.1759253847117281,0.13031167481468128,0.1531185297632047,1,1,245,162,125,125
33,490,16.42941627543036,0.18664422504079642,0.13031167481468128,0.15847794992773884,1,1,245,162,125,125
33,491,16.462945696400627,0.1759253847117281,0.1520302872837948,0.16397783599776145,1,1,245,162,125,125
33,492,16.496475117370892,0.18442561845864175,0.1338361212611483,0.15913086985989502,1,1,245,162,125,125
33,493,16.530004538341156,0.1785915309223432,0.1520302872837948,0.165310909103069,1,1,245,162,125,125
33,494,16.563533959311425,0.17642258096426716,0.1520302872837948,0.16422643412403098,1,1,245,162,125,125
33,495,16.59706338028169,0.17374889975290836,0.13031167481468128,0.1520302872837948,1,1,245,162,125,125
33,496,16.630592801251957,0.18442561845864175,0.13031167481468128,0.1573686466366615,1,1,245,162,125,125
33,497,16.664122222222222,0.17642258096426716,0.1482693807205592,0.1623459808424132,1,1,245,162,125,125
33,498,16.697651643192486,0.1759253847117281,0.13031167481468128,0.1531185297632047,1,1,245,162,125,125
33,499,16.731181064162755,0.18722058556699603,0.1457069056831798,0.16646374562508792,1,1,245,162,125,125
33,500,16.76471048513302,0.18664422504079642,0.12489163344272552,0.15576792924176097,1,1,245,162,125,125
33,501,16.798239906103287,0.1785915309223432,0.16652217792363402,0.17255685442298863,1,1,245,162,125,125
33,502,16.831769327073552,0.1785915309223432,0.13031167481468128,0.15445160286851223,1,1,245,162,125,125
33,503,16.86529874804382,0.1759253847117281,0.1482693807205592,0.16209738271614366,1,1,245,162,125,125
33,504,16.898828169014084,0.18722058556699603,0.1338361212611483,0.16052835341407218,1,1,245,162,125,125
33,505,16.93235758998435,0.1577824937079317,0.1482693807205592,0.15302593721424546,1,1,245,162,125,125
33,506,16.965887010954617,0.18442561845864175,0.1520302872837948,0.16822795287121828,1,1,245,162,125,125
33,507,16.99941643192488,0.18664422504079642,0.1520302872837948,0.1693372561622956,1,1,245,162,125,125
33,508,17.03294585289515,0.1785915309223432,0.1520302872837948,0.165310909103069,1,1,245,162,125,125
33,509,17.066475273865414,0.17325923850111302,0.15160183368847388,0.16243053609479347,1,1,245,162,125,125
33,510,17.10000469483568,0.18385786226784898,0.18163065135028747,0.18274425680906822,1,1,245,162,125,125
33,511,17.133534115805947,0.18664422504079642,0.1362229885127156,0.161433606776756,1,1,245,162,125,125
33,512,17.16706353677621,0.1759253847117281,0.1520302872837948,0.16397783599776145,1,1,245,162,125,125
33,513,17.20059295774648,0.18385786226784898,0.17374889975290836,0.17880338101037868,1,1,245,162,125,125
33,514,17.234122378716744,0.16489690810661464,0.17374889975290836,0.16932290392976151,1,1,245,162,125,125
33,515,17.26765179968701,0.18664422504079642,0.16864680010584066,0.17764551257331854,1,1,245,162,125,125
33,516,17.301181220657277,0.18385786226784898,0.16908465296101344,0.17647125761443122,1,1,245,162,125,125
33,517,17.33471064162754,0.18664422504079642,0.17374889975290836,0.1801965623968524,1,1,245,162,125,125
33,518,17.36824006259781,0.18385786226784898,0.18442561845864175,0.18414174036324538,1,1,245,162,125,125
33,519,17.401769483568074,0.19196104362215466,0.16609096072102805,0.17902600217159137,1,1,228,145,150,150
33,520,17.435298904538342,0.19491664331375214,0.17325923850111302,0.18408794090743258,1,1,228,145,150,150
33,521,17.468828325508607,0.18664422504079642,0.1873374501640883,0.18699083760244234,1,1,245,162,125,125
33,522,17.50235774647887,0.19491664331375214,0.17909626217562594,0.18700645274468902,1,1,245,162,125,125
33,523,17.53588716744914,0.18385786226784898,0.17374889975290836,0.17880338101037868,1,1,245,162,125,125
33,524,17.569416588419404,0.20873300149371002,0.17374889975290836,0.1912409506233092,1,1,245,162,125,125
33,525,17.602946009389672,0.18385786226784898,0.13031167481468128,0.15708476854126513,1,1,245,162,125,125
33,526,17.636475430359937,0.1759253847117281,0.17374889975290836,0.17483714223231822,1,1,245,162,125,125
33,527,17.6700048513302,0.17325923850111302,0.17374889975290836,0.1735040691270107,1,1,245,162,125,125
33,528,17.70353427230047,0.1759253847117281,0.17325923850111302,0.17459231160642058,1,1,245,162,125,125
33,529,17.737063693270734,0.17325923850111302,0.17325923850111302,0.17325923850111302,1,1,245,162,125,125
33,530,17.770593114241002,0.17325923850111302,0.17642258096426716,0.1748409097326901,1,1,245,162,125,125
33,531,17.804122535211267,0.1785915309223432,0.16609096072102805,0.17234124582168564,1,1,245,162,125,125
33,532,17.837651956181535,0.18664422504079642,0.17374889975290836,0.1801965623968524,1,1,245,162,125,125
33,533,17.8711813771518,0.17374889975290836,0.17374889975290836,0.17374889975290836,1,1,245,162,125,125
33,534,17.904710798122064,0.18385786226784898,0.17642258096426716,0.18014022161605808,1,1,245,162,125,125
33,535,17.938240219092332,0.1759253847117281,0.17391304347826086,0.1749192140949945,1,1,245,162,125,125
33,536,17.971769640062597,0.17642258096426716,0.16609096072102805,0.17125677084264762,1,1,228,145,150,150
33,537,18.005299061032865,0.17325923850111302,0.17325923850111302,0.17325923850111302,1,1,245,162,125,125
33,538,18.03882848200313,0.18385786226784898,0.17374889975290836,0.17880338101037868,1,1,228,145,150,150
33,539,18.072357902973394,0.17325923850111302,0.1759253847117281,0.17459231160642058,1,1,228,145,150,150
33,540,18.105887323943662,0.1759253847117281,0.16908465296101344,0.17250501883637076,1,1,228,145,150,150
33,541,18.139416744913927,0.13345894268467748,0.17374889975290836,0.1536039212187929,1,1,245,162,125,125
33,542,18.172946165884195,0.1759253847117281,0.16609096072102805,0.17100817271637808,1,1,228,145,150,150
33,543,18.20647558685446,0.18163065135028747,0.16652217792363402,0.17407641463696075,1,1,228,145,150,150
33,544,18.240005007824728,0.19491664331375214,0.19491664331375214,0.19491664331375214,1,1,228,145,150,150
33,545,18.273534428794992,0.17325923850111302,0.17642258096426716,0.1748409097326901,1,1,228,145,150,150
33,546,18.307063849765257,0.21933669143437756,0.1954675122220219,0.20740210182819974,1,1,245,162,125,125
33,547,18.340593270735525,0.1785915309223432,0.17642258096426716,0.17750705594330518,1,1,228,145,150,150
33,548,18.37412269170579,0.1954675122220219,0.1873374501640883,0.19140248119305509,1,1,228,145,150,150
33,549,18.407652112676057,0.18722058556699603,0.197618078965264,0.19241933226613,1,1,228,145,150,150
33,550,18.441181533646322,0.17909626217562594,0.1954675122220219,0.18728188719882394,1,1,228,145,150,150
33,551,18.474710954616587,0.22148725817761966,0.1873374501640883,0.20441235417085396,1,1,228,145,150,150
33,552,18.508240375586855,0.197618078965264,0.17642258096426716,0.18702032996476559,1,1,228,145,150,150
33,553,18.54176979655712,0.13164734238909054,0.16652217792363402,0.1490847601563623,1,1,228,145,150,150
33,554,18.575299217527387,0.2289679946449968,0.209669481956519,0.21931873830075788,1,1,228,145,150,150
33,555,18.608828638497652,0.1785915309223432,0.13031167481468128,0.15445160286851223,1,1,228,145,150,150
33,556,18.642358059467917,0.13345894268467748,0.17374889975290836,0.1536039212187929,1,1,228,145,150,150
33,557,18.675887480438185,0.18385786226784898,0.17642258096426716,0.18014022161605808,1,1,228,145,150,150
33,558,18.70941690140845,0.18664422504079642,0.1954675122220219,0.19105586863140916,1,1,245,162,125,125
33,559,18.742946322378717,0.1759253847117281,0.16652217792363402,0.17122378131768107,1,1,228,145,150,150
33,560,18.776475743348982,0.1785915309223432,0.16652217792363402,0.17255685442298863,1,1,228,145,150,150
33,561,18.81000516431925,0.15426797989908897,0.17374889975290836,0.16400843982599866,1,1,245,162,125,125
33,562,18.843534585289515,0.13345894268467748,0.1520302872837948,0.14274461498423613,1,1,245,162,125,125
33,563,18.87706400625978,0.13345894268467748,0.16864680010584066,0.15105287139525908,1,1,245,162,125,125
33,564,18.910593427230047,0.17325923850111302,0.16864680010584066,0.17095301930347684,1,1,245,162,125,125
33,565,18.944122848200312,0.16489690810661464,0.1785915309223432,0.17174421951447894,1,1,245,162,125,125
33,566,18.97765226917058,0.21227495924591644,0.20761370090128506,0.20994433007360075,1,1,228,145,150,150
33,567,19.011181690140845,0.17642258096426716,0.19491664331375214,0.18566961213900965,1,1,245,162,125,125
33,568,19.04471111111111,0.21871855411641383,0.209669481956519,0.21419401803646643,1,1,245,162,125,125
33,569,19.078240532081377,0.21871855411641383,0.21718612469113546,0.21795233940377465,1,1,245,162,125,125
33,570,19.111769953051642,0.21933669143437756,0.21718612469113546,0.2182614080627565,1,1,245,162,125,125
33,571,19.14529937402191,0.18722058556699603,0.16908465296101344,0.17815261926400472,1,1,245,162,125,125
33,572,19.178828794992175,0.17374889975290836,0.197618078965264,0.18568348935908618,1,1,228,145,150,150
33,573,19.212358215962443,0.22928643684591832,0.21657404812639125,0.22293024248615478,1,1,245,162,125,125
33,574,19.245887636932707,0.238904737160249,0.2753537416140702,0.2571292393871596,1,1,228,145,150,150
33,575,19.279417057902972,0.26062334962936257,0.22633937436862692,0.24348136199899473,1,1,228,145,150,150
33,576,19.31294647887324,0.27432500782722,0.2753537416140702,0.2748393747206451,1,1,228,145,150,150
33,577,19.346475899843504,0.2727272727272727,0.2863889547677201,0.2795581137474964,1,1,228,145,150,150
33,578,19.380005320813773,0.2764892144636674,0.2863889547677201,0.2814390846156938,1,1,228,145,150,150
33,579,19.413534741784037,0.29895069382407446,0.28835061940618273,0.29365065661512857,1,1,228,145,150,150
33,580,19.4470641627543,0.31979699568314984,0.2962093604177549,0.3080031780504524,1,1,228,145,150,150
33,581,19.48059358372457,0.3111417811383309,0.2863889547677201,0.2987653679530255,1,1,228,145,150,150
33,582,19.514123004694834,0.3210806630207483,0.297722977231715,0.30940182012623163,1,1,228,145,150,150
33,583,19.547652425665103,0.31283195663715496,0.3117756976643571,0.312303827150756,1,1,228,145,150,150
33,584,19.581181846635367,0.3210806630207483,0.3083636745686051,0.3147221687946767,1,1,228,145,150,150
33,585,19.614711267605635,0.3194671514418757,0.2962093604177549,0.3078382559298153,1,1,228,145,150,150
33,586,19.6482406885759,0.3210806630207483,0.2962093604177549,0.3086450117192516,1,1,228,145,150,150
33,587,19.681770109546164,0.3178536398630031,0.297722977231715,0.30778830854735906,1,1,228,145,150,150
33,588,19.715299530516432,0.34055747128178904,0.297722977231715,0.31914022425675204,1,1,228,145,150,150
33,589,19.748828951486697,0.3194671514418757,0.297722977231715,0.30859506433679534,1,1,228,145,150,150
33,590,19.782358372456965,0.3419709611219925,0.297722977231715,0.31984696917685373,1,1,228,145,150,150
33,591,19.81588779342723,0.33295604527601846,0.2962093604177549,0.3145827028468867,1,1,228,145,150,150
33,592,19.849417214397494,0.3333333333333333,0.2962093604177549,0.3147713468755441,1,1,228,145,150,150
33,593,19.882946635367762,0.3181818181818182,0.2962093604177549,0.3071955892997865,1,1,228,145,150,150
33,594,19.916476056338027,0.3567386199385912,0.297722977231715,0.3272307985851531,1,1,228,145,150,150
33,595,19.950005477308295,0.34055747128178904,0.297722977231715,0.31914022425675204,1,1,228,145,150,150
33,596,19.98353489827856,0.3210806630207483,0.2962093604177549,0.3086450117192516,1,1,228,145,150,150
33,597,20.017064319248824,0.3346462207748425,0.297722977231715,0.3161845990032788,1,1,228,145,150,150
33,598,20.050593740219092,0.3194671514418757,0.297722977231715,0.30859506433679534,1,1,228,145,150,150
33,599,20.084123161189357,0.31979699568314984,0.33183183848413367,0.3258144170836418,1,1,228,145,150,150
33,600,20.117652582159625,0.29706972295587714,0.2753537416140702,0.28621173228497365,1,1,228,145,150,150
33,601,20.15118200312989,0.2951498084442171,0.2962093604177549,0.295679584430986,1,1,228,145,150,150
33,602,20.184711424100158,0.3091734706134457,0.2962093604177549,0.3026914155156003,1,1,228,145,150,150
33,603,20.218240845070422,0.33295604527601846,0.3117756976643571,0.3223658714701878,1,1,228,145,150,150
33,604,20.251770266040687,0.31318644114903044,0.28835061940618273,0.3007685302776066,1,1,228,145,150,150
33,605,20.285299687010955,0.30952380952380953,0.2753537416140702,0.2924387755689399,1,1,228,145,150,150
33,606,20.31882910798122,0.30952380952380953,0.3100912289451582,0.3098075192344839,1,1,228,145,150,150
33,607,20.352358528951488,0.30952380952380953,0.3080880229401138,0.30880591623196163,1,1,228,145,150,150
33,608,20.385887949921752,0.29706972295587714,0.3100912289451582,0.3035804759505177,1,1,228,145,150,150
33,609,20.419417370892017,0.29545454545454547,0.3081295643066955,0.3017920548806205,1,1,228,145,150,150
33,610,20.452946791862285,0.3091734706134457,0.28442729012925744,0.2968003803713516,1,1,228,145,150,150
33,611,20.48647621283255,0.3091734706134457,0.3083636745686051,0.3087685725910254,1,1,228,145,150,150
33,612,20.520005633802818,0.31283195663715496,0.2753537416140702,0.2940928491256126,1,1,228,145,150,150
33,613,20.553535054773082,0.29895069382407446,0.2962093604177549,0.2975800271209147,1,1,228,145,150,150
33,614,20.58706447574335,0.29676332002308975,0.3117756976643571,0.3042695088437234,1,1,228,145,150,150
33,615,20.620593896713615,0.3091734706134457,0.2867441844991669,0.2979588275563063,1,1,228,145,150,150
33,616,20.65412331768388,0.3178536398630031,0.3117756976643571,0.3148146687636801,1,1,228,145,150,150
33,617,20.687652738654148,0.3181818181818182,0.28023490948639845,0.2992083638341083,1,1,245,148,125,125
33,618,20.721182159624412,0.3214121731844815,0.31687512411607766,0.31914364865027955,1,1,245,148,125,125
33,619,20.75471158059468,0.3091734706134457,0.297722977231715,0.3034482239225803,1,1,245,148,125,125
33,620,20.788241001564945,0.29676332002308975,0.3200922128493598,0.30842776643622477,1,1,245,148,125,125
33,621,20.82177042253521,0.31283195663715496,0.30981403302589444,0.3113229948315247,1,1,245,148,125,125
33,622,20.855299843505477,0.29864235082487856,0.297722977231715,0.29818266402829674,1,1,245,148,125,125
33,623,20.888829264475742,0.3091734706134457,0.27348049542821123,0.2913269830208285,1,1,245,148,125,125
33,624,20.92235868544601,0.3091734706134457,0.30981403302589444,0.3094937518196701,1,1,245,148,125,125
33,625,20.955888106416275,0.3091734706134457,0.294241186679215,0.3017073286463303,1,1,245,148,125,125
33,626,20.989417527386543,0.2764892144636674,0.2753537416140702,0.2759214780388688,1,1,245,148,125,125
33,627,21.022946948356807,0.2876848266238258,0.27348049542821123,0.2805826610260185,1,1,245,148,125,125
33,628,21.056476369327072,0.25,0.23702274177438118,0.2435113708871906,1,1,244,145,151,150
33,629,21.09000579029734,0.22727272727272727,0.22858057615762525,0.22792665171517626,1,1,244,145,151,150
33,630,21.123535211267605,0.2616083212883002,0.22858057615762525,0.2450944487229627,1,1,244,145,151,150
33,631,21.157064632237873,0.25413141467354516,0.2607250159518193,0.25742821531268223,1,1,244,145,151,150
33,632,21.190594053208137,0.26426236970084055,0.2393697297625731,0.2518160497317068,1,1,244,145,151,150
33,633,21.224123474178402,0.263875302814302,0.2635571351220321,0.26371621896816705,1,1,244,145,151,150
33,634,21.25765289514867,0.263875302814302,0.23803617310032127,0.25095573795731163,1,1,244,145,151,150
33,635,21.291182316118935,0.25162117640843407,0.2616063991458958,0.2566137877771649,1,1,244,145,151,150
33,636,21.324711737089203,0.27432500782722,0.2607250159518193,0.26752501188951966,1,1,244,145,151,150
33,637,21.358241158059467,0.23782574662572747,0.23702274177438118,0.2374242442000543,1,1,244,145,151,150
33,638,21.391770579029732,0.18442561845864175,0.15843756205803883,0.1714315902583403,1,1,244,145,151,150
WIN_20260414_20_31_10_Pro,0,0.0,0.3890903846477742,0.4189677666196598,0.404029075633717,1,1,293,154,181,180
WIN_20260414_20_31_10_Pro,1,0.03360393232738912,0.40117882385427617,0.41863793650712966,0.4099083801807029,1,1,293,154,181,180
WIN_20260414_20_31_10_Pro,2,0.06720786465477824,0.38545587775528084,0.43308815408169676,0.40927201591848883,1,1,293,154,181,180
WIN_20260414_20_31_10_Pro,3,0.10081179698216736,0.40610214535467215,0.4208000283139702,0.4134510868343212,1,1,293,154,181,180
WIN_20260414_20_31_10_Pro,4,0.13441572930955648,0.38742926021217183,0.40317256815642494,0.39530091418429836,1,1,293,154,181,180
WIN_20260414_20_31_10_Pro,5,0.1680196616369456,0.38348249529838985,0.4064635693729206,0.3949730323356552,1,1,293,154,181,180
WIN_20260414_20_31_10_Pro,6,0.2016235939643347,0.37370194435097276,0.401190117326014,0.3874460308384934,1,1,293,154,181,180
WIN_20260414_20_31_10_Pro,7,0.23522752629172383,0.3753154612846867,0.4046247082695378,0.38997008477711226,1,1,293,154,181,180
WIN_20260414_20_31_10_Pro,8,0.26883145861911295,0.40223048838928666,0.42231565871389526,0.41227307355159093,1,1,293,154,181,180
WIN_20260414_20_31_10_Pro,9,0.30243539094650207,0.3989595702789698,0.4026351170813732,0.4007973436801715,1,1,293,154,181,180
WIN_20260414_20_31_10_Pro,10,0.3360393232738912,0.40117882385427617,0.41863793650712966,0.4099083801807029,1,1,293,154,181,180
WIN_20260414_20_31_10_Pro,11,0.3696432556012803,0.40433388167871187,0.42231565871389526,0.41332477019630354,1,1,293,154,181,180
WIN_20260414_20_31_10_Pro,12,0.4032471879286694,0.40132832597652296,0.4026351170813732,0.40198172152894807,1,1,293,154,181,180
WIN_20260414_20_31_10_Pro,13,0.43685112025605854,0.40610214535467215,0.4026351170813732,0.4043686312180227,1,1,293,154,181,180
WIN_20260414_20_31_10_Pro,14,0.47045505258344766,0.40315220631116716,0.4046247082695378,0.4038884572903525,1,1,293,154,181,180
WIN_20260414_20_31_10_Pro,15,0.5040589849108368,0.38742926021217183,0.4143332511545054,0.40088125568333866,1,1,293,154,181,180
WIN_20260414_20_31_10_Pro,16,0.5376629172382259,0.37178873740914875,0.4189677666196598,0.39537825201440424,1,1,293,154,181,180
WIN_20260414_20_31_10_Pro,17,0.571266849565615,0.40433388167871187,0.4204767976105125,0.4124053396446122,1,1,293,154,181,180
WIN_20260414_20_31_10_Pro,18,0.6048707818930041,0.37178873740914875,0.41713550492534934,0.39446212116724905,1,1,293,154,181,180
WIN_20260414_20_31_10_Pro,19,0.6384747142203933,0.38545587775528084,0.4026351170813732,0.394045497418327,1,1,293,154,181,180
WIN_20260414_20_31_10_Pro,20,0.6720786465477824,0.38545587775528084,0.3886218888437813,0.38703888329953107,1,1,293,154,181,180
WIN_20260414_20_31_10_Pro,21,0.7056825788751715,0.37370194435097276,0.401190117326014,0.3874460308384934,1,1,293,154,181,180
WIN_20260414_20_31_10_Pro,22,0.7392865112025606,0.38545587775528084,0.4046247082695378,0.3950402930124093,1,1,293,154,181,180
WIN_20260414_20_31_10_Pro,23,0.7728904435299497,0.38545587775528084,0.40317256815642494,0.3943142229558529,1,1,293,154,181,180
WIN_20260414_20_31_10_Pro,24,0.8064943758573389,0.38545587775528084,0.41863793650712966,0.4020469071312053,1,1,293,154,181,180
WIN_20260414_20_31_10_Pro,25,0.840098308184728,0.38722718055708955,0.4026351170813732,0.39493114881923136,1,1,293,154,181,180
WIN_20260414_20_31_10_Pro,26,0.8737022405121171,0.3851630356458683,0.4026351170813732,0.39389907636362076,1,1,293,154,181,180
WIN_20260414_20_31_10_Pro,27,0.9073061728395062,0.38348249529838985,0.4026351170813732,0.39305880618988154,1,1,293,154,181,180
WIN_20260414_20_31_10_Pro,28,0.9409101051668953,0.37178873740914875,0.38524472972667867,0.3785167335679137,1,1,293,154,181,180
WIN_20260414_20_31_10_Pro,29,0.9745140374942844,0.3697685266765543,0.38722718055708955,0.3784978536168219,1,1,293,154,181,180
WIN_20260414_20_31_10_Pro,30,1.0081179698216736,0.37370194435097276,0.38524472972667867,0.3794733370388257,1,1,293,154,181,180
WIN_20260414_20_31_10_Pro,31,1.0417219021490627,0.37370194435097276,0.4046247082695378,0.3891633263102553,1,1,293,154,181,180
WIN_20260414_20_31_10_Pro,32,1.0753258344764518,0.38717717770595017,0.41863793650712966,0.4029075571065399,1,1,293,154,181,180
WIN_20260414_20_31_10_Pro,33,1.108929766803841,0.3655856116691516,0.4014497325503597,0.3835176721097556,1,1,293,154,181,180
WIN_20260414_20_31_10_Pro,34,1.14253369913123,0.3890903846477742,0.4026351170813732,0.3958627508645737,1,1,293,154,181,180
WIN_20260414_20_31_10_Pro,35,1.1761376314586192,0.37178873740914875,0.4064635693729206,0.3891261533910347,1,1,293,154,181,180
WIN_20260414_20_31_10_Pro,36,1.2097415637860083,0.3959251886273057,0.3906114800319459,0.3932683343296258,1,1,293,154,181,180
WIN_20260414_20_31_10_Pro,37,1.2433454961133974,0.38545587775528084,0.3906114800319459,0.3880336788936134,1,1,293,154,181,180
WIN_20260414_20_31_10_Pro,38,1.2769494284407865,0.39935494351963197,0.40317256815642494,0.4012637558380284,1,1,293,154,181,180
WIN_20260414_20_31_10_Pro,39,1.3105533607681756,0.38348249529838985,0.404473978184756,0.39397823674157295,1,1,293,154,181,180
WIN_20260414_20_31_10_Pro,40,1.3441572930955648,0.38717717770595017,0.39939446784885363,0.39328582277740187,1,1,293,154,181,180
WIN_20260414_20_31_10_Pro,41,1.3777612254229539,0.37178873740914875,0.39939446784885363,0.38559160262900116,1,1,293,154,181,180
WIN_20260414_20_31_10_Pro,42,1.411365157750343,0.38924538997917335,0.41798078178599374,0.40361308588258354,1,1,293,154,181,180
WIN_20260414_20_31_10_Pro,43,1.444969090077732,0.3733939937709149,0.41592551708448766,0.39465975542770126,1,1,293,154,181,180
WIN_20260414_20_31_10_Pro,44,1.4785730224051212,0.36930855637195525,0.3828729712898416,0.37609076383089846,1,1,293,154,181,180
WIN_20260414_20_31_10_Pro,45,1.5121769547325103,0.3866322976556167,0.370638725662182,0.3786355116588993,1,1,293,154,181,180
WIN_20260414_20_31_10_Pro,46,1.5457808870598995,0.37465700404883284,0.39939446784885363,0.38702573594884326,1,1,293,154,181,180
WIN_20260414_20_31_10_Pro,47,1.5793848193872886,0.3866322976556167,0.3828729712898416,0.3847526344727291,1,1,293,154,181,180
WIN_20260414_20_31_10_Pro,48,1.6129887517146777,0.38524472972667867,0.4014497325503597,0.3933472311385192,1,1,273,154,181,180
WIN_20260414_20_31_10_Pro,49,1.6465926840420668,0.38956671269024784,0.401190117326014,0.3953784150081309,1,1,273,154,181,180
WIN_20260414_20_31_10_Pro,50,1.680196616369456,0.3866322976556167,0.3906114800319459,0.3886218888437813,1,1,273,154,181,180
WIN_20260414_20_31_10_Pro,51,1.713800548696845,0.3740099272544147,0.3892096313875005,0.3816097793209576,1,1,273,154,181,180
WIN_20260414_20_31_10_Pro,52,1.7474044810242342,0.36924274613954916,0.36717891049276163,0.36821082831615537,1,1,273,154,181,180
WIN_20260414_20_31_10_Pro,53,1.7810084133516233,0.3444953322888727,0.36494899051754637,0.35472216140320956,1,1,273,154,181,180
WIN_20260414_20_31_10_Pro,54,1.8146123456790124,0.38629366579565017,0.36494899051754637,0.37562132815659827,1,1,273,154,181,180
WIN_20260414_20_31_10_Pro,55,1.8482162780064015,0.37611622262815686,0.40196028014913693,0.3890382513886469,1,1,273,154,181,180
WIN_20260414_20_31_10_Pro,56,1.8818202103337907,0.38629366579565017,0.3717419091334453,0.37901778746454773,1,1,273,154,181,180
WIN_20260414_20_31_10_Pro,57,1.9154241426611798,0.37092820051283504,0.3734501915159385,0.37218919601438677,1,1,254,154,180,180
WIN_20260414_20_31_10_Pro,58,1.949028074988569,0.37546662559130234,0.3892096313875005,0.3823381284894014,1,1,254,154,180,180
WIN_20260414_20_31_10_Pro,59,1.982632007315958,0.3748170285544478,0.4050048298507353,0.38991092920259157,1,1,254,154,180,180
WIN_20260414_20_31_10_Pro,60,2.016235939643347,0.38823659022338936,0.43458558994252144,0.4114110900829554,1,1,254,154,180,180
WIN_20260414_20_31_10_Pro,61,2.049839871970736,0.37546662559130234,0.3892096313875005,0.3823381284894014,1,1,254,154,180,180
WIN_20260414_20_31_10_Pro,62,2.0834438042981254,0.40305872245101804,0.40532701249584535,0.4041928674734317,1,1,254,154,180,180
WIN_20260414_20_31_10_Pro,63,2.1170477366255143,0.403007376931313,0.40196028014913693,0.40248382854022496,1,1,254,154,180,180
WIN_20260414_20_31_10_Pro,64,2.1506516689529036,0.386963153042866,0.40196028014913693,0.3944617165960015,1,1,254,154,180,180
WIN_20260414_20_31_10_Pro,65,2.1842556012802925,0.40049747030396826,0.40196028014913693,0.4012288752265526,1,1,273,154,181,180
WIN_20260414_20_31_10_Pro,66,2.217859533607682,0.37159768776005087,0.40196028014913693,0.38677898395459387,1,1,273,154,181,180
WIN_20260414_20_31_10_Pro,67,2.2514634659350707,0.39980576397936657,0.41344972557876436,0.4066277447790655,1,1,273,154,181,180
WIN_20260414_20_31_10_Pro,68,2.28506739826246,0.40049747030396826,0.39991288351012494,0.4002051769070466,1,1,273,154,181,180
WIN_20260414_20_31_10_Pro,69,2.318671330589849,0.386963153042866,0.40196028014913693,0.3944617165960015,1,1,273,154,181,180
WIN_20260414_20_31_10_Pro,70,2.3522752629172383,0.41592551708448766,0.41344972557876436,0.414687621331626,1,1,273,154,181,180
WIN_20260414_20_31_10_Pro,71,2.385879195244627,0.38629366579565017,0.4155664255238136,0.4009300456597319,1,1,273,154,181,180
WIN_20260414_20_31_10_Pro,72,2.4194831275720166,0.39939446784885363,0.40000001254264733,0.3996972401957505,1,1,273,154,181,180
WIN_20260414_20_31_10_Pro,73,2.4530870598994055,0.4013508110212491,0.4155664255238136,0.4084586182725314,1,1,273,154,181,180
WIN_20260414_20_31_10_Pro,74,2.486690992226795,0.39939446784885363,0.41638064779351736,0.40788755782118546,1,1,273,154,181,180
WIN_20260414_20_31_10_Pro,75,2.5202949245541837,0.3866322976556167,0.3979626005849765,0.3922974491202966,1,1,273,154,181,180
WIN_20260414_20_31_10_Pro,76,2.553898856881573,0.41863793650712966,0.4305831572188862,0.4246105468630079,1,1,273,154,181,180
WIN_20260414_20_31_10_Pro,77,2.587502789208962,0.38524472972667867,0.41713550492534934,0.401190117326014,1,1,273,154,181,180
WIN_20260414_20_31_10_Pro,78,2.6211067215363513,0.38524472972667867,0.4162255384068172,0.40073513406674793,1,1,273,154,181,180
WIN_20260414_20_31_10_Pro,79,2.65471065386374,0.3959251886273057,0.4050048298507353,0.4004650092390205,1,1,273,154,181,180
WIN_20260414_20_31_10_Pro,80,2.6883145861911295,0.3814072386943297,0.38742926021217183,0.38441824945325076,1,1,273,154,181,180
WIN_20260414_20_31_10_Pro,81,2.7219185185185184,0.36494899051754637,0.38722718055708955,0.376088085537318,1,1,273,154,181,180
WIN_20260414_20_31_10_Pro,82,2.7555224508459077,0.36930855637195525,0.4050048298507353,0.38715669311134526,1,1,273,154,181,180
WIN_20260414_20_31_10_Pro,83,2.7891263831732966,0.38524472972667867,0.3892096313875005,0.3872271805570896,1,1,273,154,181,180
WIN_20260414_20_31_10_Pro,84,2.822730315500686,0.36761921917281426,0.3892096313875005,0.37841442528015734,1,1,273,154,181,180
WIN_20260414_20_31_10_Pro,85,2.856334247828075,0.36930855637195525,0.39991288351012494,0.3846107199410401,1,1,273,154,181,180
WIN_20260414_20_31_10_Pro,86,2.889938180155464,0.36930855637195525,0.3892096313875005,0.3792590938797279,1,1,273,154,181,180
WIN_20260414_20_31_10_Pro,87,2.923542112482853,0.36494899051754637,0.37146774068552757,0.36820836560153697,1,1,273,154,181,180
WIN_20260414_20_31_10_Pro,88,2.9571460448102425,0.37954720353210986,0.38545587775528084,0.38250154064369535,1,1,273,154,181,180
WIN_20260414_20_31_10_Pro,89,2.9907499771376314,0.36761921917281426,0.3892096313875005,0.37841442528015734,1,1,273,154,181,180
WIN_20260414_20_31_10_Pro,90,3.0243539094650207,0.39786548687111295,0.3892096313875005,0.3935375591293067,1,1,273,154,181,180
WIN_20260414_20_31_10_Pro,91,3.0579578417924096,0.38524472972667867,0.39991288351012494,0.39257880661840183,1,1,273,154,181,180
WIN_20260414_20_31_10_Pro,92,3.091561774119799,0.3828729712898416,0.3979626005849765,0.39041778593740906,1,1,273,154,181,180
WIN_20260414_20_31_10_Pro,93,3.125165706447188,0.35337238301723184,0.3834546353333417,0.36841350917528676,1,1,273,154,181,180
WIN_20260414_20_31_10_Pro,94,3.158769638774577,0.36930855637195525,0.4050048298507353,0.38715669311134526,1,1,273,154,181,180
WIN_20260414_20_31_10_Pro,95,3.192373571101966,0.35337238301723184,0.3555315673308042,0.35445197517401805,1,1,273,154,181,180
WIN_20260414_20_31_10_Pro,96,3.2259775034293554,0.3555315673308042,0.3555315673308042,0.3555315673308042,1,1,273,154,181,180
WIN_20260414_20_31_10_Pro,97,3.2595814357567443,0.35337238301723184,0.3834546353333417,0.36841350917528676,1,1,273,154,181,180
WIN_20260414_20_31_10_Pro,98,3.2931853680841336,0.36930855637195525,0.39991288351012494,0.3846107199410401,1,1,273,154,181,180
WIN_20260414_20_31_10_Pro,99,3.3267893004115225,0.35337238301723184,0.3734501915159385,0.36341128726658517,1,1,273,154,181,180
WIN_20260414_20_31_10_Pro,100,3.360393232738912,0.3357904536243488,0.3602997582403578,0.34804510593235327,1,1,273,154,181,180
WIN_20260414_20_31_10_Pro,101,3.393997165066301,0.2674082032060554,0.29356515273209083,0.2804866779690731,1,1,273,154,181,180
WIN_20260414_20_31_10_Pro,102,3.42760109739369,0.17951269491796026,0.20175249862593286,0.19063259677194655,1,1,273,154,181,180
WIN_20260414_20_31_10_Pro,103,3.461205029721079,0.1637196498199476,0.17866130627765833,0.17119047804880297,1,1,273,154,181,180
WIN_20260414_20_31_10_Pro,104,3.4948089620484684,0.1621299871142236,0.16254946975811824,0.16233972843617092,1,1,273,154,181,180
WIN_20260414_20_31_10_Pro,105,3.5284128943758573,0.15710827990060047,0.1733375632975455,0.16522292159907298,1,1,273,154,181,180
WIN_20260414_20_31_10_Pro,106,3.5620168267032466,0.16254946975811824,0.16439898835166655,0.1634742290548924,1,1,273,154,181,180
WIN_20260414_20_31_10_Pro,107,3.5956207590306355,0.17112463979416503,0.19447894597303153,0.18280179288359827,1,1,273,154,181,180
WIN_20260414_20_31_10_Pro,108,3.629224691358025,0.1641432454347156,0.18842550829413432,0.17628437686442494,1,1,273,154,181,180
WIN_20260414_20_31_10_Pro,109,3.6628286236854137,0.13272746234078592,0.1698729667512551,0.1513002145460205,1,1,273,174,181,180
WIN_20260414_20_31_10_Pro,110,3.696432556012803,0.14227092230840396,0.14402539622812818,0.14314815926826607,1,1,273,174,181,180
WIN_20260414_20_31_10_Pro,111,3.730036488340192,0.1637196498199476,0.14508582357883235,0.15440273669938998,1,1,273,174,181,180
WIN_20260414_20_31_10_Pro,112,3.7636404206675813,0.15864870544286905,0.15903405018646097,0.158841377814665,1,1,273,174,181,180
WIN_20260414_20_31_10_Pro,113,3.79724435299497,0.1468415782111534,0.16439898835166655,0.15562028328140998,1,1,273,174,181,180
WIN_20260414_20_31_10_Pro,114,3.8308482853223595,0.1641432454347156,0.14508582357883235,0.15461453450677398,1,1,273,174,181,180
WIN_20260414_20_31_10_Pro,115,3.8644522176497484,0.15864870544286905,0.14227092230840396,0.1504598138756365,1,1,273,174,181,180
WIN_20260414_20_31_10_Pro,116,3.898056149977138,0.14001106892249868,0.15594571596635137,0.147978392444425,1,1,273,174,181,180
WIN_20260414_20_31_10_Pro,117,3.9316600823045267,0.12445428348666548,0.15594571596635137,0.14019999972650843,1,1,273,174,181,180
WIN_20260414_20_31_10_Pro,118,3.965264014631916,0.12636940974015332,0.14402539622812818,0.13519740298414074,1,1,273,174,181,180
WIN_20260414_20_31_10_Pro,119,3.998867946959305,0.1287645552652167,0.15903405018646097,0.14389930272583884,1,1,273,174,181,180
WIN_20260414_20_31_10_Pro,120,4.032471879286694,0.15273519824614543,0.13816544879599266,0.14545032352106904,1,1,273,174,181,180
WIN_20260414_20_31_10_Pro,121,4.066075811614083,0.15273519824614543,0.15273519824614543,0.15273519824614543,1,1,273,174,181,180
WIN_20260414_20_31_10_Pro,122,4.099679743941472,0.12828453599364112,0.15772018710777683,0.14300236155070897,1,1,273,174,181,180
WIN_20260414_20_31_10_Pro,123,4.133283676268862,0.1247565727730811,0.15748988307640616,0.14112322792474363,1,1,273,174,181,180
WIN_20260414_20_31_10_Pro,124,4.166887608596251,0.15238705077175016,0.15273519824614543,0.1525611245089478,1,1,273,174,181,180
WIN_20260414_20_31_10_Pro,125,4.20049154092364,0.15903405018646097,0.15273519824614543,0.1558846242163032,1,1,273,174,181,180
WIN_20260414_20_31_10_Pro,126,4.2340954732510285,0.15748988307640616,0.16785896326424646,0.16267442317032632,1,1,273,174,181,180
WIN_20260414_20_31_10_Pro,127,4.267699405578418,0.15864870544286905,0.15748988307640616,0.15806929425963762,1,1,273,174,181,180
WIN_20260414_20_31_10_Pro,128,4.301303337905807,0.1628027294974068,0.15748988307640616,0.16014630628690646,1,1,273,174,181,180
WIN_20260414_20_31_10_Pro,129,4.334907270233196,0.1728309366974992,0.15273519824614543,0.1627830674718223,1,1,273,174,181,180
WIN_20260414_20_31_10_Pro,130,4.368511202560585,0.14189531147977102,0.15748988307640616,0.1496925972780886,1,1,273,174,181,180
WIN_20260414_20_31_10_Pro,131,4.402115134887975,0.14381508941845877,0.12896517651451764,0.13639013296648822,1,1,273,174,181,180
WIN_20260414_20_31_10_Pro,132,4.435719067215364,0.15748988307640616,0.15617376189768659,0.15683182248704636,1,1,273,174,181,180
WIN_20260414_20_31_10_Pro,133,4.469322999542753,0.16254946975811824,0.17308445467304132,0.1678169622155798,1,1,273,174,181,180
WIN_20260414_20_31_10_Pro,134,4.5029269318701415,0.14668208243309208,0.15748988307640616,0.1520859827547491,1,1,273,174,181,180
WIN_20260414_20_31_10_Pro,135,4.53653086419753,0.12878418013838927,0.14645390034996614,0.1376190402441777,1,1,273,174,181,180
WIN_20260414_20_31_10_Pro,136,4.57013479652492,0.12667635071176883,0.12878418013838927,0.12773026542507904,1,1,273,174,181,180
WIN_20260414_20_31_10_Pro,137,4.603738728852309,0.12859612865045658,0.12686159482826928,0.12772886173936293,1,1,273,174,181,180
WIN_20260414_20_31_10_Pro,138,4.637342661179698,0.16254946975811824,0.14210281091800817,0.1523261403380632,1,1,273,174,181,180
WIN_20260414_20_31_10_Pro,139,4.670946593507087,0.15903405018646097,0.16254946975811824,0.16079175997228962,1,1,273,174,181,180
WIN_20260414_20_31_10_Pro,140,4.704550525834477,0.14381508941845877,0.15748988307640616,0.15065248624743247,1,1,273,174,181,180
WIN_20260414_20_31_10_Pro,141,4.7381544581618655,0.15273519824614543,0.1580963472078066,0.15541577272697601,1,1,273,174,181,180
WIN_20260414_20_31_10_Pro,142,4.771758390489254,0.14381508941845877,0.1728309366974992,0.15832301305797897,1,1,273,174,181,180
WIN_20260414_20_31_10_Pro,143,4.805362322816643,0.12667635071176883,0.15772018710777683,0.14219826890977283,1,1,273,174,181,180
WIN_20260414_20_31_10_Pro,144,4.838966255144033,0.12667635071176883,0.14381508941845877,0.13524572006511382,1,1,273,174,181,180
WIN_20260414_20_31_10_Pro,145,4.872570187471422,0.15131444184477688,0.14508582357883235,0.1482001327118046,1,1,273,174,181,180
WIN_20260414_20_31_10_Pro,146,4.906174119798811,0.1641432454347156,0.16120647064314705,0.16267485803893134,1,1,273,174,181,180
WIN_20260414_20_31_10_Pro,147,4.9397780521262,0.15903405018646097,0.1580963472078066,0.15856519869713379,1,1,273,174,181,180
WIN_20260414_20_31_10_Pro,148,4.97338198445359,0.15903405018646097,0.14402539622812818,0.15152972320729458,1,1,273,174,181,180
WIN_20260414_20_31_10_Pro,149,5.0069859167809785,0.14192619517598648,0.15617376189768659,0.14904997853683655,1,1,273,174,181,180
WIN_20260414_20_31_10_Pro,150,5.040589849108367,0.13915533432914,0.12493900951814928,0.13204717192364465,1,1,273,174,181,180
WIN_20260414_20_31_10_Pro,151,5.074193781435756,0.15864870544286905,0.15617376189768659,0.15741123367027782,1,1,293,174,181,180
WIN_20260414_20_31_10_Pro,152,5.107797713763146,0.15903405018646097,0.15123765018101049,0.1551358501837357,1,1,293,174,181,180
WIN_20260414_20_31_10_Pro,153,5.141401646090535,0.15710827990060047,0.15123765018101049,0.15417296504080547,1,1,293,174,181,180
WIN_20260414_20_31_10_Pro,154,5.175005578417924,0.15903405018646097,0.15594571596635137,0.15748988307640616,1,1,293,174,181,180
WIN_20260414_20_31_10_Pro,155,5.208609510745313,0.1641432454347156,0.15594571596635137,0.16004448070053348,1,1,293,174,181,180
WIN_20260414_20_31_10_Pro,156,5.2422134430727025,0.16310020508247036,0.15772018710777683,0.16041019609512358,1,1,293,174,181,180
WIN_20260414_20_31_10_Pro,157,5.275817375400091,0.14346662071825508,0.12115650610655014,0.1323115634124026,1,1,293,174,181,180
WIN_20260414_20_31_10_Pro,158,5.30942130772748,0.14381508941845877,0.15123765018101049,0.14752636979973463,1,1,293,174,181,180
WIN_20260414_20_31_10_Pro,159,5.343025240054869,0.14381508941845877,0.15617376189768659,0.1499944256580727,1,1,293,174,181,180
WIN_20260414_20_31_10_Pro,160,5.376629172382259,0.1641432454347156,0.14055638570791792,0.15234981557131677,1,1,293,174,181,180
WIN_20260414_20_31_10_Pro,161,5.410233104709648,0.14346662071825508,0.13611388516290943,0.13979025294058225,1,1,293,174,181,180
WIN_20260414_20_31_10_Pro,162,5.443837037037037,0.16310020508247036,0.15123765018101049,0.15716892763174042,1,1,293,174,181,180
WIN_20260414_20_31_10_Pro,163,5.477440969364426,0.15423274631128034,0.15123765018101049,0.1527351982461454,1,1,293,174,181,180
WIN_20260414_20_31_10_Pro,164,5.5110449016918155,0.15864870544286905,0.15123765018101049,0.15494317781193978,1,1,293,174,181,180
WIN_20260414_20_31_10_Pro,165,5.544648834019204,0.1394732522752513,0.1514456326331877,0.1454594424542195,1,1,293,174,181,180
WIN_20260414_20_31_10_Pro,166,5.578252766346593,0.15864870544286905,0.15123765018101049,0.15494317781193978,1,1,293,174,181,180
WIN_20260414_20_31_10_Pro,167,5.611856698673982,0.14155149446476728,0.1469952617265259,0.1442733780956466,1,1,293,174,181,180
WIN_20260414_20_31_10_Pro,168,5.645460631001372,0.173952587185568,0.1514456326331877,0.16269910990937786,1,1,293,174,181,180
WIN_20260414_20_31_10_Pro,169,5.679064563328761,0.16349636215499008,0.1363010693698689,0.1498987157624295,1,1,293,174,181,180
WIN_20260414_20_31_10_Pro,170,5.71266849565615,0.15864870544286905,0.1514456326331877,0.15504716903802837,1,1,293,174,181,180
WIN_20260414_20_31_10_Pro,171,5.746272427983539,0.14843535388775075,0.12493900951814928,0.13668718170295002,1,1,273,174,181,180
WIN_20260414_20_31_10_Pro,172,5.779876360310928,0.15903405018646097,0.15617376189768659,0.15760390604207378,1,1,293,174,181,180
WIN_20260414_20_31_10_Pro,173,5.813480292638317,0.14227092230840396,0.14247897101803794,0.14237494666322095,1,1,273,174,181,180
WIN_20260414_20_31_10_Pro,174,5.847084224965706,0.1403511443697162,0.14055638570791792,0.14045376503881707,1,1,273,174,181,180
WIN_20260414_20_31_10_Pro,175,5.880688157293095,0.13074600880300133,0.14402539622812818,0.13738570251556476,1,1,273,174,181,180
WIN_20260414_20_31_10_Pro,176,5.914292089620485,0.12859612865045658,0.1363010693698689,0.13244859901016276,1,1,273,174,181,180
WIN_20260414_20_31_10_Pro,177,5.947896021947874,0.12686159482826928,0.16120647064314705,0.14403403273570817,1,1,273,174,181,180
WIN_20260414_20_31_10_Pro,178,5.981499954275263,0.12445428348666548,0.14247897101803794,0.1334666272523517,1,1,273,174,181,180
WIN_20260414_20_31_10_Pro,179,6.015103886602652,0.16254946975811824,0.12493900951814928,0.14374423963813376,1,1,273,174,181,180
WIN_20260414_20_31_10_Pro,180,6.048707818930041,0.14346662071825508,0.14210281091800817,0.14278471581813162,1,1,273,174,181,180
WIN_20260414_20_31_10_Pro,181,6.08231175125743,0.12686159482826928,0.14707036431466894,0.1369659795714691,1,1,273,174,181,180
WIN_20260414_20_31_10_Pro,182,6.115915683584819,0.15903405018646097,0.1378006768674168,0.14841736352693888,1,1,273,174,181,180
WIN_20260414_20_31_10_Pro,183,6.149519615912208,0.15903405018646097,0.14247897101803794,0.15075651060224945,1,1,273,174,181,180
WIN_20260414_20_31_10_Pro,184,6.183123548239598,0.15903405018646097,0.14189531147977102,0.15046468083311598,1,1,273,174,181,180
WIN_20260414_20_31_10_Pro,185,6.216727480566987,0.15748988307640616,0.15294524013073554,0.15521756160357086,1,1,273,174,181,180
WIN_20260414_20_31_10_Pro,186,6.250331412894376,0.1637196498199476,0.16254946975811824,0.1631345597890329,1,1,273,174,181,180
WIN_20260414_20_31_10_Pro,187,6.283935345221765,0.15748988307640616,0.15772018710777683,0.1576050350920915,1,1,273,174,181,180
WIN_20260414_20_31_10_Pro,188,6.317539277549154,0.1394732522752513,0.13816544879599266,0.138819350535622,1,1,273,174,181,180
WIN_20260414_20_31_10_Pro,189,6.351143209876543,0.15423274631128034,0.15294524013073554,0.15358899322100794,1,1,273,174,181,180
WIN_20260414_20_31_10_Pro,190,6.384747142203932,0.1209901201448084,0.13816544879599266,0.12957778447040053,1,1,273,174,181,180
WIN_20260414_20_31_10_Pro,191,6.418351074531321,0.14227092230840396,0.1378006768674168,0.14003579958791038,1,1,273,174,181,180
WIN_20260414_20_31_10_Pro,192,6.451955006858711,0.12859612865045658,0.14247897101803794,0.13553754983424726,1,1,293,174,181,180
WIN_20260414_20_31_10_Pro,193,6.4855589391861,0.15903405018646097,0.15772018710777683,0.1583771186471189,1,1,293,174,181,180
WIN_20260414_20_31_10_Pro,194,6.519162871513489,0.15423274631128034,0.14055638570791792,0.14739456600959913,1,1,293,174,181,180
WIN_20260414_20_31_10_Pro,195,6.5527668038408775,0.1784040868251693,0.1609556940815209,0.1696798904533451,1,1,293,174,181,180
WIN_20260414_20_31_10_Pro,196,6.586370736168267,0.14381508941845877,0.14991673325972513,0.14686591133909194,1,1,293,174,181,180
WIN_20260414_20_31_10_Pro,197,6.619974668495656,0.1371324480507378,0.17857142857142858,0.15785193831108318,1,1,281,161,216,216
WIN_20260414_20_31_10_Pro,198,6.653578600823045,0.11546055095440227,0.16071428571428573,0.13808741833434401,1,1,281,161,216,216
WIN_20260414_20_31_10_Pro,199,6.687182533150434,0.14843535388775075,0.16061189060999878,0.15452362224887478,1,1,313,174,180,180
WIN_20260414_20_31_10_Pro,200,6.720786465477824,0.14346662071825508,0.15517241379310345,0.14931951725567927,1,1,313,174,180,180
WIN_20260414_20_31_10_Pro,201,6.754390397805213,0.1894480264170099,0.19630342185666516,0.1928757241368375,1,1,313,154,180,180
WIN_20260414_20_31_10_Pro,202,6.787994330132602,0.1894480264170099,0.20356412863325088,0.19650607752513038,1,1,313,154,180,180
WIN_20260414_20_31_10_Pro,203,6.8215982624599905,0.1526460792693573,0.18518518518518517,0.16891563222727124,1,1,313,154,180,180
WIN_20260414_20_31_10_Pro,204,6.85520219478738,0.17228667955847293,0.17857142857142858,0.17542905406495074,1,1,313,154,180,180
WIN_20260414_20_31_10_Pro,205,6.888806127114769,0.18731356410032665,0.20356412863325088,0.19543884636678877,1,1,313,154,180,180
WIN_20260414_20_31_10_Pro,206,6.922410059442158,0.16347300970298895,0.1868907372865957,0.1751818734947923,1,1,305,137,216,216
WIN_20260414_20_31_10_Pro,207,6.956013991769547,0.16284719451942842,0.19216560678109781,0.17750640065026313,1,1,305,137,216,216
WIN_20260414_20_31_10_Pro,208,6.989617924096937,0.14254307940842742,0.18467921405659732,0.16361114673251237,1,1,305,137,216,216
WIN_20260414_20_31_10_Pro,209,7.023221856424326,0.14254307940842742,0.17446573988509745,0.15850440964676243,1,1,305,137,216,216
WIN_20260414_20_31_10_Pro,210,7.0568257887517145,0.1999982066420116,0.19216560678109781,0.1960819067115547,1,1,305,137,216,216
WIN_20260414_20_31_10_Pro,211,7.090429721079103,0.15235379636565394,0.17721752566988822,0.1647856610177711,1,1,305,137,216,216
WIN_20260414_20_31_10_Pro,212,7.124033653406493,0.14199738918367813,0.15373248542487825,0.1478649373042782,1,1,305,137,216,216
WIN_20260414_20_31_10_Pro,213,7.157637585733882,0.12494328772297861,0.15339300183634028,0.13916814477965944,1,1,305,137,216,216
WIN_20260414_20_31_10_Pro,214,7.191241518061271,0.12817167842679184,0.15339300183634028,0.14078234013156604,1,1,305,137,216,216
WIN_20260414_20_31_10_Pro,215,7.22484545038866,0.14254307940842742,0.1500168744235027,0.14627997691596506,1,1,305,137,216,216
WIN_20260414_20_31_10_Pro,216,7.25844938271605,0.13371432851009526,0.1500168744235027,0.141865601466799,1,1,305,137,216,216
WIN_20260414_20_31_10_Pro,217,7.292053315043439,0.1379882866265532,0.18872317581569056,0.1633557312211219,1,1,305,137,216,216
WIN_20260414_20_31_10_Pro,218,7.3256572473708275,0.17861463477650028,0.21487539701267458,0.19674501589458743,1,1,305,113,216,216
WIN_20260414_20_31_10_Pro,219,7.359261179698216,0.17951269491796026,0.1868907372865957,0.18320171610227798,1,1,313,134,180,180
WIN_20260414_20_31_10_Pro,220,7.392865112025606,0.15209825435830718,0.16206958025719784,0.1570839173077525,1,1,313,154,180,180
WIN_20260414_20_31_10_Pro,221,7.426469044352995,0.1536556416655495,0.18164505572121287,0.1676503486933812,1,1,313,154,180,180
WIN_20260414_20_31_10_Pro,222,7.460072976680384,0.16770938150450918,0.1802247355120756,0.1739670585082924,1,1,313,154,180,180
WIN_20260414_20_31_10_Pro,223,7.493676909007773,0.1683134343083536,0.1802247355120756,0.1742690849102146,1,1,313,154,180,180
WIN_20260414_20_31_10_Pro,224,7.527280841335163,0.1536556416655495,0.1802247355120756,0.16694018858881254,1,1,313,154,180,180
WIN_20260414_20_31_10_Pro,225,7.5608847736625515,0.13272746234078592,0.1468795577227464,0.13980351003176616,1,1,281,137,216,216
WIN_20260414_20_31_10_Pro,226,7.59448870598994,0.1691237975014753,0.16803997750123834,0.16858188750135683,1,1,293,134,181,180
WIN_20260414_20_31_10_Pro,227,7.628092638317329,0.19070879415898218,0.20539656716234578,0.19805268066066398,1,1,293,134,181,180
WIN_20260414_20_31_10_Pro,228,7.661696570644719,0.14381508941845877,0.1868907372865957,0.16535291335252722,1,1,281,137,216,216
WIN_20260414_20_31_10_Pro,229,7.695300502972108,0.16354721938638758,0.17307692307692307,0.1683120712316553,1,1,281,113,216,216
WIN_20260414_20_31_10_Pro,230,7.728904435299497,0.1637196498199476,0.1850582987575008,0.17438897428872419,1,1,293,134,181,180
WIN_20260414_20_31_10_Pro,231,7.762508367626886,0.17951269491796026,0.1868907372865957,0.18320171610227798,1,1,293,134,181,180
WIN_20260414_20_31_10_Pro,232,7.796112299954276,0.17997715224147676,0.1868907372865957,0.18343394476403624,1,1,293,134,181,180
WIN_20260414_20_31_10_Pro,233,7.8297162322816645,0.1637196498199476,0.1868907372865957,0.17530519355327165,1,1,293,134,181,180
WIN_20260414_20_31_10_Pro,234,7.863320164609053,0.15864870544286905,0.19216560678109781,0.17540715611198343,1,1,293,134,181,180
WIN_20260414_20_31_10_Pro,235,7.896924096936442,0.15304102398039923,0.19230769230769232,0.17267435814404578,1,1,281,113,216,216
WIN_20260414_20_31_10_Pro,236,7.930528029263832,0.18155150321331365,0.19230769230769232,0.186929597760503,1,1,293,134,181,180
WIN_20260414_20_31_10_Pro,237,7.964131961591221,0.15824942615395554,0.1870188801376908,0.17263415314582317,1,1,293,154,181,180
WIN_20260414_20_31_10_Pro,238,7.99773589391861,0.17951269491796026,0.1955384779338546,0.18752558642590744,1,1,257,113,216,216
WIN_20260414_20_31_10_Pro,239,8.031339826245999,0.14843535388775075,0.19421191398914045,0.1713236339384456,1,1,257,113,216,216
WIN_20260414_20_31_10_Pro,240,8.064943758573389,0.17771410401012844,0.19967468295778548,0.18869439348395695,1,1,257,113,216,216
WIN_20260414_20_31_10_Pro,241,8.098547690900777,0.174375103807554,0.2037037037037037,0.18903940375562883,1,1,257,113,216,216
WIN_20260414_20_31_10_Pro,242,8.132151623228166,0.15423274631128034,0.17572381472662008,0.1649782805189502,1,1,273,154,181,180
WIN_20260414_20_31_10_Pro,243,8.165755555555556,0.15903405018646097,0.17231137651183442,0.16567271334914768,1,1,254,154,180,180
WIN_20260414_20_31_10_Pro,244,8.199359487882944,0.18971615742864703,0.2081997476039034,0.1989579525162752,1,1,254,154,180,180
WIN_20260414_20_31_10_Pro,245,8.232963420210334,0.15444484762828342,0.1896551724137931,0.17205001002103826,1,1,233,137,216,216
WIN_20260414_20_31_10_Pro,246,8.266567352537724,0.1747153475880623,0.20126759060722701,0.18799146909764464,1,1,233,137,216,216
WIN_20260414_20_31_10_Pro,247,8.300171284865112,0.18173475915982523,0.15594571596635137,0.1688402375630883,1,1,234,154,180,180
WIN_20260414_20_31_10_Pro,248,8.333775217192501,0.16808980339405433,0.14648968809695287,0.15728974574550358,1,1,234,154,180,180
WIN_20260414_20_31_10_Pro,249,8.36737914951989,0.16666666666666666,0.14971236695260007,0.15818951680963336,1,1,234,154,180,180
WIN_20260414_20_31_10_Pro,250,8.40098308184728,0.15294524013073554,0.14794022206590338,0.15044273109831946,1,1,234,154,180,180
WIN_20260414_20_31_10_Pro,251,8.434587014174669,0.16659019589650645,0.14845080186166484,0.15752049887908565,1,1,209,137,216,216
WIN_20260414_20_31_10_Pro,252,8.468190946502057,0.171875,0.18173475915982523,0.17680487957991262,1,1,209,137,216,216
WIN_20260414_20_31_10_Pro,253,8.501794878829447,0.14055638570791792,0.15903405018646097,0.14979521794718945,1,1,209,137,216,216
WIN_20260414_20_31_10_Pro,254,8.535398811156837,0.13972916747584488,0.14990634199680378,0.14481775473632433,1,1,209,137,216,216
WIN_20260414_20_31_10_Pro,255,8.569002743484225,0.16288741173282748,0.15444484762828342,0.15866612968055543,1,1,209,137,216,216
WIN_20260414_20_31_10_Pro,256,8.602606675811614,0.16439898835166655,0.15423274631128034,0.15931586733147346,1,1,209,137,216,216
WIN_20260414_20_31_10_Pro,257,8.636210608139002,0.20542831969628855,0.18398854802186548,0.19470843385907702,1,1,209,137,216,216
WIN_20260414_20_31_10_Pro,258,8.669814540466392,0.15772018710777683,0.16911064716657292,0.1634154171371749,1,1,209,137,216,216
WIN_20260414_20_31_10_Pro,259,8.703418472793782,0.1899935872864797,0.18148518021721258,0.18573938375184612,1,1,234,154,180,180
WIN_20260414_20_31_10_Pro,260,8.73702240512117,0.17732711770746176,0.16785896326424646,0.1725930404858541,1,1,234,154,180,180
WIN_20260414_20_31_10_Pro,261,8.77062633744856,0.1733375632975455,0.15123765018101049,0.162287606739278,1,1,234,154,180,180
WIN_20260414_20_31_10_Pro,262,8.80423026977595,0.17838337656487943,0.15089291624575127,0.16463814640531535,1,1,234,154,180,180
WIN_20260414_20_31_10_Pro,263,8.837834202103338,0.16794419424705875,0.174375103807554,0.17115964902730638,1,1,234,154,180,180
WIN_20260414_20_31_10_Pro,264,8.871438134430727,0.16629752402281872,0.16439898835166655,0.16534825618724264,1,1,234,154,180,180
WIN_20260414_20_31_10_Pro,265,8.905042066758115,0.17231137651183442,0.17308367459208315,0.17269752555195877,1,1,234,154,180,180
WIN_20260414_20_31_10_Pro,266,8.938645999085505,0.18954251416301784,0.17316816747188568,0.18135534081745175,1,1,234,154,180,180
WIN_20260414_20_31_10_Pro,267,8.972249931412895,0.18457394664934063,0.1628027294974068,0.1736883380733737,1,1,254,154,180,180
WIN_20260414_20_31_10_Pro,268,9.005853863740283,0.1923325003754806,0.1774193548387097,0.18487592760709515,1,1,254,154,180,180
WIN_20260414_20_31_10_Pro,269,9.039457796067673,0.20230967585101683,0.17732711770746176,0.18981839677923928,1,1,254,154,180,180
WIN_20260414_20_31_10_Pro,270,9.07306172839506,0.21736862131471113,0.17732711770746176,0.19734786951108646,1,1,254,134,180,180
WIN_20260414_20_31_10_Pro,271,9.10666566072245,0.20175249862593286,0.20302589046699257,0.2023891945464627,1,1,273,134,181,180
WIN_20260414_20_31_10_Pro,272,9.14026959304984,0.2092533975500882,0.194781953341973,0.2020176754460306,1,1,273,134,181,180
WIN_20260414_20_31_10_Pro,273,9.173873525377228,0.19916725638552563,0.17864503916627034,0.18890614777589798,1,1,273,134,181,180
WIN_20260414_20_31_10_Pro,274,9.207477457704618,0.2078298355293181,0.2105745153811836,0.20920217545525086,1,1,273,134,181,180
WIN_20260414_20_31_10_Pro,275,9.241081390032008,0.19916725638552563,0.19447894597303153,0.1968231011792786,1,1,273,134,181,180
WIN_20260414_20_31_10_Pro,276,9.274685322359396,0.20314713546225704,0.20984334665923035,0.20649524106074368,1,1,273,134,181,180
WIN_20260414_20_31_10_Pro,277,9.308289254686786,0.2092533975500882,0.20512835194294426,0.20719087474651623,1,1,293,134,181,180
WIN_20260414_20_31_10_Pro,278,9.341893187014174,0.20579829591342536,0.17818401955507357,0.19199115773424946,1,1,293,134,181,180
WIN_20260414_20_31_10_Pro,279,9.375497119341563,0.22314351224296577,0.21171839225066708,0.2174309522468164,1,1,293,134,181,180
WIN_20260414_20_31_10_Pro,280,9.409101051668953,0.19916725638552563,0.19530574001597295,0.1972364982007493,1,1,293,134,181,180
WIN_20260414_20_31_10_Pro,281,9.442704983996341,0.20314713546225704,0.16959086447129879,0.18636899996677792,1,1,293,134,181,180
WIN_20260414_20_31_10_Pro,282,9.476308916323731,0.22314351224296577,0.177544542634798,0.20034402743888188,1,1,293,134,181,180
WIN_20260414_20_31_10_Pro,283,9.50991284865112,0.1850582987575008,0.16847634970217107,0.17676732422983593,1,1,293,134,181,180
WIN_20260414_20_31_10_Pro,284,9.543516780978509,0.22161505686791677,0.18406561505825741,0.2028403359630871,1,1,293,134,181,180
WIN_20260414_20_31_10_Pro,285,9.577120713305899,0.21440089306729976,0.1691237975014753,0.19176234528438751,1,1,293,134,181,180
WIN_20260414_20_31_10_Pro,286,9.610724645633287,0.20467559083730605,0.1621299871142236,0.18340278897576484,1,1,293,134,181,180
WIN_20260414_20_31_10_Pro,287,9.644328577960676,0.2129725822553963,0.19581105904823795,0.20439182065181713,1,1,313,134,180,180
WIN_20260414_20_31_10_Pro,288,9.677932510288066,0.18650789890689806,0.17814575704915755,0.1823268279780278,1,1,313,134,180,180
WIN_20260414_20_31_10_Pro,289,9.711536442615454,0.1868907372865957,0.1637196498199476,0.17530519355327165,1,1,313,134,180,180
WIN_20260414_20_31_10_Pro,290,9.745140374942844,0.21440089306729976,0.18406561505825741,0.1992332540627786,1,1,313,134,180,180
WIN_20260414_20_31_10_Pro,291,9.778744307270234,0.2065042756876068,0.15710827990060047,0.18180627779410363,1,1,313,134,180,180
WIN_20260414_20_31_10_Pro,292,9.812348239597622,0.22314351224296577,0.173952587185568,0.19854804971426687,1,1,313,134,180,180
WIN_20260414_20_31_10_Pro,293,9.845952171925012,0.20539656716234578,0.17951269491796026,0.19245463104015303,1,1,313,134,180,180
WIN_20260414_20_31_10_Pro,294,9.8795561042524,0.2152153071198063,0.17266506533643364,0.19394018622811998,1,1,313,134,180,180
WIN_20260414_20_31_10_Pro,295,9.91316003657979,0.21600523947168007,0.18971615742864703,0.20286069845016355,1,1,313,134,180,180
WIN_20260414_20_31_10_Pro,296,9.94676396890718,0.21453574431031414,0.18842550829413432,0.20148062630222424,1,1,313,134,180,180
WIN_20260414_20_31_10_Pro,297,9.980367901234567,0.19916725638552563,0.17951269491796026,0.18933997565174293,1,1,313,154,180,180
WIN_20260414_20_31_10_Pro,298,10.013971833561957,0.18107149417464707,0.17997715224147676,0.18052432320806192,1,1,313,154,180,180
WIN_20260414_20_31_10_Pro,299,10.047575765889347,0.1748949215959108,0.15903405018646097,0.1669644858911859,1,1,313,154,180,180
WIN_20260414_20_31_10_Pro,300,10.081179698216735,0.1748949215959108,0.1641432454347156,0.1695190835153132,1,1,313,154,180,180
WIN_20260414_20_31_10_Pro,301,10.114783630544125,0.24155791683385167,0.19447894597303153,0.2180184314034416,1,1,313,154,180,180
WIN_20260414_20_31_10_Pro,302,10.148387562871513,0.26028960837931125,0.19447894597303153,0.22738427717617138,1,1,313,154,180,180
WIN_20260414_20_31_10_Pro,303,10.181991495198902,0.26028960837931125,0.24143354112228135,0.2508615747507963,1,1,293,134,181,180
WIN_20260414_20_31_10_Pro,304,10.215595427526292,0.29361010793211884,0.266518636906178,0.2800643724191484,1,1,293,134,181,180
WIN_20260414_20_31_10_Pro,305,10.24919935985368,0.33176366886538955,0.2833333333333333,0.30754850109936144,1,1,293,134,181,180
WIN_20260414_20_31_10_Pro,306,10.28280329218107,0.3026000424570493,0.27405100009335,0.2883255212751996,1,1,293,134,181,180
WIN_20260414_20_31_10_Pro,307,10.31640722450846,0.3026000424570493,0.29983346651945025,0.3012167544882498,1,1,293,134,181,180
WIN_20260414_20_31_10_Pro,308,10.350011156835848,0.32018030219492694,0.29106449870004897,0.30562240044748795,1,1,293,134,181,180
WIN_20260414_20_31_10_Pro,309,10.383615089163237,0.3201562279150514,0.3009230931599935,0.31053966053752247,1,1,293,134,181,180
WIN_20260414_20_31_10_Pro,310,10.417219021490626,0.33333335673682496,0.3164908813260864,0.32491211903145567,1,1,293,134,181,180
WIN_20260414_20_31_10_Pro,311,10.450822953818015,0.3745568976714031,0.36797430524631297,0.371265601458858,1,1,293,134,181,180
WIN_20260414_20_31_10_Pro,312,10.484426886145405,0.3943176743590268,0.38381339748125737,0.3890655359201421,1,1,293,134,181,180
WIN_20260414_20_31_10_Pro,313,10.518030818472793,0.36100237146454767,0.3715061241412323,0.36625424780288995,1,1,293,134,181,180
WIN_20260414_20_31_10_Pro,314,10.551634750800183,0.42760956250316645,0.38381339748125737,0.4057114799922119,1,1,293,134,181,180
WIN_20260414_20_31_10_Pro,315,10.585238683127573,0.3943176743590268,0.37144541281915644,0.38288154358909166,1,1,293,134,181,180
WIN_20260414_20_31_10_Pro,316,10.61884261545496,0.4081235622867032,0.38756605988347115,0.3978448110850872,1,1,293,134,181,180
WIN_20260414_20_31_10_Pro,317,10.65244654778235,0.3943176743590268,0.37077488247923823,0.3825462784191325,1,1,293,134,181,180
WIN_20260414_20_31_10_Pro,318,10.686050480109738,0.4081235622867032,0.38823659022338936,0.39818007625504626,1,1,293,134,181,180
WIN_20260414_20_31_10_Pro,319,10.719654412437128,0.3943176743590268,0.3870967741935484,0.39070722427628757,1,1,293,134,181,180
WIN_20260414_20_31_10_Pro,320,10.753258344764518,0.3943176743590268,0.38823659022338936,0.3912771322912081,1,1,293,134,181,180
WIN_20260414_20_31_10_Pro,321,10.786862277091906,0.3765275794025945,0.38756605988347115,0.38204681964303283,1,1,293,134,181,180
WIN_20260414_20_31_10_Pro,322,10.820466209419296,0.4099209100950658,0.38756605988347115,0.3987434849892685,1,1,293,134,181,180
WIN_20260414_20_31_10_Pro,323,10.854070141746686,0.3959380009448175,0.3870967741935484,0.391517387569183,1,1,293,134,181,180
WIN_20260414_20_31_10_Pro,324,10.887674074074074,0.4099209100950658,0.40116366921651997,0.40554228965579286,1,1,293,134,181,180
WIN_20260414_20_31_10_Pro,325,10.921278006401463,0.4099209100950658,0.34499910219627694,0.3774600061456714,1,1,293,134,181,180
WIN_20260414_20_31_10_Pro,326,10.954881938728851,0.4090696768050358,0.36721871549615387,0.3881441961505948,1,1,293,134,181,180
WIN_20260414_20_31_10_Pro,327,10.988485871056241,0.40918237799243085,0.38381339748125737,0.39649788773684413,1,1,293,134,181,180
WIN_20260414_20_31_10_Pro,328,11.022089803383631,0.3934746914635095,0.37077488247923823,0.38212478697137386,1,1,293,134,181,180
WIN_20260414_20_31_10_Pro,329,11.055693735711019,0.4071433418095261,0.37144541281915644,0.38929437731434124,1,1,293,134,181,180
WIN_20260414_20_31_10_Pro,330,11.089297668038409,0.4065853493627592,0.37611622262815686,0.39135078599545803,1,1,293,134,181,180
WIN_20260414_20_31_10_Pro,331,11.122901600365799,0.4071319862772771,0.37077488247923823,0.3889534343782577,1,1,293,134,181,180
WIN_20260414_20_31_10_Pro,332,11.156505532693187,0.4249212887919017,0.38756605988347115,0.40624367433768643,1,1,293,134,181,180
WIN_20260414_20_31_10_Pro,333,11.190109465020576,0.38782634951885436,0.36742267608642576,0.3776245128026401,1,1,293,134,181,180
WIN_20260414_20_31_10_Pro,334,11.223713397347964,0.4021371993589823,0.3499791354157825,0.3760581673873824,1,1,293,134,181,180
WIN_20260414_20_31_10_Pro,335,11.257317329675354,0.4020509505587042,0.34006885146662197,0.37105990101266306,1,1,293,134,181,180
WIN_20260414_20_31_10_Pro,336,11.290921262002744,0.404482693447324,0.38456898723141647,0.3945258403393702,1,1,293,134,181,180
WIN_20260414_20_31_10_Pro,337,11.324525194330132,0.40300376842033153,0.36721871549615387,0.3851112419582427,1,1,293,134,181,180
WIN_20260414_20_31_10_Pro,338,11.358129126657522,0.41889940600254444,0.3561167187389116,0.387508062370728,1,1,293,134,181,180
WIN_20260414_20_31_10_Pro,339,11.391733058984912,0.4196567500256292,0.3499791354157825,0.38481794272070585,1,1,293,134,181,180
WIN_20260414_20_31_10_Pro,340,11.4253369913123,0.3797841384444048,0.36271329813495207,0.3712487182896784,1,1,293,134,181,180
WIN_20260414_20_31_10_Pro,341,11.45894092363969,0.42056107212400323,0.36185389067485224,0.39120748139942774,1,1,293,134,181,180
WIN_20260414_20_31_10_Pro,342,11.492544855967077,0.3991315206493938,0.38248430525248306,0.3908079129509384,1,1,293,134,181,180
WIN_20260414_20_31_10_Pro,343,11.526148788294467,0.39561591243577904,0.35623526198295696,0.375925587209368,1,1,293,134,181,180
WIN_20260414_20_31_10_Pro,344,11.559752720621857,0.4351526141614491,0.36349491227759967,0.3993237632195244,1,1,311,145,150,150
WIN_20260414_20_31_10_Pro,345,11.593356652949245,0.4351526141614491,0.380648256611331,0.4079004353863901,1,1,293,134,181,180
WIN_20260414_20_31_10_Pro,346,11.626960585276635,0.43609032843657375,0.35780537465630885,0.3969478515464413,1,1,293,134,181,180
WIN_20260414_20_31_10_Pro,347,11.660564517604024,0.43609032843657375,0.3934746914635095,0.4147825099500416,1,1,293,154,181,180
WIN_20260414_20_31_10_Pro,348,11.694168449931412,0.4335044124248088,0.3934163377281735,0.41346037507649114,1,1,293,154,181,180
WIN_20260414_20_31_10_Pro,349,11.727772382258802,0.4335044124248088,0.3934163377281735,0.41346037507649114,1,1,293,154,181,180
WIN_20260414_20_31_10_Pro,350,11.76137631458619,0.39999999251876334,0.3926667398223811,0.39633336617057224,1,1,293,154,181,180
WIN_20260414_20_31_10_Pro,351,11.79498024691358,0.4102547790877682,0.3926667398223811,0.40146075945507464,1,1,293,154,181,180
WIN_20260414_20_31_10_Pro,352,11.82858417924097,0.38218766469648596,0.3580119945928188,0.3700998296446524,1,1,293,174,181,180
WIN_20260414_20_31_10_Pro,353,11.862188111568358,0.4164716607853365,0.4079697016300401,0.4122206812076883,1,1,293,174,181,180
WIN_20260414_20_31_10_Pro,354,11.895792043895748,0.4005943030143,0.41041142275520953,0.4055028628847548,1,1,293,174,181,180
WIN_20260414_20_31_10_Pro,355,11.929395976223137,0.39806502246752246,0.3926667398223811,0.39536588114495175,1,1,294,178,150,150
WIN_20260414_20_31_10_Pro,356,11.962999908550525,0.3868194887686247,0.3934746914635095,0.3901470901160671,1,1,294,178,150,150
WIN_20260414_20_31_10_Pro,357,11.996603840877915,0.3813499192129695,0.3799719523030364,0.38066093575800297,1,1,294,178,150,150
WIN_20260414_20_31_10_Pro,358,12.030207773205303,0.401785934712494,0.3934746914635095,0.3976303130880018,1,1,294,178,150,150
WIN_20260414_20_31_10_Pro,359,12.063811705532693,0.4220357573120365,0.4289640573291664,0.4254999073206015,1,1,294,178,150,150
WIN_20260414_20_31_10_Pro,360,12.097415637860083,0.40763647677223247,0.41231753693625695,0.4099770068542447,1,1,273,174,181,180
WIN_20260414_20_31_10_Pro,361,12.13101957018747,0.42284648041156797,0.3922322576869652,0.4075393690492666,1,1,273,174,181,180
WIN_20260414_20_31_10_Pro,362,12.16462350251486,0.38807755031464053,0.41121937439633793,0.39964846235548923,1,1,273,174,181,180
WIN_20260414_20_31_10_Pro,363,12.19822743484225,0.42483856339875165,0.4099209100950658,0.41737973674690876,1,1,273,174,181,180
WIN_20260414_20_31_10_Pro,364,12.231831367169638,0.41039846746480957,0.41133302563371504,0.41086574654926233,1,1,277,178,151,150
WIN_20260414_20_31_10_Pro,365,12.265435299497028,0.41031437233159873,0.4105096808276481,0.4104120265796234,1,1,254,174,180,180
WIN_20260414_20_31_10_Pro,366,12.299039231824416,0.3651357492183826,0.39528470499633694,0.38021022710735974,1,1,254,174,180,180
WIN_20260414_20_31_10_Pro,367,12.332643164151806,0.3055019878476812,0.3121298531915778,0.30881592051962947,1,1,254,174,180,180
WIN_20260414_20_31_10_Pro,368,12.366247096479196,0.278543336585376,0.26870007648290267,0.2736217065341393,1,1,254,174,180,180
WIN_20260414_20_31_10_Pro,369,12.399851028806584,0.278543336585376,0.27540147437807777,0.27697240548172686,1,1,254,174,180,180
WIN_20260414_20_31_10_Pro,370,12.433454961133974,0.2724624860582736,0.26638449835056255,0.2694234922044181,1,1,261,194,150,151
WIN_20260414_20_31_10_Pro,371,12.467058893461363,0.2991983657000697,0.2855034121229148,0.29235088891149225,1,1,261,194,150,151
WIN_20260414_20_31_10_Pro,372,12.500662825788751,0.2923637741816652,0.2923637741816652,0.2923637741816652,1,1,261,194,150,151
WIN_20260414_20_31_10_Pro,373,12.534266758116141,0.3003481729209074,0.2855034121229148,0.2929257925219111,1,1,234,194,180,180
WIN_20260414_20_31_10_Pro,374,12.56787069044353,0.31956314471077785,0.3004379986525434,0.3100005716816606,1,1,234,194,180,180
WIN_20260414_20_31_10_Pro,375,12.601474622770919,0.3328736609861644,0.34436331575935175,0.3386184883727581,1,1,234,194,180,180
WIN_20260414_20_31_10_Pro,376,12.635078555098309,0.33744818512942965,0.32991817901761283,0.3336831820735212,1,1,234,194,180,180
WIN_20260414_20_31_10_Pro,377,12.668682487425697,0.3485031101283263,0.3440260746818118,0.346264592405069,1,1,234,194,180,180
WIN_20260414_20_31_10_Pro,378,12.702286419753086,0.32241248044020226,0.34696565389004375,0.33468906716512303,1,1,234,194,180,180
WIN_20260414_20_31_10_Pro,379,12.735890352080476,0.33450496457172413,0.32477172870981963,0.32963834664077185,1,1,234,194,180,180
WIN_20260414_20_31_10_Pro,380,12.769494284407864,0.33450496457172413,0.330437863191952,0.3324714138818381,1,1,234,194,180,180
WIN_20260414_20_31_10_Pro,381,12.803098216735254,0.3320572297391062,0.31132189884533157,0.32168956429221884,1,1,234,194,180,180
WIN_20260414_20_31_10_Pro,382,12.836702149062642,0.30798580579179347,0.3132928779468734,0.3106393418693334,1,1,234,194,180,180
WIN_20260414_20_31_10_Pro,383,12.870306081390032,0.31163340190137323,0.330437863191952,0.3210356325466626,1,1,234,194,180,180
WIN_20260414_20_31_10_Pro,384,12.903910013717422,0.30798580579179347,0.31562779771958793,0.3118068017556907,1,1,234,194,180,180
WIN_20260414_20_31_10_Pro,385,12.93751394604481,0.2991983657000697,0.3140885537242663,0.306643459712168,1,1,234,194,180,180
WIN_20260414_20_31_10_Pro,386,12.9711178783722,0.306716477460731,0.31562779771958793,0.3111721375901595,1,1,234,194,180,180
WIN_20260414_20_31_10_Pro,387,13.00472181069959,0.31562779771958793,0.32991817901761283,0.32277298836860036,1,1,234,194,180,180
WIN_20260414_20_31_10_Pro,388,13.038325743026977,0.2991983657000697,0.3121298531915778,0.3056641094458238,1,1,234,194,180,180
WIN_20260414_20_31_10_Pro,389,13.071929675354367,0.28279143202531615,0.3121298531915778,0.29746064260844696,1,1,234,194,180,180
WIN_20260414_20_31_10_Pro,390,13.105533607681755,0.2991983657000697,0.2939660987266379,0.2965822322133538,1,1,234,194,180,180
WIN_20260414_20_31_10_Pro,391,13.139137540009145,0.28279143202531615,0.3019103457976684,0.2923508889114923,1,1,234,194,180,180
WIN_20260414_20_31_10_Pro,392,13.172741472336535,0.2855034121229148,0.3121298531915778,0.29881663265724634,1,1,254,194,180,180
WIN_20260414_20_31_10_Pro,393,13.206345404663923,0.3019103457976684,0.31493363239790306,0.30842198909778573,1,1,254,194,180,180
WIN_20260414_20_31_10_Pro,394,13.239949336991312,0.31493363239790306,0.28279143202531615,0.29886253221160963,1,1,254,194,180,180
WIN_20260414_20_31_10_Pro,395,13.2735532693187,0.3004379986525434,0.31341245433332826,0.30692522649293585,1,1,254,194,180,180
WIN_20260414_20_31_10_Pro,396,13.30715720164609,0.2694234922044181,0.29550563638896343,0.28246456429669076,1,1,254,194,180,180
WIN_20260414_20_31_10_Pro,397,13.34076113397348,0.27709216982421636,0.2923637741816652,0.28472797200294075,1,1,254,194,180,180
WIN_20260414_20_31_10_Pro,398,13.374365066300868,0.26638449835056255,0.27968792431986644,0.2730362113352145,1,1,254,194,180,180
WIN_20260414_20_31_10_Pro,399,13.407968998628258,0.2584722726983089,0.2620426432187743,0.2602574579585416,1,1,254,194,180,180
WIN_20260414_20_31_10_Pro,400,13.441572930955648,0.2694234922044181,0.2584722726983089,0.26394788245136347,1,1,254,194,180,180
WIN_20260414_20_31_10_Pro,401,13.475176863283036,0.2530485729810382,0.25953438460040307,0.2562914787907207,1,1,254,194,180,180
WIN_20260414_20_31_10_Pro,402,13.508780795610425,0.23463225213481603,0.2500095791271827,0.24232091563099936,1,1,254,194,180,180
WIN_20260414_20_31_10_Pro,403,13.542384727937813,0.22622349607967454,0.2500095791271827,0.2381165376034286,1,1,254,194,180,180
WIN_20260414_20_31_10_Pro,404,13.575988660265203,0.26824986781233257,0.2817629047543603,0.2750063862833464,1,1,277,194,151,151
WIN_20260414_20_31_10_Pro,405,13.609592592592593,0.2546048527093746,0.2817629047543603,0.26818387873186744,1,1,277,194,151,151
WIN_20260414_20_31_10_Pro,406,13.643196524919981,0.24072538647888722,0.28279143202531615,0.2617584092521017,1,1,273,194,181,180
WIN_20260414_20_31_10_Pro,407,13.67680045724737,0.24836550131897944,0.28279143202531615,0.2655784666721478,1,1,273,194,181,180
WIN_20260414_20_31_10_Pro,408,13.71040438957476,0.2530485729810382,0.2914178063475686,0.27223318966430343,1,1,273,194,181,180
WIN_20260414_20_31_10_Pro,409,13.744008321902148,0.24836550131897944,0.2914178063475686,0.269891653833274,1,1,273,194,181,180
WIN_20260414_20_31_10_Pro,410,13.777612254229538,0.2949593505361043,0.2923637741816652,0.29366156235888474,1,1,273,194,181,180
WIN_20260414_20_31_10_Pro,411,13.811216186556926,0.2724624860582736,0.3026000424570493,0.28753126425766146,1,1,273,194,181,180
WIN_20260414_20_31_10_Pro,412,13.844820118884316,0.2871352511919121,0.2914178063475686,0.2892765287697403,1,1,273,194,181,180
WIN_20260414_20_31_10_Pro,413,13.878424051211706,0.2871352511919121,0.2923637741816652,0.2897495126867886,1,1,273,194,181,180
WIN_20260414_20_31_10_Pro,414,13.912027983539094,0.2626128615741855,0.29356515273209083,0.27808900715313817,1,1,273,194,181,180
WIN_20260414_20_31_10_Pro,415,13.945631915866484,0.27811148615466086,0.29249744087383256,0.2853044635142467,1,1,273,194,181,180
WIN_20260414_20_31_10_Pro,416,13.979235848193873,0.27811148615466086,0.3003481729209074,0.2892298295377841,1,1,273,194,181,180
WIN_20260414_20_31_10_Pro,417,14.012839780521261,0.27811148615466086,0.2754654397428254,0.27678846294874315,1,1,273,194,181,180
WIN_20260414_20_31_10_Pro,418,14.046443712848651,0.1887227724338432,0.20721766477766398,0.1979702186057536,1,1,273,194,181,180
WIN_20260414_20_31_10_Pro,419,14.08004764517604,0.12035792030594723,0.13972166174435469,0.13003979102515095,1,1,273,194,181,180
WIN_20260414_20_31_10_Pro,420,14.113651577503429,0.12082045092682472,0.137604182339032,0.12921231663292837,1,1,273,194,181,180
WIN_20260414_20_31_10_Pro,421,14.147255509830819,0.12082045092682472,0.13303801921825498,0.12692923507253984,1,1,273,194,181,180
WIN_20260414_20_31_10_Pro,422,14.180859442158207,0.12082045092682472,0.13508523363449637,0.12795284228066056,1,1,273,194,181,180
WIN_20260414_20_31_10_Pro,423,14.214463374485597,0.12082045092682472,0.13530993826416807,0.1280651945954964,1,1,273,194,181,180
WIN_20260414_20_31_10_Pro,424,14.248067306812986,0.14741947198272037,0.15171498603677824,0.1495672290097493,1,1,277,194,151,151
WIN_20260414_20_31_10_Pro,425,14.281671239140374,0.16612542387050752,0.17997715224147676,0.17305128805599213,1,1,277,194,151,151
WIN_20260414_20_31_10_Pro,426,14.315275171467764,0.1615481258165438,0.1789233765617215,0.17023575118913264,1,1,277,194,151,151
WIN_20260414_20_31_10_Pro,427,14.348879103795152,0.16313208345054545,0.1609556940815209,0.16204388876603318,1,1,277,194,151,151
WIN_20260414_20_31_10_Pro,428,14.382483036122542,0.16313208345054545,0.16959086447129879,0.1663614739609221,1,1,277,194,151,151
WIN_20260414_20_31_10_Pro,429,14.416086968449932,0.16313208345054545,0.17705126348967298,0.17009167347010923,1,1,277,194,151,151
WIN_20260414_20_31_10_Pro,430,14.44969090077732,0.16313208345054545,0.14645390034996614,0.1547929919002558,1,1,273,174,181,180
WIN_20260414_20_31_10_Pro,431,14.48329483310471,0.1683134343083536,0.15131444184477688,0.15981393807656524,1,1,273,174,181,180
WIN_20260414_20_31_10_Pro,432,14.5168987654321,0.1480522947809513,0.16120647064314705,0.15462938271204918,1,1,273,174,181,180
WIN_20260414_20_31_10_Pro,433,14.550502697759487,0.17906645308386557,0.16822355740880818,0.17364500524633686,1,1,273,174,181,180
WIN_20260414_20_31_10_Pro,434,14.584106630086877,0.15310419357968522,0.14991673325972513,0.15151046341970517,1,1,273,174,181,180
WIN_20260414_20_31_10_Pro,435,14.617710562414265,0.1887227724338432,0.20962584339360546,0.1991743079137243,1,1,273,174,181,180
WIN_20260414_20_31_10_Pro,436,14.651314494741655,0.18945549688760294,0.1829272764251006,0.18619138665635176,1,1,273,174,181,180
WIN_20260414_20_31_10_Pro,437,14.684918427069045,0.15768470448193875,0.1912487332704107,0.1744667188761747,1,1,273,174,181,180
WIN_20260414_20_31_10_Pro,438,14.718522359396433,0.15811994252019526,0.15508023886065098,0.15660009069042313,1,1,273,174,181,180
WIN_20260414_20_31_10_Pro,439,14.752126291723823,0.17980227131729037,0.15508023886065098,0.16744125508897068,1,1,273,174,181,180
WIN_20260414_20_31_10_Pro,440,14.785730224051212,0.16770938150450918,0.17845765623333196,0.17308351886892057,1,1,273,174,181,180
WIN_20260414_20_31_10_Pro,441,14.8193341563786,0.1637196498199476,0.1912487332704107,0.17748419154517914,1,1,273,174,181,180
WIN_20260414_20_31_10_Pro,442,14.85293808870599,0.15768149163364895,0.19642857142857142,0.17705503153111019,1,1,273,174,181,180
WIN_20260414_20_31_10_Pro,443,14.886542021033378,0.1738692161389878,0.18518518518518517,0.1795272006620865,1,1,273,174,181,180
WIN_20260414_20_31_10_Pro,444,14.920145953360768,0.17906645308386557,0.17845765623333196,0.17876205465859876,1,1,293,174,181,180
WIN_20260414_20_31_10_Pro,445,14.953749885688158,0.17425410530535088,0.16850036161917228,0.17137723346226158,1,1,293,174,181,180
WIN_20260414_20_31_10_Pro,446,14.987353818015546,0.15276525377204592,0.19611613567058855,0.17444069472131724,1,1,293,154,181,180
WIN_20260414_20_31_10_Pro,447,15.020957750342935,0.1634722199237414,0.19216560678109781,0.17781891335241962,1,1,293,154,181,180
WIN_20260414_20_31_10_Pro,448,15.054561682670325,0.18395372009229424,0.1959712362956543,0.18996247819397427,1,1,293,154,181,180
WIN_20260414_20_31_10_Pro,449,15.088165614997713,0.17533000933524906,0.2018189932489597,0.18857450129210437,1,1,293,154,181,180
WIN_20260414_20_31_10_Pro,450,15.121769547325103,0.16808405956287042,0.2102138408252295,0.18914895019404998,1,1,293,154,181,180
WIN_20260414_20_31_10_Pro,451,15.155373479652491,0.192964081935905,0.20815272240454255,0.20055840217022378,1,1,293,134,181,180
WIN_20260414_20_31_10_Pro,452,15.18897741197988,0.15276525377204592,0.2033112250625063,0.1780382394172761,1,1,293,134,181,180
WIN_20260414_20_31_10_Pro,453,15.22258134430727,0.16919572483947784,0.21172526301175296,0.1904604939256154,1,1,293,134,181,180
WIN_20260414_20_31_10_Pro,454,15.256185276634659,0.18107149417464707,0.19146395125120313,0.1862677227129251,1,1,293,134,181,180
WIN_20260414_20_31_10_Pro,455,15.289789208962048,0.16882429008125394,0.16792453927521334,0.16837441467823364,1,1,293,134,181,180
WIN_20260414_20_31_10_Pro,456,15.323393141289438,0.2036190240451084,0.2033112250625063,0.20346512455380733,1,1,293,134,181,180
WIN_20260414_20_31_10_Pro,457,15.356997073616826,0.16919572483947784,0.1889081118663905,0.17905191835293416,1,1,293,134,181,180
WIN_20260414_20_31_10_Pro,458,15.390601005944216,0.1741780400197704,0.22086306010643642,0.19752055006310343,1,1,293,134,181,180
WIN_20260414_20_31_10_Pro,459,15.424204938271604,0.16919572483947784,0.209669481956519,0.18943260339799842,1,1,293,134,181,180
WIN_20260414_20_31_10_Pro,460,15.457808870598994,0.17528629560152276,0.19400878349058354,0.18464753954605315,1,1,293,134,181,180
WIN_20260414_20_31_10_Pro,461,15.491412802926384,0.16994085105449142,0.16864680010584066,0.16929382558016604,1,1,293,134,181,180
WIN_20260414_20_31_10_Pro,462,15.525016735253772,0.16994085105449142,0.16130486087097154,0.16562285596273146,1,1,293,134,181,180
WIN_20260414_20_31_10_Pro,463,15.558620667581161,0.19205540186259148,0.22086306010643642,0.20645923098451396,1,1,293,134,181,180
WIN_20260414_20_31_10_Pro,464,15.592224599908551,0.1987158556806839,0.2198343501138785,0.20927510289728118,1,1,293,134,181,180
WIN_20260414_20_31_10_Pro,465,15.62582853223594,0.19205540186259148,0.190643971788924,0.19134968682575776,1,1,293,134,181,180
WIN_20260414_20_31_10_Pro,466,15.659432464563329,0.21552038178490332,0.21172526301175296,0.21362282239832814,1,1,293,134,181,180
WIN_20260414_20_31_10_Pro,467,15.693036396890717,0.17615955583168555,0.17120263949065329,0.1736810976611694,1,1,294,145,150,150
WIN_20260414_20_31_10_Pro,468,15.726640329218107,0.18769750645392239,0.19363986511464,0.1906686857842812,1,1,294,145,150,150
WIN_20260414_20_31_10_Pro,469,15.760244261545497,0.1768261806565037,0.15575344260774657,0.16628981163212514,1,1,273,134,181,180
WIN_20260414_20_31_10_Pro,470,15.793848193872885,0.18872317581569056,0.20054164439917932,0.19463241010743493,1,1,273,134,181,180
WIN_20260414_20_31_10_Pro,471,15.827452126200274,0.19216560678109781,0.1948235233673397,0.19349456507421875,1,1,273,134,181,180
WIN_20260414_20_31_10_Pro,472,15.861056058527664,0.1883365837571988,0.1575357657414081,0.17293617474930345,1,1,273,134,181,180
WIN_20260414_20_31_10_Pro,473,15.894659990855052,0.17066307733121966,0.18312868076358008,0.17689587904739987,1,1,273,134,181,180
WIN_20260414_20_31_10_Pro,474,15.928263923182442,0.17721752566988822,0.1811623969272572,0.1791899612985727,1,1,273,134,181,180
WIN_20260414_20_31_10_Pro,475,15.96186785550983,0.17721752566988822,0.1948235233673397,0.18602052451861395,1,1,273,134,181,180
WIN_20260414_20_31_10_Pro,476,15.99547178783722,0.1768261806565037,0.16194471573515887,0.1693854481958313,1,1,273,134,181,180
WIN_20260414_20_31_10_Pro,477,16.02907572016461,0.1955384779338546,0.16864680010584066,0.18209263901984762,1,1,273,134,181,180
WIN_20260414_20_31_10_Pro,478,16.062679652491997,0.1838551051039632,0.19146395125120313,0.18765952817758316,1,1,273,134,181,180
WIN_20260414_20_31_10_Pro,479,16.096283584819385,0.2033112250625063,0.1704694328094325,0.1868903289359694,1,1,294,145,150,150
WIN_20260414_20_31_10_Pro,480,16.129887517146777,0.20580355045946086,0.16439898514542012,0.1851012678024405,1,1,294,145,150,150
WIN_20260414_20_31_10_Pro,481,16.163491449474165,0.21361697115493228,0.1704694328094325,0.1920432019821824,1,1,294,145,150,150
WIN_20260414_20_31_10_Pro,482,16.197095381801553,0.1955384779338546,0.21081851076841548,0.20317849435113505,1,1,294,145,150,150
WIN_20260414_20_31_10_Pro,483,16.230699314128945,0.1948235233673397,0.1704694328094325,0.1826464780883861,1,1,294,145,150,150
WIN_20260414_20_31_10_Pro,484,16.264303246456333,0.21440089306729976,0.190643971788924,0.20252243242811188,1,1,294,145,150,150
WIN_20260414_20_31_10_Pro,485,16.29790717878372,0.1768261806565037,0.2033112250625063,0.190068702859505,1,1,294,145,150,150
WIN_20260414_20_31_10_Pro,486,16.331511111111112,0.18848117260987116,0.1948235233673397,0.19165234798860542,1,1,273,134,181,180
WIN_20260414_20_31_10_Pro,487,16.3651150434385,0.1955384779338546,0.1948235233673397,0.19518100065059715,1,1,277,145,151,150
WIN_20260414_20_31_10_Pro,488,16.398718975765888,0.2033112250625063,0.1955384779338546,0.19942485149818046,1,1,277,145,151,150
WIN_20260414_20_31_10_Pro,489,16.43232290809328,0.19611613567058855,0.1955384779338546,0.19582730680222157,1,1,277,145,151,150
WIN_20260414_20_31_10_Pro,490,16.465926840420668,0.2,0.18650789890689806,0.19325394945344904,1,1,277,145,151,150
WIN_20260414_20_31_10_Pro,491,16.499530772748056,0.18,0.15229037760172753,0.16614518880086376,1,1,277,145,151,150
WIN_20260414_20_31_10_Pro,492,16.533134705075447,0.1824621105194092,0.1850582987575008,0.183760204638455,1,1,261,145,150,150
WIN_20260414_20_31_10_Pro,493,16.566738637402835,0.18198039054870604,0.16655246888175074,0.17426642971522838,1,1,261,145,150,150
WIN_20260414_20_31_10_Pro,494,16.600342569730223,0.18183497473105387,0.16883063880212476,0.1753328067665893,1,1,261,145,150,150
WIN_20260414_20_31_10_Pro,495,16.63394650205761,0.1898999252014677,0.14285714285714285,0.16637853402930528,1,1,261,145,150,150
WIN_20260414_20_31_10_Pro,496,16.667550434385003,0.2018189932489597,0.17857142857142858,0.19019521091019415,1,1,261,145,150,150
WIN_20260414_20_31_10_Pro,497,16.70115436671239,0.18231630977180266,0.14814814814814814,0.1652322289599754,1,1,261,145,150,150
WIN_20260414_20_31_10_Pro,498,16.73475829903978,0.1998401851790583,0.17857142857142858,0.18920580687524344,1,1,261,145,150,150
WIN_20260414_20_31_10_Pro,499,16.76836223136717,0.20198039054870606,0.16061189060999878,0.18129614057935242,1,1,261,145,150,150
WIN_20260414_20_31_10_Pro,500,16.80196616369456,0.2018189932489597,0.16655246888175074,0.1841857310653552,1,1,261,145,150,150
WIN_20260414_20_31_10_Pro,501,16.835570096021947,0.1889081118663905,0.15229037760172753,0.17059924473405902,1,1,254,134,180,180
WIN_20260414_20_31_10_Pro,502,16.869174028349338,0.1998401851790583,0.16655246888175074,0.1831963270304045,1,1,277,145,151,150
WIN_20260414_20_31_10_Pro,503,16.902777960676726,0.20198039054870606,0.18518518518518517,0.1935827878669456,1,1,277,145,151,150
WIN_20260414_20_31_10_Pro,504,16.936381893004114,0.2,0.17294904610298803,0.18647452305149403,1,1,277,145,151,150
WIN_20260414_20_31_10_Pro,505,16.969985825331506,0.18,0.1850582987575008,0.1825291493787504,1,1,277,145,151,150
WIN_20260414_20_31_10_Pro,506,17.003589757658894,0.15987214814324666,0.16848479582916243,0.16417847198620455,1,1,277,145,151,150
WIN_20260414_20_31_10_Pro,507,17.03719368998628,0.16923136512438455,0.17031348067946317,0.16977242290192385,1,1,277,145,151,150
WIN_20260414_20_31_10_Pro,508,17.070797622313673,0.2,0.1662112926509376,0.1831056463254688,1,1,277,145,151,150
WIN_20260414_20_31_10_Pro,509,17.10440155464106,0.15987214814324666,0.1500168744235027,0.15494451128337466,1,1,294,145,150,150
WIN_20260414_20_31_10_Pro,510,17.13800548696845,0.2102138408252295,0.15575344260774657,0.18298364171648804,1,1,294,145,150,150
WIN_20260414_20_31_10_Pro,511,17.171609419295837,0.2018189932489597,0.18769750645392239,0.19475824985144102,1,1,294,145,150,150
WIN_20260414_20_31_10_Pro,512,17.20521335162323,0.1998401851790583,0.15575344260774657,0.17779681389340243,1,1,294,145,150,150
WIN_20260414_20_31_10_Pro,513,17.238817283950617,0.2102138408252295,0.1761796445543739,0.1931967426898017,1,1,294,145,150,150
WIN_20260414_20_31_10_Pro,514,17.272421216278005,0.23102911306568374,0.1948235233673397,0.21292631821651173,1,1,294,145,150,150
WIN_20260414_20_31_10_Pro,515,17.306025148605396,0.21227495924591644,0.1948235233673397,0.20354924130662808,1,1,293,134,181,180
WIN_20260414_20_31_10_Pro,516,17.339629080932784,0.24311608560109935,0.2065042756876068,0.22481018064435307,1,1,311,145,150,150
WIN_20260414_20_31_10_Pro,517,17.373233013260172,0.21172526301175296,0.1948235233673397,0.20327439318954632,1,1,311,145,150,150
WIN_20260414_20_31_10_Pro,518,17.406836945587564,0.2532287239068655,0.1948235233673397,0.22402612363710261,1,1,311,145,150,150
WIN_20260414_20_31_10_Pro,519,17.440440877914952,0.2532287239068655,0.20580355045946086,0.2295161371831632,1,1,311,145,150,150
WIN_20260414_20_31_10_Pro,520,17.47404481024234,0.21172526301175296,0.21203587068291413,0.21188056684733353,1,1,311,145,150,150
WIN_20260414_20_31_10_Pro,521,17.50764874256973,0.22094934655484538,0.20580355045946086,0.21337644850715312,1,1,311,145,150,150
WIN_20260414_20_31_10_Pro,522,17.54125267489712,0.22292343013303748,0.180277564308673,0.20160049722085524,1,1,311,145,150,150
WIN_20260414_20_31_10_Pro,523,17.574856607224508,0.2425356352035687,0.2019421824137183,0.2222389088086435,1,1,311,145,150,150
WIN_20260414_20_31_10_Pro,524,17.6084605395519,0.20379780131886105,0.1793133508993853,0.19155557610912316,1,1,311,145,150,150
WIN_20260414_20_31_10_Pro,525,17.642064471879287,0.20379780131886105,0.21453574431031414,0.2091667728145876,1,1,311,145,150,150
WIN_20260414_20_31_10_Pro,526,17.675668404206675,0.21203587068291413,0.19853836682316356,0.20528711875303884,1,1,311,161,150,151
WIN_20260414_20_31_10_Pro,527,17.709272336534063,0.1818810215257711,0.1861521513965919,0.1840165864611815,1,1,311,161,150,151
WIN_20260414_20_31_10_Pro,528,17.742876268861455,0.1768261806565037,0.18164505572121287,0.1792356181888583,1,1,311,161,150,151
WIN_20260414_20_31_10_Pro,529,17.776480201188843,0.2033112250625063,0.16973556067171486,0.18652339286711056,1,1,311,161,150,151
WIN_20260414_20_31_10_Pro,530,17.81008413351623,0.1948235233673397,0.1793133508993853,0.18706843713336252,1,1,311,161,150,151
WIN_20260414_20_31_10_Pro,531,17.843688065843622,0.2033112250625063,0.18769750645392239,0.19550436575821434,1,1,311,161,150,151
WIN_20260414_20_31_10_Pro,532,17.87729199817101,0.25129101737146303,0.22314351224296577,0.2372172648072144,1,1,311,161,150,151
WIN_20260414_20_31_10_Pro,533,17.9108959304984,0.23241041894252484,0.22467196761801475,0.22854119328026978,1,1,311,161,150,151
WIN_20260414_20_31_10_Pro,534,17.94449986282579,0.287641358702493,0.2585508996792362,0.2730961291908646,1,1,311,161,150,151
WIN_20260414_20_31_10_Pro,535,17.978103795153178,0.2701716158004013,0.2585508996792362,0.2643612577398188,1,1,311,161,150,151
WIN_20260414_20_31_10_Pro,536,18.011707727480566,0.32847777138753687,0.3324225853018752,0.330450178344706,1,1,311,161,150,151
WIN_20260414_20_31_10_Pro,537,18.045311659807957,0.3442341078769338,0.3331049377635015,0.33866952282021767,1,1,311,161,150,151
WIN_20260414_20_31_10_Pro,538,18.078915592135345,0.33176366886538955,0.35263572393795,0.3421996964016698,1,1,311,161,150,151
WIN_20260414_20_31_10_Pro,539,18.112519524462734,0.3681989524032274,0.35161076763925153,0.35990486002123945,1,1,293,154,181,180
WIN_20260414_20_31_10_Pro,540,18.14612345679012,0.3529884676585925,0.35185185185185186,0.3524201597552222,1,1,311,161,150,151
WIN_20260414_20_31_10_Pro,541,18.179727389117513,0.3579359380040763,0.3888888888888889,0.37341241344648257,1,1,293,134,181,180
WIN_20260414_20_31_10_Pro,542,18.2133313214449,0.3681989524032274,0.35780537465630885,0.3630021635297681,1,1,293,134,181,180
WIN_20260414_20_31_10_Pro,543,18.24693525377229,0.3681989524032274,0.375,0.3715994762016137,1,1,293,134,181,180
WIN_20260414_20_31_10_Pro,544,18.28053918609968,0.356881537655841,0.375,0.3659407688279205,1,1,293,134,181,180
WIN_20260414_20_31_10_Pro,545,18.31414311842707,0.38826318873930704,0.35714285714285715,0.3727030229410821,1,1,293,134,181,180
WIN_20260414_20_31_10_Pro,546,18.347747050754457,0.37695352451259423,0.3392857142857143,0.35811961939915427,1,1,293,134,181,180
WIN_20260414_20_31_10_Pro,547,18.38135098308185,0.3699410281158549,0.352533750704706,0.36123738941028044,1,1,294,161,150,151
WIN_20260414_20_31_10_Pro,548,18.414954915409236,0.356881537655841,0.3392857142857143,0.3480836259707777,1,1,294,161,150,151
WIN_20260414_20_31_10_Pro,549,18.448558847736624,0.356881537655841,0.3392857142857143,0.3480836259707777,1,1,294,161,150,151
WIN_20260414_20_31_10_Pro,550,18.482162780064016,0.37367133646760614,0.37129398628517435,0.37248266137639024,1,1,294,161,150,151
WIN_20260414_20_31_10_Pro,551,18.515766712391404,0.355995976452044,0.35803348677498953,0.35701473161351677,1,1,294,161,150,151
WIN_20260414_20_31_10_Pro,552,18.549370644718792,0.356881537655841,0.35355870700340447,0.35522012232962275,1,1,294,161,150,151
WIN_20260414_20_31_10_Pro,553,18.582974577046183,0.3745568976714031,0.37103958058045605,0.3727982391259296,1,1,294,161,150,151
WIN_20260414_20_31_10_Pro,554,18.61657850937357,0.3745568976714031,0.37103958058045605,0.3727982391259296,1,1,294,161,150,151
WIN_20260414_20_31_10_Pro,555,18.65018244170096,0.4065853493627592,0.3719625636459105,0.38927395650433483,1,1,273,154,181,180
WIN_20260414_20_31_10_Pro,556,18.683786374028347,0.38826318873930704,0.38958515724229265,0.38892417299079984,1,1,273,154,181,180
WIN_20260414_20_31_10_Pro,557,18.71739030635574,0.3681989524032274,0.3712006128545452,0.3696997826288863,1,1,273,154,181,180
WIN_20260414_20_31_10_Pro,558,18.750994238683127,0.39051246791444716,0.39038484535859774,0.39044865663652245,1,1,273,154,181,180
WIN_20260414_20_31_10_Pro,559,18.784598171010515,0.3745568976714031,0.4079697016300401,0.3912632996507216,1,1,273,154,181,180
WIN_20260414_20_31_10_Pro,560,18.818202103337907,0.3699410281158549,0.3580119945928188,0.36397651135433684,1,1,273,154,181,180
WIN_20260414_20_31_10_Pro,561,18.851806035665295,0.3706898196310246,0.3516371924263399,0.36116350602868225,1,1,273,154,181,180
WIN_20260414_20_31_10_Pro,562,18.885409967992683,0.36260515984113423,0.38958515724229265,0.37609515854171344,1,1,273,154,181,180
WIN_20260414_20_31_10_Pro,563,18.919013900320074,0.337736487652929,0.3712006128545452,0.35446855025373714,1,1,273,154,181,180
WIN_20260414_20_31_10_Pro,564,18.952617832647462,0.3230581733056832,0.3712006128545452,0.3471293930801142,1,1,273,154,181,180
WIN_20260414_20_31_10_Pro,565,18.98622176497485,0.355995976452044,0.34725819459355556,0.35162708552279975,1,1,273,154,181,180
WIN_20260414_20_31_10_Pro,566,19.01982569730224,0.3230581733056832,0.3699410281158549,0.346499600710769,1,1,273,154,181,180
WIN_20260414_20_31_10_Pro,567,19.05342962962963,0.3499813106343085,0.3528344557939419,0.3514078832141252,1,1,273,154,181,180
WIN_20260414_20_31_10_Pro,568,19.087033561957018,0.3499813106343085,0.36632666406178344,0.35815398734804593,1,1,273,154,181,180
WIN_20260414_20_31_10_Pro,569,19.12063749428441,0.3553167473908066,0.3516371924263399,0.35347696990857325,1,1,273,154,181,180
WIN_20260414_20_31_10_Pro,570,19.154241426611797,0.3499813106343085,0.34725819459355556,0.348619752613932,1,1,273,154,181,180
WIN_20260414_20_31_10_Pro,571,19.187845358939185,0.3333584218763483,0.3528344557939419,0.34309643883514507,1,1,273,154,181,180
WIN_20260414_20_31_10_Pro,572,19.221449291266573,0.34063843304356084,0.3702795204838699,0.3554589767637154,1,1,273,154,181,180
WIN_20260414_20_31_10_Pro,573,19.255053223593965,0.35269546145053654,0.38539513353001126,0.3690452974902739,1,1,273,154,181,180
WIN_20260414_20_31_10_Pro,574,19.288657155921353,0.33477082588967355,0.3344682987333386,0.3346195623115061,1,1,273,154,181,180
WIN_20260414_20_31_10_Pro,575,19.32226108824874,0.33333335673682496,0.34725819459355556,0.34029577566519026,1,1,273,154,181,180
WIN_20260414_20_31_10_Pro,576,19.355865020576132,0.3028272529470843,0.3401583883156505,0.3214928206313674,1,1,273,154,181,180
WIN_20260414_20_31_10_Pro,577,19.38946895290352,0.33176366886538955,0.34725819459355556,0.33951093172947255,1,1,273,154,181,180
WIN_20260414_20_31_10_Pro,578,19.42307288523091,0.3026000424570493,0.3344682987333386,0.31853417059519396,1,1,273,154,181,180
WIN_20260414_20_31_10_Pro,579,19.4566768175583,0.32156617369557094,0.36632666406178344,0.34394641887867716,1,1,273,154,181,180
WIN_20260414_20_31_10_Pro,580,19.490280749885688,0.3068473973732471,0.34725819459355556,0.3270527959834013,1,1,273,154,181,180
WIN_20260414_20_31_10_Pro,581,19.523884682213076,0.3230581733056832,0.34725819459355556,0.3351581839496194,1,1,273,154,181,180
WIN_20260414_20_31_10_Pro,582,19.557488614540468,0.32884222306806316,0.3739368901844714,0.35138955662626725,1,1,273,154,181,180
WIN_20260414_20_31_10_Pro,583,19.591092546867856,0.3201562279150514,0.3344682987333386,0.327312263324195,1,1,273,154,181,180
WIN_20260414_20_31_10_Pro,584,19.624696479195244,0.3230581733056832,0.3344682987333386,0.3287632360195109,1,1,273,154,181,180
WIN_20260414_20_31_10_Pro,585,19.658300411522635,0.33873836831433735,0.3344682987333386,0.336603333523838,1,1,273,154,181,180
WIN_20260414_20_31_10_Pro,586,19.691904343850023,0.33477082588967355,0.33819274557688894,0.33648178573328125,1,1,273,154,181,180
WIN_20260414_20_31_10_Pro,587,19.72550827617741,0.3681989524032274,0.3712006128545452,0.3696997826288863,1,1,273,154,181,180
WIN_20260414_20_31_10_Pro,588,19.7591122085048,0.3499813106343085,0.3702795204838699,0.3601304155590892,1,1,273,154,181,180
WIN_20260414_20_31_10_Pro,589,19.79271614083219,0.33176366886538955,0.3344682987333386,0.3331159837993641,1,1,273,154,181,180
WIN_20260414_20_31_10_Pro,590,19.82632007315958,0.34035567826619867,0.3528344557939419,0.34659506703007026,1,1,273,154,181,180
WIN_20260414_20_31_10_Pro,591,19.859924005486967,0.3201562279150514,0.3528344557939419,0.33649534185449664,1,1,273,154,181,180
WIN_20260414_20_31_10_Pro,592,19.89352793781436,0.3553167473908066,0.38624807545936624,0.3707824114250864,1,1,273,154,181,180
WIN_20260414_20_31_10_Pro,593,19.927131870141746,0.3263116336908148,0.3712006128545452,0.34875612327268,1,1,273,154,181,180
WIN_20260414_20_31_10_Pro,594,19.960735802469134,0.337736487652929,0.3528344557939419,0.3452854717234355,1,1,273,154,181,180
WIN_20260414_20_31_10_Pro,595,19.994339734796526,0.339223855675706,0.3555707331238681,0.34739729439978706,1,1,273,154,181,180
WIN_20260414_20_31_10_Pro,596,20.027943667123914,0.3263116336908148,0.3344682987333386,0.3303899662120767,1,1,273,154,181,180
WIN_20260414_20_31_10_Pro,597,20.061547599451302,0.339223855675706,0.3344682987333386,0.3368460772045223,1,1,273,154,181,180
WIN_20260414_20_31_10_Pro,598,20.095151531778694,0.339223855675706,0.36632666406178344,0.3527752598687447,1,1,273,154,181,180
WIN_20260414_20_31_10_Pro,599,20.12875546410608,0.339223855675706,0.32258476578677103,0.3309043107312385,1,1,273,154,181,180
WIN_20260414_20_31_10_Pro,600,20.16235939643347,0.32156617369557094,0.3344682987333386,0.3280172362144548,1,1,273,154,181,180
WIN_20260414_20_31_10_Pro,601,20.19596332876086,0.33675739950303135,0.3528344557939419,0.34479592764848666,1,1,273,154,181,180
WIN_20260414_20_31_10_Pro,602,20.22956726108825,0.3150545861868333,0.3344682987333386,0.324761442460086,1,1,273,154,181,180
WIN_20260414_20_31_10_Pro,603,20.263171193415637,0.29677581563684163,0.25986337440987073,0.2783195950233562,1,1,273,154,181,180
WIN_20260414_20_31_10_Pro,604,20.296775125743025,0.25,0.2611758491405052,0.2555879245702526,1,1,273,154,181,180
WIN_20260414_20_31_10_Pro,605,20.330379058070417,0.27853271200807644,0.27039752837778824,0.27446512019293234,1,1,273,154,181,180
WIN_20260414_20_31_10_Pro,606,20.363982990397805,0.27853271200807644,0.26171195586567403,0.27012233393687524,1,1,273,154,181,180
WIN_20260414_20_31_10_Pro,607,20.397586922725193,0.25,0.27039752837778824,0.2601987641888941,1,1,273,154,181,180
WIN_20260414_20_31_10_Pro,608,20.431190855052584,0.26028960837931125,0.3086613510016848,0.284475479690498,1,1,273,154,181,180
WIN_20260414_20_31_10_Pro,609,20.464794787379972,0.2772210838406552,0.289614089055898,0.28341758644827664,1,1,273,154,181,180
WIN_20260414_20_31_10_Pro,610,20.49839871970736,0.2590638881413686,0.2717632072620396,0.2654135477017041,1,1,273,154,181,180
WIN_20260414_20_31_10_Pro,611,20.532002652034752,0.2590638881413686,0.302424658563914,0.2807442733526413,1,1,273,154,181,180
WIN_20260414_20_31_10_Pro,612,20.56560658436214,0.2590638881413686,0.27039752837778824,0.26473070825957845,1,1,273,154,181,180
WIN_20260414_20_31_10_Pro,613,20.599210516689528,0.251100982627842,0.3086613510016848,0.2798811668147634,1,1,273,154,181,180
WIN_20260414_20_31_10_Pro,614,20.63281444901692,0.27853271200807644,0.27039752837778824,0.27446512019293234,1,1,273,154,181,180
WIN_20260414_20_31_10_Pro,615,20.666418381344307,0.26028960837931125,0.3086613510016848,0.284475479690498,1,1,273,154,181,180
WIN_20260414_20_31_10_Pro,616,20.700022313671695,0.26413708096721106,0.289614089055898,0.2768755850115545,1,1,273,154,181,180
WIN_20260414_20_31_10_Pro,617,20.733626245999087,0.26028960837931125,0.28005474857826934,0.27017217847879027,1,1,273,154,181,180
WIN_20260414_20_31_10_Pro,618,20.767230178326475,0.26028960837931125,0.2603967870630876,0.2603431977211994,1,1,273,154,181,180
WIN_20260414_20_31_10_Pro,619,20.800834110653863,0.29677581563684163,0.2603967870630876,0.27858630134996465,1,1,273,154,181,180
WIN_20260414_20_31_10_Pro,620,20.83443804298125,0.26028960837931125,0.27890261693883767,0.26959611265907446,1,1,273,154,181,180
WIN_20260414_20_31_10_Pro,621,20.868041975308643,0.2420996014221553,0.2603967870630876,0.25124819424262146,1,1,273,154,181,180
WIN_20260414_20_31_10_Pro,622,20.90164590763603,0.21453574431031414,0.21428571428571427,0.2144107292980142,1,1,273,154,181,180
WIN_20260414_20_31_10_Pro,623,20.93524983996342,0.18164505572121287,0.17857142857142858,0.1801082421463207,1,1,273,154,181,180
WIN_20260414_20_31_10_Pro,624,20.96885377229081,0.18650789890689806,0.21153846153846154,0.19902318022267979,1,1,273,154,181,180
WIN_20260414_20_31_10_Pro,625,21.002457704618198,0.16848479582916243,0.16666666666666666,0.16757573124791453,1,1,273,154,181,180
WIN_20260414_20_31_10_Pro,626,21.036061636945586,0.16848479582916243,0.1850582987575008,0.1767715472933316,1,1,273,154,181,180
WIN_20260414_20_31_10_Pro,627,21.069665569272978,0.1802247355120756,0.1850582987575008,0.1826415171347882,1,1,273,154,181,180
WIN_20260414_20_31_10_Pro,628,21.103269501600366,0.1500168744235027,0.16666666666666666,0.1583417705450847,1,1,273,154,181,180
WIN_20260414_20_31_10_Pro,629,21.136873433927754,0.16249859435711245,0.16894639862908256,0.1657224964930975,1,1,273,154,181,180
WIN_20260414_20_31_10_Pro,630,21.170477366255145,0.18650789890689806,0.21153846153846154,0.19902318022267979,1,1,273,154,181,180
WIN_20260414_20_31_10_Pro,631,21.204081298582533,0.1503248089263747,0.17294904610298803,0.16163692751468137,1,1,273,154,181,180
WIN_20260414_20_31_10_Pro,632,21.23768523090992,0.1503248089263747,0.16666666666666666,0.15849573779652068,1,1,273,154,181,180
WIN_20260414_20_31_10_Pro,633,21.271289163237313,0.17446573988509745,0.1683849074108456,0.17142532364797153,1,1,273,154,181,180
WIN_20260414_20_31_10_Pro,634,21.3048930955647,0.1868907372865957,0.16655246888175074,0.17672160308417323,1,1,273,154,181,180
WIN_20260414_20_31_10_Pro,635,21.33849702789209,0.14774337124527787,0.16666666666666666,0.15720501895597228,1,1,273,154,181,180
WIN_20260414_20_31_10_Pro,636,21.372100960219477,0.1468795577227464,0.14804663900600065,0.14746309836437355,1,1,273,154,181,180
WIN_20260414_20_31_10_Pro,637,21.40570489254687,0.15575344260774657,0.1503248089263747,0.15303912576706064,1,1,273,154,181,180
WIN_20260414_20_31_10_Pro,638,21.439308824874256,0.16803997750123834,0.1850582987575008,0.17654913812936956,1,1,273,154,181,180
WIN_20260414_20_31_10_Pro,639,21.472912757201644,0.16803997750123834,0.16655246888175074,0.16729622319149454,1,1,273,154,181,180
WIN_20260414_20_31_10_Pro,640,21.506516689529036,0.15260297884674873,0.14804663900600065,0.15032480892637468,1,1,273,154,181,180
WIN_20260414_20_31_10_Pro,641,21.540120621856424,0.16883063880212476,0.15373248542487825,0.1612815621135015,1,1,273,154,181,180
WIN_20260414_20_31_10_Pro,642,21.573724554183812,0.16803997750123834,0.16850036161917228,0.1682701695602053,1,1,293,154,181,180
WIN_20260414_20_31_10_Pro,643,21.607328486511204,0.18199181479081922,0.17857142857142858,0.18028162168112388,1,1,293,154,181,180
WIN_20260414_20_31_10_Pro,644,21.64093241883859,0.1586253721752752,0.16280880297340475,0.16071708757433997,1,1,293,154,181,180
WIN_20260414_20_31_10_Pro,645,21.67453635116598,0.16848479582916243,0.16850036161917228,0.16849257872416734,1,1,293,154,181,180
WIN_20260414_20_31_10_Pro,646,21.70814028349337,0.16249859435711245,0.16655246888175074,0.1645255316194316,1,1,293,154,181,180
WIN_20260414_20_31_10_Pro,647,21.74174421582076,0.16973556067171486,0.19230769230769232,0.1810216264897036,1,1,293,154,181,180
WIN_20260414_20_31_10_Pro,648,21.775348148148147,0.17988134335634567,0.16883063880212476,0.17435599107923522,1,1,293,154,181,180
WIN_20260414_20_31_10_Pro,649,21.80895208047554,0.16249859435711245,0.1850582987575008,0.17377844655730662,1,1,293,154,181,180
WIN_20260414_20_31_10_Pro,650,21.842556012802927,0.18650789890689806,0.16479243436454702,0.17565016663572253,1,1,293,154,181,180
WIN_20260414_20_31_10_Pro,651,21.876159945130315,0.18107149417464707,0.17307692307692307,0.17707420862578507,1,1,293,154,181,180
WIN_20260414_20_31_10_Pro,652,21.909763877457703,0.1793133508993853,0.16655246888175074,0.17293290989056803,1,1,293,154,181,180
WIN_20260414_20_31_10_Pro,653,21.943367809785094,0.17031348067946317,0.1749811447583712,0.1726473127189172,1,1,293,154,181,180
WIN_20260414_20_31_10_Pro,654,21.976971742112482,0.18199181479081922,0.19421191398914045,0.18810186438997983,1,1,293,154,181,180
WIN_20260414_20_31_10_Pro,655,22.01057567443987,0.18107149417464707,0.17531471091260997,0.17819310254362852,1,1,293,154,181,180
WIN_20260414_20_31_10_Pro,656,22.044179606767262,0.1586253721752752,0.19406842153837606,0.17634689685682564,1,1,293,154,181,180
WIN_20260414_20_31_10_Pro,657,22.07778353909465,0.18164505572121287,0.19174125229542535,0.1866931540083191,1,1,293,154,181,180
WIN_20260414_20_31_10_Pro,658,22.111387471422038,0.16374363285930912,0.1873374501640883,0.1755405415116987,1,1,293,154,181,180
WIN_20260414_20_31_10_Pro,659,22.14499140374943,0.16374363285930912,0.1956521739130435,0.1796979033861763,1,1,293,154,181,180
WIN_20260414_20_31_10_Pro,660,22.178595336076818,0.15815813505761772,0.1956521739130435,0.17690515448533062,1,1,293,154,181,180
WIN_20260414_20_31_10_Pro,661,22.212199268404206,0.14142134851932464,0.17391304347826086,0.15766719599879275,1,1,293,154,181,180
WIN_20260414_20_31_10_Pro,662,22.245803200731597,0.16426230672197964,0.20712944987742768,0.18569587829970366,1,1,293,154,181,180
WIN_20260414_20_31_10_Pro,663,22.279407133058985,0.15815813505761772,0.21739130434782608,0.18777471970272192,1,1,293,154,181,180
WIN_20260414_20_31_10_Pro,664,22.313011065386373,0.1393101062308041,0.20734330740841952,0.17332670681961182,1,1,293,154,181,180
WIN_20260414_20_31_10_Pro,665,22.34661499771376,0.13972166174435469,0.20454545454545456,0.1721335581449046,1,1,293,154,181,180
WIN_20260414_20_31_10_Pro,666,22.380218930041153,0.16426230672197964,0.2043344827690734,0.1842983947455265,1,1,293,154,181,180
WIN_20260414_20_31_10_Pro,667,22.41382286236854,0.1693590574191955,0.20454545454545456,0.186952255982325,1,1,293,154,181,180
WIN_20260414_20_31_10_Pro,668,22.44742679469593,0.16426230672197964,0.20454545454545456,0.1844038806337171,1,1,293,154,181,180
WIN_20260414_20_31_10_Pro,669,22.48103072702332,0.14214185138706664,0.17391304347826086,0.15802744743266375,1,1,293,154,181,180
WIN_20260414_20_31_10_Pro,670,22.51463465935071,0.1748949215959108,0.22148725817761966,0.19819108988676523,1,1,293,154,181,180
WIN_20260414_20_31_10_Pro,671,22.548238591678096,0.1748949215959108,0.20833333333333334,0.19161412746462209,1,1,293,154,181,180
WIN_20260414_20_31_10_Pro,672,22.581842524005488,0.15293928584442626,0.1875,0.17021964292221314,1,1,293,154,181,180
WIN_20260414_20_31_10_Pro,673,22.615446456332876,0.1468795577227464,0.1956521739130435,0.17126586581789494,1,1,293,154,181,180
WIN_20260414_20_31_10_Pro,674,22.649050388660264,0.1533616562610183,0.18939856858477525,0.17138011242289677,1,1,293,154,181,180
WIN_20260414_20_31_10_Pro,675,22.682654320987655,0.16354721938638758,0.1956521739130435,0.17959969664971553,1,1,293,154,181,180
WIN_20260414_20_31_10_Pro,676,22.716258253315043,0.1630654847789973,0.1875,0.17528274238949865,1,1,293,154,181,180
WIN_20260414_20_31_10_Pro,677,22.74986218564243,0.1691237975014753,0.23122957348823547,0.2001766854948554,1,1,293,154,181,180
WIN_20260414_20_31_10_Pro,678,22.783466117969823,0.1738692161389878,0.22916666666666666,0.20151794140282722,1,1,293,154,181,180
WIN_20260414_20_31_10_Pro,679,22.81707005029721,0.16905130819808142,0.1875,0.17827565409904073,1,1,293,154,181,180
WIN_20260414_20_31_10_Pro,680,22.8506739826246,0.17951269491796026,0.24978326688545105,0.21464798090170567,1,1,293,154,181,180
WIN_20260414_20_31_10_Pro,681,22.884277914951987,0.14142134851932464,0.20815272240454255,0.17478703546193358,1,1,273,154,181,180
WIN_20260414_20_31_10_Pro,682,22.91788184727938,0.1748949215959108,0.1875,0.1811974607979554,1,1,273,154,181,180
WIN_20260414_20_31_10_Pro,683,22.951485779606767,0.14183914114967736,0.18,0.1609195705748387,1,1,273,154,181,180
WIN_20260414_20_31_10_Pro,684,22.985089711934155,0.1586253721752752,0.17294904610298803,0.1657872091391316,1,1,273,154,181,180
WIN_20260414_20_31_10_Pro,685,23.018693644261546,0.1748949215959108,0.2,0.1874474607979554,1,1,273,154,181,180
WIN_20260414_20_31_10_Pro,686,23.052297576588934,0.1748949215959108,0.19216560678109781,0.18353026418850432,1,1,254,154,180,180
WIN_20260414_20_31_10_Pro,687,23.085901508916322,0.2092533975500882,0.1868907372865957,0.19807206741834193,1,1,254,154,180,180
WIN_20260414_20_31_10_Pro,688,23.119505441243714,0.17541160320087304,0.19807050113540878,0.1867410521681409,1,1,261,178,150,150
WIN_20260414_20_31_10_Pro,689,23.1531093735711,0.17811763099147848,0.1912487332704107,0.1846831821309446,1,1,234,154,180,180
WIN_20260414_20_31_10_Pro,690,23.18671330589849,0.1802247355120756,0.16629752402281872,0.17326112976744718,1,1,234,154,180,180
WIN_20260414_20_31_10_Pro,691,23.22031723822588,0.1802247355120756,0.16822355740880818,0.17422414646044188,1,1,234,154,180,180
WIN_20260414_20_31_10_Pro,692,23.25392117055327,0.18467921405659732,0.16972106195087733,0.17720013800373732,1,1,214,154,180,180
WIN_20260414_20_31_10_Pro,693,23.287525102880657,0.1850582987575008,0.16822355740880818,0.17664092808315449,1,1,214,154,180,180
WIN_20260414_20_31_10_Pro,694,23.32112903520805,0.1749811447583712,0.1586253721752752,0.1668032584668232,1,1,214,154,180,180
WIN_20260414_20_31_10_Pro,695,23.354732967535437,0.17307692307692307,0.18457394664934063,0.17882543486313185,1,1,214,154,180,180
WIN_20260414_20_31_10_Pro,696,23.388336899862825,0.19216560678109781,0.1691237975014753,0.18064470214128656,1,1,214,154,180,180
WIN_20260414_20_31_10_Pro,697,23.421940832190213,0.2323608215038593,0.1859502701611578,0.20915554583250856,1,1,214,154,180,180
WIN_20260414_20_31_10_Pro,698,23.455544764517605,0.22,0.18164505572121287,0.20082252786060645,1,1,214,154,180,180
WIN_20260414_20_31_10_Pro,699,23.489148696844993,0.20198039054870606,0.1586253721752752,0.18030288136199063,1,1,214,154,180,180
WIN_20260414_20_31_10_Pro,700,23.52275262917238,0.22,0.19740354402065846,0.20870177201032925,1,1,214,154,180,180
WIN_20260414_20_31_10_Pro,701,23.556356561499772,0.22,0.19916725638552563,0.20958362819276283,1,1,214,134,180,180
WIN_20260414_20_31_10_Pro,702,23.58996049382716,0.2039607810974121,0.19954746520676817,0.20175412315209013,1,1,214,134,180,180
WIN_20260414_20_31_10_Pro,703,23.623564426154548,0.21313005227309006,0.19096860995271994,0.20204933111290502,1,1,214,134,180,180
WIN_20260414_20_31_10_Pro,704,23.65716835848194,0.20356412863325088,0.19267482906011277,0.19811947884668182,1,1,244,161,151,151
WIN_20260414_20_31_10_Pro,705,23.690772290809328,0.2037037037037037,0.19096860995271994,0.19733615682821182,1,1,244,161,151,151
WIN_20260414_20_31_10_Pro,706,23.724376223136716,0.20539656716234578,0.1724137931034483,0.18890518013289703,1,1,234,154,180,180
WIN_20260414_20_31_10_Pro,707,23.757980155464107,0.19230769230769232,0.18033963441848755,0.18632366336308992,1,1,234,134,180,180
WIN_20260414_20_31_10_Pro,708,23.791584087791495,0.18518518518518517,0.19136240564543625,0.1882737954153107,1,1,234,134,180,180
WIN_20260414_20_31_10_Pro,709,23.825188020118883,0.23377955772969483,0.19096860995271994,0.21237408384120737,1,1,261,161,150,151
WIN_20260414_20_31_10_Pro,710,23.858791952446275,0.22360155129207746,0.23214285714285715,0.2278722042174673,1,1,261,161,150,151
WIN_20260414_20_31_10_Pro,711,23.892395884773663,0.2129725822553963,0.21428571428571427,0.2136291482705553,1,1,261,161,150,151
WIN_20260414_20_31_10_Pro,712,23.92599981710105,0.24926362798405297,0.23199495310333157,0.24062929054369225,1,1,261,161,150,151
WIN_20260414_20_31_10_Pro,713,23.95960374942844,0.3017026063276233,0.27890261693883767,0.29030261163323046,1,1,254,154,180,180
WIN_20260414_20_31_10_Pro,714,23.99320768175583,0.28897454153299085,0.2857142857142857,0.2873444136236383,1,1,254,154,180,180
WIN_20260414_20_31_10_Pro,715,24.02681161408322,0.3282158373487887,0.30468317440577913,0.31644950587728393,1,1,254,154,180,180
WIN_20260414_20_31_10_Pro,716,24.060415546410606,0.3282158373487887,0.30357142857142855,0.31589363296010864,1,1,277,161,151,151
WIN_20260414_20_31_10_Pro,717,24.094019478737998,0.36632666406178344,0.32122378121999756,0.3437752226408905,1,1,277,161,151,151
WIN_20260414_20_31_10_Pro,718,24.127623411065386,0.3528344557939419,0.33906954684333074,0.34595200131863635,1,1,277,161,151,151
WIN_20260414_20_31_10_Pro,719,24.161227343392774,0.3344682987333386,0.3401763439178467,0.33732232132559264,1,1,277,161,151,151
WIN_20260414_20_31_10_Pro,720,24.194831275720166,0.3516371924263399,0.32142857142857145,0.3365328819274557,1,1,277,161,151,151
WIN_20260414_20_31_10_Pro,721,24.228435208047554,0.3161272921546911,0.352533750704706,0.33433052142969855,1,1,277,161,151,151
WIN_20260414_20_31_10_Pro,722,24.26203914037494,0.36526469383088844,0.3392857142857143,0.35227520405830137,1,1,277,161,151,151
WIN_20260414_20_31_10_Pro,723,24.295643072702333,0.3649872503357764,0.3527754677666558,0.3588813590512161,1,1,277,161,151,151
WIN_20260414_20_31_10_Pro,724,24.32924700502972,0.34493041430760835,0.3392857142857143,0.3421080642966613,1,1,277,161,151,151
WIN_20260414_20_31_10_Pro,725,24.36285093735711,0.3649872503357764,0.3399596090329756,0.352473429684376,1,1,277,161,151,151
WIN_20260414_20_31_10_Pro,726,24.3964548696845,0.35061780654191715,0.35185185185185186,0.35123482919688453,1,1,277,161,151,151
WIN_20260414_20_31_10_Pro,727,24.43005880201189,0.3516371924263399,0.37129398628517435,0.3614655893557571,1,1,277,161,151,151
WIN_20260414_20_31_10_Pro,728,24.463662734339277,0.3516371924263399,0.35780537465630885,0.3547212835413244,1,1,277,161,151,151
WIN_20260414_20_41_42_Pro,0,0.0,0.2705985391259053,0.2626687547434931,0.2666336469346992,1,1,245,148,125,125
WIN_20260414_20_41_42_Pro,1,0.0339152466367713,0.2705985391259053,0.2826086956521739,0.2766036173890396,1,1,245,148,125,125
WIN_20260414_20_41_42_Pro,2,0.0678304932735426,0.2823419620984761,0.2608695652173913,0.2716057636579337,1,1,245,148,125,125
WIN_20260414_20_41_42_Pro,3,0.10174573991031391,0.2914138113663596,0.2608695652173913,0.27614168829187546,1,1,245,148,125,125
WIN_20260414_20_41_42_Pro,4,0.1356609865470852,0.2916666666666667,0.30434782608695654,0.29800724637681164,1,1,245,148,125,125
WIN_20260414_20_41_42_Pro,5,0.1695762331838565,0.24978326688545105,0.30434782608695654,0.2770655464862038,1,1,245,148,125,125
WIN_20260414_20_41_42_Pro,6,0.20349147982062782,0.2708333333333333,0.2826086956521739,0.2767210144927536,1,1,245,148,125,125
WIN_20260414_20_41_42_Pro,7,0.2374067264573991,0.2705985391259053,0.2916666666666667,0.281132602896286,1,1,245,148,125,125
WIN_20260414_20_41_42_Pro,8,0.2713219730941704,0.24978326688545105,0.2608695652173913,0.25532641605142115,1,1,245,148,125,125
WIN_20260414_20_41_42_Pro,9,0.3052372197309417,0.2823419620984761,0.2826086956521739,0.282475328875325,1,1,245,148,125,125
WIN_20260414_20_41_42_Pro,10,0.339152466367713,0.24978326688545105,0.2708333333333333,0.2603083001093922,1,1,245,148,125,125
WIN_20260414_20_41_42_Pro,11,0.3730677130044843,0.2823419620984761,0.2916666666666667,0.2870043143825714,1,1,245,148,125,125
WIN_20260414_20_41_42_Pro,12,0.40698295964125564,0.2705985391259053,0.30434782608695654,0.28747318260643095,1,1,245,148,125,125
WIN_20260414_20_41_42_Pro,13,0.4408982062780269,0.25150599539615826,0.2708333333333333,0.26116966436474576,1,1,245,148,125,125
WIN_20260414_20_41_42_Pro,14,0.4748134529147982,0.2916666666666667,0.2916666666666667,0.2916666666666667,1,1,245,148,125,125
WIN_20260414_20_41_42_Pro,15,0.5087286995515695,0.2705985391259053,0.2916666666666667,0.281132602896286,1,1,245,148,125,125
WIN_20260414_20_41_42_Pro,16,0.5426439461883408,0.2705985391259053,0.2725575566291809,0.27157804787754314,1,1,245,148,125,125
WIN_20260414_20_41_42_Pro,17,0.5765591928251121,0.2705985391259053,0.2826086956521739,0.2766036173890396,1,1,245,148,125,125
WIN_20260414_20_41_42_Pro,18,0.6104744394618834,0.2705985391259053,0.284153648044752,0.27737609358532866,1,1,245,148,125,125
WIN_20260414_20_41_42_Pro,19,0.6443896860986548,0.2705985391259053,0.2705985391259053,0.2705985391259053,1,1,245,148,125,125
WIN_20260414_20_41_42_Pro,20,0.678304932735426,0.2914138113663596,0.2725575566291809,0.28198568399777024,1,1,245,148,125,125
WIN_20260414_20_41_42_Pro,21,0.7122201793721973,0.2720778349398078,0.2826086956521739,0.27734326529599085,1,1,245,148,125,125
WIN_20260414_20_41_42_Pro,22,0.7461354260089686,0.2823419620984761,0.2826086956521739,0.282475328875325,1,1,245,148,125,125
WIN_20260414_20_41_42_Pro,23,0.7800506726457399,0.2624208410328536,0.25,0.25621042051642684,1,1,245,148,125,125
WIN_20260414_20_41_42_Pro,24,0.8139659192825113,0.2708333333333333,0.2608695652173913,0.2658514492753623,1,1,245,148,125,125
WIN_20260414_20_41_42_Pro,25,0.8478811659192825,0.2823419620984761,0.25,0.2661709810492381,1,1,245,148,125,125
WIN_20260414_20_41_42_Pro,26,0.8817964125560538,0.3040605745675896,0.2826086956521739,0.2933346351098818,1,1,245,148,125,125
WIN_20260414_20_41_42_Pro,27,0.9157116591928252,0.26062334962936257,0.2826086956521739,0.27161602264076823,1,1,245,148,125,125
WIN_20260414_20_41_42_Pro,28,0.9496269058295964,0.24978326688545105,0.2826086956521739,0.2661959812688125,1,1,245,148,125,125
WIN_20260414_20_41_42_Pro,29,0.9835421524663678,0.26062334962936257,0.2826086956521739,0.27161602264076823,1,1,245,148,125,125
WIN_20260414_20_41_42_Pro,30,1.017457399103139,0.2823419620984761,0.26062334962936257,0.27148265586391934,1,1,245,148,125,125
WIN_20260414_20_41_42_Pro,31,1.0513726457399104,0.2705985391259053,0.2916666666666667,0.281132602896286,1,1,245,148,125,125
WIN_20260414_20_41_42_Pro,32,1.0852878923766816,0.2823419620984761,0.2826086956521739,0.282475328875325,1,1,245,148,125,125
WIN_20260414_20_41_42_Pro,33,1.119203139013453,0.3040605745675896,0.30434782608695654,0.3042042003272731,1,1,245,148,125,125
WIN_20260414_20_41_42_Pro,34,1.1531183856502243,0.2823419620984761,0.2826086956521739,0.282475328875325,1,1,245,148,125,125
WIN_20260414_20_41_42_Pro,35,1.1870336322869954,0.2705985391259053,0.30434782608695654,0.28747318260643095,1,1,245,148,125,125
WIN_20260414_20_41_42_Pro,36,1.2209488789237668,0.2838854563241673,0.2708333333333333,0.27735939482875027,1,1,245,148,125,125
WIN_20260414_20_41_42_Pro,37,1.2548641255605382,0.2705985391259053,0.2916666666666667,0.281132602896286,1,1,245,148,125,125
WIN_20260414_20_41_42_Pro,38,1.2887793721973095,0.2720778349398078,0.30434782608695654,0.2882128305133822,1,1,245,148,125,125
WIN_20260414_20_41_42_Pro,39,1.3226946188340807,0.2720778349398078,0.2708333333333333,0.27145558413657056,1,1,245,148,125,125
WIN_20260414_20_41_42_Pro,40,1.356609865470852,0.2823419620984761,0.30434782608695654,0.29334489409271636,1,1,245,148,125,125
WIN_20260414_20_41_42_Pro,41,1.3905251121076234,0.2823419620984761,0.2826086956521739,0.282475328875325,1,1,245,148,125,125
WIN_20260414_20_41_42_Pro,42,1.4244403587443946,0.26062334962936257,0.2826086956521739,0.27161602264076823,1,1,245,148,125,125
WIN_20260414_20_41_42_Pro,43,1.458355605381166,0.2826086956521739,0.30434782608695654,0.2934782608695652,1,1,245,148,125,125
WIN_20260414_20_41_42_Pro,44,1.4922708520179373,0.2841394535019672,0.30434782608695654,0.2942436397944619,1,1,245,148,125,125
WIN_20260414_20_41_42_Pro,45,1.5261860986547084,0.2720778349398078,0.30589277847953467,0.28898530670967126,1,1,245,148,125,125
WIN_20260414_20_41_42_Pro,46,1.5601013452914798,0.26062334962936257,0.2705985391259053,0.26561094437763394,1,1,245,148,125,125
WIN_20260414_20_41_42_Pro,47,1.5940165919282512,0.2826086956521739,0.30434782608695654,0.2934782608695652,1,1,245,148,125,125
WIN_20260414_20_41_42_Pro,48,1.6279318385650225,0.2705985391259053,0.30434782608695654,0.28747318260643095,1,1,245,148,125,125
WIN_20260414_20_41_42_Pro,49,1.6618470852017937,0.2823419620984761,0.2626687547434931,0.2725053584209846,1,1,245,148,125,125
WIN_20260414_20_41_42_Pro,50,1.695762331838565,0.2720778349398078,0.30434782608695654,0.2882128305133822,1,1,245,148,125,125
WIN_20260414_20_41_42_Pro,51,1.7296775784753364,0.29289310718026207,0.2916666666666667,0.2922798869234644,1,1,245,148,125,125
WIN_20260414_20_41_42_Pro,52,1.7635928251121076,0.29289310718026207,0.2608695652173913,0.2768813361988267,1,1,245,148,125,125
WIN_20260414_20_41_42_Pro,53,1.797508071748879,0.2705985391259053,0.2708333333333333,0.2707159362296193,1,1,245,148,125,125
WIN_20260414_20_41_42_Pro,54,1.8314233183856503,0.2705985391259053,0.2608695652173913,0.2657340521716483,1,1,245,148,125,125
WIN_20260414_20_41_42_Pro,55,1.8653385650224215,0.2720778349398078,0.2826086956521739,0.27734326529599085,1,1,245,148,125,125
WIN_20260414_20_41_42_Pro,56,1.8992538116591928,0.24978326688545105,0.2391304347826087,0.24445685083402988,1,1,245,148,125,125
WIN_20260414_20_41_42_Pro,57,1.9331690582959642,0.2705985391259053,0.30434782608695654,0.28747318260643095,1,1,245,148,125,125
WIN_20260414_20_41_42_Pro,58,1.9670843049327356,0.2708333333333333,0.2826086956521739,0.2767210144927536,1,1,245,148,125,125
WIN_20260414_20_41_42_Pro,59,2.0009995515695067,0.2705985391259053,0.30589277847953467,0.28824565880272,1,1,245,148,125,125
WIN_20260414_20_41_42_Pro,60,2.034914798206278,0.2823419620984761,0.2608695652173913,0.2716057636579337,1,1,245,148,125,125
WIN_20260414_20_41_42_Pro,61,2.0688300448430494,0.29289310718026207,0.30589277847953467,0.29939294282989837,1,1,245,148,125,125
WIN_20260414_20_41_42_Pro,62,2.102745291479821,0.2826086956521739,0.30434782608695654,0.2934782608695652,1,1,245,148,125,125
WIN_20260414_20_41_42_Pro,63,2.136660538116592,0.2624208410328536,0.2826086956521739,0.27251476834251376,1,1,245,148,125,125
WIN_20260414_20_41_42_Pro,64,2.170575784753363,0.2826086956521739,0.30434782608695654,0.2934782608695652,1,1,245,148,125,125
WIN_20260414_20_41_42_Pro,65,2.2044910313901345,0.2826086956521739,0.2608695652173913,0.2717391304347826,1,1,245,148,125,125
WIN_20260414_20_41_42_Pro,66,2.238406278026906,0.2826086956521739,0.2727272727272727,0.27766798418972327,1,1,245,148,125,125
WIN_20260414_20_41_42_Pro,67,2.272321524663677,0.25,0.2826086956521739,0.2663043478260869,1,1,245,148,125,125
WIN_20260414_20_41_42_Pro,68,2.3062367713004486,0.28440788517827575,0.2608695652173913,0.2726387251978335,1,1,245,148,125,125
WIN_20260414_20_41_42_Pro,69,2.34015201793722,0.2841394535019672,0.2724459770254312,0.2782927152636992,1,1,245,148,125,125
WIN_20260414_20_41_42_Pro,70,2.374067264573991,0.2708333333333333,0.2517242232958476,0.26127877831459045,1,1,245,148,125,125
WIN_20260414_20_41_42_Pro,71,2.4079825112107622,0.26062334962936257,0.2608695652173913,0.26074645742337693,1,1,245,148,125,125
WIN_20260414_20_41_42_Pro,72,2.4418977578475336,0.2826086956521739,0.2727272727272727,0.27766798418972327,1,1,245,148,125,125
WIN_20260414_20_41_42_Pro,73,2.475813004484305,0.2626687547434931,0.30434782608695654,0.28350829041522485,1,1,245,148,125,125
WIN_20260414_20_41_42_Pro,74,2.5097282511210763,0.2624208410328536,0.2608695652173913,0.26164520312512246,1,1,245,148,125,125
WIN_20260414_20_41_42_Pro,75,2.5436434977578477,0.24978326688545105,0.25,0.24989163344272552,1,1,245,148,125,125
WIN_20260414_20_41_42_Pro,76,2.577558744394619,0.2708333333333333,0.25,0.26041666666666663,1,1,245,148,125,125
WIN_20260414_20_41_42_Pro,77,2.61147399103139,0.26062334962936257,0.2608695652173913,0.26074645742337693,1,1,245,148,125,125
WIN_20260414_20_41_42_Pro,78,2.6453892376681614,0.24978326688545105,0.25,0.24989163344272552,1,1,245,148,125,125
WIN_20260414_20_41_42_Pro,79,2.6793044843049327,0.2916666666666667,0.26062334962936257,0.2761450081480146,1,1,245,148,125,125
WIN_20260414_20_41_42_Pro,80,2.713219730941704,0.2705985391259053,0.2826086956521739,0.2766036173890396,1,1,245,148,125,125
WIN_20260414_20_41_42_Pro,81,2.7471349775784755,0.28,0.24978326688545105,0.26489163344272554,1,1,245,148,125,125
WIN_20260414_20_41_42_Pro,82,2.781050224215247,0.2914138113663596,0.2705985391259053,0.2810061752461325,1,1,245,148,125,125
WIN_20260414_20_41_42_Pro,83,2.814965470852018,0.2705985391259053,0.2626687547434931,0.2666336469346992,1,1,245,148,125,125
WIN_20260414_20_41_42_Pro,84,2.848880717488789,0.2597922407327758,0.24978326688545105,0.25478775380911345,1,1,245,148,125,125
WIN_20260414_20_41_42_Pro,85,2.8827959641255605,0.2914138113663596,0.25,0.2707069056831798,1,1,245,148,125,125
WIN_20260414_20_41_42_Pro,86,2.916711210762332,0.24978326688545105,0.26062334962936257,0.2552033082574068,1,1,245,148,125,125
WIN_20260414_20_41_42_Pro,87,2.9506264573991032,0.2705985391259053,0.25,0.2602992695629527,1,1,245,148,125,125
WIN_20260414_20_41_42_Pro,88,2.9845417040358746,0.25,0.2724459770254312,0.26122298851271564,1,1,245,148,125,125
WIN_20260414_20_41_42_Pro,89,3.018456950672646,0.25150599539615826,0.2838854563241673,0.26769572586016277,1,1,245,148,125,125
WIN_20260414_20_41_42_Pro,90,3.052372197309417,0.2705985391259053,0.26062334962936257,0.26561094437763394,1,1,245,148,125,125
WIN_20260414_20_41_42_Pro,91,3.0862874439461883,0.2705985391259053,0.2626687547434931,0.2666336469346992,1,1,245,148,125,125
WIN_20260414_20_41_42_Pro,92,3.1202026905829596,0.2723212676366125,0.2608695652173913,0.2665954164270019,1,1,245,148,125,125
WIN_20260414_20_41_42_Pro,93,3.154117937219731,0.25150599539615826,0.24978326688545105,0.25064463114080465,1,1,245,148,125,125
WIN_20260414_20_41_42_Pro,94,3.1880331838565024,0.25150599539615826,0.2608695652173913,0.2561877803067748,1,1,245,148,125,125
WIN_20260414_20_41_42_Pro,95,3.2219484304932737,0.25,0.2391304347826087,0.24456521739130435,1,1,245,148,125,125
WIN_20260414_20_41_42_Pro,96,3.255863677130045,0.2705985391259053,0.2391304347826087,0.254864486954257,1,1,245,148,125,125
WIN_20260414_20_41_42_Pro,97,3.289778923766816,0.2608695652173913,0.21954390277033267,0.240206733993862,1,1,245,148,125,125
WIN_20260414_20_41_42_Pro,98,3.3236941704035874,0.24978326688545105,0.26062334962936257,0.2552033082574068,1,1,245,148,125,125
WIN_20260414_20_41_42_Pro,99,3.3576094170403588,0.2391304347826087,0.21718612469113546,0.22815827973687208,1,1,245,148,125,125
WIN_20260414_20_41_42_Pro,100,3.39152466367713,0.2391304347826087,0.2391304347826087,0.2391304347826087,1,1,245,148,125,125
WIN_20260414_20_41_42_Pro,101,3.4254399103139015,0.2391304347826087,0.2391304347826087,0.2391304347826087,1,1,245,148,125,125
WIN_20260414_20_41_42_Pro,102,3.459355156950673,0.24978326688545105,0.26062334962936257,0.2552033082574068,1,1,245,148,125,125
WIN_20260414_20_41_42_Pro,103,3.4932704035874442,0.24978326688545105,0.238904737160249,0.24434400202285,1,1,245,148,125,125
WIN_20260414_20_41_42_Pro,104,3.527185650224215,0.24978326688545105,0.22148725817761966,0.23563526253153536,1,1,245,148,125,125
WIN_20260414_20_41_42_Pro,105,3.5611008968609865,0.25150599539615826,0.24105530390349109,0.24628064964982466,1,1,245,148,125,125
WIN_20260414_20_41_42_Pro,106,3.595016143497758,0.2705985391259053,0.26062334962936257,0.26561094437763394,1,1,245,148,125,125
WIN_20260414_20_41_42_Pro,107,3.6289313901345293,0.24978326688545105,0.2391304347826087,0.24445685083402988,1,1,245,148,125,125
WIN_20260414_20_41_42_Pro,108,3.6628466367713006,0.25,0.238904737160249,0.24445236858012448,1,1,245,148,125,125
WIN_20260414_20_41_42_Pro,109,3.696761883408072,0.25,0.25,0.25,1,1,245,148,125,125
WIN_20260414_20_41_42_Pro,110,3.730677130044843,0.2725575566291809,0.2626687547434931,0.26761315568633703,1,1,245,148,125,125
WIN_20260414_20_41_42_Pro,111,3.7645923766816143,0.25150599539615826,0.2391304347826087,0.24531821508938348,1,1,245,148,125,125
WIN_20260414_20_41_42_Pro,112,3.7985076233183857,0.24978326688545105,0.2608695652173913,0.25532641605142115,1,1,245,148,125,125
WIN_20260414_20_41_42_Pro,113,3.832422869955157,0.2289679946449968,0.2608695652173913,0.24491877993119404,1,1,245,148,125,125
WIN_20260414_20_41_42_Pro,114,3.8663381165919284,0.23980822221486997,0.2391304347826087,0.23946932849873934,1,1,245,148,125,125
WIN_20260414_20_41_42_Pro,115,3.9002533632286998,0.24978326688545105,0.2608695652173913,0.25532641605142115,1,1,245,148,125,125
WIN_20260414_20_41_42_Pro,116,3.934168609865471,0.25150599539615826,0.2391304347826087,0.24531821508938348,1,1,245,148,125,125
WIN_20260414_20_41_42_Pro,117,3.968083856502242,0.24978326688545105,0.2608695652173913,0.25532641605142115,1,1,245,148,125,125
WIN_20260414_20_41_42_Pro,118,4.001999103139013,0.2916666666666667,0.26062334962936257,0.2761450081480146,1,1,245,148,125,125
WIN_20260414_20_41_42_Pro,119,4.035914349775785,0.26,0.2608695652173913,0.2604347826086957,1,1,245,148,125,125
WIN_20260414_20_41_42_Pro,120,4.069829596412556,0.2914138113663596,0.2608695652173913,0.27614168829187546,1,1,245,148,125,125
WIN_20260414_20_41_42_Pro,121,4.103744843049327,0.24978326688545105,0.22916666666666666,0.23947496677605884,1,1,245,148,125,125
WIN_20260414_20_41_42_Pro,122,4.137660089686099,0.25150599539615826,0.2608695652173913,0.2561877803067748,1,1,245,148,125,125
WIN_20260414_20_41_42_Pro,123,4.17157533632287,0.2708333333333333,0.26062334962936257,0.26572834148134794,1,1,245,148,125,125
WIN_20260414_20_41_42_Pro,124,4.205490582959642,0.2705985391259053,0.2608695652173913,0.2657340521716483,1,1,245,148,125,125
WIN_20260414_20_41_42_Pro,125,4.2394058295964125,0.25150599539615826,0.2626687547434931,0.2570873750698257,1,1,245,148,125,125
WIN_20260414_20_41_42_Pro,126,4.273321076233184,0.25150599539615826,0.26062334962936257,0.25606467251276044,1,1,245,148,125,125
WIN_20260414_20_41_42_Pro,127,4.307236322869955,0.24978326688545105,0.20833333333333334,0.2290583001093922,1,1,245,148,125,125
WIN_20260414_20_41_42_Pro,128,4.341151569506726,0.24978326688545105,0.2391304347826087,0.24445685083402988,1,1,245,148,125,125
WIN_20260414_20_41_42_Pro,129,4.375066816143498,0.2725575566291809,0.26062334962936257,0.26659045312927176,1,1,245,148,125,125
WIN_20260414_20_41_42_Pro,130,4.408982062780269,0.25150599539615826,0.2724459770254312,0.26197598621079476,1,1,245,148,125,125
WIN_20260414_20_41_42_Pro,131,4.442897309417041,0.2705985391259053,0.2608695652173913,0.2657340521716483,1,1,244,128,151,150
WIN_20260414_20_41_42_Pro,132,4.476812556053812,0.2705985391259053,0.2826086956521739,0.2766036173890396,1,1,245,148,125,125
WIN_20260414_20_41_42_Pro,133,4.5107278026905835,0.2720778349398078,0.2391304347826087,0.25560413486120825,1,1,245,148,125,125
WIN_20260414_20_41_42_Pro,134,4.544643049327354,0.25150599539615826,0.2391304347826087,0.24531821508938348,1,1,245,148,125,125
WIN_20260414_20_41_42_Pro,135,4.578558295964125,0.24978326688545105,0.2608695652173913,0.25532641605142115,1,1,245,148,125,125
WIN_20260414_20_41_42_Pro,136,4.612473542600897,0.2720778349398078,0.2626687547434931,0.26737329484165046,1,1,245,148,125,125
WIN_20260414_20_41_42_Pro,137,4.646388789237668,0.2705985391259053,0.2826086956521739,0.2766036173890396,1,1,245,148,125,125
WIN_20260414_20_41_42_Pro,138,4.68030403587444,0.2705985391259053,0.30434782608695654,0.28747318260643095,1,1,245,148,125,125
WIN_20260414_20_41_42_Pro,139,4.714219282511211,0.2723212676366125,0.2708333333333333,0.2715773004849729,1,1,245,148,125,125
WIN_20260414_20_41_42_Pro,140,4.748134529147982,0.2705985391259053,0.25,0.2602992695629527,1,1,245,148,125,125
WIN_20260414_20_41_42_Pro,141,4.7820497757847535,0.2705985391259053,0.2608695652173913,0.2657340521716483,1,1,245,148,125,125
WIN_20260414_20_41_42_Pro,142,4.8159650224215245,0.1873374501640883,0.2043344827690734,0.19583596646658086,1,1,245,148,125,125
WIN_20260414_20_41_42_Pro,143,4.849880269058296,0.15555473373026182,0.13990731402287063,0.14773102387656623,1,1,245,148,125,125
WIN_20260414_20_41_42_Pro,144,4.883795515695067,0.14788543001571217,0.13580362462117615,0.14184452731844416,1,1,245,148,125,125
WIN_20260414_20_41_42_Pro,145,4.917710762331839,0.12456822054077103,0.1338361212611483,0.12920217090095967,1,1,245,148,125,125
WIN_20260414_20_41_42_Pro,146,4.95162600896861,0.13697345649352022,0.11720348260408471,0.12708846954880246,1,1,245,148,125,125
WIN_20260414_20_41_42_Pro,147,4.985541255605381,0.11339964452623105,0.13345894268467748,0.12342929360545427,1,1,245,148,125,125
WIN_20260414_20_41_42_Pro,148,5.019456502242153,0.12793732789705356,0.11720348260408471,0.12257040525056914,1,1,245,148,125,125
WIN_20260414_20_41_42_Pro,149,5.053371748878924,0.13345894268467748,0.1362229885127156,0.13484096559869654,1,1,245,148,125,125
WIN_20260414_20_41_42_Pro,150,5.087286995515695,0.1373605677076153,0.11316968718431346,0.12526512744596438,1,1,245,148,125,125
WIN_20260414_20_41_42_Pro,151,5.121202242152466,0.14869869798718208,0.15892681993150154,0.15381275895934182,1,1,245,148,125,125
WIN_20260414_20_41_42_Pro,152,5.155117488789238,0.12489163344272552,0.1338361212611483,0.1293638773519369,1,1,245,148,125,125
WIN_20260414_20_41_42_Pro,153,5.189032735426009,0.13345894268467748,0.11887880540383475,0.1261688740442561,1,1,245,148,125,125
WIN_20260414_20_41_42_Pro,154,5.22294798206278,0.13345894268467748,0.1362229885127156,0.13484096559869654,1,1,245,148,125,125
WIN_20260414_20_41_42_Pro,155,5.256863228699552,0.15555473373026182,0.1338361212611483,0.14469542749570508,1,1,245,148,125,125
WIN_20260414_20_41_42_Pro,156,5.290778475336323,0.12793732789705356,0.13580362462117615,0.13187047625911485,1,1,245,148,125,125
WIN_20260414_20_41_42_Pro,157,5.3246937219730945,0.1455912332681948,0.11351915709392967,0.12955519518106223,1,1,245,148,125,125
WIN_20260414_20_41_42_Pro,158,5.3586089686098655,0.13164734238909054,0.1394766078968045,0.13556197514294752,1,1,245,148,125,125
WIN_20260414_20_41_42_Pro,159,5.392524215246637,0.1490847601563623,0.1394766078968045,0.1442806840265834,1,1,245,148,125,125
WIN_20260414_20_41_42_Pro,160,5.426439461883408,0.1547039684951536,0.13580362462117615,0.1452537965581649,1,1,245,148,125,125
WIN_20260414_20_41_42_Pro,161,5.460354708520179,0.15555473373026182,0.14605999556775864,0.15080736464901023,1,1,245,148,125,125
WIN_20260414_20_41_42_Pro,162,5.494269955156951,0.15555473373026182,0.13580362462117615,0.145679179175719,1,1,245,148,125,125
WIN_20260414_20_41_42_Pro,163,5.528185201793722,0.10717595780692506,0.11316968718431346,0.11017282249561926,1,1,245,148,125,125
WIN_20260414_20_41_42_Pro,164,5.562100448430494,0.12793732789705356,0.13580362462117615,0.13187047625911485,1,1,245,148,125,125
WIN_20260414_20_41_42_Pro,165,5.596015695067265,0.13345894268467748,0.1394766078968045,0.136467775290741,1,1,245,148,125,125
WIN_20260414_20_41_42_Pro,166,5.629930941704036,0.12793732789705356,0.13580362462117615,0.13187047625911485,1,1,245,148,125,125
WIN_20260414_20_41_42_Pro,167,5.663846188340807,0.1313064352533361,0.1394766078968045,0.13539152157507028,1,1,245,148,125,125
WIN_20260414_20_41_42_Pro,168,5.697761434977578,0.13345894268467748,0.1394766078968045,0.136467775290741,1,1,245,148,125,125
WIN_20260414_20_41_42_Pro,169,5.73167668161435,0.12793732789705356,0.1394766078968045,0.13370696789692904,1,1,245,148,125,125
WIN_20260414_20_41_42_Pro,170,5.765591928251121,0.13345894268467748,0.1394766078968045,0.136467775290741,1,1,245,148,125,125
WIN_20260414_20_41_42_Pro,171,5.799507174887893,0.13345894268467748,0.1394766078968045,0.136467775290741,1,1,245,148,125,125
WIN_20260414_20_41_42_Pro,172,5.833422421524664,0.11211750879203475,0.13580362462117615,0.12396056670660545,1,1,245,148,125,125
WIN_20260414_20_41_42_Pro,173,5.867337668161435,0.12456822054077103,0.1394766078968045,0.13202241421878777,1,1,245,148,125,125
WIN_20260414_20_41_42_Pro,174,5.9012529147982065,0.12826948791590803,0.13345894268467748,0.13086421530029274,1,1,245,148,125,125
WIN_20260414_20_41_42_Pro,175,5.935168161434977,0.12456822054077103,0.16172178703985582,0.14314500379031342,1,1,245,148,125,125
WIN_20260414_20_41_42_Pro,176,5.969083408071749,0.13345894268467748,0.13580362462117615,0.13463128365292681,1,1,245,148,125,125
WIN_20260414_20_41_42_Pro,177,6.00299865470852,0.10870794577954809,0.14314959117243284,0.12592876847599047,1,1,245,148,125,125
WIN_20260414_20_41_42_Pro,178,6.036913901345292,0.12793732789705356,0.13580362462117615,0.13187047625911485,1,1,245,148,125,125
WIN_20260414_20_41_42_Pro,179,6.070829147982063,0.15426797989908897,0.16172178703985582,0.15799488346947238,1,1,245,148,125,125
WIN_20260414_20_41_42_Pro,180,6.104744394618834,0.12489163344272552,0.1394766078968045,0.132184120669765,1,1,245,148,125,125
WIN_20260414_20_41_42_Pro,181,6.138659641255606,0.1338361212611483,0.13580362462117615,0.1348198729411622,1,1,245,148,125,125
WIN_20260414_20_41_42_Pro,182,6.1725748878923765,0.15426797989908897,0.15555473373026182,0.15491135681467538,1,1,245,148,125,125
WIN_20260414_20_41_42_Pro,183,6.206490134529148,0.12793732789705356,0.13990731402287063,0.1339223209599621,1,1,245,148,125,125
WIN_20260414_20_41_42_Pro,184,6.240405381165919,0.14788543001571217,0.13990731402287063,0.1438963720192914,1,1,245,148,125,125
WIN_20260414_20_41_42_Pro,185,6.274320627802691,0.1577824937079317,0.15555473373026182,0.15666861371909677,1,1,245,148,125,125
WIN_20260414_20_41_42_Pro,186,6.308235874439462,0.13345894268467748,0.1338361212611483,0.1336475319729129,1,1,245,148,125,125
WIN_20260414_20_41_42_Pro,187,6.342151121076233,0.15426797989908897,0.13345894268467748,0.1438634612918832,1,1,245,148,125,125
WIN_20260414_20_41_42_Pro,188,6.376066367713005,0.13345894268467748,0.14359163953302567,0.1385252911088516,1,1,245,148,125,125
WIN_20260414_20_41_42_Pro,189,6.409981614349776,0.1394766078968045,0.1362229885127156,0.13784979820476007,1,1,245,148,125,125
WIN_20260414_20_41_42_Pro,190,6.4438968609865475,0.15160183368847388,0.13990731402287063,0.14575457385567225,1,1,245,148,125,125
WIN_20260414_20_41_42_Pro,191,6.477812107623318,0.12793732789705356,0.11180153787203836,0.11986943288454596,1,1,245,148,125,125
WIN_20260414_20_41_42_Pro,192,6.51172735426009,0.12456822054077103,0.13345894268467748,0.12901358161272425,1,1,245,148,125,125
WIN_20260414_20_41_42_Pro,193,6.545642600896861,0.13345894268467748,0.1577824937079317,0.1456207181963046,1,1,245,148,125,125
WIN_20260414_20_41_42_Pro,194,6.579557847533632,0.1313064352533361,0.11316968718431346,0.12223806121882477,1,1,245,148,125,125
WIN_20260414_20_41_42_Pro,195,6.613473094170404,0.1338361212611483,0.13697345649352022,0.13540478887733426,1,1,245,148,125,125
WIN_20260414_20_41_42_Pro,196,6.647388340807175,0.13697345649352022,0.13580362462117615,0.13638854055734817,1,1,245,148,125,125
WIN_20260414_20_41_42_Pro,197,6.681303587443947,0.12456822054077103,0.15892681993150154,0.1417475202361363,1,1,245,148,125,125
WIN_20260414_20_41_42_Pro,198,6.7152188340807175,0.17642258096426716,0.1362229885127156,0.15632278473849137,1,1,245,148,125,125
WIN_20260414_20_41_42_Pro,199,6.749134080717489,0.15160183368847388,0.18385786226784898,0.16772984797816143,1,1,245,148,125,125
WIN_20260414_20_41_42_Pro,200,6.78304932735426,0.1520302872837948,0.17642258096426716,0.16422643412403098,1,1,245,148,125,125
WIN_20260414_20_41_42_Pro,201,6.816964573991031,0.14532959063089954,0.17642258096426716,0.16087608579758333,1,1,245,148,125,125
WIN_20260414_20_41_42_Pro,202,6.850879820627803,0.14869869798718208,0.1362229885127156,0.14246084324994884,1,1,245,148,125,125
WIN_20260414_20_41_42_Pro,203,6.884795067264574,0.13345894268467748,0.1168426704599418,0.12515080657230965,1,1,245,148,125,125
WIN_20260414_20_41_42_Pro,204,6.918710313901346,0.12793732789705356,0.13580362462117615,0.13187047625911485,1,1,245,148,125,125
WIN_20260414_20_41_42_Pro,205,6.952625560538117,0.1338361212611483,0.13580362462117615,0.1348198729411622,1,1,245,148,125,125
WIN_20260414_20_41_42_Pro,206,6.9865408071748885,0.12793732789705356,0.15843756205803883,0.1431874449775462,1,1,245,148,125,125
WIN_20260414_20_41_42_Pro,207,7.020456053811659,0.13345894268467748,0.1362229885127156,0.13484096559869654,1,1,245,148,125,125
WIN_20260414_20_41_42_Pro,208,7.05437130044843,0.13697345649352022,0.1168426704599418,0.126908063476731,1,1,245,148,125,125
WIN_20260414_20_41_42_Pro,209,7.088286547085202,0.15160183368847388,0.1362229885127156,0.14391241110059474,1,1,245,148,125,125
WIN_20260414_20_41_42_Pro,210,7.122201793721973,0.1394766078968045,0.14655482945648382,0.14301571867664414,1,1,245,148,125,125
WIN_20260414_20_41_42_Pro,211,7.156117040358745,0.13031167481468128,0.14990634607088857,0.14010901044278493,1,1,245,148,125,125
WIN_20260414_20_41_42_Pro,212,7.190032286995516,0.13697345649352022,0.14314959117243284,0.14006152383297654,1,1,245,148,125,125
WIN_20260414_20_41_42_Pro,213,7.223947533632287,0.13345894268467748,0.09053574974745077,0.11199734621606412,1,1,245,148,125,125
WIN_20260414_20_41_42_Pro,214,7.2578627802690585,0.13345894268467748,0.13580362462117615,0.13463128365292681,1,1,245,148,125,125
WIN_20260414_20_41_42_Pro,215,7.291778026905829,0.12994442887583477,0.14990634607088857,0.13992538747336167,1,1,245,148,125,125
WIN_20260414_20_41_42_Pro,216,7.325693273542601,0.12994442887583477,0.14990634607088857,0.13992538747336167,1,1,245,148,125,125
WIN_20260414_20_41_42_Pro,217,7.359608520179372,0.12793732789705356,0.11211750879203475,0.12002741834454415,1,1,245,148,125,125
WIN_20260414_20_41_42_Pro,218,7.393523766816144,0.13345894268467748,0.1621105453336672,0.14778474400917235,1,1,245,148,125,125
WIN_20260414_20_41_42_Pro,219,7.427439013452915,0.1394766078968045,0.15843756205803883,0.14895708497742166,1,1,245,148,125,125
WIN_20260414_20_41_42_Pro,220,7.461354260089686,0.13697345649352022,0.11316968718431346,0.12507157183891685,1,1,245,148,125,125
WIN_20260414_20_41_42_Pro,221,7.495269506726458,0.14532959063089954,0.1621105453336672,0.15372006798228338,1,1,245,148,125,125
WIN_20260414_20_41_42_Pro,222,7.529184753363229,0.15426797989908897,0.16261114544165658,0.1584395626703728,1,1,245,148,125,125
WIN_20260414_20_41_42_Pro,223,7.5631,0.15511634749731662,0.17268015067450632,0.16389824908591147,1,1,245,148,125,125
WIN_20260414_20_41_42_Pro,224,7.597015246636771,0.13345894268467748,0.1394766078968045,0.136467775290741,1,1,245,148,125,125
WIN_20260414_20_41_42_Pro,225,7.630930493273543,0.12994442887583477,0.17268015067450632,0.15131228977517053,1,1,245,148,125,125
WIN_20260414_20_41_42_Pro,226,7.664845739910314,0.1394766078968045,0.13580362462117615,0.1376401162589903,1,1,245,148,125,125
WIN_20260414_20_41_42_Pro,227,7.698760986547085,0.13345894268467748,0.14314959117243284,0.13830426692855516,1,1,245,148,125,125
WIN_20260414_20_41_42_Pro,228,7.732676233183857,0.13345894268467748,0.1394766078968045,0.136467775290741,1,1,245,148,125,125
WIN_20260414_20_41_42_Pro,229,7.766591479820628,0.1394766078968045,0.1279530700956892,0.13371483899624687,1,1,245,148,125,125
WIN_20260414_20_41_42_Pro,230,7.8005067264573995,0.1394766078968045,0.1394766078968045,0.1394766078968045,1,1,245,148,125,125
WIN_20260414_20_41_42_Pro,231,7.83442197309417,0.13345894268467748,0.1394766078968045,0.136467775290741,1,1,245,148,125,125
WIN_20260414_20_41_42_Pro,232,7.868337219730942,0.12793732789705356,0.12218581903660021,0.1250615734668269,1,1,245,148,125,125
WIN_20260414_20_41_42_Pro,233,7.902252466367713,0.13345894268467748,0.14314959117243284,0.13830426692855516,1,1,245,148,125,125
WIN_20260414_20_41_42_Pro,234,7.936167713004484,0.1394766078968045,0.1279530700956892,0.13371483899624687,1,1,245,148,125,125
WIN_20260414_20_41_42_Pro,235,7.970082959641256,0.12994442887583477,0.11851283576097187,0.12422863231840331,1,1,245,148,125,125
WIN_20260414_20_41_42_Pro,236,8.003998206278027,0.13345894268467748,0.14359163953302567,0.1385252911088516,1,1,245,148,125,125
WIN_20260414_20_41_42_Pro,237,8.037913452914799,0.13345894268467748,0.1732651704818243,0.1533620565832509,1,1,245,148,125,125
WIN_20260414_20_41_42_Pro,238,8.07182869955157,0.1981411934333807,0.17642258096426716,0.18728188719882394,1,1,245,148,125,125
WIN_20260414_20_41_42_Pro,239,8.10574394618834,0.21718612469113546,0.2043344827690734,0.21076030373010443,1,1,245,148,125,125
WIN_20260414_20_41_42_Pro,240,8.139659192825112,0.21718612469113546,0.22952317107807507,0.22335464788460527,1,1,245,148,125,125
WIN_20260414_20_41_42_Pro,241,8.173574439461884,0.24978326688545105,0.238904737160249,0.24434400202285,1,1,245,148,125,125
WIN_20260414_20_41_42_Pro,242,8.207489686098654,0.26062334962936257,0.25,0.2553116748146813,1,1,245,148,125,125
WIN_20260414_20_41_42_Pro,243,8.241404932735426,0.25,0.2391304347826087,0.24456521739130435,1,1,245,148,125,125
WIN_20260414_20_41_42_Pro,244,8.275320179372198,0.26062334962936257,0.2608695652173913,0.26074645742337693,1,1,245,148,125,125
WIN_20260414_20_41_42_Pro,245,8.30923542600897,0.2823419620984761,0.29545454545454547,0.2888982537765108,1,1,245,148,125,125
WIN_20260414_20_41_42_Pro,246,8.34315067264574,0.26062334962936257,0.2724459770254312,0.2665346633273969,1,1,245,148,125,125
WIN_20260414_20_41_42_Pro,247,8.377065919282511,0.2823419620984761,0.2608695652173913,0.2716057636579337,1,1,245,148,125,125
WIN_20260414_20_41_42_Pro,248,8.410981165919283,0.25150599539615826,0.28440788517827575,0.267956940287217,1,1,245,148,125,125
WIN_20260414_20_41_42_Pro,249,8.444896412556053,0.2823419620984761,0.26062334962936257,0.27148265586391934,1,1,245,148,125,125
WIN_20260414_20_41_42_Pro,250,8.478811659192825,0.2914138113663596,0.25,0.2707069056831798,1,1,245,148,125,125
WIN_20260414_20_41_42_Pro,251,8.512726905829597,0.25,0.2624208410328536,0.25621042051642684,1,1,245,148,125,125
WIN_20260414_20_41_42_Pro,252,8.546642152466369,0.2624208410328536,0.2727272727272727,0.2675740568800632,1,1,245,148,125,125
WIN_20260414_20_41_42_Pro,253,8.580557399103139,0.2705985391259053,0.2608695652173913,0.2657340521716483,1,1,245,148,125,125
WIN_20260414_20_41_42_Pro,254,8.61447264573991,0.2823419620984761,0.2727272727272727,0.27753461741287444,1,1,245,148,125,125
WIN_20260414_20_41_42_Pro,255,8.648387892376682,0.2823419620984761,0.2608695652173913,0.2716057636579337,1,1,245,148,125,125
WIN_20260414_20_41_42_Pro,256,8.682303139013452,0.2624208410328536,0.2727272727272727,0.2675740568800632,1,1,245,148,125,125
WIN_20260414_20_41_42_Pro,257,8.716218385650224,0.2838854563241673,0.2626687547434931,0.2732771055338302,1,1,245,148,125,125
WIN_20260414_20_41_42_Pro,258,8.750133632286996,0.2841394535019672,0.2626687547434931,0.27340410412273014,1,1,245,148,125,125
WIN_20260414_20_41_42_Pro,259,8.784048878923768,0.24978326688545105,0.25,0.24989163344272552,1,1,245,148,125,125
WIN_20260414_20_41_42_Pro,260,8.817964125560538,0.2705985391259053,0.2608695652173913,0.2657340521716483,1,1,245,148,125,125
WIN_20260414_20_41_42_Pro,261,8.85187937219731,0.2823419620984761,0.2608695652173913,0.2716057636579337,1,1,245,148,125,125
WIN_20260414_20_41_42_Pro,262,8.885794618834082,0.2823419620984761,0.24978326688545105,0.26606261449196356,1,1,245,148,125,125
WIN_20260414_20_41_42_Pro,263,8.919709865470852,0.2624208410328536,0.2608695652173913,0.26164520312512246,1,1,245,148,125,125
WIN_20260414_20_41_42_Pro,264,8.953625112107623,0.2826086956521739,0.2626687547434931,0.2726387251978335,1,1,245,148,125,125
WIN_20260414_20_41_42_Pro,265,8.987540358744395,0.2838854563241673,0.28440788517827575,0.2841466707512215,1,1,245,148,125,125
WIN_20260414_20_41_42_Pro,266,9.021455605381167,0.3040605745675896,0.2608695652173913,0.28246506989249043,1,1,245,148,125,125
WIN_20260414_20_41_42_Pro,267,9.055370852017937,0.2914138113663596,0.28440788517827575,0.28791084827231767,1,1,245,148,125,125
WIN_20260414_20_41_42_Pro,268,9.089286098654709,0.2823419620984761,0.2608695652173913,0.2716057636579337,1,1,245,148,125,125
WIN_20260414_20_41_42_Pro,269,9.12320134529148,0.2823419620984761,0.2608695652173913,0.2716057636579337,1,1,245,148,125,125
WIN_20260414_20_41_42_Pro,270,9.15711659192825,0.2838854563241673,0.2608695652173913,0.2723775107707793,1,1,245,148,125,125
WIN_20260414_20_41_42_Pro,271,9.191031838565022,0.2823419620984761,0.2608695652173913,0.2716057636579337,1,1,245,148,125,125
WIN_20260414_20_41_42_Pro,272,9.224947085201794,0.2838854563241673,0.2727272727272727,0.27830636452572,1,1,245,148,125,125
WIN_20260414_20_41_42_Pro,273,9.258862331838564,0.2838854563241673,0.2608695652173913,0.2723775107707793,1,1,245,148,125,125
WIN_20260414_20_41_42_Pro,274,9.292777578475336,0.2823419620984761,0.26062334962936257,0.27148265586391934,1,1,245,148,125,125
WIN_20260414_20_41_42_Pro,275,9.326692825112108,0.2626687547434931,0.26062334962936257,0.26164605218642784,1,1,245,148,125,125
WIN_20260414_20_41_42_Pro,276,9.36060807174888,0.26062334962936257,0.2608695652173913,0.26074645742337693,1,1,245,148,125,125
WIN_20260414_20_41_42_Pro,277,9.39452331838565,0.26062334962936257,0.2727272727272727,0.26667531117831766,1,1,245,148,125,125
WIN_20260414_20_41_42_Pro,278,9.428438565022422,0.3056040687932808,0.2826086956521739,0.29410638222272734,1,1,245,148,125,125
WIN_20260414_20_41_42_Pro,279,9.462353811659193,0.2951498084442171,0.2608695652173913,0.2780096868308042,1,1,245,148,125,125
WIN_20260414_20_41_42_Pro,280,9.496269058295963,0.2823419620984761,0.2608695652173913,0.2716057636579337,1,1,245,148,125,125
WIN_20260414_20_41_42_Pro,281,9.530184304932735,0.2838854563241673,0.2608695652173913,0.2723775107707793,1,1,245,148,125,125
WIN_20260414_20_41_42_Pro,282,9.564099551569507,0.2823419620984761,0.2826086956521739,0.282475328875325,1,1,245,148,125,125
WIN_20260414_20_41_42_Pro,283,9.598014798206279,0.2823419620984761,0.2823419620984761,0.2823419620984761,1,1,245,148,125,125
WIN_20260414_20_41_42_Pro,284,9.631930044843049,0.2823419620984761,0.2826086956521739,0.282475328875325,1,1,245,148,125,125
WIN_20260414_20_41_42_Pro,285,9.66584529147982,0.26062334962936257,0.2608695652173913,0.26074645742337693,1,1,245,148,125,125
WIN_20260414_20_41_42_Pro,286,9.699760538116593,0.26062334962936257,0.2608695652173913,0.26074645742337693,1,1,245,148,125,125
WIN_20260414_20_41_42_Pro,287,9.733675784753363,0.2720778349398078,0.25,0.26103891746990393,1,1,245,148,125,125
WIN_20260414_20_41_42_Pro,288,9.767591031390134,0.26062334962936257,0.26062334962936257,0.26062334962936257,1,1,245,148,125,125
WIN_20260414_20_41_42_Pro,289,9.801506278026906,0.24978326688545105,0.2826086956521739,0.2661959812688125,1,1,245,148,125,125
WIN_20260414_20_41_42_Pro,290,9.835421524663678,0.2823419620984761,0.2608695652173913,0.2716057636579337,1,1,245,148,125,125
WIN_20260414_20_41_42_Pro,291,9.869336771300448,0.2826086956521739,0.3040605745675896,0.2933346351098818,1,1,245,148,125,125
WIN_20260414_20_41_42_Pro,292,9.90325201793722,0.2823419620984761,0.2826086956521739,0.282475328875325,1,1,245,148,125,125
WIN_20260414_20_41_42_Pro,293,9.937167264573992,0.25150599539615826,0.26062334962936257,0.25606467251276044,1,1,245,148,125,125
WIN_20260414_20_41_42_Pro,294,9.971082511210762,0.2823419620984761,0.2626687547434931,0.2725053584209846,1,1,245,148,125,125
WIN_20260414_20_41_42_Pro,295,10.004997757847534,0.26062334962936257,0.25,0.2553116748146813,1,1,245,148,125,125
WIN_20260414_20_41_42_Pro,296,10.038913004484305,0.2841394535019672,0.2608695652173913,0.27250450935967924,1,1,245,148,125,125
WIN_20260414_20_41_42_Pro,297,10.072828251121077,0.2841394535019672,0.26062334962936257,0.27238140156566487,1,1,245,148,125,125
WIN_20260414_20_41_42_Pro,298,10.106743497757847,0.2608695652173913,0.25,0.2554347826086957,1,1,245,148,125,125
WIN_20260414_20_41_42_Pro,299,10.140658744394619,0.26062334962936257,0.2608695652173913,0.26074645742337693,1,1,245,148,125,125
WIN_20260414_20_41_42_Pro,300,10.17457399103139,0.2826086956521739,0.26062334962936257,0.27161602264076823,1,1,245,148,125,125
WIN_20260414_20_41_42_Pro,301,10.20848923766816,0.2823419620984761,0.2608695652173913,0.2716057636579337,1,1,245,148,125,125
WIN_20260414_20_41_42_Pro,302,10.242404484304933,0.2823419620984761,0.2608695652173913,0.2716057636579337,1,1,245,148,125,125
WIN_20260414_20_41_42_Pro,303,10.276319730941704,0.2823419620984761,0.2608695652173913,0.2716057636579337,1,1,245,148,125,125
WIN_20260414_20_41_42_Pro,304,10.310234977578476,0.2841394535019672,0.2608695652173913,0.27250450935967924,1,1,245,148,125,125
WIN_20260414_20_41_42_Pro,305,10.344150224215246,0.2823419620984761,0.2608695652173913,0.2716057636579337,1,1,245,148,125,125
WIN_20260414_20_41_42_Pro,306,10.378065470852018,0.272313912709554,0.2823419620984761,0.27732793740401507,1,1,245,148,125,125
WIN_20260414_20_41_42_Pro,307,10.41198071748879,0.2823419620984761,0.2727272727272727,0.27753461741287444,1,1,245,148,125,125
WIN_20260414_20_41_42_Pro,308,10.44589596412556,0.2823419620984761,0.2608695652173913,0.2716057636579337,1,1,245,148,125,125
WIN_20260414_20_41_42_Pro,309,10.479811210762332,0.2823419620984761,0.25,0.2661709810492381,1,1,245,148,125,125
WIN_20260414_20_41_42_Pro,310,10.513726457399104,0.2708333333333333,0.26062334962936257,0.26572834148134794,1,1,245,148,125,125
WIN_20260414_20_41_42_Pro,311,10.547641704035875,0.2826086956521739,0.26062334962936257,0.27161602264076823,1,1,245,148,125,125
WIN_20260414_20_41_42_Pro,312,10.581556950672645,0.2916666666666667,0.26062334962936257,0.2761450081480146,1,1,245,148,125,125
WIN_20260414_20_41_42_Pro,313,10.615472197309417,0.2826086956521739,0.2608695652173913,0.2717391304347826,1,1,245,148,125,125
WIN_20260414_20_41_42_Pro,314,10.649387443946189,0.2705985391259053,0.2608695652173913,0.2657340521716483,1,1,245,148,125,125
WIN_20260414_20_41_42_Pro,315,10.68330269058296,0.30434782608695654,0.2624208410328536,0.2833843335599051,1,1,245,148,125,125
WIN_20260414_20_41_42_Pro,316,10.717217937219731,0.29545454545454547,0.26062334962936257,0.278038947541954,1,1,245,148,125,125
WIN_20260414_20_41_42_Pro,317,10.751133183856503,0.2826086956521739,0.2823419620984761,0.282475328875325,1,1,245,148,125,125
WIN_20260414_20_41_42_Pro,318,10.785048430493275,0.2708333333333333,0.2608695652173913,0.2658514492753623,1,1,245,148,125,125
WIN_20260414_20_41_42_Pro,319,10.818963677130045,0.2705985391259053,0.26062334962936257,0.26561094437763394,1,1,245,148,125,125
WIN_20260414_20_41_42_Pro,320,10.852878923766816,0.2708333333333333,0.26062334962936257,0.26572834148134794,1,1,245,148,125,125
WIN_20260414_20_41_42_Pro,321,10.886794170403588,0.30434782608695654,0.2826086956521739,0.2934782608695652,1,1,245,148,125,125
WIN_20260414_20_41_42_Pro,322,10.920709417040358,0.30434782608695654,0.2826086956521739,0.2934782608695652,1,1,245,148,125,125
WIN_20260414_20_41_42_Pro,323,10.95462466367713,0.284153648044752,0.3056040687932808,0.2948788584190164,1,1,245,148,125,125
WIN_20260414_20_41_42_Pro,324,10.988539910313902,0.3040605745675896,0.2826086956521739,0.2933346351098818,1,1,245,148,125,125
WIN_20260414_20_41_42_Pro,325,11.022455156950674,0.2916666666666667,0.2823419620984761,0.2870043143825714,1,1,245,148,125,125
WIN_20260414_20_41_42_Pro,326,11.056370403587444,0.30434782608695654,0.2826086956521739,0.2934782608695652,1,1,245,148,125,125
WIN_20260414_20_41_42_Pro,327,11.090285650224216,0.2826086956521739,0.3040605745675896,0.2933346351098818,1,1,245,148,125,125
WIN_20260414_20_41_42_Pro,328,11.124200896860987,0.3040605745675896,0.30434782608695654,0.3042042003272731,1,1,245,148,125,125
WIN_20260414_20_41_42_Pro,329,11.158116143497757,0.30434782608695654,0.2608695652173913,0.28260869565217395,1,1,245,148,125,125
WIN_20260414_20_41_42_Pro,330,11.19203139013453,0.2723212676366125,0.30434782608695654,0.2883345468617845,1,1,245,148,125,125
WIN_20260414_20_41_42_Pro,331,11.225946636771301,0.30434782608695654,0.2823419620984761,0.29334489409271636,1,1,245,148,125,125
WIN_20260414_20_41_42_Pro,332,11.259861883408073,0.2708333333333333,0.30434782608695654,0.2875905797101449,1,1,245,148,125,125
WIN_20260414_20_41_42_Pro,333,11.293777130044843,0.30434782608695654,0.2826086956521739,0.2934782608695652,1,1,245,148,125,125
WIN_20260414_20_41_42_Pro,334,11.327692376681615,0.2916666666666667,0.3040605745675896,0.2978636206171281,1,1,245,148,125,125
WIN_20260414_20_41_42_Pro,335,11.361607623318386,0.30434782608695654,0.2823419620984761,0.29334489409271636,1,1,245,148,125,125
WIN_20260414_20_41_42_Pro,336,11.395522869955157,0.2826086956521739,0.26062334962936257,0.27161602264076823,1,1,245,148,125,125
WIN_20260414_20_41_42_Pro,337,11.429438116591928,0.15555473373026182,0.18163065135028747,0.16859269254027465,1,1,245,148,125,125
WIN_20260414_20_41_42_Pro,338,11.4633533632287,0.15843756205803883,0.15386473187229202,0.1561511469651654,1,1,245,148,125,125
WIN_20260414_20_41_42_Pro,339,11.497268609865472,0.1362229885127156,0.1498128510917234,0.1430179198022195,1,1,245,148,125,125
WIN_20260414_20_41_42_Pro,340,11.531183856502242,0.16122392483098627,0.15041421093753118,0.15581906788425873,1,1,245,148,125,125
WIN_20260414_20_41_42_Pro,341,11.565099103139014,0.12994442887583477,0.1245271783939867,0.12723580363491074,1,1,245,148,125,125
WIN_20260414_20_41_42_Pro,342,11.599014349775786,0.14269544797543648,0.1498128510917234,0.14625414953357996,1,1,245,148,125,125
WIN_20260414_20_41_42_Pro,343,11.632929596412556,0.15160183368847388,0.15041421093753118,0.15100802231300253,1,1,245,148,125,125
WIN_20260414_20_41_42_Pro,344,11.666844843049327,0.13345894268467748,0.15041421093753118,0.14193657681110433,1,1,245,148,125,125
WIN_20260414_20_41_42_Pro,345,11.7007600896861,0.13580362462117615,0.1279530700956892,0.13187834735843268,1,1,245,148,125,125
WIN_20260414_20_41_42_Pro,346,11.73467533632287,0.13345894268467748,0.12838655987503406,0.13092275127985575,1,1,245,148,125,125
WIN_20260414_20_41_42_Pro,347,11.768590582959641,0.16489690810661464,0.11891287331286374,0.1419048907097392,1,1,245,148,125,125
WIN_20260414_20_41_42_Pro,348,11.802505829596413,0.1520302872837948,0.15041421093753118,0.151222249110663,1,1,245,148,125,125
WIN_20260414_20_41_42_Pro,349,11.836421076233185,0.13345894268467748,0.14655482945648382,0.14000688607058065,1,1,245,148,125,125
WIN_20260414_20_41_42_Pro,350,11.870336322869955,0.10828702406319562,0.10599979412048988,0.10714340909184275,1,1,245,148,125,125
WIN_20260414_20_41_42_Pro,351,11.904251569506727,0.15555473373026182,0.14990634607088857,0.1527305399005752,1,1,245,148,125,125
WIN_20260414_20_41_42_Pro,352,11.938166816143498,0.16172178703985582,0.14269544797543648,0.15220861750764614,1,1,245,148,125,125
WIN_20260414_20_41_42_Pro,353,11.972082062780268,0.13345894268467748,0.14990634607088857,0.14168264437778302,1,1,245,148,125,125
WIN_20260414_20_41_42_Pro,354,12.00599730941704,0.16172178703985582,0.15041421093753118,0.1560679989886935,1,1,245,148,125,125
WIN_20260414_20_41_42_Pro,355,12.039912556053812,0.1520302872837948,0.1498128510917234,0.15092156918775912,1,1,245,148,125,125
WIN_20260414_20_41_42_Pro,356,12.073827802690584,0.1168426704599418,0.14359163953302567,0.13021715499648373,1,1,245,148,125,125
WIN_20260414_20_41_42_Pro,357,12.107743049327354,0.13345894268467748,0.12256313091398979,0.12801103679933362,1,1,245,148,125,125
WIN_20260414_20_41_42_Pro,358,12.141658295964126,0.1547039684951536,0.11351915709392967,0.13411156279454164,1,1,245,148,125,125
WIN_20260414_20_41_42_Pro,359,12.175573542600898,0.13031167481468128,0.11891287331286374,0.12461227406377251,1,1,245,148,125,125
WIN_20260414_20_41_42_Pro,360,12.209488789237668,0.1338361212611483,0.14269544797543648,0.1382657846182924,1,1,245,148,125,125
WIN_20260414_20_41_42_Pro,361,12.24340403587444,0.13345894268467748,0.14655482945648382,0.14000688607058065,1,1,245,148,125,125
WIN_20260414_20_41_42_Pro,362,12.277319282511211,0.15555473373026182,0.15041421093753118,0.1529844723338965,1,1,245,148,125,125
WIN_20260414_20_41_42_Pro,363,12.311234529147983,0.11372013197828404,0.13990731402287063,0.12681372300057733,1,1,245,148,125,125
WIN_20260414_20_41_42_Pro,364,12.345149775784753,0.16172178703985582,0.1362229885127156,0.14897238777628571,1,1,245,148,125,125
WIN_20260414_20_41_42_Pro,365,12.379065022421525,0.1338361212611483,0.14314959117243284,0.13849285621679058,1,1,245,148,125,125
WIN_20260414_20_41_42_Pro,366,12.412980269058297,0.17642258096426716,0.14359163953302567,0.16000711024864642,1,1,245,148,125,125
WIN_20260414_20_41_42_Pro,367,12.446895515695067,0.13345894268467748,0.13990731402287063,0.13668312835377405,1,1,245,148,125,125
WIN_20260414_20_41_42_Pro,368,12.480810762331839,0.13345894268467748,0.14990634607088857,0.14168264437778302,1,1,245,148,125,125
WIN_20260414_20_41_42_Pro,369,12.51472600896861,0.13345894268467748,0.1362229885127156,0.13484096559869654,1,1,245,148,125,125
WIN_20260414_20_41_42_Pro,370,12.548641255605382,0.12994442887583477,0.11720348260408471,0.12357395573995975,1,1,245,148,125,125
WIN_20260414_20_41_42_Pro,371,12.582556502242152,0.11372013197828404,0.11351915709392967,0.11361964453610685,1,1,245,148,125,125
WIN_20260414_20_41_42_Pro,372,12.616471748878924,0.13345894268467748,0.1362229885127156,0.13484096559869654,1,1,245,148,125,125
WIN_20260414_20_41_42_Pro,373,12.650386995515696,0.13345894268467748,0.11724457842475106,0.12535176055471425,1,1,245,148,125,125
WIN_20260414_20_41_42_Pro,374,12.684302242152466,0.13283733331337846,0.11351915709392967,0.12317824520365406,1,1,245,148,125,125
WIN_20260414_20_41_42_Pro,375,12.718217488789238,0.15511634749731662,0.16540611255001084,0.16026123002366371,1,1,245,148,125,125
WIN_20260414_20_41_42_Pro,376,12.75213273542601,0.13345894268467748,0.1362229885127156,0.13484096559869654,1,1,245,148,125,125
WIN_20260414_20_41_42_Pro,377,12.786047982062781,0.12456822054077103,0.11720348260408471,0.12088585157242787,1,1,245,148,125,125
WIN_20260414_20_41_42_Pro,378,12.819963228699551,0.15426797989908897,0.16261114544165658,0.1584395626703728,1,1,245,148,125,125
WIN_20260414_20_41_42_Pro,379,12.853878475336323,0.13697345649352022,0.13990731402287063,0.1384403852581954,1,1,245,148,125,125
WIN_20260414_20_41_42_Pro,380,12.887793721973095,0.13345894268467748,0.1362229885127156,0.13484096559869654,1,1,245,148,125,125
WIN_20260414_20_41_42_Pro,381,12.921708968609865,0.12456822054077103,0.10899018110455676,0.1167792008226639,1,1,245,148,125,125
WIN_20260414_20_41_42_Pro,382,12.955624215246637,0.17642258096426716,0.1362229885127156,0.15632278473849137,1,1,245,148,125,125
WIN_20260414_20_41_42_Pro,383,12.989539461883409,0.13345894268467748,0.1362229885127156,0.13484096559869654,1,1,245,148,125,125
WIN_20260414_20_41_42_Pro,384,13.02345470852018,0.12793732789705356,0.13990731402287063,0.1339223209599621,1,1,245,148,125,125
WIN_20260414_20_41_42_Pro,385,13.05736995515695,0.13345894268467748,0.12838655987503406,0.13092275127985575,1,1,245,148,125,125
WIN_20260414_20_41_42_Pro,386,13.091285201793722,0.13345894268467748,0.1394766078968045,0.136467775290741,1,1,245,148,125,125
WIN_20260414_20_41_42_Pro,387,13.125200448430494,0.13345894268467748,0.13990731402287063,0.13668312835377405,1,1,245,148,125,125
WIN_20260414_20_41_42_Pro,388,13.159115695067264,0.13031167481468128,0.13990731402287063,0.13510949441877596,1,1,245,148,125,125
WIN_20260414_20_41_42_Pro,389,13.193030941704036,0.17642258096426716,0.1362229885127156,0.15632278473849137,1,1,245,148,125,125
WIN_20260414_20_41_42_Pro,390,13.226946188340808,0.12994442887583477,0.13636363636363635,0.13315403261973557,1,1,245,148,125,125
WIN_20260414_20_41_42_Pro,391,13.26086143497758,0.13697345649352022,0.1394766078968045,0.13822503219516236,1,1,245,148,125,125
WIN_20260414_20_41_42_Pro,392,13.29477668161435,0.12994442887583477,0.14221364506462872,0.13607903697023174,1,1,245,148,125,125
WIN_20260414_20_41_42_Pro,393,13.328691928251121,0.13031167481468128,0.15041421093753118,0.14036294287610623,1,1,245,148,125,125
WIN_20260414_20_41_42_Pro,394,13.362607174887893,0.13345894268467748,0.1362229885127156,0.13484096559869654,1,1,245,148,125,125
WIN_20260414_20_41_42_Pro,395,13.396522421524663,0.13345894268467748,0.1590909090909091,0.14627492588779328,1,1,245,148,125,125
WIN_20260414_20_41_42_Pro,396,13.430437668161435,0.17642258096426716,0.13990731402287063,0.1581649474935689,1,1,245,148,125,125
WIN_20260414_20_41_42_Pro,397,13.464352914798207,0.13345894268467748,0.16172178703985582,0.14759036486226665,1,1,245,148,125,125
WIN_20260414_20_41_42_Pro,398,13.498268161434979,0.1394766078968045,0.1732651704818243,0.1563708891893144,1,1,245,148,125,125
WIN_20260414_20_41_42_Pro,399,13.532183408071749,0.14532959063089954,0.13990731402287063,0.14261845232688508,1,1,245,148,125,125
WIN_20260414_20_41_42_Pro,400,13.56609865470852,0.11887880540383475,0.1362229885127156,0.12755089695827518,1,1,245,148,125,125
WIN_20260414_20_41_42_Pro,401,13.600013901345292,0.11211750879203475,0.1362229885127156,0.12417024865237518,1,1,245,148,125,125
WIN_20260414_20_41_42_Pro,402,13.633929147982062,0.12994442887583477,0.15041421093753118,0.14017931990668298,1,1,245,148,125,125
WIN_20260414_20_41_42_Pro,403,13.667844394618834,0.1547039684951536,0.16647802263800923,0.1605909955665814,1,1,245,148,125,125
WIN_20260414_20_41_42_Pro,404,13.701759641255606,0.1547039684951536,0.18442561845864175,0.16956479347689768,1,1,245,148,125,125
WIN_20260414_20_41_42_Pro,405,13.735674887892378,0.13345894268467748,0.15892681993150154,0.1461928813080895,1,1,245,148,125,125
WIN_20260414_20_41_42_Pro,406,13.769590134529148,0.13345894268467748,0.1732651704818243,0.1533620565832509,1,1,245,148,125,125
WIN_20260414_20_41_42_Pro,407,13.80350538116592,0.15555473373026182,0.11351915709392967,0.13453694541209574,1,1,245,148,125,125
WIN_20260414_20_41_42_Pro,408,13.837420627802691,0.15160183368847388,0.16557689146562057,0.15858936257704723,1,1,245,148,125,125
WIN_20260414_20_41_42_Pro,409,13.871335874439461,0.13345894268467748,0.13990731402287063,0.13668312835377405,1,1,245,148,125,125
WIN_20260414_20_41_42_Pro,410,13.905251121076233,0.13345894268467748,0.11887880540383475,0.1261688740442561,1,1,245,148,125,125
WIN_20260414_20_41_42_Pro,411,13.939166367713005,0.1338361212611483,0.15041421093753118,0.14212516609933973,1,1,245,148,125,125
WIN_20260414_20_41_42_Pro,412,13.973081614349777,0.14532959063089954,0.1732651704818243,0.15929738055636192,1,1,245,148,125,125
WIN_20260414_20_41_42_Pro,413,14.006996860986547,0.12994442887583477,0.14655482945648382,0.1382496291661593,1,1,245,148,125,125
WIN_20260414_20_41_42_Pro,414,14.040912107623319,0.1394766078968045,0.1362229885127156,0.13784979820476007,1,1,245,148,125,125
WIN_20260414_20_41_42_Pro,415,14.07482735426009,0.10122204690076758,0.10074460373141397,0.10098332531609078,1,1,245,148,125,125
WIN_20260414_20_41_42_Pro,416,14.10874260089686,0.13345894268467748,0.11351915709392967,0.12348904988930356,1,1,245,148,125,125
WIN_20260414_20_41_42_Pro,417,14.142657847533632,0.1338361212611483,0.11351915709392967,0.12367763917753899,1,1,245,148,125,125
WIN_20260414_20_41_42_Pro,418,14.176573094170404,0.11180153787203836,0.11351915709392967,0.11266034748298401,1,1,245,148,125,125
WIN_20260414_20_41_42_Pro,419,14.210488340807176,0.1759253847117281,0.13990731402287063,0.15791634936729937,1,1,245,148,125,125
WIN_20260414_20_41_42_Pro,420,14.244403587443946,0.1394766078968045,0.13580362462117615,0.1376401162589903,1,1,245,148,125,125
WIN_20260414_20_41_42_Pro,421,14.278318834080718,0.13345894268467748,0.09587889832410917,0.11466892050439333,1,1,245,148,125,125
WIN_20260414_20_41_42_Pro,422,14.31223408071749,0.13442799649430065,0.1394766078968045,0.13695230219555257,1,1,245,148,125,125
WIN_20260414_20_41_42_Pro,423,14.34614932735426,0.1354387444473976,0.11720348260408471,0.12632111352574116,1,1,245,148,125,125
WIN_20260414_20_41_42_Pro,424,14.380064573991032,0.12793732789705356,0.11720348260408471,0.12257040525056914,1,1,245,148,125,125
WIN_20260414_20_41_42_Pro,425,14.413979820627803,0.13990731402287063,0.15041421093753118,0.1451607624802009,1,1,245,148,125,125
WIN_20260414_20_41_42_Pro,426,14.447895067264573,0.15555473373026182,0.14990634607088857,0.1527305399005752,1,1,245,148,125,125
WIN_20260414_20_41_42_Pro,427,14.481810313901345,0.11211750879203475,0.11351915709392967,0.11281833294298221,1,1,245,148,125,125
WIN_20260414_20_41_42_Pro,428,14.515725560538117,0.16122392483098627,0.13990731402287063,0.15056561942692845,1,1,245,148,125,125
WIN_20260414_20_41_42_Pro,429,14.549640807174889,0.13345894268467748,0.1394766078968045,0.136467775290741,1,1,245,148,125,125
WIN_20260414_20_41_42_Pro,430,14.583556053811659,0.11287146499534692,0.1279530700956892,0.12041226754551806,1,1,245,148,125,125
WIN_20260414_20_41_42_Pro,431,14.61747130044843,0.1394766078968045,0.1362229885127156,0.13784979820476007,1,1,245,148,125,125
WIN_20260414_20_41_42_Pro,432,14.651386547085202,0.13283733331337846,0.11351915709392967,0.12317824520365406,1,1,245,148,125,125
WIN_20260414_20_41_42_Pro,433,14.685301793721973,0.12793732789705356,0.1338361212611483,0.13088672457910094,1,1,245,148,125,125
WIN_20260414_20_41_42_Pro,434,14.719217040358744,0.13345894268467748,0.1373605677076153,0.1354097551961464,1,1,245,148,125,125
WIN_20260414_20_41_42_Pro,435,14.753132286995516,0.10828702406319562,0.12277225479391109,0.11552963942855335,1,1,245,148,125,125
WIN_20260414_20_41_42_Pro,436,14.787047533632288,0.13345894268467748,0.13580362462117615,0.13463128365292681,1,1,245,148,125,125
WIN_20260414_20_41_42_Pro,437,14.820962780269058,0.12793732789705356,0.13990731402287063,0.1339223209599621,1,1,245,148,125,125
WIN_20260414_20_41_42_Pro,438,14.85487802690583,0.13697345649352022,0.13990731402287063,0.1384403852581954,1,1,245,148,125,125
WIN_20260414_20_41_42_Pro,439,14.888793273542602,0.14532959063089954,0.1547039684951536,0.15001677956302656,1,1,245,148,125,125
WIN_20260414_20_41_42_Pro,440,14.922708520179372,0.15511634749731662,0.16261114544165658,0.1588637464694866,1,1,245,148,125,125
WIN_20260414_20_41_42_Pro,441,14.956623766816143,0.13345894268467748,0.1394766078968045,0.136467775290741,1,1,245,148,125,125
WIN_20260414_20_41_42_Pro,442,14.990539013452915,0.13345894268467748,0.15892681993150154,0.1461928813080895,1,1,245,148,125,125
WIN_20260414_20_41_42_Pro,443,15.024454260089687,0.13345894268467748,0.13990731402287063,0.13668312835377405,1,1,245,148,125,125
WIN_20260414_20_41_42_Pro,444,15.058369506726457,0.15511634749731662,0.13345894268467748,0.14428764509099706,1,1,245,148,125,125
WIN_20260414_20_41_42_Pro,445,15.092284753363229,0.12456822054077103,0.1338361212611483,0.12920217090095967,1,1,245,148,125,125
WIN_20260414_20_41_42_Pro,446,15.1262,0.13345894268467748,0.1394766078968045,0.136467775290741,1,1,245,148,125,125
WIN_20260414_20_41_42_Pro,447,15.16011524663677,0.13345894268467748,0.14314959117243284,0.13830426692855516,1,1,245,148,125,125
WIN_20260414_20_41_42_Pro,448,15.194030493273543,0.12994442887583477,0.1362229885127156,0.1330837086942752,1,1,245,148,125,125
WIN_20260414_20_41_42_Pro,449,15.227945739910314,0.13345894268467748,0.11887880540383475,0.1261688740442561,1,1,245,148,125,125
WIN_20260414_20_41_42_Pro,450,15.261860986547086,0.12793732789705356,0.1394766078968045,0.13370696789692904,1,1,245,148,125,125
WIN_20260414_20_41_42_Pro,451,15.295776233183856,0.13345894268467748,0.13990731402287063,0.13668312835377405,1,1,245,148,125,125
WIN_20260414_20_41_42_Pro,452,15.329691479820628,0.13345894268467748,0.13345894268467748,0.13345894268467748,1,1,245,148,125,125
WIN_20260414_20_41_42_Pro,453,15.3636067264574,0.13345894268467748,0.1338361212611483,0.1336475319729129,1,1,245,148,125,125
WIN_20260414_20_41_42_Pro,454,15.39752197309417,0.12994442887583477,0.1394766078968045,0.13471051838631964,1,1,245,148,125,125
WIN_20260414_20_41_42_Pro,455,15.431437219730942,0.1394766078968045,0.15041421093753118,0.14494540941716783,1,1,245,148,125,125
WIN_20260414_20_41_42_Pro,456,15.465352466367714,0.12994442887583477,0.11351915709392967,0.12173179298488221,1,1,245,148,125,125
WIN_20260414_20_41_42_Pro,457,15.499267713004485,0.1313064352533361,0.12218581903660021,0.12674612714496816,1,1,245,148,125,125
WIN_20260414_20_41_42_Pro,458,15.533182959641255,0.13697345649352022,0.13345894268467748,0.13521619958909886,1,1,245,148,125,125
WIN_20260414_20_41_42_Pro,459,15.567098206278027,0.13345894268467748,0.13580362462117615,0.13463128365292681,1,1,245,148,125,125
WIN_20260414_20_41_42_Pro,460,15.601013452914799,0.12456822054077103,0.1394766078968045,0.13202241421878777,1,1,245,148,125,125
WIN_20260414_20_41_42_Pro,461,15.634928699551569,0.13345894268467748,0.1362229885127156,0.13484096559869654,1,1,245,148,125,125
WIN_20260414_20_41_42_Pro,462,15.66884394618834,0.14532959063089954,0.1547039684951536,0.15001677956302656,1,1,245,148,125,125
WIN_20260414_20_41_42_Pro,463,15.702759192825113,0.13345894268467748,0.1362229885127156,0.13484096559869654,1,1,245,148,125,125
WIN_20260414_20_41_42_Pro,464,15.736674439461884,0.15511634749731662,0.13580362462117615,0.14545998605924637,1,1,245,148,125,125
WIN_20260414_20_41_42_Pro,465,15.770589686098655,0.13345894268467748,0.13990731402287063,0.13668312835377405,1,1,245,148,125,125
WIN_20260414_20_41_42_Pro,466,15.804504932735426,0.15511634749731662,0.13580362462117615,0.14545998605924637,1,1,245,148,125,125
WIN_20260414_20_41_42_Pro,467,15.838420179372198,0.13345894268467748,0.15041421093753118,0.14193657681110433,1,1,245,148,125,125
WIN_20260414_20_41_42_Pro,468,15.872335426008968,0.12994442887583477,0.1279530700956892,0.128948749485762,1,1,245,148,125,125
WIN_20260414_20_41_42_Pro,469,15.90625067264574,0.1338361212611483,0.14655482945648382,0.14019547535881605,1,1,245,148,125,125
WIN_20260414_20_41_42_Pro,470,15.940165919282512,0.14532959063089954,0.13749033471812372,0.1414099626745116,1,1,245,148,125,125
WIN_20260414_20_41_42_Pro,471,15.974081165919284,0.13345894268467748,0.1394766078968045,0.136467775290741,1,1,245,148,125,125
WIN_20260414_20_41_42_Pro,472,16.007996412556054,0.13345894268467748,0.14605999556775864,0.13975946912621806,1,1,245,148,125,125
WIN_20260414_20_41_42_Pro,473,16.041911659192824,0.13345894268467748,0.15041421093753118,0.14193657681110433,1,1,245,148,125,125
WIN_20260414_20_41_42_Pro,474,16.075826905829597,0.12994442887583477,0.1279530700956892,0.128948749485762,1,1,245,148,125,125
WIN_20260414_20_41_42_Pro,475,16.109742152466367,0.11372013197828404,0.11720348260408471,0.11546180729118438,1,1,245,148,125,125
WIN_20260414_20_41_42_Pro,476,16.14365739910314,0.13697345649352022,0.1394766078968045,0.13822503219516236,1,1,245,148,125,125
WIN_20260414_20_41_42_Pro,477,16.17757264573991,0.1338361212611483,0.15041421093753118,0.14212516609933973,1,1,245,148,125,125
WIN_20260414_20_41_42_Pro,478,16.21148789237668,0.13345894268467748,0.14990634607088857,0.14168264437778302,1,1,245,148,125,125
WIN_20260414_20_41_42_Pro,479,16.245403139013455,0.13345894268467748,0.14655482945648382,0.14000688607058065,1,1,245,148,125,125
WIN_20260414_20_41_42_Pro,480,16.279318385650225,0.13345894268467748,0.11351915709392967,0.12348904988930356,1,1,245,148,125,125
WIN_20260414_20_41_42_Pro,481,16.313233632286995,0.12994442887583477,0.14605999556775864,0.1380022122217967,1,1,245,148,125,125
WIN_20260414_20_41_42_Pro,482,16.347148878923768,0.1362229885127156,0.11351915709392967,0.12487107280332263,1,1,245,148,125,125
WIN_20260414_20_41_42_Pro,483,16.38106412556054,0.14314959117243284,0.1492555839035997,0.14620258753801627,1,1,245,148,125,125
WIN_20260414_20_41_42_Pro,484,16.41497937219731,0.1338361212611483,0.14655482945648382,0.14019547535881605,1,1,245,148,125,125
WIN_20260414_20_41_42_Pro,485,16.448894618834082,0.1759253847117281,0.15892681993150154,0.1674261023216148,1,1,245,148,125,125
WIN_20260414_20_41_42_Pro,486,16.482809865470852,0.21718612469113546,0.1931883636633497,0.2051872441772426,1,1,245,148,125,125
WIN_20260414_20_41_42_Pro,487,16.516725112107622,0.238904737160249,0.238904737160249,0.238904737160249,1,1,245,148,125,125
WIN_20260414_20_41_42_Pro,488,16.550640358744396,0.26062334962936257,0.21933669143437756,0.23998002053187006,1,1,245,148,125,125
WIN_20260414_20_41_42_Pro,489,16.584555605381166,0.2608695652173913,0.2608695652173913,0.2608695652173913,1,1,245,148,125,125
WIN_20260414_20_41_42_Pro,490,16.61847085201794,0.2823419620984761,0.2727272727272727,0.27753461741287444,1,1,245,148,125,125
WIN_20260414_20_41_42_Pro,491,16.65238609865471,0.2823419620984761,0.2626687547434931,0.2725053584209846,1,1,245,148,125,125
WIN_20260414_20_41_42_Pro,492,16.68630134529148,0.26062334962936257,0.2391304347826087,0.24987689220598563,1,1,245,148,125,125
WIN_20260414_20_41_42_Pro,493,16.720216591928253,0.2826086956521739,0.2826086956521739,0.2826086956521739,1,1,245,148,125,125
WIN_20260414_20_41_42_Pro,494,16.754131838565023,0.28154626256430865,0.2826086956521739,0.28207747910824127,1,1,245,148,125,125
WIN_20260414_20_41_42_Pro,495,16.788047085201793,0.2624208410328536,0.2727272727272727,0.2675740568800632,1,1,245,148,125,125
WIN_20260414_20_41_42_Pro,496,16.821962331838566,0.2841394535019672,0.2826086956521739,0.28337407457707053,1,1,245,148,125,125
WIN_20260414_20_41_42_Pro,497,16.855877578475337,0.3040605745675896,0.28440788517827575,0.2942342298729327,1,1,245,148,125,125
WIN_20260414_20_41_42_Pro,498,16.889792825112107,0.30434782608695654,0.2608695652173913,0.28260869565217395,1,1,245,148,125,125
WIN_20260414_20_41_42_Pro,499,16.92370807174888,0.2823419620984761,0.2727272727272727,0.27753461741287444,1,1,245,148,125,125
WIN_20260414_20_41_42_Pro,500,16.95762331838565,0.2823419620984761,0.2626687547434931,0.2725053584209846,1,1,245,148,125,125
WIN_20260414_20_41_42_Pro,501,16.99153856502242,0.28154626256430865,0.2826086956521739,0.28207747910824127,1,1,245,148,125,125
WIN_20260414_20_41_42_Pro,502,17.025453811659194,0.2914138113663596,0.2826086956521739,0.2870112535092667,1,1,245,148,125,125
WIN_20260414_20_41_42_Pro,503,17.059369058295964,0.2838854563241673,0.2727272727272727,0.27830636452572,1,1,245,148,125,125
WIN_20260414_20_41_42_Pro,504,17.093284304932737,0.3040605745675896,0.2826086956521739,0.2933346351098818,1,1,245,148,125,125
WIN_20260414_20_41_42_Pro,505,17.127199551569507,0.2914138113663596,0.2708333333333333,0.2811235723498464,1,1,245,148,125,125
WIN_20260414_20_41_42_Pro,506,17.161114798206277,0.2914138113663596,0.2841394535019672,0.2877766324341634,1,1,245,148,125,125
WIN_20260414_20_41_42_Pro,507,17.19503004484305,0.3040605745675896,0.30434782608695654,0.3042042003272731,1,1,245,148,125,125
WIN_20260414_20_41_42_Pro,508,17.22894529147982,0.30434782608695654,0.2826086956521739,0.2934782608695652,1,1,245,148,125,125
WIN_20260414_20_41_42_Pro,509,17.26286053811659,0.3040605745675896,0.2608695652173913,0.28246506989249043,1,1,245,148,125,125
WIN_20260414_20_41_42_Pro,510,17.296775784753365,0.2823419620984761,0.2826086956521739,0.282475328875325,1,1,245,148,125,125
WIN_20260414_20_41_42_Pro,511,17.330691031390135,0.2823419620984761,0.2826086956521739,0.282475328875325,1,1,245,148,125,125
WIN_20260414_20_41_42_Pro,512,17.364606278026905,0.2841394535019672,0.2826086956521739,0.28337407457707053,1,1,245,148,125,125
WIN_20260414_20_41_42_Pro,513,17.39852152466368,0.294241186679215,0.29545454545454547,0.29484786606688024,1,1,245,148,125,125
WIN_20260414_20_41_42_Pro,514,17.43243677130045,0.28333868825577524,0.2826086956521739,0.2829736919539746,1,1,245,148,125,125
WIN_20260414_20_41_42_Pro,515,17.46635201793722,0.3040605745675896,0.28440788517827575,0.2942342298729327,1,1,245,148,125,125
WIN_20260414_20_41_42_Pro,516,17.500267264573992,0.2823419620984761,0.2826086956521739,0.282475328875325,1,1,245,148,125,125
WIN_20260414_20_41_42_Pro,517,17.534182511210762,0.3040605745675896,0.2973355163227428,0.3006980454451662,1,1,245,148,125,125
WIN_20260414_20_41_42_Pro,518,17.568097757847536,0.30434782608695654,0.2973355163227428,0.30084167120484967,1,1,245,148,125,125
WIN_20260414_20_41_42_Pro,519,17.602013004484306,0.3194671514418757,0.2826086956521739,0.3010379235470248,1,1,245,148,125,125
WIN_20260414_20_41_42_Pro,520,17.635928251121076,0.3040605745675896,0.2608695652173913,0.28246506989249043,1,1,245,148,125,125
WIN_20260414_20_41_42_Pro,521,17.66984349775785,0.30434782608695654,0.2823419620984761,0.29334489409271636,1,1,245,148,125,125
WIN_20260414_20_41_42_Pro,522,17.70375874439462,0.3056040687932808,0.2826086956521739,0.29410638222272734,1,1,245,148,125,125
WIN_20260414_20_41_42_Pro,523,17.73767399103139,0.30434782608695654,0.30434782608695654,0.30434782608695654,1,1,245,148,125,125
WIN_20260414_20_41_42_Pro,524,17.771589237668163,0.2823419620984761,0.2826086956521739,0.282475328875325,1,1,245,148,125,125
WIN_20260414_20_41_42_Pro,525,17.805504484304933,0.30434782608695654,0.2826086956521739,0.2934782608695652,1,1,245,148,125,125
WIN_20260414_20_41_42_Pro,526,17.839419730941703,0.2823419620984761,0.2826086956521739,0.282475328875325,1,1,245,148,125,125
WIN_20260414_20_41_42_Pro,527,17.873334977578477,0.3040605745675896,0.30434782608695654,0.3042042003272731,1,1,245,148,125,125
WIN_20260414_20_41_42_Pro,528,17.907250224215247,0.3040605745675896,0.2608695652173913,0.28246506989249043,1,1,245,148,125,125
WIN_20260414_20_41_42_Pro,529,17.941165470852017,0.2823419620984761,0.3040605745675896,0.29320126833303284,1,1,245,148,125,125
WIN_20260414_20_41_42_Pro,530,17.97508071748879,0.30434782608695654,0.284153648044752,0.29425073706585425,1,1,245,148,125,125
WIN_20260414_20_41_42_Pro,531,18.00899596412556,0.2823419620984761,0.2608695652173913,0.2716057636579337,1,1,245,148,125,125
WIN_20260414_20_41_42_Pro,532,18.042911210762334,0.2823419620984761,0.3040605745675896,0.29320126833303284,1,1,245,148,125,125
WIN_20260414_20_41_42_Pro,533,18.076826457399104,0.2826086956521739,0.2608695652173913,0.2717391304347826,1,1,245,148,125,125
WIN_20260414_20_41_42_Pro,534,18.110741704035874,0.2841394535019672,0.2708333333333333,0.27748639341765025,1,1,245,148,125,125
WIN_20260414_20_41_42_Pro,535,18.144656950672648,0.284153648044752,0.2608695652173913,0.27251160663107166,1,1,245,148,125,125
WIN_20260414_20_41_42_Pro,536,18.178572197309418,0.2823419620984761,0.2626687547434931,0.2725053584209846,1,1,245,148,125,125
WIN_20260414_20_41_42_Pro,537,18.212487443946188,0.1889081118663905,0.20454545454545456,0.19672678320592252,1,1,245,148,125,125
WIN_20260414_20_41_42_Pro,538,18.24640269058296,0.15160183368847388,0.16172178703985582,0.15666181036416485,1,1,245,148,125,125
WIN_20260414_20_41_42_Pro,539,18.28031793721973,0.17325923850111302,0.1590909090909091,0.16617507379601104,1,1,245,148,125,125
WIN_20260414_20_41_42_Pro,540,18.3142331838565,0.17120263949065329,0.17391304347826086,0.17255784148445708,1,1,245,148,125,125
WIN_20260414_20_41_42_Pro,541,18.348148430493275,0.2382314529390304,0.25,0.24411572646951518,1,1,245,148,125,125
WIN_20260414_20_41_42_Pro,542,18.382063677130045,0.2823419620984761,0.2727272727272727,0.27753461741287444,1,1,245,148,125,125
WIN_20260414_20_41_42_Pro,543,18.415978923766815,0.25988885775166953,0.2608695652173913,0.2603792114845304,1,1,245,148,125,125
WIN_20260414_20_41_42_Pro,544,18.44989417040359,0.2823419620984761,0.30434782608695654,0.29334489409271636,1,1,245,148,125,125
WIN_20260414_20_41_42_Pro,545,18.48380941704036,0.30434782608695654,0.2826086956521739,0.2934782608695652,1,1,245,148,125,125
WIN_20260414_20_41_42_Pro,546,18.51772466367713,0.2823419620984761,0.2608695652173913,0.2716057636579337,1,1,245,148,125,125
WIN_20260414_20_41_42_Pro,547,18.551639910313902,0.29676332002308975,0.29545454545454547,0.2961089327388176,1,1,245,148,125,125
WIN_20260414_20_41_42_Pro,548,18.585555156950672,0.2823419620984761,0.2826086956521739,0.282475328875325,1,1,245,148,125,125
WIN_20260414_20_41_42_Pro,549,18.619470403587446,0.2823419620984761,0.2973355163227428,0.28983873921060943,1,1,245,148,125,125
WIN_20260414_20_41_42_Pro,550,18.653385650224216,0.2823419620984761,0.2826086956521739,0.282475328875325,1,1,245,148,125,125
WIN_20260414_20_41_42_Pro,551,18.687300896860986,0.30434782608695654,0.2826086956521739,0.2934782608695652,1,1,245,148,125,125
WIN_20260414_20_41_42_Pro,552,18.72121614349776,0.3040605745675896,0.2608695652173913,0.28246506989249043,1,1,245,148,125,125
WIN_20260414_20_41_42_Pro,553,18.75513139013453,0.3040605745675896,0.2826086956521739,0.2933346351098818,1,1,245,148,125,125
WIN_20260414_20_41_42_Pro,554,18.7890466367713,0.284153648044752,0.2608695652173913,0.27251160663107166,1,1,245,148,125,125
WIN_20260414_20_41_42_Pro,555,18.822961883408073,0.2823419620984761,0.29545454545454547,0.2888982537765108,1,1,245,148,125,125
WIN_20260414_20_41_42_Pro,556,18.856877130044843,0.26062334962936257,0.2608695652173913,0.26074645742337693,1,1,245,148,125,125
WIN_20260414_20_41_42_Pro,557,18.890792376681613,0.31222908360681384,0.3040605745675896,0.30814482908720175,1,1,245,148,125,125
WIN_20260414_20_41_42_Pro,558,18.924707623318387,0.3040605745675896,0.29545454545454547,0.29975756001106757,1,1,245,148,125,125
WIN_20260414_20_41_42_Pro,559,18.958622869955157,0.2916666666666667,0.29545454545454547,0.2935606060606061,1,1,245,148,125,125
WIN_20260414_20_41_42_Pro,560,18.992538116591927,0.2916666666666667,0.2725575566291809,0.2821121116479238,1,1,245,148,125,125
WIN_20260414_20_41_42_Pro,561,19.0264533632287,0.30434782608695654,0.2608695652173913,0.28260869565217395,1,1,245,148,125,125
WIN_20260414_20_41_42_Pro,562,19.06036860986547,0.3040605745675896,0.30434782608695654,0.3042042003272731,1,1,245,148,125,125
WIN_20260414_20_41_42_Pro,563,19.094283856502244,0.2823419620984761,0.2826086956521739,0.282475328875325,1,1,245,148,125,125
WIN_20260414_20_41_42_Pro,564,19.128199103139014,0.2841394535019672,0.2826086956521739,0.28337407457707053,1,1,245,148,125,125
WIN_20260414_20_41_42_Pro,565,19.162114349775784,0.2705985391259053,0.2826086956521739,0.2766036173890396,1,1,245,148,125,125
WIN_20260414_20_41_42_Pro,566,19.196029596412558,0.2841394535019672,0.3040605745675896,0.29410001403477837,1,1,245,148,125,125
WIN_20260414_20_41_42_Pro,567,19.229944843049328,0.2823419620984761,0.2826086956521739,0.282475328875325,1,1,245,148,125,125
WIN_20260414_20_41_42_Pro,568,19.263860089686098,0.30434782608695654,0.2826086956521739,0.2934782608695652,1,1,245,148,125,125
WIN_20260414_20_41_42_Pro,569,19.29777533632287,0.30434782608695654,0.2826086956521739,0.2934782608695652,1,1,245,148,125,125
WIN_20260414_20_41_42_Pro,570,19.33169058295964,0.30434782608695654,0.3040605745675896,0.3042042003272731,1,1,245,148,125,125
WIN_20260414_20_41_42_Pro,571,19.36560582959641,0.2823419620984761,0.2727272727272727,0.27753461741287444,1,1,245,148,125,125
WIN_20260414_20_41_42_Pro,572,19.399521076233185,0.2705985391259053,0.2826086956521739,0.2766036173890396,1,1,245,148,125,125
WIN_20260414_20_41_42_Pro,573,19.433436322869955,0.2823419620984761,0.30434782608695654,0.29334489409271636,1,1,245,148,125,125
WIN_20260414_20_41_42_Pro,574,19.467351569506725,0.30434782608695654,0.26062334962936257,0.2824855878581596,1,1,245,148,125,125
WIN_20260414_20_41_42_Pro,575,19.5012668161435,0.3040605745675896,0.2826086956521739,0.2933346351098818,1,1,245,148,125,125
WIN_20260414_20_41_42_Pro,576,19.53518206278027,0.2705985391259053,0.2826086956521739,0.2766036173890396,1,1,245,148,125,125
WIN_20260414_20_41_42_Pro,577,19.569097309417042,0.26062334962936257,0.2608695652173913,0.26074645742337693,1,1,245,148,125,125
WIN_20260414_20_41_42_Pro,578,19.603012556053812,0.2823419620984761,0.29545454545454547,0.2888982537765108,1,1,245,148,125,125
WIN_20260414_20_41_42_Pro,579,19.636927802690582,0.2841394535019672,0.2608695652173913,0.27250450935967924,1,1,245,148,125,125
WIN_20260414_20_41_42_Pro,580,19.670843049327356,0.3040605745675896,0.2826086956521739,0.2933346351098818,1,1,245,148,125,125
WIN_20260414_20_41_42_Pro,581,19.704758295964126,0.3040605745675896,0.2826086956521739,0.2933346351098818,1,1,245,148,125,125
WIN_20260414_20_41_42_Pro,582,19.738673542600896,0.2823419620984761,0.2608695652173913,0.2716057636579337,1,1,245,148,125,125
WIN_20260414_20_41_42_Pro,583,19.77258878923767,0.2823419620984761,0.2626687547434931,0.2725053584209846,1,1,245,148,125,125
WIN_20260414_20_41_42_Pro,584,19.80650403587444,0.26062334962936257,0.2608695652173913,0.26074645742337693,1,1,245,148,125,125
WIN_20260414_20_41_42_Pro,585,19.84041928251121,0.2823419620984761,0.2626687547434931,0.2725053584209846,1,1,245,148,125,125
WIN_20260414_20_41_42_Pro,586,19.874334529147983,0.30434782608695654,0.2826086956521739,0.2934782608695652,1,1,245,148,125,125
WIN_20260414_20_41_42_Pro,587,19.908249775784753,0.2841394535019672,0.2826086956521739,0.28337407457707053,1,1,245,148,125,125
WIN_20260414_20_41_42_Pro,588,19.942165022421523,0.2841394535019672,0.2826086956521739,0.28337407457707053,1,1,245,148,125,125
WIN_20260414_20_41_42_Pro,589,19.976080269058297,0.28154626256430865,0.2626687547434931,0.2721075086539009,1,1,245,148,125,125
WIN_20260414_20_41_42_Pro,590,20.009995515695067,0.2720778349398078,0.2727272727272727,0.2724025538335403,1,1,245,148,125,125
WIN_20260414_20_41_42_Pro,591,20.04391076233184,0.2916666666666667,0.2951498084442171,0.2934082375554419,1,1,245,148,125,125
WIN_20260414_20_41_42_Pro,592,20.07782600896861,0.2823419620984761,0.2746082435954701,0.2784751028469731,1,1,245,148,125,125
WIN_20260414_20_41_42_Pro,593,20.11174125560538,0.284153648044752,0.2823419620984761,0.28324780507161407,1,1,245,148,125,125
WIN_20260414_20_41_42_Pro,594,20.145656502242154,0.284153648044752,0.2951498084442171,0.2896517282444846,1,1,245,148,125,125
WIN_20260414_20_41_42_Pro,595,20.179571748878924,0.2823419620984761,0.2973355163227428,0.28983873921060943,1,1,245,148,125,125
WIN_20260414_20_41_42_Pro,596,20.213486995515694,0.284153648044752,0.2823419620984761,0.28324780507161407,1,1,245,148,125,125
WIN_20260414_20_41_42_Pro,597,20.247402242152468,0.2916666666666667,0.2705985391259053,0.281132602896286,1,1,245,148,125,125
WIN_20260414_20_41_42_Pro,598,20.281317488789238,0.2823419620984761,0.2705985391259053,0.2764702506121907,1,1,245,148,125,125
WIN_20260414_20_41_42_Pro,599,20.315232735426008,0.2823419620984761,0.2914138113663596,0.2868778867324179,1,1,245,148,125,125
WIN_20260414_20_41_42_Pro,600,20.34914798206278,0.2838854563241673,0.2970288392460059,0.2904571477850866,1,1,245,148,125,125
WIN_20260414_20_41_42_Pro,601,20.38306322869955,0.2823419620984761,0.29545454545454547,0.2888982537765108,1,1,245,148,125,125
WIN_20260414_20_41_42_Pro,602,20.41697847533632,0.2914138113663596,0.3040605745675896,0.2977371929669746,1,1,245,148,125,125
WIN_20260414_20_41_42_Pro,603,20.450893721973095,0.30434782608695654,0.28440788517827575,0.29437785563261615,1,1,245,148,125,125
WIN_20260414_20_41_42_Pro,604,20.484808968609865,0.30589277847953467,0.3040605745675896,0.30497667652356214,1,1,245,148,125,125
WIN_20260414_20_41_42_Pro,605,20.51872421524664,0.2705985391259053,0.2608695652173913,0.2657340521716483,1,1,245,148,125,125
WIN_20260414_20_41_42_Pro,606,20.55263946188341,0.3040605745675896,0.2970288392460059,0.3005447069067978,1,1,245,148,125,125
WIN_20260414_20_41_42_Pro,607,20.58655470852018,0.30434782608695654,0.2823419620984761,0.29334489409271636,1,1,245,148,125,125
WIN_20260414_20_41_42_Pro,608,20.620469955156953,0.3040605745675896,0.2826086956521739,0.2933346351098818,1,1,245,148,125,125
WIN_20260414_20_41_42_Pro,609,20.654385201793723,0.29289310718026207,0.3040605745675896,0.29847684087392584,1,1,245,148,125,125
WIN_20260414_20_41_42_Pro,610,20.688300448430493,0.3040605745675896,0.2823419620984761,0.29320126833303284,1,1,245,148,125,125
WIN_20260414_20_41_42_Pro,611,20.722215695067266,0.3040605745675896,0.2826086956521739,0.2933346351098818,1,1,245,148,125,125
WIN_20260414_20_41_42_Pro,612,20.756130941704036,0.3040605745675896,0.3040605745675896,0.3040605745675896,1,1,245,148,125,125
WIN_20260414_20_41_42_Pro,613,20.790046188340806,0.2841394535019672,0.2838854563241673,0.28401245491306726,1,1,245,148,125,125
WIN_20260414_20_41_42_Pro,614,20.82396143497758,0.2823419620984761,0.26062334962936257,0.27148265586391934,1,1,245,148,125,125
WIN_20260414_20_41_42_Pro,615,20.85787668161435,0.284153648044752,0.2608695652173913,0.27251160663107166,1,1,245,148,125,125
WIN_20260414_20_41_42_Pro,616,20.89179192825112,0.2823419620984761,0.2838854563241673,0.28311370921132173,1,1,245,148,125,125
WIN_20260414_20_41_42_Pro,617,20.925707174887894,0.2826086956521739,0.28440788517827575,0.28350829041522485,1,1,245,148,125,125
WIN_20260414_20_41_42_Pro,618,20.959622421524664,0.3040605745675896,0.2705985391259053,0.28732955684674744,1,1,245,148,125,125
WIN_20260414_20_41_42_Pro,619,20.993537668161434,0.2826086956521739,0.2841394535019672,0.28337407457707053,1,1,245,148,125,125
WIN_20260414_20_41_42_Pro,620,21.027452914798207,0.3040605745675896,0.25,0.2770302872837948,1,1,245,148,125,125
WIN_20260414_20_41_42_Pro,621,21.061368161434977,0.2826086956521739,0.2725575566291809,0.27758312614067737,1,1,245,148,125,125
WIN_20260414_20_41_42_Pro,622,21.09528340807175,0.3040605745675896,0.26062334962936257,0.28234196209847606,1,1,245,148,125,125
WIN_20260414_20_41_42_Pro,623,21.12919865470852,0.3040605745675896,0.2608695652173913,0.28246506989249043,1,1,245,148,125,125
WIN_20260414_20_41_42_Pro,624,21.16311390134529,0.2823419620984761,0.2826086956521739,0.282475328875325,1,1,245,148,125,125
WIN_20260414_20_41_42_Pro,625,21.197029147982065,0.2826086956521739,0.2823419620984761,0.282475328875325,1,1,245,148,125,125
WIN_20260414_20_41_42_Pro,626,21.230944394618835,0.26062334962936257,0.2823419620984761,0.27148265586391934,1,1,245,148,125,125
WIN_20260414_20_41_42_Pro,627,21.264859641255605,0.2823419620984761,0.2626687547434931,0.2725053584209846,1,1,245,148,125,125
WIN_20260414_20_41_42_Pro,628,21.298774887892378,0.3040605745675896,0.3040605745675896,0.3040605745675896,1,1,245,148,125,125
WIN_20260414_20_41_42_Pro,629,21.332690134529148,0.26062334962936257,0.2391304347826087,0.24987689220598563,1,1,245,148,125,125
WIN_20260414_20_41_42_Pro,630,21.36660538116592,0.18107149949490153,0.1590909090909091,0.1700812042929053,1,1,245,148,125,125
WIN_20260414_20_41_42_Pro,631,21.400520627802692,0.1759253847117281,0.19633835837954566,0.18613187154563687,1,1,245,148,125,125
WIN_20260414_20_41_42_Pro,632,21.434435874439462,0.1759253847117281,0.20712944987742768,0.1915274172945779,1,1,245,148,125,125
WIN_20260414_20_41_42_Pro,633,21.468351121076232,0.20815272240454255,0.21739130434782608,0.21277201337618432,1,1,245,148,125,125
WIN_20260414_20_41_42_Pro,634,21.502266367713005,0.24978326688545105,0.21739130434782608,0.23358728561663855,1,1,245,148,125,125
WIN_20260414_20_41_42_Pro,635,21.536181614349776,0.26062334962936257,0.2608695652173913,0.26074645742337693,1,1,245,148,125,125
WIN_20260414_20_41_42_Pro,636,21.57009686098655,0.2823419620984761,0.26062334962936257,0.27148265586391934,1,1,245,148,125,125
WIN_20260414_20_41_42_Pro,637,21.60401210762332,0.28154626256430865,0.3056040687932808,0.2935751656787947,1,1,245,148,125,125
WIN_20260414_20_41_42_Pro,638,21.63792735426009,0.2838854563241673,0.2517242232958476,0.26780483981000747,1,1,245,148,125,125
WIN_20260414_20_41_42_Pro,639,21.671842600896863,0.2914138113663596,0.2608695652173913,0.27614168829187546,1,1,245,148,125,125
WIN_20260414_20_41_42_Pro,640,21.705757847533633,0.29289310718026207,0.2826086956521739,0.28775090141621795,1,1,245,148,125,125
WIN_20260414_20_41_42_Pro,641,21.739673094170403,0.2823419620984761,0.3040605745675896,0.29320126833303284,1,1,245,148,125,125
WIN_20260414_20_41_42_Pro,642,21.773588340807176,0.26989781117167055,0.2608695652173913,0.26538368819453095,1,1,245,148,125,125
WIN_20260414_20_41_42_Pro,643,21.807503587443946,0.3040605745675896,0.3040605745675896,0.3040605745675896,1,1,245,148,125,125
WIN_20260414_20_41_42_Pro,644,21.841418834080716,0.30434782608695654,0.30589277847953467,0.3051203022832456,1,1,245,148,125,125
WIN_20260414_20_41_42_Pro,645,21.87533408071749,0.2826086956521739,0.29545454545454547,0.2890316205533597,1,1,245,148,125,125
WIN_20260414_20_41_42_Pro,646,21.90924932735426,0.2823419620984761,0.29545454545454547,0.2888982537765108,1,1,245,148,125,125
WIN_20260414_20_41_42_Pro,647,21.94316457399103,0.2826086956521739,0.2826086956521739,0.2826086956521739,1,1,245,148,125,125
WIN_20260414_20_41_42_Pro,648,21.977079820627804,0.2823419620984761,0.2626687547434931,0.2725053584209846,1,1,245,148,125,125
WIN_20260414_20_41_42_Pro,649,22.010995067264574,0.2823419620984761,0.2826086956521739,0.282475328875325,1,1,245,148,125,125
WIN_20260414_20_41_42_Pro,650,22.044910313901347,0.2823419620984761,0.2608695652173913,0.2716057636579337,1,1,245,148,125,125
WIN_20260414_20_41_42_Pro,651,22.078825560538117,0.2914138113663596,0.30434782608695654,0.29788081872665806,1,1,245,148,125,125
WIN_20260414_20_41_42_Pro,652,22.112740807174887,0.2823419620984761,0.2608695652173913,0.2716057636579337,1,1,245,148,125,125
WIN_20260414_20_41_42_Pro,653,22.14665605381166,0.284153648044752,0.284153648044752,0.284153648044752,1,1,245,148,125,125
WIN_20260414_20_41_42_Pro,654,22.18057130044843,0.2705985391259053,0.2608695652173913,0.2657340521716483,1,1,245,148,125,125
WIN_20260414_20_41_42_Pro,655,22.2144865470852,0.2914138113663596,0.2823419620984761,0.2868778867324179,1,1,245,148,125,125
WIN_20260414_20_41_42_Pro,656,22.248401793721975,0.2823419620984761,0.2626687547434931,0.2725053584209846,1,1,245,148,125,125
WIN_20260414_20_41_42_Pro,657,22.282317040358745,0.3040605745675896,0.2826086956521739,0.2933346351098818,1,1,245,148,125,125
WIN_20260414_20_41_42_Pro,658,22.316232286995515,0.2725575566291809,0.2608695652173913,0.26671356092328613,1,1,245,148,125,125
WIN_20260414_20_41_42_Pro,659,22.35014753363229,0.2723212676366125,0.2608695652173913,0.2665954164270019,1,1,245,148,125,125
WIN_20260414_20_41_42_Pro,660,22.38406278026906,0.30434782608695654,0.2725575566291809,0.2884526913580687,1,1,245,148,125,125
WIN_20260414_20_41_42_Pro,661,22.41797802690583,0.26989781117167055,0.2931472460428874,0.281522528607279,1,1,245,148,125,125
WIN_20260414_20_41_42_Pro,662,22.451893273542602,0.2720778349398078,0.3040605745675896,0.2880692047536987,1,1,245,148,125,125
WIN_20260414_20_41_42_Pro,663,22.485808520179372,0.2705985391259053,0.2608695652173913,0.2657340521716483,1,1,245,148,125,125
WIN_20260414_20_41_42_Pro,664,22.519723766816146,0.2823419620984761,0.25,0.2661709810492381,1,1,245,148,125,125
WIN_20260414_20_41_42_Pro,665,22.553639013452916,0.2823419620984761,0.2608695652173913,0.2716057636579337,1,1,245,148,125,125
WIN_20260414_20_41_42_Pro,666,22.587554260089686,0.28154626256430865,0.2826086956521739,0.28207747910824127,1,1,245,148,125,125
WIN_20260414_20_41_42_Pro,667,22.62146950672646,0.30434782608695654,0.2973355163227428,0.30084167120484967,1,1,245,148,125,125
WIN_20260414_20_41_42_Pro,668,22.65538475336323,0.2723212676366125,0.2608695652173913,0.2665954164270019,1,1,245,148,125,125
WIN_20260414_20_42_23_Pro,0,0.0,0.30434782608695654,0.2838854563241673,0.2941166412055619,1,1,245,148,125,125
WIN_20260414_20_42_23_Pro,1,0.033921079958463135,0.2916666666666667,0.3181818181818182,0.30492424242424243,1,1,245,148,125,125
WIN_20260414_20_42_23_Pro,2,0.06784215991692627,0.2916666666666667,0.3040605745675896,0.2978636206171281,1,1,245,148,125,125
WIN_20260414_20_42_23_Pro,3,0.1017632398753894,0.2708333333333333,0.2970288392460059,0.2839310862896696,1,1,245,148,125,125
WIN_20260414_20_42_23_Pro,4,0.13568431983385254,0.30434782608695654,0.3181818181818182,0.31126482213438733,1,1,245,148,125,125
WIN_20260414_20_42_23_Pro,5,0.16960539979231568,0.30434782608695654,0.3056040687932808,0.3049759474401187,1,1,245,148,125,125
WIN_20260414_20_42_23_Pro,6,0.2035264797507788,0.30434782608695654,0.2823419620984761,0.29334489409271636,1,1,245,148,125,125
WIN_20260414_20_42_23_Pro,7,0.23744755970924195,0.2826086956521739,0.2838854563241673,0.28324707598817056,1,1,245,148,125,125
WIN_20260414_20_42_23_Pro,8,0.2713686396677051,0.30434782608695654,0.29545454545454547,0.299901185770751,1,1,245,148,125,125
WIN_20260414_20_42_23_Pro,9,0.30528971962616824,0.28440788517827575,0.2951498084442171,0.28977884681124644,1,1,245,148,125,125
WIN_20260414_20_42_23_Pro,10,0.33921079958463135,0.30589277847953467,0.30714756301897195,0.3065201707492533,1,1,245,148,125,125
WIN_20260414_20_42_23_Pro,11,0.3731318795430945,0.30434782608695654,0.3178536398630031,0.3111007329749798,1,1,245,148,125,125
WIN_20260414_20_42_23_Pro,12,0.4070529595015576,0.2826086956521739,0.2823419620984761,0.282475328875325,1,1,245,148,125,125
WIN_20260414_20_42_23_Pro,13,0.4409740394600208,0.2826086956521739,0.29545454545454547,0.2890316205533597,1,1,245,148,125,125
WIN_20260414_20_42_23_Pro,14,0.4748951194184839,0.2708333333333333,0.3178536398630031,0.2943434865981682,1,1,245,148,125,125
WIN_20260414_20_42_23_Pro,15,0.5088161993769471,0.2826086956521739,0.3214121731844815,0.3020104344183277,1,1,245,148,125,125
WIN_20260414_20_42_23_Pro,16,0.5427372793354102,0.284153648044752,0.3062819560401212,0.29521780204243664,1,1,245,148,125,125
WIN_20260414_20_42_23_Pro,17,0.5766583592938733,0.2826086956521739,0.3074377308721128,0.2950232132621433,1,1,245,148,125,125
WIN_20260414_20_42_23_Pro,18,0.6105794392523365,0.2826086956521739,0.26421833243634474,0.2734135140442593,1,1,245,148,125,125
WIN_20260414_20_42_23_Pro,19,0.6445005192107996,0.284153648044752,0.3056040687932808,0.2948788584190164,1,1,245,148,125,125
WIN_20260414_20_42_23_Pro,20,0.6784215991692627,0.284153648044752,0.3056040687932808,0.2948788584190164,1,1,245,148,125,125
WIN_20260414_20_42_23_Pro,21,0.7123426791277259,0.2826086956521739,0.2951498084442171,0.28887925204819553,1,1,245,148,125,125
WIN_20260414_20_42_23_Pro,22,0.746263759086189,0.2705985391259053,0.2951498084442171,0.2828741737850612,1,1,245,148,125,125
WIN_20260414_20_42_23_Pro,23,0.7801848390446522,0.30434782608695654,0.2970288392460059,0.3006883326664812,1,1,245,148,125,125
WIN_20260414_20_42_23_Pro,24,0.8141059190031152,0.2826086956521739,0.2624208410328536,0.27251476834251376,1,1,245,148,125,125
WIN_20260414_20_42_23_Pro,25,0.8480269989615784,0.2608695652173913,0.2970288392460059,0.2789492022316986,1,1,245,148,125,125
WIN_20260414_20_42_23_Pro,26,0.8819480789200416,0.2823419620984761,0.2838854563241673,0.28311370921132173,1,1,245,148,125,125
WIN_20260414_20_42_23_Pro,27,0.9158691588785047,0.2826086956521739,0.28568294772765834,0.2841458216899161,1,1,245,148,125,125
WIN_20260414_20_42_23_Pro,28,0.9497902388369678,0.2838854563241673,0.2838854563241673,0.2838854563241673,1,1,245,148,125,125
WIN_20260414_20_42_23_Pro,29,0.983711318795431,0.2826086956521739,0.2841394535019672,0.28337407457707053,1,1,245,148,125,125
WIN_20260414_20_42_23_Pro,30,1.0176323987538942,0.2826086956521739,0.3194671514418757,0.3010379235470248,1,1,245,148,125,125
WIN_20260414_20_42_23_Pro,31,1.0515534787123573,0.2823419620984761,0.3194671514418757,0.3009045567701759,1,1,245,148,125,125
WIN_20260414_20_42_23_Pro,32,1.0854745586708203,0.30434782608695654,0.30714756301897195,0.30574769455296424,1,1,245,148,125,125
WIN_20260414_20_42_23_Pro,33,1.1193956386292836,0.284153648044752,0.31979699568314984,0.30197532186395093,1,1,245,148,125,125
WIN_20260414_20_42_23_Pro,34,1.1533167185877466,0.28440788517827575,0.3181818181818182,0.301294851680047,1,1,245,148,125,125
WIN_20260414_20_42_23_Pro,35,1.1872377985462097,0.30434782608695654,0.30434782608695654,0.30434782608695654,1,1,245,148,125,125
WIN_20260414_20_42_23_Pro,36,1.221158878504673,0.30434782608695654,0.3178536398630031,0.3111007329749798,1,1,245,148,125,125
WIN_20260414_20_42_23_Pro,37,1.255079958463136,0.2826086956521739,0.2838854563241673,0.28324707598817056,1,1,245,148,125,125
WIN_20260414_20_42_23_Pro,38,1.2890010384215993,0.2705985391259053,0.26062334962936257,0.26561094437763394,1,1,245,148,125,125
WIN_20260414_20_42_23_Pro,39,1.3229221183800624,0.2708333333333333,0.3040605745675896,0.2874469539504615,1,1,245,148,125,125
WIN_20260414_20_42_23_Pro,40,1.3568431983385254,0.2916666666666667,0.3040605745675896,0.2978636206171281,1,1,245,148,125,125
WIN_20260414_20_42_23_Pro,41,1.3907642782969887,0.30434782608695654,0.2838854563241673,0.2941166412055619,1,1,245,148,125,125
WIN_20260414_20_42_23_Pro,42,1.4246853582554517,0.3040605745675896,0.3040605745675896,0.3040605745675896,1,1,245,148,125,125
WIN_20260414_20_42_23_Pro,43,1.458606438213915,0.29289310718026207,0.3040605745675896,0.29847684087392584,1,1,245,148,125,125
WIN_20260414_20_42_23_Pro,44,1.492527518172378,0.3040605745675896,0.3040605745675896,0.3040605745675896,1,1,245,148,125,125
WIN_20260414_20_42_23_Pro,45,1.526448598130841,0.2914138113663596,0.3056040687932808,0.2985089400798202,1,1,245,148,125,125
WIN_20260414_20_42_23_Pro,46,1.5603696780893044,0.2916666666666667,0.3056040687932808,0.29863536772997373,1,1,245,148,125,125
WIN_20260414_20_42_23_Pro,47,1.5942907580477674,0.2916666666666667,0.3056040687932808,0.29863536772997373,1,1,245,148,125,125
WIN_20260414_20_42_23_Pro,48,1.6282118380062305,0.2916666666666667,0.3194671514418757,0.3055669090542712,1,1,245,148,125,125
WIN_20260414_20_42_23_Pro,49,1.6621329179646938,0.2916666666666667,0.3056040687932808,0.29863536772997373,1,1,245,148,125,125
WIN_20260414_20_42_23_Pro,50,1.6960539979231568,0.2914138113663596,0.3056040687932808,0.2985089400798202,1,1,245,148,125,125
WIN_20260414_20_42_23_Pro,51,1.72997507788162,0.30434782608695654,0.3056040687932808,0.3049759474401187,1,1,245,148,125,125
WIN_20260414_20_42_23_Pro,52,1.7638961578400831,0.30589277847953467,0.3056040687932808,0.30574842363640775,1,1,245,148,125,125
WIN_20260414_20_42_23_Pro,53,1.7978172377985462,0.30434782608695654,0.3178536398630031,0.3111007329749798,1,1,245,148,125,125
WIN_20260414_20_42_23_Pro,54,1.8317383177570095,0.2914138113663596,0.30714756301897195,0.29928068719266576,1,1,245,148,125,125
WIN_20260414_20_42_23_Pro,55,1.8656593977154725,0.2916666666666667,0.3056040687932808,0.29863536772997373,1,1,245,148,125,125
WIN_20260414_20_42_23_Pro,56,1.8995804776739356,0.30434782608695654,0.3056040687932808,0.3049759474401187,1,1,245,148,125,125
WIN_20260414_20_42_23_Pro,57,1.9335015576323988,0.1954675122220219,0.22952317107807507,0.2124953416500485,1,1,245,148,125,125
WIN_20260414_20_42_23_Pro,58,1.967422637590862,0.13580362462117615,0.13636363636363635,0.13608363049240624,1,1,245,148,125,125
WIN_20260414_20_42_23_Pro,59,2.001343717549325,0.1394766078968045,0.11904761904761904,0.12926211347221178,1,1,245,148,125,125
WIN_20260414_20_42_23_Pro,60,2.0352647975077884,0.1621105453336672,0.13580362462117615,0.14895708497742166,1,1,245,148,125,125
WIN_20260414_20_42_23_Pro,61,2.0691858774662513,0.15892681993150154,0.13636363636363635,0.14764522814756895,1,1,245,148,125,125
WIN_20260414_20_42_23_Pro,62,2.1031069574247145,0.11351915709392967,0.11372013197828404,0.11361964453610685,1,1,245,148,125,125
WIN_20260414_20_42_23_Pro,63,2.137028037383178,0.10859306234556773,0.11351915709392967,0.11105610971974869,1,1,245,148,125,125
WIN_20260414_20_42_23_Pro,64,2.1709491173416406,0.13580362462117615,0.14655482945648382,0.14117922703882999,1,1,245,148,125,125
WIN_20260414_20_42_23_Pro,65,2.204870197300104,0.14158263682262068,0.11891287331286374,0.13024775506774222,1,1,245,148,125,125
WIN_20260414_20_42_23_Pro,66,2.238791277258567,0.1621105453336672,0.15041421093753118,0.15626237813559918,1,1,245,148,125,125
WIN_20260414_20_42_23_Pro,67,2.27271235721703,0.16172178703985582,0.1362229885127156,0.14897238777628571,1,1,245,148,125,125
WIN_20260414_20_42_23_Pro,68,2.3066334371754933,0.18385786226784898,0.1362229885127156,0.1600404253902823,1,1,245,148,125,125
WIN_20260414_20_42_23_Pro,69,2.3405545171339566,0.16261114544165658,0.15892681993150154,0.16076898268657908,1,1,245,148,125,125
WIN_20260414_20_42_23_Pro,70,2.3744755970924194,0.1520302872837948,0.13990731402287063,0.14596880065333273,1,1,245,148,125,125
WIN_20260414_20_42_23_Pro,71,2.4083966770508827,0.1390179556210699,0.16647802263800923,0.15274798912953957,1,1,245,148,125,125
WIN_20260414_20_42_23_Pro,72,2.442317757009346,0.15426797989908897,0.15892681993150154,0.15659739991529525,1,1,245,148,125,125
WIN_20260414_20_42_23_Pro,73,2.476238836967809,0.15426797989908897,0.1362229885127156,0.14524548420590228,1,1,245,148,125,125
WIN_20260414_20_42_23_Pro,74,2.510159916926272,0.1621105453336672,0.11351915709392967,0.13781485121379844,1,1,245,148,125,125
WIN_20260414_20_42_23_Pro,75,2.5440809968847353,0.1394766078968045,0.16172178703985582,0.15059919746833017,1,1,245,148,125,125
WIN_20260414_20_42_23_Pro,76,2.5780020768431986,0.15511634749731662,0.13990731402287063,0.1475118307600936,1,1,245,148,125,125
WIN_20260414_20_42_23_Pro,77,2.6119231568016614,0.16122392483098627,0.1362229885127156,0.14872345667185094,1,1,245,148,125,125
WIN_20260414_20_42_23_Pro,78,2.6458442367601247,0.12994442887583477,0.1362229885127156,0.1330837086942752,1,1,245,148,125,125
WIN_20260414_20_42_23_Pro,79,2.679765316718588,0.1394766078968045,0.1362229885127156,0.13784979820476007,1,1,245,148,125,125
WIN_20260414_20_42_23_Pro,80,2.713686396677051,0.15511634749731662,0.13580362462117615,0.14545998605924637,1,1,245,148,125,125
WIN_20260414_20_42_23_Pro,81,2.747607476635514,0.14314959117243284,0.13580362462117615,0.1394766078968045,1,1,245,148,125,125
WIN_20260414_20_42_23_Pro,82,2.7815285565939774,0.15511634749731662,0.13580362462117615,0.14545998605924637,1,1,245,148,125,125
WIN_20260414_20_42_23_Pro,83,2.81544963655244,0.18385786226784898,0.15843756205803883,0.1711477121629439,1,1,245,148,125,125
WIN_20260414_20_42_23_Pro,84,2.8493707165109035,0.15426797989908897,0.1362229885127156,0.14524548420590228,1,1,245,148,125,125
WIN_20260414_20_42_23_Pro,85,2.8832917964693667,0.16122392483098627,0.13990731402287063,0.15056561942692845,1,1,245,148,125,125
WIN_20260414_20_42_23_Pro,86,2.91721287642783,0.15160183368847388,0.15892681993150154,0.1552643268099877,1,1,245,148,125,125
WIN_20260414_20_42_23_Pro,87,2.951133956386293,0.17642258096426716,0.15892681993150154,0.16767470044788435,1,1,245,148,125,125
WIN_20260414_20_42_23_Pro,88,2.985055036344756,0.15511634749731662,0.1547039684951536,0.15491015799623511,1,1,245,148,125,125
WIN_20260414_20_42_23_Pro,89,3.0189761163032194,0.1759253847117281,0.13636363636363635,0.15614451053768225,1,1,245,148,125,125
WIN_20260414_20_42_23_Pro,90,3.052897196261682,0.15511634749731662,0.17033740411905657,0.1627268758081866,1,1,245,148,125,125
WIN_20260414_20_42_23_Pro,91,3.0868182762201455,0.16122392483098627,0.16261114544165658,0.16191753513632143,1,1,245,148,125,125
WIN_20260414_20_42_23_Pro,92,3.1207393561786088,0.1394766078968045,0.1362229885127156,0.13784979820476007,1,1,245,148,125,125
WIN_20260414_20_42_23_Pro,93,3.1546604361370716,0.15511634749731662,0.13031167481468128,0.14271401115599897,1,1,245,148,125,125
WIN_20260414_20_42_23_Pro,94,3.188581516095535,0.18331270128389987,0.15892681993150154,0.1711197606077007,1,1,245,148,125,125
WIN_20260414_20_42_23_Pro,95,3.222502596053998,0.15843756205803883,0.14269544797543648,0.15056650501673766,1,1,245,148,125,125
WIN_20260414_20_42_23_Pro,96,3.256423676012461,0.1759253847117281,0.18163065135028747,0.1787780180310078,1,1,245,148,125,125
WIN_20260414_20_42_23_Pro,97,3.2903447559709242,0.15160183368847388,0.1362229885127156,0.14391241110059474,1,1,245,148,125,125
WIN_20260414_20_42_23_Pro,98,3.3242658359293875,0.15511634749731662,0.15892681993150154,0.15702158371440908,1,1,245,148,125,125
WIN_20260414_20_42_23_Pro,99,3.358186915887851,0.17325923850111302,0.18163065135028747,0.17744494492570023,1,1,245,148,125,125
WIN_20260414_20_42_23_Pro,100,3.3921079958463136,0.17325923850111302,0.16172178703985582,0.16749051277048443,1,1,245,148,125,125
WIN_20260414_20_42_23_Pro,101,3.426029075804777,0.18107149949490153,0.16172178703985582,0.1713966432673787,1,1,245,148,125,125
WIN_20260414_20_42_23_Pro,102,3.45995015576324,0.13345894268467748,0.1362229885127156,0.13484096559869654,1,1,245,148,125,125
WIN_20260414_20_42_23_Pro,103,3.493871235721703,0.18107149949490153,0.16261114544165658,0.17184132246827905,1,1,245,148,125,125
WIN_20260414_20_42_23_Pro,104,3.5277923156801663,0.15426797989908897,0.16261114544165658,0.1584395626703728,1,1,245,148,125,125
WIN_20260414_20_42_23_Pro,105,3.5617133956386295,0.16122392483098627,0.13990731402287063,0.15056561942692845,1,1,245,148,125,125
WIN_20260414_20_42_23_Pro,106,3.5956344755970924,0.17325923850111302,0.1362229885127156,0.15474111350691433,1,1,245,148,125,125
WIN_20260414_20_42_23_Pro,107,3.6295555555555556,0.16122392483098627,0.13990731402287063,0.15056561942692845,1,1,245,148,125,125
WIN_20260414_20_42_23_Pro,108,3.663476635514019,0.16122392483098627,0.15892681993150154,0.16007537238124392,1,1,245,148,125,125
WIN_20260414_20_42_23_Pro,109,3.6973977154724817,0.17325923850111302,0.15892681993150154,0.16609302921630728,1,1,245,148,125,125
WIN_20260414_20_42_23_Pro,110,3.731318795430945,0.15426797989908897,0.1362229885127156,0.14524548420590228,1,1,245,148,125,125
WIN_20260414_20_42_23_Pro,111,3.7652398753894083,0.15511634749731662,0.16172178703985582,0.15841906726858623,1,1,245,148,125,125
WIN_20260414_20_42_23_Pro,112,3.799160955347871,0.15426797989908897,0.13031167481468128,0.1422898273568851,1,1,245,148,125,125
WIN_20260414_20_42_23_Pro,113,3.8330820353063344,0.16122392483098627,0.1362229885127156,0.14872345667185094,1,1,245,148,125,125
WIN_20260414_20_42_23_Pro,114,3.8670031152647977,0.1394766078968045,0.13990731402287063,0.13969196095983755,1,1,245,148,125,125
WIN_20260414_20_42_23_Pro,115,3.900924195223261,0.16122392483098627,0.1362229885127156,0.14872345667185094,1,1,245,148,125,125
WIN_20260414_20_42_23_Pro,116,3.934845275181724,0.17325923850111302,0.1520302872837948,0.16264476289245391,1,1,245,148,125,125
WIN_20260414_20_42_23_Pro,117,3.968766355140187,0.15160183368847388,0.1520302872837948,0.15181606048613433,1,1,245,148,125,125
WIN_20260414_20_42_23_Pro,118,4.00268743509865,0.15843756205803883,0.1362229885127156,0.14733027528537723,1,1,245,148,125,125
WIN_20260414_20_42_23_Pro,119,4.036608515057114,0.15843756205803883,0.13990731402287063,0.1491724380404547,1,1,245,148,125,125
WIN_20260414_20_42_23_Pro,120,4.070529595015577,0.1612863790250443,0.14655482945648382,0.15392060424076406,1,1,245,148,125,125
WIN_20260414_20_42_23_Pro,121,4.104450674974039,0.15763206911247005,0.14655482945648382,0.15209344928447693,1,1,245,148,125,125
WIN_20260414_20_42_23_Pro,122,4.1383717549325025,0.1621105453336672,0.15041421093753118,0.15626237813559918,1,1,245,148,125,125
WIN_20260414_20_42_23_Pro,123,4.172292834890966,0.15511634749731662,0.14655482945648382,0.1508355884769002,1,1,245,148,125,125
WIN_20260414_20_42_23_Pro,124,4.206213914849429,0.17510598013990727,0.15892681993150154,0.1670164000357044,1,1,245,148,125,125
WIN_20260414_20_42_23_Pro,125,4.240134994807892,0.17325923850111302,0.15892681993150154,0.16609302921630728,1,1,245,148,125,125
WIN_20260414_20_42_23_Pro,126,4.274056074766356,0.1543938648123322,0.16172178703985582,0.15805782592609402,1,1,245,148,125,125
WIN_20260414_20_42_23_Pro,127,4.307977154724818,0.18107149949490153,0.16172178703985582,0.1713966432673787,1,1,245,148,125,125
WIN_20260414_20_42_23_Pro,128,4.341898234683281,0.18385786226784898,0.14655482945648382,0.1652063458621664,1,1,245,148,125,125
WIN_20260414_20_42_23_Pro,129,4.375819314641745,0.18107149949490153,0.15892681993150154,0.16999915971320154,1,1,245,148,125,125
WIN_20260414_20_42_23_Pro,130,4.409740394600208,0.17325923850111302,0.17033740411905657,0.1717983213100848,1,1,245,148,125,125
WIN_20260414_20_42_23_Pro,131,4.443661474558671,0.1759253847117281,0.15892681993150154,0.1674261023216148,1,1,245,148,125,125
WIN_20260414_20_42_23_Pro,132,4.477582554517134,0.1759253847117281,0.1362229885127156,0.15607418661222186,1,1,245,148,125,125
WIN_20260414_20_42_23_Pro,133,4.511503634475598,0.15089572049267608,0.13990731402287063,0.14540151725777334,1,1,245,148,125,125
WIN_20260414_20_42_23_Pro,134,4.54542471443406,0.1604042660807418,0.13990731402287063,0.1501557900518062,1,1,245,148,125,125
WIN_20260414_20_42_23_Pro,135,4.579345794392523,0.15511634749731662,0.13990731402287063,0.1475118307600936,1,1,245,148,125,125
WIN_20260414_20_42_23_Pro,136,4.613266874350987,0.15354944864095355,0.15843756205803883,0.1559935053494962,1,1,245,148,125,125
WIN_20260414_20_42_23_Pro,137,4.64718795430945,0.1612863790250443,0.15426797989908897,0.15777717946206665,1,1,245,148,125,125
WIN_20260414_20_42_23_Pro,138,4.681109034267913,0.15763206911247005,0.1338361212611483,0.1457340951868092,1,1,245,148,125,125
WIN_20260414_20_42_23_Pro,139,4.715030114226376,0.1604042660807418,0.15843756205803883,0.1594209140693903,1,1,245,148,125,125
WIN_20260414_20_42_23_Pro,140,4.748951194184839,0.15160183368847388,0.1362229885127156,0.14391241110059474,1,1,245,148,125,125
WIN_20260414_20_42_23_Pro,141,4.782872274143302,0.12994442887583477,0.13990731402287063,0.1349258714493527,1,1,245,148,125,125
WIN_20260414_20_42_23_Pro,142,4.816793354101765,0.15426797989908897,0.1362229885127156,0.14524548420590228,1,1,245,148,125,125
WIN_20260414_20_42_23_Pro,143,4.850714434060229,0.1759253847117281,0.1362229885127156,0.15607418661222186,1,1,245,148,125,125
WIN_20260414_20_42_23_Pro,144,4.884635514018692,0.1621105453336672,0.1362229885127156,0.14916676692319142,1,1,245,148,125,125
WIN_20260414_20_42_23_Pro,145,4.918556593977155,0.15160183368847388,0.1394766078968045,0.1455392207926392,1,1,245,148,125,125
WIN_20260414_20_42_23_Pro,146,4.952477673935618,0.15426797989908897,0.1520302872837948,0.1531491335914419,1,1,245,148,125,125
WIN_20260414_20_42_23_Pro,147,4.986398753894081,0.15354944864095355,0.13580362462117615,0.14467653663106483,1,1,245,148,125,125
WIN_20260414_20_42_23_Pro,148,5.020319833852544,0.15426797989908897,0.1621105453336672,0.15818926261637808,1,1,245,148,125,125
WIN_20260414_20_42_23_Pro,149,5.054240913811007,0.15354944864095355,0.1394766078968045,0.14651302826887902,1,1,245,148,125,125
WIN_20260414_20_42_23_Pro,150,5.088161993769471,0.15426797989908897,0.1362229885127156,0.14524548420590228,1,1,245,148,125,125
WIN_20260414_20_42_23_Pro,151,5.122083073727934,0.1604042660807418,0.13990731402287063,0.1501557900518062,1,1,245,148,125,125
WIN_20260414_20_42_23_Pro,152,5.156004153686397,0.1612863790250443,0.14605999556775864,0.15367318729640148,1,1,245,148,125,125
WIN_20260414_20_42_23_Pro,153,5.18992523364486,0.15354944864095355,0.1394766078968045,0.14651302826887902,1,1,245,148,125,125
WIN_20260414_20_42_23_Pro,154,5.223846313603323,0.1385899873941236,0.14655482945648382,0.14257240842530372,1,1,245,148,125,125
WIN_20260414_20_42_23_Pro,155,5.257767393561786,0.1394766078968045,0.1362229885127156,0.13784979820476007,1,1,245,148,125,125
WIN_20260414_20_42_23_Pro,156,5.291688473520249,0.11180153787203836,0.13990731402287063,0.1258544259474545,1,1,245,148,125,125
WIN_20260414_20_42_23_Pro,157,5.325609553478713,0.1394766078968045,0.1362229885127156,0.13784979820476007,1,1,245,148,125,125
WIN_20260414_20_42_23_Pro,158,5.359530633437176,0.18107149949490153,0.1590909090909091,0.1700812042929053,1,1,245,148,125,125
WIN_20260414_20_42_23_Pro,159,5.393451713395639,0.238904737160249,0.20454545454545456,0.22172509585285177,1,1,245,148,125,125
WIN_20260414_20_42_23_Pro,160,5.427372793354102,0.2497421456066453,0.22727272727272727,0.23850743643968628,1,1,245,148,125,125
WIN_20260414_20_42_23_Pro,161,5.461293873312565,0.2626687547434931,0.2727272727272727,0.26769801373538293,1,1,245,148,125,125
WIN_20260414_20_42_23_Pro,162,5.495214953271028,0.2826086956521739,0.25150599539615826,0.26705734552416605,1,1,245,148,125,125
WIN_20260414_20_42_23_Pro,163,5.529136033229491,0.30434782608695654,0.26062334962936257,0.2824855878581596,1,1,245,148,125,125
WIN_20260414_20_42_23_Pro,164,5.563057113187955,0.28440788517827575,0.2624208410328536,0.27341436310556466,1,1,245,148,125,125
WIN_20260414_20_42_23_Pro,165,5.596978193146418,0.30434782608695654,0.3286748335710574,0.316511329829007,1,1,245,148,125,125
WIN_20260414_20_42_23_Pro,166,5.63089927310488,0.30434782608695654,0.2841394535019672,0.2942436397944619,1,1,245,148,125,125
WIN_20260414_20_42_23_Pro,167,5.664820353063344,0.32608695652173914,0.30714756301897195,0.31661725977035554,1,1,245,148,125,125
WIN_20260414_20_42_23_Pro,168,5.698741433021807,0.32608695652173914,0.3056040687932808,0.31584551265750993,1,1,245,148,125,125
WIN_20260414_20_42_23_Pro,169,5.73266251298027,0.3491795166679051,0.3488499518144798,0.34901473424119245,1,1,245,148,125,125
WIN_20260414_20_42_23_Pro,170,5.7665835929387335,0.34782608695652173,0.3056040687932808,0.3267150778749013,1,1,245,148,125,125
WIN_20260414_20_42_23_Pro,171,5.800504672897197,0.32608695652173914,0.3056040687932808,0.31584551265750993,1,1,245,148,125,125
WIN_20260414_20_42_23_Pro,172,5.83442575285566,0.32763190891431726,0.32620941384625146,0.32692066138028436,1,1,245,148,125,125
WIN_20260414_20_42_23_Pro,173,5.868346832814122,0.3040605745675896,0.3056040687932808,0.30483232168043517,1,1,245,148,125,125
WIN_20260414_20_42_23_Pro,174,5.902267912772586,0.30434782608695654,0.32713133934536626,0.3157395827161614,1,1,245,148,125,125
WIN_20260414_20_42_23_Pro,175,5.936188992731049,0.32608695652173914,0.3488499518144798,0.33746845416810944,1,1,245,148,125,125
WIN_20260414_20_42_23_Pro,176,5.970110072689512,0.34782608695652173,0.32732268126239433,0.33757438410945806,1,1,245,148,125,125
WIN_20260414_20_42_23_Pro,177,6.0040311526479755,0.32608695652173914,0.3474977995058167,0.3367923780137779,1,1,245,148,125,125
WIN_20260414_20_42_23_Pro,178,6.037952232606439,0.32577918703670317,0.3474977995058167,0.33663849327125994,1,1,245,148,125,125
WIN_20260414_20_42_23_Pro,179,6.071873312564901,0.32608695652173914,0.32713133934536626,0.32660914793355267,1,1,245,148,125,125
WIN_20260414_20_42_23_Pro,180,6.105794392523364,0.34782608695652173,0.32620941384625146,0.3370177504013866,1,1,245,148,125,125
WIN_20260414_20_42_23_Pro,181,6.139715472481828,0.32744038623312244,0.32713133934536626,0.3272858627892443,1,1,245,148,125,125
WIN_20260414_20_42_23_Pro,182,6.173636552440291,0.3409090909090909,0.3056040687932808,0.32325657985118583,1,1,245,148,125,125
WIN_20260414_20_42_23_Pro,183,6.207557632398754,0.32608695652173914,0.32713133934536626,0.32660914793355267,1,1,245,148,125,125
WIN_20260414_20_42_23_Pro,184,6.2414787123572175,0.3125,0.3488499518144798,0.33067497590723993,1,1,245,148,125,125
WIN_20260414_20_42_23_Pro,185,6.275399792315681,0.30434782608695654,0.36214299898980307,0.3332454125383798,1,1,245,148,125,125
WIN_20260414_20_42_23_Pro,186,6.309320872274143,0.32763190891431726,0.3264002165211736,0.3270160627177454,1,1,245,148,125,125
WIN_20260414_20_42_23_Pro,187,6.3432419522326065,0.3125,0.31418857299398323,0.31334428649699164,1,1,245,148,125,125
WIN_20260414_20_42_23_Pro,188,6.37716303219107,0.3125,0.3286748335710574,0.3205874167855287,1,1,245,148,125,125
WIN_20260414_20_42_23_Pro,189,6.411084112149533,0.30434782608695654,0.3056040687932808,0.3049759474401187,1,1,245,148,125,125
WIN_20260414_20_42_23_Pro,190,6.445005192107996,0.30434782608695654,0.32713133934536626,0.3157395827161614,1,1,245,148,125,125
WIN_20260414_20_42_23_Pro,191,6.4789262720664595,0.31979699568314984,0.32713133934536626,0.32346416751425805,1,1,245,148,125,125
WIN_20260414_20_42_23_Pro,192,6.512847352024922,0.30589277847953467,0.32713133934536626,0.3165120589124505,1,1,245,148,125,125
WIN_20260414_20_42_23_Pro,193,6.546768431983385,0.30434782608695654,0.3264002165211736,0.3153740213040651,1,1,245,148,125,125
WIN_20260414_20_42_23_Pro,194,6.5806895119418485,0.31379703680674237,0.3488499518144798,0.3313234943106111,1,1,245,148,125,125
WIN_20260414_20_42_23_Pro,195,6.614610591900312,0.32608695652173914,0.32732268126239433,0.3267048188920667,1,1,245,148,125,125
WIN_20260414_20_42_23_Pro,196,6.648531671858775,0.30434782608695654,0.32620941384625146,0.315278619966604,1,1,245,148,125,125
WIN_20260414_20_42_23_Pro,197,6.682452751817238,0.32763190891431726,0.31370837942071633,0.3206701441675168,1,1,245,148,125,125
WIN_20260414_20_42_23_Pro,198,6.716373831775702,0.32608695652173914,0.32732268126239433,0.3267048188920667,1,1,245,148,125,125
WIN_20260414_20_42_23_Pro,199,6.750294911734164,0.32577918703670317,0.3421709828606616,0.3339750849486824,1,1,245,148,125,125
WIN_20260414_20_42_23_Pro,200,6.784215991692627,0.30589277847953467,0.3248610721895869,0.31537692533456074,1,1,245,148,125,125
WIN_20260414_20_42_23_Pro,201,6.8181370716510905,0.3056040687932808,0.36355213738678455,0.33457810309003266,1,1,245,148,125,125
WIN_20260414_20_42_23_Pro,202,6.852058151609554,0.32608695652173914,0.32732268126239433,0.3267048188920667,1,1,245,148,125,125
WIN_20260414_20_42_23_Pro,203,6.885979231568017,0.32608695652173914,0.32713133934536626,0.32660914793355267,1,1,245,148,125,125
WIN_20260414_20_42_23_Pro,204,6.91990031152648,0.31379703680674237,0.35020210412314284,0.3319995704649426,1,1,245,148,125,125
WIN_20260414_20_42_23_Pro,205,6.953821391484943,0.3056040687932808,0.32713133934536626,0.3163677040693235,1,1,245,148,125,125
WIN_20260414_20_42_23_Pro,206,6.987742471443406,0.30434782608695654,0.3056040687932808,0.3049759474401187,1,1,245,148,125,125
WIN_20260414_20_42_23_Pro,207,7.021663551401869,0.32744038623312244,0.32577918703670317,0.3266097866349128,1,1,245,148,125,125
WIN_20260414_20_42_23_Pro,208,7.0555846313603325,0.32744038623312244,0.3056040687932808,0.3165222275132016,1,1,245,148,125,125
WIN_20260414_20_42_23_Pro,209,7.089505711318796,0.3333333333333333,0.35020210412314284,0.3417677187282381,1,1,245,148,125,125
WIN_20260414_20_42_23_Pro,210,7.123426791277259,0.3139805793762207,0.3056040687932808,0.30979232408475077,1,1,245,148,125,125
WIN_20260414_20_42_23_Pro,211,7.1573478712357215,0.32763190891431726,0.3040605745675896,0.31584624174095344,1,1,245,148,125,125
WIN_20260414_20_42_23_Pro,212,7.191268951194185,0.31379703680674237,0.32713133934536626,0.3204641880760543,1,1,245,148,125,125
WIN_20260414_20_42_23_Pro,213,7.225190031152648,0.32608695652173914,0.32713133934536626,0.32660914793355267,1,1,245,148,125,125
WIN_20260414_20_42_23_Pro,214,7.259111111111111,0.2931472460428874,0.3056040687932808,0.2993756574180841,1,1,245,148,125,125
WIN_20260414_20_42_23_Pro,215,7.293032191069575,0.32608695652173914,0.3056040687932808,0.31584551265750993,1,1,245,148,125,125
WIN_20260414_20_42_23_Pro,216,7.326953271028038,0.32744038623312244,0.32732268126239433,0.32738153374775836,1,1,245,148,125,125
WIN_20260414_20_42_23_Pro,217,7.360874350986501,0.3333333333333333,0.3488499518144798,0.34109164257390656,1,1,245,148,125,125
WIN_20260414_20_42_23_Pro,218,7.3947954309449635,0.32608695652173914,0.32620941384625146,0.3261481851839953,1,1,245,148,125,125
WIN_20260414_20_42_23_Pro,219,7.428716510903427,0.32608695652173914,0.32713133934536626,0.32660914793355267,1,1,245,148,125,125
WIN_20260414_20_42_23_Pro,220,7.46263759086189,0.32608695652173914,0.32713133934536626,0.32660914793355267,1,1,245,148,125,125
WIN_20260414_20_42_23_Pro,221,7.496558670820353,0.32608695652173914,0.32620941384625146,0.3261481851839953,1,1,245,148,125,125
WIN_20260414_20_42_23_Pro,222,7.530479750778817,0.3139805793762207,0.3056040687932808,0.30979232408475077,1,1,245,148,125,125
WIN_20260414_20_42_23_Pro,223,7.56440083073728,0.3125,0.32713133934536626,0.31981566967268316,1,1,245,148,125,125
WIN_20260414_20_42_23_Pro,224,7.598321910695742,0.30434782608695654,0.2823419620984761,0.29334489409271636,1,1,245,148,125,125
WIN_20260414_20_42_23_Pro,225,7.6322429906542055,0.21739130434782608,0.2043344827690734,0.21086289355844973,1,1,245,148,125,125
WIN_20260414_20_42_23_Pro,226,7.666164070612669,0.17374889975290836,0.17391304347826086,0.1738309716155846,1,1,245,148,125,125
WIN_20260414_20_42_23_Pro,227,7.700085150571132,0.2043344827690734,0.21739130434782608,0.21086289355844973,1,1,245,148,125,125
WIN_20260414_20_42_23_Pro,228,7.734006230529595,0.2727272727272727,0.22952317107807507,0.2511252219026739,1,1,245,148,125,125
WIN_20260414_20_42_23_Pro,229,7.767927310488059,0.30589277847953467,0.2970288392460059,0.30146080886277027,1,1,245,148,125,125
WIN_20260414_20_42_23_Pro,230,7.801848390446522,0.30434782608695654,0.3040605745675896,0.3042042003272731,1,1,245,148,125,125
WIN_20260414_20_42_23_Pro,231,7.835769470404984,0.32713133934536626,0.32620941384625146,0.3266703765958089,1,1,245,148,125,125
WIN_20260414_20_42_23_Pro,232,7.869690550363448,0.3425242684104226,0.3040605745675896,0.3232924214890061,1,1,245,148,125,125
WIN_20260414_20_42_23_Pro,233,7.903611630321911,0.3491795166679051,0.32713133934536626,0.33815542800663567,1,1,245,148,125,125
WIN_20260414_20_42_23_Pro,234,7.937532710280374,0.32608695652173914,0.3411176059195814,0.33360228122066027,1,1,245,148,125,125
WIN_20260414_20_42_23_Pro,235,7.971453790238837,0.3333333333333333,0.35020210412314284,0.3417677187282381,1,1,245,148,125,125
WIN_20260414_20_42_23_Pro,236,8.0053748701973,0.3491795166679051,0.3286748335710574,0.3389271751194812,1,1,245,148,125,125
WIN_20260414_20_42_23_Pro,237,8.039295950155763,0.34782608695652173,0.3286748335710574,0.3382504602637896,1,1,245,148,125,125
WIN_20260414_20_42_23_Pro,238,8.073217030114227,0.34782608695652173,0.32732268126239433,0.33757438410945806,1,1,245,148,125,125
WIN_20260414_20_42_23_Pro,239,8.10713811007269,0.3491795166679051,0.3488499518144798,0.34901473424119245,1,1,245,148,125,125
WIN_20260414_20_42_23_Pro,240,8.141059190031154,0.3333333333333333,0.34921516031555516,0.34127424682444424,1,1,245,148,125,125
WIN_20260414_20_42_23_Pro,241,8.174980269989616,0.32577918703670317,0.32774855817783816,0.3267638726072707,1,1,245,148,125,125
WIN_20260414_20_42_23_Pro,242,8.208901349948079,0.34782608695652173,0.3286748335710574,0.3382504602637896,1,1,245,148,125,125
WIN_20260414_20_42_23_Pro,243,8.242822429906543,0.30434782608695654,0.32620941384625146,0.315278619966604,1,1,245,148,125,125
WIN_20260414_20_42_23_Pro,244,8.276743509865005,0.3333333333333333,0.32713133934536626,0.3302323363393498,1,1,245,148,125,125
WIN_20260414_20_42_23_Pro,245,8.31066458982347,0.3333333333333333,0.32713133934536626,0.3302323363393498,1,1,245,148,125,125
WIN_20260414_20_42_23_Pro,246,8.344585669781932,0.3139805793762207,0.32713133934536626,0.3205559593607935,1,1,245,148,125,125
WIN_20260414_20_42_23_Pro,247,8.378506749740394,0.34782608695652173,0.32620941384625146,0.3370177504013866,1,1,245,148,125,125
WIN_20260414_20_42_23_Pro,248,8.412427829698858,0.32608695652173914,0.32774855817783816,0.3269177573497887,1,1,245,148,125,125
WIN_20260414_20_42_23_Pro,249,8.44634890965732,0.34782608695652173,0.32620941384625146,0.3370177504013866,1,1,245,148,125,125
WIN_20260414_20_42_23_Pro,250,8.480269989615785,0.32744038623312244,0.3478668186588906,0.3376536024460065,1,1,245,148,125,125
WIN_20260414_20_42_23_Pro,251,8.514191069574247,0.32608695652173914,0.32713133934536626,0.32660914793355267,1,1,245,148,125,125
WIN_20260414_20_42_23_Pro,252,8.548112149532711,0.3491795166679051,0.32774855817783816,0.3384640374228716,1,1,245,148,125,125
WIN_20260414_20_42_23_Pro,253,8.582033229491174,0.32763190891431726,0.3056040687932808,0.316617988853799,1,1,245,148,125,125
WIN_20260414_20_42_23_Pro,254,8.615954309449636,0.32744038623312244,0.3286748335710574,0.32805760990208993,1,1,245,148,125,125
WIN_20260414_20_42_23_Pro,255,8.6498753894081,0.32608695652173914,0.32774855817783816,0.3269177573497887,1,1,245,148,125,125
WIN_20260414_20_42_23_Pro,256,8.683796469366563,0.32608695652173914,0.32620941384625146,0.3261481851839953,1,1,245,148,125,125
WIN_20260414_20_42_23_Pro,257,8.717717549325027,0.32744038623312244,0.30474281170853446,0.31609159897082845,1,1,245,148,125,125
WIN_20260414_20_42_23_Pro,258,8.75163862928349,0.32608695652173914,0.30474281170853446,0.3154148841151368,1,1,245,148,125,125
WIN_20260414_20_42_23_Pro,259,8.785559709241953,0.32744038623312244,0.32713133934536626,0.3272858627892443,1,1,245,148,125,125
WIN_20260414_20_42_23_Pro,260,8.819480789200416,0.32608695652173914,0.3056040687932808,0.31584551265750993,1,1,245,148,125,125
WIN_20260414_20_42_23_Pro,261,8.853401869158878,0.32608695652173914,0.3488499518144798,0.33746845416810944,1,1,245,148,125,125
WIN_20260414_20_42_23_Pro,262,8.887322949117342,0.32744038623312244,0.3056040687932808,0.3165222275132016,1,1,245,148,125,125
WIN_20260414_20_42_23_Pro,263,8.921244029075805,0.32744038623312244,0.3056040687932808,0.3165222275132016,1,1,245,148,125,125
WIN_20260414_20_42_23_Pro,264,8.955165109034269,0.32744038623312244,0.3194671514418757,0.3234537688374991,1,1,245,148,125,125
WIN_20260414_20_42_23_Pro,265,8.989086188992731,0.32608695652173914,0.3056040687932808,0.31584551265750993,1,1,245,148,125,125
WIN_20260414_20_42_23_Pro,266,9.023007268951195,0.30434782608695654,0.3056040687932808,0.3049759474401187,1,1,245,148,125,125
WIN_20260414_20_42_23_Pro,267,9.056928348909658,0.30589277847953467,0.30474281170853446,0.30531779509403456,1,1,245,148,125,125
WIN_20260414_20_42_23_Pro,268,9.09084942886812,0.32744038623312244,0.32620941384625146,0.32682490003968695,1,1,245,148,125,125
WIN_20260414_20_42_23_Pro,269,9.124770508826584,0.30589277847953467,0.32774855817783816,0.3168206683286864,1,1,245,148,125,125
WIN_20260414_20_42_23_Pro,270,9.158691588785047,0.30434782608695654,0.32620941384625146,0.315278619966604,1,1,245,148,125,125
WIN_20260414_20_42_23_Pro,271,9.19261266874351,0.2931472460428874,0.3286748335710574,0.31091103980697243,1,1,245,148,125,125
WIN_20260414_20_42_23_Pro,272,9.226533748701973,0.2931472460428874,0.30714756301897195,0.3001474045309297,1,1,245,148,125,125
WIN_20260414_20_42_23_Pro,273,9.260454828660436,0.32608695652173914,0.3286748335710574,0.3273808950463983,1,1,245,148,125,125
WIN_20260414_20_42_23_Pro,274,9.2943759086189,0.30434782608695654,0.30714756301897195,0.30574769455296424,1,1,245,148,125,125
WIN_20260414_20_42_23_Pro,275,9.328296988577362,0.30434782608695654,0.30714756301897195,0.30574769455296424,1,1,245,148,125,125
WIN_20260414_20_42_23_Pro,276,9.362218068535826,0.32763190891431726,0.32774855817783816,0.32769023354607774,1,1,245,148,125,125
WIN_20260414_20_42_23_Pro,277,9.396139148494289,0.32608695652173914,0.32620941384625146,0.3261481851839953,1,1,245,148,125,125
WIN_20260414_20_42_23_Pro,278,9.430060228452753,0.32608695652173914,0.3286748335710574,0.3273808950463983,1,1,245,148,125,125
WIN_20260414_20_42_23_Pro,279,9.463981308411215,0.30589277847953467,0.3056040687932808,0.30574842363640775,1,1,245,148,125,125
WIN_20260414_20_42_23_Pro,280,9.497902388369678,0.3125,0.32713133934536626,0.31981566967268316,1,1,245,148,125,125
WIN_20260414_20_42_23_Pro,281,9.531823468328142,0.30434782608695654,0.3056040687932808,0.3049759474401187,1,1,245,148,125,125
WIN_20260414_20_42_23_Pro,282,9.565744548286604,0.30589277847953467,0.3040605745675896,0.30497667652356214,1,1,245,148,125,125
WIN_20260414_20_42_23_Pro,283,9.599665628245068,0.32608695652173914,0.32732268126239433,0.3267048188920667,1,1,245,148,125,125
WIN_20260414_20_42_23_Pro,284,9.63358670820353,0.3139805793762207,0.3056040687932808,0.30979232408475077,1,1,245,148,125,125
WIN_20260414_20_42_23_Pro,285,9.667507788161995,0.3491795166679051,0.3421709828606616,0.3456752497642833,1,1,245,148,125,125
WIN_20260414_20_42_23_Pro,286,9.701428868120457,0.32608695652173914,0.3286748335710574,0.3273808950463983,1,1,245,148,125,125
WIN_20260414_20_42_23_Pro,287,9.73534994807892,0.32744038623312244,0.32732268126239433,0.32738153374775836,1,1,245,148,125,125
WIN_20260414_20_42_23_Pro,288,9.769271028037384,0.32744038623312244,0.3056040687932808,0.3165222275132016,1,1,245,148,125,125
WIN_20260414_20_42_23_Pro,289,9.803192107995846,0.32744038623312244,0.29289310718026207,0.31016674670669225,1,1,245,148,125,125
WIN_20260414_20_42_23_Pro,290,9.83711318795431,0.32744038623312244,0.31370837942071633,0.3205743828269194,1,1,245,148,125,125
WIN_20260414_20_42_23_Pro,291,9.871034267912773,0.32608695652173914,0.32577918703670317,0.32593307177922115,1,1,245,148,125,125
WIN_20260414_20_42_23_Pro,292,9.904955347871237,0.2916666666666667,0.3056040687932808,0.29863536772997373,1,1,245,148,125,125
WIN_20260414_20_42_23_Pro,293,9.9388764278297,0.3125,0.32713133934536626,0.31981566967268316,1,1,245,148,125,125
WIN_20260414_20_42_23_Pro,294,9.972797507788162,0.31222908360681384,0.3056040687932808,0.3089165762000473,1,1,245,148,125,125
WIN_20260414_20_42_23_Pro,295,10.006718587746626,0.30434782608695654,0.3056040687932808,0.3049759474401187,1,1,245,148,125,125
WIN_20260414_20_42_23_Pro,296,10.040639667705088,0.30434782608695654,0.3056040687932808,0.3049759474401187,1,1,245,148,125,125
WIN_20260414_20_42_23_Pro,297,10.074560747663552,0.2916666666666667,0.3056040687932808,0.29863536772997373,1,1,245,148,125,125
WIN_20260414_20_42_23_Pro,298,10.108481827622015,0.32608695652173914,0.32713133934536626,0.32660914793355267,1,1,245,148,125,125
WIN_20260414_20_42_23_Pro,299,10.142402907580477,0.30434782608695654,0.3056040687932808,0.3049759474401187,1,1,245,148,125,125
WIN_20260414_20_42_23_Pro,300,10.176323987538941,0.2826086956521739,0.3264002165211736,0.30450445608667376,1,1,245,148,125,125
WIN_20260414_20_42_23_Pro,301,10.210245067497404,0.30434782608695654,0.3056040687932808,0.3049759474401187,1,1,245,148,125,125
WIN_20260414_20_42_23_Pro,302,10.244166147455868,0.2931472460428874,0.3056040687932808,0.2993756574180841,1,1,245,148,125,125
WIN_20260414_20_42_23_Pro,303,10.27808722741433,0.2916666666666667,0.30714756301897195,0.29940711484281934,1,1,245,148,125,125
WIN_20260414_20_42_23_Pro,304,10.312008307372794,0.2931472460428874,0.3056040687932808,0.2993756574180841,1,1,245,148,125,125
WIN_20260414_20_42_23_Pro,305,10.345929387331257,0.2916666666666667,0.30714756301897195,0.29940711484281934,1,1,245,148,125,125
WIN_20260414_20_42_23_Pro,306,10.37985046728972,0.30589277847953467,0.3056040687932808,0.30574842363640775,1,1,245,148,125,125
WIN_20260414_20_42_23_Pro,307,10.413771547248183,0.30589277847953467,0.3056040687932808,0.30574842363640775,1,1,245,148,125,125
WIN_20260414_20_42_23_Pro,308,10.447692627206646,0.32608695652173914,0.29289310718026207,0.3094900318510006,1,1,245,148,125,125
WIN_20260414_20_42_23_Pro,309,10.48161370716511,0.30434782608695654,0.32732268126239433,0.31583525367467546,1,1,245,148,125,125
WIN_20260414_20_42_23_Pro,310,10.515534787123572,0.3491795166679051,0.32713133934536626,0.33815542800663567,1,1,245,148,125,125
WIN_20260414_20_42_23_Pro,311,10.549455867082036,0.30589277847953467,0.3056040687932808,0.30574842363640775,1,1,245,148,125,125
WIN_20260414_20_42_23_Pro,312,10.583376947040499,0.30589277847953467,0.3056040687932808,0.30574842363640775,1,1,245,148,125,125
WIN_20260414_20_42_23_Pro,313,10.617298026998961,0.32744038623312244,0.3056040687932808,0.3165222275132016,1,1,245,148,125,125
WIN_20260414_20_42_23_Pro,314,10.651219106957425,0.30434782608695654,0.3056040687932808,0.3049759474401187,1,1,245,148,125,125
WIN_20260414_20_42_23_Pro,315,10.685140186915888,0.30589277847953467,0.3488499518144798,0.32737136514700726,1,1,245,148,125,125
WIN_20260414_20_42_23_Pro,316,10.719061266874352,0.30589277847953467,0.3056040687932808,0.30574842363640775,1,1,245,148,125,125
WIN_20260414_20_42_23_Pro,317,10.752982346832814,0.30434782608695654,0.3056040687932808,0.3049759474401187,1,1,245,148,125,125
WIN_20260414_20_42_23_Pro,318,10.786903426791278,0.30434782608695654,0.3056040687932808,0.3049759474401187,1,1,245,148,125,125
WIN_20260414_20_42_23_Pro,319,10.82082450674974,0.3056040687932808,0.30714756301897195,0.3063758159061264,1,1,245,148,125,125
WIN_20260414_20_42_23_Pro,320,10.854745586708203,0.2916666666666667,0.32732268126239433,0.3094946739645305,1,1,245,148,125,125
WIN_20260414_20_42_23_Pro,321,10.888666666666667,0.2916666666666667,0.3056040687932808,0.29863536772997373,1,1,245,148,125,125
WIN_20260414_20_42_23_Pro,322,10.92258774662513,0.30434782608695654,0.32732268126239433,0.31583525367467546,1,1,245,148,125,125
WIN_20260414_20_42_23_Pro,323,10.956508826583594,0.30434782608695654,0.3056040687932808,0.3049759474401187,1,1,245,148,125,125
WIN_20260414_20_42_23_Pro,324,10.990429906542056,0.30434782608695654,0.29289310718026207,0.2986204666336093,1,1,245,148,125,125
WIN_20260414_20_42_23_Pro,325,11.024350986500519,0.30589277847953467,0.3056040687932808,0.30574842363640775,1,1,245,148,125,125
WIN_20260414_20_42_23_Pro,326,11.058272066458983,0.32763190891431726,0.29213464636792047,0.3098832776411189,1,1,245,148,125,125
WIN_20260414_20_42_23_Pro,327,11.092193146417445,0.30434782608695654,0.3056040687932808,0.3049759474401187,1,1,245,148,125,125
WIN_20260414_20_42_23_Pro,328,11.12611422637591,0.32608695652173914,0.30714756301897195,0.31661725977035554,1,1,245,148,125,125
WIN_20260414_20_42_23_Pro,329,11.160035306334372,0.32577918703670317,0.3056040687932808,0.31569162791499195,1,1,245,148,125,125
WIN_20260414_20_42_23_Pro,330,11.193956386292836,0.32577918703670317,0.32732268126239433,0.3265509341495487,1,1,245,148,125,125
WIN_20260414_20_42_23_Pro,331,11.227877466251298,0.3125,0.32732268126239433,0.3199113406311972,1,1,245,148,125,125
WIN_20260414_20_42_23_Pro,332,11.26179854620976,0.32577918703670317,0.3056040687932808,0.31569162791499195,1,1,245,148,125,125
WIN_20260414_20_42_23_Pro,333,11.295719626168225,0.2931472460428874,0.3056040687932808,0.2993756574180841,1,1,245,148,125,125
WIN_20260414_20_42_23_Pro,334,11.329640706126687,0.3040605745675896,0.3056040687932808,0.30483232168043517,1,1,245,148,125,125
WIN_20260414_20_42_23_Pro,335,11.363561786085151,0.32763190891431726,0.3056040687932808,0.316617988853799,1,1,245,148,125,125
WIN_20260414_20_42_23_Pro,336,11.397482866043614,0.32763190891431726,0.3194671514418757,0.3235495301780965,1,1,245,148,125,125
WIN_20260414_20_42_23_Pro,337,11.431403946002078,0.32732268126239433,0.3056040687932808,0.31646337502783756,1,1,245,148,125,125
WIN_20260414_20_42_23_Pro,338,11.46532502596054,0.2409296243087105,0.22928643684591832,0.23510803057731441,1,1,245,148,125,125
WIN_20260414_20_42_23_Pro,339,11.499246105919003,0.18163065135028747,0.17391304347826086,0.17777184741427415,1,1,245,148,125,125
WIN_20260414_20_42_23_Pro,340,11.533167185877467,0.1954675122220219,0.20454545454545456,0.20000648338373822,1,1,245,148,125,125
WIN_20260414_20_42_23_Pro,341,11.56708826583593,0.21739130434782608,0.22727272727272727,0.22233201581027667,1,1,245,148,125,125
WIN_20260414_20_42_23_Pro,342,11.601009345794393,0.26062334962936257,0.2951498084442171,0.2778865790367898,1,1,245,148,125,125
WIN_20260414_20_42_23_Pro,343,11.634930425752856,0.32577918703670317,0.2841394535019672,0.30495932026933514,1,1,245,148,125,125
WIN_20260414_20_42_23_Pro,344,11.66885150571132,0.30434782608695654,0.32732268126239433,0.31583525367467546,1,1,245,148,125,125
WIN_20260414_20_42_23_Pro,345,11.702772585669782,0.32744038623312244,0.29289310718026207,0.31016674670669225,1,1,245,148,125,125
WIN_20260414_20_42_23_Pro,346,11.736693665628245,0.32744038623312244,0.3056040687932808,0.3165222275132016,1,1,245,148,125,125
WIN_20260414_20_42_23_Pro,347,11.770614745586709,0.32608695652173914,0.3056040687932808,0.31584551265750993,1,1,245,148,125,125
WIN_20260414_20_42_23_Pro,348,11.804535825545171,0.32744038623312244,0.3056040687932808,0.3165222275132016,1,1,245,148,125,125
WIN_20260414_20_42_23_Pro,349,11.838456905503635,0.32744038623312244,0.32732268126239433,0.32738153374775836,1,1,245,148,125,125
WIN_20260414_20_42_23_Pro,350,11.872377985462098,0.32608695652173914,0.3056040687932808,0.31584551265750993,1,1,245,148,125,125
WIN_20260414_20_42_23_Pro,351,11.90629906542056,0.32608695652173914,0.3056040687932808,0.31584551265750993,1,1,245,148,125,125
WIN_20260414_20_42_23_Pro,352,11.940220145379024,0.32744038623312244,0.32732268126239433,0.32738153374775836,1,1,245,148,125,125
WIN_20260414_20_42_23_Pro,353,11.974141225337487,0.32744038623312244,0.32732268126239433,0.32738153374775836,1,1,245,148,125,125
WIN_20260414_20_42_23_Pro,354,12.008062305295951,0.32744038623312244,0.32732268126239433,0.32738153374775836,1,1,245,148,125,125
WIN_20260414_20_42_23_Pro,355,12.041983385254413,0.30589277847953467,0.3194671514418757,0.31267996496070516,1,1,245,148,125,125
WIN_20260414_20_42_23_Pro,356,12.075904465212878,0.32608695652173914,0.3286748335710574,0.3273808950463983,1,1,245,148,125,125
WIN_20260414_20_42_23_Pro,357,12.10982554517134,0.32608695652173914,0.31370837942071633,0.31989766797122776,1,1,245,148,125,125
WIN_20260414_20_42_23_Pro,358,12.143746625129802,0.32744038623312244,0.3421709828606616,0.334805684546892,1,1,245,148,125,125
WIN_20260414_20_42_23_Pro,359,12.177667705088266,0.32763190891431726,0.3286748335710574,0.32815337124268734,1,1,245,148,125,125
WIN_20260414_20_42_23_Pro,360,12.211588785046729,0.30434782608695654,0.3056040687932808,0.3049759474401187,1,1,245,148,125,125
WIN_20260414_20_42_23_Pro,361,12.245509865005193,0.30589277847953467,0.32732268126239433,0.3166077298709645,1,1,245,148,125,125
WIN_20260414_20_42_23_Pro,362,12.279430944963655,0.30434782608695654,0.32732268126239433,0.31583525367467546,1,1,245,148,125,125
WIN_20260414_20_42_23_Pro,363,12.31335202492212,0.32744038623312244,0.32732268126239433,0.32738153374775836,1,1,245,148,125,125
WIN_20260414_20_42_23_Pro,364,12.347273104880582,0.32608695652173914,0.3056040687932808,0.31584551265750993,1,1,245,148,125,125
WIN_20260414_20_42_23_Pro,365,12.381194184839044,0.2916666666666667,0.32732268126239433,0.3094946739645305,1,1,245,148,125,125
WIN_20260414_20_42_23_Pro,366,12.415115264797508,0.32608695652173914,0.31370837942071633,0.31989766797122776,1,1,245,148,125,125
WIN_20260414_20_42_23_Pro,367,12.44903634475597,0.32608695652173914,0.3056040687932808,0.31584551265750993,1,1,245,148,125,125
WIN_20260414_20_42_23_Pro,368,12.482957424714435,0.30434782608695654,0.3488499518144798,0.3265988889507182,1,1,245,148,125,125
WIN_20260414_20_42_23_Pro,369,12.516878504672897,0.32744038623312244,0.3286748335710574,0.32805760990208993,1,1,245,148,125,125
WIN_20260414_20_42_23_Pro,370,12.550799584631362,0.32744038623312244,0.32732268126239433,0.32738153374775836,1,1,245,148,125,125
WIN_20260414_20_42_23_Pro,371,12.584720664589824,0.32608695652173914,0.3056040687932808,0.31584551265750993,1,1,245,148,125,125
WIN_20260414_20_42_23_Pro,372,12.618641744548286,0.32608695652173914,0.3194671514418757,0.32277705398180745,1,1,245,148,125,125
WIN_20260414_20_42_23_Pro,373,12.65256282450675,0.30434782608695654,0.3056040687932808,0.3049759474401187,1,1,245,148,125,125
WIN_20260414_20_42_23_Pro,374,12.686483904465213,0.32608695652173914,0.32620941384625146,0.3261481851839953,1,1,245,148,125,125
WIN_20260414_20_42_23_Pro,375,12.720404984423677,0.32608695652173914,0.32713133934536626,0.32660914793355267,1,1,245,148,125,125
WIN_20260414_20_42_23_Pro,376,12.75432606438214,0.30434782608695654,0.3056040687932808,0.3049759474401187,1,1,245,148,125,125
WIN_20260414_20_42_23_Pro,377,12.788247144340602,0.2916666666666667,0.32713133934536626,0.30939900300601647,1,1,245,148,125,125
WIN_20260414_20_42_23_Pro,378,12.822168224299066,0.30434782608695654,0.3056040687932808,0.3049759474401187,1,1,245,148,125,125
WIN_20260414_20_42_23_Pro,379,12.856089304257528,0.32608695652173914,0.3056040687932808,0.31584551265750993,1,1,245,148,125,125
WIN_20260414_20_42_23_Pro,380,12.890010384215993,0.2916666666666667,0.3056040687932808,0.29863536772997373,1,1,245,148,125,125
WIN_20260414_20_42_23_Pro,381,12.923931464174455,0.30589277847953467,0.3056040687932808,0.30574842363640775,1,1,245,148,125,125
WIN_20260414_20_42_23_Pro,382,12.957852544132919,0.2931472460428874,0.3056040687932808,0.2993756574180841,1,1,245,148,125,125
WIN_20260414_20_42_23_Pro,383,12.991773624091381,0.2931472460428874,0.32713133934536626,0.3101392926941268,1,1,245,148,125,125
WIN_20260414_20_42_23_Pro,384,13.025694704049844,0.2916666666666667,0.3056040687932808,0.29863536772997373,1,1,245,148,125,125
WIN_20260414_20_42_23_Pro,385,13.059615784008308,0.2916666666666667,0.3056040687932808,0.29863536772997373,1,1,245,148,125,125
WIN_20260414_20_42_23_Pro,386,13.09353686396677,0.30434782608695654,0.3056040687932808,0.3049759474401187,1,1,245,148,125,125
WIN_20260414_20_42_23_Pro,387,13.127457943925235,0.2916666666666667,0.3488499518144798,0.32025830924057325,1,1,245,148,125,125
WIN_20260414_20_42_23_Pro,388,13.161379023883697,0.2931472460428874,0.3286748335710574,0.31091103980697243,1,1,245,148,125,125
WIN_20260414_20_42_23_Pro,389,13.195300103842161,0.2916666666666667,0.32713133934536626,0.30939900300601647,1,1,245,148,125,125
WIN_20260414_20_42_23_Pro,390,13.229221183800624,0.2916666666666667,0.3474977995058167,0.3195822330862417,1,1,245,148,125,125
WIN_20260414_20_42_23_Pro,391,13.263142263759086,0.2916666666666667,0.3488499518144798,0.32025830924057325,1,1,245,148,125,125
WIN_20260414_20_42_23_Pro,392,13.29706334371755,0.31222908360681384,0.3488499518144798,0.3305395177106468,1,1,245,148,125,125
WIN_20260414_20_42_23_Pro,393,13.330984423676012,0.31379703680674237,0.3488499518144798,0.3313234943106111,1,1,245,148,125,125
WIN_20260414_20_42_23_Pro,394,13.364905503634477,0.3125,0.32774855817783816,0.32012427908891905,1,1,245,148,125,125
WIN_20260414_20_42_23_Pro,395,13.398826583592939,0.32577918703670317,0.34921516031555516,0.3374971736761292,1,1,245,148,125,125
WIN_20260414_20_42_23_Pro,396,13.432747663551403,0.30589277847953467,0.3056040687932808,0.30574842363640775,1,1,245,148,125,125
WIN_20260414_20_42_23_Pro,397,13.466668743509866,0.32608695652173914,0.3488499518144798,0.33746845416810944,1,1,245,148,125,125
WIN_20260414_20_42_23_Pro,398,13.500589823468328,0.32608695652173914,0.35020210412314284,0.33814453032244096,1,1,245,148,125,125
WIN_20260414_20_42_23_Pro,399,13.534510903426792,0.32732268126239433,0.3646747925407784,0.34599873690158633,1,1,245,148,125,125
WIN_20260414_20_42_23_Pro,400,13.568431983385254,0.3491795166679051,0.3646747925407784,0.35692715460434177,1,1,245,148,125,125
WIN_20260414_20_42_23_Pro,401,13.602353063343719,0.32763190891431726,0.32713133934536626,0.32738162412984173,1,1,245,148,125,125
WIN_20260414_20_42_23_Pro,402,13.636274143302181,0.2916666666666667,0.32713133934536626,0.30939900300601647,1,1,245,148,125,125
WIN_20260414_20_42_23_Pro,403,13.670195223260643,0.31379703680674237,0.32774855817783816,0.32077279749229026,1,1,245,148,125,125
WIN_20260414_20_42_23_Pro,404,13.704116303219108,0.32608695652173914,0.32774855817783816,0.3269177573497887,1,1,245,148,125,125
WIN_20260414_20_42_23_Pro,405,13.73803738317757,0.32577918703670317,0.36355213738678455,0.3446656622117439,1,1,245,148,125,125
WIN_20260414_20_42_23_Pro,406,13.771958463136034,0.30434782608695654,0.3056040687932808,0.3049759474401187,1,1,245,148,125,125
WIN_20260414_20_42_23_Pro,407,13.805879543094496,0.3040605745675896,0.3194671514418757,0.3117638630047327,1,1,245,148,125,125
WIN_20260414_20_42_23_Pro,408,13.83980062305296,0.32608695652173914,0.3056040687932808,0.31584551265750993,1,1,245,148,125,125
WIN_20260414_20_42_23_Pro,409,13.873721703011423,0.3056040687932808,0.3056040687932808,0.3056040687932808,1,1,245,148,125,125
WIN_20260414_20_42_23_Pro,410,13.907642782969885,0.3040605745675896,0.3056040687932808,0.30483232168043517,1,1,245,148,125,125
WIN_20260414_20_42_23_Pro,411,13.94156386292835,0.30589277847953467,0.3056040687932808,0.30574842363640775,1,1,245,148,125,125
WIN_20260414_20_42_23_Pro,412,13.975484942886812,0.3040605745675896,0.28568294772765834,0.294871761147624,1,1,245,148,125,125
WIN_20260414_20_42_23_Pro,413,14.009406022845276,0.21954390277033267,0.22928643684591832,0.22441516980812548,1,1,245,148,125,125
WIN_20260414_20_42_23_Pro,414,14.043327102803739,0.18107149949490153,0.1590909090909091,0.1700812042929053,1,1,245,148,125,125
WIN_20260414_20_42_23_Pro,415,14.077248182762203,0.18385786226784898,0.1590909090909091,0.17147438567937903,1,1,245,148,125,125
WIN_20260414_20_42_23_Pro,416,14.111169262720665,0.18442561845864175,0.14269544797543648,0.16356053321703912,1,1,245,148,125,125
WIN_20260414_20_42_23_Pro,417,14.145090342679127,0.1621105453336672,0.13990731402287063,0.1510089296782689,1,1,245,148,125,125
WIN_20260414_20_42_23_Pro,418,14.179011422637592,0.1394766078968045,0.1362229885127156,0.13784979820476007,1,1,245,148,125,125
WIN_20260414_20_42_23_Pro,419,14.212932502596054,0.1759253847117281,0.1362229885127156,0.15607418661222186,1,1,245,148,125,125
WIN_20260414_20_42_23_Pro,420,14.246853582554518,0.15160183368847388,0.16261114544165658,0.15710648956506523,1,1,245,148,125,125
WIN_20260414_20_42_23_Pro,421,14.28077466251298,0.15511634749731662,0.11351915709392967,0.13431775229562315,1,1,245,148,125,125
WIN_20260414_20_42_23_Pro,422,14.314695742471443,0.15555473373026182,0.1362229885127156,0.14588886112148872,1,1,245,148,125,125
WIN_20260414_20_42_23_Pro,423,14.348616822429907,0.17374889975290836,0.14005176587538284,0.15690033281414562,1,1,245,148,125,125
WIN_20260414_20_42_23_Pro,424,14.38253790238837,0.15843756205803883,0.1362229885127156,0.14733027528537723,1,1,245,148,125,125
WIN_20260414_20_42_23_Pro,425,14.416458982346834,0.15160183368847388,0.1362229885127156,0.14391241110059474,1,1,245,148,125,125
WIN_20260414_20_42_23_Pro,426,14.450380062305296,0.17325923850111302,0.1394766078968045,0.15636792319895876,1,1,245,148,125,125
WIN_20260414_20_42_23_Pro,427,14.48430114226376,0.15160183368847388,0.1362229885127156,0.14391241110059474,1,1,245,148,125,125
WIN_20260414_20_42_23_Pro,428,14.518222222222223,0.16122392483098627,0.11351915709392967,0.13737154096245796,1,1,245,148,125,125
WIN_20260414_20_42_23_Pro,429,14.552143302180685,0.12994442887583477,0.1362229885127156,0.1330837086942752,1,1,245,148,125,125
WIN_20260414_20_42_23_Pro,430,14.58606438213915,0.15843756205803883,0.13580362462117615,0.14712059333960747,1,1,245,148,125,125
WIN_20260414_20_42_23_Pro,431,14.619985462097612,0.17325923850111302,0.1362229885127156,0.15474111350691433,1,1,245,148,125,125
WIN_20260414_20_42_23_Pro,432,14.653906542056076,0.1394766078968045,0.13990731402287063,0.13969196095983755,1,1,245,148,125,125
WIN_20260414_20_42_23_Pro,433,14.687827622014538,0.15511634749731662,0.1362229885127156,0.14566966800501613,1,1,245,148,125,125
WIN_20260414_20_42_23_Pro,434,14.721748701973002,0.15426797989908897,0.13031167481468128,0.1422898273568851,1,1,245,148,125,125
WIN_20260414_20_42_23_Pro,435,14.755669781931465,0.18385786226784898,0.15041421093753118,0.16713603660269008,1,1,245,148,125,125
WIN_20260414_20_42_23_Pro,436,14.789590861889927,0.18107149949490153,0.13990731402287063,0.16048940675888607,1,1,245,148,125,125
WIN_20260414_20_42_23_Pro,437,14.823511941848391,0.16172178703985582,0.13636363636363635,0.1490427117017461,1,1,245,148,125,125
WIN_20260414_20_42_23_Pro,438,14.857433021806854,0.15160183368847388,0.1338361212611483,0.1427189774748111,1,1,245,148,125,125
WIN_20260414_20_42_23_Pro,439,14.891354101765318,0.1759253847117281,0.15892681993150154,0.1674261023216148,1,1,245,148,125,125
WIN_20260414_20_42_23_Pro,440,14.92527518172378,0.13345894268467748,0.13990731402287063,0.13668312835377405,1,1,245,148,125,125
WIN_20260414_20_42_23_Pro,441,14.959196261682244,0.13990731402287063,0.1362229885127156,0.13806515126779312,1,1,245,148,125,125
WIN_20260414_20_42_23_Pro,442,14.993117341640707,0.1385899873941236,0.1338361212611483,0.13621305432763595,1,1,245,148,125,125
WIN_20260414_20_42_23_Pro,443,15.027038421599169,0.15555473373026182,0.13031167481468128,0.14293320427247155,1,1,245,148,125,125
WIN_20260414_20_42_23_Pro,444,15.060959501557633,0.15426797989908897,0.1362229885127156,0.14524548420590228,1,1,245,148,125,125
WIN_20260414_20_42_23_Pro,445,15.094880581516096,0.16122392483098627,0.1362229885127156,0.14872345667185094,1,1,245,148,125,125
WIN_20260414_20_42_23_Pro,446,15.12880166147456,0.1547039684951536,0.13043478260869565,0.14256937555192462,1,1,245,148,125,125
WIN_20260414_20_42_23_Pro,447,15.162722741433022,0.1385899873941236,0.13636363636363635,0.13747681187887997,1,1,245,148,125,125
WIN_20260414_20_42_23_Pro,448,15.196643821391485,0.15763206911247005,0.13990731402287063,0.14876969156767034,1,1,245,148,125,125
WIN_20260414_20_42_23_Pro,449,15.230564901349949,0.15089572049267608,0.13990731402287063,0.14540151725777334,1,1,245,148,125,125
WIN_20260414_20_42_23_Pro,450,15.264485981308411,0.15511634749731662,0.15892681993150154,0.15702158371440908,1,1,245,148,125,125
WIN_20260414_20_42_23_Pro,451,15.298407061266875,0.15160183368847388,0.13990731402287063,0.14575457385567225,1,1,245,148,125,125
WIN_20260414_20_42_23_Pro,452,15.332328141225338,0.1759253847117281,0.1362229885127156,0.15607418661222186,1,1,245,148,125,125
WIN_20260414_20_42_23_Pro,453,15.366249221183802,0.1543938648123322,0.1362229885127156,0.14530842666252392,1,1,245,148,125,125
WIN_20260414_20_42_23_Pro,454,15.400170301142264,0.13345894268467748,0.1362229885127156,0.13484096559869654,1,1,245,148,125,125
WIN_20260414_20_42_23_Pro,455,15.434091381100727,0.13345894268467748,0.13990731402287063,0.13668312835377405,1,1,245,148,125,125
WIN_20260414_20_42_23_Pro,456,15.46801246105919,0.15511634749731662,0.14269544797543648,0.14890589773637655,1,1,245,148,125,125
WIN_20260414_20_42_23_Pro,457,15.501933541017653,0.15160183368847388,0.1362229885127156,0.14391241110059474,1,1,245,148,125,125
WIN_20260414_20_42_23_Pro,458,15.535854620976117,0.17642258096426716,0.15217391304347827,0.16429824700387272,1,1,245,148,125,125
WIN_20260414_20_42_23_Pro,459,15.56977570093458,0.15511634749731662,0.1362229885127156,0.14566966800501613,1,1,245,148,125,125
WIN_20260414_20_42_23_Pro,460,15.603696780893044,0.13283733331337846,0.13990731402287063,0.13637232366812455,1,1,245,148,125,125
WIN_20260414_20_42_23_Pro,461,15.637617860851506,0.13283733331337846,0.1362229885127156,0.13453016091304704,1,1,245,148,125,125
WIN_20260414_20_42_23_Pro,462,15.671538940809969,0.13511320209640287,0.1362229885127156,0.13566809530455926,1,1,245,148,125,125
WIN_20260414_20_42_23_Pro,463,15.705460020768433,0.15511634749731662,0.1362229885127156,0.14566966800501613,1,1,245,148,125,125
WIN_20260414_20_42_23_Pro,464,15.739381100726895,0.1759253847117281,0.14005176587538284,0.15798857529355548,1,1,245,148,125,125
WIN_20260414_20_42_23_Pro,465,15.77330218068536,0.13580362462117615,0.13636363636363635,0.13608363049240624,1,1,245,148,125,125
WIN_20260414_20_42_23_Pro,466,15.807223260643822,0.17374889975290836,0.1590909090909091,0.16641990442190874,1,1,245,148,125,125
WIN_20260414_20_42_23_Pro,467,15.841144340602286,0.1394766078968045,0.1362229885127156,0.13784979820476007,1,1,245,148,125,125
WIN_20260414_20_42_23_Pro,468,15.875065420560748,0.15843756205803883,0.1362229885127156,0.14733027528537723,1,1,245,148,125,125
WIN_20260414_20_42_23_Pro,469,15.90898650051921,0.13345894268467748,0.15892681993150154,0.1461928813080895,1,1,245,148,125,125
WIN_20260414_20_42_23_Pro,470,15.942907580477675,0.13345894268467748,0.1338361212611483,0.1336475319729129,1,1,245,148,125,125
WIN_20260414_20_42_23_Pro,471,15.976828660436137,0.15511634749731662,0.1362229885127156,0.14566966800501613,1,1,245,148,125,125
WIN_20260414_20_42_23_Pro,472,16.0107497403946,0.15555473373026182,0.13031167481468128,0.14293320427247155,1,1,245,148,125,125
WIN_20260414_20_42_23_Pro,473,16.044670820353065,0.18107149949490153,0.13031167481468128,0.15569158715479142,1,1,245,148,125,125
WIN_20260414_20_42_23_Pro,474,16.078591900311526,0.16122392483098627,0.13990731402287063,0.15056561942692845,1,1,245,148,125,125
WIN_20260414_20_42_23_Pro,475,16.11251298026999,0.13345894268467748,0.1362229885127156,0.13484096559869654,1,1,245,148,125,125
WIN_20260414_20_42_23_Pro,476,16.146434060228454,0.1394766078968045,0.15892681993150154,0.14920171391415302,1,1,245,148,125,125
WIN_20260414_20_42_23_Pro,477,16.180355140186915,0.13283733331337846,0.1362229885127156,0.13453016091304704,1,1,245,148,125,125
WIN_20260414_20_42_23_Pro,478,16.21427622014538,0.15089572049267608,0.1362229885127156,0.14355935450269586,1,1,245,148,125,125
WIN_20260414_20_42_23_Pro,479,16.248197300103843,0.15160183368847388,0.1590909090909091,0.15534637138969148,1,1,245,148,125,125
WIN_20260414_20_42_23_Pro,480,16.282118380062307,0.13345894268467748,0.1362229885127156,0.13484096559869654,1,1,245,148,125,125
WIN_20260414_20_42_23_Pro,481,16.316039460020768,0.13345894268467748,0.16277903860265558,0.14811899064366651,1,1,245,148,125,125
WIN_20260414_20_42_23_Pro,482,16.349960539979232,0.15555473373026182,0.15892681993150154,0.15724077683088167,1,1,245,148,125,125
WIN_20260414_20_42_23_Pro,483,16.383881619937696,0.15354944864095355,0.15555473373026182,0.1545520911856077,1,1,245,148,125,125
WIN_20260414_20_42_23_Pro,484,16.417802699896157,0.13345894268467748,0.1394766078968045,0.136467775290741,1,1,245,148,125,125
WIN_20260414_20_42_23_Pro,485,16.45172377985462,0.15511634749731662,0.16172178703985582,0.15841906726858623,1,1,245,148,125,125
WIN_20260414_20_42_23_Pro,486,16.485644859813085,0.1621105453336672,0.1362229885127156,0.14916676692319142,1,1,245,148,125,125
WIN_20260414_20_42_23_Pro,487,16.519565939771546,0.16122392483098627,0.13636363636363635,0.1487937805973113,1,1,245,148,125,125
WIN_20260414_20_42_23_Pro,488,16.55348701973001,0.1394766078968045,0.13990731402287063,0.13969196095983755,1,1,245,148,125,125
WIN_20260414_20_42_23_Pro,489,16.587408099688474,0.12994442887583477,0.1590909090909091,0.14451766898337193,1,1,245,148,125,125
WIN_20260414_20_42_23_Pro,490,16.62132917964694,0.1394766078968045,0.14655482945648382,0.14301571867664414,1,1,245,148,125,125
WIN_20260414_20_42_23_Pro,491,16.6552502596054,0.1543938648123322,0.16172178703985582,0.15805782592609402,1,1,245,148,125,125
WIN_20260414_20_42_23_Pro,492,16.689171339563863,0.15511634749731662,0.15217391304347827,0.15364513027039745,1,1,245,148,125,125
WIN_20260414_20_42_23_Pro,493,16.723092419522327,0.15354944864095355,0.1520302872837948,0.15278986796237418,1,1,245,148,125,125
WIN_20260414_20_42_23_Pro,494,16.757013499480788,0.15426797989908897,0.15217391304347827,0.15322094647128362,1,1,245,148,125,125
WIN_20260414_20_42_23_Pro,495,16.790934579439252,0.17775970828818474,0.15892681993150154,0.16834326410984313,1,1,245,148,125,125
WIN_20260414_20_42_23_Pro,496,16.824855659397716,0.15426797989908897,0.16261114544165658,0.1584395626703728,1,1,245,148,125,125
WIN_20260414_20_42_23_Pro,497,16.85877673935618,0.17325923850111302,0.15892681993150154,0.16609302921630728,1,1,245,148,125,125
WIN_20260414_20_42_23_Pro,498,16.89269781931464,0.15160183368847388,0.1362229885127156,0.14391241110059474,1,1,245,148,125,125
WIN_20260414_20_42_23_Pro,499,16.926618899273105,0.1394766078968045,0.1362229885127156,0.13784979820476007,1,1,245,148,125,125
WIN_20260414_20_42_23_Pro,500,16.96053997923157,0.1759253847117281,0.15892681993150154,0.1674261023216148,1,1,245,148,125,125
WIN_20260414_20_42_23_Pro,501,16.99446105919003,0.13283733331337846,0.11351915709392967,0.12317824520365406,1,1,245,148,125,125
WIN_20260414_20_42_23_Pro,502,17.028382139148494,0.1759253847117281,0.15892681993150154,0.1674261023216148,1,1,245,148,125,125
WIN_20260414_20_42_23_Pro,503,17.06230321910696,0.15160183368847388,0.13990731402287063,0.14575457385567225,1,1,245,148,125,125
WIN_20260414_20_42_23_Pro,504,17.096224299065423,0.15511634749731662,0.1590909090909091,0.15710362829411284,1,1,245,148,125,125
WIN_20260414_20_42_23_Pro,505,17.130145379023883,0.15354944864095355,0.13990731402287063,0.14672838133191207,1,1,245,148,125,125
WIN_20260414_20_42_23_Pro,506,17.164066458982347,0.15160183368847388,0.13636363636363635,0.14398273502605513,1,1,245,148,125,125
WIN_20260414_20_42_23_Pro,507,17.19798753894081,0.17325923850111302,0.15485012012979257,0.1640546793154528,1,1,245,148,125,125
WIN_20260414_20_42_23_Pro,508,17.231908618899272,0.15843756205803883,0.15217391304347827,0.15530573755075855,1,1,245,148,125,125
WIN_20260414_20_42_23_Pro,509,17.265829698857736,0.15160183368847388,0.15217391304347827,0.1518878733659761,1,1,245,148,125,125
WIN_20260414_20_42_23_Pro,510,17.2997507788162,0.1759253847117281,0.1362229885127156,0.15607418661222186,1,1,245,148,125,125
WIN_20260414_20_42_23_Pro,511,17.333671858774665,0.1759253847117281,0.1590909090909091,0.1675081469013186,1,1,245,148,125,125
WIN_20260414_20_42_23_Pro,512,17.367592938733125,0.15511634749731662,0.15892681993150154,0.15702158371440908,1,1,245,148,125,125
WIN_20260414_20_42_23_Pro,513,17.40151401869159,0.17374889975290836,0.1362229885127156,0.15498594413281197,1,1,245,148,125,125
WIN_20260414_20_42_23_Pro,514,17.435435098650053,0.21933669143437756,0.17391304347826086,0.1966248674563192,1,1,245,148,125,125
WIN_20260414_20_42_23_Pro,515,17.469356178608514,0.26062334962936257,0.21739130434782608,0.23900732698859434,1,1,245,148,125,125
WIN_20260414_20_42_23_Pro,516,17.50327725856698,0.2826086956521739,0.2391304347826087,0.2608695652173913,1,1,245,148,125,125
WIN_20260414_20_42_23_Pro,517,17.537198338525442,0.284153648044752,0.2951498084442171,0.2896517282444846,1,1,245,148,125,125
WIN_20260414_20_42_23_Pro,518,17.571119418483907,0.2826086956521739,0.26062334962936257,0.27161602264076823,1,1,245,148,125,125
WIN_20260414_20_42_23_Pro,519,17.605040498442367,0.28440788517827575,0.26062334962936257,0.27251561740381913,1,1,245,148,125,125
WIN_20260414_20_42_23_Pro,520,17.63896157840083,0.30589277847953467,0.28154626256430865,0.29371952052192163,1,1,245,148,125,125
WIN_20260414_20_42_23_Pro,521,17.672882658359296,0.30589277847953467,0.31687512411607766,0.31138395129780616,1,1,245,148,125,125
WIN_20260414_20_42_23_Pro,522,17.706803738317756,0.30589277847953467,0.30474281170853446,0.30531779509403456,1,1,245,148,125,125
WIN_20260414_20_42_23_Pro,523,17.74072481827622,0.28440788517827575,0.30714756301897195,0.29577772409862385,1,1,245,148,125,125
WIN_20260414_20_42_23_Pro,524,17.774645898234684,0.30589277847953467,0.3056040687932808,0.30574842363640775,1,1,245,148,125,125
WIN_20260414_20_42_23_Pro,525,17.80856697819315,0.30434782608695654,0.30474281170853446,0.3045453188977455,1,1,245,148,125,125
WIN_20260414_20_42_23_Pro,526,17.84248805815161,0.32608695652173914,0.30589277847953467,0.3159898675006369,1,1,245,148,125,125
WIN_20260414_20_42_23_Pro,527,17.876409138110073,0.32744038623312244,0.3056040687932808,0.3165222275132016,1,1,245,148,125,125
WIN_20260414_20_42_23_Pro,528,17.910330218068538,0.30589277847953467,0.3056040687932808,0.30574842363640775,1,1,245,148,125,125
WIN_20260414_20_42_23_Pro,529,17.944251298026998,0.30589277847953467,0.3056040687932808,0.30574842363640775,1,1,245,148,125,125
WIN_20260414_20_42_23_Pro,530,17.978172377985462,0.30434782608695654,0.3040605745675896,0.3042042003272731,1,1,245,148,125,125
WIN_20260414_20_42_23_Pro,531,18.012093457943926,0.30434782608695654,0.3056040687932808,0.3049759474401187,1,1,245,148,125,125
WIN_20260414_20_42_23_Pro,532,18.04601453790239,0.32608695652173914,0.32620941384625146,0.3261481851839953,1,1,245,148,125,125
WIN_20260414_20_42_23_Pro,533,18.07993561786085,0.32608695652173914,0.32620941384625146,0.3261481851839953,1,1,245,148,125,125
WIN_20260414_20_42_23_Pro,534,18.113856697819315,0.32608695652173914,0.32774855817783816,0.3269177573497887,1,1,245,148,125,125
WIN_20260414_20_42_23_Pro,535,18.14777777777778,0.32608695652173914,0.3062819560401212,0.31618445628093017,1,1,245,148,125,125
WIN_20260414_20_42_23_Pro,536,18.18169885773624,0.2931472460428874,0.3264002165211736,0.3097737312820305,1,1,245,148,125,125
WIN_20260414_20_42_23_Pro,537,18.215619937694704,0.3139805793762207,0.32732268126239433,0.32065163031930755,1,1,245,148,125,125
WIN_20260414_20_42_23_Pro,538,18.24954101765317,0.32577918703670317,0.32732268126239433,0.3265509341495487,1,1,245,148,125,125
WIN_20260414_20_42_23_Pro,539,18.28346209761163,0.3333333333333333,0.32774855817783816,0.33054094575558574,1,1,245,148,125,125
WIN_20260414_20_42_23_Pro,540,18.317383177570093,0.32763190891431726,0.3264002165211736,0.3270160627177454,1,1,245,148,125,125
WIN_20260414_20_42_23_Pro,541,18.351304257528557,0.32744038623312244,0.3488499518144798,0.3381451690238011,1,1,245,148,125,125
WIN_20260414_20_42_23_Pro,542,18.38522533748702,0.32577918703670317,0.3488499518144798,0.33731456942559146,1,1,245,148,125,125
WIN_20260414_20_42_23_Pro,543,18.419146417445482,0.32713133934536626,0.32713133934536626,0.32713133934536626,1,1,245,148,125,125
WIN_20260414_20_42_23_Pro,544,18.453067497403946,0.3040605745675896,0.3488499518144798,0.3264552631910347,1,1,245,148,125,125
WIN_20260414_20_42_23_Pro,545,18.48698857736241,0.32577918703670317,0.3488499518144798,0.33731456942559146,1,1,245,148,125,125
WIN_20260414_20_42_23_Pro,546,18.52090965732087,0.30434782608695654,0.3286748335710574,0.316511329829007,1,1,245,148,125,125
WIN_20260414_20_42_23_Pro,547,18.554830737279335,0.3040605745675896,0.35020210412314284,0.3271313393453662,1,1,245,148,125,125
WIN_20260414_20_42_23_Pro,548,18.5887518172378,0.32577918703670317,0.3488499518144798,0.33731456942559146,1,1,245,148,125,125
WIN_20260414_20_42_23_Pro,549,18.622672897196264,0.32763190891431726,0.3478668186588906,0.3377493637866039,1,1,245,148,125,125
WIN_20260414_20_42_23_Pro,550,18.656593977154724,0.32608695652173914,0.3488499518144798,0.33746845416810944,1,1,245,148,125,125
WIN_20260414_20_42_23_Pro,551,18.69051505711319,0.32608695652173914,0.35020210412314284,0.33814453032244096,1,1,245,148,125,125
WIN_20260414_20_42_23_Pro,552,18.724436137071653,0.32763190891431726,0.32713133934536626,0.32738162412984173,1,1,245,148,125,125
WIN_20260414_20_42_23_Pro,553,18.758357217030113,0.3488499518144798,0.3488499518144798,0.3488499518144798,1,1,245,148,125,125
WIN_20260414_20_42_23_Pro,554,18.792278296988577,0.3491795166679051,0.3488499518144798,0.34901473424119245,1,1,245,148,125,125
WIN_20260414_20_42_23_Pro,555,18.82619937694704,0.32608695652173914,0.3646747925407784,0.34538087453125876,1,1,245,148,125,125
WIN_20260414_20_42_23_Pro,556,18.860120456905506,0.3333333333333333,0.36355213738678455,0.34844273536005893,1,1,245,148,125,125
WIN_20260414_20_42_23_Pro,557,18.894041536863966,0.34782608695652173,0.3488499518144798,0.3483380193855008,1,1,245,148,125,125
WIN_20260414_20_42_23_Pro,558,18.92796261682243,0.34782608695652173,0.35020210412314284,0.3490140955398323,1,1,245,148,125,125
WIN_20260414_20_42_23_Pro,559,18.961883696780895,0.32732268126239433,0.35020210412314284,0.3387623926927686,1,1,245,148,125,125
WIN_20260414_20_42_23_Pro,560,18.995804776739355,0.3491795166679051,0.3474977995058167,0.34833865808686093,1,1,245,148,125,125
WIN_20260414_20_42_23_Pro,561,19.02972585669782,0.3491795166679051,0.3488499518144798,0.34901473424119245,1,1,245,148,125,125
WIN_20260414_20_42_23_Pro,562,19.063646936656284,0.3346303701400757,0.32713133934536626,0.330880854742721,1,1,245,148,125,125
WIN_20260414_20_42_23_Pro,563,19.097568016614748,0.3333333333333333,0.34921516031555516,0.34127424682444424,1,1,245,148,125,125
WIN_20260414_20_42_23_Pro,564,19.13148909657321,0.3333333333333333,0.35020210412314284,0.3417677187282381,1,1,245,148,125,125
WIN_20260414_20_42_23_Pro,565,19.165410176531672,0.3333333333333333,0.34921516031555516,0.34127424682444424,1,1,245,148,125,125
WIN_20260414_20_42_23_Pro,566,19.199331256490137,0.34782608695652173,0.35020210412314284,0.3490140955398323,1,1,245,148,125,125
WIN_20260414_20_42_23_Pro,567,19.233252336448597,0.3333333333333333,0.35630840657687135,0.3448208699551023,1,1,245,148,125,125
WIN_20260414_20_42_23_Pro,568,19.26717341640706,0.34782608695652173,0.3343402682107032,0.34108317758361245,1,1,245,148,125,125
WIN_20260414_20_42_23_Pro,569,19.301094496365526,0.3333333333333333,0.35020210412314284,0.3417677187282381,1,1,245,148,125,125
WIN_20260414_20_42_23_Pro,570,19.33501557632399,0.34782608695652173,0.35020210412314284,0.3490140955398323,1,1,245,148,125,125
WIN_20260414_20_42_23_Pro,571,19.36893665628245,0.3491795166679051,0.3478668186588906,0.34852316766339786,1,1,245,148,125,125
WIN_20260414_20_42_23_Pro,572,19.402857736240914,0.3343402682107032,0.3488499518144798,0.34159511001259146,1,1,245,148,125,125
WIN_20260414_20_42_23_Pro,573,19.43677881619938,0.34782608695652173,0.3478668186588906,0.34784645280770615,1,1,245,148,125,125
WIN_20260414_20_42_23_Pro,574,19.47069989615784,0.3505329463792884,0.3474977995058167,0.3490153729425526,1,1,245,148,125,125
WIN_20260414_20_42_23_Pro,575,19.504620976116303,0.3491795166679051,0.3478668186588906,0.34852316766339786,1,1,245,148,125,125
WIN_20260414_20_42_23_Pro,576,19.538542056074768,0.34782608695652173,0.34921516031555516,0.3485206236360384,1,1,245,148,125,125
WIN_20260414_20_42_23_Pro,577,19.57246313603323,0.3333333333333333,0.3717714624404806,0.35255239788690695,1,1,245,148,125,125
WIN_20260414_20_42_23_Pro,578,19.606384215991692,0.32577918703670317,0.35020210412314284,0.337990645579923,1,1,245,148,125,125
WIN_20260414_20_42_23_Pro,579,19.640305295950157,0.3135249959702489,0.35020210412314284,0.3318635500466959,1,1,245,148,125,125
WIN_20260414_20_42_23_Pro,580,19.67422637590862,0.33304435584726805,0.37041931013181756,0.3517318329895428,1,1,245,148,125,125
WIN_20260414_20_42_23_Pro,581,19.70814745586708,0.31222908360681384,0.3488499518144798,0.3305395177106468,1,1,245,148,125,125
WIN_20260414_20_42_23_Pro,582,19.742068535825545,0.32732268126239433,0.3488499518144798,0.33808631653843707,1,1,245,148,125,125
WIN_20260414_20_42_23_Pro,583,19.77598961578401,0.3343402682107032,0.36921641197493027,0.3517783400928167,1,1,245,148,125,125
WIN_20260414_20_42_23_Pro,584,19.809910695742474,0.32713133934536626,0.3474977995058167,0.33731456942559146,1,1,245,148,125,125
WIN_20260414_20_42_23_Pro,585,19.843831775700934,0.3488499518144798,0.3478668186588906,0.34835838523668516,1,1,245,148,125,125
WIN_20260414_20_42_23_Pro,586,19.8777528556594,0.35630840657687135,0.3705685642835933,0.3634384854302323,1,1,245,148,125,125
WIN_20260414_20_42_23_Pro,587,19.911673935617863,0.35020210412314284,0.3705685642835933,0.36038533420336805,1,1,245,148,125,125
WIN_20260414_20_42_23_Pro,588,19.945595015576323,0.3356361805741383,0.3705685642835933,0.3531023724288658,1,1,245,148,125,125
WIN_20260414_20_42_23_Pro,589,19.979516095534787,0.3343402682107032,0.3488499518144798,0.34159511001259146,1,1,245,148,125,125
WIN_20260414_20_42_23_Pro,590,20.01343717549325,0.33592740694681805,0.3695242234715297,0.3527258152091739,1,1,245,148,125,125
WIN_20260414_20_42_23_Pro,591,20.047358255451712,0.3538596280877223,0.3705685642835933,0.3622140961856578,1,1,245,148,125,125
WIN_20260414_20_42_23_Pro,592,20.081279335410176,0.33592740694681805,0.3705685642835933,0.35324798561520565,1,1,245,148,125,125
WIN_20260414_20_42_23_Pro,593,20.11520041536864,0.3333333333333333,0.36921641197493027,0.3512748726541318,1,1,245,148,125,125
WIN_20260414_20_42_23_Pro,594,20.149121495327105,0.3538596280877223,0.37041931013181756,0.3621394691097699,1,1,245,148,125,125
WIN_20260414_20_42_23_Pro,595,20.183042575285565,0.3333333333333333,0.37041931013181756,0.35187632173257544,1,1,245,148,125,125
WIN_20260414_20_42_23_Pro,596,20.21696365524403,0.33304435584726805,0.37041931013181756,0.3517318329895428,1,1,245,148,125,125
WIN_20260414_20_42_23_Pro,597,20.250884735202494,0.33304435584726805,0.36921641197493027,0.3511303839110992,1,1,245,148,125,125
WIN_20260414_20_42_23_Pro,598,20.284805815160954,0.33304435584726805,0.3705685642835933,0.3518064600654307,1,1,245,148,125,125
WIN_20260414_20_42_23_Pro,599,20.31872689511942,0.3333333333333333,0.3705685642835933,0.35195094880846334,1,1,245,148,125,125
WIN_20260414_20_42_23_Pro,600,20.352647975077883,0.3538596280877223,0.36921641197493027,0.3615380200313263,1,1,245,148,125,125
WIN_20260414_20_42_23_Pro,601,20.386569055036347,0.3333333333333333,0.3488499518144798,0.34109164257390656,1,1,245,148,125,125
WIN_20260414_20_42_23_Pro,602,20.420490134994807,0.3333333333333333,0.36921641197493027,0.3512748726541318,1,1,245,148,125,125
WIN_20260414_20_42_23_Pro,603,20.45441121495327,0.3333333333333333,0.36937538994961056,0.35135436164147194,1,1,245,148,125,125
WIN_20260414_20_42_23_Pro,604,20.488332294911736,0.33304435584726805,0.3705685642835933,0.3518064600654307,1,1,245,148,125,125
WIN_20260414_20_42_23_Pro,605,20.522253374870196,0.3538596280877223,0.37041931013181756,0.3621394691097699,1,1,245,148,125,125
WIN_20260414_20_42_23_Pro,606,20.55617445482866,0.33304435584726805,0.3538596280877223,0.3434519919674952,1,1,245,148,125,125
WIN_20260414_20_42_23_Pro,607,20.590095534787125,0.33304435584726805,0.3717714624404806,0.3524079091438743,1,1,245,148,125,125
WIN_20260414_20_42_23_Pro,608,20.62401661474559,0.33304435584726805,0.3478668186588906,0.34045558725307934,1,1,245,148,125,125
WIN_20260414_20_42_23_Pro,609,20.65793769470405,0.35020210412314284,0.38737862395956435,0.36879036404135357,1,1,245,148,125,125
WIN_20260414_20_42_23_Pro,610,20.691858774662514,0.33304435584726805,0.3705685642835933,0.3518064600654307,1,1,245,148,125,125
WIN_20260414_20_42_23_Pro,611,20.725779854620978,0.3356361805741383,0.33476703451392453,0.3352016075440314,1,1,245,148,125,125
WIN_20260414_20_42_23_Pro,612,20.75970093457944,0.34782608695652173,0.34921516031555516,0.3485206236360384,1,1,245,148,125,125
WIN_20260414_20_42_23_Pro,613,20.793622014537902,0.33304435584726805,0.35538572879145625,0.3442150423193622,1,1,245,148,125,125
WIN_20260414_20_42_23_Pro,614,20.827543094496367,0.3356361805741383,0.35630840657687135,0.34597229357550485,1,1,245,148,125,125
WIN_20260414_20_42_23_Pro,615,20.86146417445483,0.3474977995058167,0.34921516031555516,0.34835647991068597,1,1,245,148,125,125
WIN_20260414_20_42_23_Pro,616,20.89538525441329,0.35020210412314284,0.34921516031555516,0.349708632219349,1,1,245,148,125,125
WIN_20260414_20_42_23_Pro,617,20.929306334371756,0.35020210412314284,0.34921516031555516,0.349708632219349,1,1,245,148,125,125
WIN_20260414_20_42_23_Pro,618,20.96322741433022,0.3474977995058167,0.34921516031555516,0.34835647991068597,1,1,245,148,125,125
WIN_20260414_20_42_23_Pro,619,20.99714849428868,0.33304435584726805,0.3488499518144798,0.34094715383087393,1,1,245,148,125,125
WIN_20260414_20_42_23_Pro,620,21.031069574247145,0.32732268126239433,0.3488499518144798,0.33808631653843707,1,1,245,148,125,125
WIN_20260414_20_42_23_Pro,621,21.06499065420561,0.34782608695652173,0.3478668186588906,0.34784645280770615,1,1,245,148,125,125
WIN_20260414_20_42_23_Pro,622,21.098911734164073,0.3333333333333333,0.3478668186588906,0.340600075996112,1,1,245,148,125,125
WIN_20260414_20_42_23_Pro,623,21.132832814122533,0.3505329463792884,0.3717714624404806,0.3611522044098845,1,1,245,148,125,125
WIN_20260414_20_42_23_Pro,624,21.166753894080998,0.3488499518144798,0.35020210412314284,0.3495260279688113,1,1,245,148,125,125
WIN_20260414_20_42_23_Pro,625,21.20067497403946,0.3488499518144798,0.34921516031555516,0.3490325560650175,1,1,245,148,125,125
WIN_20260414_20_42_23_Pro,626,21.234596053997922,0.3356361805741383,0.3488499518144798,0.34224306619430905,1,1,245,148,125,125
WIN_20260414_20_42_23_Pro,627,21.268517133956387,0.3491795166679051,0.3343402682107032,0.34175989243930416,1,1,245,148,125,125
WIN_20260414_20_42_23_Pro,628,21.30243821391485,0.35020210412314284,0.3488499518144798,0.3495260279688113,1,1,245,148,125,125
WIN_20260414_20_42_23_Pro,629,21.336359293873315,0.3346303701400757,0.35020210412314284,0.3424162371316093,1,1,245,148,125,125
WIN_20260414_20_42_23_Pro,630,21.370280373831775,0.3333333333333333,0.3478668186588906,0.340600075996112,1,1,245,148,125,125
WIN_20260414_20_42_23_Pro,631,21.40420145379024,0.3333333333333333,0.36937538994961056,0.35135436164147194,1,1,245,148,125,125
WIN_20260414_20_42_23_Pro,632,21.438122533748704,0.3333333333333333,0.36817588181486516,0.35075460757409926,1,1,245,148,125,125
WIN_20260414_20_42_23_Pro,633,21.472043613707164,0.3333333333333333,0.34651847700222604,0.33992590516777965,1,1,245,148,125,125
WIN_20260414_20_42_23_Pro,634,21.50596469366563,0.33304435584726805,0.34921516031555516,0.3411297580814116,1,1,245,148,125,125
WIN_20260414_20_42_23_Pro,635,21.539885773624093,0.3474977995058167,0.3717714624404806,0.35963463097314863,1,1,245,148,125,125
WIN_20260414_20_42_23_Pro,636,21.573806853582557,0.3474977995058167,0.3334744779779903,0.3404861387419035,1,1,245,148,125,125
WIN_20260414_20_42_23_Pro,637,21.607727933541018,0.3491795166679051,0.35020210412314284,0.34969081039552397,1,1,245,148,125,125
WIN_20260414_20_42_23_Pro,638,21.64164901349948,0.3346303701400757,0.3478668186588906,0.34124859439948313,1,1,245,148,125,125
WIN_20260414_20_42_23_Pro,639,21.675570093457946,0.3343402682107032,0.35515554045115744,0.3447479043309303,1,1,245,148,125,125
WIN_20260414_20_42_23_Pro,640,21.709491173416406,0.35020210412314284,0.3538596280877223,0.35203086610543255,1,1,245,148,125,125
WIN_20260414_20_42_23_Pro,641,21.74341225337487,0.3356361805741383,0.3356361805741383,0.3356361805741383,1,1,245,148,125,125
WIN_20260414_21_29_13_Pro,0,0.0,0.2698004163034483,0.3184400348593542,0.2941202255814013,1,1,244,178,151,150
WIN_20260414_21_29_13_Pro,1,0.0334723779854621,0.30804303767764446,0.3517653932378514,0.32990421545774795,1,1,244,178,151,150
WIN_20260414_21_29_13_Pro,2,0.0669447559709242,0.3004614164523804,0.2906190878077789,0.2955402521300796,1,1,244,178,151,150
WIN_20260414_21_29_13_Pro,3,0.1004171339563863,0.2698004163034483,0.2906190878077789,0.2802097520556136,1,1,244,178,151,150
WIN_20260414_21_29_13_Pro,4,0.1338895119418484,0.30797974188835114,0.3128430028464214,0.31041137236738625,1,1,244,178,151,150
WIN_20260414_21_29_13_Pro,5,0.1673618899273105,0.30678600367268055,0.3128430028464214,0.30981450325955096,1,1,244,178,151,150
WIN_20260414_21_29_13_Pro,6,0.2008342679127726,0.30797974188835114,0.31098791531643766,0.30948382860239443,1,1,244,178,151,150
WIN_20260414_21_29_13_Pro,7,0.2343066458982347,0.30797974188835114,0.315283703307449,0.31163172259790006,1,1,244,178,151,150
WIN_20260414_21_29_13_Pro,8,0.2677790238836968,0.28052511066176816,0.3241202121600601,0.30232266141091413,1,1,244,178,151,150
WIN_20260414_21_29_13_Pro,9,0.3012514018691589,0.2684377532135955,0.3313567428250964,0.2998972480193459,1,1,244,178,151,150
WIN_20260414_21_29_13_Pro,10,0.334723779854621,0.2698004163034483,0.31098791531643766,0.290394165809943,1,1,244,178,151,150
WIN_20260414_21_29_13_Pro,11,0.3681961578400831,0.27116307939330114,0.31098791531643766,0.2910754973548694,1,1,244,178,151,150
WIN_20260414_21_29_13_Pro,12,0.4016685358255452,0.28897454153299085,0.3313567428250964,0.31016564217904363,1,1,244,178,151,150
WIN_20260414_21_29_13_Pro,13,0.4351409138110073,0.30118049820082543,0.31098791531643766,0.30608420675863157,1,1,244,161,151,151
WIN_20260414_21_29_13_Pro,14,0.4686132917964694,0.32098845664958187,0.3333333333333333,0.3271608949914576,1,1,244,161,151,151
WIN_20260414_21_29_13_Pro,15,0.5020856697819315,0.2684377532135955,0.3184400348593542,0.29343889403647483,1,1,244,161,151,151
WIN_20260414_21_29_13_Pro,16,0.5355580477673936,0.30797974188835114,0.31098791531643766,0.30948382860239443,1,1,244,161,151,151
WIN_20260414_21_29_13_Pro,17,0.5690304257528557,0.28052511066176816,0.3313567428250964,0.3059409267434323,1,1,244,161,151,151
WIN_20260414_21_29_13_Pro,18,0.6025028037383178,0.30797974188835114,0.3333333333333333,0.32065653761084223,1,1,244,161,151,151
WIN_20260414_21_29_13_Pro,19,0.6359751817237799,0.28052511066176816,0.31098791531643766,0.2957565129891029,1,1,244,161,151,151
WIN_20260414_21_29_13_Pro,20,0.669447559709242,0.30797974188835114,0.3371360994760992,0.32255792068222516,1,1,244,161,151,151
WIN_20260414_21_29_13_Pro,21,0.7029199376947041,0.2684377532135955,0.3313567428250964,0.2998972480193459,1,1,244,161,151,151
WIN_20260414_21_29_13_Pro,22,0.7363923156801662,0.28052511066176816,0.31098791531643766,0.2957565129891029,1,1,244,161,151,151
WIN_20260414_21_29_13_Pro,23,0.7698646936656283,0.3197442962864933,0.30485539195753164,0.3122998441220125,1,1,244,161,151,151
WIN_20260414_21_29_13_Pro,24,0.8033370716510904,0.2797762592506816,0.29235267235950946,0.28606446580509554,1,1,244,161,151,151
WIN_20260414_21_29_13_Pro,25,0.8368094496365525,0.30678600367268055,0.31098791531643766,0.30888695949455913,1,1,244,161,151,151
WIN_20260414_21_29_13_Pro,26,0.8702818276220146,0.32022208252503825,0.29235267235950946,0.30628737744227386,1,1,244,161,151,151
WIN_20260414_21_29_13_Pro,27,0.9037542056074767,0.2797762592506816,0.3128430028464214,0.2963096310485515,1,1,244,161,151,151
WIN_20260414_21_29_13_Pro,28,0.9372265835929388,0.2791082810685709,0.29235267235950946,0.28573047671404017,1,1,244,161,151,151
WIN_20260414_21_29_13_Pro,29,0.9706989615784009,0.24978326688545105,0.3033234164714419,0.2765533416784465,1,1,244,161,151,151
WIN_20260414_21_29_13_Pro,30,1.004171339563863,0.28194194025496544,0.3333333333333333,0.30763763679414935,1,1,244,161,151,151
WIN_20260414_21_29_13_Pro,31,1.037643717549325,0.2811964796829196,0.3033234164714419,0.29225994807718075,1,1,244,161,151,151
WIN_20260414_21_29_13_Pro,32,1.0711160955347871,0.2791082810685709,0.30485539195753164,0.29198183651305126,1,1,244,161,151,151
WIN_20260414_21_29_13_Pro,33,1.1045884735202491,0.2797762592506816,0.3078296384875003,0.293802948869091,1,1,244,161,151,151
WIN_20260414_21_29_13_Pro,34,1.1380608515057113,0.3197442962864933,0.3333333333333333,0.3265388148099133,1,1,244,161,151,151
WIN_20260414_21_29_13_Pro,35,1.1715332294911733,0.2997602777685875,0.35021196027981455,0.32498611902420105,1,1,244,161,151,151
WIN_20260414_21_29_13_Pro,36,1.2050056074766355,0.28261670011515755,0.30485539195753164,0.2937360460363446,1,1,244,161,151,151
WIN_20260414_21_29_13_Pro,37,1.2384779854620975,0.28261670011515755,0.29235267235950946,0.2874846862373335,1,1,244,161,151,151
WIN_20260414_21_29_13_Pro,38,1.2719503634475597,0.2791082810685709,0.30485539195753164,0.29198183651305126,1,1,244,161,151,151
WIN_20260414_21_29_13_Pro,39,1.3054227414330217,0.2791082810685709,0.31098791531643766,0.29504809819250427,1,1,244,161,151,151
WIN_20260414_21_29_13_Pro,40,1.338895119418484,0.2990445868591831,0.29235267235950946,0.2956986296093463,1,1,244,161,151,151
WIN_20260414_21_29_13_Pro,41,1.372367497403946,0.2797762592506816,0.30485539195753164,0.2923158256041066,1,1,244,161,151,151
WIN_20260414_21_29_13_Pro,42,1.4058398753894081,0.28052511066176816,0.3248799479703956,0.3027025293160819,1,1,244,161,151,151
WIN_20260414_21_29_13_Pro,43,1.4393122533748701,0.28261670011515755,0.29235267235950946,0.2874846862373335,1,1,244,161,151,151
WIN_20260414_21_29_13_Pro,44,1.4727846313603323,0.2914138113663596,0.29088352620312463,0.2911486687847421,1,1,244,161,151,151
WIN_20260414_21_29_13_Pro,45,1.5062570093457943,0.2791082810685709,0.3128430028464214,0.29597564195749615,1,1,244,161,151,151
WIN_20260414_21_29_13_Pro,46,1.5397293873312565,0.2797762592506816,0.30936161397358997,0.2945689366121358,1,1,244,161,151,151
WIN_20260414_21_29_13_Pro,47,1.5732017653167185,0.2791082810685709,0.31098791531643766,0.29504809819250427,1,1,244,161,151,151
WIN_20260414_21_29_13_Pro,48,1.6066741433021807,0.3197442962864933,0.3313567428250964,0.32555051955579484,1,1,244,161,151,151
WIN_20260414_21_29_13_Pro,49,1.6401465212876427,0.301004438131676,0.2906190878077789,0.29581176296972744,1,1,244,161,151,151
WIN_20260414_21_29_13_Pro,50,1.673618899273105,0.2997602777685875,0.31098791531643766,0.3053740965425126,1,1,244,161,151,151
WIN_20260414_21_29_13_Pro,51,1.707091277258567,0.2997602777685875,0.31098791531643766,0.3053740965425126,1,1,244,161,151,151
WIN_20260414_21_29_13_Pro,52,1.7405636552440291,0.2797762592506816,0.29088352620312463,0.2853298927269031,1,1,244,161,151,151
WIN_20260414_21_29_13_Pro,53,1.774036033229491,0.3074649708497565,0.3128430028464214,0.3101539868480889,1,1,244,161,151,151
WIN_20260414_21_29_13_Pro,54,1.8075084112149533,0.2690318494935369,0.2906190878077789,0.27982546865065794,1,1,244,161,151,151
WIN_20260414_21_29_13_Pro,55,1.8409807892004153,0.2797762592506816,0.29235267235950946,0.28606446580509554,1,1,244,161,151,151
WIN_20260414_21_29_13_Pro,56,1.8744531671858775,0.2597922407327758,0.2906190878077789,0.2752056642702774,1,1,244,161,151,151
WIN_20260414_21_29_13_Pro,57,1.9079255451713395,0.2597922407327758,0.2704528329561894,0.2651225368444826,1,1,244,161,151,151
WIN_20260414_21_29_13_Pro,58,1.9413979231568017,0.2597922407327758,0.29235267235950946,0.27607245654614265,1,1,244,161,151,151
WIN_20260414_21_29_13_Pro,59,1.9748703011422637,0.2997602777685875,0.2906190878077789,0.2951896827881832,1,1,244,161,151,151
WIN_20260414_21_29_13_Pro,60,2.008342679127726,0.2791082810685709,0.3166457689891872,0.29787702502887903,1,1,228,161,150,151
WIN_20260414_21_29_13_Pro,61,2.041815057113188,0.2997602777685875,0.3241202121600601,0.3119402449643238,1,1,228,161,150,151
WIN_20260414_21_29_13_Pro,62,2.07528743509865,0.2811964796829196,0.3241202121600601,0.3026583459214899,1,1,228,161,150,151
WIN_20260414_21_29_13_Pro,63,2.108759813084112,0.2797762592506816,0.30736844554168197,0.2935723523961818,1,1,228,161,150,151
WIN_20260414_21_29_13_Pro,64,2.1422321910695743,0.2797762592506816,0.315283703307449,0.29752998127906527,1,1,228,161,150,151
WIN_20260414_21_29_13_Pro,65,2.1757045690550365,0.2791082810685709,0.314768131924815,0.29693820649669295,1,1,228,161,150,151
WIN_20260414_21_29_13_Pro,66,2.2091769470404983,0.2597922407327758,0.2949148757987902,0.277353558265783,1,1,228,161,150,151
WIN_20260414_21_29_13_Pro,67,2.2426493250259605,0.2797762592506816,0.315283703307449,0.29752998127906527,1,1,228,161,150,151
WIN_20260414_21_29_13_Pro,68,2.2761217030114227,0.2997602777685875,0.3351369594334737,0.3174486186010306,1,1,228,161,150,151
WIN_20260414_21_29_13_Pro,69,2.3095940809968845,0.2797762592506816,0.27624339209523663,0.2780098256729591,1,1,228,161,150,151
WIN_20260414_21_29_13_Pro,70,2.3430664589823467,0.2797762592506816,0.29235267235950946,0.28606446580509554,1,1,228,161,150,151
WIN_20260414_21_29_13_Pro,71,2.376538836967809,0.30678600367268055,0.3166457689891872,0.3117158863309339,1,1,228,161,150,151
WIN_20260414_21_29_13_Pro,72,2.410011214953271,0.32223261701267036,0.3285974012933564,0.32541500915301336,1,1,228,161,150,151
WIN_20260414_21_29_13_Pro,73,2.443483592938733,0.29213464636792047,0.3262220094798281,0.3091783279238743,1,1,228,161,150,151
WIN_20260414_21_29_13_Pro,74,2.476955970924195,0.28052511066176816,0.29235267235950946,0.28643889151063884,1,1,228,161,150,151
WIN_20260414_21_29_13_Pro,75,2.5104283489096573,0.2791082810685709,0.29235267235950946,0.28573047671404017,1,1,228,161,150,151
WIN_20260414_21_29_13_Pro,76,2.5439007268951195,0.2797762592506816,0.30485539195753164,0.2923158256041066,1,1,244,161,151,151
WIN_20260414_21_29_13_Pro,77,2.5773731048805812,0.2791082810685709,0.29235267235950946,0.28573047671404017,1,1,244,161,151,151
WIN_20260414_21_29_13_Pro,78,2.6108454828660435,0.28261670011515755,0.30485539195753164,0.2937360460363446,1,1,244,161,151,151
WIN_20260414_21_29_13_Pro,79,2.6443178608515057,0.2914138113663596,0.3033234164714419,0.29736861391890074,1,1,244,161,151,151
WIN_20260414_21_29_13_Pro,80,2.677790238836968,0.2797762592506816,0.29235267235950946,0.28606446580509554,1,1,244,161,151,151
WIN_20260414_21_29_13_Pro,81,2.7112626168224296,0.302424658563914,0.3033234164714419,0.30287403751767794,1,1,244,161,151,151
WIN_20260414_21_29_13_Pro,82,2.744734994807892,0.28052511066176816,0.29235267235950946,0.28643889151063884,1,1,244,161,151,151
WIN_20260414_21_29_13_Pro,83,2.778207372793354,0.2791082810685709,0.29235267235950946,0.28573047671404017,1,1,244,161,151,151
WIN_20260414_21_29_13_Pro,84,2.8116797507788163,0.2684377532135955,0.2988652101957584,0.2836514817046769,1,1,244,161,151,151
WIN_20260414_21_29_13_Pro,85,2.845152128764278,0.2791082810685709,0.27021107048550036,0.27465967577703565,1,1,244,161,151,151
WIN_20260414_21_29_13_Pro,86,2.8786245067497402,0.2882484101716467,0.31098791531643766,0.2996181627440422,1,1,244,161,151,151
WIN_20260414_21_29_13_Pro,87,2.9120968847352025,0.2690318494935369,0.30289125640838566,0.28596155295096126,1,1,244,161,151,151
WIN_20260414_21_29_13_Pro,88,2.9455692627206647,0.30118049820082543,0.2906190878077789,0.29589979300430214,1,1,244,161,151,151
WIN_20260414_21_29_13_Pro,89,2.9790416407061264,0.28194194025496544,0.29235267235950946,0.28714730630723745,1,1,244,161,151,151
WIN_20260414_21_29_13_Pro,90,3.0125140186915886,0.3017026063276233,0.3128430028464214,0.30727280458702233,1,1,244,161,151,151
WIN_20260414_21_29_13_Pro,91,3.045986396677051,0.28052511066176816,0.31098791531643766,0.2957565129891029,1,1,244,161,151,151
WIN_20260414_21_29_13_Pro,92,3.079458774662513,0.32022208252503825,0.31098791531643766,0.31560499892073796,1,1,244,161,151,151
WIN_20260414_21_29_13_Pro,93,3.112931152647975,0.2684377532135955,0.30936161397358997,0.28889968359359275,1,1,244,161,151,151
WIN_20260414_21_29_13_Pro,94,3.146403530633437,0.287611878443138,0.3128430028464214,0.3002274406447797,1,1,244,161,151,151
WIN_20260414_21_29_13_Pro,95,3.1798759086188992,0.2888056166588086,0.29235267235950946,0.290579144509159,1,1,244,161,151,151
WIN_20260414_21_29_13_Pro,96,3.2133482866043614,0.30678600367268055,0.3128430028464214,0.30981450325955096,1,1,244,161,151,151
WIN_20260414_21_29_13_Pro,97,3.246820664589823,0.2997602777685875,0.2906190878077789,0.2951896827881832,1,1,244,161,151,151
WIN_20260414_21_29_13_Pro,98,3.2802930425752854,0.30118049820082543,0.2906190878077789,0.29589979300430214,1,1,244,161,151,151
WIN_20260414_21_29_13_Pro,99,3.3137654205607476,0.3197442962864933,0.30289125640838566,0.3113177763474395,1,1,244,161,151,151
WIN_20260414_21_29_13_Pro,100,3.34723779854621,0.3197442962864933,0.32278679734276217,0.3212655468146277,1,1,244,161,151,151
WIN_20260414_21_29_13_Pro,101,3.3807101765316716,0.3197442962864933,0.3475886270021246,0.33366646164430896,1,1,244,161,151,151
WIN_20260414_21_29_13_Pro,102,3.414182554517134,0.3197442962864933,0.3128430028464214,0.31629364956645734,1,1,244,161,151,151
WIN_20260414_21_29_13_Pro,103,3.447654932502596,0.2997602777685875,0.30485539195753164,0.30230783486305957,1,1,244,161,151,151
WIN_20260414_21_29_13_Pro,104,3.4811273104880582,0.3197442962864933,0.3262220094798281,0.3229831528831607,1,1,244,161,151,151
WIN_20260414_21_29_13_Pro,105,3.51459968847352,0.3197442962864933,0.3128430028464214,0.31629364956645734,1,1,244,161,151,151
WIN_20260414_21_29_13_Pro,106,3.548072066458982,0.3214632724002812,0.36899701819843794,0.3452301452993596,1,1,244,161,151,151
WIN_20260414_21_29_13_Pro,107,3.5815444444444444,0.32223261701267036,0.3453491679117346,0.3337908924622025,1,1,244,161,151,151
WIN_20260414_21_29_13_Pro,108,3.6150168224299066,0.3214632724002812,0.3128430028464214,0.3171531376233513,1,1,244,161,151,151
WIN_20260414_21_29_13_Pro,109,3.6484892004153684,0.32022208252503825,0.3128430028464214,0.31653254268572983,1,1,244,161,151,151
WIN_20260414_21_29_13_Pro,110,3.6819615784008306,0.3086613510016848,0.3333333333333333,0.3209973421675091,1,1,244,161,151,151
WIN_20260414_21_29_13_Pro,111,3.715433956386293,0.32098845664958187,0.33018740426695053,0.3255879304582662,1,1,244,161,151,151
WIN_20260414_21_29_13_Pro,112,3.748906334371755,0.28194194025496544,0.3246900339937384,0.3033159871243519,1,1,244,161,151,151
WIN_20260414_21_29_13_Pro,113,3.782378712357217,0.28052511066176816,0.29235267235950946,0.28643889151063884,1,1,244,161,151,151
WIN_20260414_21_29_13_Pro,114,3.815851090342679,0.28194194025496544,0.29235267235950946,0.28714730630723745,1,1,244,161,151,151
WIN_20260414_21_29_13_Pro,115,3.849323468328141,0.2684377532135955,0.3262220094798281,0.2973298813467118,1,1,244,161,151,151
WIN_20260414_21_29_13_Pro,116,3.8827958463136034,0.2791082810685709,0.30485539195753164,0.29198183651305126,1,1,244,161,151,151
WIN_20260414_21_29_13_Pro,117,3.916268224299065,0.2791082810685709,0.3115559819207489,0.29533213149465987,1,1,244,161,151,151
WIN_20260414_21_29_13_Pro,118,3.9497406022845274,0.24311608560109935,0.301369151200441,0.2722426184007702,1,1,244,161,151,151
WIN_20260414_21_29_13_Pro,119,3.9832129802699896,0.23980822221486997,0.2604624551292768,0.2501353386720734,1,1,244,161,151,151
WIN_20260414_21_29_13_Pro,120,4.016685358255452,0.22,0.24978037723856514,0.23489018861928257,1,1,244,161,151,151
WIN_20260414_21_29_13_Pro,121,4.050157736240914,0.1824621105194092,0.22910792152094087,0.20578501602017502,1,1,244,161,151,151
WIN_20260414_21_29_13_Pro,122,4.083630114226376,0.2018189932489597,0.20054164439917932,0.2011803188240695,1,1,244,161,151,151
WIN_20260414_21_29_13_Pro,123,4.1171024922118375,0.17985616666115248,0.21081851076841548,0.19533733871478398,1,1,244,161,151,151
WIN_20260414_21_29_13_Pro,124,4.1505748701973,0.1875,0.1885969949928376,0.1880484974964188,1,1,244,161,151,151
WIN_20260414_21_29_13_Pro,125,4.184047248182762,0.15987214814324666,0.190643971788924,0.17525805996608534,1,1,244,161,151,151
WIN_20260414_21_29_13_Pro,126,4.217519626168224,0.18,0.16609096072102805,0.17304548036051404,1,1,244,161,151,151
WIN_20260414_21_29_13_Pro,127,4.250992004153686,0.17294904610298803,0.19936305790612208,0.18615605200455504,1,1,244,161,151,151
WIN_20260414_21_29_13_Pro,128,4.284464382139149,0.18,0.1889081118663905,0.18445405593319525,1,1,244,161,151,151
WIN_20260414_21_29_13_Pro,129,4.317936760124611,0.17985616666115248,0.20761370090128506,0.19373493378121875,1,1,244,161,151,151
WIN_20260414_21_29_13_Pro,130,4.351409138110073,0.2,0.190643971788924,0.195321985894462,1,1,244,161,151,151
WIN_20260414_21_29_13_Pro,131,4.384881516095534,0.2,0.16864680010584066,0.18432340005292033,1,1,244,161,151,151
WIN_20260414_21_29_13_Pro,132,4.4183538940809965,0.23089088996251425,0.22837507099141355,0.2296329804769639,1,1,244,161,151,151
WIN_20260414_21_29_13_Pro,133,4.451826272066459,0.1998401851790583,0.1889081118663905,0.1943741485227244,1,1,244,161,151,151
WIN_20260414_21_29_13_Pro,134,4.485298650051921,0.18231630977180266,0.1889081118663905,0.18561221081909657,1,1,244,161,151,151
WIN_20260414_21_29_13_Pro,135,4.518771028037383,0.17985616666115248,0.2198343501138785,0.1998452583875155,1,1,244,161,151,151
WIN_20260414_21_29_13_Pro,136,4.552243406022845,0.14,0.16609096072102805,0.15304548036051402,1,1,244,161,151,151
WIN_20260414_21_29_13_Pro,137,4.585715784008308,0.14,0.16537964574099417,0.1526898228704971,1,1,244,161,151,151
WIN_20260414_21_29_13_Pro,138,4.619188161993769,0.18198039054870604,0.16130486087097154,0.1716426257098388,1,1,244,161,151,151
WIN_20260414_21_29_13_Pro,139,4.652660539979231,0.18198039054870604,0.190643971788924,0.18631218116881504,1,1,244,161,151,151
WIN_20260414_21_29_13_Pro,140,4.686132917964693,0.18,0.1889081118663905,0.18445405593319525,1,1,244,161,151,151
WIN_20260414_21_29_13_Pro,141,4.7196052959501555,0.16666666666666666,0.16609096072102805,0.16637881369384735,1,1,244,161,151,151
WIN_20260414_21_29_13_Pro,142,4.753077673935618,0.16,0.16864680010584066,0.16432340005292034,1,1,244,161,151,151
WIN_20260414_21_29_13_Pro,143,4.78655005192108,0.1875,0.17325923850111302,0.1803796192505565,1,1,244,161,151,151
WIN_20260414_21_29_13_Pro,144,4.820022429906542,0.18,0.16609096072102805,0.17304548036051404,1,1,244,161,151,151
WIN_20260414_21_29_13_Pro,145,4.853494807892004,0.16,0.12793732789705356,0.14396866394852678,1,1,244,161,151,151
WIN_20260414_21_29_13_Pro,146,4.886967185877466,0.1562135678071242,0.1759253847117281,0.16606947625942614,1,1,228,161,150,151
WIN_20260414_21_29_13_Pro,147,4.920439563862928,0.17294904610298803,0.18685233081115654,0.1799006884570723,1,1,228,161,150,151
WIN_20260414_21_29_13_Pro,148,4.95391194184839,0.15373248542487825,0.16537964574099417,0.15955606558293622,1,1,228,161,150,151
WIN_20260414_21_29_13_Pro,149,4.987384319833852,0.16,0.19758278952436722,0.17879139476218361,1,1,245,176,125,125
WIN_20260414_21_29_13_Pro,150,5.0208566978193145,0.12962962962962962,0.15125453737199468,0.14044208350081216,1,1,228,161,150,151
WIN_20260414_21_29_13_Pro,151,5.054329075804777,0.16233229125389684,0.15160183368847388,0.15696706247118536,1,1,245,176,125,125
WIN_20260414_21_29_13_Pro,152,5.087801453790239,0.1562135678071242,0.18685233081115654,0.17153294930914037,1,1,245,176,125,125
WIN_20260414_21_29_13_Pro,153,5.121273831775701,0.1346153846153846,0.15160183368847388,0.14310860915192924,1,1,228,161,150,151
WIN_20260414_21_29_13_Pro,154,5.1547462097611625,0.14,0.14788543001571217,0.1439427150078561,1,1,228,161,150,151
WIN_20260414_21_29_13_Pro,155,5.188218587746625,0.15384615384615385,0.15949044632489764,0.15666830008552574,1,1,228,161,150,151
WIN_20260414_21_29_13_Pro,156,5.221690965732087,0.15384615384615385,0.17120263949065329,0.16252439666840357,1,1,228,161,150,151
WIN_20260414_21_29_13_Pro,157,5.255163343717549,0.1368815895563904,0.1313064352533361,0.13409401240486324,1,1,228,161,150,151
WIN_20260414_21_29_13_Pro,158,5.288635721703011,0.13698279857635498,0.15125453737199468,0.14411866797417483,1,1,228,161,150,151
WIN_20260414_21_29_13_Pro,159,5.3221080996884735,0.12962962962962962,0.11961783474367324,0.12462373218665143,1,1,228,161,150,151
WIN_20260414_21_29_13_Pro,160,5.355580477673936,0.13698279857635498,0.17120263949065329,0.15409271903350413,1,1,228,161,150,151
WIN_20260414_21_29_13_Pro,161,5.389052855659398,0.13698279857635498,0.17120263949065329,0.15409271903350413,1,1,228,161,150,151
WIN_20260414_21_29_13_Pro,162,5.422525233644859,0.1346153846153846,0.15949044632489764,0.14705291547014113,1,1,228,161,150,151
WIN_20260414_21_29_13_Pro,163,5.4559976116303215,0.12962962962962962,0.17120263949065329,0.15041613456014147,1,1,228,161,150,151
WIN_20260414_21_29_13_Pro,164,5.489469989615784,0.13698279857635498,0.16374943329165795,0.15036611593400645,1,1,228,161,150,151
WIN_20260414_21_29_13_Pro,165,5.522942367601246,0.15384615384615385,0.18685233081115654,0.1703492423286552,1,1,228,161,150,151
WIN_20260414_21_29_13_Pro,166,5.556414745586708,0.16883063880212476,0.16439898514542012,0.16661481197377243,1,1,228,161,150,151
WIN_20260414_21_29_13_Pro,167,5.58988712357217,0.12962962962962962,0.16609096072102805,0.14786029517532884,1,1,228,161,150,151
WIN_20260414_21_29_13_Pro,168,5.6233595015576325,0.17294904610298803,0.17942675211550987,0.17618789910924895,1,1,228,161,150,151
WIN_20260414_21_29_13_Pro,169,5.656831879543095,0.15373248542487825,0.16439898514542012,0.15906573528514917,1,1,228,161,150,151
WIN_20260414_21_29_13_Pro,170,5.690304257528556,0.15384615384615385,0.1704694328094325,0.16215779332779318,1,1,228,161,150,151
WIN_20260414_21_29_13_Pro,171,5.723776635514018,0.15384615384615385,0.1704694328094325,0.16215779332779318,1,1,228,161,150,151
WIN_20260414_21_29_13_Pro,172,5.7572490134994805,0.1562135678071242,0.17120263949065329,0.16370810364888874,1,1,228,161,150,151
WIN_20260414_21_29_13_Pro,173,5.790721391484943,0.17307692307692307,0.17120263949065329,0.17213978128378818,1,1,228,161,150,151
WIN_20260414_21_29_13_Pro,174,5.824193769470405,0.17544433703789344,0.1704694328094325,0.17295688492366296,1,1,228,161,150,151
WIN_20260414_21_29_13_Pro,175,5.857666147455867,0.15384615384615385,0.15125453737199468,0.15255034560907427,1,1,228,161,150,151
WIN_20260414_21_29_13_Pro,176,5.891138525441329,0.15384615384615385,0.16537964574099417,0.15961289979357401,1,1,228,161,150,151
WIN_20260414_21_29_13_Pro,177,5.9246109034267915,0.13698279857635498,0.14532959063089954,0.14115619460362727,1,1,228,161,150,151
WIN_20260414_21_29_13_Pro,178,5.958083281412253,0.14,0.15160183368847388,0.14580091684423696,1,1,228,161,150,151
WIN_20260414_21_29_13_Pro,179,5.991555659397715,0.11529936406865868,0.10463768007945307,0.10996852207405587,1,1,244,161,151,151
WIN_20260414_21_29_13_Pro,180,6.025028037383177,0.14234827273599102,0.12489163344272552,0.13361995308935826,1,1,244,161,151,151
WIN_20260414_21_29_13_Pro,181,6.0585004153686395,0.1368815895563904,0.11961783474367324,0.12824971215003184,1,1,244,161,151,151
WIN_20260414_21_29_13_Pro,182,6.091972793354102,0.12246211051940918,0.12285305256430186,0.12265758154185552,1,1,244,161,151,151
WIN_20260414_21_29_13_Pro,183,6.125445171339564,0.13698279857635498,0.12793732789705356,0.13246006323670428,1,1,244,161,151,151
WIN_20260414_21_29_13_Pro,184,6.158917549325026,0.1346153846153846,0.12793732789705356,0.13127635625621908,1,1,244,161,151,151
WIN_20260414_21_29_13_Pro,185,6.192389927310488,0.14246211051940919,0.12456822054077103,0.1335151655300901,1,1,244,161,151,151
WIN_20260414_21_29_13_Pro,186,6.22586230529595,0.14246211051940919,0.1455912332681948,0.14402667189380197,1,1,244,161,151,151
WIN_20260414_21_29_13_Pro,187,6.259334683281412,0.14,0.16652217792363402,0.153261088961817,1,1,244,161,151,151
WIN_20260414_21_29_13_Pro,188,6.292807061266874,0.13451592474676846,0.1313064352533361,0.13291118000005228,1,1,244,161,151,151
WIN_20260414_21_29_13_Pro,189,6.326279439252336,0.14,0.17120263949065329,0.15560131974532665,1,1,244,161,151,151
WIN_20260414_21_29_13_Pro,190,6.3597518172377985,0.14583333333333334,0.13031167481468128,0.1380725040740073,1,1,244,161,151,151
WIN_20260414_21_29_13_Pro,191,6.393224195223261,0.14234827273599102,0.12456822054077103,0.13345824663838102,1,1,244,161,151,151
WIN_20260414_21_29_13_Pro,192,6.426696573208723,0.1346153846153846,0.14200840994454667,0.13831189727996562,1,1,244,161,151,151
WIN_20260414_21_29_13_Pro,193,6.460168951194185,0.14246211051940919,0.12456822054077103,0.1335151655300901,1,1,244,161,151,151
WIN_20260414_21_29_13_Pro,194,6.493641329179646,0.1398881296253408,0.12285305256430186,0.13137059109482133,1,1,244,161,151,151
WIN_20260414_21_29_13_Pro,195,6.527113707165109,0.14246211051940919,0.12285305256430186,0.13265758154185553,1,1,244,161,151,151
WIN_20260414_21_29_13_Pro,196,6.560586085150571,0.13698279857635498,0.14200840994454667,0.13949560426045082,1,1,244,161,151,151
WIN_20260414_21_29_13_Pro,197,6.594058463136033,0.14234827273599102,0.12456822054077103,0.13345824663838102,1,1,244,161,151,151
WIN_20260414_21_29_13_Pro,198,6.627530841121495,0.17307692307692307,0.18940817019596917,0.18124254663644612,1,1,228,161,150,151
WIN_20260414_21_29_13_Pro,199,6.6610032191069575,0.14246211051940919,0.12456822054077103,0.1335151655300901,1,1,244,161,151,151
WIN_20260414_21_29_13_Pro,200,6.69447559709242,0.14246211051940919,0.13164734238909054,0.13705472645424988,1,1,244,161,151,151
WIN_20260414_21_29_13_Pro,201,6.727947975077881,0.16,0.18940817019596917,0.17470408509798457,1,1,228,161,150,151
WIN_20260414_21_29_13_Pro,202,6.761420353063343,0.15384615384615385,0.1704694328094325,0.16215779332779318,1,1,228,161,150,151
WIN_20260414_21_29_13_Pro,203,6.794892731048805,0.18,0.1889081118663905,0.18445405593319525,1,1,228,161,150,151
WIN_20260414_21_29_13_Pro,204,6.828365109034268,0.16246211051940918,0.16864680010584066,0.16555445531262492,1,1,228,161,150,151
WIN_20260414_21_29_13_Pro,205,6.86183748701973,0.14324555397033692,0.18940817019596917,0.16632686208315306,1,1,228,161,150,151
WIN_20260414_21_29_13_Pro,206,6.895309865005192,0.13763434398702143,0.18685233081115654,0.16224333739908897,1,1,228,161,150,151
WIN_20260414_21_29_13_Pro,207,6.928782242990654,0.15384615384615385,0.17120263949065329,0.16252439666840357,1,1,228,161,150,151
WIN_20260414_21_29_13_Pro,208,6.9622546209761165,0.1368815895563904,0.19146395125120313,0.16417277040379677,1,1,228,161,150,151
WIN_20260414_21_29_13_Pro,209,6.995726998961578,0.13763434398702143,0.19146395125120313,0.16454914761911227,1,1,228,161,150,151
WIN_20260414_21_29_13_Pro,210,7.02919937694704,0.1346153846153846,0.13345894268467748,0.13403716365003104,1,1,228,161,150,151
WIN_20260414_21_29_13_Pro,211,7.062671754932502,0.14,0.15125453737199468,0.14562726868599735,1,1,228,161,150,151
WIN_20260414_21_29_13_Pro,212,7.096144132917964,0.15384615384615385,0.1889081118663905,0.17137713285627218,1,1,228,161,150,151
WIN_20260414_21_29_13_Pro,213,7.129616510903427,0.17307692307692307,0.19146395125120313,0.1822704371640631,1,1,228,161,150,151
WIN_20260414_21_29_13_Pro,214,7.163088888888889,0.15373248542487825,0.18940817019596917,0.1715703278104237,1,1,228,161,150,151
WIN_20260414_21_29_13_Pro,215,7.196561266874351,0.1368815895563904,0.15125453737199468,0.14406806346419254,1,1,228,161,150,151
WIN_20260414_21_29_13_Pro,216,7.230033644859813,0.12962962962962962,0.1818810215257711,0.15575532557770036,1,1,228,161,150,151
WIN_20260414_21_29_13_Pro,217,7.263506022845275,0.14,0.1889081118663905,0.16445405593319526,1,1,228,161,150,151
WIN_20260414_21_29_13_Pro,218,7.296978400830737,0.1562135678071242,0.18140083569370197,0.16880720175041308,1,1,228,161,150,151
WIN_20260414_21_29_13_Pro,219,7.330450778816199,0.1346153846153846,0.17942675211550987,0.15702106836544724,1,1,228,161,150,151
WIN_20260414_21_29_13_Pro,220,7.363923156801661,0.1346153846153846,0.17120263949065329,0.15290901205301893,1,1,228,161,150,151
WIN_20260414_21_29_13_Pro,221,7.397395534787123,0.1346153846153846,0.1818810215257711,0.15824820307057785,1,1,228,161,150,151
WIN_20260414_21_29_13_Pro,222,7.430867912772586,0.1346153846153846,0.17942675211550987,0.15702106836544724,1,1,228,161,150,151
WIN_20260414_21_29_13_Pro,223,7.464340290758048,0.1346153846153846,0.17942675211550987,0.15702106836544724,1,1,228,161,150,151
WIN_20260414_21_29_13_Pro,224,7.49781266874351,0.15384615384615385,0.18312868076358008,0.16848741730486697,1,1,228,161,150,151
WIN_20260414_21_29_13_Pro,225,7.531285046728971,0.14814814814814814,0.18068410834289367,0.1644161282455209,1,1,228,161,150,151
WIN_20260414_21_29_13_Pro,226,7.564757424714434,0.15384615384615385,0.18140083569370197,0.1676234947699279,1,1,228,161,150,151
WIN_20260414_21_29_13_Pro,227,7.598229802699896,0.1346153846153846,0.17164712799839285,0.15313125630688873,1,1,228,161,150,151
WIN_20260414_21_29_13_Pro,228,7.631702180685358,0.1346153846153846,0.17120263949065329,0.15290901205301893,1,1,228,161,150,151
WIN_20260414_21_29_13_Pro,229,7.66517455867082,0.15384615384615385,0.1704694328094325,0.16215779332779318,1,1,228,161,150,151
WIN_20260414_21_29_13_Pro,230,7.698646936656282,0.14324555397033692,0.17120263949065329,0.1572240967304951,1,1,228,161,150,151
WIN_20260414_21_29_13_Pro,231,7.732119314641745,0.1346153846153846,0.17120263949065329,0.15290901205301893,1,1,228,161,150,151
WIN_20260414_21_29_13_Pro,232,7.765591692627207,0.17307692307692307,0.17120263949065329,0.17213978128378818,1,1,228,161,150,151
WIN_20260414_21_29_13_Pro,233,7.799064070612668,0.1562135678071242,0.16864680010584066,0.16243018395648243,1,1,228,161,150,151
WIN_20260414_21_29_13_Pro,234,7.83253644859813,0.1824621105194092,0.17120263949065329,0.17683237500503124,1,1,228,161,150,151
WIN_20260414_21_29_13_Pro,235,7.866008826583593,0.15384615384615385,0.16374943329165795,0.1587977935689059,1,1,228,161,150,151
WIN_20260414_21_29_13_Pro,236,7.899481204569055,0.1749811447583712,0.19146395125120313,0.18322254800478716,1,1,228,161,150,151
WIN_20260414_21_29_13_Pro,237,7.932953582554517,0.1562135678071242,0.16537964574099417,0.1607966067740592,1,1,228,161,150,151
WIN_20260414_21_29_13_Pro,238,7.966425960539979,0.15384615384615385,0.15125453737199468,0.15255034560907427,1,1,228,161,150,151
WIN_20260414_21_29_13_Pro,239,7.999898338525441,0.15042788011056404,0.1313064352533361,0.14086715768195007,1,1,228,161,150,151
WIN_20260414_21_29_13_Pro,240,8.033370716510904,0.15384615384615385,0.15886028845028513,0.15635322114821948,1,1,228,161,150,151
WIN_20260414_21_29_13_Pro,241,8.066843094496365,0.16246211051940918,0.1759253847117281,0.16919374761556866,1,1,228,161,150,151
WIN_20260414_21_29_13_Pro,242,8.100315472481828,0.15384615384615385,0.21081851076841548,0.18233233230728468,1,1,228,161,150,151
WIN_20260414_21_29_13_Pro,243,8.13378785046729,0.1368815895563904,0.16609096072102805,0.15148627513870921,1,1,228,161,150,151
WIN_20260414_21_29_13_Pro,244,8.167260228452752,0.14,0.17120263949065329,0.15560131974532665,1,1,228,161,150,151
WIN_20260414_21_29_13_Pro,245,8.200732606438214,0.13773610958686242,0.17120263949065329,0.15446937453875786,1,1,228,161,150,151
WIN_20260414_21_29_13_Pro,246,8.234204984423675,0.1346153846153846,0.19146395125120313,0.16303966793329389,1,1,228,161,150,151
WIN_20260414_21_29_13_Pro,247,8.267677362409138,0.1749811447583712,0.17120263949065329,0.17309189212451226,1,1,228,161,150,151
WIN_20260414_21_29_13_Pro,248,8.3011497403946,0.1562135678071242,0.17120263949065329,0.16370810364888874,1,1,228,161,150,151
WIN_20260414_21_29_13_Pro,249,8.334622118380063,0.16,0.17120263949065329,0.16560131974532666,1,1,228,161,150,151
WIN_20260414_21_29_13_Pro,250,8.368094496365524,0.16,0.16609096072102805,0.16304548036051403,1,1,228,161,150,151
WIN_20260414_21_29_13_Pro,251,8.401566874350987,0.15373248542487825,0.16792453927521334,0.1608285123500458,1,1,228,161,150,151
WIN_20260414_21_29_13_Pro,252,8.435039252336448,0.16,0.14532959063089954,0.15266479531544977,1,1,228,161,150,151
WIN_20260414_21_29_13_Pro,253,8.46851163032191,0.11841778330891166,0.15125453737199468,0.13483616034045318,1,1,228,161,150,151
WIN_20260414_21_29_13_Pro,254,8.501984008307373,0.12324555397033692,0.1313064352533361,0.1272759946118365,1,1,228,161,150,151
WIN_20260414_21_29_13_Pro,255,8.535456386292834,0.12314707163963877,0.16864680010584066,0.14589693587273972,1,1,228,161,150,151
WIN_20260414_21_29_13_Pro,256,8.568928764278297,0.15987214814324666,0.17120263949065329,0.16553739381694998,1,1,228,161,150,151
WIN_20260414_21_29_13_Pro,257,8.602401142263759,0.12314707163963877,0.17120263949065329,0.14717485556514603,1,1,228,161,150,151
WIN_20260414_21_29_13_Pro,258,8.635873520249222,0.12,0.15125453737199468,0.13562726868599734,1,1,228,161,150,151
WIN_20260414_21_29_13_Pro,259,8.669345898234683,0.11850534035609318,0.17164712799839285,0.14507623417724302,1,1,228,161,150,151
WIN_20260414_21_29_13_Pro,260,8.702818276220146,0.09927457112532395,0.17120263949065329,0.13523860530798862,1,1,228,161,150,151
WIN_20260414_21_29_13_Pro,261,8.736290654205607,0.12324555397033692,0.17120263949065329,0.1472240967304951,1,1,228,161,150,151
WIN_20260414_21_29_13_Pro,262,8.769763032191069,0.16,0.17164712799839285,0.16582356399919643,1,1,228,161,150,151
WIN_20260414_21_29_13_Pro,263,8.803235410176532,0.13698279857635498,0.15125453737199468,0.14411866797417483,1,1,228,161,150,151
WIN_20260414_21_29_13_Pro,264,8.836707788161993,0.16666666666666666,0.19146395125120313,0.1790653089589349,1,1,228,161,150,151
WIN_20260414_21_29_13_Pro,265,8.870180166147456,0.16246211051940918,0.17325923850111302,0.1678606745102611,1,1,228,161,150,151
WIN_20260414_21_29_13_Pro,266,8.903652544132918,0.18,0.19146395125120313,0.18573197562560156,1,1,228,161,150,151
WIN_20260414_21_29_13_Pro,267,8.93712492211838,0.1824621105194092,0.190643971788924,0.1865530411541666,1,1,228,161,150,151
WIN_20260414_21_29_13_Pro,268,8.970597300103842,0.1998401851790583,0.21172526301175296,0.20578272409540563,1,1,228,161,150,151
WIN_20260414_21_29_13_Pro,269,9.004069678089303,0.1875,0.190643971788924,0.189071985894462,1,1,228,161,150,151
WIN_20260414_21_29_13_Pro,270,9.037542056074766,0.2,0.23115489831702724,0.21557744915851362,1,1,228,161,150,151
WIN_20260414_21_29_13_Pro,271,9.071014434060228,0.24978326688545105,0.25149128586563896,0.250637276375545,1,1,228,161,150,151
WIN_20260414_21_29_13_Pro,272,9.10448681204569,0.2102138408252295,0.25648973431166006,0.23335178756844477,1,1,228,161,150,151
WIN_20260414_21_29_13_Pro,273,9.137959190031152,0.23980822221486997,0.2769204275585953,0.25836432488673267,1,1,228,161,150,151
WIN_20260414_21_29_13_Pro,274,9.171431568016615,0.23980822221486997,0.2719219791125742,0.2558651006637221,1,1,228,161,150,151
WIN_20260414_21_29_13_Pro,275,9.204903946002077,0.23980822221486997,0.29235267235950946,0.2660804472871897,1,1,228,161,150,151
WIN_20260414_21_29_13_Pro,276,9.238376323987538,0.23980822221486997,0.2966740853421719,0.2682411537785209,1,1,228,161,150,151
WIN_20260414_21_29_13_Pro,277,9.271848701973001,0.2797762592506816,0.31098791531643766,0.29538208728355964,1,1,228,161,150,151
WIN_20260414_21_29_13_Pro,278,9.305321079958462,0.26286639285812846,0.2906190878077789,0.27674274033295365,1,1,228,161,150,151
WIN_20260414_21_29_13_Pro,279,9.338793457943925,0.24978326688545105,0.28355096211432024,0.26666711449988567,1,1,228,161,150,151
WIN_20260414_21_29_13_Pro,280,9.372265835929387,0.2705985391259053,0.31098791531643766,0.2907932272211715,1,1,228,161,150,151
WIN_20260414_21_29_13_Pro,281,9.40573821391485,0.2791082810685709,0.3128430028464214,0.29597564195749615,1,1,228,161,150,151
WIN_20260414_21_29_13_Pro,282,9.439210591900311,0.3197442962864933,0.3351369594334737,0.3274406278599835,1,1,228,161,150,151
WIN_20260414_21_29_13_Pro,283,9.472682969885774,0.33304435584726805,0.3453491679117346,0.3391967618795013,1,1,228,161,150,151
WIN_20260414_21_29_13_Pro,284,9.506155347871236,0.28052511066176816,0.31098791531643766,0.2957565129891029,1,1,228,161,150,151
WIN_20260414_21_29_13_Pro,285,9.539627725856697,0.2797762592506816,0.3285974012933564,0.304186830272019,1,1,228,161,150,151
WIN_20260414_21_29_13_Pro,286,9.57310010384216,0.2791082810685709,0.3313567428250964,0.30523251194683365,1,1,228,161,150,151
WIN_20260414_21_29_13_Pro,287,9.606572481827621,0.2791082810685709,0.33891717604185106,0.309012728555211,1,1,228,161,150,151
WIN_20260414_21_29_13_Pro,288,9.640044859813084,0.32098845664958187,0.3313567428250964,0.32617259973733914,1,1,228,161,150,151
WIN_20260414_21_29_13_Pro,289,9.673517237798546,0.2690318494935369,0.31098791531643766,0.29000988240498726,1,1,228,161,150,151
WIN_20260414_21_29_13_Pro,290,9.706989615784009,0.30678600367268055,0.33891717604185106,0.3228515898572658,1,1,228,161,150,151
WIN_20260414_21_29_13_Pro,291,9.74046199376947,0.3086613510016848,0.34912162674185904,0.3288914888717719,1,1,228,161,150,151
WIN_20260414_21_29_13_Pro,292,9.773934371754931,0.30678600367268055,0.33891717604185106,0.3228515898572658,1,1,228,161,150,151
WIN_20260414_21_29_13_Pro,293,9.807406749740395,0.30678600367268055,0.35891905273540237,0.33285252820404143,1,1,228,161,150,151
WIN_20260414_21_29_13_Pro,294,9.840879127725856,0.3271538671178937,0.33891717604185106,0.3330355215798724,1,1,228,161,150,151
WIN_20260414_21_29_13_Pro,295,9.874351505711319,0.3461962243626606,0.35891905273540237,0.3525576385490315,1,1,228,161,150,151
WIN_20260414_21_29_13_Pro,296,9.90782388369678,0.30678600367268055,0.37892092942895367,0.3428534665508171,1,1,228,161,150,151
WIN_20260414_21_29_13_Pro,297,9.941296261682243,0.3074649708497565,0.33891717604185106,0.3231910734458038,1,1,228,161,150,151
WIN_20260414_21_29_13_Pro,298,9.974768639667705,0.30797974188835114,0.3453491679117346,0.32666445490004287,1,1,228,161,150,151
WIN_20260414_21_29_13_Pro,299,10.008241017653168,0.30678600367268055,0.36661962819618604,0.3367028159344333,1,1,228,161,150,151
WIN_20260414_21_29_13_Pro,300,10.041713395638629,0.3189808926497953,0.3351369594334737,0.3270589260416345,1,1,228,161,150,151
WIN_20260414_21_29_13_Pro,301,10.07518577362409,0.3189808926497953,0.3351369594334737,0.3270589260416345,1,1,228,161,150,151
WIN_20260414_21_29_13_Pro,302,10.108658151609553,0.3259601289022231,0.3288663618162124,0.3274132453592178,1,1,228,161,150,151
WIN_20260414_21_29_13_Pro,303,10.142130529595015,0.2684377532135955,0.3636294866710415,0.3160336199423185,1,1,228,161,150,151
WIN_20260414_21_29_13_Pro,304,10.175602907580478,0.3270220991331181,0.355138836127025,0.34108046763007155,1,1,228,161,150,151
WIN_20260414_21_29_13_Pro,305,10.20907528556594,0.3086613510016848,0.3351369594334737,0.3218991552175793,1,1,228,161,150,151
WIN_20260414_21_29_13_Pro,306,10.242547663551402,0.30797974188835114,0.3453491679117346,0.32666445490004287,1,1,228,161,150,151
WIN_20260414_21_29_13_Pro,307,10.276020041536864,0.2888056166588086,0.37217404365060636,0.33048983015470745,1,1,228,161,150,151
WIN_20260414_21_29_13_Pro,308,10.309492419522325,0.30797974188835114,0.3333333333333333,0.32065653761084223,1,1,228,161,150,151
WIN_20260414_21_29_13_Pro,309,10.342964797507788,0.3270220991331181,0.36937689166750565,0.34819949540031186,1,1,228,161,150,151
WIN_20260414_21_29_13_Pro,310,10.37643717549325,0.2684377532135955,0.3380531300795124,0.3032454416465539,1,1,228,161,150,151
WIN_20260414_21_29_13_Pro,311,10.409909553478712,0.3270220991331181,0.35891905273540237,0.3429705759342602,1,1,228,161,150,151
WIN_20260414_21_29_13_Pro,312,10.443381931464174,0.30685366417114796,0.3313567428250964,0.3191052034981222,1,1,228,161,150,151
WIN_20260414_21_29_13_Pro,313,10.476854309449637,0.3259601289022231,0.35554560984622874,0.3407528693742259,1,1,228,161,150,151
WIN_20260414_21_29_13_Pro,314,10.510326687435098,0.30678600367268055,0.3184400348593542,0.31261301926601737,1,1,228,161,150,151
WIN_20260414_21_29_13_Pro,315,10.543799065420561,0.29663651403329966,0.3184400348593542,0.3075382744463269,1,1,228,161,150,151
WIN_20260414_21_29_13_Pro,316,10.577271443406023,0.30797974188835114,0.3313567428250964,0.31966824235672375,1,1,228,161,150,151
WIN_20260414_21_29_13_Pro,317,10.610743821391484,0.30797974188835114,0.3351369594334737,0.32155835066091243,1,1,228,161,150,151
WIN_20260414_21_29_13_Pro,318,10.644216199376947,0.30678600367268055,0.3313567428250964,0.31907137324888846,1,1,228,161,150,151
WIN_20260414_21_29_13_Pro,319,10.677688577362408,0.30797974188835114,0.3517653932378514,0.32987256756310124,1,1,228,161,150,151
WIN_20260414_21_29_13_Pro,320,10.711160955347871,0.25908161826050113,0.3313567428250964,0.2952191805427988,1,1,228,161,150,151
WIN_20260414_21_29_13_Pro,321,10.744633333333333,0.3086613510016848,0.33261816741484024,0.3206397592082625,1,1,228,161,150,151
WIN_20260414_21_29_13_Pro,322,10.778105711318796,0.30797974188835114,0.33891717604185106,0.3234484589651011,1,1,228,161,150,151
WIN_20260414_21_29_13_Pro,323,10.811578089304257,0.23008950275451043,0.22204264411625124,0.22606607343538082,1,1,228,161,150,151
WIN_20260414_21_29_13_Pro,324,10.845050467289719,0.18467921405659732,0.209669481956519,0.19717434800655814,1,1,228,161,150,151
WIN_20260414_21_29_13_Pro,325,10.878522845275182,0.16655246888175074,0.20133714148431417,0.18394480518303247,1,1,228,161,150,151
WIN_20260414_21_29_13_Pro,326,10.911995223260643,0.1955384779338546,0.21081851076841548,0.20317849435113505,1,1,228,161,150,151
WIN_20260414_21_29_13_Pro,327,10.945467601246106,0.23059872813731735,0.23115489831702724,0.2308768132271723,1,1,228,161,150,151
WIN_20260414_21_29_13_Pro,328,10.978939979231567,0.260588804871156,0.30485539195753164,0.2827220984143438,1,1,228,161,150,151
WIN_20260414_21_29_13_Pro,329,11.01241235721703,0.2797762592506816,0.30289125640838566,0.29133375782953363,1,1,228,161,150,151
WIN_20260414_21_29_13_Pro,330,11.045884735202492,0.30678600367268055,0.3453491679117346,0.32606758579220757,1,1,228,161,150,151
WIN_20260414_21_29_13_Pro,331,11.079357113187955,0.2508505307071702,0.2949148757987902,0.27288270325298025,1,1,228,161,150,151
WIN_20260414_21_29_13_Pro,332,11.112829491173416,0.24981528881542714,0.26120266399317943,0.25550897640430326,1,1,228,161,150,151
WIN_20260414_21_29_13_Pro,333,11.146301869158878,0.22206995850900096,0.24157735999700028,0.23182365925300064,1,1,228,161,150,151
WIN_20260414_21_29_13_Pro,334,11.17977424714434,0.20509572141632737,0.2297842025831895,0.21743996199975843,1,1,228,161,150,151
WIN_20260414_21_29_13_Pro,335,11.213246625129802,0.21440089306729976,0.24978037723856514,0.23209063515293243,1,1,228,161,150,151
WIN_20260414_21_29_13_Pro,336,11.246719003115265,0.21138216745920757,0.24978037723856514,0.23058127234888637,1,1,228,161,150,151
WIN_20260414_21_29_13_Pro,337,11.280191381100726,0.23923566948734648,0.27624339209523663,0.2577395307912915,1,1,228,161,150,151
WIN_20260414_21_29_13_Pro,338,11.31366375908619,0.23980822221486997,0.2906190878077789,0.26521365501132443,1,1,228,161,150,151
WIN_20260414_21_29_13_Pro,339,11.34713613707165,0.2690318494935369,0.3351369594334737,0.3020844044635053,1,1,228,161,150,151
WIN_20260414_21_29_13_Pro,340,11.380608515057112,0.2698004163034483,0.315283703307449,0.2925420598054487,1,1,228,161,150,151
WIN_20260414_21_29_13_Pro,341,11.414080893042575,0.28897454153299085,0.314768131924815,0.30187133672890293,1,1,228,161,150,151
WIN_20260414_21_29_13_Pro,342,11.447553271028037,0.30797974188835114,0.315283703307449,0.31163172259790006,1,1,228,161,150,151
WIN_20260414_21_29_13_Pro,343,11.4810256490135,0.30797974188835114,0.35891905273540237,0.3334493973118767,1,1,228,161,150,151
WIN_20260414_21_29_13_Pro,344,11.514498026998961,0.30797974188835114,0.35554560984622874,0.3317626758672899,1,1,228,161,150,151
WIN_20260414_21_29_13_Pro,345,11.547970404984424,0.3451342541317656,0.35287343234048685,0.3490038432361262,1,1,228,161,150,151
WIN_20260414_21_29_13_Pro,346,11.581442782969885,0.3189808926497953,0.33891717604185106,0.3289490343458232,1,1,228,161,150,151
WIN_20260414_21_29_13_Pro,347,11.614915160955347,0.30797974188835114,0.3351369594334737,0.32155835066091243,1,1,228,161,150,151
WIN_20260414_21_29_13_Pro,348,11.64838753894081,0.3599576882816709,0.35891905273540237,0.35943837050853666,1,1,228,161,150,151
WIN_20260414_21_29_13_Pro,349,11.681859916926271,0.2698004163034483,0.3351369594334737,0.30246868786846104,1,1,228,161,150,151
WIN_20260414_21_29_13_Pro,350,11.715332294911734,0.27116307939330114,0.3453491679117346,0.30825612365251787,1,1,228,161,150,151
WIN_20260414_21_29_13_Pro,351,11.748804672897196,0.24926362798405297,0.27030954390388945,0.2597865859439712,1,1,228,161,150,151
WIN_20260414_21_29_13_Pro,352,11.782277050882659,0.23980822221486997,0.25,0.24490411110743499,1,1,228,161,150,151
WIN_20260414_21_29_13_Pro,353,11.81574942886812,0.19216560678109781,0.25149128586563896,0.2218284463233684,1,1,228,161,150,151
WIN_20260414_21_29_13_Pro,354,11.849221806853583,0.19174125229542535,0.21081851076841548,0.20127988153192042,1,1,228,161,150,151
WIN_20260414_21_29_13_Pro,355,11.882694184839044,0.24146215390798464,0.2719219791125742,0.2566920665102794,1,1,228,161,150,151
WIN_20260414_21_29_13_Pro,356,11.916166562824506,0.24981528881542714,0.2746053318949008,0.26221031035516396,1,1,228,161,150,151
WIN_20260414_21_29_13_Pro,357,11.949638940809969,0.289614089055898,0.31098791531643766,0.30030100218616784,1,1,228,161,150,151
WIN_20260414_21_29_13_Pro,358,11.98311131879543,0.2698004163034483,0.31098791531643766,0.290394165809943,1,1,228,161,150,151
WIN_20260414_21_29_13_Pro,359,12.016583696780893,0.2791082810685709,0.31098791531643766,0.29504809819250427,1,1,228,161,150,151
WIN_20260414_21_29_13_Pro,360,12.050056074766355,0.2698004163034483,0.30485539195753164,0.28732790413049,1,1,228,161,150,151
WIN_20260414_21_29_13_Pro,361,12.083528452751818,0.2684377532135955,0.3351369594334737,0.3017873563235346,1,1,228,161,150,151
WIN_20260414_21_29_13_Pro,362,12.117000830737279,0.287611878443138,0.315283703307449,0.3014477908752935,1,1,228,161,150,151
WIN_20260414_21_29_13_Pro,363,12.15047320872274,0.30797974188835114,0.3453491679117346,0.32666445490004287,1,1,228,161,150,151
WIN_20260414_21_29_13_Pro,364,12.183945586708203,0.3189808926497953,0.3313567428250964,0.3251688177374459,1,1,228,161,150,151
WIN_20260414_21_29_13_Pro,365,12.217417964693665,0.2990445868591831,0.3313567428250964,0.31520066484213977,1,1,228,161,150,151
WIN_20260414_21_29_13_Pro,366,12.250890342679128,0.3189808926497953,0.3351369594334737,0.3270589260416345,1,1,228,161,150,151
WIN_20260414_21_29_13_Pro,367,12.28436272066459,0.3197442962864933,0.3351369594334737,0.3274406278599835,1,1,228,161,150,151
WIN_20260414_21_29_13_Pro,368,12.317835098650052,0.3189808926497953,0.3517653932378514,0.33537314294382337,1,1,228,161,150,151
WIN_20260414_21_29_13_Pro,369,12.351307476635514,0.3197442962864933,0.3453491679117346,0.33254673209911395,1,1,228,161,150,151
WIN_20260414_21_29_13_Pro,370,12.384779854620977,0.30797974188835114,0.33891717604185106,0.3234484589651011,1,1,228,161,150,151
WIN_20260414_21_29_13_Pro,371,12.418252232606438,0.32022208252503825,0.355138836127025,0.33768045932603163,1,1,228,161,150,151
WIN_20260414_21_29_13_Pro,372,12.4517246105919,0.32022208252503825,0.3351369594334737,0.327679520979256,1,1,228,161,150,151
WIN_20260414_21_29_13_Pro,373,12.485196988577362,0.30797974188835114,0.33891717604185106,0.3234484589651011,1,1,228,161,150,151
WIN_20260414_21_29_13_Pro,374,12.518669366562824,0.30797974188835114,0.33891717604185106,0.3234484589651011,1,1,228,161,150,151
WIN_20260414_21_29_13_Pro,375,12.552141744548287,0.30797974188835114,0.33891717604185106,0.3234484589651011,1,1,228,161,150,151
WIN_20260414_21_29_13_Pro,376,12.585614122533748,0.3189808926497953,0.3453491679117346,0.33216503028076494,1,1,228,161,150,151
WIN_20260414_21_29_13_Pro,377,12.619086500519211,0.32022208252503825,0.3517653932378514,0.3359937378814448,1,1,228,161,150,151
WIN_20260414_21_29_13_Pro,378,12.652558878504673,0.32022208252503825,0.355138836127025,0.33768045932603163,1,1,228,161,150,151
WIN_20260414_21_29_13_Pro,379,12.686031256490134,0.32098845664958187,0.33891717604185106,0.3299528163457165,1,1,228,161,150,151
WIN_20260414_21_29_13_Pro,380,12.719503634475597,0.2997602777685875,0.3371360994760992,0.31844818862234336,1,1,228,161,150,151
WIN_20260414_21_29_13_Pro,381,12.752976012461058,0.3074649708497565,0.35891905273540237,0.3331920117925794,1,1,228,161,150,151
WIN_20260414_21_29_13_Pro,382,12.786448390446521,0.3086613510016848,0.33261816741484024,0.3206397592082625,1,1,228,161,150,151
WIN_20260414_21_29_13_Pro,383,12.819920768431983,0.2990445868591831,0.3351369594334737,0.3170907731463284,1,1,228,161,150,151
WIN_20260414_21_29_13_Pro,384,12.853393146417446,0.2990445868591831,0.3313567428250964,0.31520066484213977,1,1,228,161,150,151
WIN_20260414_21_29_13_Pro,385,12.886865524402907,0.30797974188835114,0.33891717604185106,0.3234484589651011,1,1,228,161,150,151
WIN_20260414_21_29_13_Pro,386,12.92033790238837,0.3002857767344261,0.33891717604185106,0.3196014763881386,1,1,228,161,150,151
WIN_20260414_21_29_13_Pro,387,12.953810280373832,0.3189808926497953,0.3492890142812359,0.3341349534655156,1,1,228,161,150,151
WIN_20260414_21_29_13_Pro,388,12.987282658359293,0.2698004163034483,0.3313567428250964,0.30057857956427236,1,1,228,161,150,151
WIN_20260414_21_29_13_Pro,389,13.020755036344756,0.23980822221486997,0.27030954390388945,0.25505888305937974,1,1,228,161,150,151
WIN_20260414_21_29_13_Pro,390,13.054227414330217,0.23980822221486997,0.2719219791125742,0.2558651006637221,1,1,228,161,150,151
WIN_20260414_21_29_13_Pro,391,13.08769979231568,0.23059872813731735,0.26120266399317943,0.2459006960652484,1,1,228,161,150,151
WIN_20260414_21_29_13_Pro,392,13.121172170301142,0.23980822221486997,0.25149128586563896,0.24564975404025446,1,1,228,161,150,151
WIN_20260414_21_29_13_Pro,393,13.154644548286605,0.2514057036116159,0.2719219791125742,0.2616638413620951,1,1,228,161,150,151
WIN_20260414_21_29_13_Pro,394,13.188116926272066,0.2797762592506816,0.29235267235950946,0.28606446580509554,1,1,228,161,150,151
WIN_20260414_21_29_13_Pro,395,13.221589304257527,0.2797762592506816,0.2906190878077789,0.28519767352923026,1,1,228,161,150,151
WIN_20260414_21_29_13_Pro,396,13.25506168224299,0.2597922407327758,0.30936161397358997,0.28457692735318285,1,1,228,161,150,151
WIN_20260414_21_29_13_Pro,397,13.288534060228452,0.2811964796829196,0.2719219791125742,0.2765592293977469,1,1,244,161,151,151
WIN_20260414_21_29_13_Pro,398,13.322006438213915,0.31370837942071633,0.31716441582908383,0.31543639762490006,1,1,228,161,150,151
WIN_20260414_21_29_13_Pro,399,13.355478816199376,0.2791082810685709,0.2966740853421719,0.2878911832053714,1,1,228,161,150,151
WIN_20260414_21_29_13_Pro,400,13.38895119418484,0.2791082810685709,0.3307282314958865,0.3049182562822287,1,1,228,161,150,151
WIN_20260414_21_29_13_Pro,401,13.4224235721703,0.2797762592506816,0.2966740853421719,0.28822517229642675,1,1,228,161,150,151
WIN_20260414_21_29_13_Pro,402,13.455895950155762,0.2791082810685709,0.29235267235950946,0.28573047671404017,1,1,228,161,150,151
WIN_20260414_21_29_13_Pro,403,13.489368328141225,0.2791082810685709,0.3166457689891872,0.29787702502887903,1,1,228,161,150,151
WIN_20260414_21_29_13_Pro,404,13.522840706126686,0.2684377532135955,0.3166457689891872,0.29254176110139135,1,1,228,161,150,151
WIN_20260414_21_29_13_Pro,405,13.55631308411215,0.28052511066176816,0.3166457689891872,0.2985854398254777,1,1,228,161,150,151
WIN_20260414_21_29_13_Pro,406,13.58978546209761,0.2791082810685709,0.3262220094798281,0.3026651452741995,1,1,228,161,150,151
WIN_20260414_21_29_13_Pro,407,13.623257840083074,0.28052511066176816,0.3262220094798281,0.30337356007079813,1,1,228,161,150,151
WIN_20260414_21_29_13_Pro,408,13.656730218068535,0.2997602777685875,0.3241202121600601,0.3119402449643238,1,1,228,161,150,151
WIN_20260414_21_29_13_Pro,409,13.690202596053998,0.27039752837778824,0.30289125640838566,0.2866443923930869,1,1,228,161,150,151
WIN_20260414_21_29_13_Pro,410,13.72367497403946,0.2791082810685709,0.29235267235950946,0.28573047671404017,1,1,228,161,150,151
WIN_20260414_21_29_13_Pro,411,13.757147352024921,0.2791082810685709,0.3166457689891872,0.29787702502887903,1,1,228,161,150,151
WIN_20260414_21_29_13_Pro,412,13.790619730010384,0.2690318494935369,0.29235267235950946,0.2806922609265232,1,1,228,161,150,151
WIN_20260414_21_29_13_Pro,413,13.824092107995845,0.2797762592506816,0.3262220094798281,0.30299913436525483,1,1,228,161,150,151
WIN_20260414_21_29_13_Pro,414,13.857564485981309,0.2690318494935369,0.3285974012933564,0.29881462539344666,1,1,228,161,150,151
WIN_20260414_21_29_13_Pro,415,13.89103686396677,0.2791082810685709,0.3262220094798281,0.3026651452741995,1,1,228,161,150,151
WIN_20260414_21_29_13_Pro,416,13.924509241952233,0.2791082810685709,0.3285974012933564,0.3038528411809637,1,1,228,161,150,151
WIN_20260414_21_29_13_Pro,417,13.957981619937694,0.2797762592506816,0.3241202121600601,0.3019482357053709,1,1,228,161,150,151
WIN_20260414_21_29_13_Pro,418,13.991453997923156,0.2797762592506816,0.30936161397358997,0.2945689366121358,1,1,228,161,150,151
WIN_20260414_21_29_13_Pro,419,14.024926375908619,0.2997602777685875,0.30936161397358997,0.30456094587108873,1,1,228,161,150,151
WIN_20260414_21_29_13_Pro,420,14.05839875389408,0.2797762592506816,0.3241202121600601,0.3019482357053709,1,1,228,161,150,151
WIN_20260414_21_29_13_Pro,421,14.091871131879543,0.3197442962864933,0.31098791531643766,0.3153661058014655,1,1,228,161,150,151
WIN_20260414_21_29_13_Pro,422,14.125343509865004,0.2882484101716467,0.315283703307449,0.3017660567395478,1,1,228,161,150,151
WIN_20260414_21_29_13_Pro,423,14.158815887850468,0.2797762592506816,0.29235267235950946,0.28606446580509554,1,1,228,161,150,151
WIN_20260414_21_29_13_Pro,424,14.192288265835929,0.3197442962864933,0.315283703307449,0.31751399979697115,1,1,228,161,150,151
WIN_20260414_21_29_13_Pro,425,14.225760643821392,0.2797762592506816,0.29235267235950946,0.28606446580509554,1,1,228,161,150,151
WIN_20260414_21_29_13_Pro,426,14.259233021806853,0.3197442962864933,0.315283703307449,0.31751399979697115,1,1,228,161,150,151
WIN_20260414_21_29_13_Pro,427,14.292705399792315,0.3074649708497565,0.3128430028464214,0.3101539868480889,1,1,228,161,150,151
WIN_20260414_21_29_13_Pro,428,14.326177777777778,0.2997602777685875,0.3166457689891872,0.3082030233788874,1,1,228,161,150,151
WIN_20260414_21_29_13_Pro,429,14.359650155763239,0.2882484101716467,0.3128430028464214,0.30054570650903406,1,1,228,161,150,151
WIN_20260414_21_29_13_Pro,430,14.393122533748702,0.2990445868591831,0.3351369594334737,0.3170907731463284,1,1,228,161,150,151
WIN_20260414_21_29_13_Pro,431,14.426594911734163,0.3197442962864933,0.3453491679117346,0.33254673209911395,1,1,228,161,150,151
WIN_20260414_21_29_13_Pro,432,14.460067289719627,0.3197442962864933,0.31098791531643766,0.3153661058014655,1,1,228,161,150,151
WIN_20260414_21_29_13_Pro,433,14.493539667705088,0.2997602777685875,0.30936161397358997,0.30456094587108873,1,1,228,161,150,151
WIN_20260414_21_29_13_Pro,434,14.52701204569055,0.2797762592506816,0.30485539195753164,0.2923158256041066,1,1,228,161,150,151
WIN_20260414_21_29_13_Pro,435,14.560484423676012,0.2797762592506816,0.3285974012933564,0.304186830272019,1,1,228,161,150,151
WIN_20260414_21_29_13_Pro,436,14.593956801661474,0.2797762592506816,0.31098791531643766,0.29538208728355964,1,1,228,161,150,151
WIN_20260414_21_29_13_Pro,437,14.627429179646937,0.24981528881542714,0.29235267235950946,0.2710839805874683,1,1,228,161,150,151
WIN_20260414_21_29_13_Pro,438,14.660901557632398,0.23980822221486997,0.2719219791125742,0.2558651006637221,1,1,228,161,150,151
WIN_20260414_21_29_13_Pro,439,14.694373935617861,0.19230769230769232,0.2297842025831895,0.21104594744544092,1,1,228,161,150,151
WIN_20260414_21_29_13_Pro,440,14.727846313603322,0.18,0.20877153397232912,0.19438576698616455,1,1,228,161,150,151
WIN_20260414_21_29_13_Pro,441,14.761318691588786,0.2018189932489597,0.21081851076841548,0.2063187520086876,1,1,228,161,150,151
WIN_20260414_21_29_13_Pro,442,14.794791069574247,0.17294904610298803,0.20877153397232912,0.1908602900376586,1,1,228,161,150,151
WIN_20260414_21_29_13_Pro,443,14.828263447559708,0.18,0.1818810215257711,0.18094051076288553,1,1,228,161,150,151
WIN_20260414_21_29_13_Pro,444,14.861735825545171,0.17294904610298803,0.18068410834289367,0.17681657722294086,1,1,228,161,150,151
WIN_20260414_21_29_13_Pro,445,14.895208203530633,0.13773610958686242,0.16130486087097154,0.14952048522891698,1,1,228,161,150,151
WIN_20260414_21_29_13_Pro,446,14.928680581516096,0.15384615384615385,0.1811623969272572,0.16750427538670554,1,1,228,161,150,151
WIN_20260414_21_29_13_Pro,447,14.962152959501557,0.17294904610298803,0.19146395125120313,0.1822064986770956,1,1,228,161,150,151
WIN_20260414_21_29_13_Pro,448,14.99562533748702,0.17307692307692307,0.20133714148431417,0.18720703228061863,1,1,228,161,150,151
WIN_20260414_21_29_13_Pro,449,15.029097715472481,0.17307692307692307,0.18140083569370197,0.17723887938531252,1,1,228,161,150,151
WIN_20260414_21_29_13_Pro,450,15.062570093457943,0.17307692307692307,0.20133714148431417,0.18720703228061863,1,1,228,161,150,151
WIN_20260414_21_29_13_Pro,451,15.096042471443406,0.1749811447583712,0.2025079282355022,0.1887445364969367,1,1,228,161,150,151
WIN_20260414_21_29_13_Pro,452,15.129514849428867,0.17294904610298803,0.18312868076358008,0.17803886343328407,1,1,228,161,150,151
WIN_20260414_21_29_13_Pro,453,15.16298722741433,0.19230769230769232,0.2033112250625063,0.1978094586850993,1,1,228,161,150,151
WIN_20260414_21_29_13_Pro,454,15.196459605399792,0.17307692307692307,0.18940817019596917,0.18124254663644612,1,1,228,161,150,151
WIN_20260414_21_29_13_Pro,455,15.229931983385255,0.2,0.16792453927521334,0.18396226963760667,1,1,228,161,150,151
WIN_20260414_21_29_13_Pro,456,15.263404361370716,0.18,0.1704694328094325,0.17523471640471625,1,1,228,161,150,151
WIN_20260414_21_29_13_Pro,457,15.296876739356179,0.15384615384615385,0.17120263949065329,0.16252439666840357,1,1,228,161,150,151
WIN_20260414_21_29_13_Pro,458,15.33034911734164,0.17294904610298803,0.18605210145861845,0.17950057378080325,1,1,228,161,150,151
WIN_20260414_21_29_13_Pro,459,15.363821495327102,0.17985616666115248,0.17325923850111302,0.17655770258113274,1,1,228,161,150,151
WIN_20260414_21_29_13_Pro,460,15.397293873312565,0.17294904610298803,0.16864680010584066,0.17079792310441433,1,1,228,161,150,151
WIN_20260414_21_29_13_Pro,461,15.430766251298026,0.19216560678109781,0.21081851076841548,0.20149205877475665,1,1,228,161,150,151
WIN_20260414_21_29_13_Pro,462,15.46423862928349,0.17985616666115248,0.1818810215257711,0.1808685940934618,1,1,228,161,150,151
WIN_20260414_21_29_13_Pro,463,15.49771100726895,0.16666666666666666,0.1818810215257711,0.17427384409621888,1,1,228,161,150,151
WIN_20260414_21_29_13_Pro,464,15.531183385254414,0.18,0.1885969949928376,0.1842984974964188,1,1,228,161,150,151
WIN_20260414_21_29_13_Pro,465,15.564655763239875,0.16246211051940918,0.21172526301175296,0.18709368676558108,1,1,228,161,150,151
WIN_20260414_21_29_13_Pro,466,15.598128141225336,0.2,0.20877153397232912,0.20438576698616456,1,1,228,161,150,151
WIN_20260414_21_29_13_Pro,467,15.6316005192108,0.18,0.21172526301175296,0.19586263150587646,1,1,228,161,150,151
WIN_20260414_21_29_13_Pro,468,15.66507289719626,0.17307692307692307,0.17120263949065329,0.17213978128378818,1,1,228,161,150,151
WIN_20260414_21_29_13_Pro,469,15.698545275181724,0.19230769230769232,0.20877153397232912,0.20053961314001073,1,1,228,161,150,151
WIN_20260414_21_29_13_Pro,470,15.732017653167185,0.17307692307692307,0.190643971788924,0.18186044743292354,1,1,228,161,150,151
WIN_20260414_21_29_13_Pro,471,15.765490031152648,0.19230769230769232,0.21081851076841548,0.2015631015380539,1,1,228,161,150,151
WIN_20260414_21_29_13_Pro,472,15.79896240913811,0.17294904610298803,0.20054164439917932,0.18674534525108366,1,1,228,161,150,151
WIN_20260414_21_29_13_Pro,473,15.83243478712357,0.18,0.1704694328094325,0.17523471640471625,1,1,228,161,150,151
WIN_20260414_21_29_13_Pro,474,15.865907165109034,0.17307692307692307,0.20133714148431417,0.18720703228061863,1,1,228,161,150,151
WIN_20260414_21_29_13_Pro,475,15.899379543094495,0.1749811447583712,0.1704694328094325,0.17272528878390186,1,1,228,161,150,151
WIN_20260414_21_29_13_Pro,476,15.932851921079958,0.17307692307692307,0.15886028845028513,0.16596860576360412,1,1,228,161,150,151
WIN_20260414_21_29_13_Pro,477,15.96632429906542,0.21153846153846154,0.21081851076841548,0.2111784861534385,1,1,228,161,150,151
WIN_20260414_21_29_13_Pro,478,15.999796677050883,0.17531471091260997,0.19146395125120313,0.18338933108190655,1,1,228,161,150,151
WIN_20260414_21_29_13_Pro,479,16.033269055036346,0.17307692307692307,0.1818810215257711,0.17747897230134707,1,1,228,161,150,151
WIN_20260414_21_29_13_Pro,480,16.066741433021807,0.17544433703789344,0.1889081118663905,0.182176224452142,1,1,228,161,150,151
WIN_20260414_21_29_13_Pro,481,16.10021381100727,0.17307692307692307,0.21172526301175296,0.192401093044338,1,1,228,161,150,151
WIN_20260414_21_29_13_Pro,482,16.13368618899273,0.17307692307692307,0.18940817019596917,0.18124254663644612,1,1,228,161,150,151
WIN_20260414_21_29_13_Pro,483,16.16715856697819,0.17307692307692307,0.21172526301175296,0.192401093044338,1,1,228,161,150,151
WIN_20260414_21_29_13_Pro,484,16.200630944963656,0.15384615384615385,0.19146395125120313,0.1726550525486785,1,1,228,161,150,151
WIN_20260414_21_29_13_Pro,485,16.234103322949117,0.1346153846153846,0.16609096072102805,0.15035317266820633,1,1,228,161,150,151
WIN_20260414_21_29_13_Pro,486,16.26757570093458,0.15384615384615385,0.17120263949065329,0.16252439666840357,1,1,228,161,150,151
WIN_20260414_21_29_13_Pro,487,16.30104807892004,0.17307692307692307,0.18685233081115654,0.1799646269440398,1,1,228,161,150,151
WIN_20260414_21_29_13_Pro,488,16.334520456905505,0.1368815895563904,0.16609096072102805,0.15148627513870921,1,1,228,161,150,151
WIN_20260414_21_29_13_Pro,489,16.367992834890966,0.1346153846153846,0.14788543001571217,0.1412504073155484,1,1,228,161,150,151
WIN_20260414_21_29_13_Pro,490,16.401465212876428,0.18,0.17120263949065329,0.17560131974532664,1,1,228,161,150,151
WIN_20260414_21_29_13_Pro,491,16.43493759086189,0.15384615384615385,0.1704694328094325,0.16215779332779318,1,1,228,161,150,151
WIN_20260414_21_29_13_Pro,492,16.46840996884735,0.16246211051940918,0.17164712799839285,0.16705461925890103,1,1,228,161,150,151
WIN_20260414_21_29_13_Pro,493,16.501882346832815,0.15384615384615385,0.16864680010584066,0.16124647697599725,1,1,228,161,150,151
WIN_20260414_21_29_13_Pro,494,16.535354724818276,0.17544433703789344,0.16609096072102805,0.17076764887946075,1,1,228,161,150,151
WIN_20260414_21_29_13_Pro,495,16.568827102803738,0.15384615384615385,0.16864680010584066,0.16124647697599725,1,1,228,161,150,151
WIN_20260414_21_29_13_Pro,496,16.6022994807892,0.17294904610298803,0.16609096072102805,0.16952000341200804,1,1,228,161,150,151
WIN_20260414_21_29_13_Pro,497,16.63577185877466,0.15384615384615385,0.16609096072102805,0.15996855728359094,1,1,228,161,150,151
WIN_20260414_21_29_13_Pro,498,16.669244236760125,0.11538461538461539,0.1704694328094325,0.14292702409702396,1,1,228,161,150,151
WIN_20260414_21_29_13_Pro,499,16.702716614745587,0.12324555397033692,0.15125453737199468,0.1372500456711658,1,1,228,161,150,151
WIN_20260414_21_29_13_Pro,500,16.736188992731048,0.17485186086026627,0.1704694328094325,0.17266064683484939,1,1,228,161,150,151
WIN_20260414_21_29_13_Pro,501,16.76966137071651,0.16246211051940918,0.17374889975290836,0.16810550513615877,1,1,228,161,150,151
WIN_20260414_21_29_13_Pro,502,16.803133748701974,0.1562135678071242,0.17120263949065329,0.16370810364888874,1,1,228,161,150,151
WIN_20260414_21_29_13_Pro,503,16.836606126687435,0.14814814814814814,0.17120263949065329,0.1596753938194007,1,1,228,161,150,151
WIN_20260414_21_29_13_Pro,504,16.870078504672897,0.13451592474676846,0.1704694328094325,0.15249267877810047,1,1,228,161,150,151
WIN_20260414_21_29_13_Pro,505,16.903550882658358,0.12954080913025057,0.16864680010584066,0.1490938046180456,1,1,228,161,150,151
WIN_20260414_21_29_13_Pro,506,16.93702326064382,0.1346153846153846,0.17120263949065329,0.15290901205301893,1,1,228,161,150,151
WIN_20260414_21_29_13_Pro,507,16.970495638629284,0.13698279857635498,0.17120263949065329,0.15409271903350413,1,1,228,161,150,151
WIN_20260414_21_29_13_Pro,508,17.003968016614746,0.1562135678071242,0.17325923850111302,0.1647364031541186,1,1,228,161,150,151
WIN_20260414_21_29_13_Pro,509,17.037440394600207,0.13451592474676846,0.16792453927521334,0.15122023201099088,1,1,228,161,150,151
WIN_20260414_21_29_13_Pro,510,17.070912772585668,0.11850534035609318,0.17120263949065329,0.14485398992337323,1,1,228,161,150,151
WIN_20260414_21_29_13_Pro,511,17.104385150571133,0.1562135678071242,0.17120263949065329,0.16370810364888874,1,1,228,161,150,151
WIN_20260414_21_29_13_Pro,512,17.137857528556594,0.1560981502345002,0.16864680010584066,0.16237247517017042,1,1,228,161,150,151
WIN_20260414_21_29_13_Pro,513,17.171329906542056,0.1368815895563904,0.15949044632489764,0.148186017940644,1,1,228,161,150,151
WIN_20260414_21_29_13_Pro,514,17.204802284527517,0.14246211051940919,0.16609096072102805,0.15427653562021862,1,1,228,161,150,151
WIN_20260414_21_29_13_Pro,515,17.23827466251298,0.1431310901575446,0.17325923850111302,0.1581951643293288,1,1,228,161,150,151
WIN_20260414_21_29_13_Pro,516,17.271747040498443,0.12314707163963877,0.17120263949065329,0.14717485556514603,1,1,228,161,150,151
WIN_20260414_21_29_13_Pro,517,17.305219418483905,0.1398881296253408,0.16609096072102805,0.15298954517318442,1,1,228,161,150,151
WIN_20260414_21_29_13_Pro,518,17.338691796469366,0.12314707163963877,0.16864680010584066,0.14589693587273972,1,1,228,161,150,151
WIN_20260414_21_29_13_Pro,519,17.372164174454827,0.1346153846153846,0.18685233081115654,0.1607338577132706,1,1,228,161,150,151
WIN_20260414_21_29_13_Pro,520,17.405636552440292,0.13773610958686242,0.15886028845028513,0.14829819901857377,1,1,228,161,150,151
WIN_20260414_21_29_13_Pro,521,17.439108930425753,0.14324555397033692,0.16864680010584066,0.15594617703808877,1,1,228,161,150,151
WIN_20260414_21_29_13_Pro,522,17.472581308411215,0.14324555397033692,0.17120263949065329,0.1572240967304951,1,1,228,161,150,151
WIN_20260414_21_29_13_Pro,523,17.506053686396676,0.13451592474676846,0.17120263949065329,0.15285928211871086,1,1,228,161,150,151
WIN_20260414_21_29_13_Pro,524,17.539526064382137,0.14324555397033692,0.16864680010584066,0.15594617703808877,1,1,228,161,150,151
WIN_20260414_21_29_13_Pro,525,17.572998442367602,0.16,0.15125453737199468,0.15562726868599736,1,1,228,161,150,151
WIN_20260414_21_29_13_Pro,526,17.606470820353064,0.1346153846153846,0.17120263949065329,0.15290901205301893,1,1,228,161,150,151
WIN_20260414_21_29_13_Pro,527,17.639943198338525,0.1346153846153846,0.15125453737199468,0.14293496099368963,1,1,228,161,150,151
WIN_20260414_21_29_13_Pro,528,17.673415576323986,0.14,0.17120263949065329,0.15560131974532665,1,1,228,161,150,151
WIN_20260414_21_29_13_Pro,529,17.706887954309448,0.13451592474676846,0.15886028845028513,0.1466881065985268,1,1,228,161,150,151
WIN_20260414_21_29_13_Pro,530,17.740360332294912,0.15384615384615385,0.1704694328094325,0.16215779332779318,1,1,228,161,150,151
WIN_20260414_21_29_13_Pro,531,17.773832710280374,0.17307692307692307,0.16792453927521334,0.1705007311760682,1,1,228,161,150,151
WIN_20260414_21_29_13_Pro,532,17.807305088265835,0.17307692307692307,0.20054164439917932,0.1868092837380512,1,1,228,161,150,151
WIN_20260414_21_29_13_Pro,533,17.840777466251296,0.15384615384615385,0.18068410834289367,0.16726513109452376,1,1,228,161,150,151
WIN_20260414_21_29_13_Pro,534,17.87424984423676,0.19421191398914045,0.22039918045546497,0.2073055472223027,1,1,228,161,150,151
WIN_20260414_21_29_13_Pro,535,17.907722222222223,0.21153846153846154,0.22910792152094087,0.2203231915297012,1,1,228,161,150,151
WIN_20260414_21_29_13_Pro,536,17.941194600207684,0.24,0.2704528329561894,0.2552264164780947,1,1,228,161,150,151
WIN_20260414_21_29_13_Pro,537,17.974666978193145,0.2797762592506816,0.2792903855321626,0.27953332239142215,1,1,228,161,150,151
WIN_20260414_21_29_13_Pro,538,18.008139356178607,0.28,0.29235267235950946,0.28617633617975474,1,1,228,161,150,151
WIN_20260414_21_29_13_Pro,539,18.04161173416407,0.2797762592506816,0.3128430028464214,0.2963096310485515,1,1,228,161,150,151
WIN_20260414_21_29_13_Pro,540,18.075084112149533,0.2797762592506816,0.3241202121600601,0.3019482357053709,1,1,228,161,150,151
WIN_20260414_21_29_13_Pro,541,18.108556490134994,0.3074649708497565,0.31098791531643766,0.3092264430830971,1,1,228,161,150,151
WIN_20260414_21_29_13_Pro,542,18.142028868120455,0.2791082810685709,0.2906190878077789,0.2848636844381749,1,1,228,161,150,151
WIN_20260414_21_29_13_Pro,543,18.17550124610592,0.2791082810685709,0.2949148757987902,0.2870115784336805,1,1,228,161,150,151
WIN_20260414_21_29_13_Pro,544,18.20897362409138,0.2684377532135955,0.31098791531643766,0.2897128342650166,1,1,228,161,150,151
WIN_20260414_21_29_13_Pro,545,18.242446002076843,0.2690318494935369,0.29235267235950946,0.2806922609265232,1,1,228,161,150,151
WIN_20260414_21_29_13_Pro,546,18.275918380062304,0.2684377532135955,0.31098791531643766,0.2897128342650166,1,1,228,161,150,151
WIN_20260414_21_29_13_Pro,547,18.309390758047766,0.2791082810685709,0.33018740426695053,0.3046478426677607,1,1,228,161,150,151
WIN_20260414_21_29_13_Pro,548,18.34286313603323,0.2791082810685709,0.29235267235950946,0.28573047671404017,1,1,228,161,150,151
WIN_20260414_21_29_13_Pro,549,18.37633551401869,0.2791082810685709,0.29235267235950946,0.28573047671404017,1,1,228,161,150,151
WIN_20260414_21_29_13_Pro,550,18.409807892004153,0.2797762592506816,0.27030954390388945,0.2750429015772855,1,1,228,161,150,151
WIN_20260414_21_29_13_Pro,551,18.443280269989614,0.2791082810685709,0.2906190878077789,0.2848636844381749,1,1,228,161,150,151
WIN_20260414_21_29_13_Pro,552,18.476752647975076,0.2997602777685875,0.3241202121600601,0.3119402449643238,1,1,228,161,150,151
WIN_20260414_21_29_13_Pro,553,18.51022502596054,0.2997602777685875,0.3492890142812359,0.3245246460249117,1,1,228,161,150,151
WIN_20260414_21_29_13_Pro,554,18.543697403946002,0.289444790323575,0.3280600585295614,0.3087524244265682,1,1,228,161,150,151
WIN_20260414_21_29_13_Pro,555,18.577169781931463,0.28261670011515755,0.3241202121600601,0.3033684561376088,1,1,228,161,150,151
WIN_20260414_21_29_13_Pro,556,18.610642159916924,0.2997602777685875,0.31098791531643766,0.3053740965425126,1,1,228,161,150,151
WIN_20260414_21_29_13_Pro,557,18.64411453790239,0.2797762592506816,0.315283703307449,0.29752998127906527,1,1,228,161,150,151
WIN_20260414_21_29_13_Pro,558,18.67758691588785,0.2684377532135955,0.27030954390388945,0.26937364855874246,1,1,228,161,150,151
WIN_20260414_21_29_13_Pro,559,18.711059293873312,0.3074649708497565,0.3453491679117346,0.32640706938074554,1,1,228,161,150,151
WIN_20260414_21_29_13_Pro,560,18.744531671858773,0.27039752837778824,0.3128430028464214,0.29162026561210486,1,1,228,161,150,151
WIN_20260414_21_29_13_Pro,561,18.778004049844235,0.2797762592506816,0.30936161397358997,0.2945689366121358,1,1,228,161,150,151
WIN_20260414_21_29_13_Pro,562,18.8114764278297,0.2997602777685875,0.3262220094798281,0.31299114362420777,1,1,228,161,150,151
WIN_20260414_21_29_13_Pro,563,18.84494880581516,0.2797762592506816,0.3285974012933564,0.304186830272019,1,1,228,161,150,151
WIN_20260414_21_29_13_Pro,564,18.878421183800622,0.2797762592506816,0.30485539195753164,0.2923158256041066,1,1,228,161,150,151
WIN_20260414_21_29_13_Pro,565,18.911893561786083,0.2797762592506816,0.31098791531643766,0.29538208728355964,1,1,228,161,150,151
WIN_20260414_21_29_13_Pro,566,18.94536593977155,0.2791082810685709,0.3307282314958865,0.3049182562822287,1,1,228,161,150,151
WIN_20260414_21_29_13_Pro,567,18.97883831775701,0.2797762592506816,0.3285974012933564,0.304186830272019,1,1,228,161,150,151
WIN_20260414_21_29_13_Pro,568,19.01231069574247,0.2684377532135955,0.31098791531643766,0.2897128342650166,1,1,228,161,150,151
WIN_20260414_21_29_13_Pro,569,19.045783073727932,0.2888056166588086,0.3313567428250964,0.3100811797419525,1,1,228,161,150,151
WIN_20260414_21_29_13_Pro,570,19.079255451713394,0.27039752837778824,0.3313567428250964,0.30087713560144236,1,1,228,161,150,151
WIN_20260414_21_29_13_Pro,571,19.11272782969886,0.3074649708497565,0.3313567428250964,0.3194108568374264,1,1,228,161,150,151
WIN_20260414_21_29_13_Pro,572,19.14620020768432,0.3197442962864933,0.3241202121600601,0.3219322542232767,1,1,228,161,150,151
WIN_20260414_21_29_13_Pro,573,19.17967258566978,0.32022208252503825,0.3313567428250964,0.32578941267506734,1,1,228,161,150,151
WIN_20260414_21_29_13_Pro,574,19.213144963655242,0.30678600367268055,0.3313567428250964,0.31907137324888846,1,1,228,161,150,151
WIN_20260414_21_29_13_Pro,575,19.246617341640707,0.3086613510016848,0.3517653932378514,0.3302133721197681,1,1,228,161,150,151
WIN_20260414_21_29_13_Pro,576,19.28008971962617,0.27039752837778824,0.3333333333333333,0.3018654308555608,1,1,228,161,150,151
WIN_20260414_21_29_13_Pro,577,19.31356209761163,0.3197442962864933,0.3517653932378514,0.3357548447621723,1,1,228,161,150,151
WIN_20260414_21_29_13_Pro,578,19.34703447559709,0.3189808926497953,0.37217404365060636,0.34557746815020085,1,1,228,161,150,151
WIN_20260414_21_29_13_Pro,579,19.380506853582553,0.3197442962864933,0.30865062049728476,0.31419745839188906,1,1,228,161,150,151
WIN_20260414_21_29_13_Pro,580,19.413979231568018,0.3197442962864933,0.3517653932378514,0.3357548447621723,1,1,228,161,150,151
WIN_20260414_21_29_13_Pro,581,19.44745160955348,0.3197442962864933,0.3517653932378514,0.3357548447621723,1,1,228,161,150,151
WIN_20260414_21_29_13_Pro,582,19.48092398753894,0.32022208252503825,0.33891717604185106,0.3295696292834447,1,1,228,161,150,151
WIN_20260414_21_29_13_Pro,583,19.5143963655244,0.30678600367268055,0.3351369594334737,0.32096148155307713,1,1,228,161,150,151
WIN_20260414_21_29_13_Pro,584,19.547868743509863,0.2797762592506816,0.3190639199158263,0.29942008958325395,1,1,228,161,150,151
WIN_20260414_21_29_13_Pro,585,19.581341121495328,0.2797762592506816,0.314768131924815,0.2972721955877483,1,1,228,161,150,151
WIN_20260414_21_29_13_Pro,586,19.61481349948079,0.3189808926497953,0.3371360994760992,0.32805849606294724,1,1,228,161,150,151
WIN_20260414_21_29_13_Pro,587,19.64828587746625,0.30678600367268055,0.3729624129855604,0.33987420832912046,1,1,228,161,150,151
WIN_20260414_21_29_13_Pro,588,19.68175825545171,0.3197442962864933,0.35891905273540237,0.3393316745109478,1,1,228,161,150,151
WIN_20260414_21_29_13_Pro,589,19.715230633437177,0.3197442962864933,0.3313567428250964,0.32555051955579484,1,1,228,161,150,151
WIN_20260414_21_29_13_Pro,590,19.748703011422638,0.3197442962864933,0.3475886270021246,0.33366646164430896,1,1,228,161,150,151
WIN_20260414_21_29_13_Pro,591,19.7821753894081,0.30124515533447266,0.3313567428250964,0.31630094907978457,1,1,228,161,150,151
WIN_20260414_21_29_13_Pro,592,19.81564776739356,0.3197442962864933,0.3333333333333333,0.3265388148099133,1,1,228,161,150,151
WIN_20260414_21_29_13_Pro,593,19.849120145379022,0.3197442962864933,0.3475886270021246,0.33366646164430896,1,1,228,161,150,151
WIN_20260414_21_29_13_Pro,594,19.882592523364487,0.32098845664958187,0.3492890142812359,0.33513873546540884,1,1,228,161,150,151
WIN_20260414_21_29_13_Pro,595,19.916064901349948,0.3538596280877223,0.3475886270021246,0.35072412754492344,1,1,228,161,150,151
WIN_20260414_21_29_13_Pro,596,19.94953727933541,0.31222908360681384,0.3262220094798281,0.31922554654332097,1,1,228,161,150,151
WIN_20260414_21_29_13_Pro,597,19.98300965732087,0.2705985391259053,0.31716441582908383,0.2938814774774946,1,1,228,161,150,151
WIN_20260414_21_29_13_Pro,598,20.016482035306336,0.24165525436401367,0.25085470850377145,0.24625498143389257,1,1,228,161,150,151
WIN_20260414_21_29_13_Pro,599,20.049954413291797,0.22,0.25085470850377145,0.2354273542518857,1,1,228,161,150,151
WIN_20260414_21_29_13_Pro,600,20.083426791277258,0.25,0.29213464636792047,0.2710673231839602,1,1,228,161,150,151
WIN_20260414_21_29_13_Pro,601,20.11689916926272,0.28142135620117187,0.3062819560401212,0.29385165612064656,1,1,228,161,150,151
WIN_20260414_21_29_13_Pro,602,20.15037154724818,0.2517242232958476,0.26347370913460266,0.25759896621522516,1,1,228,161,150,151
WIN_20260414_21_29_13_Pro,603,20.183843925233646,0.16652217792363402,0.17120263949065329,0.16886240870714364,1,1,228,161,150,151
WIN_20260414_21_29_13_Pro,604,20.217316303219107,0.20815272240454255,0.209669481956519,0.20891110218053077,1,1,228,161,150,151
WIN_20260414_21_29_13_Pro,605,20.25078868120457,0.21039624015490213,0.23009333841364296,0.22024478928427255,1,1,228,161,150,151
WIN_20260414_21_29_13_Pro,606,20.28426105919003,0.2517242232958476,0.26347370913460266,0.25759896621522516,1,1,228,161,150,151
WIN_20260414_21_29_13_Pro,607,20.31773343717549,0.3125,0.3248799479703956,0.3186899739851978,1,1,228,161,150,151
WIN_20260414_21_29_13_Pro,608,20.351205815160956,0.3333333333333333,0.32620941384625146,0.32977137358979236,1,1,228,161,150,151
WIN_20260414_21_29_13_Pro,609,20.384678193146417,0.3541666666666667,0.3333333333333333,0.34375,1,1,228,161,150,151
WIN_20260414_21_29_13_Pro,610,20.41815057113188,0.3411077117919922,0.35386372427367757,0.3474857180328349,1,1,228,145,150,150
WIN_20260414_21_29_13_Pro,611,20.45162294911734,0.3333333333333333,0.36899701819843794,0.35116517576588563,1,1,228,145,150,150
WIN_20260414_21_29_13_Pro,612,20.485095327102805,0.33592740694681805,0.3262220094798281,0.3310747082133231,1,1,228,145,150,150
WIN_20260414_21_29_13_Pro,613,20.518567705088266,0.32,0.33476703451392453,0.32738351725696224,1,1,228,145,150,150
WIN_20260414_21_29_13_Pro,614,20.552040083073727,0.3538596280877223,0.35538572879145625,0.3546226784395893,1,1,228,145,150,150
WIN_20260414_21_29_13_Pro,615,20.58551246105919,0.34782608695652173,0.3475886270021246,0.3477073569793232,1,1,228,145,150,150
WIN_20260414_21_29_13_Pro,616,20.61898483904465,0.3566175699234009,0.35386372427367757,0.3552406470985392,1,1,228,145,150,150
WIN_20260414_21_29_13_Pro,617,20.652457217030115,0.3491795166679051,0.3475886270021246,0.34838407183501485,1,1,228,145,150,150
WIN_20260414_21_29_13_Pro,618,20.685929595015576,0.3566175699234009,0.35538572879145625,0.35600164935742856,1,1,228,145,150,150
WIN_20260414_21_29_13_Pro,619,20.719401973001037,0.33304435584726805,0.33476703451392453,0.3339056951805963,1,1,228,145,150,150
WIN_20260414_21_29_13_Pro,620,20.7528743509865,0.34782608695652173,0.3343402682107032,0.34108317758361245,1,1,228,145,150,150
WIN_20260414_21_29_13_Pro,621,20.786346728971964,0.33304435584726805,0.30320366737694776,0.3181240116121079,1,1,228,145,150,150
WIN_20260414_21_29_13_Pro,622,20.819819106957425,0.3474977995058167,0.35020210412314284,0.34884995181447975,1,1,228,145,150,150
WIN_20260414_21_29_13_Pro,623,20.853291484942886,0.32732268126239433,0.3056040687932808,0.31646337502783756,1,1,228,145,150,150
WIN_20260414_21_29_13_Pro,624,20.886763862928348,0.3488499518144798,0.3488499518144798,0.3488499518144798,1,1,228,145,150,150
WIN_20260414_21_29_13_Pro,625,20.92023624091381,0.3488499518144798,0.30474281170853446,0.32679638176150716,1,1,228,145,150,150
WIN_20260414_21_29_13_Pro,626,20.953708618899274,0.34782608695652173,0.30474281170853446,0.3262844493325281,1,1,228,145,150,150
WIN_20260414_21_29_13_Pro,627,20.987180996884735,0.35020210412314284,0.34651847700222604,0.34836029056268447,1,1,228,145,150,150
WIN_20260414_21_29_13_Pro,628,21.020653374870196,0.29065918126179907,0.30320366737694776,0.2969314243193734,1,1,228,145,150,150
WIN_20260414_21_29_13_Pro,629,21.054125752855658,0.32577918703670317,0.35020210412314284,0.337990645579923,1,1,228,145,150,150
WIN_20260414_21_29_13_Pro,630,21.087598130841123,0.33304435584726805,0.3474977995058167,0.3402710776765424,1,1,228,145,150,150
WIN_20260414_21_29_13_Pro,631,21.121070508826584,0.32732268126239433,0.3248610721895869,0.3260918767259906,1,1,228,145,150,150
WIN_20260414_21_29_13_Pro,632,21.154542886812045,0.3421709828606616,0.30474281170853446,0.32345689728459803,1,1,228,145,150,150
WIN_20260414_21_29_13_Pro,633,21.188015264797507,0.32577918703670317,0.3056040687932808,0.31569162791499195,1,1,228,145,150,150
WIN_20260414_21_29_13_Pro,634,21.221487642782968,0.33304435584726805,0.3248610721895869,0.32895271401842746,1,1,228,145,150,150
WIN_20260414_21_29_13_Pro,635,21.254960020768433,0.3474977995058167,0.3421709828606616,0.34483439118323916,1,1,228,145,150,150
WIN_20260414_21_29_13_Pro,636,21.288432398753894,0.33304435584726805,0.34252674431656294,0.33778555008191546,1,1,228,145,150,150
WIN_20260414_21_29_13_Pro,637,21.321904776739355,0.3286748335710574,0.3264002165211736,0.32753752504611555,1,1,228,145,150,150
WIN_20260414_21_29_13_Pro,638,21.355377154724817,0.32732268126239433,0.3062819560401212,0.31680231865125774,1,1,228,145,150,150
WIN_20260414_21_29_13_Pro,639,21.388849532710278,0.32732268126239433,0.30474281170853446,0.3160327464854644,1,1,228,145,150,150
WIN_20260414_21_29_13_Pro,640,21.422321910695743,0.32763190891431726,0.30474281170853446,0.31618736031142586,1,1,228,145,150,150
WIN_20260414_21_29_13_Pro,641,21.455794288681204,0.32763190891431726,0.32620941384625146,0.32692066138028436,1,1,228,145,150,150
test1,0,0.0,0.2992742724449644,0.2775874481362512,0.2884308602906078,1,1,293,154,181,180
test1,1,0.03474640692640693,0.28910732673902284,0.2872060507702923,0.2881566887546576,1,1,293,154,181,180
test1,2,0.06949281385281386,0.2316764054776277,0.25908161826050113,0.2453790118690644,1,1,293,154,181,180
test1,3,0.10423922077922078,0.26223878772926706,0.27890261693883767,0.27057070233405234,1,1,293,154,181,180
test1,4,0.13898562770562772,0.2698004163034483,0.289614089055898,0.27970725267967317,1,1,293,154,181,180
test1,5,0.17373203463203463,0.24292390837925998,0.25986337440987073,0.2513936413945653,1,1,293,154,181,180
test1,6,0.20847844155844156,0.28774964600460723,0.2775874481362512,0.2826685470704292,1,1,293,154,181,180
test1,7,0.2432248484848485,0.2508505307071702,0.26171195586567403,0.2562812432864221,1,1,293,154,181,180
test1,8,0.27797125541125545,0.2701716158004013,0.2603967870630876,0.26528420143174447,1,1,293,154,181,180
test1,9,0.31271766233766235,0.29016827974866144,0.27873957977568287,0.28445392976217215,1,1,293,154,181,180
test1,10,0.34746406926406925,0.26223878772926706,0.24981528881542714,0.2560270382723471,1,1,293,154,181,180
test1,11,0.3822104761904762,0.2591719752779587,0.2698004163034483,0.26448619579070354,1,1,293,154,181,180
test1,12,0.4169568831168831,0.2316764054776277,0.2717632072620396,0.25171980636983365,1,1,293,154,181,180
test1,13,0.4517032900432901,0.2698004163034483,0.27039752837778824,0.2700989723406183,1,1,293,154,181,180
test1,14,0.486449696969697,0.28910732673902284,0.2888056166588086,0.2889564716989157,1,1,293,154,181,180
test1,15,0.5211961038961039,0.26223878772926706,0.2882484101716467,0.2752435989504569,1,1,293,154,181,180
test1,16,0.5559425108225109,0.24057633251231544,0.2514057036116159,0.24599101806196566,1,1,293,154,181,180
test1,17,0.5906889177489177,0.29016827974866144,0.2690318494935369,0.2796000646210992,1,1,293,154,181,180
test1,18,0.6254353246753247,0.2698004163034483,0.289444790323575,0.27962260331351163,1,1,293,154,181,180
test1,19,0.6601817316017317,0.24057633251231544,0.289614089055898,0.26509521078410675,1,1,293,154,181,180
test1,20,0.6949281385281385,0.27833129581553046,0.29663651403329966,0.28748390492441506,1,1,293,154,181,180
test1,21,0.7296745454545455,0.27116307939330114,0.27890261693883767,0.27503284816606943,1,1,293,154,181,180
test1,22,0.7644209523809524,0.29562994558196726,0.31395466389621546,0.30479230473909136,1,1,293,154,181,180
test1,23,0.7991673593073594,0.2791082810685709,0.289614089055898,0.28436118506223446,1,1,293,154,181,180
test1,24,0.8339137662337662,0.21440089306729976,0.2049758203125578,0.20968835668992877,1,1,293,154,181,180
test1,25,0.8686601731601732,0.16194471573515887,0.17294904610298803,0.16744688091907345,1,1,293,154,181,180
test1,26,0.9034065800865801,0.22292343013303748,0.2129725822553963,0.2179480061942169,1,1,293,154,181,180
test1,27,0.9381529870129871,0.21250228024808515,0.17985616666115248,0.1961792234546188,1,1,293,154,181,180
test1,28,0.972899393939394,0.2212734472749264,0.2218030117668655,0.22153822952089597,1,1,293,154,181,180
test1,29,1.007645800865801,0.28082796798935855,0.2698004163034483,0.2753141921464034,1,1,293,154,181,180
test1,30,1.0423922077922079,0.2698004163034483,0.2888056166588086,0.27930301648112843,1,1,293,154,181,180
test1,31,1.0771386147186148,0.29016827974866144,0.3098577311536131,0.3000130054511373,1,1,293,154,181,180
test1,32,1.1118850216450218,0.30917348010402174,0.3151044354389594,0.3121389577714906,1,1,293,154,181,180
test1,33,1.1466314285714285,0.28897454153299085,0.27890261693883767,0.28393857923591426,1,1,293,154,181,180
test1,34,1.1813778354978355,0.30797974188835114,0.2997602777685875,0.30387000982846935,1,1,293,154,181,180
test1,35,1.2161242424242424,0.29016827974866144,0.302424658563914,0.2962964691562877,1,1,293,154,181,180
test1,36,1.2508706493506494,0.30917348010402174,0.2997602777685875,0.30446687893630464,1,1,293,154,181,180
test1,37,1.2856170562770564,0.2698004163034483,0.30797974188835114,0.2888900790958997,1,1,293,154,181,180
test1,38,1.3203634632034633,0.30797974188835114,0.2882484101716467,0.29811407602999895,1,1,293,154,181,180
test1,39,1.3551098701298703,0.30917348010402174,0.30678600367268055,0.30797974188835114,1,1,293,154,181,180
test1,40,1.389856277056277,0.3002857767344261,0.28194194025496544,0.29111385849469573,1,1,293,154,181,180
test1,41,1.424602683982684,0.2888056166588086,0.30797974188835114,0.2983926792735799,1,1,293,154,181,180
test1,42,1.459349090909091,0.30917348010402174,0.2888056166588086,0.29898954838141517,1,1,293,154,181,180
test1,43,1.4940954978354979,0.30797974188835114,0.3074649708497565,0.3077223563690538,1,1,293,154,181,180
test1,44,1.5288419047619048,0.2794167363886788,0.3004614164523804,0.28993907642052963,1,1,293,154,181,180
test1,45,1.5635883116883118,0.3516371924263399,0.31395466389621546,0.3327959281612777,1,1,293,154,181,180
test1,46,1.5983347186147188,0.3323139708524022,0.31395466389621546,0.32313431737430887,1,1,293,154,181,180
test1,47,1.6330811255411257,0.320193148595567,0.3259601289022231,0.32307663874889503,1,1,293,154,181,180
test1,48,1.6678275324675325,0.30917348010402174,0.277018821084896,0.29309615059445887,1,1,293,154,181,180
test1,49,1.7025739393939394,0.30685366417114796,0.3197442962864933,0.31329898022882063,1,1,293,154,181,180
test1,50,1.7373203463203464,0.3005105582924628,0.3004614164523804,0.3004859873724216,1,1,293,154,181,180
test1,51,1.7720667532467533,0.28910732673902284,0.3074649708497565,0.29828614879438964,1,1,293,154,181,180
test1,52,1.8068131601731603,0.3214632724002812,0.27833129581553046,0.29989728410790584,1,1,293,154,181,180
test1,53,1.8415595670995673,0.28194194025496544,0.29016827974866144,0.28605511000181344,1,1,293,154,181,180
test1,54,1.8763059740259742,0.29663651403329966,0.3161272921546911,0.3063819030939954,1,1,293,154,181,180
test1,55,1.911052380952381,0.30797974188835114,0.3259601289022231,0.3169699353952871,1,1,293,154,181,180
test1,56,1.945798787878788,0.3270157696475642,0.3161272921546911,0.32157153090112767,1,1,293,154,181,180
test1,57,1.9805451948051949,0.30804303767764446,0.3259601289022231,0.3170015832899338,1,1,293,154,181,180
test1,58,2.015291601731602,0.2888056166588086,0.29016827974866144,0.289486948203735,1,1,293,154,181,180
test1,59,2.050038008658009,0.320193148595567,0.3278779116797946,0.3240355301376808,1,1,293,154,181,180
test1,60,2.0847844155844157,0.30917348010402174,0.2775874481362512,0.29338046412013646,1,1,293,154,181,180
test1,61,2.1195308225108227,0.3599576882816709,0.3271538671178937,0.3435557776997823,1,1,293,154,181,180
test1,62,2.1542772294372297,0.3271538671178937,0.2960932780120013,0.3116235725649475,1,1,294,161,150,151
test1,63,2.1890236363636366,0.29663651403329966,0.3161272921546911,0.3063819030939954,1,1,294,161,150,151
test1,64,2.2237700432900436,0.3017026063276233,0.30797974188835114,0.3048411741079872,1,1,293,154,181,180
test1,65,2.2585164502164505,0.3271538671178937,0.3282158373487887,0.3276848522333412,1,1,293,154,181,180
test1,66,2.293262857142857,0.30804303767764446,0.3270220991331181,0.31753256840538124,1,1,293,154,181,180
test1,67,2.328009264069264,0.3270220991331181,0.3259601289022231,0.3264911140176706,1,1,293,154,181,180
test1,68,2.362755670995671,0.28910732673902284,0.28005474857826934,0.28458103765864606,1,1,293,154,181,180
test1,69,2.397502077922078,0.30804303767764446,0.27890261693883767,0.2934728273082411,1,1,293,154,181,180
test1,70,2.432248484848485,0.2701716158004013,0.289614089055898,0.27989285242814965,1,1,293,154,181,180
test1,71,2.466994891774892,0.2977862855760436,0.2882484101716467,0.29301734787384515,1,1,293,154,181,180
test1,72,2.501741298701299,0.28910732673902284,0.2990445868591831,0.294075956799103,1,1,293,154,181,180
test1,73,2.5364877056277058,0.29537827953994183,0.287611878443138,0.2914950789915399,1,1,293,154,181,180
test1,74,2.5712341125541127,0.30648105288741245,0.287611878443138,0.29704646566527526,1,1,293,154,181,180
test1,75,2.6059805194805197,0.3258263961410676,0.32,0.3229131980705338,1,1,293,154,181,180
test1,76,2.6407269264069266,0.30648105288741245,0.3074649708497565,0.3069730118685845,1,1,293,154,181,180
test1,77,2.6754733333333336,0.29537827953994183,0.2960932780120013,0.29573577877597157,1,1,293,154,181,180
test1,78,2.7102197402597406,0.2688139350659856,0.3085292913929903,0.288671613229488,1,1,293,154,181,180
test1,79,2.7449661471861475,0.30648105288741245,0.3076923076923077,0.3070866802898601,1,1,293,154,181,180
test1,80,2.779712554112554,0.29677581563684163,0.3074649708497565,0.3021203932432991,1,1,293,154,181,180
test1,81,2.814458961038961,0.29677581563684163,0.3189808926497953,0.30787835414331843,1,1,293,154,181,180
test1,82,2.849205367965368,0.30804303767764446,0.2882484101716467,0.29814572392464556,1,1,293,154,181,180
test1,83,2.883951774891775,0.30804303767764446,0.33972831480439913,0.3238856762410218,1,1,293,154,181,180
test1,84,2.918698181818182,0.28791795323252634,0.2882484101716467,0.2880831817020865,1,1,293,154,181,180
test1,85,2.953444588744589,0.28910732673902284,0.3088306497340078,0.2989689882365153,1,1,293,154,181,180
test1,86,2.9881909956709958,0.3150545861868333,0.30678600367268055,0.3109202949297569,1,1,293,154,181,180
test1,87,3.0229374025974027,0.30917348010402174,0.287611878443138,0.2983926792735799,1,1,293,154,181,180
test1,88,3.0576838095238097,0.29677581563684163,0.3074649708497565,0.3021203932432991,1,1,293,154,181,180
test1,89,3.0924302164502167,0.3150545861868333,0.3266815315278663,0.3208680588573498,1,1,311,161,150,151
test1,90,3.1271766233766236,0.29677581563684163,0.3086613510016848,0.3027185833192632,1,1,293,154,181,180
test1,91,3.1619230303030306,0.30685366417114796,0.3074649708497565,0.3071593175104522,1,1,293,154,181,180
test1,92,3.1966694372294375,0.27853271200807644,0.2775874481362512,0.2780600800721638,1,1,293,154,181,180
test1,93,3.2314158441558445,0.27853271200807644,0.2960932780120013,0.2873129950100389,1,1,293,154,181,180
test1,94,3.2661622510822514,0.29874804310217057,0.31497752061194717,0.30686278185705884,1,1,311,161,150,151
test1,95,3.300908658008658,0.27853271200807644,0.3074649708497565,0.29299884142891647,1,1,293,154,181,180
test1,96,3.335655064935065,0.27853271200807644,0.2960932780120013,0.2873129950100389,1,1,293,154,181,180
test1,97,3.370401471861472,0.27853271200807644,0.27833129581553046,0.27843200391180345,1,1,293,154,181,180
test1,98,3.405147878787879,0.28791795323252634,0.2960932780120013,0.2920056156222638,1,1,293,154,181,180
test1,99,3.439894285714286,0.3282158373487887,0.30678600367268055,0.31750092051073464,1,1,293,154,181,180
test1,100,3.4746406926406928,0.3150545861868333,0.3266815315278663,0.3208680588573498,1,1,293,154,181,180
test1,101,3.5093870995670997,0.28194194025496544,0.287611878443138,0.28477690934905175,1,1,293,154,181,180
test1,102,3.5441335064935067,0.2944840755270928,0.3271538671178937,0.31081897132249325,1,1,293,154,181,180
test1,103,3.5788799134199136,0.29562994558196726,0.31575123952718304,0.30569059255457515,1,1,293,154,181,180
test1,104,3.6136263203463206,0.24835223616502927,0.27039752837778824,0.25937488227140876,1,1,293,154,181,180
test1,105,3.6483727272727275,0.30804303767764446,0.27890261693883767,0.2934728273082411,1,1,293,154,181,180
test1,106,3.6831191341991345,0.28774964600460723,0.289444790323575,0.2885972181640911,1,1,293,154,181,180
test1,107,3.7178655411255415,0.25979143239249963,0.24981528881542714,0.25480336060396336,1,1,293,154,181,180
test1,108,3.7526119480519484,0.30804303767764446,0.3086613510016848,0.30835219433966465,1,1,293,154,181,180
test1,109,3.787358354978355,0.26120266399317943,0.26144617242589047,0.26132441820953495,1,1,293,154,181,180
test1,110,3.822104761904762,0.28910732673902284,0.27890261693883767,0.28400497183893025,1,1,293,154,181,180
test1,111,3.856851168831169,0.30804303767764446,0.3086613510016848,0.30835219433966465,1,1,293,154,181,180
test1,112,3.891597575757576,0.27116307939330114,0.2908104692078263,0.28098677430056374,1,1,293,154,181,180
test1,113,3.9263439826839828,0.30804303767764446,0.3167761958258815,0.312409616751763,1,1,293,154,181,180
test1,114,3.9610903896103897,0.3270157696475642,0.3074649708497565,0.31724037024866036,1,1,293,154,181,180
test1,115,3.9958367965367967,0.3128893302475362,0.33412989406219995,0.32350961215486806,1,1,293,154,181,180
test1,116,4.030583203463204,0.30804303767764446,0.3270220991331181,0.31753256840538124,1,1,293,154,181,180
test1,117,4.06532961038961,0.3150545861868333,0.3151044354389594,0.3150795108128963,1,1,293,154,181,180
test1,118,4.100076017316018,0.31155728458023035,0.2960932780120013,0.30382528129611586,1,1,293,154,181,180
test1,119,4.134822424242424,0.3323139708524022,0.35161076763925153,0.3419623692458269,1,1,293,154,181,180
test1,120,4.1695688311688315,0.29016827974866144,0.3074649708497565,0.29881662529920894,1,1,293,154,181,180
test1,121,4.204315238095238,0.34598850161748385,0.3259601289022231,0.33597431525985344,1,1,293,154,181,180
test1,122,4.239061645021645,0.3270157696475642,0.31459910788775136,0.32080743876765777,1,1,293,154,181,180
test1,123,4.273808051948052,0.320193148595567,0.3074649708497565,0.31382905972266173,1,1,293,154,181,180
test1,124,4.308554458874459,0.3344682987333386,0.3661789734273196,0.3503236360803291,1,1,293,154,181,180
test1,125,4.343300865800866,0.34126257236630164,0.3259601289022231,0.3336113506342624,1,1,293,154,181,180
test1,126,4.378047272727273,0.3214632724002812,0.3259601289022231,0.32371170065125215,1,1,293,154,181,180
test1,127,4.41279367965368,0.30797974188835114,0.3266815315278663,0.3173306367081087,1,1,293,154,181,180
test1,128,4.447540086580087,0.30804303767764446,0.3278779116797946,0.3179604746787195,1,1,293,154,181,180
test1,129,4.482286493506494,0.320193148595567,0.3086613510016848,0.3144272497986259,1,1,293,154,181,180
test1,130,4.517032900432901,0.3649872503357764,0.3282158373487887,0.34660154384228253,1,1,293,154,181,180
test1,131,4.551779307359308,0.3323139708524022,0.3671374043759049,0.34972568761415357,1,1,293,154,181,180
test1,132,4.586525714285714,0.3649872503357764,0.3461962243626606,0.3555917373492185,1,1,293,154,181,180
test1,133,4.6212721212121215,0.3270157696475642,0.3271538671178937,0.32708481838272896,1,1,293,154,181,180
test1,134,4.656018528138528,0.3649872503357764,0.3671374043759049,0.36606232735584066,1,1,293,154,181,180
test1,135,4.690764935064935,0.3270157696475642,0.3271538671178937,0.32708481838272896,1,1,293,154,181,180
test1,136,4.725511341991342,0.33991422014682715,0.34589809220597606,0.34290615617640163,1,1,293,154,181,180
test1,137,4.760257748917749,0.34598850161748385,0.3259601289022231,0.33597431525985344,1,1,293,154,181,180
test1,138,4.795004155844156,0.3282158373487887,0.3282158373487887,0.3282158373487887,1,1,293,154,181,180
test1,139,4.829750562770563,0.3270157696475642,0.33972831480439913,0.33337204222598166,1,1,293,154,181,180
test1,140,4.86449696969697,0.3401583883156505,0.31459910788775136,0.3273787481017009,1,1,293,154,181,180
test1,141,4.899243376623377,0.34598850161748385,0.3278779116797946,0.33693320664863924,1,1,293,154,181,180
test1,142,4.933989783549784,0.3649872503357764,0.3671374043759049,0.36606232735584066,1,1,293,154,181,180
test1,143,4.968736190476191,0.35853547035561445,0.3324225853018752,0.34547902782874484,1,1,293,154,181,180
test1,144,5.003482597402598,0.30804303767764446,0.33412989406219995,0.3210864658699222,1,1,293,154,181,180
test1,145,5.038229004329005,0.34598850161748385,0.31575123952718304,0.3308698705723334,1,1,293,154,181,180
test1,146,5.0729754112554115,0.30804303767764446,0.3282158373487887,0.31812943751321654,1,1,293,154,181,180
test1,147,5.107721818181818,0.3628950814071562,0.3451342541317656,0.3540146677694609,1,1,293,154,181,180
test1,148,5.142468225108225,0.34598850161748385,0.34589809220597606,0.34594329691173,1,1,293,154,181,180
test1,149,5.177214632034632,0.33991422014682715,0.36511465288408584,0.3525144365154565,1,1,293,154,181,180
test1,150,5.211961038961039,0.34598850161748385,0.3331049377635015,0.33954671969049266,1,1,293,154,181,180
test1,151,5.246707445887446,0.363136520197705,0.36537034959220316,0.3642534348949541,1,1,293,154,181,180
test1,152,5.281453852813853,0.356708143010139,0.38624807545936624,0.3714781092347526,1,1,293,154,181,180
test1,153,5.31620025974026,0.3258263961410676,0.3278779116797946,0.3268521539104311,1,1,293,154,181,180
test1,154,5.350946666666667,0.33991422014682715,0.34589809220597606,0.34290615617640163,1,1,293,154,181,180
test1,155,5.385693073593074,0.3363547416538878,0.3161272921546911,0.3262410169042894,1,1,293,154,181,180
test1,156,5.420439480519481,0.35963529169808733,0.34615384615384615,0.3528945689259667,1,1,293,154,181,180
test1,157,5.455185887445888,0.3184400348593542,0.34615384615384615,0.3322969405066002,1,1,313,154,180,180
test1,158,5.489932294372295,0.36415010887521326,0.3661789734273196,0.3651645411512664,1,1,313,154,180,180
test1,159,5.5246787012987015,0.34129507186728375,0.3469624127492098,0.34412874230824675,1,1,313,154,180,180
test1,160,5.559425108225108,0.2850438569990473,0.32142857142857145,0.30323621421380936,1,1,313,154,180,180
test1,161,5.5941715151515155,0.3230581733056832,0.33906954684333074,0.33106386007450694,1,1,313,154,180,180
test1,162,5.628917922077922,0.3451172951794509,0.34615384615384615,0.3456355706666485,1,1,344,178,150,150
test1,163,5.663664329004329,0.3455170282183047,0.32241759981427875,0.33396731401629176,1,1,344,178,150,150
test1,164,5.698410735930736,0.3717436766011388,0.37037037037037035,0.37105702348575453,1,1,333,174,180,180
test1,165,5.733157142857143,0.3482173917773032,0.37103958058045605,0.35962848617887966,1,1,333,174,180,180
test1,166,5.76790354978355,0.336458651661684,0.37129398628517435,0.3538763189734292,1,1,333,174,180,180
test1,167,5.802649956709957,0.3686927706374402,0.35803348677498953,0.3633631287062149,1,1,333,174,180,180
test1,168,5.837396363636364,0.36385234645739534,0.38461538461538464,0.37423386553639,1,1,333,174,180,180
test1,169,5.872142770562771,0.25176503944282425,0.2938836967884013,0.2728243681156128,1,1,305,161,216,216
test1,170,5.906889177489178,0.3823765902823958,0.37037037037037035,0.37637348032638307,1,1,313,174,180,180
test1,171,5.941635584415585,0.3508754342040847,0.33906954684333074,0.3449724905237077,1,1,313,174,180,180
test1,172,5.9763819913419916,0.336458651661684,0.35780537465630885,0.34713201315899644,1,1,313,174,180,180
test1,173,6.011128398268399,0.3505841819681177,0.3571236282878879,0.3538539051280028,1,1,313,174,180,180
test1,174,6.0458748051948055,0.3686927706374402,0.3569153124666639,0.36280404155205204,1,1,313,174,180,180
test1,175,6.080621212121212,0.3201562279150514,0.35780537465630885,0.3389808012856801,1,1,313,174,180,180
test1,176,6.115367619047619,0.31357097420266566,0.3283459720907682,0.32095847314671694,1,1,313,174,180,180
test1,177,6.150114025974026,0.3508754342040847,0.35780537465630885,0.35434040443019676,1,1,313,174,180,180
test1,178,6.184860432900433,0.3729146076526269,0.361210978639959,0.367062793146293,1,1,313,174,180,180
test1,179,6.21960683982684,0.35269546145053654,0.3569153124666639,0.3548053869586002,1,1,313,174,180,180
test1,180,6.254353246753247,0.3529884676585925,0.33906954684333074,0.34602900725096164,1,1,313,174,180,180
test1,181,6.289099653679654,0.33176366886538955,0.36185389067485224,0.3468087797701209,1,1,313,174,180,180
test1,182,6.323846060606061,0.3026000424570493,0.3399596090329756,0.32127982574501246,1,1,293,174,181,180
test1,183,6.358592467532468,0.3529884676585925,0.3384234988838091,0.34570598327120083,1,1,293,154,181,180
test1,184,6.393338874458875,0.34598850161748385,0.3701165975150016,0.3580525495662427,1,1,293,154,181,180
test1,185,6.428085281385282,0.3282158373487887,0.35780537465630885,0.34301060600254873,1,1,293,154,181,180
test1,186,6.462831688311689,0.34598850161748385,0.31111483443958476,0.3285516680285343,1,1,293,154,181,180
test1,187,6.4975780952380955,0.3161272921546911,0.33906954684333074,0.3275984194990109,1,1,293,154,181,180
test1,188,6.532324502164503,0.34806650740821443,0.3384234988838091,0.3432450031460118,1,1,293,154,181,180
test1,189,6.567070909090909,0.3161272921546911,0.3044890531098465,0.3103081726322688,1,1,293,154,181,180
test1,190,6.601817316017316,0.33333335673682496,0.33931186518874007,0.3363226109627825,1,1,293,154,181,180
test1,191,6.636563722943723,0.3271538671178937,0.30279997268551345,0.31497691990170357,1,1,293,154,181,180
test1,192,6.67131012987013,0.29677581563684163,0.292408887470443,0.29459235155364233,1,1,293,154,181,180
test1,193,6.706056536796537,0.3056642906646514,0.28664328748651324,0.2961537890755823,1,1,293,154,181,180
test1,194,6.740802943722944,0.23326330820074492,0.23155292028892205,0.23240811424483349,1,1,293,154,181,180
test1,195,6.775549350649351,0.15373248542487825,0.14276612498666558,0.1482493052057719,1,1,273,154,181,180
test1,196,6.810295757575758,0.11529936406865868,0.1503248089263747,0.1328120864975167,1,1,273,154,181,180
test1,197,6.845042164502165,0.15987214814324666,0.14804663900600065,0.15395939357462365,1,1,273,154,181,180
test1,198,6.879788571428572,0.2018189932489597,0.19216560678109781,0.19699230001502877,1,1,273,154,181,180
test1,199,6.914534978354979,0.24981528881542714,0.22206995850900096,0.23594262366221405,1,1,273,154,181,180
test1,200,6.9492813852813855,0.2591719752779587,0.24139545300421097,0.25028371414108486,1,1,294,161,150,151
test1,201,6.984027792207793,0.23980822221486997,0.24057578838475105,0.2401920052998105,1,1,293,154,181,180
test1,202,7.018774199134199,0.27816859262763993,0.2671764464872177,0.2726725195574288,1,1,293,154,181,180
test1,203,7.053520606060607,0.28052511066176816,0.2689547438316672,0.2747399272467177,1,1,293,154,181,180
test1,204,7.088267012987013,0.3086613510016848,0.297245409651433,0.3029533803265589,1,1,293,154,181,180
test1,205,7.12301341991342,0.30797974188835114,0.28553224997333115,0.2967559959308411,1,1,293,154,181,180
test1,206,7.157759826839827,0.2888056166588086,0.2775874481362512,0.2831965323975299,1,1,293,154,181,180
test1,207,7.192506233766234,0.29016827974866144,0.2603967870630876,0.2752825334058745,1,1,293,154,181,180
test1,208,7.227252640692641,0.28897454153299085,0.24984071872666475,0.2694076301298278,1,1,293,154,181,180
test1,209,7.261999047619048,0.3271538671178937,0.352533750704706,0.33984380891129984,1,1,293,154,181,180
test1,210,7.296745454545455,0.3282158373487887,0.3324225853018752,0.33031921132533193,1,1,293,154,181,180
test1,211,7.331491861471862,0.30917348010402174,0.2960932780120013,0.3026333790580115,1,1,293,154,181,180
test1,212,7.366238268398269,0.30917348010402174,0.32241759981427875,0.3157955399591502,1,1,293,154,181,180
test1,213,7.4009846753246755,0.3289422322230283,0.3343589923999928,0.33165061231151055,1,1,293,154,181,180
test1,214,7.435731082251083,0.30678600367268055,0.3161272921546911,0.3114566479136858,1,1,293,154,181,180
test1,215,7.470477489177489,0.34598850161748385,0.34805290330648964,0.34702070246198674,1,1,293,154,181,180
test1,216,7.505223896103897,0.30917348010402174,0.31497752061194717,0.3120755003579845,1,1,293,154,181,180
test1,217,7.539970303030303,0.33881439880435427,0.3331049377635015,0.33595966828392787,1,1,293,154,181,180
test1,218,7.57471670995671,0.34725819459355556,0.35161076763925153,0.3494344811164035,1,1,293,154,181,180
test1,219,7.609463116883117,0.34598850161748385,0.3331049377635015,0.33954671969049266,1,1,293,154,181,180
test1,220,7.644209523809524,0.3282158373487887,0.3222121794709023,0.3252140084098455,1,1,293,154,181,180
test1,221,7.678955930735931,0.3649872503357764,0.33931186518874007,0.3521495577622582,1,1,293,154,181,180
test1,222,7.713702337662338,0.3161272921546911,0.3103448275862069,0.313236059870449,1,1,293,154,181,180
test1,223,7.748448744588745,0.32159825078571613,0.32122378121999756,0.3214110160028568,1,1,293,154,181,180
test1,224,7.783195151515152,0.3649872503357764,0.3400579450942355,0.35252259771500594,1,1,293,154,181,180
test1,225,7.817941558441559,0.3507192255728455,0.352533750704706,0.35162648813877573,1,1,293,154,181,180
test1,226,7.8526879653679655,0.31151473245537686,0.30279997268551345,0.3071573525704452,1,1,293,154,181,180
test1,227,7.887434372294373,0.3282158373487887,0.3148148148148148,0.3215153260818018,1,1,293,154,181,180
test1,228,7.9221807792207795,0.3039088932774768,0.3103448275862069,0.30712686043184184,1,1,293,154,181,180
test1,229,7.956927186147187,0.35951226300256756,0.339410013884864,0.3494611384437158,1,1,293,154,181,180
test1,230,7.991673593073593,0.3639291630259009,0.35161076763925153,0.3577699653325762,1,1,293,154,181,180
test1,231,8.02642,0.356881537655841,0.36185389067485224,0.35936771416534663,1,1,293,154,181,180
test1,232,8.061166406926407,0.3649872503357764,0.35161076763925153,0.358299008987514,1,1,293,154,181,180
test1,233,8.095912813852815,0.3323139708524022,0.352533750704706,0.34242386077855413,1,1,293,154,181,180
test1,234,8.13065922077922,0.3323139708524022,0.352533750704706,0.34242386077855413,1,1,293,154,181,180
test1,235,8.165405627705628,0.3270157696475642,0.35161076763925153,0.33931326864340783,1,1,293,154,181,180
test1,236,8.200152034632035,0.31895686274806867,0.3074649708497565,0.31321091679891255,1,1,293,154,181,180
test1,237,8.234898441558443,0.2025079282355022,0.21153846153846154,0.20702319488698187,1,1,293,154,181,180
test1,238,8.269644848484848,0.16439898514542012,0.13698279857635498,0.15069089186088755,1,1,293,154,181,180
test1,239,8.304391255411256,0.12489163344272552,0.12153620254916463,0.12321391799594508,1,1,293,154,181,180
test1,240,8.339137662337663,0.16194471573515887,0.1401035235478328,0.1510241196414958,1,1,293,154,181,180
test1,241,8.37388406926407,0.2152153071198063,0.1758282595667346,0.19552178334327044,1,1,293,154,181,180
test1,242,8.408630476190476,0.19096860995271994,0.1724137931034483,0.1816912015280841,1,1,293,154,181,180
test1,243,8.443376883116883,0.16233229125389684,0.13773610958686242,0.15003420042037963,1,1,293,154,181,180
test1,244,8.47812329004329,0.14249410479318278,0.1802247355120756,0.1613594201526292,1,1,293,154,181,180
test1,245,8.512869696969698,0.2067736518142013,0.19630342185666516,0.2015385368354332,1,1,293,154,181,180
test1,246,8.547616103896104,0.13969085029152797,0.13773610958686242,0.1387134799391952,1,1,293,154,181,180
test1,247,8.582362510822511,0.12826948791590803,0.1455912332681948,0.1369303605920514,1,1,293,154,181,180
test1,248,8.617108917748919,0.16233229125389684,0.16233229125389684,0.16233229125389684,1,1,293,154,181,180
test1,249,8.651855324675324,0.1768261806565037,0.15042788011056404,0.16362703038353388,1,1,293,154,181,180
test1,250,8.686601731601732,0.10407636120227128,0.1313064352533361,0.1176913982278037,1,1,293,154,181,180
test1,251,8.721348138528139,0.15384615384615385,0.15260297884674873,0.1532245663464513,1,1,293,154,181,180
test1,252,8.756094545454546,0.1398881296253408,0.11815628429057916,0.12902220695796,1,1,293,154,181,180
test1,253,8.790840952380952,0.12285305256430186,0.13763434398702143,0.13024369827566165,1,1,293,154,181,180
test1,254,8.82558735930736,0.11990411110743499,0.13763434398702143,0.1287692275472282,1,1,293,154,181,180
test1,255,8.860333766233767,0.12489163344272552,0.12153620254916463,0.12321391799594508,1,1,293,154,181,180
test1,256,8.895080173160174,0.15373248542487825,0.11841778330891166,0.13607513436689495,1,1,293,154,181,180
test1,257,8.92982658008658,0.13763434398702143,0.1401035235478328,0.1388689337674271,1,1,293,154,181,180
test1,258,8.964572987012987,0.1503248089263747,0.13482206253200563,0.14257343572919018,1,1,293,154,181,180
test1,259,8.999319393939395,0.14804663900600065,0.125,0.13652331950300034,1,1,293,154,181,180
test1,260,9.034065800865802,0.16908465296101344,0.11850534035609318,0.1437949966585533,1,1,293,154,181,180
test1,261,9.068812207792208,0.15373248542487825,0.13491450415717232,0.1443234947910253,1,1,293,154,181,180
test1,262,9.103558614718615,0.15987214814324666,0.17544433703789344,0.16765824259057005,1,1,293,154,181,180
test1,263,9.138305021645023,0.11990411110743499,0.11850534035609318,0.11920472573176408,1,1,293,154,181,180
test1,264,9.173051428571428,0.11380446021605885,0.10997056351362473,0.11188751186484179,1,1,293,154,181,180
test1,265,9.207797835497836,0.14234827273599102,0.1170411462172625,0.12969470947662676,1,1,293,154,181,180
test1,266,9.242544242424243,0.16479243436454702,0.1170411462172625,0.14091679029090476,1,1,293,154,181,180
test1,267,9.27729064935065,0.16206958025719784,0.13997034947308584,0.15101996486514185,1,1,293,154,181,180
test1,268,9.312037056277056,0.12153620254916463,0.1170411462172625,0.11928867438321356,1,1,293,154,181,180
test1,269,9.346783463203463,0.17531471091260997,0.13482206253200563,0.1550683867223078,1,1,293,154,181,180
test1,270,9.38152987012987,0.1322723816217186,0.10997056351362473,0.12112147256767167,1,1,293,154,181,180
test1,271,9.416276277056278,0.14000000879664337,0.1170411462172625,0.12852057750695295,1,1,293,154,181,180
test1,272,9.451022683982684,0.1500168744235027,0.13181897905062462,0.14091792673706366,1,1,293,154,181,180
test1,273,9.485769090909091,0.15517241379310345,0.1400535435512148,0.1476129786721591,1,1,293,154,181,180
test1,274,9.520515497835499,0.13784910120946753,0.1400535435512148,0.13895132238034116,1,1,293,154,181,180
test1,275,9.555261904761906,0.10997056351362473,0.12348754652615251,0.11672905501988862,1,1,293,154,181,180
test1,276,9.590008311688312,0.15811388337915286,0.1271983129637582,0.14265609817145553,1,1,293,154,181,180
test1,277,9.624754718614719,0.13773610958686242,0.13451592474676846,0.13612601716681544,1,1,293,154,181,180
test1,278,9.659501125541126,0.16233229125389684,0.11529936406865868,0.13881582766127776,1,1,293,154,181,180
test1,279,9.694247532467532,0.16233229125389684,0.14814814814814814,0.15524021970102247,1,1,293,154,181,180
test1,280,9.72899393939394,0.15373248542487825,0.13482206253200563,0.14427727397844192,1,1,293,154,181,180
test1,281,9.763740346320347,0.15373248542487825,0.1346153846153846,0.14417393502013143,1,1,293,154,181,180
test1,282,9.798486753246754,0.1170411462172625,0.10997056351362473,0.11350585486544362,1,1,293,154,181,180
test1,283,9.83323316017316,0.14804663900600065,0.13190936159204553,0.13997800029902308,1,1,293,154,181,180
test1,284,9.867979567099567,0.15987214814324666,0.13491450415717232,0.1473933261502095,1,1,293,154,181,180
test1,285,9.902725974025975,0.16233229125389684,0.12162606532757099,0.14197917829073392,1,1,293,154,181,180
test1,286,9.937472380952382,0.10707459373999918,0.11004067318780082,0.1085576334639,1,1,293,154,181,180
test1,287,9.972218787878788,0.11403806273588149,0.11411625367623789,0.11407715820605968,1,1,293,154,181,180
test1,288,10.006965194805195,0.14249410479318278,0.12781632913695792,0.13515521696507035,1,1,293,154,181,180
test1,289,10.041711601731603,0.11990411110743499,0.11403806273588149,0.11697108692165824,1,1,293,154,181,180
test1,290,10.07645800865801,0.15260297884674873,0.14505545582090104,0.14882921733382487,1,1,293,154,181,180
test1,291,10.111204415584416,0.1503248089263747,0.13009612900870188,0.1402104689675383,1,1,293,154,181,180
test1,292,10.145950822510823,0.14804663900600065,0.12492035936333237,0.1364834991846665,1,1,293,154,181,180
test1,293,10.18069722943723,0.1468795577227464,0.15517241379310345,0.15102598575792492,1,1,293,154,181,180
test1,294,10.215443636363636,0.11990411110743499,0.11529936406865868,0.11760173758804683,1,1,293,154,181,180
test1,295,10.250190043290043,0.12314707163963877,0.11841778330891166,0.12078242747427521,1,1,293,154,181,180
test1,296,10.28493645021645,0.14496303735007154,0.12711727172673834,0.13604015453840496,1,1,293,154,181,180
test1,297,10.319682857142858,0.15260297884674873,0.09559773515771937,0.12410035700223404,1,1,293,154,181,180
test1,298,10.354429264069264,0.13530993826416807,0.13743685086568197,0.13637339456492503,1,1,293,154,181,180
test1,299,10.389175670995671,0.11841778330891166,0.12789781604494369,0.12315779967692767,1,1,293,154,181,180
test1,300,10.423922077922079,0.11841778330891166,0.1346153846153846,0.12651658396214813,1,1,293,154,181,180
test1,301,10.458668484848486,0.15846381504412213,0.11712139624136465,0.1377926056427434,1,1,293,154,181,180
test1,302,10.493414891774892,0.1560981502345002,0.14276612498666558,0.14943213761058288,1,1,293,154,181,180
test1,303,10.5281612987013,0.1398881296253408,0.1346153846153846,0.1372517571203627,1,1,293,154,181,180
test1,304,10.562907705627707,0.14,0.11841778330891166,0.12920889165445584,1,1,293,154,181,180
test1,305,10.597654112554114,0.16233229125389684,0.1401035235478328,0.15121790740086483,1,1,293,154,181,180
test1,306,10.63240051948052,0.11990411110743499,0.10061921863521985,0.11026166487132741,1,1,293,154,181,180
test1,307,10.667146926406927,0.11403806273588149,0.1170411462172625,0.115539604476572,1,1,293,154,181,180
test1,308,10.701893333333334,0.14234827273599102,0.11850534035609318,0.1304268065460421,1,1,293,154,181,180
test1,309,10.73663974025974,0.15846381504412213,0.13254389261163158,0.14550385382787684,1,1,293,154,181,180
test1,310,10.771386147186147,0.15846381504412213,0.16246211051940918,0.16046296278176564,1,1,293,154,181,180
test1,311,10.806132554112555,0.15811388337915286,0.11850534035609318,0.13830961186762303,1,1,293,154,181,180
test1,312,10.840878961038962,0.12153620254916463,0.14324555397033692,0.13239087825975077,1,1,293,154,181,180
test1,313,10.875625367965368,0.1560981502345002,0.11529936406865868,0.13569875715157942,1,1,293,154,181,180
test1,314,10.910371774891775,0.11990411110743499,0.11850534035609318,0.11920472573176408,1,1,293,154,181,180
test1,315,10.945118181818183,0.12324555397033692,0.10381434055475089,0.1135299472625439,1,1,293,154,181,180
test1,316,10.97986458874459,0.125,0.12314707163963877,0.12407353581981939,1,1,293,154,181,180
test1,317,11.014610995670996,0.125,0.12314707163963877,0.12407353581981939,1,1,293,154,181,180
test1,318,11.049357402597403,0.12489163344272552,0.12314707163963877,0.12401935254118215,1,1,293,154,181,180
test1,319,11.08410380952381,0.11841778330891166,0.1170411462172625,0.11772946476308707,1,1,293,154,181,180
test1,320,11.118850216450216,0.08326108896181701,0.10069361558327308,0.09197735227254505,1,1,293,154,181,180
test1,321,11.153596623376623,0.12489163344272552,0.11841778330891166,0.1216547083758186,1,1,293,154,181,180
test1,322,11.188343030303031,0.15575344260774657,0.1346153846153846,0.1451844136115656,1,1,293,154,181,180
test1,323,11.223089437229438,0.12314707163963877,0.09920122263080187,0.11117414713522032,1,1,293,154,181,180
test1,324,11.257835844155844,0.1998401851790583,0.14,0.16992009258952917,1,1,293,154,181,180
test1,325,11.292582251082251,0.16246211051940918,0.15846381504412213,0.16046296278176564,1,1,293,154,181,180
test1,326,11.327328658008659,0.16479243436454702,0.1401035235478328,0.1524479789561899,1,1,293,154,181,180
test1,327,11.362075064935066,0.10463768007945307,0.11841778330891166,0.11152773169418237,1,1,293,154,181,180
test1,328,11.396821471861472,0.11990411110743499,0.11850534035609318,0.11920472573176408,1,1,293,154,181,180
test1,329,11.43156787878788,0.15373248542487825,0.13698279857635498,0.14535764200061663,1,1,293,154,181,180
test1,330,11.466314285714287,0.12314707163963877,0.14324555397033692,0.13319631280498784,1,1,293,154,181,180
test1,331,11.501060692640694,0.12489163344272552,0.12162606532757099,0.12325884938514825,1,1,293,154,181,180
test1,332,11.5358070995671,0.11529936406865868,0.1368815895563904,0.12609047681252455,1,1,293,154,181,180
test1,333,11.570553506493507,0.11841778330891166,0.1368815895563904,0.12764968643265104,1,1,293,154,181,180
test1,334,11.605299913419914,0.11529936406865868,0.12153620254916463,0.11841778330891164,1,1,293,154,181,180
test1,335,11.64004632034632,0.12324555397033692,0.12314707163963877,0.12319631280498784,1,1,293,154,181,180
test1,336,11.674792727272727,0.17544433703789344,0.16655246888175074,0.1709984029598221,1,1,293,154,181,180
test1,337,11.709539134199135,0.17307692307692307,0.1560981502345002,0.16458753665571163,1,1,293,154,181,180
test1,338,11.744285541125542,0.11850534035609318,0.09992009258952915,0.10921271647281117,1,1,293,154,181,180
test1,339,11.779031948051948,0.16246211051940918,0.12649110794067384,0.14447660923004152,1,1,293,154,181,180
test1,340,11.813778354978355,0.15858098176809457,0.12962962962962962,0.1441053056988621,1,1,293,154,181,180
test1,341,11.848524761904763,0.16246211051940918,0.1368815895563904,0.1496718500378998,1,1,293,154,181,180
test1,342,11.88327116883117,0.15987214814324666,0.1455912332681948,0.15273169070572074,1,1,293,154,181,180
test1,343,11.918017575757576,0.11990411110743499,0.14000000879664337,0.12995205995203918,1,1,293,154,181,180
test1,344,11.952763982683983,0.11841778330891166,0.13451592474676846,0.12646685402784005,1,1,293,154,181,180
test1,345,11.98751038961039,0.11990411110743499,0.10316305312173293,0.11153358211458396,1,1,293,154,181,180
test1,346,12.022256796536798,0.16233229125389684,0.11841778330891166,0.14037503728140424,1,1,293,154,181,180
test1,347,12.057003203463204,0.16923136512438455,0.14324555397033692,0.15623845954736074,1,1,293,154,181,180
test1,348,12.091749610389611,0.16246211051940918,0.15846381504412213,0.16046296278176564,1,1,293,154,181,180
test1,349,12.126496017316018,0.1560981502345002,0.11529936406865868,0.13569875715157942,1,1,293,154,181,180
test1,350,12.161242424242424,0.16233229125389684,0.1562135678071242,0.15927292953051053,1,1,293,154,181,180
test1,351,12.195988831168831,0.12324555397033692,0.12324555397033692,0.12324555397033692,1,1,293,154,181,180
test1,352,12.230735238095239,0.12324555397033692,0.12324555397033692,0.12324555397033692,1,1,293,154,181,180
test1,353,12.265481645021646,0.16233229125389684,0.13181897905062462,0.14707563515226074,1,1,293,154,181,180
test1,354,12.300228051948052,0.1959712362956543,0.15384615384615385,0.17490869507090406,1,1,293,154,181,180
test1,355,12.33497445887446,0.16479243436454702,0.1346153846153846,0.14970390948996581,1,1,293,154,181,180
test1,356,12.369720865800867,0.16479243436454702,0.1562135678071242,0.1605030010858356,1,1,293,154,181,180
test1,357,12.404467272727274,0.16479243436454702,0.1562135678071242,0.1605030010858356,1,1,293,154,181,180
test1,358,12.43921367965368,0.12314707163963877,0.1368815895563904,0.1300143305980146,1,1,293,154,181,180
test1,359,12.473960086580087,0.16246211051940918,0.12314707163963877,0.14280459107952398,1,1,293,154,181,180
test1,360,12.508706493506494,0.14234827273599102,0.15373248542487825,0.14804037908043463,1,1,293,154,181,180
test1,361,12.543452900432902,0.11990411110743499,0.13482206253200563,0.1273630868197203,1,1,293,154,181,180
test1,362,12.578199307359307,0.2018189932489597,0.15270761207297998,0.17726330266096985,1,1,293,154,181,180
test1,363,12.612945714285715,0.18429511784170405,0.16666666666666666,0.17548089225418534,1,1,293,154,181,180
test1,364,12.647692121212122,0.19406842153837606,0.16655246888175074,0.1803104452100634,1,1,293,154,181,180
test1,365,12.682438528138528,0.15373248542487825,0.14496303735007154,0.1493477613874749,1,1,293,154,181,180
test1,366,12.717184935064935,0.2316764054776277,0.1749811447583712,0.20332877511799946,1,1,293,154,181,180
test1,367,12.751931341991343,0.15858098176809457,0.15260297884674873,0.15559198030742166,1,1,293,154,181,180
test1,368,12.78667774891775,0.15846381504412213,0.14987907753509552,0.15417144628960883,1,1,293,154,181,180
test1,369,12.821424155844156,0.15846381504412213,0.1683849074108456,0.16342436122748388,1,1,293,154,181,180
test1,370,12.856170562770563,0.16479243436454702,0.1401035235478328,0.1524479789561899,1,1,293,154,181,180
test1,371,12.89091696969697,0.18231630977180266,0.1870188801376908,0.18466759495474672,1,1,293,154,181,180
test1,372,12.925663376623378,0.17531471091260997,0.16291259867804392,0.16911365479532695,1,1,293,154,181,180
test1,373,12.960409783549784,0.21440089306729976,0.17485186086026627,0.19462637696378302,1,1,293,154,181,180
test1,374,12.995156190476191,0.2018189932489597,0.17721752566988822,0.18951825945942397,1,1,293,154,181,180
test1,375,13.029902597402598,0.11841778330891166,0.15042788011056404,0.13442283170973784,1,1,293,154,181,180
test1,376,13.064649004329006,0.16233229125389684,0.1368815895563904,0.1496069404051436,1,1,293,154,181,180
test1,377,13.099395411255411,0.1560981502345002,0.13482206253200563,0.1454601063832529,1,1,293,154,181,180
test1,378,13.134141818181819,0.16194471573515887,0.14000000879664337,0.1509723622659011,1,1,293,154,181,180
test1,379,13.168888225108226,0.16233229125389684,0.1170411462172625,0.13968671873557967,1,1,293,154,181,180
test1,380,13.203634632034632,0.16479243436454702,0.13451592474676846,0.14965417955565774,1,1,293,154,181,180
test1,381,13.23838103896104,0.13451592474676846,0.13482206253200563,0.13466899363938706,1,1,293,154,181,180
test1,382,13.273127445887447,0.16908465296101344,0.13773610958686242,0.1534103812739379,1,1,293,154,181,180
test1,383,13.307873852813854,0.16479243436454702,0.17307692307692307,0.16893467872073503,1,1,293,154,181,180
test1,384,13.34262025974026,0.2018189932489597,0.21313005227309006,0.20747452276102488,1,1,293,154,181,180
test2,0,0.0,0.18939856858477525,0.19196104362215466,0.19067980610346497,1,1,294,161,150,151
test2,1,0.03410791867308721,0.1457069056831798,0.1455912332681948,0.1456490694756873,1,1,273,154,181,180
test2,2,0.06821583734617442,0.12489163344272552,0.12489163344272552,0.12489163344272552,1,1,273,154,181,180
test2,3,0.10232375601926164,0.12826948791590803,0.1490847601563623,0.13867712403613516,1,1,273,154,181,180
test2,4,0.13643167469234885,0.16908465296101344,0.1457069056831798,0.1573957793220966,1,1,273,154,181,180
test2,5,0.17053959336543606,0.12489163344272552,0.14200840994454667,0.1334500216936361,1,1,273,154,181,180
test2,6,0.20464751203852327,0.15555473373026182,0.1482693807205592,0.1519120572254105,1,1,273,154,181,180
test2,7,0.23875543071161048,0.1873374501640883,0.15987214814324666,0.17360479915366747,1,1,273,154,181,180
test2,8,0.2728633493846977,0.17642258096426716,0.16233229125389684,0.169377436109082,1,1,273,154,181,180
test2,9,0.3069712680577849,0.12826948791590803,0.12826948791590803,0.12826948791590803,1,1,273,154,181,180
test2,10,0.3410791867308721,0.1338361212611483,0.12314707163963877,0.12849159645039354,1,1,273,154,181,180
test2,11,0.37518710540395933,0.16172178703985582,0.1490847601563623,0.15540327359810907,1,1,273,154,181,180
test2,12,0.40929502407704654,0.17642258096426716,0.16233229125389684,0.169377436109082,1,1,273,154,181,180
test2,13,0.44340294275013376,0.16908465296101344,0.16908465296101344,0.16908465296101344,1,1,273,154,181,180
test2,14,0.47751086142322097,0.16908465296101344,0.16908465296101344,0.16908465296101344,1,1,273,154,181,180
test2,15,0.5116187800963081,0.1338361212611483,0.12826948791590803,0.13105280458852817,1,1,273,154,181,180
test2,16,0.5457266987693954,0.11990411110743499,0.14000000879664337,0.12995205995203918,1,1,273,154,181,180
test2,17,0.5798346174424825,0.16908465296101344,0.12314707163963877,0.1461158623003261,1,1,273,154,181,180
test2,18,0.6139425361155698,0.12826948791590803,0.12314707163963877,0.1257082797777734,1,1,273,154,181,180
test2,19,0.648050454788657,0.1482693807205592,0.17985616666115248,0.16406277369085584,1,1,273,154,181,180
test2,20,0.6821583734617442,0.12153620254916463,0.11103497925450048,0.11628559090183255,1,1,273,154,181,180
test2,21,0.7162662921348314,0.16923136512438455,0.12793732789705356,0.14858434651071906,1,1,273,154,181,180
test2,22,0.7503742108079187,0.1547039684951536,0.1283807853857676,0.14154237694046062,1,1,273,154,181,180
test2,23,0.7844821294810058,0.1765892505645752,0.1313064352533361,0.15394784290895563,1,1,273,154,181,180
test2,24,0.8185900481540931,0.15987214814324666,0.13451592474676846,0.14719403644500756,1,1,273,154,181,180
test2,25,0.8526979668271802,0.15987214814324666,0.12954080913025057,0.14470647863674863,1,1,273,154,181,180
test2,26,0.8868058855002675,0.17179606358210245,0.12826948791590803,0.15003277574900525,1,1,273,154,181,180
test2,27,0.9209138041733547,0.16233229125389684,0.16233229125389684,0.16233229125389684,1,1,273,154,181,180
test2,28,0.9550217228464419,0.16666666666666666,0.16233229125389684,0.16449947896028175,1,1,273,154,181,180
test2,29,0.9891296415195291,0.13451592474676846,0.14000000879664337,0.13725796677170593,1,1,273,154,181,180
test2,30,1.0232375601926162,0.17391304347826086,0.1490847601563623,0.16149890181731158,1,1,273,154,181,180
test2,31,1.0573454788657035,0.16479243436454702,0.1401035235478328,0.1524479789561899,1,1,273,154,181,180
test2,32,1.0914533975387908,0.1560981502345002,0.1683849074108456,0.1622415288226729,1,1,273,154,181,180
test2,33,1.125561316211878,0.12153620254916463,0.1490847601563623,0.13531048135276347,1,1,273,154,181,180
test2,34,1.159669234884965,0.12314707163963877,0.1490847601563623,0.13611591589800054,1,1,273,154,181,180
test2,35,1.1937771535580524,0.13181897905062462,0.12954080913025057,0.1306798940904376,1,1,273,154,181,180
test2,36,1.2278850722311396,0.17485186086026627,0.15373248542487825,0.16429217314257227,1,1,273,154,181,180
test2,37,1.261992990904227,0.18140083569370197,0.15858098176809457,0.16999090873089828,1,1,273,154,181,180
test2,38,1.296100909577314,0.15846381504412213,0.1398881296253408,0.14917597233473145,1,1,273,154,181,180
test2,39,1.3302088282504012,0.16864680010584066,0.12314707163963877,0.14589693587273972,1,1,273,154,181,180
test2,40,1.3643167469234885,0.16479243436454702,0.14246211051940919,0.1536272724419781,1,1,273,154,181,180
test2,41,1.3984246655965755,0.16908465296101344,0.1368815895563904,0.15298312125870192,1,1,273,154,181,180
test2,42,1.4325325842696628,0.15811388337915286,0.16233229125389684,0.16022308731652485,1,1,273,154,181,180
test2,43,1.46664050294275,0.16,0.14234827273599102,0.1511741363679955,1,1,273,154,181,180
test2,44,1.5007484216158373,0.1765892505645752,0.1452436277651753,0.16091643916487525,1,1,273,154,181,180
test2,45,1.5348563402889244,0.13955414053428544,0.11841778330891166,0.12898596192159856,1,1,273,154,181,180
test2,46,1.5689642589620116,0.12826948791590803,0.1455912332681948,0.1369303605920514,1,1,273,154,181,180
test2,47,1.603072177635099,0.16479243436454702,0.1398881296253408,0.15234028199494393,1,1,273,154,181,180
test2,48,1.6371800963081862,0.16864680010584066,0.1368815895563904,0.15276419483111553,1,1,273,154,181,180
test2,49,1.6712880149812732,0.15373248542487825,0.1562135678071242,0.1549730266160012,1,1,273,154,181,180
test2,50,1.7053959336543605,0.16233229125389684,0.10061921863521985,0.13147575494455835,1,1,273,154,181,180
test2,51,1.7395038523274478,0.16,0.1452436277651753,0.15262181388258766,1,1,273,154,181,180
test2,52,1.773611771000535,0.15987214814324666,0.12314707163963877,0.1415096098914427,1,1,273,154,181,180
test2,53,1.807719689673622,0.16439898514542012,0.15373248542487825,0.15906573528514917,1,1,273,154,181,180
test2,54,1.8418276083467093,0.16923136512438455,0.12489163344272552,0.14706149928355505,1,1,273,154,181,180
test2,55,1.8759355270197966,0.15987214814324666,0.12314707163963877,0.1415096098914427,1,1,273,154,181,180
test2,56,1.9100434456928839,0.15846381504412213,0.16439898514542012,0.16143140009477114,1,1,273,154,181,180
test2,57,1.944151364365971,0.16923136512438455,0.12314707163963877,0.14618921838201165,1,1,273,154,181,180
test2,58,1.9782592830390582,0.12826948791590803,0.12314707163963877,0.1257082797777734,1,1,273,154,181,180
test2,59,2.0123672017121454,0.17164712799839285,0.12314707163963877,0.1473970998190158,1,1,273,154,181,180
test2,60,2.0464751203852325,0.16,0.1516472351937417,0.15582361759687086,1,1,273,154,181,180
test2,61,2.08058303905832,0.1560981502345002,0.1401035235478328,0.1481008368911665,1,1,273,154,181,180
test2,62,2.114690957731407,0.15949044632489764,0.15846381504412213,0.1589771306845099,1,1,273,154,181,180
test2,63,2.148798876404494,0.15575344260774657,0.15858098176809457,0.15716721218792057,1,1,273,154,181,180
test2,64,2.1829067950775816,0.16233229125389684,0.14000000879664337,0.15116615002527012,1,1,273,154,181,180
test2,65,2.2170147137506686,0.1560981502345002,0.15373248542487825,0.1549153178296892,1,1,273,154,181,180
test2,66,2.251122632423756,0.15846381504412213,0.14,0.14923190752206106,1,1,273,154,181,180
test2,67,2.285230551096843,0.15811388337915286,0.14246211051940919,0.15028799694928102,1,1,273,154,181,180
test2,68,2.31933846976993,0.15846381504412213,0.12954080913025057,0.14400231208718633,1,1,273,154,181,180
test2,69,2.3534463884430177,0.15987214814324666,0.1431310901575446,0.15150161915039562,1,1,273,154,181,180
test2,70,2.3875543071161047,0.15575344260774657,0.14000000879664337,0.14787672570219496,1,1,273,154,181,180
test2,71,2.4216622257891918,0.15339300183634028,0.16883063880212476,0.16111182031923252,1,1,273,154,181,180
test2,72,2.4557701444622793,0.1560981502345002,0.17531471091260997,0.16570643057355508,1,1,273,154,181,180
test2,73,2.4898780631353663,0.12826948791590803,0.12826948791590803,0.12826948791590803,1,1,273,154,181,180
test2,74,2.523985981808454,0.15987214814324666,0.12314707163963877,0.1415096098914427,1,1,273,154,181,180
test2,75,2.558093900481541,0.15575344260774657,0.14234827273599102,0.1490508576718688,1,1,273,154,181,180
test2,76,2.592201819154628,0.16233229125389684,0.12314707163963877,0.1427396814467678,1,1,273,154,181,180
test2,77,2.6263097378277154,0.16908465296101344,0.16233229125389684,0.16570847210745515,1,1,273,154,181,180
test2,78,2.6604176565008024,0.15384615384615385,0.14804663900600065,0.15094639642607727,1,1,273,154,181,180
test2,79,2.6945255751738895,0.12314707163963877,0.14234827273599102,0.13274767218781489,1,1,273,154,181,180
test2,80,2.728633493846977,0.19406842153837606,0.17294904610298803,0.18350873382068206,1,1,273,154,181,180
test2,81,2.762741412520064,0.14774337124527787,0.13451592474676846,0.14112964799602318,1,1,273,154,181,180
test2,82,2.796849331193151,0.16233229125389684,0.16233229125389684,0.16233229125389684,1,1,273,154,181,180
test2,83,2.8309572498662385,0.16194471573515887,0.15846381504412213,0.1602042653896405,1,1,273,154,181,180
test2,84,2.8650651685393256,0.16908465296101344,0.1490847601563623,0.15908470655868787,1,1,273,154,181,180
test2,85,2.899173087212413,0.2102138408252295,0.18183497473105387,0.19602440777814167,1,1,273,154,181,180
test2,86,2.9332810058855,0.209669481956519,0.19780477233555005,0.20373712714603454,1,1,273,154,181,180
test2,87,2.967388924558587,0.25988885775166953,0.24978326688545105,0.25483606231856026,1,1,273,154,181,180
test2,88,3.0014968432316746,0.24216838462051954,0.2626687547434931,0.2524185696820063,1,1,273,154,181,180
test2,89,3.0356047619047617,0.3100868357643641,0.3125,0.311293417882182,1,1,273,154,181,180
test2,90,3.0697126805778487,0.29213464636792047,0.31379703680674237,0.3029658415873314,1,1,273,154,181,180
test2,91,3.1038205992509362,0.31418857299398323,0.3125,0.31334428649699164,1,1,273,154,181,180
test2,92,3.1379285179240233,0.32774855817783816,0.3,0.3138742790889191,1,1,273,154,181,180
test2,93,3.1720364365971108,0.2936101114740419,0.30434782608695654,0.29897896878049923,1,1,273,154,181,180
test2,94,3.206144355270198,0.32774855817783816,0.2914138113663596,0.30958118477209884,1,1,273,154,181,180
test2,95,3.240252273943285,0.3528344557939419,0.2977862855760436,0.32531037068499274,1,1,273,154,181,180
test2,96,3.2743601926163723,0.3386779342993288,0.3608191599704887,0.34974854713490877,1,1,273,154,181,180
test2,97,3.3084681112894594,0.35257670334800506,0.33304435584726805,0.3428105295976366,1,1,273,154,181,180
test2,98,3.3425760299625464,0.35386372427367757,0.3550124942134363,0.3544381092435569,1,1,273,154,181,180
test2,99,3.376683948635634,0.32774855817783816,0.33304435584726805,0.3303964570125531,1,1,273,154,181,180
test2,100,3.410791867308721,0.35271876812528513,0.3538596280877223,0.3532891981065037,1,1,273,154,181,180
test2,101,3.4448997859818085,0.3115559819207489,0.3125,0.3120279909603745,1,1,273,154,181,180
test2,102,3.4790077046548955,0.33204631240766086,0.3343402682107032,0.333193290309182,1,1,273,154,181,180
test2,103,3.5131156233279826,0.35386372427367757,0.34,0.3469318621368388,1,1,273,154,181,180
test2,104,3.54722354200107,0.3386779342993288,0.32,0.3293389671496644,1,1,273,154,181,180
test2,105,3.581331460674157,0.3514317471996126,0.31222908360681384,0.33183041540321323,1,1,273,154,181,180
test2,106,3.615439379347244,0.271373276277792,0.25,0.26068663813889603,1,1,273,154,181,180
test2,107,3.6495472980203316,0.22148725817761966,0.1900646984577179,0.20577597831766878,1,1,273,154,181,180
test2,108,3.6836552166934187,0.1997272955143898,0.1490847601563623,0.17440602783537607,1,1,273,154,181,180
test2,109,3.717763135366506,0.17642258096426716,0.14234827273599102,0.15938542685012907,1,1,273,154,181,180
test2,110,3.751871054039593,0.1997272955143898,0.1490847601563623,0.17440602783537607,1,1,273,154,181,180
test2,111,3.7859789727126802,0.16439898514542012,0.1562135678071242,0.16030627647627216,1,1,273,154,181,180
test2,112,3.8200868913857677,0.12826948791590803,0.16864680010584066,0.14845814401087434,1,1,273,154,181,180
test2,113,3.854194810058855,0.17909626217562594,0.1482693807205592,0.16368282144809257,1,1,273,154,181,180
test2,114,3.888302728731942,0.17374889975290836,0.1283807853857676,0.151064842569338,1,1,273,154,181,180
test2,115,3.9224106474050293,0.17642258096426716,0.14,0.1582112904821336,1,1,273,154,181,180
test2,116,3.9565185660781164,0.12826948791590803,0.10870794577954809,0.11848871684772806,1,1,273,154,181,180
test2,117,3.9906264847512034,0.16194471573515887,0.13421887660679774,0.1480817961709783,1,1,273,154,181,180
test2,118,4.024734403424291,0.12639003217184255,0.0955322328601314,0.11096113251598698,1,1,273,154,181,180
test2,119,4.058842322097378,0.12314707163963877,0.11841778330891166,0.12078242747427521,1,1,273,154,181,180
test2,120,4.092950240770465,0.16923136512438455,0.1431310901575446,0.1561812276409646,1,1,273,154,181,180
test2,121,4.1270581594435525,0.11529936406865868,0.12314707163963877,0.11922321785414872,1,1,273,154,181,180
test2,122,4.16116607811664,0.17985616666115248,0.1346153846153846,0.15723577563826854,1,1,273,154,181,180
test2,123,4.195273996789727,0.16908465296101344,0.1490847601563623,0.15908470655868787,1,1,273,154,181,180
test2,124,4.229381915462814,0.11841778330891166,0.1398881296253408,0.12915295646712624,1,1,273,154,181,180
test2,125,4.2634898341359015,0.1500168744235027,0.15384615384615385,0.15193151413482828,1,1,273,154,181,180
test2,126,4.297597752808988,0.16479243436454702,0.15987214814324666,0.16233229125389684,1,1,273,154,181,180
test2,127,4.331705671482076,0.12826948791590803,0.12314707163963877,0.1257082797777734,1,1,273,154,181,180
test2,128,4.365813590155163,0.12314707163963877,0.1431310901575446,0.1331390808985917,1,1,273,154,181,180
test2,129,4.39992150882825,0.15339300183634028,0.12962962962962962,0.14151131573298495,1,1,273,154,181,180
test2,130,4.434029427501337,0.14,0.11841778330891166,0.12920889165445584,1,1,273,154,181,180
test2,131,4.468137346174425,0.11990411110743499,0.14000000879664337,0.12995205995203918,1,1,273,154,181,180
test2,132,4.502245264847512,0.11529936406865868,0.14804663900600065,0.13167300153732966,1,1,273,154,181,180
test2,133,4.536353183520599,0.1503248089263747,0.17294904610298803,0.16163692751468137,1,1,273,154,181,180
test2,134,4.570461102193686,0.16652217792363402,0.1398881296253408,0.1532051537744874,1,1,273,154,181,180
test2,135,4.604569020866774,0.14200840994454667,0.15987214814324666,0.15094027904389667,1,1,273,154,181,180
test2,136,4.63867693953986,0.15949044632489764,0.17485186086026627,0.16717115359258194,1,1,273,154,181,180
test2,137,4.672784858212948,0.15125453737199468,0.13773610958686242,0.14449532347942856,1,1,273,154,181,180
test2,138,4.706892776886035,0.15846381504412213,0.12314707163963877,0.14080544334188044,1,1,273,154,181,180
test2,139,4.741000695559122,0.1500168744235027,0.1562135678071242,0.15311522111531345,1,1,273,154,181,180
test2,140,4.7751086142322094,0.16479243436454702,0.11990411110743499,0.142348272735991,1,1,273,154,181,180
test2,141,4.809216532905297,0.15575344260774657,0.14814814814814814,0.15195079537794737,1,1,273,154,181,180
test2,142,4.8433244515783835,0.13763434398702143,0.11850534035609318,0.1280698421715573,1,1,273,154,181,180
test2,143,4.877432370251471,0.15575344260774657,0.13451592474676846,0.14513468367725751,1,1,273,154,181,180
test2,144,4.9115402889245585,0.12826948791590803,0.1368815895563904,0.13257553873614922,1,1,273,154,181,180
test2,145,4.945648207597645,0.19196104362215466,0.17985616666115248,0.18590860514165358,1,1,273,154,181,180
test2,146,4.979756126270733,0.15949044632489764,0.16233229125389684,0.16091136878939724,1,1,273,154,181,180
test2,147,5.01386404494382,0.12314707163963877,0.1560981502345002,0.13962261093706949,1,1,273,154,181,180
test2,148,5.047971963616908,0.1482693807205592,0.14234827273599102,0.1453088267282751,1,1,273,154,181,180
test2,149,5.082079882289994,0.16908465296101344,0.16479243436454702,0.16693854366278021,1,1,273,154,181,180
test2,150,5.116187800963082,0.17164712799839285,0.18231630977180266,0.17698171888509776,1,1,273,154,181,180
test2,151,5.150295719636169,0.1457069056831798,0.1482693807205592,0.14698814320186948,1,1,273,154,181,180
test2,152,5.184403638309256,0.16908465296101344,0.16233229125389684,0.16570847210745515,1,1,273,154,181,180
test2,153,5.218511556982343,0.1759253847117281,0.16908465296101344,0.17250501883637076,1,1,273,154,181,180
test2,154,5.252619475655431,0.1338361212611483,0.14921411871910095,0.14152511999012463,1,1,273,154,181,180
test2,155,5.286727394328517,0.1997272955143898,0.18956290682156882,0.1946451011679793,1,1,273,154,181,180
test2,156,5.320835313001605,0.17909626217562594,0.17374889975290836,0.17642258096426716,1,1,273,154,181,180
test2,157,5.354943231674692,0.15846381504412213,0.1401035235478328,0.14928366929597747,1,1,273,154,181,180
test2,158,5.389051150347779,0.14000000879664337,0.13763434398702143,0.1388171763918324,1,1,273,154,181,180
test2,159,5.423159069020866,0.1560981502345002,0.15260297884674873,0.15435056454062446,1,1,273,154,181,180
test2,160,5.457266987693954,0.19363986511464,0.17721752566988822,0.1854286953922641,1,1,273,154,181,180
test2,161,5.4913749063670405,0.15987214814324666,0.15846381504412213,0.1591679815936844,1,1,273,154,181,180
test2,162,5.525482825040128,0.1368815895563904,0.1431310901575446,0.1400063398569675,1,1,273,154,181,180
test2,163,5.5595907437132155,0.1482693807205592,0.16194471573515887,0.15510704822785903,1,1,273,154,181,180
test2,164,5.593698662386302,0.12314707163963877,0.12314707163963877,0.12314707163963877,1,1,273,154,181,180
test2,165,5.62780658105939,0.15575344260774657,0.14814814814814814,0.15195079537794737,1,1,273,154,181,180
test2,166,5.661914499732477,0.1338361212611483,0.1516472351937417,0.142741678227445,1,1,273,154,181,180
test2,167,5.696022418405565,0.1560981502345002,0.15846381504412213,0.15728098263931117,1,1,273,154,181,180
test2,168,5.730130337078651,0.16233229125389684,0.15846381504412213,0.16039805314900948,1,1,273,154,181,180
test2,169,5.764238255751739,0.12826948791590803,0.12793732789705356,0.12810340790648078,1,1,273,154,181,180
test2,170,5.798346174424826,0.16923136512438455,0.12314707163963877,0.14618921838201165,1,1,273,154,181,180
test2,171,5.832454093097913,0.16908465296101344,0.1490847601563623,0.15908470655868787,1,1,273,154,181,180
test2,172,5.866562011771,0.16652217792363402,0.1490847601563623,0.15780346903999815,1,1,273,154,181,180
test2,173,5.900669930444088,0.17642258096426716,0.1455912332681948,0.16100690711623097,1,1,273,154,181,180
test2,174,5.934777849117174,0.12826948791590803,0.1398881296253408,0.13407880877062442,1,1,273,154,181,180
test2,175,5.968885767790262,0.17642258096426716,0.15987214814324666,0.1681473645537569,1,1,273,154,181,180
test2,176,6.002993686463349,0.1338361212611483,0.12826948791590803,0.13105280458852817,1,1,273,154,181,180
test2,177,6.037101605136436,0.13031167481468128,0.1398881296253408,0.13509990222001106,1,1,273,154,181,180
test2,178,6.071209523809523,0.16666666666666666,0.1482693807205592,0.15746802369361293,1,1,273,154,181,180
test2,179,6.105317442482611,0.1457069056831798,0.1490847601563623,0.14739583291977104,1,1,273,154,181,180
test2,180,6.1394253611556975,0.17642258096426716,0.15125453737199468,0.16383855916813092,1,1,273,154,181,180
test2,181,6.173533279828785,0.17642258096426716,0.14234827273599102,0.15938542685012907,1,1,273,154,181,180
test2,182,6.2076411985018725,0.17642258096426716,0.16908465296101344,0.1727536169626403,1,1,273,154,181,180
test2,183,6.24174911717496,0.16923136512438455,0.1313064352533361,0.15026890018886033,1,1,273,154,181,180
test2,184,6.2758570358480466,0.16923136512438455,0.16864680010584066,0.1689390826151126,1,1,273,154,181,180
test2,185,6.309964954521134,0.16652217792363402,0.16233229125389684,0.16442723458876543,1,1,273,154,181,180
test2,186,6.3440728731942215,0.1998401851790583,0.16233229125389684,0.18108623821647757,1,1,273,154,181,180
test2,187,6.378180791867308,0.12826948791590803,0.1455912332681948,0.1369303605920514,1,1,273,154,181,180
test2,188,6.412288710540396,0.20029176017662279,0.1785915309223432,0.189441645549483,1,1,273,154,181,180
test2,189,6.446396629213483,0.15875371942240946,0.16233229125389684,0.16054300533815313,1,1,273,154,181,180
test2,190,6.48050454788657,0.21933669143437756,0.197618078965264,0.20847738519982079,1,1,273,154,181,180
test2,191,6.514612466559657,0.1338361212611483,0.12793732789705356,0.13088672457910094,1,1,273,154,181,180
test2,192,6.548720385232745,0.17164712799839285,0.16233229125389684,0.16698970962614484,1,1,273,154,181,180
test2,193,6.582828303905831,0.16479243436454702,0.12639003217184255,0.1455912332681948,1,1,273,154,181,180
test2,194,6.616936222578919,0.17164712799839285,0.1516472351937417,0.16164718159606728,1,1,273,154,181,180
test2,195,6.651044141252006,0.16908465296101344,0.16908465296101344,0.16908465296101344,1,1,294,161,150,151
test2,196,6.685152059925093,0.1898999252014677,0.18183497473105387,0.18586744996626078,1,1,294,161,150,151
test2,197,6.71925997859818,0.1898999252014677,0.18939856858477525,0.18964924689312146,1,1,294,161,150,151
test2,198,6.753367897271268,0.17374889975290836,0.16233229125389684,0.1680405955034026,1,1,294,161,150,151
test2,199,6.7874758159443545,0.1998401851790583,0.17985616666115248,0.1898481759201054,1,1,294,161,150,151
test2,200,6.821583734617442,0.2018189932489597,0.18429511784170405,0.19305705554533187,1,1,294,161,150,151
test2,201,6.855691653290529,0.21954390277033267,0.17120263949065329,0.19537327113049296,1,1,294,161,150,151
test2,202,6.889799571963617,0.209669481956519,0.16908465296101344,0.1893770674587662,1,1,294,161,150,151
test2,203,6.9239074906367035,0.17909626217562594,0.16864680010584066,0.17387153114073328,1,1,294,161,150,151
test2,204,6.958015409309791,0.16908465296101344,0.1516472351937417,0.1603659440773776,1,1,294,161,150,151
test2,205,6.9921233279828785,0.1997272955143898,0.16233229125389684,0.18102979338414332,1,1,294,161,150,151
test2,206,7.026231246655965,0.21871855411641383,0.21933669143437756,0.2190276227753957,1,1,294,161,150,151
test2,207,7.060339165329053,0.24913644108154206,0.21982420369696415,0.2344803223892531,1,1,294,161,150,151
test2,208,7.09444708400214,0.19196104362215466,0.18940817019596917,0.19068460690906192,1,1,294,161,150,151
test2,209,7.128555002675227,0.1997272955143898,0.19146395125120313,0.19559562338279646,1,1,294,161,150,151
test2,210,7.162662921348314,0.22086306010643642,0.18940817019596917,0.2051356151512028,1,1,294,161,150,151
test2,211,7.196770840021402,0.16908465296101344,0.1759253847117281,0.17250501883637076,1,1,294,161,150,151
test2,212,7.230878758694488,0.17642258096426716,0.1759253847117281,0.17617398283799762,1,1,294,161,150,151
test2,213,7.264986677367576,0.1954675122220219,0.1759253847117281,0.185696448466875,1,1,294,161,150,151
test2,214,7.299094596040663,0.20029176017662279,0.18940817019596917,0.194849965186296,1,1,294,161,150,151
test2,215,7.33320251471375,0.19406842153837606,0.17985616666115248,0.18696229409976428,1,1,294,178,150,150
test2,216,7.367310433386837,0.21440089306729976,0.2018189932489597,0.20810994315812972,1,1,294,178,150,150
test2,217,7.401418352059925,0.21440089306729976,0.1998401851790583,0.20712053912317901,1,1,294,178,150,150
test2,218,7.435526270733012,0.1725671270658828,0.16246211051940918,0.167514618792646,1,1,294,178,150,150
test2,219,7.469634189406099,0.1818810215257711,0.21933669143437756,0.20060885648007432,1,1,294,178,150,150
test2,220,7.503742108079186,0.1838551051039632,0.16923136512438455,0.17654323511417386,1,1,294,178,150,150
test2,221,7.537850026752274,0.17446573988509745,0.17985616666115248,0.17716095327312498,1,1,294,178,150,150
test2,222,7.5719579454253605,0.15811388337915286,0.16908465296101344,0.16359926817008313,1,1,294,178,150,150
test2,223,7.606065864098448,0.22467196761801475,0.21153846153846154,0.21810521457823814,1,1,294,178,150,150
test2,224,7.6401737827715355,0.16908465296101344,0.1482693807205592,0.15867701684078633,1,1,294,161,150,151
test2,225,7.674281701444622,0.19363986511464,0.17307692307692307,0.18335839409578153,1,1,294,178,150,150
test2,226,7.70838962011771,0.17374889975290836,0.1490847601563623,0.16141682995463533,1,1,294,161,150,151
test2,227,7.742497538790797,0.16652217792363402,0.17909626217562594,0.17280922004962998,1,1,294,161,150,151
test2,228,7.776605457463884,0.16652217792363402,0.1759253847117281,0.17122378131768107,1,1,294,161,150,151
test2,229,7.810713376136971,0.17374889975290836,0.1394766078968045,0.15661275382485643,1,1,294,161,150,151
test2,230,7.844821294810059,0.18722058556699603,0.1394766078968045,0.16334859673190028,1,1,294,161,150,151
test2,231,7.878929213483145,0.18183497473105387,0.17374889975290836,0.1777919372419811,1,1,294,161,150,151
test2,232,7.913037132156233,0.14200840994454667,0.17909626217562594,0.1605523360600863,1,1,294,161,150,151
test2,233,7.94714505082932,0.16908465296101344,0.1394766078968045,0.15428063042890897,1,1,294,161,150,151
test2,234,7.981252969502407,0.1516472351937417,0.1394766078968045,0.1455619215452731,1,1,294,161,150,151
test2,235,8.015360888175495,0.14788543001571217,0.14314959117243284,0.1455175105940725,1,1,294,161,150,151
test2,236,8.049468806848582,0.17120263949065329,0.18664422504079642,0.17892343226572485,1,1,294,161,150,151
test2,237,8.083576725521668,0.12456822054077103,0.09539145219564193,0.10997983636820649,1,1,294,161,150,151
test2,238,8.117684644194757,0.11211750879203475,0.13428887348124294,0.12320319113663884,1,1,294,161,150,151
test2,239,8.151792562867843,0.14278935835491408,0.16172178703985582,0.15225557269738493,1,1,294,161,150,151
test2,240,8.18590048154093,0.13955414053428544,0.16540611255001084,0.15248012654214815,1,1,294,161,150,151
test2,241,8.220008400214018,0.16864680010584066,0.18722058556699603,0.17793369283641836,1,1,294,161,150,151
test2,242,8.254116318887105,0.1338361212611483,0.14990634607088857,0.14187123366601845,1,1,294,161,150,151
test2,243,8.288224237560192,0.12153620254916463,0.1547039684951536,0.13812008552215913,1,1,273,134,181,180
test2,244,8.32233215623328,0.15811388337915286,0.12994442887583477,0.1440291561274938,1,1,273,134,181,180
test2,245,8.356440074906367,0.1500168744235027,0.16864680010584066,0.15933183726467168,1,1,273,134,181,180
test2,246,8.390547993579453,0.15811388337915286,0.1997272955143898,0.17892058944677133,1,1,273,134,181,180
test2,247,8.424655912252542,0.13110257160608357,0.1577824937079317,0.14444253265700763,1,1,277,161,151,151
test2,248,8.458763830925628,0.14278935835491408,0.18385786226784898,0.16332361031138154,1,1,277,161,151,151
test2,249,8.492871749598715,0.15125453737199468,0.16489690810661464,0.15807572273930465,1,1,277,161,151,151
test2,250,8.526979668271803,0.16206958025719784,0.17120263949065329,0.16663610987392558,1,1,254,134,180,180
test2,251,8.56108758694489,0.16439898514542012,0.18722058556699603,0.17580978535620806,1,1,254,134,180,180
test2,252,8.595195505617976,0.15811388337915286,0.1457069056831798,0.15191039453116634,1,1,254,134,180,180
test2,253,8.629303424291065,0.1490847601563623,0.16122392483098627,0.15515434249367427,1,1,261,161,150,151
test2,254,8.663411342964151,0.16479243436454702,0.15555473373026182,0.16017358404740442,1,1,261,161,150,151
test2,255,8.697519261637238,0.17642258096426716,0.15892681993150154,0.16767470044788435,1,1,234,134,180,180
test2,256,8.731627180310326,0.16233229125389684,0.1457069056831798,0.1540195984685383,1,1,234,134,180,180
test2,257,8.765735098983413,0.17909626217562594,0.1785915309223432,0.17884389654898458,1,1,234,134,180,180
test2,258,8.7998430176565,0.2018189932489597,0.1900646984577179,0.1959418458533388,1,1,244,161,151,151
test2,259,8.833950936329588,0.15373248542487825,0.18939856858477525,0.17156552700482675,1,1,244,161,151,151
test2,260,8.868058855002674,0.1955384779338546,0.16923136512438455,0.18238492152911956,1,1,244,161,151,151
test2,261,8.902166773675761,0.1998401851790583,0.1981411934333807,0.1989906893062195,1,1,244,161,151,151
test2,262,8.93627469234885,0.16194471573515887,0.1457069056831798,0.15382581070916934,1,1,214,154,180,180
test2,263,8.970382611021936,0.11841778330891166,0.16233229125389684,0.14037503728140424,1,1,214,154,180,180
test2,264,9.004490529695024,0.1455912332681948,0.1373605677076153,0.14147590048790504,1,1,214,154,180,180
test2,265,9.038598448368111,0.1516472351937417,0.17164712799839285,0.16164718159606728,1,1,214,154,180,180
test2,266,9.072706367041198,0.17721752566988822,0.18429511784170405,0.18075632175579615,1,1,244,178,151,150
test2,267,9.106814285714286,0.15811388337915286,0.13698279857635498,0.14754834097775393,1,1,244,178,151,150
test2,268,9.140922204387373,0.21172526301175296,0.18444250106811524,0.1980838820399341,1,1,234,154,180,180
test2,269,9.17503012306046,0.1959712362956543,0.1959712362956543,0.1959712362956543,1,1,234,154,180,180
test2,270,9.209138041733548,0.19936305790612208,0.16492422103881835,0.1821436394724702,1,1,234,154,180,180
test2,271,9.243245960406634,0.1959712362956543,0.15384615384615385,0.17490869507090406,1,1,234,154,180,180
test2,272,9.27735387907972,0.17031348067946317,0.16883063880212476,0.16957205974079398,1,1,234,154,180,180
test2,273,9.31146179775281,0.18164505572121287,0.1802247355120756,0.18093489561664422,1,1,234,154,180,180
test2,274,9.345569716425896,0.21414918747999837,0.17231137651183442,0.1932302819959164,1,1,261,161,150,151
test2,275,9.379677635098982,0.23377955772969483,0.17066307733121966,0.20222131753045725,1,1,261,161,150,151
test2,276,9.41378555377207,0.19362109101099936,0.1868907372865957,0.19025591414879753,1,1,254,154,180,180
test2,277,9.447893472445157,0.22467196761801475,0.19630342185666516,0.21048769473733997,1,1,254,154,180,180
test2,278,9.482001391118244,0.1471599497134775,0.15890770623166212,0.1530338279725698,1,1,254,154,180,180
test2,279,9.516109309791332,0.16280880297340475,0.1802247355120756,0.17151676924274017,1,1,254,154,180,180
test2,280,9.550217228464419,0.18164505572121287,0.15,0.16582252786060642,1,1,254,154,180,180
test2,281,9.584325147137505,0.18650789890689806,0.1468795577227464,0.16669372831482224,1,1,277,161,151,151
test2,282,9.618433065810594,0.18650789890689806,0.15890770623166212,0.1727078025692801,1,1,273,154,181,180
test2,283,9.65254098448368,0.1500168744235027,0.17401759561922725,0.16201723502136497,1,1,273,154,181,180
test2,284,9.686648903156767,0.19034660875466808,0.16439898835166655,0.17737279855316732,1,1,273,154,181,180
test2,285,9.720756821829855,0.16426230672197964,0.1698729667512551,0.16706763673661737,1,1,273,154,181,180
test2,286,9.754864740502942,0.18467921405659732,0.1628027294974068,0.17374097177700204,1,1,273,154,181,180
test2,287,9.788972659176029,0.1586253721752752,0.17997715224147676,0.169301262208376,1,1,273,154,181,180
test2,288,9.823080577849117,0.16426230672197964,0.1371324480507378,0.15069737738635872,1,1,273,154,181,180
test2,289,9.857188496522204,0.19823065741788762,0.16959086447129879,0.1839107609445932,1,1,293,154,181,180
test2,290,9.89129641519529,0.17031348067946317,0.17980227131729037,0.17505787599837677,1,1,293,154,181,180
test2,291,9.925404333868379,0.18164505572121287,0.17434938846912315,0.177997222095168,1,1,293,154,181,180
test2,292,9.959512252541465,0.18164505572121287,0.1533616562610183,0.1675033559911156,1,1,293,154,181,180
test2,293,9.993620171214552,0.17541160320087304,0.1480522947809513,0.16173194899091217,1,1,293,154,181,180
test2,294,10.02772808988764,0.16030586789233064,0.1630654847789973,0.16168567633566397,1,1,293,154,181,180
test2,295,10.061836008560727,0.17541160320087304,0.14843535388775075,0.16192347854431188,1,1,293,154,181,180
test2,296,10.095943927233815,0.18164505572121287,0.16414395847670185,0.17289450709895737,1,1,293,154,181,180
test2,297,10.130051845906902,0.18164505572121287,0.15812018025884264,0.16988261799002774,1,1,293,154,181,180
test2,298,10.164159764579988,0.17988134335634567,0.1533616562610183,0.166621499808682,1,1,293,154,181,180
test2,299,10.198267683253077,0.16973556067171486,0.1586253721752752,0.16418046642349504,1,1,293,154,181,180
test2,300,10.232375601926163,0.1955384779338546,0.1468795577227464,0.1712090178283005,1,1,293,154,181,180
test2,301,10.26648352059925,0.18164505572121287,0.16874891552736407,0.17519698562428848,1,1,293,154,181,180
test2,302,10.300591439272338,0.1883365837571988,0.1586253721752752,0.17348097796623702,1,1,293,154,181,180
test2,303,10.334699357945425,0.24292390837925998,0.20962584339360546,0.22627487588643272,1,1,294,161,150,151
test2,304,10.368807276618512,0.2585508996792362,0.21666666666666667,0.23760878317295145,1,1,294,161,150,151
test2,305,10.4029151952916,0.18650789890689806,0.1909089383547105,0.1887084186308043,1,1,273,154,181,180
test2,306,10.437023113964687,0.11529936406865868,0.1446868312579646,0.12999309766331163,1,1,273,154,181,180
test2,307,10.471131032637773,0.15508023886065098,0.13094971725035423,0.14301497805550262,1,1,273,154,181,180
test2,308,10.505238951310861,0.1868907372865957,0.1646808045251029,0.1757857709058493,1,1,273,154,181,180
test2,309,10.539346869983948,0.17811763099147848,0.17231137651183442,0.17521450375165645,1,1,273,154,181,180
test2,310,10.573454788657035,0.1868907372865957,0.14725376878465926,0.16707225303562748,1,1,273,154,181,180
test2,311,10.607562707330123,0.19406842153837606,0.17845765623333196,0.186263038885854,1,1,273,154,181,180
test2,312,10.64167062600321,0.1471599497134775,0.15900215609320278,0.15308105290334015,1,1,273,154,181,180
test2,313,10.675778544676296,0.15373248542487825,0.14505545582090104,0.14939397062288964,1,1,273,154,181,180
test2,314,10.709886463349385,0.16666666666666666,0.14276612498666558,0.15471639582666613,1,1,277,161,151,151
test2,315,10.743994382022471,0.16666666666666666,0.16883063880212476,0.1677486527343957,1,1,277,161,151,151
test2,316,10.778102300695558,0.1346153846153846,0.15042788011056404,0.14252163236297433,1,1,254,154,180,180
test2,317,10.812210219368646,0.1850582987575008,0.16280880297340475,0.17393355086545276,1,1,254,154,180,180
test2,318,10.846318138041733,0.20509572141632737,0.16071428571428573,0.18290500356530653,1,1,254,154,180,180
test2,319,10.88042605671482,0.14285714285714285,0.1400535435512148,0.14145534320417882,1,1,254,154,180,180
test2,320,10.914533975387908,0.14496303735007154,0.13793103448275862,0.14144703591641508,1,1,254,154,180,180
test2,321,10.948641894060994,0.17857142857142858,0.15729492286155963,0.1679331757164941,1,1,254,154,180,180
test2,322,10.982749812734081,0.13784910120946753,0.1400535435512148,0.13895132238034116,1,1,254,154,180,180
test2,323,11.01685773140717,0.23199495310333157,0.23214285714285715,0.23206890512309436,1,1,254,154,180,180
test2,324,11.050965650080256,0.19363986511464,0.20553739865620932,0.19958863188542464,1,1,254,154,180,180
test2,325,11.085073568753343,0.24088565234545758,0.23076923076923078,0.2358274415573442,1,1,254,154,180,180
test2,326,11.119181487426431,0.26223878772926706,0.24074074074074073,0.2514897642350039,1,1,254,154,180,180
test2,327,11.153289406099518,0.2591719752779587,0.2690318494935369,0.2641019123857478,1,1,254,154,180,180
test2,328,11.187397324772604,0.28774964600460723,0.2777777777777778,0.28276371189119254,1,1,277,161,151,151
test2,329,11.221505243445693,0.299099326691783,0.3074649708497565,0.30328214877076975,1,1,273,154,181,180
test2,330,11.25561316211878,0.2992742724449644,0.2777777777777778,0.2885260251113711,1,1,273,154,181,180
test2,331,11.289721080791868,0.28910732673902284,0.3074649708497565,0.29828614879438964,1,1,273,154,181,180
test2,332,11.323828999464954,0.28910732673902284,0.30888957243699294,0.2989984495880079,1,1,273,154,181,180
test2,333,11.35793691813804,0.3005105582924628,0.3076923076923077,0.30410143299238523,1,1,273,154,181,180
test2,334,11.39204483681113,0.28791795323252634,0.2960932780120013,0.2920056156222638,1,1,273,154,181,180
test2,335,11.426152755484216,0.30804303767764446,0.3074649708497565,0.3077540042637005,1,1,273,154,181,180
test2,336,11.460260674157302,0.30648105288741245,0.3076923076923077,0.3070866802898601,1,1,273,154,181,180
test2,337,11.49436859283039,0.30917348010402174,0.3148148148148148,0.3119941474594183,1,1,273,154,181,180
test2,338,11.528476511503477,0.2944840755270928,0.31459910788775136,0.3045415917074221,1,1,273,154,181,180
test2,339,11.562584430176564,0.3028272529470843,0.267686484349998,0.28525686864854116,1,1,273,154,181,180
test2,340,11.596692348849652,0.3150545861868333,0.2960932780120013,0.3055739320994173,1,1,273,154,181,180
test2,341,11.630800267522739,0.30804303767764446,0.2962962962962963,0.30216966698697034,1,1,273,154,181,180
test2,342,11.664908186195825,0.32535758038217316,0.3343589923999928,0.32985828639108294,1,1,273,154,181,180
test2,343,11.699016104868914,0.3270157696475642,0.3331049377635015,0.3300603537055328,1,1,273,154,181,180
test2,344,11.733124023542,0.2688139350659856,0.2692307692307692,0.26902235214837744,1,1,273,154,181,180
test2,345,11.767231942215087,0.2608219581360698,0.25925925925925924,0.26004060869766454,1,1,273,154,181,180
test2,346,11.801339860888175,0.26120266399317943,0.24227338367038304,0.25173802383178123,1,1,273,154,181,180
test2,347,11.835447779561262,0.21440089306729976,0.18033963441848755,0.19737026374289365,1,1,273,154,181,180
test2,348,11.869555698234349,0.16848479582916243,0.14496303735007154,0.15672391658961699,1,1,273,154,181,180
test2,349,11.903663616907437,0.1959712362956543,0.18518518518518517,0.19057821074041975,1,1,277,161,151,151
test2,350,11.937771535580524,0.2420297225800233,0.21804604530334473,0.230037883941684,1,1,277,161,151,151
test2,351,11.97187945425361,0.2316764054776277,0.20539656716234578,0.21853648631998673,1,1,277,161,151,151
test2,352,12.005987372926699,0.3128893302475362,0.2960932780120013,0.30449130412976877,1,1,277,161,151,151
test2,353,12.040095291599785,0.3282158373487887,0.2960932780120013,0.312154557680395,1,1,277,161,151,151
test2,354,12.074203210272872,0.32022208252503825,0.3074649708497565,0.31384352668739735,1,1,277,161,151,151
test2,355,12.10831112894596,0.30797974188835114,0.2960932780120013,0.3020365099501762,1,1,277,161,151,151
test2,356,12.142419047619047,0.3270157696475642,0.3074649708497565,0.31724037024866036,1,1,277,161,151,151
test2,357,12.176526966292133,0.3002857767344261,0.3014213562011719,0.300853566467799,1,1,254,154,180,180
test2,358,12.210634884965222,0.3002857767344261,0.2882484101716467,0.29426709345303637,1,1,254,154,180,180
test2,359,12.244742803638308,0.32022208252503825,0.3266815315278663,0.32345180702645226,1,1,254,154,180,180
test2,360,12.278850722311395,0.34725819459355556,0.31575123952718304,0.3315047170603693,1,1,254,154,180,180
test2,361,12.312958640984483,0.34493041430760835,0.3451342541317656,0.345032334219687,1,1,254,154,180,180
test2,362,12.34706655965757,0.3151044354389594,0.3324225853018752,0.3237635103704173,1,1,254,154,180,180
test2,363,12.381174478330657,0.3282158373487887,0.3266815315278663,0.3274486844383275,1,1,254,154,180,180
test2,364,12.415282397003745,0.3259601289022231,0.34589809220597606,0.3359291105540996,1,1,254,154,180,180
test2,365,12.449390315676832,0.33991422014682715,0.3277458520711,0.33383003610896356,1,1,254,154,180,180
test2,366,12.48349823434992,0.3270157696475642,0.3167761958258815,0.3218959827367228,1,1,277,161,151,151
test2,367,12.517606153023006,0.3571236282878879,0.3571236282878879,0.3571236282878879,1,1,277,161,151,151
test2,368,12.551714071696093,0.3282158373487887,0.31395466389621546,0.32108525062250204,1,1,277,161,151,151
test2,369,12.585821990369181,0.3571236282878879,0.339223855675706,0.34817374198179696,1,1,277,161,151,151
test2,370,12.619929909042268,0.31895686274806867,0.2960932780120013,0.30752507038003496,1,1,277,161,151,151
test2,371,12.654037827715355,0.30797974188835114,0.24984071872666475,0.27891023030750794,1,1,277,161,151,151
test2,372,12.688145746388443,0.2109153775249679,0.2222222222222222,0.21656879987359506,1,1,277,161,151,151
test2,373,12.72225366506153,0.2304308520466475,0.19421191398914045,0.212321383017894,1,1,277,161,151,151
test2,374,12.756361583734616,0.16439898514542012,0.15384615384615385,0.159122569495787,1,1,277,161,151,151
test2,375,12.790469502407705,0.21281399034418252,0.16850036161917228,0.19065717598167742,1,1,277,161,151,151
test2,376,12.824577421080791,0.1998401851790583,0.19611613567058855,0.1979781604248234,1,1,277,161,151,151
test2,377,12.858685339753878,0.18429511784170405,0.17734855871934158,0.1808218382805228,1,1,277,161,151,151
test2,378,12.892793258426966,0.19936305790612208,0.1749811447583712,0.18717210133224665,1,1,277,161,151,151
test2,379,12.926901177100053,0.15846381504412213,0.16666666666666666,0.1625652408553944,1,1,277,161,151,151
test2,380,12.96100909577314,0.1768261806565037,0.15270761207297998,0.16476689636474184,1,1,273,154,181,180
test2,381,12.995117014446228,0.1959712362956543,0.15384615384615385,0.17490869507090406,1,1,273,154,181,180
test2,382,13.029224933119314,0.1838551051039632,0.15846381504412213,0.17115946007404265,1,1,273,154,181,180
test2,383,13.063332851792401,0.17942675211550987,0.15384615384615385,0.16663645298083185,1,1,273,154,181,180
test2,384,13.09744077046549,0.1725671270658828,0.1503248089263747,0.16144596799612876,1,1,273,154,181,180
test2,385,13.131548689138576,0.16233229125389684,0.1346153846153846,0.14847383793464072,1,1,273,154,181,180
test2,386,13.165656607811663,0.1560981502345002,0.13451592474676846,0.14530703749063434,1,1,273,154,181,180
test2,387,13.199764526484751,0.17721752566988822,0.17544433703789344,0.17633093135389083,1,1,273,154,181,180
test2,388,13.233872445157838,0.16233229125389684,0.1368815895563904,0.1496069404051436,1,1,273,154,181,180
test2,389,13.267980363830924,0.16848479582916243,0.17066307733121966,0.16957393658019104,1,1,273,154,181,180
test2,390,13.302088282504013,0.1503248089263747,0.16883063880212476,0.15957772386424973,1,1,273,154,181,180
test2,391,13.3361962011771,0.16194471573515887,0.16666666666666666,0.16430569120091276,1,1,273,154,181,180
test2,392,13.370304119850186,0.16479243436454702,0.15373248542487825,0.15926245989471263,1,1,273,154,181,180
test2,393,13.404412038523274,0.1998401851790583,0.17294904610298803,0.18639461564102316,1,1,273,154,181,180
test2,394,13.43851995719636,0.15987214814324666,0.15260297884674873,0.15623756349499768,1,1,273,154,181,180
test2,395,13.472627875869447,0.1959712362956543,0.16894639862908256,0.18245881746236842,1,1,273,154,181,180
test2,396,13.506735794542536,0.17721752566988822,0.16894639862908256,0.1730819621494854,1,1,273,154,181,180
test2,397,13.540843713215622,0.14000000879664337,0.15270761207297998,0.14635381043481166,1,1,273,154,181,180
test2,398,13.574951631888709,0.15373248542487825,0.13491450415717232,0.1443234947910253,1,1,273,154,181,180
test2,399,13.609059550561797,0.1795917809215106,0.1623789698887424,0.17098537540512648,1,1,254,154,180,180
test2,400,13.643167469234884,0.17845765623333196,0.17845765623333196,0.17845765623333196,1,1,254,154,180,180
test2,401,13.677275387907972,0.1446868312579646,0.14285714285714285,0.14377198705755373,1,1,254,154,180,180
test2,402,13.711383306581059,0.20692815994542227,0.18033963441848755,0.1936338971819549,1,1,254,154,180,180
test2,403,13.745491225254145,0.15384615384615385,0.1346153846153846,0.14423076923076922,1,1,254,154,180,180
test2,404,13.779599143927234,0.15384615384615385,0.15260297884674873,0.1532245663464513,1,1,254,154,180,180
test2,405,13.81370706260032,0.15373248542487825,0.12962962962962962,0.14168105752725393,1,1,254,154,180,180
test2,406,13.847814981273407,0.1446868312579646,0.1271983129637582,0.13594257211086141,1,1,254,154,180,180
test2,407,13.881922899946495,0.1959712362956543,0.14505545582090104,0.17051334605827767,1,1,254,154,180,180
test2,408,13.916030818619582,0.1503248089263747,0.14814814814814814,0.1492364785372614,1,1,254,154,180,180
test2,409,13.950138737292669,0.11841778330891166,0.13482206253200563,0.12661992292045865,1,1,254,154,180,180
test2,410,13.984246655965757,0.15042788011056404,0.15260297884674873,0.15151542947865637,1,1,254,154,180,180
test2,411,14.018354574638844,0.1959712362956543,0.1503248089263747,0.1731480226110145,1,1,254,154,180,180
test2,412,14.05246249331193,0.17721752566988822,0.17721752566988822,0.17721752566988822,1,1,254,154,180,180
test2,413,14.086570411985019,0.1662112926509376,0.14814814814814814,0.15717972039954287,1,1,254,154,180,180
test2,414,14.120678330658105,0.14814814814814814,0.15270761207297998,0.15042788011056407,1,1,254,154,180,180
test2,415,14.154786249331192,0.1683849074108456,0.13491450415717232,0.15164970578400896,1,1,254,154,180,180
test2,416,14.18889416800428,0.17721752566988822,0.15373248542487825,0.16547500554738323,1,1,254,154,180,180
test2,417,14.223002086677367,0.1503248089263747,0.1560981502345002,0.15321147958043746,1,1,254,154,180,180
test2,418,14.257110005350453,0.13482206253200563,0.1401035235478328,0.1374627930399192,1,1,254,154,180,180
test2,419,14.291217924023542,0.18518518518518517,0.16894639862908256,0.17706579190713387,1,1,261,161,150,151
test2,420,14.325325842696628,0.18872317581569056,0.18033963441848755,0.18453140511708904,1,1,254,154,180,180
test2,421,14.359433761369715,0.18033963441848755,0.18033963441848755,0.18033963441848755,1,1,261,161,150,151
test2,422,14.393541680042803,0.16666666666666666,0.1707800935815882,0.1687233801241274,1,1,261,161,150,151
test2,423,14.42764959871589,0.17307692307692307,0.15270761207297998,0.1628922675749515,1,1,261,161,150,151
test2,424,14.461757517388977,0.16894639862908256,0.17066307733121966,0.1698047379801511,1,1,261,161,150,151
test2,425,14.495865436062065,0.1868907372865957,0.14285714285714285,0.16487394007186928,1,1,254,154,180,180
test2,426,14.529973354735152,0.1503248089263747,0.14814814814814814,0.1492364785372614,1,1,254,154,180,180
test2,427,14.564081273408238,0.1959712362956543,0.15858098176809457,0.17727610903187443,1,1,254,154,180,180
test2,428,14.598189192081326,0.18650789890689806,0.1707800935815882,0.17864399624424313,1,1,254,154,180,180
test2,429,14.632297110754413,0.19406842153837606,0.15373248542487825,0.17390045348162714,1,1,254,154,180,180
test2,430,14.6664050294275,0.1560981502345002,0.12962962962962962,0.1428638899320649,1,1,254,154,180,180
test2,431,14.700512948100588,0.17811763099147848,0.15900215609320278,0.16855989354234063,1,1,254,154,180,180
test2,432,14.734620866773675,0.17721752566988822,0.17734855871934158,0.17728304219461488,1,1,254,154,180,180
test2,433,14.768728785446761,0.19216560678109781,0.19216560678109781,0.19216560678109781,1,1,277,161,151,151
test2,434,14.80283670411985,0.19936305790612208,0.18872317581569056,0.1940431168609063,1,1,277,161,151,151
test2,435,14.836944622792936,0.19174125229542535,0.17294904610298803,0.1823451491992067,1,1,277,161,151,151
test2,436,14.871052541466025,0.15987214814324666,0.13491450415717232,0.1473933261502095,1,1,273,154,181,180
test2,437,14.905160460139111,0.1761796445543739,0.19230769230769232,0.18424366843103313,1,1,273,154,181,180
test2,438,14.939268378812198,0.1959712362956543,0.15373248542487825,0.17485186086026627,1,1,273,154,181,180
test2,439,14.973376297485286,0.21440089306729976,0.1749811447583712,0.19469101891283547,1,1,273,154,181,180
test2,440,15.007484216158373,0.2033112250625063,0.17066307733121966,0.186987151196863,1,1,273,154,181,180
test2,441,15.04159213483146,0.15229037760172753,0.1471599497134775,0.14972516365760252,1,1,273,154,181,180
test2,442,15.075700053504548,0.1472420377635464,0.15260297884674873,0.14992250830514758,1,1,273,154,181,180
test2,443,15.109807972177634,0.15196735307080417,0.1471599497134775,0.14956365139214084,1,1,273,154,181,180
test2,444,15.143915890850721,0.13972166174435469,0.1300132415003639,0.1348674516223593,1,1,273,154,181,180
test2,445,15.17802380952381,0.16883063880212476,0.1503248089263747,0.15957772386424973,1,1,273,154,181,180
test2,446,15.212131728196896,0.1503248089263747,0.15260297884674873,0.15146389388656173,1,1,273,154,181,180
test2,447,15.246239646869983,0.13719886394228356,0.16280880297340475,0.15000383345784415,1,1,273,154,181,180
test2,448,15.280347565543071,0.16249859435711245,0.14496303735007154,0.153730815853592,1,1,273,154,181,180
test2,449,15.314455484216158,0.1468795577227464,0.1300132415003639,0.13844639961155514,1,1,273,154,181,180
test2,450,15.348563402889244,0.15846381504412213,0.13482206253200563,0.1466429387880639,1,1,273,154,181,180
test2,451,15.382671321562333,0.1431310901575446,0.1368815895563904,0.1400063398569675,1,1,273,154,181,180
test2,452,15.41677924023542,0.18650789890689806,0.1300132415003639,0.158260570203631,1,1,273,154,181,180
test2,453,15.450887158908506,0.15846381504412213,0.15270761207297998,0.15558571355855105,1,1,273,154,181,180
test2,454,15.484995077581594,0.17031348067946317,0.16457588225214836,0.16744468146580577,1,1,273,154,181,180
test2,455,15.51910299625468,0.22390959446499933,0.21576361996786936,0.21983660721643433,1,1,273,154,181,180
test2,456,15.553210914927767,0.2065042756876068,0.16457588225214836,0.18554007896987756,1,1,273,154,181,180
test2,457,15.587318833600856,0.1883365837571988,0.15260297884674873,0.17046978130197377,1,1,273,154,181,180
test2,458,15.621426752273942,0.17031348067946317,0.12789781604494369,0.1491056483622034,1,1,273,154,181,180
test2,459,15.655534670947029,0.1883365837571988,0.15260297884674873,0.17046978130197377,1,1,273,154,181,180
test2,460,15.689642589620117,0.1883365837571988,0.18033963441848755,0.18433810908784318,1,1,273,154,181,180
test2,461,15.723750508293204,0.15260297884674873,0.12789781604494369,0.14025039744584622,1,1,273,154,181,180
test2,462,15.75785842696629,0.19363986511464,0.16894639862908256,0.18129313187186127,1,1,273,154,181,180
test2,463,15.791966345639379,0.1959712362956543,0.15260297884674873,0.17428710757120153,1,1,273,154,181,180
test2,464,15.826074264312465,0.1883365837571988,0.17066307733121966,0.17949983054420923,1,1,273,154,181,180
test2,465,15.860182182985552,0.18872317581569056,0.1868907372865957,0.18780695655114313,1,1,273,154,181,180
test2,466,15.89429010165864,0.17031348067946317,0.1572014871242693,0.16375748390186623,1,1,254,154,180,180
test2,467,15.928398020331727,0.17031348067946317,0.15042788011056404,0.16037068039501362,1,1,254,154,180,180
test2,468,15.962505939004814,0.1503248089263747,0.17307692307692307,0.1617008660016489,1,1,254,154,180,180
test2,469,15.996613857677902,0.23377955772969483,0.1802247355120756,0.20700214662088523,1,1,254,154,180,180
test2,470,16.03072177635099,0.20692815994542227,0.16291259867804392,0.1849203793117331,1,1,254,154,180,180
test2,471,16.064829695024077,0.1959712362956543,0.15260297884674873,0.17428710757120153,1,1,254,154,180,180
test2,472,16.098937613697164,0.14000000879664337,0.12711727172673834,0.13355864026169084,1,1,254,154,180,180
test2,473,16.13304553237025,0.15858098176809457,0.1326347721947564,0.14560787698142547,1,1,254,154,180,180
test2,474,16.167153451043337,0.1955384779338546,0.17307692307692307,0.18430770050538883,1,1,254,154,180,180
test2,475,16.201261369716423,0.15846381504412213,0.14285714285714285,0.1506604789506325,1,1,254,154,180,180
test2,476,16.235369288389514,0.1868907372865957,0.1870188801376908,0.18695480871214326,1,1,254,154,180,180
test2,477,16.2694772070626,0.17845765623333196,0.17857142857142858,0.17851454240238027,1,1,254,154,180,180
test2,478,16.303585125735687,0.19216560678109781,0.14814814814814814,0.170156877464623,1,1,254,154,180,180
test2,479,16.337693044408773,0.17721752566988822,0.15270761207297998,0.1649625688714341,1,1,254,154,180,180
test2,480,16.37180096308186,0.19216560678109781,0.15270761207297998,0.1724366094270389,1,1,254,154,180,180
test2,481,16.405908881754947,0.16894639862908256,0.15270761207297998,0.16082700535103128,1,1,254,154,180,180
test2,482,16.440016800428037,0.18650789890689806,0.16291259867804392,0.174710248792471,1,1,254,154,180,180
test2,483,16.474124719101123,0.1959712362956543,0.16883063880212476,0.18240093754888953,1,1,254,154,180,180
test2,484,16.50823263777421,0.17721752566988822,0.13491450415717232,0.15606601491353028,1,1,254,154,180,180
test2,485,16.542340556447297,0.16233229125389684,0.16246211051940918,0.162397200886653,1,1,254,154,180,180
test2,486,16.576448475120383,0.15384615384615385,0.12962962962962962,0.14173789173789175,1,1,254,154,180,180
test2,487,16.61055639379347,0.21562615155135773,0.2222222222222222,0.21892418688678997,1,1,261,161,150,151
test2,488,16.64466431246656,0.15858098176809457,0.14814814814814814,0.15336456495812134,1,1,254,154,180,180
test2,489,16.678772231139646,0.2129725822553963,0.18518518518518517,0.19907888372029076,1,1,261,161,150,151
test2,490,16.712880149812733,0.16655246888175074,0.16666666666666666,0.1666095677742087,1,1,234,154,180,180
test2,491,16.74698806848582,0.1850582987575008,0.1707800935815882,0.1779191961695445,1,1,234,154,180,180
test2,492,16.781095987158906,0.18872317581569056,0.21153846153846154,0.20013081867707605,1,1,261,161,150,151
test2,493,16.815203905831996,0.22513314407515395,0.20539656716234578,0.21526485561874986,1,1,261,161,150,151
test2,494,16.849311824505083,0.2152153071198063,0.1850582987575008,0.20013680293865355,1,1,261,161,150,151
test2,495,16.88341974317817,0.1959712362956543,0.16666666666666666,0.18131895148116048,1,1,254,154,180,180
test2,496,16.917527661851256,0.15858098176809457,0.15384615384615385,0.1562135678071242,1,1,254,154,180,180
test2,497,16.951635580524343,0.1870188801376908,0.18518518518518517,0.186102032661438,1,1,254,154,180,180
test2,498,16.98574349919743,0.19406842153837606,0.1888525750901964,0.19146049831428624,1,1,254,154,180,180
test2,499,17.01985141787052,0.1868907372865957,0.18518518518518517,0.18603796123589045,1,1,254,154,180,180
test2,500,17.053959336543606,0.19406842153837606,0.16850036161917228,0.18128439157877418,1,1,254,154,180,180
test2,501,17.088067255216693,0.19406842153837606,0.17734855871934158,0.18570849012885882,1,1,254,154,180,180
test2,502,17.12217517388978,0.23377955772969483,0.17294904610298803,0.20336430191634142,1,1,254,154,180,180
test2,503,17.156283092562866,0.1683849074108456,0.17294904610298803,0.17066697675691683,1,1,254,154,180,180
test2,504,17.190391011235953,0.1503248089263747,0.1562135678071242,0.15326918836674946,1,1,273,154,181,180
test2,505,17.224498929909043,0.19406842153837606,0.17734855871934158,0.18570849012885882,1,1,273,154,181,180
test2,506,17.25860684858213,0.1955384779338546,0.1870188801376908,0.1912786790357727,1,1,273,154,181,180
test2,507,17.292714767255216,0.15260297884674873,0.14804663900600065,0.15032480892637468,1,1,273,154,181,180
test2,508,17.326822685928303,0.1500168744235027,0.13482206253200563,0.14241946847775416,1,1,273,154,181,180
test2,509,17.36093060460139,0.17811763099147848,0.16894639862908256,0.17353201481028052,1,1,273,154,181,180
test2,510,17.395038523274476,0.18650789890689806,0.17066307733121966,0.17858548811905886,1,1,273,154,181,180
test2,511,17.429146441947566,0.1468795577227464,0.16457588225214836,0.1557277199874474,1,1,273,154,181,180
test2,512,17.463254360620653,0.18164505572121287,0.15229037760172753,0.1669677166614702,1,1,273,154,181,180
test2,513,17.49736227929374,0.14249410479318278,0.15260297884674873,0.14754854181996574,1,1,273,154,181,180
test2,514,17.531470197966826,0.1768261806565037,0.15846381504412213,0.16764499785031292,1,1,273,154,181,180
test2,515,17.565578116639912,0.15229037760172753,0.1168013919981593,0.13454588479994342,1,1,273,154,181,180
test2,516,17.599686035313,0.18650789890689806,0.15229037760172753,0.1693991382543128,1,1,294,161,150,151
test2,517,17.63379395398609,0.17811763099147848,0.15229037760172753,0.165204004296603,1,1,294,161,150,151
test2,518,17.667901872659176,0.1749275678372891,0.15229037760172753,0.1636089727195083,1,1,273,154,181,180
test2,519,17.702009791332262,0.1500168744235027,0.14774337124527787,0.14888012283439028,1,1,273,154,181,180
test2,520,17.73611771000535,0.1976931064554935,0.17988134335634567,0.1887872249059196,1,1,294,161,150,151
test2,521,17.770225628678435,0.16848479582916243,0.18650789890689806,0.17749634736803024,1,1,273,154,181,180
test2,522,17.804333547351522,0.17031348067946317,0.15229037760172753,0.16130192914059535,1,1,273,154,181,180
test2,523,17.838441466024612,0.15229037760172753,0.15229037760172753,0.15229037760172753,1,1,294,161,150,151
test2,524,17.8725493846977,0.16803997750123834,0.1503248089263747,0.1591823932138065,1,1,273,154,181,180
test2,525,17.906657303370785,0.1500168744235027,0.11286653328725028,0.13144170385537648,1,1,273,154,181,180
test2,526,17.940765222043872,0.16848479582916243,0.14183914114967736,0.15516196848941988,1,1,273,154,181,180
test2,527,17.97487314071696,0.15131444184477688,0.14209159773670416,0.14670301979074052,1,1,273,154,181,180
test2,528,18.00898105939005,0.20153838702208043,0.17231137651183442,0.18692488176695743,1,1,273,154,181,180
test2,529,18.043088978063135,0.18430359993691778,0.16822355740880818,0.17626357867286296,1,1,273,154,181,180
test2,530,18.077196896736222,0.154804705131411,0.1446868312579646,0.14974576819468782,1,1,273,154,181,180
test2,531,18.11130481540931,0.17401759561922725,0.15890770623166212,0.16646265092544468,1,1,273,154,181,180
test2,532,18.145412734082395,0.2092533975500882,0.1802247355120756,0.19473906653108192,1,1,273,154,181,180
test2,533,18.179520652755482,0.22390959446499933,0.2321891429335061,0.2280493686992527,1,1,273,154,181,180
test2,534,18.213628571428572,0.26120266399317943,0.2511809676996785,0.25619181584642897,1,1,273,154,181,180
test2,535,18.24773649010166,0.26223878772926706,0.24981528881542714,0.2560270382723471,1,1,273,154,181,180
test2,536,18.281844408774745,0.2698004163034483,0.28846153846153844,0.2791309773824934,1,1,277,161,151,151
test2,537,18.31595232744783,0.28910732673902284,0.2777777777777778,0.2834425522584003,1,1,277,161,151,151
test2,538,18.35006024612092,0.3270157696475642,0.3148148148148148,0.32091529223118953,1,1,277,161,151,151
test2,539,18.384168164794005,0.33176366886538955,0.3331049377635015,0.3324343033144455,1,1,277,161,151,151
test2,540,18.418276083467095,0.30804303767764446,0.30888957243699294,0.3084663050573187,1,1,277,161,151,151
test2,541,18.45238400214018,0.31016047772130195,0.267686484349998,0.28892348103564996,1,1,254,154,180,180
test2,542,18.48649192081327,0.3258263961410676,0.3086613510016848,0.3172438735713762,1,1,254,154,180,180
test2,543,18.520599839486355,0.3174134620663572,0.2778437467154754,0.2976286043909163,1,1,254,154,180,180
test2,544,18.55470775815944,0.30337801559666433,0.2868260315486363,0.2951020235726503,1,1,254,154,180,180
test2,545,18.588815676832528,0.3270157696475642,0.28846153846153844,0.3077386540545513,1,1,254,154,180,180
test2,546,18.62292359550562,0.2872060507702923,0.2777777777777778,0.2824919142740351,1,1,254,154,180,180
test2,547,18.657031514178705,0.33991422014682715,0.33972831480439913,0.33982126747561314,1,1,254,134,180,180
test2,548,18.69113943285179,0.34598850161748385,0.34589809220597606,0.34594329691173,1,1,261,161,150,151
test2,549,18.725247351524878,0.34598850161748385,0.30797974188835114,0.32698412175291747,1,1,261,161,150,151
test2,550,18.759355270197965,0.3259576823376886,0.3074649708497565,0.3167113265937226,1,1,261,161,150,151
test2,551,18.79346318887105,0.339410013884864,0.35161076763925153,0.3455103907620578,1,1,261,161,150,151
test2,552,18.82757110754414,0.34598850161748385,0.3259601289022231,0.33597431525985344,1,1,261,161,150,151
test2,553,18.861679026217228,0.35853547035561445,0.38179988659581776,0.3701676784757161,1,1,261,161,150,151
test2,554,18.895786944890315,0.34598850161748385,0.36430837936130817,0.355148440489396,1,1,261,161,150,151
test2,555,18.9298948635634,0.34598850161748385,0.36430837936130817,0.355148440489396,1,1,261,161,150,151
test2,556,18.964002782236488,0.35623526198295696,0.3712006128545452,0.3637179374187511,1,1,261,161,150,151
test2,557,18.998110700909578,0.38088832249505594,0.3797841384444048,0.38033623046973036,1,1,261,161,150,151
test2,558,19.032218619582665,0.394952658874593,0.3608191599704887,0.37788590942254086,1,1,254,154,180,180
test2,559,19.06632653825575,0.33991422014682715,0.3550124942134363,0.3474633571801317,1,1,254,154,180,180
test2,560,19.100434456928838,0.34598850161748385,0.3472843068170165,0.34663640421725017,1,1,254,154,180,180
test2,561,19.134542375601924,0.31895686274806867,0.3086613510016848,0.31380910687487673,1,1,254,154,180,180
test2,562,19.16865029427501,0.3004614164523804,0.32,0.3102307082261902,1,1,254,154,180,180
test2,563,19.2027582129481,0.3333333333333333,0.3451342541317656,0.33923379373254947,1,1,254,154,180,180
test2,564,19.236866131621188,0.3005105582924628,0.2882484101716467,0.29437948423205473,1,1,254,154,180,180
test2,565,19.270974050294274,0.33991422014682715,0.3277458520711,0.33383003610896356,1,1,254,154,180,180
test2,566,19.30508196896736,0.3100868357643641,0.32223261701267036,0.3161597263885172,1,1,254,154,180,180
test2,567,19.339189887640448,0.3005105582924628,0.30678600367268055,0.3036482809825717,1,1,254,154,180,180
test2,568,19.373297806313534,0.29235267235950946,0.31222908360681384,0.3022908779831617,1,1,254,154,180,180
test2,569,19.407405724986624,0.29088352620312463,0.2797762592506816,0.2853298927269031,1,1,254,154,180,180
test2,570,19.44151364365971,0.320193148595567,0.32098845664958187,0.32059080262257444,1,1,254,154,180,180
test2,571,19.475621562332798,0.3333333333333333,0.33304435584726805,0.3331888445903007,1,1,273,154,181,180
test2,572,19.509729481005884,0.3313567428250964,0.32098845664958187,0.32617259973733914,1,1,273,154,181,180
test2,573,19.54383739967897,0.3333333333333333,0.32098845664958187,0.3271608949914576,1,1,273,154,181,180
test2,574,19.577945318352057,0.3184400348593542,0.3212451553344727,0.31984259509691343,1,1,273,154,181,180
test2,575,19.612053237025147,0.28082796798935855,0.3,0.29041398399467927,1,1,273,154,181,180
test2,576,19.646161155698234,0.314768131924815,0.34124515533447264,0.3280066436296438,1,1,273,154,181,180
test2,577,19.68026907437132,0.28082796798935855,0.32098845664958187,0.3009082123194702,1,1,273,154,181,180
test2,578,19.714376993044407,0.25648973431166006,0.26144617242589047,0.25896795336877526,1,1,273,154,181,180
test2,579,19.748484911717494,0.21172526301175296,0.22,0.21586263150587648,1,1,273,154,181,180
test2,580,19.78259283039058,0.27853271200807644,0.23341192517961776,0.2559723185938471,1,1,277,178,151,150
test2,581,19.81670074906367,0.26880166451757354,0.24981528881542714,0.25930847666650036,1,1,277,178,151,150
test2,582,19.850808667736757,0.2792903855321626,0.2603967870630876,0.2698435862976251,1,1,277,178,151,150
test2,583,19.884916586409844,0.26880166451757354,0.2882484101716467,0.2785250373446101,1,1,277,178,151,150
test2,584,19.91902450508293,0.24157735999700028,0.25,0.24578867999850013,1,1,277,178,151,150
test2,585,19.953132423756017,0.26120266399317943,0.25,0.25560133199658974,1,1,277,178,151,150
test2,586,19.987240342429104,0.25979143239249963,0.25,0.25489571619624984,1,1,277,178,151,150
test2,587,20.021348261102194,0.2719219791125742,0.2692307692307692,0.2705763741716717,1,1,277,178,151,150
test2,588,20.05545617977528,0.3128430028464214,0.28,0.2964215014232107,1,1,277,178,151,150
test2,589,20.089564098448367,0.278005504787999,0.28,0.2790027523939995,1,1,277,178,151,150
test2,590,20.123672017121454,0.2792903855321626,0.2690318494935369,0.2741611175128498,1,1,277,178,151,150
test2,591,20.15777993579454,0.3005105582924628,0.2797762592506816,0.2901434087715722,1,1,277,178,151,150
test2,592,20.19188785446763,0.28910732673902284,0.2960932780120013,0.29260030237551204,1,1,277,178,151,150
test2,593,20.225995773140717,0.320193148595567,0.3086613510016848,0.3144272497986259,1,1,277,178,151,150
test2,594,20.260103691813804,0.3184400348593542,0.3266815315278663,0.32256078319361026,1,1,277,178,151,150
test2,595,20.29421161048689,0.320193148595567,0.3086613510016848,0.3144272497986259,1,1,277,178,151,150
test2,596,20.328319529159977,0.30804303767764446,0.3269230769230769,0.3174830573003607,1,1,277,178,151,150
test2,597,20.362427447833063,0.29241230959948616,0.30124515533447266,0.2968287324669794,1,1,273,154,181,180
test2,598,20.396535366506154,0.2719219791125742,0.2916666666666667,0.2817943228896205,1,1,273,154,181,180
test2,599,20.43064328517924,0.2704528329561894,0.2692307692307692,0.2698418010934793,1,1,273,154,181,180
test2,600,20.464751203852327,0.29235267235950946,0.27039752837778824,0.2813751003686489,1,1,273,154,181,180
test2,601,20.498859122525413,0.2608219581360698,0.28,0.2704109790680349,1,1,273,154,181,180
test2,602,20.5329670411985,0.28082796798935855,0.32098845664958187,0.3009082123194702,1,1,273,154,181,180
test2,603,20.567074959871587,0.28194194025496544,0.289444790323575,0.28569336528927025,1,1,273,154,181,180
test2,604,20.601182878544677,0.28082796798935855,0.2997602777685875,0.29029412287897305,1,1,273,154,181,180
test2,605,20.635290797217763,0.3333333333333333,0.28846153846153844,0.3108974358974359,1,1,273,154,181,180
test2,606,20.66939871589085,0.31098791531643766,0.32812034166776216,0.3195541284920999,1,1,273,154,181,180
test2,607,20.703506634563936,0.3017026063276233,0.2898282271165114,0.29576541672206735,1,1,273,154,181,180
test2,608,20.737614553237023,0.28088525429628364,0.2692307692307692,0.2750580117635264,1,1,273,154,181,180
test2,609,20.77172247191011,0.3005105582924628,0.3,0.3002552791462314,1,1,273,154,181,180
test2,610,20.8058303905832,0.3333733937867656,0.3076923076923077,0.32053285073953663,1,1,273,154,181,180
test2,611,20.839938309256286,0.3184783054159166,0.3076923076923077,0.31308530655411215,1,1,273,154,181,180
test2,612,20.874046227929373,0.31098791531643766,0.32,0.31549395765821886,1,1,273,154,181,180
test2,613,20.90815414660246,0.2891586533524379,0.3076923076923077,0.29842548052237283,1,1,273,154,181,180
test2,614,20.942262065275546,0.3184400348593542,0.34,0.3292200174296771,1,1,273,154,181,180
test2,615,20.976369983948633,0.3184400348593542,0.34,0.3292200174296771,1,1,273,154,181,180
test2,616,21.010477902621723,0.2988652101957584,0.3197442962864933,0.30930475324112583,1,1,273,154,181,180
test2,617,21.04458582129481,0.3313567428250964,0.34,0.3356783714125482,1,1,273,154,181,180
test2,618,21.078693739967896,0.3313567428250964,0.33972831480439913,0.3355425288147478,1,1,273,154,181,180
test2,619,21.112801658640983,0.3313567428250964,0.33304435584726805,0.33220054933618226,1,1,273,154,181,180
test2,620,21.14690957731407,0.3517653932378514,0.34615384615384615,0.34895961969584877,1,1,273,154,181,180
test2,621,21.181017495987156,0.3270157696475642,0.33412989406219995,0.33057283185488207,1,1,273,154,181,180
test2,622,21.215125414660246,0.32207289380854714,0.3279881844153771,0.3250305391119621,1,1,273,154,181,180
test3,0,0.0,0.2916666666666667,0.3040605745675896,0.2978636206171281,1,1,244,145,151,150
test3,1,0.03379107611548556,0.2916666666666667,0.2914138113663596,0.29154023901651316,1,1,244,128,151,150
test3,2,0.06758215223097112,0.2708333333333333,0.30474281170853446,0.28778807252093386,1,1,244,145,151,150
test3,3,0.10137322834645669,0.32608695652173914,0.2914138113663596,0.30875038394404936,1,1,244,145,151,150
test3,4,0.13516430446194225,0.3056040687932808,0.26168128344313607,0.2836426761182084,1,1,244,128,151,150
test3,5,0.16895538057742782,0.2826086956521739,0.2753537416140702,0.2789812186331221,1,1,244,145,151,150
test3,6,0.20274645669291338,0.3125,0.2914138113663596,0.3019569056831798,1,1,244,145,151,150
test3,7,0.23653753280839893,0.31222908360681384,0.29289310718026207,0.3025610953935379,1,1,244,128,151,150
test3,8,0.2703286089238845,0.28440788517827575,0.26421833243634474,0.27431310880731025,1,1,244,145,151,150
test3,9,0.30411968503937004,0.2720778349398078,0.3056040687932808,0.2888409518665443,1,1,244,128,151,150
test3,10,0.33791076115485563,0.37582776645389054,0.32022208252503825,0.3480249244894644,1,1,244,128,151,150
test3,11,0.3717018372703412,0.30434782608695654,0.26062334962936257,0.2824855878581596,1,1,244,128,151,150
test3,12,0.40549291338582677,0.3356361805741383,0.3343402682107032,0.3349882243924207,1,1,244,128,151,150
test3,13,0.4392839895013123,0.3040605745675896,0.297722977231715,0.3008917758996523,1,1,244,128,151,150
test3,14,0.47307506561679785,0.2931472460428874,0.35020210412314284,0.3216746750830151,1,1,244,128,151,150
test3,15,0.5068661417322834,0.3333333333333333,0.3488499518144798,0.34109164257390656,1,1,244,128,151,150
test3,16,0.540657217847769,0.3488499518144798,0.3488499518144798,0.3488499518144798,1,1,244,128,151,150
test3,17,0.5744482939632546,0.2708333333333333,0.28154626256430865,0.276189797948821,1,1,244,128,151,150
test3,18,0.6082393700787401,0.2823419620984761,0.2914138113663596,0.2868778867324179,1,1,244,128,151,150
test3,19,0.6420304461942257,0.3333333333333333,0.30714756301897195,0.3202404481761526,1,1,244,128,151,150
test3,20,0.6758215223097113,0.3125,0.30474281170853446,0.30862140585426723,1,1,244,128,151,150
test3,21,0.7096125984251969,0.31222908360681384,0.30714756301897195,0.30968832331289287,1,1,244,128,151,150
test3,22,0.7434036745406823,0.3488499518144798,0.2936101114740419,0.3212300316442609,1,1,244,128,151,150
test3,23,0.7771947506561679,0.35409317225552206,0.3343402682107032,0.3442167202331126,1,1,244,128,151,150
test3,24,0.8109858267716535,0.33304435584726805,0.3286748335710574,0.3308595947091627,1,1,244,145,151,150
test3,25,0.844776902887139,0.3346303701400757,0.2914138113663596,0.31302209075321763,1,1,244,128,151,150
test3,26,0.8785679790026246,0.3541666666666667,0.32223261701267036,0.33819964183966855,1,1,244,128,151,150
test3,27,0.9123590551181102,0.33304435584726805,0.35020210412314284,0.34162322998520545,1,1,244,128,151,150
test3,28,0.9461501312335957,0.2916666666666667,0.32620941384625146,0.3089380402564591,1,1,244,128,151,150
test3,29,0.9799412073490813,0.35020210412314284,0.30714756301897195,0.3286748335710574,1,1,244,145,151,150
test3,30,1.0137322834645668,0.2826086956521739,0.28308540689589534,0.28284705127403464,1,1,244,128,151,150
test3,31,1.0475233595800524,0.30714756301897195,0.34921516031555516,0.3281813616672635,1,1,244,128,151,150
test3,32,1.081314435695538,0.32,0.3356361805741383,0.32781809028706915,1,1,244,128,151,150
test3,33,1.1151055118110236,0.3488499518144798,0.3321819214420561,0.34051593662826796,1,1,244,128,151,150
test3,34,1.1488965879265092,0.2708333333333333,0.26062334962936257,0.26572834148134794,1,1,244,128,151,150
test3,35,1.1826876640419948,0.30434782608695654,0.2914138113663596,0.29788081872665806,1,1,244,128,151,150
test3,36,1.2164787401574801,0.3761538664499919,0.3748545423456506,0.37550420439782123,1,1,244,128,151,150
test3,37,1.2502698162729657,0.2826086956521739,0.30434782608695654,0.2934782608695652,1,1,244,128,151,150
test3,38,1.2840608923884513,0.32577918703670317,0.3056040687932808,0.31569162791499195,1,1,244,128,151,150
test3,39,1.317851968503937,0.29289310718026207,0.3135249959702489,0.30320905157525546,1,1,244,128,151,150
test3,40,1.3516430446194225,0.30434782608695654,0.29213464636792047,0.2982412362274385,1,1,244,128,151,150
test3,41,1.3854341207349081,0.3343402682107032,0.3343402682107032,0.3343402682107032,1,1,244,128,151,150
test3,42,1.4192251968503937,0.3040605745675896,0.30474281170853446,0.30440169313806203,1,1,244,128,151,150
test3,43,1.453016272965879,0.3040605745675896,0.2970288392460059,0.3005447069067978,1,1,244,128,151,150
test3,44,1.4868073490813647,0.30434782608695654,0.3056040687932808,0.3049759474401187,1,1,244,128,151,150
test3,45,1.5205984251968503,0.28440788517827575,0.3056040687932808,0.29500597698577824,1,1,244,128,151,150
test3,46,1.5543895013123359,0.30434782608695654,0.3210806630207483,0.31271424455385244,1,1,244,128,151,150
test3,47,1.5881805774278215,0.25,0.2624208410328536,0.25621042051642684,1,1,244,128,151,150
test3,48,1.621971653543307,0.33304435584726805,0.3062819560401212,0.31966315594369465,1,1,244,128,151,150
test3,49,1.6557627296587927,0.2916666666666667,0.2943724029941646,0.29301953483041565,1,1,244,128,151,150
test3,50,1.689553805774278,0.2708333333333333,0.3056040687932808,0.28821870106330705,1,1,244,128,151,150
test3,51,1.7233448818897636,0.31222908360681384,0.33304435584726805,0.32263671972704094,1,1,244,128,151,150
test3,52,1.7571359580052492,0.31222908360681384,0.29213464636792047,0.30218186498736715,1,1,244,128,151,150
test3,53,1.7909270341207348,0.2826086956521739,0.2624208410328536,0.27251476834251376,1,1,244,128,151,150
test3,54,1.8247181102362204,0.28440788517827575,0.3056040687932808,0.29500597698577824,1,1,244,128,151,150
test3,55,1.858509186351706,0.3125,0.32620941384625146,0.31935470692312573,1,1,244,128,151,150
test3,56,1.8923002624671914,0.3040605745675896,0.30474281170853446,0.30440169313806203,1,1,244,128,151,150
test3,57,1.926091338582677,0.2708333333333333,0.2624208410328536,0.26662708718309347,1,1,244,128,151,150
test3,58,1.9598824146981626,0.30434782608695654,0.27620403862900883,0.29027593235798266,1,1,244,128,151,150
test3,59,1.9936734908136482,0.3139805793762207,0.2823419620984761,0.29816127073734844,1,1,244,128,151,150
test3,60,2.0274645669291336,0.30434782608695654,0.3056040687932808,0.3049759474401187,1,1,244,128,151,150
test3,61,2.0612556430446194,0.3333333333333333,0.3334744779779903,0.3334039056556618,1,1,244,128,151,150
test3,62,2.0950467191601048,0.2916666666666667,0.24978326688545105,0.27072496677605884,1,1,244,128,151,150
test3,63,2.1288377952755906,0.32608695652173914,0.3062819560401212,0.31618445628093017,1,1,244,128,151,150
test3,64,2.162628871391076,0.2826086956521739,0.3056040687932808,0.29410638222272734,1,1,244,128,151,150
test3,65,2.1964199475065618,0.2916666666666667,0.3040605745675896,0.2978636206171281,1,1,244,128,151,150
test3,66,2.230211023622047,0.2608695652173913,0.25150599539615826,0.2561877803067748,1,1,244,128,151,150
test3,67,2.2640020997375325,0.2916666666666667,0.2914138113663596,0.29154023901651316,1,1,244,128,151,150
test3,68,2.2977931758530183,0.30434782608695654,0.2943724029941646,0.29936011454056055,1,1,244,128,151,150
test3,69,2.3315842519685037,0.30434782608695654,0.3194671514418757,0.3119074887644161,1,1,244,128,151,150
test3,70,2.3653753280839895,0.2708333333333333,0.2708333333333333,0.2708333333333333,1,1,244,128,151,150
test3,71,2.399166404199475,0.2826086956521739,0.2626687547434931,0.2726387251978335,1,1,244,145,151,150
test3,72,2.4329574803149603,0.25,0.26062334962936257,0.2553116748146813,1,1,244,145,151,150
test3,73,2.466748556430446,0.25,0.25150599539615826,0.2507529976980791,1,1,244,145,151,150
test3,74,2.5005396325459315,0.2708333333333333,0.2943724029941646,0.28260286816374897,1,1,244,128,151,150
test3,75,2.5343307086614173,0.2708333333333333,0.29065918126179907,0.2807462572975662,1,1,244,128,151,150
test3,76,2.5681217847769027,0.3040605745675896,0.3056040687932808,0.30483232168043517,1,1,244,128,151,150
test3,77,2.6019128608923885,0.2608695652173913,0.2624208410328536,0.26164520312512246,1,1,244,128,151,150
test3,78,2.635703937007874,0.2951498084442171,0.3056040687932808,0.3003769386187489,1,1,244,128,151,150
test3,79,2.6694950131233592,0.2838854563241673,0.3178536398630031,0.3008695480935852,1,1,244,128,151,150
test3,80,2.703286089238845,0.31418857299398323,0.3334744779779903,0.32383152548598676,1,1,244,128,151,150
test3,81,2.7370771653543304,0.2823419620984761,0.28308540689589534,0.2827136844971857,1,1,244,128,151,150
test3,82,2.7708682414698163,0.28440788517827575,0.2624208410328536,0.27341436310556466,1,1,244,145,151,150
test3,83,2.8046593175853016,0.2914138113663596,0.25085470850377145,0.2711342599350655,1,1,244,145,151,150
test3,84,2.8384503937007874,0.33304435584726805,0.3334744779779903,0.33325941691262917,1,1,244,145,151,150
test3,85,2.872241469816273,0.2914138113663596,0.2943724029941646,0.29289310718026207,1,1,244,145,151,150
test3,86,2.906032545931758,0.3040605745675896,0.28154626256430865,0.29280341856594916,1,1,244,128,151,150
test3,87,2.939823622047244,0.2708333333333333,0.27161607859389997,0.27122470596361664,1,1,244,128,151,150
test3,88,2.9736146981627294,0.30434782608695654,0.3194671514418757,0.3119074887644161,1,1,244,128,151,150
test3,89,3.007405774278215,0.2946278254191081,0.30474281170853446,0.2996853185638213,1,1,244,128,151,150
test3,90,3.0411968503937006,0.29289310718026207,0.25257297592600086,0.2727330415531315,1,1,244,128,151,150
test3,91,3.0749879265091864,0.2708333333333333,0.28333868825577524,0.2770860107945543,1,1,244,128,151,150
test3,92,3.1087790026246718,0.33304435584726805,0.3062819560401212,0.31966315594369465,1,1,244,128,151,150
test3,93,3.142570078740157,0.30434782608695654,0.3056040687932808,0.3049759474401187,1,1,244,128,151,150
test3,94,3.176361154855643,0.19780477233555005,0.21933669143437756,0.2085707318849638,1,1,244,128,151,150
test3,95,3.2101522309711283,0.12994442887583477,0.13031167481468128,0.13012805184525802,1,1,244,128,151,150
test3,96,3.243943307086614,0.11339964452623105,0.1338361212611483,0.12361788289368968,1,1,244,128,151,150
test3,97,3.2777343832020995,0.13031167481468128,0.125,0.12765583740734066,1,1,244,128,151,150
test3,98,3.3115254593175854,0.08262024419568464,0.11351915709392967,0.09806970064480716,1,1,244,128,151,150
test3,99,3.3453165354330707,0.1759253847117281,0.15217391304347827,0.1640496488776032,1,1,244,128,151,150
test3,100,3.379107611548556,0.09685486017662734,0.11211750879203475,0.10448618448433104,1,1,244,128,151,150
test3,101,3.412898687664042,0.14359163953302567,0.13031167481468128,0.1369516571738535,1,1,244,128,151,150
test3,102,3.4466897637795273,0.12218581903660021,0.10859306234556773,0.11538944069108398,1,1,244,128,151,150
test3,103,3.480480839895013,0.12994442887583477,0.1490847601563623,0.13951459451609854,1,1,244,128,151,150
test3,104,3.5142719160104985,0.07324496088724648,0.10407636120227128,0.08866066104475888,1,1,244,128,151,150
test3,105,3.548062992125984,0.11851283576097187,0.13031167481468128,0.12441225528782657,1,1,244,128,151,150
test3,106,3.5818540682414697,0.1362229885127156,0.13031167481468128,0.13326733166369845,1,1,259,148,125,125
test3,107,3.615645144356955,0.09587889832410917,0.09081532567514373,0.09334711199962645,1,1,244,128,151,150
test3,108,3.649436220472441,0.1338361212611483,0.13043478260869565,0.132135451934922,1,1,244,128,151,150
test3,109,3.6832272965879262,0.11351915709392967,0.08695652173913043,0.10023783941653006,1,1,244,128,151,150
test3,110,3.717018372703412,0.18163065135028747,0.13043478260869565,0.15603271697949156,1,1,259,148,125,125
test3,111,3.7508094488188974,0.13990731402287063,0.13043478260869565,0.13517104831578314,1,1,244,128,151,150
test3,112,3.784600524934383,0.15892681993150154,0.1362229885127156,0.14757490422210856,1,1,259,148,125,125
test3,113,3.8183916010498686,0.16647802263800923,0.13636363636363635,0.1514208295008228,1,1,259,148,125,125
test3,114,3.852182677165354,0.09587889832410917,0.10869565217391304,0.1022872752490111,1,1,259,148,125,125
test3,115,3.88597375328084,0.15892681993150154,0.13031167481468128,0.1446192473730914,1,1,259,148,125,125
test3,116,3.919764829396325,0.13283733331337846,0.13031167481468128,0.13157450406402987,1,1,244,128,151,150
test3,117,3.953555905511811,0.14314959117243284,0.17391304347826086,0.15853131732534687,1,1,244,128,151,150
test3,118,3.9873469816272964,0.17374889975290836,0.17391304347826086,0.1738309716155846,1,1,244,128,151,150
test3,119,4.021138057742782,0.18442561845864175,0.15217391304347827,0.16829976575106,1,1,259,148,125,125
test3,120,4.054929133858267,0.13697345649352022,0.1765892505645752,0.1567813535290477,1,1,244,128,151,150
test3,121,4.088720209973753,0.12933918899372235,0.1520302872837948,0.1406847381387586,1,1,244,128,151,150
test3,122,4.122511286089239,0.15426797989908897,0.15217391304347827,0.15322094647128362,1,1,244,128,151,150
test3,123,4.156302362204724,0.12994442887583477,0.16666666666666666,0.1483055477712507,1,1,244,128,151,150
test3,124,4.1900934383202095,0.15704759296060963,0.15217391304347827,0.15461075300204397,1,1,244,128,151,150
test3,125,4.223884514435695,0.1394766078968045,0.13031167481468128,0.1348941413557429,1,1,244,128,151,150
test3,126,4.257675590551181,0.14314959117243284,0.1520302872837948,0.1475899392281138,1,1,244,128,151,150
test3,127,4.2914666666666665,0.17325923850111302,0.20833333333333334,0.1907962859172232,1,1,244,128,151,150
test3,128,4.325257742782152,0.1168426704599418,0.13043478260869565,0.12363872653431873,1,1,244,128,151,150
test3,129,4.359048818897637,0.24913644108154206,0.24913644108154206,0.24913644108154206,1,1,244,128,151,150
test3,130,4.3928398950131236,0.1168426704599418,0.1338361212611483,0.12533939586054504,1,1,244,128,151,150
test3,131,4.426630971128609,0.13697345649352022,0.1490847601563623,0.14302910832494126,1,1,244,128,151,150
test3,132,4.460422047244094,0.14314959117243284,0.11351915709392967,0.12833437413318124,1,1,244,128,151,150
test3,133,4.49421312335958,0.1759253847117281,0.21039624015490213,0.19316081243331512,1,1,244,128,151,150
test3,134,4.528004199475065,0.1362229885127156,0.15485012012979257,0.1455365543212541,1,1,244,128,151,150
test3,135,4.561795275590551,0.12994442887583477,0.13031167481468128,0.13012805184525802,1,1,259,148,125,125
test3,136,4.595586351706037,0.11351915709392967,0.13043478260869565,0.12197696985131265,1,1,259,148,125,125
test3,137,4.629377427821522,0.12994442887583477,0.13031167481468128,0.13012805184525802,1,1,244,128,151,150
test3,138,4.663168503937007,0.11691415833507379,0.10745421567545377,0.11218418700526378,1,1,244,128,151,150
test3,139,4.696959580052493,0.09131493349639319,0.10859306234556773,0.09995399792098046,1,1,244,128,151,150
test3,140,4.730750656167979,0.11636960931500302,0.11990411110743499,0.118136860211219,1,1,244,128,151,150
test3,141,4.7645417322834644,0.18385786226784898,0.17374889975290836,0.17880338101037868,1,1,244,128,151,150
test3,142,4.79833280839895,0.1981411934333807,0.16908465296101344,0.18361292319719708,1,1,259,148,125,125
test3,143,4.832123884514435,0.17374889975290836,0.14839803179105124,0.16107346577197978,1,1,244,128,151,150
test3,144,4.865914960629921,0.14359163953302567,0.17374889975290836,0.15867026964296702,1,1,244,128,151,150
test3,145,4.899706036745407,0.1394766078968045,0.12489163344272552,0.132184120669765,1,1,244,128,151,150
test3,146,4.933497112860892,0.15426797989908897,0.16666666666666666,0.16046732328287783,1,1,244,128,151,150
test3,147,4.967288188976378,0.12218581903660021,0.12826948791590803,0.1252276534762541,1,1,244,128,151,150
test3,148,5.001079265091863,0.17325923850111302,0.17374889975290836,0.1735040691270107,1,1,244,128,151,150
test3,149,5.034870341207349,0.09174223971359192,0.13031167481468128,0.11102695726413661,1,1,244,128,151,150
test3,150,5.068661417322835,0.17374889975290836,0.18442561845864175,0.17908725910577505,1,1,259,148,125,125
test3,151,5.10245249343832,0.15555473373026182,0.13043478260869565,0.14299475816947874,1,1,259,148,125,125
test3,152,5.136243569553805,0.1956521739130435,0.2102138408252295,0.2029330073691365,1,1,259,148,125,125
test3,153,5.170034645669291,0.1956521739130435,0.1516472351937417,0.1736497045533926,1,1,259,148,125,125
test3,154,5.203825721784777,0.11691415833507379,0.1373605677076153,0.12713736302134454,1,1,244,128,151,150
test3,155,5.237616797900262,0.18442561845864175,0.17391304347826086,0.1791693309684513,1,1,244,128,151,150
test3,156,5.271407874015748,0.1956521739130435,0.1954675122220219,0.1955598430675327,1,1,259,148,125,125
test3,157,5.305198950131233,0.17374889975290836,0.17391304347826086,0.1738309716155846,1,1,244,128,151,150
test3,158,5.3389900262467185,0.1168426704599418,0.13031167481468128,0.12357717263731155,1,1,244,128,151,150
test3,159,5.372781102362205,0.09587889832410917,0.10859306234556773,0.10223598033483845,1,1,244,128,151,150
test3,160,5.40657217847769,0.1520302872837948,0.16666666666666666,0.15934847697523075,1,1,244,128,151,150
test3,161,5.4403632545931755,0.08662961925055651,0.15217391304347827,0.11940176614701739,1,1,244,128,151,150
test3,162,5.474154330708661,0.1590909090909091,0.13990731402287063,0.14949911155688986,1,1,259,148,125,125
test3,163,5.507945406824147,0.1954675122220219,0.1898999252014677,0.1926837187117448,1,1,244,128,151,150
test3,164,5.5417364829396325,0.2043344827690734,0.22952317107807507,0.21692882692357424,1,1,244,128,151,150
test3,165,5.575527559055118,0.17391304347826086,0.15217391304347827,0.16304347826086957,1,1,259,148,125,125
test3,166,5.609318635170603,0.10040444541512118,0.13990731402287063,0.12015587971899591,1,1,244,128,151,150
test3,167,5.643109711286089,0.1520302872837948,0.1482693807205592,0.15014983400217702,1,1,244,128,151,150
test3,168,5.676900787401575,0.1954675122220219,0.16908465296101344,0.18227608259151767,1,1,244,128,151,150
test3,169,5.71069186351706,0.17325923850111302,0.1283807853857676,0.1508200119434403,1,1,244,128,151,150
test3,170,5.744482939632546,0.09617497398504882,0.10869565217391304,0.10243531307948092,1,1,259,148,125,125
test3,171,5.778274015748031,0.1873374501640883,0.21933669143437756,0.2033370707992329,1,1,244,128,151,150
test3,172,5.812065091863516,0.11851283576097187,0.14005176587538284,0.12928230081817735,1,1,244,128,151,150
test3,173,5.845856167979003,0.1520302872837948,0.13043478260869565,0.14123253494624521,1,1,244,128,151,150
test3,174,5.879647244094488,0.17374889975290836,0.15217391304347827,0.16296140639819331,1,1,259,148,125,125
test3,175,5.913438320209973,0.1362229885127156,0.15217391304347827,0.14419845077809695,1,1,244,128,151,150
test3,176,5.947229396325459,0.13697345649352022,0.16923136512438455,0.15310241080895237,1,1,244,128,151,150
test3,177,5.981020472440944,0.17325923850111302,0.16923136512438455,0.17124530181274877,1,1,244,128,151,150
test3,178,6.01481154855643,0.1956521739130435,0.17374889975290836,0.18470053683297594,1,1,259,148,125,125
test3,179,6.048602624671916,0.1394766078968045,0.16277903860265558,0.15112782324973004,1,1,244,128,151,150
test3,180,6.082393700787401,0.15892681993150154,0.17391304347826086,0.1664199317048812,1,1,259,148,125,125
test3,181,6.1161847769028865,0.20454545454545456,0.22703831418785933,0.21579188436665694,1,1,259,148,125,125
test3,182,6.149975853018373,0.15892681993150154,0.17391304347826086,0.1664199317048812,1,1,259,148,125,125
test3,183,6.183766929133858,0.15892681993150154,0.13043478260869565,0.14468080127009858,1,1,259,148,125,125
test3,184,6.2175580052493435,0.17642258096426716,0.15217391304347827,0.16429824700387272,1,1,259,148,125,125
test3,185,6.251349081364829,0.1956521739130435,0.17374889975290836,0.18470053683297594,1,1,259,148,125,125
test3,186,6.285140157480314,0.1520302872837948,0.15485012012979257,0.15344020370679368,1,1,259,148,125,125
test3,187,6.318931233595801,0.15217391304347827,0.15217391304347827,0.15217391304347827,1,1,259,148,125,125
test3,188,6.352722309711286,0.18163065135028747,0.18163065135028747,0.18163065135028747,1,1,259,148,125,125
test3,189,6.386513385826771,0.11791031921170908,0.13176157077153525,0.12483594499162216,1,1,244,128,151,150
test3,190,6.420304461942257,0.13345894268467748,0.16666666666666666,0.15006280467567207,1,1,244,128,151,150
test3,191,6.454095538057742,0.09174223971359192,0.11372013197828404,0.10273118584593799,1,1,244,128,151,150
test3,192,6.487886614173228,0.18163065135028747,0.17374889975290836,0.17768977555159793,1,1,244,128,151,150
test3,193,6.521677690288714,0.11128080181442473,0.10859306234556773,0.10993693207999623,1,1,244,128,151,150
test3,194,6.555468766404199,0.16652217792363402,0.15217391304347827,0.15934804548355613,1,1,244,128,151,150
test3,195,6.589259842519684,0.2391304347826087,0.21933669143437756,0.22923356310849313,1,1,244,128,151,150
test3,196,6.623050918635171,0.21954390277033267,0.2043344827690734,0.21193919276970302,1,1,244,128,151,150
test3,197,6.656841994750656,0.25,0.23069072315570402,0.24034536157785202,1,1,244,128,151,150
test3,198,6.6906330708661415,0.22703831418785933,0.22703831418785933,0.22703831418785933,1,1,244,128,151,150
test3,199,6.724424146981627,0.21718612469113546,0.2037054369317642,0.21044578081144982,1,1,244,128,151,150
test3,200,6.758215223097112,0.25188097086819733,0.22858057615762525,0.24023077351291128,1,1,244,128,151,150
test3,201,6.7920062992125985,0.25150599539615826,0.22928643684591832,0.2403962161210383,1,1,244,128,151,150
test3,202,6.825797375328084,0.25,0.2497421456066453,0.24987107280332266,1,1,244,128,151,150
test3,203,6.859588451443569,0.2289679946449968,0.21718612469113546,0.22307705966806612,1,1,244,128,151,150
test3,204,6.893379527559055,0.2608695652173913,0.253869299066493,0.2573694321419422,1,1,244,128,151,150
test3,205,6.92717060367454,0.2626687547434931,0.25162117640843407,0.25714496557596356,1,1,244,128,151,150
test3,206,6.960961679790026,0.2608695652173913,0.2716072492423523,0.2662384072298718,1,1,244,128,151,150
test3,207,6.994752755905512,0.2608695652173913,0.27432500782722,0.26759728652230563,1,1,244,128,151,150
test3,208,7.028543832020997,0.284153648044752,0.2624208410328536,0.2732872445388028,1,1,244,128,151,150
test3,209,7.062334908136482,0.2826086956521739,0.27348049542821123,0.27804459554019256,1,1,244,128,151,150
test3,210,7.096125984251968,0.2838854563241673,0.26168128344313607,0.2727833698836517,1,1,244,128,151,150
test3,211,7.129917060367454,0.30434782608695654,0.26062334962936257,0.2824855878581596,1,1,244,128,151,150
test3,212,7.163708136482939,0.2608695652173913,0.27432500782722,0.26759728652230563,1,1,244,128,151,150
test3,213,7.197499212598425,0.2826086956521739,0.27348049542821123,0.27804459554019256,1,1,244,128,151,150
test3,214,7.23129028871391,0.2841394535019672,0.2519902682647042,0.2680648608833357,1,1,244,128,151,150
test3,215,7.265081364829396,0.2841394535019672,0.27620403862900883,0.280171746065488,1,1,244,128,151,150
test3,216,7.298872440944882,0.29289310718026207,0.30474281170853446,0.29881795944439826,1,1,244,128,151,150
test3,217,7.332663517060367,0.284153648044752,0.27432500782722,0.27923932793598605,1,1,244,128,151,150
test3,218,7.3664545931758525,0.3125,0.30474281170853446,0.30862140585426723,1,1,244,128,151,150
test3,219,7.400245669291338,0.3056040687932808,0.2624208410328536,0.2840124549130672,1,1,244,128,151,150
test3,220,7.434036745406824,0.2708333333333333,0.27348049542821123,0.2721569143807723,1,1,244,128,151,150
test3,221,7.4678278215223095,0.2624208410328536,0.27348049542821123,0.26795066823053243,1,1,244,128,151,150
test3,222,7.501618897637795,0.2951498084442171,0.27432500782722,0.2847374081357186,1,1,244,128,151,150
test3,223,7.53540997375328,0.2970288392460059,0.27432500782722,0.285676923536613,1,1,244,128,151,150
test3,224,7.569201049868766,0.3181818181818182,0.33183183848413367,0.3250068283329759,1,1,244,128,151,150
test3,225,7.602992125984252,0.32577918703670317,0.31848366848271875,0.32213142775971093,1,1,244,128,151,150
test3,226,7.636783202099737,0.32763190891431726,0.3040605745675896,0.31584624174095344,1,1,244,128,151,150
test3,227,7.670574278215223,0.32608695652173914,0.3194671514418757,0.32277705398180745,1,1,244,128,151,150
test3,228,7.704365354330708,0.3178536398630031,0.31687512411607766,0.31736438198954037,1,1,244,128,151,150
test3,229,7.738156430446193,0.3040605745675896,0.27432500782722,0.2891927911974048,1,1,244,128,151,150
test3,230,7.77194750656168,0.32744038623312244,0.30474281170853446,0.31609159897082845,1,1,244,128,151,150
test3,231,7.805738582677165,0.3040605745675896,0.3178536398630031,0.31095710721529635,1,1,244,128,151,150
test3,232,7.83952965879265,0.34055747128178904,0.3200922128493598,0.33032484206557444,1,1,244,128,151,150
test3,233,7.873320734908136,0.32744038623312244,0.3210806630207483,0.32426052462693533,1,1,244,128,151,150
test3,234,7.907111811023622,0.2826086956521739,0.27348049542821123,0.27804459554019256,1,1,244,128,151,150
test3,235,7.940902887139107,0.2823419620984761,0.28835061940618273,0.2853462907523294,1,1,244,128,151,150
test3,236,7.974693963254593,0.2826086956521739,0.2624208410328536,0.27251476834251376,1,1,244,128,151,150
test3,237,8.008485039370079,0.284153648044752,0.2724459770254312,0.2782998125350916,1,1,244,128,151,150
test3,238,8.042276115485564,0.2826086956521739,0.27432500782722,0.278466851739697,1,1,244,128,151,150
test3,239,8.07606719160105,0.2746082435954701,0.2724459770254312,0.2735271103104506,1,1,244,128,151,150
test3,240,8.109858267716534,0.1925360743488145,0.18181818181818182,0.18717712808349818,1,1,244,128,151,150
test3,241,8.14364934383202,0.10859306234556773,0.13043478260869565,0.11951392247713169,1,1,244,128,151,150
test3,242,8.177440419947507,0.19026059730058198,0.18442561845864175,0.18734310787961186,1,1,244,128,151,150
test3,243,8.211231496062991,0.21933669143437756,0.16666666666666666,0.19300167905052212,1,1,244,128,151,150
test3,244,8.245022572178478,0.22703831418785933,0.1981411934333807,0.21258975381062,1,1,244,128,151,150
test3,245,8.278813648293962,0.22703831418785933,0.22703831418785933,0.22703831418785933,1,1,244,128,151,150
test3,246,8.312604724409448,0.25,0.23782574662572747,0.24391287331286374,1,1,244,128,151,150
test3,247,8.346395800524935,0.25,0.22703831418785933,0.23851915709392968,1,1,244,128,151,150
test3,248,8.380186876640419,0.25,0.21933669143437756,0.23466834571718878,1,1,244,128,151,150
test3,249,8.413977952755905,0.238904737160249,0.2407022285637401,0.23980348286199454,1,1,244,128,151,150
test3,250,8.44776902887139,0.2626687547434931,0.25121451359448793,0.2569416341689905,1,1,244,128,151,150
test3,251,8.481560104986876,0.2826086956521739,0.2838854563241673,0.28324707598817056,1,1,244,128,151,150
test3,252,8.515351181102362,0.30589277847953467,0.2624208410328536,0.2841568097561942,1,1,244,145,151,150
test3,253,8.549142257217847,0.2391304347826087,0.2489733118054896,0.24405187329404915,1,1,244,145,151,150
test3,254,8.582933333333333,0.2391304347826087,0.2497421456066453,0.24443629019462698,1,1,244,145,151,150
test3,255,8.61672440944882,0.26062334962936257,0.27620403862900883,0.2684136941291857,1,1,244,145,151,150
test3,256,8.650515485564304,0.2608695652173913,0.27432500782722,0.26759728652230563,1,1,244,145,151,150
test3,257,8.68430656167979,0.2705985391259053,0.28487783258736193,0.2777381858566336,1,1,244,145,151,150
test3,258,8.718097637795275,0.30434782608695654,0.29611443286507394,0.30023112947601527,1,1,244,145,151,150
test3,259,8.75188871391076,0.31222908360681384,0.2894143800467398,0.30082173182677685,1,1,244,145,151,150
test3,260,8.785679790026247,0.2826086956521739,0.29065918126179907,0.2866339384569865,1,1,244,145,151,150
test3,261,8.819470866141732,0.29065918126179907,0.26874192432911553,0.2797005527954573,1,1,244,145,151,150
test3,262,8.853261942257218,0.2823419620984761,0.2705985391259053,0.2764702506121907,1,1,244,145,151,150
test3,263,8.887053018372702,0.3056040687932808,0.2705985391259053,0.28810130395959305,1,1,244,145,151,150
test3,264,8.920844094488189,0.3178536398630031,0.29065918126179907,0.30425641056240105,1,1,244,145,151,150
test3,265,8.954635170603675,0.26062334962936257,0.2624208410328536,0.2615220953311081,1,1,244,145,151,150
test3,266,8.98842624671916,0.28261670011515755,0.26223878772926706,0.2724277439222123,1,1,244,145,151,150
test3,267,9.022217322834646,0.26062334962936257,0.27432500782722,0.26747417872829127,1,1,244,145,151,150
test3,268,9.05600839895013,0.2943724029941646,0.29235267235950946,0.29336253767683707,1,1,244,145,151,150
test3,269,9.089799475065616,0.26062334962936257,0.22928643684591832,0.24495489323764044,1,1,244,145,151,150
test3,270,9.123590551181103,0.26062334962936257,0.27432500782722,0.26747417872829127,1,1,244,145,151,150
test3,271,9.157381627296587,0.2608695652173913,0.26062334962936257,0.26074645742337693,1,1,244,145,151,150
test3,272,9.191172703412073,0.24105530390349109,0.26062334962936257,0.25083932676642684,1,1,244,145,151,150
test3,273,9.224963779527558,0.32577918703670317,0.29235267235950946,0.3090659296981063,1,1,244,145,151,150
test3,274,9.258754855643044,0.238904737160249,0.27432500782722,0.2566148724937345,1,1,244,145,151,150
test3,275,9.29254593175853,0.2823419620984761,0.27432500782722,0.27833348496284804,1,1,244,145,151,150
test3,276,9.326337007874015,0.2823419620984761,0.2624208410328536,0.27238140156566487,1,1,244,145,151,150
test3,277,9.360128083989501,0.2724459770254312,0.2716072492423523,0.27202661313389176,1,1,244,145,151,150
test3,278,9.393919160104986,0.28440788517827575,0.26168128344313607,0.2730445843107059,1,1,244,145,151,150
test3,279,9.427710236220472,0.2841394535019672,0.2624208410328536,0.2732801472674104,1,1,244,145,151,150
test3,280,9.461501312335958,0.2914138113663596,0.29065918126179907,0.29103649631407935,1,1,244,145,151,150
test3,281,9.495292388451443,0.27432500782722,0.2624208410328536,0.2683729244300368,1,1,244,145,151,150
test3,282,9.529083464566929,0.3056040687932808,0.2838854563241673,0.29474476255872406,1,1,244,145,151,150
test3,283,9.562874540682413,0.30320366737694776,0.29235267235950946,0.2977781698682286,1,1,244,145,151,150
test3,284,9.5966656167979,0.31222908360681384,0.30485539195753164,0.3085422377821727,1,1,244,145,151,150
test3,285,9.630456692913386,0.3056040687932808,0.29065918126179907,0.2981316250275399,1,1,244,145,151,150
test3,286,9.66424776902887,0.30434782608695654,0.2838854563241673,0.2941166412055619,1,1,244,145,151,150
test3,287,9.698038845144357,0.2826086956521739,0.27432500782722,0.278466851739697,1,1,244,145,151,150
test3,288,9.731829921259841,0.29213464636792047,0.2936101114740419,0.29287237892098117,1,1,244,145,151,150
test3,289,9.765620997375327,0.2916666666666667,0.312896016458049,0.30228134156235786,1,1,244,145,151,150
test3,290,9.799412073490814,0.2951498084442171,0.3040605745675896,0.29960519150590337,1,1,244,145,151,150
test3,291,9.833203149606298,0.2826086956521739,0.26989781117167055,0.2762532534119222,1,1,244,145,151,150
test3,292,9.866994225721784,0.3040605745675896,0.30714756301897195,0.3056040687932808,1,1,244,145,151,150
test3,293,9.90078530183727,0.24978326688545105,0.2624208410328536,0.2561020539591523,1,1,244,145,151,150
test3,294,9.934576377952755,0.2391304347826087,0.21933669143437756,0.22923356310849313,1,1,244,145,151,150
test3,295,9.968367454068241,0.238904737160249,0.22928643684591832,0.23409558700308364,1,1,244,145,151,150
test3,296,10.002158530183726,0.2708333333333333,0.2705985391259053,0.2707159362296193,1,1,244,145,151,150
test3,297,10.035949606299212,0.2823419620984761,0.26168128344313607,0.2720116227708061,1,1,244,145,151,150
test3,298,10.069740682414698,0.2608695652173913,0.27432500782722,0.26759728652230563,1,1,244,145,151,150
test3,299,10.103531758530183,0.3040605745675896,0.30474281170853446,0.30440169313806203,1,1,244,145,151,150
test3,300,10.13732283464567,0.2724459770254312,0.2724459770254312,0.2724459770254312,1,1,244,145,151,150
test3,301,10.171113910761154,0.30434782608695654,0.28487783258736193,0.29461282933715927,1,1,244,145,151,150
test3,302,10.20490498687664,0.2826086956521739,0.27432500782722,0.278466851739697,1,1,244,145,151,150
test3,303,10.238696062992126,0.2916666666666667,0.26421833243634474,0.27794249955150574,1,1,244,145,151,150
test3,304,10.27248713910761,0.2608695652173913,0.22703831418785933,0.2439539397026253,1,1,244,145,151,150
test3,305,10.306278215223097,0.32763190891431726,0.30320366737694776,0.3154177881456325,1,1,244,145,151,150
test3,306,10.340069291338581,0.26062334962936257,0.21718612469113546,0.23890473716024901,1,1,244,145,151,150
test3,307,10.373860367454068,0.32577918703670317,0.29065918126179907,0.3082191841492511,1,1,244,145,151,150
test3,308,10.407651443569554,0.2727272727272727,0.2753537416140702,0.27404050717067147,1,1,244,145,151,150
test3,309,10.441442519685038,0.2497421456066453,0.2508465579913486,0.25029435179899695,1,1,244,145,151,150
test3,310,10.475233595800525,0.2951498084442171,0.27348049542821123,0.28431515193621415,1,1,244,145,151,150
test3,311,10.50902467191601,0.2708333333333333,0.24978326688545105,0.2603083001093922,1,1,244,145,151,150
test3,312,10.542815748031495,0.18163065135028747,0.13031167481468128,0.15597116308248438,1,1,244,145,151,150
test3,313,10.576606824146982,0.20658260542713236,0.1954675122220219,0.20102505882457714,1,1,244,145,151,150
test3,314,10.610397900262466,0.18442561845864175,0.18163065135028747,0.18302813490446462,1,1,244,145,151,150
test3,315,10.644188976377952,0.23153455950397728,0.25162117640843407,0.24157786795620567,1,1,244,145,151,150
test3,316,10.677980052493437,0.27432500782722,0.27348049542821123,0.2739027516277156,1,1,244,145,151,150
test3,317,10.711771128608923,0.2826086956521739,0.29864235082487856,0.2906255232385262,1,1,244,145,151,150
test3,318,10.74556220472441,0.238904737160249,0.2508465579913486,0.24487564757579877,1,1,244,145,151,150
test3,319,10.779353280839894,0.14359163953302567,0.13031167481468128,0.1369516571738535,1,1,244,145,151,150
test3,320,10.81314435695538,0.14269544797543648,0.14285714285714285,0.14277629541628967,1,1,244,145,151,150
test3,321,10.846935433070865,0.13990731402287063,0.12994442887583477,0.1349258714493527,1,1,244,145,151,150
test3,322,10.880726509186351,0.26062334962936257,0.2624208410328536,0.2615220953311081,1,1,244,145,151,150
test3,323,10.914517585301837,0.2823419620984761,0.26168128344313607,0.2720116227708061,1,1,244,145,151,150
test3,324,10.948308661417322,0.2823419620984761,0.21718612469113546,0.2497640433948058,1,1,244,145,151,150
test3,325,10.982099737532808,0.32608695652173914,0.32774855817783816,0.3269177573497887,1,1,244,145,151,150
test3,326,11.015890813648294,0.26062334962936257,0.22633937436862692,0.24348136199899473,1,1,244,145,151,150
test3,327,11.049681889763779,0.17374889975290836,0.17374889975290836,0.17374889975290836,1,1,244,145,151,150
test3,328,11.083472965879265,0.11720348260408471,0.11887880540383475,0.11804114400395974,1,1,244,145,151,150
test3,329,11.11726404199475,0.14314959117243284,0.13031167481468128,0.13673063299355706,1,1,244,145,151,150
test3,330,11.151055118110236,0.22858057615762525,0.20454545454545456,0.2165630153515399,1,1,244,145,151,150
test3,331,11.184846194225722,0.22703831418785933,0.22928643684591832,0.22816237551688884,1,1,244,145,151,150
test3,332,11.218637270341207,0.2724459770254312,0.2635766318131854,0.2680113044193083,1,1,244,145,151,150
test3,333,11.252428346456693,0.31979699568314984,0.3194671514418757,0.3196320735625128,1,1,244,145,151,150
test3,334,11.286219422572177,0.3409090909090909,0.30714756301897195,0.3240283269640314,1,1,244,145,151,150
test3,335,11.320010498687664,0.32763190891431726,0.2951498084442171,0.3113908586792672,1,1,244,145,151,150
test3,336,11.35380157480315,0.30434782608695654,0.29584973104585605,0.3000987785664063,1,1,244,145,151,150
test3,337,11.387592650918634,0.3040605745675896,0.3200922128493598,0.31207639370847473,1,1,244,145,151,150
test3,338,11.42138372703412,0.3040605745675896,0.3062819560401212,0.3051712653038554,1,1,244,145,151,150
test3,339,11.455174803149605,0.3541666666666667,0.3321819214420561,0.3431742940543614,1,1,244,145,151,150
test3,340,11.488965879265091,0.30434782608695654,0.28154626256430865,0.29294704432563257,1,1,244,145,151,150
test3,341,11.522756955380578,0.32608695652173914,0.294241186679215,0.3101640716004771,1,1,244,145,151,150
test3,342,11.556548031496062,0.32577918703670317,0.3194671514418757,0.32262316923928946,1,1,244,145,151,150
test3,343,11.590339107611548,0.34782608695652173,0.3062819560401212,0.32705402149832147,1,1,244,145,151,150
test3,344,11.624130183727033,0.34782608695652173,0.31848366848271875,0.33315487771962027,1,1,244,145,151,150
test3,345,11.657921259842519,0.30589277847953467,0.2519902682647042,0.2789415233721194,1,1,244,145,151,150
test3,346,11.691712335958005,0.32608695652173914,0.29584973104585605,0.31096834378379756,1,1,244,145,151,150
test3,347,11.72550341207349,0.30434782608695654,0.3194671514418757,0.3119074887644161,1,1,244,145,151,150
test3,348,11.759294488188976,0.3333333333333333,0.32022208252503825,0.3267777079291858,1,1,244,145,151,150
test3,349,11.79308556430446,0.3474977995058167,0.31848366848271875,0.3329907339942677,1,1,244,145,151,150
test3,350,11.826876640419947,0.34782608695652173,0.3114205513519276,0.32962331915422466,1,1,244,145,151,150
test3,351,11.860667716535433,0.30434782608695654,0.27348049542821123,0.2889141607575839,1,1,244,145,151,150
test3,352,11.894458792650918,0.30434782608695654,0.30474281170853446,0.3045453188977455,1,1,244,128,151,150
test3,353,11.928249868766404,0.31222908360681384,0.2936101114740419,0.30291959754042785,1,1,244,128,151,150
test3,354,11.962040944881888,0.3056040687932808,0.27348049542821123,0.289542282110746,1,1,244,128,151,150
test3,355,11.995832020997375,0.2823419620984761,0.25162117640843407,0.26698156925345506,1,1,244,128,151,150
test3,356,12.02962309711286,0.29289310718026207,0.26168128344313607,0.2772871953116991,1,1,244,128,151,150
test3,357,12.063414173228345,0.3181818181818182,0.27348049542821123,0.2958311568050147,1,1,244,128,151,150
test3,358,12.097205249343832,0.32577918703670317,0.29584973104585605,0.3108144590412796,1,1,244,128,151,150
test3,359,12.130996325459318,0.30434782608695654,0.28333868825577524,0.2938432571713659,1,1,244,128,151,150
test3,360,12.164787401574802,0.3333333333333333,0.2936101114740419,0.3134717224036876,1,1,244,128,151,150
test3,361,12.198578477690289,0.3040605745675896,0.30179144098535216,0.3029260077764709,1,1,244,128,151,150
test3,362,12.232369553805773,0.3125,0.28308540689589534,0.29779270344794767,1,1,244,128,151,150
test3,363,12.26616062992126,0.29289310718026207,0.2936101114740419,0.293251609327152,1,1,244,128,151,150
test3,364,12.299951706036746,0.2826086956521739,0.24978037723856514,0.2661945364453695,1,1,244,128,151,150
test3,365,12.33374278215223,0.2391304347826087,0.24037595892905297,0.23975319685583085,1,1,244,145,151,150
test3,366,12.367533858267716,0.2826086956521739,0.26168128344313607,0.272144989547655,1,1,244,145,151,150
test3,367,12.4013249343832,0.24128303320511527,0.2508465579913486,0.2460647955982319,1,1,244,145,151,150
test3,368,12.435116010498687,0.26062334962936257,0.24002387863049696,0.25032361412992976,1,1,244,145,151,150
test3,369,12.468907086614173,0.2608695652173913,0.26347370913460266,0.262171637175997,1,1,244,145,151,150
test3,370,12.502698162729658,0.21718612469113546,0.22086306010643642,0.21902459239878594,1,1,244,145,151,150
test3,371,12.536489238845144,0.30434782608695654,0.26347370913460266,0.2839107676107796,1,1,244,145,151,150
test3,372,12.570280314960629,0.21718612469113546,0.2043344827690734,0.21076030373010443,1,1,244,145,151,150
test3,373,12.604071391076115,0.21718612469113546,0.18685233081115654,0.202019227751146,1,1,244,145,151,150
test3,374,12.637862467191601,0.21739130434782608,0.24216838462051954,0.22977984448417282,1,1,244,145,151,150
test3,375,12.671653543307086,0.2823419620984761,0.271373276277792,0.27685761918813406,1,1,244,145,151,150
test3,376,12.705444619422572,0.26989781117167055,0.27161607859389997,0.27075694488278523,1,1,244,145,151,150
test3,377,12.739235695538056,0.2289679946449968,0.209669481956519,0.21931873830075788,1,1,244,145,151,150
test3,378,12.773026771653543,0.20833333333333334,0.18140083569370197,0.19486708451351764,1,1,244,145,151,150
test3,379,12.806817847769029,0.2608695652173913,0.209669481956519,0.23526952358695513,1,1,244,145,151,150
test3,380,12.840608923884513,0.24146215390798464,0.23009333841364296,0.23577774616081382,1,1,244,145,151,150
test3,381,12.8744,0.26062334962936257,0.23009333841364296,0.24535834402150275,1,1,244,145,151,150
test3,382,12.908191076115484,0.2624208410328536,0.2604624551292768,0.2614416480810652,1,1,244,145,151,150
test3,383,12.94198215223097,0.24978326688545105,0.209669481956519,0.22972637442098504,1,1,244,145,151,150
test3,384,12.975773228346457,0.22727272727272727,0.21657404812639125,0.22192338769955927,1,1,244,145,151,150
test3,385,13.009564304461941,0.2823419620984761,0.24037595892905297,0.26135896051376456,1,1,244,145,151,150
test3,386,13.043355380577427,0.27620403862900883,0.23009333841364296,0.2531486885213259,1,1,244,145,151,150
test3,387,13.077146456692912,0.2608695652173913,0.24037595892905297,0.25062276207322215,1,1,244,145,151,150
test3,388,13.110937532808398,0.2102138408252295,0.2102138408252295,0.2102138408252295,1,1,244,145,151,150
test3,389,13.144728608923884,0.2407022285637401,0.1889081118663905,0.2148051702150653,1,1,244,145,151,150
test3,390,13.178519685039369,0.26421833243634474,0.22837507099141355,0.24629670171387913,1,1,244,145,151,150
test3,391,13.212310761154855,0.24978326688545105,0.20133714148431417,0.2255602041848826,1,1,244,145,151,150
test3,392,13.246101837270341,0.2624208410328536,0.25085470850377145,0.2566377747683125,1,1,244,145,151,150
test3,393,13.279892913385826,0.29545454545454547,0.24105530390349109,0.2682549246790183,1,1,244,145,151,150
test3,394,13.313683989501312,0.20454545454545456,0.1785915309223432,0.19156849273389887,1,1,244,145,151,150
test3,395,13.347475065616797,0.2727272727272727,0.26168128344313607,0.2672042780852044,1,1,244,145,151,150
test3,396,13.381266141732283,0.22727272727272727,0.22703831418785933,0.2271555207302933,1,1,244,145,151,150
test3,397,13.41505721784777,0.21428571428571427,0.17374889975290836,0.1940173070193113,1,1,244,145,151,150
test3,398,13.448848293963254,0.21404317196315473,0.18722058556699603,0.20063187876507538,1,1,244,145,151,150
test3,399,13.48263937007874,0.20454545454545456,0.17374889975290836,0.18914717714918144,1,1,244,145,151,150
test3,400,13.516430446194224,0.22703831418785933,0.2037054369317642,0.21537187555981177,1,1,244,145,151,150
test3,401,13.55022152230971,0.11211750879203475,0.08687444987645418,0.09949597933424446,1,1,244,145,151,150
test3,402,13.584012598425197,0.09587889832410917,0.08333333333333333,0.08960611582872124,1,1,244,145,151,150
test3,403,13.617803674540681,0.20029176017662279,0.21871855411641383,0.2095051571465183,1,1,244,145,151,150
test3,404,13.651594750656168,0.10070743632701527,0.043478260869565216,0.07209284859829024,1,1,244,145,151,150
test3,405,13.685385826771652,0.09587889832410917,0.08687444987645418,0.09137667410028168,1,1,244,145,151,150
test3,406,13.719176902887138,0.07627485450233541,0.07704923834119524,0.07666204642176533,1,1,244,145,151,150
test3,407,13.752967979002625,0.09587889832410917,0.13043478260869565,0.11315684046640241,1,1,244,145,151,150
test3,408,13.78675905511811,0.12994442887583477,0.10869565217391304,0.11932004052487391,1,1,244,145,151,150
test3,409,13.820550131233595,0.12994442887583477,0.08695652173913043,0.1084504753074826,1,1,244,145,151,150
test3,410,13.85434120734908,0.1394766078968045,0.10869565217391304,0.12408613003535876,1,1,244,145,151,150
test3,411,13.888132283464566,0.10540925691352176,0.0681114942563578,0.08676037558493979,1,1,244,145,151,150
test3,412,13.921923359580052,0.11851283576097187,0.10416666666666667,0.11133975121381927,1,1,244,145,151,150
test3,413,13.955714435695537,0.10599979412048988,0.06521739130434782,0.08560859271241886,1,1,244,145,151,150
test3,414,13.989505511811023,0.11316968718431346,0.08333333333333333,0.0982515102588234,1,1,244,145,151,150
test3,415,14.023296587926508,0.10122204690076758,0.08695652173913043,0.09408928431994901,1,1,244,145,151,150
test3,416,14.057087664041994,0.06704015405429378,0.045454545454545456,0.05624734975441962,1,1,244,145,151,150
test3,417,14.09087874015748,0.09617497398504882,0.09090909090909091,0.09354203244706986,1,1,244,145,151,150
test3,418,14.124669816272965,0.0700848349009528,0.06521739130434782,0.06765111310265032,1,1,244,145,151,150
test3,419,14.158460892388451,0.08651997408739183,0.09523809523809523,0.09087903466274352,1,1,244,145,151,150
test3,420,14.192251968503935,0.09428090418229809,0.09090909090909091,0.0925949975456945,1,1,244,145,151,150
test3,421,14.226043044619422,0.09080415065565212,0.09627427296205,0.09353921180885105,1,1,244,145,151,150
test3,422,14.259834120734908,0.16591591924206683,0.1338361212611483,0.14987602025160757,1,1,244,145,151,150
test3,423,14.293625196850392,0.14269544797543648,0.1362229885127156,0.13945921824407603,1,1,244,145,151,150
test3,424,14.327416272965879,0.13031167481468128,0.13031167481468128,0.13031167481468128,1,1,244,145,151,150
test3,425,14.361207349081365,0.08651997408739183,0.08695652173913043,0.08673824791326112,1,1,244,145,151,150
test3,426,14.39499842519685,0.08681309346661437,0.08695652173913043,0.0868848076028724,1,1,244,145,151,150
test3,427,14.428789501312336,0.10635890881253694,0.09090909090909091,0.09863399986081392,1,1,244,145,151,150
test3,428,14.46258057742782,0.12218581903660021,0.08825141688187917,0.10521861795923969,1,1,244,145,151,150
test3,429,14.496371653543306,0.18442561845864175,0.12489163344272552,0.15465862595068364,1,1,244,145,151,150
test3,430,14.530162729658793,0.09617497398504882,0.13043478260869565,0.11330487829687223,1,1,244,145,151,150
test3,431,14.563953805774277,0.17374889975290836,0.12489163344272552,0.14932026659781694,1,1,244,145,151,150
test3,432,14.597744881889763,0.1168426704599418,0.08695652173913043,0.10189959609953611,1,1,244,145,151,150
test3,433,14.631535958005248,0.13990731402287063,0.13043478260869565,0.13517104831578314,1,1,244,145,151,150
test3,434,14.665327034120734,0.13345894268467748,0.08333333333333333,0.10839613800900541,1,1,244,145,151,150
test3,435,14.69911811023622,0.1362229885127156,0.08695652173913043,0.11158975512592302,1,1,244,145,151,150
test3,436,14.732909186351705,0.18442561845864175,0.13031167481468128,0.1573686466366615,1,1,244,145,151,150
test3,437,14.766700262467191,0.09587889832410917,0.10899018110455676,0.10243453971433297,1,1,244,145,151,150
test3,438,14.800491338582676,0.11851283576097187,0.10869565217391304,0.11360424396744245,1,1,244,145,151,150
test3,439,14.834282414698162,0.10122204690076758,0.08695652173913043,0.09408928431994901,1,1,244,145,151,150
test3,440,14.868073490813648,0.13990731402287063,0.12489163344272552,0.1323994737327981,1,1,244,145,151,150
test3,441,14.901864566929133,0.18442561845864175,0.13031167481468128,0.1573686466366615,1,1,244,145,151,150
test3,442,14.935655643044619,0.10540925691352176,0.11720348260408471,0.11130636975880323,1,1,244,145,151,150
test3,443,14.969446719160103,0.10040444541512118,0.08333333333333333,0.09186888937422726,1,1,244,145,151,150
test3,444,15.00323779527559,0.09712858914188681,0.08333333333333333,0.09023096123761007,1,1,244,145,151,150
test3,445,15.037028871391076,0.06790181231058807,0.043478260869565216,0.055690036590076646,1,1,244,145,151,150
test3,446,15.07081994750656,0.1362229885127156,0.1283807853857676,0.1323018869492416,1,1,244,145,151,150
test3,447,15.104611023622047,0.09053574974745077,0.08687444987645418,0.08870509981195247,1,1,244,145,151,150
test3,448,15.138402099737531,0.1338361212611483,0.125,0.12941806063057415,1,1,244,145,151,150
test3,449,15.172193175853018,0.09587889832410917,0.10869565217391304,0.1022872752490111,1,1,244,145,151,150
test3,450,15.205984251968504,0.1279530700956892,0.11363636363636363,0.12079471686602641,1,1,244,145,151,150
test3,451,15.239775328083988,0.1279530700956892,0.10859306234556773,0.11827306622062847,1,1,244,145,151,150
test3,452,15.273566404199475,0.09587889832410917,0.08687444987645418,0.09137667410028168,1,1,244,145,151,150
test3,453,15.307357480314959,0.08220020476187653,0.06521739130434782,0.07370879803311217,1,1,244,145,151,150
test3,454,15.341148556430445,0.1362229885127156,0.13031167481468128,0.13326733166369845,1,1,244,145,151,150
test3,455,15.374939632545932,0.09587889832410917,0.1362229885127156,0.11605094341841239,1,1,244,145,151,150
test3,456,15.408730708661416,0.10599979412048988,0.11363636363636363,0.10981807887842676,1,1,244,145,151,150
test3,457,15.442521784776902,0.17374889975290836,0.12489163344272552,0.14932026659781694,1,1,244,145,151,150
test3,458,15.476312860892387,0.16540611255001084,0.12489163344272552,0.1451488729963682,1,1,244,145,151,150
test3,459,15.510103937007873,0.1394766078968045,0.08333333333333333,0.1114049706150689,1,1,244,145,151,150
test3,460,15.54389501312336,0.08220020476187653,0.06521739130434782,0.07370879803311217,1,1,244,145,151,150
test3,461,15.577686089238844,0.08220020476187653,0.043478260869565216,0.06283923281572087,1,1,244,145,151,150
test3,462,15.61147716535433,0.10540925691352176,0.09090909090909091,0.09815917391130634,1,1,244,145,151,150
test3,463,15.645268241469816,0.06369297319673779,0.06515583740734064,0.06442440530203922,1,1,244,145,151,150
test3,464,15.6790593175853,0.11636960931500302,0.10869565217391304,0.11253263074445803,1,1,244,145,151,150
test3,465,15.712850393700787,0.08603796122813624,0.08695652173913043,0.08649724148363333,1,1,244,145,151,150
test3,466,15.746641469816272,0.08262024419568464,0.08695652173913043,0.08478838296740754,1,1,244,145,151,150
test3,467,15.780432545931758,0.08603796122813624,0.043478260869565216,0.06475811104885074,1,1,244,145,151,150
test3,468,15.814223622047244,0.06324555254108095,0.043478260869565216,0.053361906705323085,1,1,244,145,151,150
test3,469,15.848014698162729,0.1394766078968045,0.08695652173913043,0.11321656481796746,1,1,244,145,151,150
test3,470,15.881805774278215,0.06704015405429378,0.04540766283757187,0.05622390844593282,1,1,244,145,151,150
test3,471,15.9155968503937,0.15555473373026182,0.16652217792363402,0.16103845582694792,1,1,244,145,151,150
test3,472,15.949387926509186,0.17374889975290836,0.12489163344272552,0.14932026659781694,1,1,244,145,151,150
test3,473,15.983179002624672,0.09081532567514373,0.08687444987645418,0.08884488777579896,1,1,244,145,151,150
test3,474,16.016970078740158,0.10917294786209655,0.093169500430425,0.10117122414626079,1,1,244,145,151,150
test3,475,16.050761154855643,0.18163065135028747,0.1338361212611483,0.15773338630571787,1,1,244,145,151,150
test3,476,16.084552230971127,0.10122204690076758,0.08333333333333333,0.09227769011705045,1,1,244,145,151,150
test3,477,16.118343307086615,0.14907120034584243,0.08695652173913043,0.11801386104248643,1,1,244,145,151,150
test3,478,16.1521343832021,0.1168426704599418,0.11382756544196088,0.11533511795095133,1,1,244,145,151,150
test3,479,16.185925459317584,0.07287258517957479,0.08695652173913043,0.07991455345935261,1,1,244,145,151,150
test3,480,16.21971653543307,0.1241067195925593,0.08695652173913043,0.10553162066584487,1,1,244,145,151,150
test3,481,16.253507611548557,0.09587889832410917,0.05248290300369263,0.0741809006639009,1,1,244,145,151,150
test3,482,16.28729868766404,0.08603796122813624,0.06521739130434782,0.07562767626624203,1,1,244,145,151,150
test3,483,16.321089763779526,0.18442561845864175,0.125,0.15471280922932087,1,1,244,145,151,150
test3,484,16.354880839895014,0.09053574974745077,0.08695652173913043,0.0887461357432906,1,1,244,145,151,150
test3,485,16.388671916010498,0.06324555254108095,0.043478260869565216,0.053361906705323085,1,1,244,145,151,150
test3,486,16.422462992125983,0.07324496088724648,0.06521739130434782,0.06923117609579715,1,1,244,145,151,150
test3,487,16.45625406824147,0.09131493349639319,0.06,0.0756574667481966,1,1,244,145,151,150
test3,488,16.490045144356955,0.17374889975290836,0.125,0.14937444987645418,1,1,244,145,151,150
test3,489,16.52383622047244,0.10599979412048988,0.06818181818181818,0.08709080615115403,1,1,244,145,151,150
test3,490,16.557627296587924,0.1394766078968045,0.08326108896181701,0.11136884842931075,1,1,244,145,151,150
test3,491,16.591418372703412,0.12235772139032051,0.08687444987645418,0.10461608563338734,1,1,244,145,151,150
test3,492,16.625209448818897,0.09174223971359192,0.10407636120227128,0.0979093004579316,1,1,244,145,151,150
test3,493,16.65900052493438,0.11691415833507379,0.08695652173913043,0.10193534003710211,1,1,244,145,151,150
test3,494,16.69279160104987,0.1168426704599418,0.08695652173913043,0.10189959609953611,1,1,244,145,151,150
test3,495,16.726582677165354,0.13990731402287063,0.0881749088641025,0.11404111144348655,1,1,244,145,151,150
test3,496,16.760373753280838,0.13876751200897716,0.09200151950917049,0.11538451575907382,1,1,244,145,151,150
test3,497,16.794164829396326,0.12994442887583477,0.1,0.11497221443791739,1,1,244,145,151,150
test3,498,16.82795590551181,0.09053574974745077,0.09627427296205,0.09340501135475038,1,1,244,145,151,150
test3,499,16.861746981627295,0.1394766078968045,0.08695652173913043,0.11321656481796746,1,1,244,145,151,150
test3,500,16.89553805774278,0.1362229885127156,0.12489163344272552,0.13055731097772055,1,1,244,145,151,150
test3,501,16.929329133858268,0.09174223971359192,0.08333333333333333,0.08753778652346263,1,1,244,145,151,150
test3,502,16.963120209973752,0.11316968718431346,0.08695652173913043,0.10006310446172195,1,1,244,145,151,150
test3,503,16.996911286089237,0.08220020476187653,0.0775957622311332,0.07989798349650487,1,1,244,145,151,150
test3,504,17.030702362204725,0.10070743632701527,0.07751572859834517,0.08911158246268022,1,1,244,145,151,150
test3,505,17.06449343832021,0.13580362462117615,0.13580362462117615,0.13580362462117615,1,1,244,145,151,150
test3,506,17.098284514435694,0.22858057615762525,0.18664422504079642,0.20761240059921082,1,1,244,145,151,150
test3,507,17.13207559055118,0.2530877597803469,0.2037054369317642,0.22839659835605558,1,1,244,145,151,150
test3,508,17.165866666666666,0.25085470850377145,0.22086306010643642,0.23585888430510393,1,1,244,145,151,150
test3,509,17.19965774278215,0.2607250159518193,0.2037054369317642,0.23221522644179177,1,1,244,145,151,150
test3,510,17.23344881889764,0.2724459770254312,0.22633937436862692,0.24939267569702905,1,1,244,145,151,150
test3,511,17.267239895013123,0.25988885775166953,0.25121451359448793,0.25555168567307873,1,1,244,145,151,150
test3,512,17.301030971128608,0.2519902682647042,0.2193258776302052,0.23565807294745472,1,1,244,145,151,150
test3,513,17.334822047244092,0.2838854563241673,0.2382314529390304,0.2610584546315988,1,1,244,128,151,150
test3,514,17.36861312335958,0.25988885775166953,0.24037595892905297,0.25013240834036127,1,1,244,128,151,150
test3,515,17.402404199475065,0.2916666666666667,0.27161607859389997,0.2816413726302833,1,1,244,128,151,150
test3,516,17.43619527559055,0.2624208410328536,0.24002387863049696,0.2512223598316753,1,1,244,128,151,150
test3,517,17.469986351706037,0.30589277847953467,0.31848366848271875,0.31218822348112674,1,1,244,128,151,150
test3,518,17.50377742782152,0.3056040687932808,0.3040605745675896,0.30483232168043517,1,1,244,128,151,150
test3,519,17.537568503937006,0.294241186679215,0.25988885775166953,0.27706502221544227,1,1,244,128,151,150
test3,520,17.571359580052494,0.30474281170853446,0.28154626256430865,0.2931445371364215,1,1,244,128,151,150
test3,521,17.60515065616798,0.3488499518144798,0.3248610721895869,0.33685551200203334,1,1,244,128,151,150
test3,522,17.638941732283463,0.3178536398630031,0.29611443286507394,0.3069840363640385,1,1,244,128,151,150
test3,523,17.672732808398948,0.32744038623312244,0.3210806630207483,0.32426052462693533,1,1,244,128,151,150
test3,524,17.706523884514436,0.34055747128178904,0.30320366737694776,0.32188056932936837,1,1,244,128,151,150
test3,525,17.74031496062992,0.30589277847953467,0.297722977231715,0.3018078778556248,1,1,244,128,151,150
test3,526,17.774106036745405,0.32577918703670317,0.30320366737694776,0.31449142720682544,1,1,244,128,151,150
test3,527,17.807897112860893,0.3040605745675896,0.30320366737694776,0.30363212097226866,1,1,244,128,151,150
test3,528,17.841688188976377,0.32608695652173914,0.3233479724843059,0.3247174645030225,1,1,244,128,151,150
test3,529,17.87547926509186,0.32713133934536626,0.31848366848271875,0.3228075039140425,1,1,244,128,151,150
test3,530,17.90927034120735,0.34782608695652173,0.32774855817783816,0.3377873225671799,1,1,244,128,151,150
test3,531,17.943061417322834,0.32577918703670317,0.3194671514418757,0.32262316923928946,1,1,244,128,151,150
test3,532,17.97685249343832,0.2841394535019672,0.27348049542821123,0.2788099744650892,1,1,244,128,151,150
test3,533,18.010643569553803,0.3056040687932808,0.2753537416140702,0.2904789052036755,1,1,244,128,151,150
test3,534,18.04443464566929,0.3178536398630031,0.2716072492423523,0.2947304445526777,1,1,244,128,151,150
test3,535,18.078225721784776,0.2841394535019672,0.27348049542821123,0.2788099744650892,1,1,244,128,151,150
test3,536,18.11201679790026,0.3194671514418757,0.3178536398630031,0.3186603956524394,1,1,244,128,151,150
test3,537,18.14580787401575,0.2716072492423523,0.2624208410328536,0.26701404513760296,1,1,244,128,151,150
test3,538,18.179598950131233,0.2724459770254312,0.2724459770254312,0.2724459770254312,1,1,244,128,151,150
test3,539,18.213390026246717,0.2823419620984761,0.2951498084442171,0.2887458852713466,1,1,244,128,151,150
test3,540,18.247181102362205,0.34091819994992184,0.3194671514418757,0.3301926756958988,1,1,244,128,151,150
test3,541,18.28097217847769,0.3178536398630031,0.31848366848271875,0.3181686541728609,1,1,244,128,151,150
test3,542,18.314763254593174,0.32713133934536626,0.3040605745675896,0.3155959569564779,1,1,244,128,151,150
test3,543,18.34855433070866,0.3056040687932808,0.31848366848271875,0.31204386863799977,1,1,244,128,151,150
test3,544,18.382345406824147,0.32732268126239433,0.30474281170853446,0.3160327464854644,1,1,244,128,151,150
test3,545,18.41613648293963,0.3178536398630031,0.27432500782722,0.29608932384511155,1,1,244,128,151,150
test3,546,18.449927559055116,0.3178536398630031,0.2724459770254312,0.2951498084442171,1,1,244,128,151,150
test3,547,18.483718635170604,0.34055747128178904,0.30320366737694776,0.32188056932936837,1,1,244,128,151,150
test3,548,18.51750971128609,0.22928643684591832,0.24105530390349109,0.2351708703747047,1,1,244,128,151,150
test3,549,18.551300787401573,0.18385786226784898,0.17391304347826086,0.1788854528730549,1,1,244,128,151,150
test3,550,18.58509186351706,0.17775970828818474,0.21739130434782608,0.1975755063180054,1,1,244,128,151,150
test3,551,18.618882939632545,0.1925360743488145,0.2095937512137673,0.2010649127812909,1,1,244,128,151,150
test3,552,18.65267401574803,0.2873592064757582,0.27432500782722,0.2808421071514891,1,1,244,128,151,150
test3,553,18.686465091863518,0.28539089595087297,0.2724459770254312,0.27891843648815207,1,1,244,128,151,150
test3,554,18.720256167979002,0.2716072492423523,0.2724459770254312,0.27202661313389176,1,1,244,128,151,150
test3,555,18.754047244094487,0.3194671514418757,0.3194671514418757,0.3194671514418757,1,1,244,128,151,150
test3,556,18.78783832020997,0.3181818181818182,0.3040605745675896,0.3111211963747039,1,1,244,128,151,150
test3,557,18.82162939632546,0.2823419620984761,0.3040605745675896,0.29320126833303284,1,1,244,128,151,150
test3,558,18.855420472440944,0.30320366737694776,0.2997602777685875,0.30148197257276765,1,1,244,128,151,150
test3,559,18.88921154855643,0.21858533651444453,0.22703831418785933,0.22281182535115193,1,1,244,128,151,150
test3,560,18.923002624671916,0.1621105453336672,0.17391304347826086,0.16801179440596403,1,1,244,128,151,150
test3,561,18.9567937007874,0.18107149949490153,0.17642258096426716,0.17874704022958435,1,1,244,128,151,150
test3,562,18.990584776902885,0.22928643684591832,0.21718612469113546,0.2232362807685269,1,1,244,128,151,150
test3,563,19.024375853018373,0.22858057615762525,0.21718612469113546,0.22288335042438034,1,1,244,128,151,150
test3,564,19.058166929133858,0.2753537416140702,0.27348049542821123,0.2744171185211407,1,1,244,128,151,150
test3,565,19.091958005249342,0.27620403862900883,0.25988885775166953,0.2680464481903392,1,1,244,128,151,150
test3,566,19.125749081364827,0.27620403862900883,0.27432500782722,0.27526452322811445,1,1,244,128,151,150
test3,567,19.159540157480315,0.2951498084442171,0.31848366848271875,0.3068167384634679,1,1,244,128,151,150
test3,568,19.1933312335958,0.27348049542821123,0.26062334962936257,0.2670519225287869,1,1,244,128,151,150
test3,569,19.227122309711284,0.27620403862900883,0.27432500782722,0.27526452322811445,1,1,244,128,151,150
test3,570,19.260913385826772,0.26168128344313607,0.24978326688545105,0.25573227516429353,1,1,244,128,151,150
test3,571,19.294704461942256,0.3200922128493598,0.3056040687932808,0.3128481408213203,1,1,244,128,151,150
test3,572,19.32849553805774,0.27432500782722,0.3040605745675896,0.2891927911974048,1,1,244,128,151,150
test3,573,19.36228661417323,0.26421833243634474,0.2823419620984761,0.27328014726741046,1,1,244,128,151,150
test3,574,19.396077690288713,0.3056040687932808,0.3056040687932808,0.3056040687932808,1,1,244,128,151,150
test3,575,19.429868766404198,0.3178536398630031,0.26168128344313607,0.28976746165306955,1,1,244,128,151,150
test3,576,19.463659842519682,0.27620403862900883,0.3194671514418757,0.29783559503544227,1,1,244,128,151,150
test3,577,19.49745091863517,0.31687512411607766,0.2724459770254312,0.29466055057075446,1,1,244,128,151,150
test3,578,19.531241994750655,0.26421833243634474,0.21718612469113546,0.2407022285637401,1,1,244,128,151,150
test3,579,19.56503307086614,0.31687512411607766,0.26062334962936257,0.28874923687272014,1,1,244,128,151,150
test3,580,19.598824146981627,0.2951498084442171,0.2624208410328536,0.27878532473853535,1,1,244,128,151,150
test3,581,19.632615223097112,0.2951498084442171,0.29676332002308975,0.29595656423365346,1,1,244,128,151,150
test3,582,19.666406299212596,0.30474281170853446,0.3200922128493598,0.3124175122789471,1,1,244,128,151,150
test3,583,19.700197375328084,0.33520077592253145,0.3346462207748425,0.33492349834868695,1,1,244,128,151,150
test3,584,19.73398845144357,0.3056040687932808,0.30474281170853446,0.30517344025090765,1,1,244,128,151,150
test3,585,19.767779527559053,0.31848366848271875,0.3194671514418757,0.31897540996229723,1,1,244,128,151,150
test3,586,19.80157060367454,0.30474281170853446,0.33295604527601846,0.3188494284922765,1,1,244,128,151,150
test3,587,19.835361679790026,0.3178536398630031,0.3194671514418757,0.3186603956524394,1,1,244,128,151,150
test3,588,19.86915275590551,0.32713133934536626,0.3040605745675896,0.3155959569564779,1,1,244,128,151,150
test3,589,19.902943832020995,0.3056040687932808,0.2841394535019672,0.294871761147624,1,1,244,128,151,150
test3,590,19.936734908136483,0.2724459770254312,0.2624208410328536,0.2674334090291424,1,1,244,128,151,150
test3,591,19.970525984251967,0.22727272727272727,0.21933669143437756,0.2233047093535524,1,1,244,128,151,150
test3,592,20.004317060367452,0.2826086956521739,0.26168128344313607,0.272144989547655,1,1,244,128,151,150
test3,593,20.03810813648294,0.2608695652173913,0.24037595892905297,0.25062276207322215,1,1,244,128,151,150
test3,594,20.071899212598424,0.22703831418785933,0.22703831418785933,0.22703831418785933,1,1,244,128,151,150
test3,595,20.10569028871391,0.25188097086819733,0.2497421456066453,0.2508115582374213,1,1,244,128,151,150
test3,596,20.139481364829397,0.2724459770254312,0.24105530390349109,0.25675064046446117,1,1,244,128,151,150
test3,597,20.17327244094488,0.2608695652173913,0.238904737160249,0.24988715118882016,1,1,244,128,151,150
test3,598,20.207063517060366,0.2626687547434931,0.28487783258736193,0.2737732936654275,1,1,244,128,151,150
test3,599,20.24085459317585,0.29545454545454547,0.28333868825577524,0.2893966168551604,1,1,244,128,151,150
test3,600,20.27464566929134,0.3178536398630031,0.28154626256430865,0.2996999512136559,1,1,244,128,151,150
test3,601,20.308436745406823,0.3181818181818182,0.28308540689589534,0.3006336125388568,1,1,244,128,151,150
test3,602,20.342227821522307,0.2608695652173913,0.28154626256430865,0.27120791389084997,1,1,244,128,151,150
test3,603,20.376018897637795,0.2497421456066453,0.22727272727272727,0.23850743643968628,1,1,244,128,151,150
test3,604,20.40980997375328,0.2724459770254312,0.28154626256430865,0.27699611979486993,1,1,244,128,151,150
test3,605,20.443601049868764,0.3178536398630031,0.3200922128493598,0.31897292635618146,1,1,244,128,151,150
test3,606,20.477392125984252,0.2857142857142857,0.2624208410328536,0.27406756337356963,1,1,244,128,151,150
test3,607,20.511183202099737,0.30434782608695654,0.3062819560401212,0.3053148910635389,1,1,244,128,151,150
test3,608,20.54497427821522,0.29545454545454547,0.30714756301897195,0.3013010542367587,1,1,244,128,151,150
test3,609,20.578765354330706,0.3333333333333333,0.31848366848271875,0.32590850090802603,1,1,244,128,151,150
test3,610,20.612556430446194,0.3181818181818182,0.28154626256430865,0.2998640403730634,1,1,244,128,151,150
test3,611,20.64634750656168,0.2826086956521739,0.3062819560401212,0.2944453258461476,1,1,244,128,151,150
test3,612,20.680138582677163,0.3181818181818182,0.28154626256430865,0.2998640403730634,1,1,244,128,151,150
test3,613,20.71392965879265,0.2724459770254312,0.2724459770254312,0.2724459770254312,1,1,244,128,151,150
test3,614,20.747720734908135,0.26062334962936257,0.2820189866282305,0.27132116812879653,1,1,244,128,151,150
test3,615,20.78151181102362,0.2724459770254312,0.2716072492423523,0.27202661313389176,1,1,244,128,151,150
test3,616,20.815302887139108,0.2724459770254312,0.27432500782722,0.2733854924263256,1,1,244,128,151,150
test3,617,20.849093963254592,0.2951498084442171,0.2970288392460059,0.29608932384511155,1,1,244,128,151,150
test3,618,20.882885039370077,0.2724459770254312,0.294241186679215,0.2833435818523231,1,1,244,128,151,150
test3,619,20.916676115485565,0.3178536398630031,0.30474281170853446,0.31129822578576877,1,1,244,128,151,150
test3,620,20.95046719160105,0.2951498084442171,0.26062334962936257,0.2778865790367898,1,1,244,128,151,150
test3,621,20.984258267716534,0.29676332002308975,0.27348049542821123,0.2851219077256505,1,1,244,128,151,150
test3,622,21.01804934383202,0.3181818181818182,0.30474281170853446,0.3114623149451763,1,1,244,128,151,150
test3,623,21.051840419947506,0.2608695652173913,0.25988885775166953,0.2603792114845304,1,1,244,128,151,150
test3,624,21.08563149606299,0.2826086956521739,0.2817668849724882,0.28218779031233104,1,1,244,128,151,150
test3,625,21.119422572178475,0.2826086956521739,0.3062819560401212,0.2944453258461476,1,1,244,128,151,150
test3,626,21.153213648293963,0.30434782608695654,0.30320366737694776,0.3037757467319522,1,1,244,128,151,150
test3,627,21.187004724409448,0.2724459770254312,0.27432500782722,0.2733854924263256,1,1,244,128,151,150
test3,628,21.220795800524932,0.2826086956521739,0.28333868825577524,0.2829736919539746,1,1,244,128,151,150
test3,629,21.25458687664042,0.3181818181818182,0.2962093604177549,0.3071955892997865,1,1,244,128,151,150
test3,630,21.288377952755905,0.30434782608695654,0.26168128344313607,0.28301455476504633,1,1,244,128,151,150
test3,631,21.32216902887139,0.30434782608695654,0.28154626256430865,0.29294704432563257,1,1,244,128,151,150
test3,632,21.355960104986874,0.26062334962936257,0.28154626256430865,0.2710848060968356,1,1,244,128,151,150
test3,633,21.389751181102362,0.2724459770254312,0.22703831418785933,0.24974214560664526,1,1,244,128,151,150
test3,634,21.423542257217846,0.238904737160249,0.26062334962936257,0.2497640433948058,1,1,244,128,151,150
test4,0,0.0,0.23488808567540775,0.23488808567540775,0.23488808567540775,1,1,245,162,125,125
test4,1,0.03377140600315956,0.23529411764705882,0.23529411764705882,0.23529411764705882,1,1,245,162,125,125
test4,2,0.06754281200631912,0.23529411764705882,0.25,0.2426470588235294,1,1,245,162,125,125
test4,3,0.10131421800947868,0.23529411764705882,0.25,0.2426470588235294,1,1,245,162,125,125
test4,4,0.13508562401263824,0.23529411764705882,0.25,0.2426470588235294,1,1,245,162,125,125
test4,5,0.1688570300157978,0.23488808567540775,0.23488808567540775,0.23488808567540775,1,1,250,169,104,105
test4,6,0.20262843601895736,0.2218800863672028,0.23488808567540775,0.22838408602130528,1,1,250,169,104,105
test4,7,0.23639984202211692,0.23529411764705882,0.2495131455461622,0.2424036315966105,1,1,245,162,125,125
test4,8,0.2701712480252765,0.29411764705882354,0.3036866815653284,0.29890216431207595,1,1,245,162,125,125
test4,9,0.303942654028436,0.22529441945902848,0.26424909638483374,0.24477175792193112,1,1,250,169,104,105
test4,10,0.3377140600315956,0.26786359905124185,0.26424909638483374,0.26605634771803777,1,1,250,169,104,105
test4,11,0.37148546603475513,0.2807022887394324,0.2773501079590035,0.27902619834921794,1,1,250,169,104,105
test4,12,0.4052568720379147,0.26424909638483374,0.23488808567540775,0.24956859103012075,1,1,250,169,104,105
test4,13,0.43902827804107425,0.28125,0.23488808567540775,0.2580690428377039,1,1,250,169,104,105
test4,14,0.47279968404423384,0.29361010709425966,0.2385025883418159,0.26605634771803777,1,1,250,169,104,105
test4,15,0.5065710900473934,0.29361010709425966,0.23727844532732956,0.2654442762107946,1,1,250,169,104,105
test4,16,0.540342496050553,0.2647058823529412,0.26289280634340145,0.2637993443481713,1,1,250,169,104,105
test4,17,0.5741139020537125,0.2647058823529412,0.2965174204997299,0.28061165142633554,1,1,250,169,104,105
test4,18,0.607885308056872,0.2807022887394324,0.26289280634340145,0.27179754754141694,1,1,250,169,104,105
test4,19,0.6416567140600317,0.23529411764705882,0.26289280634340145,0.24909346199523014,1,1,245,162,125,125
test4,20,0.6754281200631912,0.2647058823529412,0.26786359905124185,0.2662847407020915,1,1,250,169,104,105
test4,21,0.7091995260663507,0.23529411764705882,0.29361010709425966,0.26445211237065924,1,1,250,169,104,105
test4,22,0.7429709320695103,0.25,0.31189143193270275,0.2809457159663514,1,1,245,162,125,125
test4,23,0.7767423380726699,0.23529411764705882,0.25335270142353766,0.24432340953529824,1,1,245,162,125,125
test4,24,0.8105137440758294,0.2647058823529412,0.23488808567540775,0.24979698401417447,1,1,245,162,125,125
test4,25,0.844285150078989,0.32297111780368565,0.3547621255685431,0.33886662168611437,1,1,245,162,125,125
test4,26,0.8780565560821485,0.25,0.29361010709425966,0.2718050535471298,1,1,245,162,125,125
test4,27,0.911827962085308,0.20552707496598177,0.17616606425655582,0.19084656961126878,1,1,245,162,125,125
test4,28,0.9455993680884677,0.19257117807865143,0.17616606425655582,0.1843686211676036,1,1,245,162,125,125
test4,29,0.9793707740916272,0.2647058823529412,0.2773501079590035,0.2710279951559723,1,1,245,162,125,125
test4,30,1.0131421800947868,0.25,0.20552707496598177,0.22776353748299089,1,1,245,162,125,125
test4,31,1.0469135860979464,0.20588235294117646,0.23488808567540775,0.2203852193082921,1,1,245,162,125,125
test4,32,1.080684992101106,0.29411764705882354,0.2773501079590035,0.28573387750891355,1,1,245,162,125,125
test4,33,1.1144563981042654,0.23529411764705882,0.26424909638483374,0.24977160701594628,1,1,245,162,125,125
test4,34,1.148227804107425,0.2647058823529412,0.23488808567540775,0.24979698401417447,1,1,245,162,125,125
test4,35,1.1819992101105845,0.23529411764705882,0.23488808567540775,0.2350911016612333,1,1,245,162,125,125
test4,36,1.215770616113744,0.23529411764705882,0.23488808567540775,0.2350911016612333,1,1,245,162,125,125
test4,37,1.2495420221169036,0.23529411764705882,0.24253561917473287,0.23891486841089585,1,1,245,162,125,125
test4,38,1.2833134281200633,0.23488808567540775,0.23488808567540775,0.23488808567540775,1,1,245,162,125,125
test4,39,1.3170848341232229,0.23529411764705882,0.26424909638483374,0.24977160701594628,1,1,245,162,125,125
test4,40,1.3508562401263824,0.2647058823529412,0.26424909638483374,0.2644774893688875,1,1,245,162,125,125
test4,41,1.384627646129542,0.26424909638483374,0.23488808567540775,0.24956859103012075,1,1,245,162,125,125
test4,42,1.4183990521327015,0.25719225730091316,0.2385025883418159,0.24784742282136452,1,1,245,162,125,125
test4,43,1.452170458135861,0.29361010709425966,0.23488808567540775,0.26424909638483374,1,1,245,162,125,125
test4,44,1.4859418641390205,0.29361010709425966,0.23488808567540775,0.26424909638483374,1,1,245,162,125,125
test4,45,1.51971327014218,0.2495131455461622,0.23488808567540775,0.242200615610785,1,1,245,162,125,125
test4,46,1.5534846761453398,0.29361010709425966,0.23488808567540775,0.26424909638483374,1,1,245,162,125,125
test4,47,1.5872560821484993,0.23529411764705882,0.23891486841089585,0.23710449302897735,1,1,245,162,125,125
test4,48,1.6210274881516589,0.26424909638483374,0.23488808567540775,0.24956859103012075,1,1,245,162,125,125
test4,49,1.6547988941548184,0.23488808567540775,0.2523614048255262,0.24362474525046698,1,1,245,162,125,125
test4,50,1.688570300157978,0.23529411764705882,0.23488808567540775,0.2350911016612333,1,1,245,162,125,125
test4,51,1.7223417061611375,0.23529411764705882,0.23488808567540775,0.2350911016612333,1,1,245,162,125,125
test4,52,1.756113112164297,0.29361010709425966,0.23488808567540775,0.26424909638483374,1,1,245,162,125,125
test4,53,1.7898845181674565,0.29411764705882354,0.23488808567540775,0.2645028663671156,1,1,245,162,125,125
test4,54,1.823655924170616,0.2385025883418159,0.23529411764705882,0.23689835299443734,1,1,245,162,125,125
test4,55,1.8574273301737758,0.2707709124567121,0.2576940953731537,0.2642325039149329,1,1,245,162,125,125
test4,56,1.8911987361769353,0.2671564097903039,0.23529411764705882,0.25122526371868137,1,1,245,162,125,125
test4,57,1.9249701421800949,0.2707709124567121,0.23529411764705882,0.25303251505188545,1,1,245,162,125,125
test4,58,1.9587415481832544,0.26424909638483374,0.23488808567540775,0.24956859103012075,1,1,245,162,125,125
test4,59,1.992512954186414,0.2807022887394324,0.23891486841089585,0.25980857857516415,1,1,245,162,125,125
test4,60,2.0262843601895737,0.29361010709425966,0.23529411764705882,0.26445211237065924,1,1,245,162,125,125
test4,61,2.060055766192733,0.23488808567540775,0.17647058823529413,0.20567933695535096,1,1,245,162,125,125
test4,62,2.0938271721958928,0.31189143193270275,0.23529411764705882,0.27359277478988075,1,1,245,162,125,125
test4,63,2.127598578199052,0.23488808567540775,0.17541161221599927,0.2051498489457035,1,1,245,162,125,125
test4,64,2.161369984202212,0.20552707496598177,0.1812434617210837,0.19338526834353273,1,1,245,162,125,125
test4,65,2.195141390205371,0.2495131455461622,0.1875,0.2185065727730811,1,1,245,162,125,125
test4,66,2.228912796208531,0.2495131455461622,0.17647058823529413,0.21299186689072816,1,1,245,162,125,125
test4,67,2.2626842022116906,0.2183240023528919,0.17647058823529413,0.197397295294093,1,1,245,162,125,125
test4,68,2.29645560821485,0.2495131455461622,0.23529411764705882,0.2424036315966105,1,1,245,162,125,125
test4,69,2.3302270142180097,0.23488808567540775,0.26424909638483374,0.24956859103012075,1,1,245,162,125,125
test4,70,2.363998420221169,0.23488808567540775,0.23891486841089585,0.2369014770431518,1,1,245,162,125,125
test4,71,2.3977698262243288,0.23488808567540775,0.2222222222222222,0.22855515394881498,1,1,245,162,125,125
test4,72,2.431541232227488,0.23488808567540775,0.23891486841089585,0.2369014770431518,1,1,245,162,125,125
test4,73,2.465312638230648,0.23488808567540775,0.23488808567540775,0.23488808567540775,1,1,245,162,125,125
test4,74,2.499084044233807,0.23488808567540775,0.22564182016584608,0.23026495292062693,1,1,245,162,125,125
test4,75,2.532855450236967,0.24211709100822407,0.26424909638483374,0.2531830936965289,1,1,250,169,104,105
test4,76,2.5666268562401267,0.29411764705882354,0.26424909638483374,0.2791833717218286,1,1,245,162,125,125
test4,77,2.600398262243286,0.23488808567540775,0.2218800863672028,0.22838408602130528,1,1,250,169,104,105
test4,78,2.6341696682464457,0.2218800863672028,0.23488808567540775,0.22838408602130528,1,1,250,169,104,105
test4,79,2.667941074249605,0.23488808567540775,0.23488808567540775,0.23488808567540775,1,1,250,169,104,105
test4,80,2.701712480252765,0.23891486841089585,0.22529441945902848,0.23210464393496216,1,1,250,169,104,105
test4,81,2.735483886255924,0.24211709100822407,0.2218800863672028,0.23199858868771345,1,1,250,169,104,105
test4,82,2.769255292259084,0.2495131455461622,0.23488808567540775,0.242200615610785,1,1,250,169,104,105
test4,83,2.803026698262243,0.2647058823529412,0.23488808567540775,0.24979698401417447,1,1,250,169,104,105
test4,84,2.836798104265403,0.2385025883418159,0.23488808567540775,0.23669533700861184,1,1,250,169,104,105
test4,85,2.8705695102685627,0.2777777777777778,0.23488808567540775,0.25633293172659277,1,1,250,169,104,105
test4,86,2.904340916271722,0.29411764705882354,0.2218800863672028,0.2579988667130132,1,1,250,169,104,105
test4,87,2.9381123222748817,0.2647058823529412,0.23488808567540775,0.24979698401417447,1,1,250,169,104,105
test4,88,2.971883728278041,0.23529411764705882,0.2218800863672028,0.2285871020071308,1,1,250,169,104,105
test4,89,3.005655134281201,0.2647058823529412,0.23529411764705882,0.25,1,1,250,169,104,105
test4,90,3.03942654028436,0.23529411764705882,0.20237175623575845,0.21883293694140865,1,1,250,169,104,105
test4,91,3.07319794628752,0.16666666666666666,0.16666666666666666,0.16666666666666666,1,1,250,169,104,105
test4,92,3.1069693522906796,0.11764705882352941,0.1111111111111111,0.11437908496732026,1,1,250,169,104,105
test4,93,3.140740758293839,0.11766855584250556,0.1111111111111111,0.11438983347680834,1,1,250,169,104,105
test4,94,3.1745121642969987,0.14544633362028334,0.1388888888888889,0.1421676112545861,1,1,250,169,104,105
test4,95,3.208283570300158,0.11764705882352941,0.1111111111111111,0.11437908496732026,1,1,250,169,104,105
test4,96,3.2420549763033177,0.14544633362028334,0.15789473684210525,0.15167053523119428,1,1,250,169,104,105
test4,97,3.275826382306477,0.14680505354712983,0.14972317651487516,0.1482641150310025,1,1,250,169,104,105
test4,98,3.309597788309637,0.14705882352941177,0.17117438051435682,0.1591166020218843,1,1,250,169,104,105
test4,99,3.343369194312796,0.12459023559794706,0.14339660273657906,0.13399341916726307,1,1,250,169,104,105
test4,100,3.377140600315956,0.16666666666666666,0.15767649164031813,0.1621715791534924,1,1,250,169,104,105
test4,101,3.4109120063191156,0.14705882352941177,0.1664100647754021,0.15673444415240695,1,1,250,169,104,105
test4,102,3.444683412322275,0.14680505354712983,0.1499540474679735,0.14837955050755167,1,1,250,169,104,105
test4,103,3.4784548183254347,0.14705882352941177,0.16666666666666666,0.1568627450980392,1,1,250,169,104,105
test4,104,3.512226224328594,0.125,0.12437523821716176,0.12468761910858088,1,1,250,169,104,105
test4,105,3.5459976303317537,0.12459023559794706,0.14317582769980033,0.1338830316488737,1,1,250,169,104,105
test4,106,3.579769036334913,0.14680505354712983,0.13867505397950175,0.14274005376331578,1,1,250,169,104,105
test4,107,3.613540442338073,0.11744404283770388,0.17541161221599927,0.14642782752685157,1,1,250,169,104,105
test4,108,3.647311848341232,0.11744404283770388,0.11748739199867622,0.11746571741819005,1,1,250,169,104,105
test4,109,3.681083254344392,0.14680505354712983,0.14705882352941177,0.1469319385382708,1,1,250,169,104,105
test4,110,3.7148546603475516,0.14680505354712983,0.14705882352941177,0.1469319385382708,1,1,250,169,104,105
test4,111,3.748626066350711,0.1610070183424676,0.14339660273657906,0.15220181053952334,1,1,250,169,104,105
test4,112,3.7823974723538707,0.14680505354712983,0.14705882352941177,0.1469319385382708,1,1,250,169,104,105
test4,113,3.81616887835703,0.11764705882352941,0.14680505354712983,0.13222605618532962,1,1,250,169,104,105
test4,114,3.8499402843601898,0.14680505354712983,0.1499540474679735,0.14837955050755167,1,1,250,169,104,105
test4,115,3.883711690363349,0.11764705882352941,0.14339660273657906,0.13052183078005425,1,1,250,169,104,105
test4,116,3.917483096366509,0.1247565727730811,0.11748739199867622,0.12112198238587865,1,1,250,169,104,105
test4,117,3.9512545023696686,0.14680505354712983,0.1388888888888889,0.14284697121800938,1,1,250,169,104,105
test4,118,3.985025908372828,0.11744404283770388,0.12403474081375104,0.12073939182572746,1,1,250,169,104,105
test4,119,4.018797314375988,0.11744404283770388,0.14680505354712983,0.13212454819241687,1,1,250,169,104,105
test4,120,4.052568720379147,0.12437523821716176,0.1499540474679735,0.13716464284256763,1,1,250,169,104,105
test4,121,4.086340126382306,0.11744404283770388,0.1388888888888889,0.12816646586329639,1,1,250,169,104,105
test4,122,4.120111532385466,0.12437523821716176,0.11744404283770388,0.12090964052743282,1,1,250,169,104,105
test4,123,4.153882938388626,0.14680505354712983,0.14680505354712983,0.14680505354712983,1,1,245,162,125,125
test4,124,4.1876543443917855,0.11744404283770388,0.11748739199867622,0.11746571741819005,1,1,250,169,104,105
test4,125,4.221425750394945,0.15594571596635137,0.14544633362028334,0.15069602479331734,1,1,250,169,104,105
test4,126,4.255197156398104,0.17616606425655582,0.1377912634297421,0.15697866384314896,1,1,245,162,125,125
test4,127,4.288968562401264,0.15594571596635137,0.11766855584250556,0.13680713590442847,1,1,250,169,104,105
test4,128,4.322739968404424,0.11764705882352941,0.12422600057390001,0.12093652969871471,1,1,250,169,104,105
test4,129,4.356511374407583,0.11764705882352941,0.1111111111111111,0.11437908496732026,1,1,250,169,104,105
test4,130,4.390282780410742,0.14680505354712983,0.11766855584250556,0.1322368046948177,1,1,250,169,104,105
test4,131,4.424054186413902,0.11744404283770388,0.11766855584250556,0.11755629934010473,1,1,250,169,104,105
test4,132,4.457825592417062,0.15594571596635137,0.11764705882352941,0.13679638739494038,1,1,250,169,104,105
test4,133,4.4915969984202215,0.14680505354712983,0.1111111111111111,0.12895808232912048,1,1,250,169,104,105
test4,134,4.525368404423381,0.14680505354712983,0.11764705882352941,0.13222605618532962,1,1,250,169,104,105
test4,135,4.55913981042654,0.11744404283770388,0.12422600057390001,0.12083502170580195,1,1,250,169,104,105
test4,136,4.5929112164297,0.15625,0.12422600057390001,0.14023800028695,1,1,250,169,104,105
test4,137,4.62668262243286,0.11764705882352941,0.12422600057390001,0.12093652969871471,1,1,250,169,104,105
test4,138,4.660454028436019,0.14705882352941177,0.1111111111111111,0.12908496732026142,1,1,250,169,104,105
test4,139,4.694225434439178,0.15625,0.11764705882352941,0.13694852941176472,1,1,250,169,104,105
test4,140,4.727996840442338,0.17647058823529413,0.11764705882352941,0.14705882352941177,1,1,250,169,104,105
test4,141,4.761768246445498,0.11764705882352941,0.12422600057390001,0.12093652969871471,1,1,250,169,104,105
test4,142,4.7955396524486575,0.11744404283770388,0.11766855584250556,0.11755629934010473,1,1,250,169,104,105
test4,143,4.829311058451817,0.14680505354712983,0.11766855584250556,0.1322368046948177,1,1,250,169,104,105
test4,144,4.863082464454976,0.14680505354712983,0.11766855584250556,0.1322368046948177,1,1,250,169,104,105
test4,145,4.896853870458136,0.14680505354712983,0.11764705882352941,0.13222605618532962,1,1,250,169,104,105
test4,146,4.930625276461296,0.1610070183424676,0.11766855584250556,0.1393377870924866,1,1,250,169,104,105
test4,147,4.964396682464455,0.14705882352941177,0.1111111111111111,0.12908496732026142,1,1,250,169,104,105
test4,148,4.998168088467614,0.1540020003038294,0.1111111111111111,0.13255655570747027,1,1,250,169,104,105
test4,149,5.031939494470774,0.11744404283770388,0.1111111111111111,0.11427757697440749,1,1,250,169,104,105
test4,150,5.065710900473934,0.11744404283770388,0.1111111111111111,0.11427757697440749,1,1,250,169,104,105
test4,151,5.0994823064770936,0.14680505354712983,0.11764705882352941,0.13222605618532962,1,1,250,169,104,105
test4,152,5.133253712480253,0.11744404283770388,0.11764705882352941,0.11754555083061664,1,1,250,169,104,105
test4,153,5.167025118483412,0.11744404283770388,0.11766855584250556,0.11755629934010473,1,1,250,169,104,105
test4,154,5.200796524486572,0.12437523821716176,0.1111111111111111,0.11774317466413643,1,1,250,169,104,105
test4,155,5.234567930489732,0.11744404283770388,0.11766855584250556,0.11755629934010473,1,1,250,169,104,105
test4,156,5.268339336492891,0.12437523821716176,0.12422600057390001,0.12430061939553089,1,1,250,169,104,105
test4,157,5.30211074249605,0.12459023559794706,0.12459023559794706,0.12459023559794706,1,1,250,169,104,105
test4,158,5.33588214849921,0.11744404283770388,0.14544633362028334,0.1314451882289936,1,1,250,169,104,105
test4,159,5.36965355450237,0.11748739199867622,0.1388888888888889,0.12818814044378257,1,1,250,169,104,105
test4,160,5.40342496050553,0.11744404283770388,0.08333333333333333,0.1003886880855186,1,1,250,169,104,105
test4,161,5.437196366508689,0.1321193317506201,0.11766855584250556,0.12489394379656282,1,1,250,169,104,105
test4,162,5.470967772511848,0.11744404283770388,0.1111111111111111,0.11427757697440749,1,1,250,169,104,105
test4,163,5.504739178515008,0.11764705882352941,0.1111111111111111,0.11437908496732026,1,1,250,169,104,105
test4,164,5.538510584518168,0.11744404283770388,0.11764705882352941,0.11754555083061664,1,1,250,169,104,105
test4,165,5.572281990521327,0.11744404283770388,0.12422600057390001,0.12083502170580195,1,1,250,169,104,105
test4,166,5.606053396524486,0.11764705882352941,0.12459023559794706,0.12111864721073823,1,1,250,169,104,105
test4,167,5.639824802527646,0.11744404283770388,0.1111111111111111,0.11427757697440749,1,1,250,169,104,105
test4,168,5.673596208530806,0.11764705882352941,0.11766855584250556,0.11765780733301748,1,1,250,169,104,105
test4,169,5.707367614533966,0.11744404283770388,0.11766855584250556,0.11755629934010473,1,1,250,169,104,105
test4,170,5.741139020537125,0.12459023559794706,0.1111111111111111,0.11785067335452909,1,1,250,169,104,105
test4,171,5.774910426540284,0.11764705882352941,0.1111111111111111,0.11437908496732026,1,1,250,169,104,105
test4,172,5.808681832543444,0.12437523821716176,0.11766855584250556,0.12102189702983365,1,1,250,169,104,105
test4,173,5.842453238546604,0.08808303212827791,0.11766855584250556,0.10287579398539173,1,1,250,169,104,105
test4,174,5.8762246445497635,0.11764705882352941,0.1111111111111111,0.11437908496732026,1,1,250,169,104,105
test4,175,5.909996050552923,0.10024476025847241,0.11764705882352941,0.10894590954100092,1,1,250,169,104,105
test4,176,5.943767456556082,0.16362712532281876,0.17616606425655582,0.16989659478968727,1,1,250,169,104,105
test4,177,5.977538862559242,0.14705882352941177,0.1388888888888889,0.14297385620915032,1,1,250,169,104,105
test4,178,6.011310268562402,0.14705882352941177,0.1388888888888889,0.14297385620915032,1,1,250,169,104,105
test4,179,6.045081674565561,0.17647058823529413,0.13867505397950175,0.15757282110739795,1,1,250,169,104,105
test4,180,6.07885308056872,0.13867505397950175,0.1664100647754021,0.15254255937745193,1,1,250,169,104,105
test4,181,6.11262448657188,0.17616606425655582,0.1664100647754021,0.17128806451597894,1,1,250,169,104,105
test4,182,6.14639589257504,0.14705882352941177,0.17616606425655582,0.1616124438929838,1,1,250,169,104,105
test4,183,6.1801672985781995,0.1425195439619347,0.1313970763669318,0.13695831016443324,1,1,250,169,104,105
test4,184,6.213938704581359,0.17616606425655582,0.14972317651487516,0.1629446203857155,1,1,250,169,104,105
test4,185,6.247710110584518,0.19444444444444445,0.18421052631578946,0.18932748538011696,1,1,250,169,104,105
test4,186,6.281481516587678,0.17616606425655582,0.17117438051435682,0.17367022238545632,1,1,250,169,104,105
test4,187,6.315252922590838,0.20588235294117646,0.19444444444444445,0.20016339869281047,1,1,250,169,104,105
test4,188,6.349024328593997,0.19864584929160103,0.2218800863672028,0.2102629678294019,1,1,250,169,104,105
test4,189,6.382795734597156,0.19414507557130245,0.17117438051435682,0.18265972804282965,1,1,250,169,104,105
test4,190,6.416567140600316,0.23684210526315788,0.2631578947368421,0.25,1,1,250,169,104,105
test4,191,6.450338546603476,0.2647058823529412,0.2218800863672028,0.243292984360072,1,1,250,169,104,105
test4,192,6.4841099526066355,0.39582732680651933,0.4175185111257138,0.40667291896611657,1,1,250,169,104,105
test4,193,6.517881358609795,0.39582732680651933,0.4175185111257138,0.40667291896611657,1,1,250,169,104,105
test4,194,6.551652764612954,0.3611111111111111,0.31535298328063627,0.3382320471958737,1,1,250,169,104,105
test4,195,6.585424170616114,0.3157894736842105,0.34163239855402266,0.3287109361191166,1,1,250,169,104,105
test4,196,6.619195576619274,0.3157894736842105,0.31535298328063627,0.31557122848242336,1,1,250,169,104,105
test4,197,6.652966982622433,0.3328201295508042,0.3175279391213863,0.32517403433609526,1,1,250,169,104,105
test4,198,6.686738388625592,0.23488808567540775,0.21376593489395945,0.2243270102846836,1,1,250,169,104,105
test4,199,6.720509794628752,0.26424909638483374,0.25,0.25712454819241687,1,1,250,169,104,105
test4,200,6.754281200631912,0.3513377977549751,0.3682566818695697,0.3597972398122724,1,1,250,169,104,105
test4,201,6.7880526066350715,0.25,0.29361010709425966,0.2718050535471298,1,1,250,169,104,105
test4,202,6.821824012638231,0.21875,0.23891486841089585,0.2288324342054479,1,1,250,169,104,105
test4,203,6.85559541864139,0.23529411764705882,0.2965174204997299,0.26590576907339436,1,1,250,169,104,105
test4,204,6.88936682464455,0.25,0.23488808567540775,0.24244404283770388,1,1,250,169,104,105
test4,205,6.92313823064771,0.2495131455461622,0.23488808567540775,0.242200615610785,1,1,250,169,104,105
test4,206,6.956909636650869,0.25,0.23488808567540775,0.24244404283770388,1,1,250,169,104,105
test4,207,6.990681042654028,0.2183240023528919,0.26424909638483374,0.24128654936886282,1,1,250,169,104,105
test4,208,7.024452448657188,0.2807022887394324,0.23529411764705882,0.2579982031932456,1,1,250,169,104,105
test4,209,7.058223854660348,0.2807022887394324,0.2495131455461622,0.2651077171427973,1,1,250,169,104,105
test4,210,7.0919952606635075,0.28125,0.23529411764705882,0.25827205882352944,1,1,250,169,104,105
test4,211,7.125766666666667,0.2647058823529412,0.29361010709425966,0.2791579947236004,1,1,250,169,104,105
test4,212,7.159538072669826,0.23891486841089585,0.29361010709425966,0.26626248775257777,1,1,250,169,104,105
test4,213,7.193309478672986,0.25384704768657684,0.23488808567540775,0.2443675666809923,1,1,250,169,104,105
test4,214,7.227080884676146,0.25384704768657684,0.26424909638483374,0.2590480720357053,1,1,250,169,104,105
test4,215,7.260852290679305,0.29361010709425966,0.26424909638483374,0.27892960173954673,1,1,250,169,104,105
test4,216,7.294623696682464,0.2807022887394324,0.23488808567540775,0.2577951872074201,1,1,250,169,104,105
test4,217,7.328395102685624,0.26424909638483374,0.23488808567540775,0.24956859103012075,1,1,250,169,104,105
test4,218,7.362166508688784,0.2807022887394324,0.23727844532732956,0.25899036703338096,1,1,250,169,104,105
test4,219,7.3959379146919435,0.23529411764705882,0.23488808567540775,0.2350911016612333,1,1,250,169,104,105
test4,220,7.429709320695103,0.23891486841089585,0.23529411764705882,0.23710449302897735,1,1,250,169,104,105
test4,221,7.463480726698262,0.25,0.23488808567540775,0.24244404283770388,1,1,250,169,104,105
test4,222,7.497252132701422,0.23891486841089585,0.26424909638483374,0.2515819823978648,1,1,250,169,104,105
test4,223,7.531023538704582,0.25,0.23529411764705882,0.2426470588235294,1,1,250,169,104,105
test4,224,7.564794944707741,0.25,0.23529411764705882,0.2426470588235294,1,1,250,169,104,105
test4,225,7.598566350710901,0.2807022887394324,0.2385025883418159,0.25960243854062415,1,1,250,169,104,105
test4,226,7.63233775671406,0.2495131455461622,0.2495131455461622,0.2495131455461622,1,1,250,169,104,105
test4,227,7.66610916271722,0.2807022887394324,0.2385025883418159,0.25960243854062415,1,1,250,169,104,105
test4,228,7.6998805687203795,0.26424909638483374,0.2495131455461622,0.256881120965498,1,1,250,169,104,105
test4,229,7.733651974723539,0.2807022887394324,0.23529411764705882,0.2579982031932456,1,1,250,169,104,105
test4,230,7.767423380726698,0.2843443602323532,0.23529411764705882,0.25981923893970604,1,1,250,169,104,105
test4,231,7.801194786729858,0.2807022887394324,0.23529411764705882,0.2579982031932456,1,1,250,169,104,105
test4,232,7.834966192733018,0.2807022887394324,0.23891486841089585,0.25980857857516415,1,1,250,169,104,105
test4,233,7.868737598736177,0.2807022887394324,0.23488808567540775,0.2577951872074201,1,1,250,169,104,105
test4,234,7.902509004739337,0.2807022887394324,0.2495131455461622,0.2651077171427973,1,1,250,169,104,105
test4,235,7.936280410742496,0.26424909638483374,0.24211709100822407,0.2531830936965289,1,1,250,169,104,105
test4,236,7.970051816745656,0.23529411764705882,0.23529411764705882,0.23529411764705882,1,1,250,169,104,105
test4,237,8.003823222748816,0.2495131455461622,0.23529411764705882,0.2424036315966105,1,1,250,169,104,105
test4,238,8.037594628751975,0.2807022887394324,0.23529411764705882,0.2579982031932456,1,1,250,169,104,105
test4,239,8.071366034755135,0.23529411764705882,0.25,0.2426470588235294,1,1,250,169,104,105
test4,240,8.105137440758295,0.26424909638483374,0.25,0.25712454819241687,1,1,250,169,104,105
test4,241,8.138908846761453,0.23529411764705882,0.26424909638483374,0.24977160701594628,1,1,250,169,104,105
test4,242,8.172680252764613,0.23529411764705882,0.23529411764705882,0.23529411764705882,1,1,250,169,104,105
test4,243,8.206451658767772,0.25,0.23529411764705882,0.2426470588235294,1,1,250,169,104,105
test4,244,8.240223064770932,0.23529411764705882,0.23488808567540775,0.2350911016612333,1,1,250,169,104,105
test4,245,8.273994470774092,0.23529411764705882,0.2218800863672028,0.2285871020071308,1,1,250,169,104,105
test4,246,8.307765876777252,0.2807022887394324,0.23488808567540775,0.2577951872074201,1,1,250,169,104,105
test4,247,8.341537282780411,0.25384704768657684,0.20552707496598177,0.2296870613262793,1,1,250,169,104,105
test4,248,8.375308688783571,0.23529411764705882,0.26424909638483374,0.24977160701594628,1,1,250,169,104,105
test4,249,8.40908009478673,0.25,0.23488808567540775,0.24244404283770388,1,1,250,169,104,105
test4,250,8.44285150078989,0.28125,0.23488808567540775,0.2580690428377039,1,1,250,169,104,105
test4,251,8.476622906793049,0.28509704768657684,0.23488808567540775,0.2599925666809923,1,1,250,169,104,105
test4,252,8.510394312796208,0.3125,0.23488808567540775,0.2736940428377039,1,1,250,169,104,105
test4,253,8.544165718799368,0.2647058823529412,0.23529411764705882,0.25,1,1,250,169,104,105
test4,254,8.577937124802528,0.2647058823529412,0.23488808567540775,0.24979698401417447,1,1,250,169,104,105
test4,255,8.611708530805688,0.2647058823529412,0.23488808567540775,0.24979698401417447,1,1,250,169,104,105
test4,256,8.645479936808847,0.25384704768657684,0.23488808567540775,0.2443675666809923,1,1,250,169,104,105
test4,257,8.679251342812007,0.25,0.23488808567540775,0.24244404283770388,1,1,250,169,104,105
test4,258,8.713022748815167,0.26786359905124185,0.23488808567540775,0.2513758423633248,1,1,250,169,104,105
test4,259,8.746794154818327,0.20588235294117646,0.23529411764705882,0.22058823529411764,1,1,250,169,104,105
test4,260,8.780565560821485,0.26424909638483374,0.22564182016584608,0.24494545827533992,1,1,250,169,104,105
test4,261,8.814336966824644,0.26424909638483374,0.23891486841089585,0.2515819823978648,1,1,250,169,104,105
test4,262,8.848108372827804,0.2647058823529412,0.2218800863672028,0.243292984360072,1,1,250,169,104,105
test4,263,8.881879778830964,0.23529411764705882,0.2222222222222222,0.22875816993464052,1,1,250,169,104,105
test4,264,8.915651184834124,0.23529411764705882,0.24253561917473287,0.23891486841089585,1,1,250,169,104,105
test4,265,8.949422590837283,0.25,0.20588235294117646,0.22794117647058823,1,1,250,169,104,105
test4,266,8.983193996840443,0.2495131455461622,0.23529411764705882,0.2424036315966105,1,1,250,169,104,105
test4,267,9.016965402843603,0.23488808567540775,0.23488808567540775,0.23488808567540775,1,1,250,169,104,105
test4,268,9.050736808846763,0.2495131455461622,0.23529411764705882,0.2424036315966105,1,1,250,169,104,105
test4,269,9.08450821484992,0.23529411764705882,0.23529411764705882,0.23529411764705882,1,1,250,169,104,105
test4,270,9.11827962085308,0.23488808567540775,0.23488808567540775,0.23488808567540775,1,1,250,169,104,105
test4,271,9.15205102685624,0.22529441945902848,0.23529411764705882,0.23029426855304364,1,1,250,169,104,105
test4,272,9.1858224328594,0.23529411764705882,0.23529411764705882,0.23529411764705882,1,1,250,169,104,105
test4,273,9.21959383886256,0.23529411764705882,0.2222222222222222,0.22875816993464052,1,1,250,169,104,105
test4,274,9.25336524486572,0.23529411764705882,0.26424909638483374,0.24977160701594628,1,1,250,169,104,105
test4,275,9.287136650868879,0.17616606425655582,0.17647058823529413,0.17631832624592497,1,1,250,169,104,105
test4,276,9.320908056872039,0.17647058823529413,0.17647058823529413,0.17647058823529413,1,1,250,169,104,105
test4,277,9.354679462875199,0.14705882352941177,0.17647058823529413,0.16176470588235295,1,1,250,169,104,105
test4,278,9.388450868878357,0.17647058823529413,0.18093070150060991,0.178700644867952,1,1,250,169,104,105
test4,279,9.422222274881516,0.23529411764705882,0.23488808567540775,0.2350911016612333,1,1,250,169,104,105
test4,280,9.455993680884676,0.20588235294117646,0.20552707496598177,0.20570471395357912,1,1,250,169,104,105
test4,281,9.489765086887836,0.21875,0.23488808567540775,0.22681904283770388,1,1,250,169,104,105
test4,282,9.523536492890996,0.23529411764705882,0.20588235294117646,0.22058823529411764,1,1,250,169,104,105
test4,283,9.557307898894155,0.23529411764705882,0.20552707496598177,0.2204105963065203,1,1,250,169,104,105
test4,284,9.591079304897315,0.23529411764705882,0.20588235294117646,0.22058823529411764,1,1,250,169,104,105
test4,285,9.624850710900475,0.23529411764705882,0.23488808567540775,0.2350911016612333,1,1,250,169,104,105
test4,286,9.658622116903635,0.2647058823529412,0.23488808567540775,0.24979698401417447,1,1,250,169,104,105
test4,287,9.692393522906793,0.22564182016584608,0.23488808567540775,0.23026495292062693,1,1,250,169,104,105
test4,288,9.726164928909952,0.25384704768657684,0.23488808567540775,0.2443675666809923,1,1,250,169,104,105
test4,289,9.759936334913112,0.2647058823529412,0.23488808567540775,0.24979698401417447,1,1,250,169,104,105
test4,290,9.793707740916272,0.2647058823529412,0.23488808567540775,0.24979698401417447,1,1,250,169,104,105
test4,291,9.827479146919432,0.2222222222222222,0.23488808567540775,0.22855515394881498,1,1,250,169,104,105
test4,292,9.861250552922591,0.2495131455461622,0.23488808567540775,0.242200615610785,1,1,250,169,104,105
test4,293,9.895021958925751,0.25384704768657684,0.23488808567540775,0.2443675666809923,1,1,250,169,104,105
test4,294,9.92879336492891,0.23529411764705882,0.23488808567540775,0.2350911016612333,1,1,250,169,104,105
test4,295,9.96256477093207,0.2495131455461622,0.20588235294117646,0.2276977492436693,1,1,250,169,104,105
test4,296,9.996336176935229,0.25,0.23488808567540775,0.24244404283770388,1,1,250,169,104,105
test4,297,10.030107582938388,0.25,0.23488808567540775,0.24244404283770388,1,1,250,169,104,105
test4,298,10.063878988941548,0.2647058823529412,0.23488808567540775,0.24979698401417447,1,1,250,169,104,105
test4,299,10.097650394944708,0.23529411764705882,0.17616606425655582,0.20573009095180733,1,1,250,169,104,105
test4,300,10.131421800947868,0.23529411764705882,0.23488808567540775,0.2350911016612333,1,1,250,169,104,105
test4,301,10.165193206951027,0.23529411764705882,0.26424909638483374,0.24977160701594628,1,1,250,169,104,105
test4,302,10.198964612954187,0.23529411764705882,0.23488808567540775,0.2350911016612333,1,1,250,169,104,105
test4,303,10.232736018957347,0.23529411764705882,0.17616606425655582,0.20573009095180733,1,1,250,169,104,105
test4,304,10.266507424960507,0.23529411764705882,0.26424909638483374,0.24977160701594628,1,1,250,169,104,105
test4,305,10.300278830963665,0.2495131455461622,0.1812434617210837,0.21537830363362293,1,1,250,169,104,105
test4,306,10.334050236966824,0.23488808567540775,0.23488808567540775,0.23488808567540775,1,1,250,169,104,105
test4,307,10.367821642969984,0.23529411764705882,0.17647058823529413,0.20588235294117646,1,1,250,169,104,105
test4,308,10.401593048973144,0.23488808567540775,0.17647058823529413,0.20567933695535096,1,1,250,169,104,105
test4,309,10.435364454976304,0.23488808567540775,0.23488808567540775,0.23488808567540775,1,1,250,169,104,105
test4,310,10.469135860979463,0.2647058823529412,0.23488808567540775,0.24979698401417447,1,1,250,169,104,105
test4,311,10.502907266982623,0.25,0.20588235294117646,0.22794117647058823,1,1,250,169,104,105
test4,312,10.536678672985783,0.23529411764705882,0.23891486841089585,0.23710449302897735,1,1,250,169,104,105
test4,313,10.570450078988943,0.2647058823529412,0.20552707496598177,0.23511647865946148,1,1,250,169,104,105
test4,314,10.6042214849921,0.23529411764705882,0.23488808567540775,0.2350911016612333,1,1,250,169,104,105
test4,315,10.63799289099526,0.20588235294117646,0.16666666666666666,0.18627450980392157,1,1,250,169,104,105
test4,316,10.67176429699842,0.20588235294117646,0.16666666666666666,0.18627450980392157,1,1,250,169,104,105
test4,317,10.70553570300158,0.1540020003038294,0.14705882352941177,0.1505304119166206,1,1,250,169,104,105
test4,318,10.73930710900474,0.17616606425655582,0.175682094362047,0.1759240793093014,1,1,250,169,104,105
test4,319,10.7730785150079,0.17647058823529413,0.17616606425655582,0.17631832624592497,1,1,250,169,104,105
test4,320,10.80684992101106,0.1875,0.1812434617210837,0.18437173086054184,1,1,250,169,104,105
test4,321,10.840621327014219,0.23529411764705882,0.17647058823529413,0.20588235294117646,1,1,250,169,104,105
test4,322,10.874392733017379,0.25335270142353766,0.17647058823529413,0.21491164482941588,1,1,250,169,104,105
test4,323,10.908164139020537,0.23529411764705882,0.23488808567540775,0.2350911016612333,1,1,250,169,104,105
test4,324,10.941935545023696,0.23529411764705882,0.23488808567540775,0.2350911016612333,1,1,250,169,104,105
test4,325,10.975706951026856,0.20588235294117646,0.23488808567540775,0.2203852193082921,1,1,250,169,104,105
test4,326,11.009478357030016,0.17647058823529413,0.17647058823529413,0.17647058823529413,1,1,250,169,104,105
test4,327,11.043249763033176,0.15373624892658772,0.16666666666666666,0.1602014577966272,1,1,250,169,104,105
test4,328,11.077021169036335,0.17647058823529413,0.14680505354712983,0.16163782089121198,1,1,231,162,125,125
test4,329,11.110792575039495,0.15594571596635137,0.17647058823529413,0.16620815210082274,1,1,250,169,104,105
test4,330,11.144563981042655,0.17647058823529413,0.1664100647754021,0.17144032650534813,1,1,250,169,104,105
test4,331,11.178335387045815,0.20588235294117646,0.24253561917473287,0.22420898605795467,1,1,250,169,104,105
test4,332,11.212106793048973,0.22259704768657684,0.23488808567540775,0.2287425666809923,1,1,250,169,104,105
test4,333,11.245878199052132,0.26424909638483374,0.2218800863672028,0.24306459137601827,1,1,250,169,104,105
test4,334,11.279649605055292,0.2647058823529412,0.23529411764705882,0.25,1,1,250,169,104,105
test4,335,11.313421011058452,0.23488808567540775,0.23488808567540775,0.23488808567540775,1,1,250,169,104,105
test4,336,11.347192417061612,0.23488808567540775,0.23488808567540775,0.23488808567540775,1,1,250,169,104,105
test4,337,11.380963823064771,0.23529411764705882,0.29361010709425966,0.26445211237065924,1,1,250,169,104,105
test4,338,11.414735229067931,0.25,0.23891486841089585,0.2444574342054479,1,1,250,169,104,105
test4,339,11.448506635071091,0.22259704768657684,0.2385025883418159,0.23054981801419638,1,1,250,169,104,105
test4,340,11.48227804107425,0.2647058823529412,0.26424909638483374,0.2644774893688875,1,1,250,169,104,105
test4,341,11.516049447077409,0.23529411764705882,0.26424909638483374,0.24977160701594628,1,1,250,169,104,105
test4,342,11.549820853080568,0.1540020003038294,0.17647058823529413,0.16523629426956177,1,1,231,162,125,125
test4,343,11.583592259083728,0.1664100647754021,0.15767649164031813,0.16204327820786013,1,1,250,169,104,105
test4,344,11.617363665086888,0.20237175623575845,0.16666666666666666,0.18451921145121256,1,1,250,169,104,105
test4,345,11.651135071090048,0.13130643359661964,0.12422600057390001,0.12776621708525981,1,1,231,162,125,125
test4,346,11.684906477093207,0.1109400431836014,0.11766855584250556,0.11430429951305349,1,1,231,162,125,125
test4,347,11.718677883096367,0.14544633362028334,0.14317582769980033,0.14431108066004183,1,1,231,162,125,125
test4,348,11.752449289099527,0.17647058823529413,0.16666666666666666,0.1715686274509804,1,1,250,169,104,105
test4,349,11.786220695102687,0.20588235294117646,0.17647058823529413,0.19117647058823528,1,1,250,169,104,105
test4,350,11.819992101105846,0.22870875255085416,0.17647058823529413,0.20258967039307413,1,1,250,169,104,105
test4,351,11.853763507109004,0.2222222222222222,0.23488808567540775,0.22855515394881498,1,1,250,169,104,105
test4,352,11.887534913112164,0.2222222222222222,0.2385025883418159,0.23036240528201907,1,1,250,169,104,105
test4,353,11.921306319115324,0.23891486841089585,0.23488808567540775,0.2369014770431518,1,1,250,169,104,105
test4,354,11.955077725118484,0.2647058823529412,0.23488808567540775,0.24979698401417447,1,1,250,169,104,105
test4,355,11.988849131121643,0.23529411764705882,0.23488808567540775,0.2350911016612333,1,1,250,169,104,105
test4,356,12.022620537124803,0.20588235294117646,0.23488808567540775,0.2203852193082921,1,1,231,162,125,125
test4,357,12.056391943127963,0.23529411764705882,0.20552707496598177,0.2204105963065203,1,1,250,169,104,105
test4,358,12.090163349131123,0.23529411764705882,0.23488808567540775,0.2350911016612333,1,1,250,169,104,105
test4,359,12.123934755134282,0.17647058823529413,0.14705882352941177,0.16176470588235295,1,1,250,169,104,105
test4,360,12.15770616113744,0.16666666666666666,0.15789473684210525,0.16228070175438597,1,1,231,162,125,125
test4,361,12.1914775671406,0.14317582769980033,0.1377912634297421,0.14048354556477122,1,1,231,162,125,125
test4,362,12.22524897314376,0.19755940866312813,0.16666666666666666,0.1821130376648974,1,1,231,162,125,125
test4,363,12.25902037914692,0.12437523821716176,0.11764705882352941,0.12101114852034559,1,1,231,162,125,125
test4,364,12.29279178515008,0.17647058823529413,0.17616606425655582,0.17631832624592497,1,1,231,162,125,125
test4,365,12.32656319115324,0.17647058823529413,0.11764705882352941,0.14705882352941177,1,1,231,162,125,125
test4,366,12.360334597156399,0.17647058823529413,0.19219616153573787,0.184333374885516,1,1,231,162,125,125
test4,367,12.394106003159559,0.23529411764705882,0.17647058823529413,0.20588235294117646,1,1,231,162,125,125
test4,368,12.427877409162718,0.21875,0.17647058823529413,0.19761029411764708,1,1,231,162,125,125
test4,369,12.461648815165876,0.23488808567540775,0.23529411764705882,0.2350911016612333,1,1,231,162,125,125
test4,370,12.495420221169036,0.25,0.23529411764705882,0.2426470588235294,1,1,231,162,125,125
test4,371,12.529191627172196,0.20588235294117646,0.17616606425655582,0.19102420859886615,1,1,231,162,125,125
test4,372,12.562963033175356,0.18713485915962164,0.20552707496598177,0.1963309670628017,1,1,231,162,125,125
test4,373,12.596734439178515,0.23891486841089585,0.25335270142353766,0.24613378491721677,1,1,231,162,125,125
test4,374,12.630505845181675,0.25,0.2183240023528919,0.23416200117644595,1,1,231,162,125,125
test4,375,12.664277251184835,0.23891486841089585,0.23488808567540775,0.2369014770431518,1,1,231,162,125,125
test4,376,12.698048657187995,0.125,0.11764705882352941,0.1213235294117647,1,1,231,162,125,125
test4,377,12.731820063191154,0.14705882352941177,0.1388888888888889,0.14297385620915032,1,1,231,162,125,125
test4,378,12.765591469194312,0.2222222222222222,0.2222222222222222,0.2222222222222222,1,1,231,162,125,125
test4,379,12.799362875197472,0.14705882352941177,0.1388888888888889,0.14297385620915032,1,1,231,162,125,125
test4,380,12.833134281200632,0.15183169701520136,0.14339660273657906,0.14761414987589022,1,1,231,162,125,125
test4,381,12.866905687203792,0.13867505397950175,0.13157894736842105,0.13512700067396138,1,1,231,162,125,125
test4,382,12.900677093206951,0.125,0.15373624892658772,0.13936812446329386,1,1,231,162,125,125
test4,383,12.934448499210111,0.20588235294117646,0.2218800863672028,0.21388121965418963,1,1,231,162,125,125
test4,384,12.968219905213271,0.2095031037050135,0.17647058823529413,0.1929868459701538,1,1,231,162,125,125
test4,385,13.00199131121643,0.21875,0.17647058823529413,0.19761029411764708,1,1,231,162,125,125
test4,386,13.03576271721959,0.23529411764705882,0.17647058823529413,0.20588235294117646,1,1,231,162,125,125
test4,387,13.069534123222748,0.21029171221003587,0.17647058823529413,0.193381150222665,1,1,231,162,125,125
test4,388,13.103305529225908,0.23529411764705882,0.23488808567540775,0.2350911016612333,1,1,250,169,104,105
test4,389,13.137076935229068,0.23529411764705882,0.23488808567540775,0.2350911016612333,1,1,250,169,104,105
test4,390,13.170848341232228,0.21875,0.23488808567540775,0.22681904283770388,1,1,250,169,104,105
test4,391,13.204619747235387,0.25,0.23529411764705882,0.2426470588235294,1,1,250,169,104,105
test4,392,13.238391153238547,0.20588235294117646,0.23488808567540775,0.2203852193082921,1,1,250,169,104,105
test4,393,13.272162559241707,0.2647058823529412,0.23488808567540775,0.24979698401417447,1,1,250,169,104,105
test4,394,13.305933965244867,0.25,0.2218800863672028,0.2359400431836014,1,1,250,169,104,105
test4,395,13.339705371248026,0.20588235294117646,0.23529411764705882,0.22058823529411764,1,1,250,169,104,105
test4,396,13.373476777251184,0.16666666666666666,0.13157894736842105,0.14912280701754385,1,1,250,169,104,105
test4,397,13.407248183254344,0.17647058823529413,0.18421052631578946,0.1803405572755418,1,1,250,169,104,105
test4,398,13.441019589257504,0.14317582769980033,0.14339660273657906,0.14328621521818968,1,1,250,169,104,105
test4,399,13.474790995260664,0.17647058823529413,0.12422600057390001,0.15034829440459707,1,1,250,169,104,105
test4,400,13.508562401263823,0.14705882352941177,0.17647058823529413,0.16176470588235295,1,1,250,169,104,105
test4,401,13.542333807266983,0.21875,0.17117438051435682,0.19496219025717842,1,1,250,169,104,105
test4,402,13.576105213270143,0.25,0.1812434617210837,0.21562173086054184,1,1,250,169,104,105
test4,403,13.609876619273303,0.23529411764705882,0.20588235294117646,0.22058823529411764,1,1,250,169,104,105
test4,404,13.643648025276462,0.25,0.23529411764705882,0.2426470588235294,1,1,250,169,104,105
test4,405,13.67741943127962,0.23529411764705882,0.23529411764705882,0.23529411764705882,1,1,250,169,104,105
test4,406,13.71119083728278,0.2647058823529412,0.22529441945902848,0.24500015090598481,1,1,250,169,104,105
test4,407,13.74496224328594,0.2647058823529412,0.23488808567540775,0.24979698401417447,1,1,250,169,104,105
test4,408,13.7787336492891,0.29411764705882354,0.23488808567540775,0.2645028663671156,1,1,250,169,104,105
test4,409,13.81250505529226,0.23529411764705882,0.23488808567540775,0.2350911016612333,1,1,231,162,125,125
test4,410,13.84627646129542,0.26424909638483374,0.23488808567540775,0.24956859103012075,1,1,231,162,125,125
test4,411,13.880047867298579,0.21875,0.23529411764705882,0.2270220588235294,1,1,231,162,125,125
test4,412,13.913819273301739,0.22382117807865143,0.2495131455461622,0.23666716181240682,1,1,231,162,125,125
test4,413,13.947590679304898,0.18093070150060991,0.1109400431836014,0.14593537234210566,1,1,231,162,125,125
test4,414,13.981362085308056,0.1540020003038294,0.1111111111111111,0.13255655570747027,1,1,231,162,125,125
test4,415,14.015133491311216,0.11744404283770388,0.1111111111111111,0.11427757697440749,1,1,231,162,125,125
test4,416,14.048904897314376,0.15850088617064184,0.16666666666666666,0.16258377641865424,1,1,231,162,125,125
test4,417,14.082676303317536,0.1315334123723647,0.11764705882352941,0.12459023559794706,1,1,231,162,125,125
test4,418,14.116447709320695,0.11764705882352941,0.1111111111111111,0.11437908496732026,1,1,231,162,125,125
test4,419,14.150219115323855,0.14705882352941177,0.1111111111111111,0.12908496732026142,1,1,231,162,125,125
test4,420,14.183990521327015,0.11764705882352941,0.11764705882352941,0.11764705882352941,1,1,231,162,125,125
test4,421,14.217761927330175,0.11744404283770388,0.12459023559794706,0.12101713921782548,1,1,231,162,125,125
test4,422,14.251533333333334,0.11764705882352941,0.14705882352941177,0.1323529411764706,1,1,231,162,125,125
test4,423,14.285304739336492,0.12437523821716176,0.14705882352941177,0.13571703087328676,1,1,231,162,125,125
test4,424,14.319076145339652,0.1540020003038294,0.1111111111111111,0.13255655570747027,1,1,231,162,125,125
test4,425,14.352847551342812,0.1109400431836014,0.12422600057390001,0.11758302187875071,1,1,231,162,125,125
test4,426,14.386618957345972,0.11684124726373397,0.12422600057390001,0.120533623918817,1,1,231,162,125,125
test4,427,14.420390363349131,0.15768736144562875,0.12459023559794706,0.1411387985217879,1,1,231,162,125,125
test4,428,14.454161769352291,0.11766855584250556,0.11764705882352941,0.11765780733301748,1,1,231,162,125,125
test4,429,14.487933175355451,0.15850088617064184,0.11764705882352941,0.13807397249708564,1,1,231,162,125,125
test4,430,14.52170458135861,0.1540020003038294,0.12422600057390001,0.1391140004388647,1,1,231,162,125,125
test4,431,14.55547598736177,0.14705882352941177,0.11764705882352941,0.1323529411764706,1,1,231,162,125,125
test4,432,14.589247393364928,0.125,0.11764705882352941,0.1213235294117647,1,1,231,162,125,125
test4,433,14.623018799368088,0.15373624892658772,0.12422600057390001,0.13898112475024388,1,1,231,162,125,125
test4,434,14.656790205371248,0.15850088617064184,0.14705882352941177,0.15277985485002682,1,1,231,162,125,125
test4,435,14.690561611374408,0.2020601823834267,0.16666666666666666,0.18436342452504667,1,1,231,162,125,125
test4,436,14.724333017377568,0.20552707496598177,0.16666666666666666,0.1860968708163242,1,1,231,162,125,125
test4,437,14.758104423380727,0.1664100647754021,0.16666666666666666,0.16653836572103436,1,1,231,162,125,125
test4,438,14.791875829383887,0.25341959794362384,0.23684210526315788,0.24513085160339088,1,1,231,162,125,125
test4,439,14.825647235387047,0.1664100647754021,0.19414507557130245,0.18027757017335228,1,1,231,162,125,125
test4,440,14.859418641390207,0.15373624892658772,0.17616606425655582,0.16495115659157178,1,1,231,162,125,125
test4,441,14.893190047393364,0.16836977732000663,0.1499540474679735,0.15916191239399008,1,1,231,162,125,125
test4,442,14.926961453396524,0.1664100647754021,0.15767649164031813,0.16204327820786013,1,1,231,162,125,125
test4,443,14.960732859399684,0.17616606425655582,0.14544633362028334,0.16080619893841958,1,1,231,162,125,125
test4,444,14.994504265402844,0.17616606425655582,0.13157894736842105,0.15387250581248843,1,1,231,162,125,125
test4,445,15.028275671406004,0.19864584929160103,0.19444444444444445,0.19654514686802274,1,1,231,162,125,125
test4,446,15.062047077409163,0.19786404238806832,0.18421052631578946,0.1910372843519289,1,1,231,162,125,125
test4,447,15.095818483412323,0.25,0.26576367177461324,0.2578818358873066,1,1,231,162,125,125
test4,448,15.129589889415483,0.15156969079118396,0.16666666666666666,0.1591181787289253,1,1,231,162,125,125
test4,449,15.163361295418643,0.19444444444444445,0.21052631578947367,0.20248538011695905,1,1,231,162,125,125
test4,450,15.197132701421802,0.20914157763238994,0.19414507557130245,0.2016433266018462,1,1,231,162,125,125
test4,451,15.23090410742496,0.17616606425655582,0.1388888888888889,0.15752747657272237,1,1,231,162,125,125
test4,452,15.26467551342812,0.17541161221599927,0.17117438051435682,0.17329299636517803,1,1,231,162,125,125
test4,453,15.29844691943128,0.15850088617064184,0.16666666666666666,0.16258377641865424,1,1,231,162,125,125
test4,454,15.33221832543444,0.25,0.2777777777777778,0.2638888888888889,1,1,231,162,125,125
test4,455,15.3659897314376,0.20552707496598177,0.1664100647754021,0.18596856987069194,1,1,231,162,125,125
test4,456,15.399761137440759,0.18093070150060991,0.16666666666666666,0.1737986840836383,1,1,231,162,125,125
test4,457,15.433532543443919,0.1664100647754021,0.15767649164031813,0.16204327820786013,1,1,231,162,125,125
test4,458,15.467303949447079,0.15594571596635137,0.1388888888888889,0.14741730242762013,1,1,231,162,125,125
test4,459,15.501075355450238,0.14972317651487516,0.16666666666666666,0.15819492159077092,1,1,231,162,125,125
test4,460,15.534846761453396,0.18093070150060991,0.16666666666666666,0.1737986840836383,1,1,231,162,125,125
test4,461,15.568618167456556,0.14680505354712983,0.13157894736842105,0.13919200045777544,1,1,231,162,125,125
test4,462,15.602389573459716,0.14680505354712983,0.17117438051435682,0.15898971703074333,1,1,231,162,125,125
test4,463,15.636160979462876,0.14680505354712983,0.16666666666666666,0.15673586010689824,1,1,231,162,125,125
test4,464,15.669932385466035,0.19786404238806832,0.15789473684210525,0.17787938961508679,1,1,231,162,125,125
test4,465,15.703703791469195,0.13867505397950175,0.13157894736842105,0.13512700067396138,1,1,231,162,125,125
test4,466,15.737475197472355,0.15850088617064184,0.12422600057390001,0.1413634433722709,1,1,231,162,125,125
test4,467,15.771246603475515,0.2222222222222222,0.2,0.2111111111111111,1,1,231,162,125,125
test4,468,15.805018009478674,0.14680505354712983,0.1388888888888889,0.14284697121800938,1,1,231,162,125,125
test4,469,15.838789415481832,0.13867505397950175,0.1388888888888889,0.13878197143419532,1,1,231,162,125,125
test4,470,15.872560821484992,0.22529441945902848,0.19444444444444445,0.20986943195173646,1,1,231,162,125,125
test4,471,15.906332227488152,0.15373624892658772,0.14339660273657906,0.1485664258315834,1,1,231,162,125,125
test4,472,15.940103633491312,0.15850088617064184,0.16666666666666666,0.16258377641865424,1,1,231,162,125,125
test4,473,15.973875039494471,0.14317582769980033,0.1388888888888889,0.14103235829434463,1,1,231,162,125,125
test4,474,16.00764644549763,0.14680505354712983,0.14339660273657906,0.14510082814185443,1,1,231,162,125,125
test4,475,16.04141785150079,0.14680505354712983,0.1388888888888889,0.14284697121800938,1,1,231,162,125,125
test4,476,16.07518925750395,0.15594571596635137,0.11764705882352941,0.13679638739494038,1,1,231,162,125,125
test4,477,16.10896066350711,0.14680505354712983,0.14339660273657906,0.14510082814185443,1,1,231,162,125,125
test4,478,16.14273206951027,0.1610070183424676,0.1388888888888889,0.14994795361567825,1,1,231,162,125,125
test4,479,16.176503475513428,0.17616606425655582,0.16666666666666666,0.17141636546161124,1,1,231,162,125,125
test4,480,16.21027488151659,0.11744404283770388,0.14705882352941177,0.1322514331835578,1,1,231,162,125,125
test4,481,16.244046287519748,0.14680505354712983,0.1499540474679735,0.14837955050755167,1,1,231,162,125,125
test4,482,16.277817693522906,0.15850088617064184,0.17091083849570068,0.16470586233317125,1,1,231,162,125,125
test4,483,16.311589099526067,0.14680505354712983,0.14705882352941177,0.1469319385382708,1,1,231,162,125,125
test4,484,16.345360505529225,0.14680505354712983,0.14705882352941177,0.1469319385382708,1,1,231,162,125,125
test4,485,16.379131911532387,0.15156969079118396,0.17117438051435682,0.1613720356527704,1,1,231,162,125,125
test4,486,16.412903317535545,0.1321193317506201,0.17616606425655582,0.15414269800358796,1,1,231,162,125,125
test4,487,16.446674723538706,0.14680505354712983,0.1109400431836014,0.1288725483653656,1,1,231,162,125,125
test4,488,16.480446129541864,0.11744404283770388,0.12403474081375104,0.12073939182572746,1,1,231,162,125,125
test4,489,16.514217535545026,0.15594571596635137,0.11744404283770388,0.13669487940202762,1,1,231,162,125,125
test4,490,16.547988941548184,0.12459023559794706,0.10669417306780815,0.11564220433287761,1,1,231,162,125,125
test4,491,16.58176034755134,0.15183169701520136,0.11764705882352941,0.13473937791936538,1,1,231,162,125,125
test4,492,16.615531753554503,0.12437523821716176,0.11764705882352941,0.12101114852034559,1,1,231,162,125,125
test4,493,16.64930315955766,0.11764705882352941,0.11764705882352941,0.11764705882352941,1,1,231,162,125,125
test4,494,16.683074565560823,0.11744404283770388,0.1111111111111111,0.11427757697440749,1,1,231,162,125,125
test4,495,16.71684597156398,0.14680505354712983,0.1499540474679735,0.14837955050755167,1,1,231,162,125,125
test4,496,16.750617377567142,0.12437523821716176,0.11766855584250556,0.12102189702983365,1,1,231,162,125,125
test4,497,16.7843887835703,0.15156969079118396,0.14705882352941177,0.14931425716029786,1,1,231,162,125,125
test4,498,16.81816018957346,0.15373624892658772,0.11764705882352941,0.13569165387505855,1,1,231,162,125,125
test4,499,16.85193159557662,0.14680505354712983,0.1388888888888889,0.14284697121800938,1,1,231,162,125,125
test4,500,16.88570300157978,0.17541161221599927,0.1388888888888889,0.15715025055244408,1,1,231,162,125,125
test4,501,16.91947440758294,0.14680505354712983,0.11766855584250556,0.1322368046948177,1,1,231,162,125,125
test4,502,16.953245813586097,0.14680505354712983,0.15789473684210525,0.15234989519461756,1,1,231,162,125,125
test4,503,16.98701721958926,0.13867505397950175,0.1388888888888889,0.13878197143419532,1,1,231,162,125,125
test4,504,17.020788625592417,0.15156969079118396,0.11766855584250556,0.13461912331684475,1,1,231,162,125,125
test4,505,17.054560031595578,0.11744404283770388,0.16666666666666666,0.14205535475218528,1,1,231,162,125,125
test4,506,17.088331437598736,0.10024476025847241,0.11766855584250556,0.10895665805048899,1,1,231,162,125,125
test4,507,17.122102843601898,0.15156969079118396,0.14705882352941177,0.14931425716029786,1,1,231,162,125,125
test4,508,17.155874249605056,0.15156969079118396,0.12422600057390001,0.137897845682542,1,1,231,162,125,125
test4,509,17.189645655608217,0.14680505354712983,0.14705882352941177,0.1469319385382708,1,1,231,162,125,125
test4,510,17.223417061611375,0.11744404283770388,0.08333333333333333,0.1003886880855186,1,1,231,162,125,125
test4,511,17.257188467614533,0.1247565727730811,0.11764705882352941,0.12120181579830525,1,1,231,162,125,125
test4,512,17.290959873617695,0.11744404283770388,0.11764705882352941,0.11754555083061664,1,1,231,162,125,125
test4,513,17.324731279620853,0.12437523821716176,0.12422600057390001,0.12430061939553089,1,1,231,162,125,125
test4,514,17.358502685624014,0.11744404283770388,0.1111111111111111,0.11427757697440749,1,1,231,162,125,125
test4,515,17.392274091627172,0.14680505354712983,0.1499540474679735,0.14837955050755167,1,1,231,162,125,125
test4,516,17.426045497630334,0.15373624892658772,0.14544633362028334,0.1495912912734355,1,1,231,162,125,125
test4,517,17.45981690363349,0.15594571596635137,0.11764705882352941,0.13679638739494038,1,1,231,162,125,125
test4,518,17.493588309636653,0.11744404283770388,0.1111111111111111,0.11427757697440749,1,1,231,162,125,125
test4,519,17.52735971563981,0.14680505354712983,0.16666666666666666,0.15673586010689824,1,1,231,162,125,125
test4,520,17.56113112164297,0.1633084749438904,0.14680505354712983,0.15505676424551013,1,1,231,162,125,125
test4,521,17.59490252764613,0.1812434617210837,0.17647058823529413,0.1788570249781889,1,1,231,162,125,125
test4,522,17.62867393364929,0.20588235294117646,0.18713485915962164,0.19650860605039905,1,1,231,162,125,125
test4,523,17.66244533965245,0.2221635582302674,0.21875,0.2204567791151337,1,1,231,162,125,125
test4,524,17.696216745655608,0.23529411764705882,0.23488808567540775,0.2350911016612333,1,1,231,162,125,125
test4,525,17.72998815165877,0.25,0.2965174204997299,0.2732587102498649,1,1,231,162,125,125
test4,526,17.763759557661928,0.2647058823529412,0.2495131455461622,0.25710951394955167,1,1,231,162,125,125
test4,527,17.79753096366509,0.28125,0.2495131455461622,0.2653815727730811,1,1,231,162,125,125
test4,528,17.831302369668247,0.25,0.2495131455461622,0.2497565727730811,1,1,231,162,125,125
test4,529,17.865073775671405,0.28379062295954205,0.23488808567540775,0.2593393543174749,1,1,231,162,125,125
test4,530,17.898845181674567,0.2807022887394324,0.2495131455461622,0.2651077171427973,1,1,231,162,125,125
test4,531,17.932616587677725,0.2845418446168079,0.2495131455461622,0.26702749508148504,1,1,231,162,125,125
test4,532,17.966387993680886,0.2845418446168079,0.26289280634340145,0.2737173254801047,1,1,231,162,125,125
test4,533,18.000159399684044,0.25384704768657684,0.2495131455461622,0.25168009661636953,1,1,231,162,125,125
test4,534,18.033930805687206,0.28379062295954205,0.29210311815933493,0.28794687055943846,1,1,231,162,125,125
test4,535,18.067702211690364,0.3186887204647064,0.2495131455461622,0.2841009330054343,1,1,231,162,125,125
test4,536,18.101473617693525,0.25,0.2807022887394324,0.2653511443697162,1,1,231,162,125,125
test4,537,18.135245023696683,0.28125,0.2480694686114913,0.26465973430574563,1,1,231,162,125,125
test4,538,18.16901642969984,0.28379062295954205,0.26289280634340145,0.2733417146514717,1,1,231,162,125,125
test4,539,18.202787835703003,0.25,0.2495131455461622,0.2497565727730811,1,1,231,162,125,125
test4,540,18.23655924170616,0.25384704768657684,0.2790781521879277,0.2664625999372523,1,1,231,162,125,125
test4,541,18.270330647709322,0.28379062295954205,0.23368249452746795,0.258736558743505,1,1,231,162,125,125
test4,542,18.30410205371248,0.25,0.2480694686114913,0.24903473430574563,1,1,231,162,125,125
test4,543,18.33787345971564,0.28125,0.2495131455461622,0.2653815727730811,1,1,231,162,125,125
test4,544,18.3716448657188,0.25384704768657684,0.23488808567540775,0.2443675666809923,1,1,231,162,125,125
test4,545,18.40541627172196,0.25384704768657684,0.23488808567540775,0.2443675666809923,1,1,231,162,125,125
test4,546,18.43918767772512,0.25384704768657684,0.25719225730091316,0.255519652493745,1,1,231,162,125,125
test4,547,18.472959083728277,0.2647058823529412,0.23488808567540775,0.24979698401417447,1,1,231,162,125,125
test4,548,18.50673048973144,0.23529411764705882,0.23488808567540775,0.2350911016612333,1,1,231,162,125,125
test4,549,18.540501895734597,0.2647058823529412,0.23488808567540775,0.24979698401417447,1,1,231,162,125,125
test4,550,18.574273301737758,0.28125,0.23488808567540775,0.2580690428377039,1,1,231,162,125,125
test4,551,18.608044707740916,0.28125,0.23488808567540775,0.2580690428377039,1,1,231,162,125,125
test4,552,18.641816113744078,0.29411764705882354,0.23488808567540775,0.2645028663671156,1,1,231,162,125,125
test4,553,18.675587519747236,0.29411764705882354,0.2218800863672028,0.2579988667130132,1,1,231,162,125,125
test4,554,18.709358925750397,0.29361010709425966,0.2773501079590035,0.28548010752663155,1,1,250,169,104,105
test4,555,18.743130331753555,0.25384704768657684,0.2218800863672028,0.23786356702688982,1,1,231,162,125,125
test4,556,18.776901737756713,0.21875,0.2385025883418159,0.22862629417090796,1,1,250,169,104,105
test4,557,18.810673143759875,0.25,0.29361010709425966,0.2718050535471298,1,1,250,169,104,105
test4,558,18.844444549763033,0.23529411764705882,0.29361010709425966,0.26445211237065924,1,1,250,169,104,105
test4,559,18.878215955766194,0.25,0.29361010709425966,0.2718050535471298,1,1,250,169,104,105
test4,560,18.911987361769352,0.25,0.26424909638483374,0.25712454819241687,1,1,250,169,104,105
test4,561,18.945758767772514,0.23529411764705882,0.29361010709425966,0.26445211237065924,1,1,250,169,104,105
test4,562,18.97953017377567,0.23529411764705882,0.29361010709425966,0.26445211237065924,1,1,250,169,104,105
test4,563,19.013301579778833,0.25,0.29361010709425966,0.2718050535471298,1,1,250,169,104,105
test4,564,19.04707298578199,0.25384704768657684,0.26424909638483374,0.2590480720357053,1,1,250,169,104,105
test4,565,19.08084439178515,0.23529411764705882,0.2773501079590035,0.2563221128030312,1,1,250,169,104,105
test4,566,19.11461579778831,0.25,0.2970299861010383,0.2735149930505192,1,1,250,169,104,105
test4,567,19.14838720379147,0.26424909638483374,0.29361010709425966,0.27892960173954673,1,1,231,162,125,125
test4,568,19.18215860979463,0.2683266331167782,0.2647058823529412,0.26651625773485965,1,1,231,162,125,125
test4,569,19.215930015797788,0.2647058823529412,0.2970299861010383,0.28086793422698975,1,1,231,162,125,125
test4,570,19.24970142180095,0.2807022887394324,0.17616606425655582,0.22843417649799413,1,1,231,162,125,125
test4,571,19.283472827804108,0.2807022887394324,0.2385025883418159,0.25960243854062415,1,1,231,162,125,125
test4,572,19.31724423380727,0.23891486841089585,0.2218800863672028,0.2303974773890493,1,1,231,162,125,125
test4,573,19.351015639810427,0.2647058823529412,0.28009641562142656,0.27240114898718387,1,1,231,162,125,125
test4,574,19.384787045813585,0.2647058823529412,0.2671564097903039,0.26593114607162255,1,1,231,162,125,125
test4,575,19.418558451816747,0.2576940953731537,0.29361010709425966,0.27565210123370665,1,1,231,162,125,125
test4,576,19.452329857819905,0.23529411764705882,0.20552707496598177,0.2204105963065203,1,1,231,162,125,125
test4,577,19.486101263823066,0.25335270142353766,0.23488808567540775,0.2441203935494727,1,1,231,162,125,125
test4,578,19.519872669826224,0.2495131455461622,0.18713485915962164,0.2183240023528919,1,1,231,162,125,125
test4,579,19.553644075829386,0.25384704768657684,0.20552707496598177,0.2296870613262793,1,1,231,162,125,125
test4,580,19.587415481832544,0.25,0.23488808567540775,0.24244404283770388,1,1,231,162,125,125
test4,581,19.621186887835705,0.26666666666666666,0.185695338744664,0.22618100270566532,1,1,231,162,125,125
test4,582,19.654958293838863,0.21875,0.21390621487644404,0.216328107438222,1,1,231,162,125,125
test4,583,19.68872969984202,0.2707701841990153,0.19219616153573787,0.23148317286737657,1,1,231,162,125,125
test4,584,19.722501105845183,0.2495131455461622,0.18713485915962164,0.2183240023528919,1,1,231,162,125,125
test4,585,19.75627251184834,0.26607603843650995,0.18093070150060991,0.22350336996855993,1,1,231,162,125,125
test4,586,19.790043917851502,0.25,0.23488808567540775,0.24244404283770388,1,1,231,162,125,125
test4,587,19.82381532385466,0.25384704768657684,0.2385025883418159,0.24617481801419638,1,1,231,162,125,125
test4,588,19.85758672985782,0.2807022887394324,0.28379062295954205,0.28224645584948727,1,1,231,162,125,125
test4,589,19.89135813586098,0.25,0.2807022887394324,0.2653511443697162,1,1,231,162,125,125
test4,590,19.92512954186414,0.28125,0.24211709100822407,0.26168354550411205,1,1,231,162,125,125
test4,591,19.9589009478673,0.25,0.2807022887394324,0.2653511443697162,1,1,231,162,125,125
test4,592,19.992672353870457,0.25,0.23488808567540775,0.24244404283770388,1,1,231,162,125,125
test4,593,20.02644375987362,0.28125,0.31189143193270275,0.2965707159663514,1,1,231,162,125,125
test4,594,20.060215165876777,0.2495131455461622,0.23488808567540775,0.242200615610785,1,1,231,162,125,125
test4,595,20.093986571879938,0.25384704768657684,0.2385025883418159,0.24617481801419638,1,1,231,162,125,125
test4,596,20.127757977883096,0.25384704768657684,0.2965174204997299,0.27518223409315334,1,1,231,162,125,125
test4,597,20.161529383886258,0.28509704768657684,0.28763017883691755,0.2863636132617472,1,1,231,162,125,125
test4,598,20.195300789889416,0.25384704768657684,0.2385025883418159,0.24617481801419638,1,1,231,162,125,125
test4,599,20.229072195892577,0.28509704768657684,0.23488808567540775,0.2599925666809923,1,1,231,162,125,125
test4,600,20.262843601895735,0.28509704768657684,0.22529441945902848,0.2551957335728027,1,1,231,162,125,125
test4,601,20.296615007898893,0.28763017883691755,0.23488808567540775,0.26125913225616265,1,1,231,162,125,125
test4,602,20.330386413902055,0.25,0.2495131455461622,0.2497565727730811,1,1,231,162,125,125
test4,603,20.364157819905213,0.28125,0.23488808567540775,0.2580690428377039,1,1,231,162,125,125
test4,604,20.397929225908374,0.25,0.23488808567540775,0.24244404283770388,1,1,231,162,125,125
test4,605,20.431700631911532,0.28125,0.23488808567540775,0.2580690428377039,1,1,231,162,125,125
test4,606,20.465472037914694,0.2807022887394324,0.2385025883418159,0.25960243854062415,1,1,231,162,125,125
test4,607,20.49924344391785,0.26666666666666666,0.23488808567540775,0.25077737617103724,1,1,231,162,125,125
test4,608,20.533014849921013,0.25,0.23488808567540775,0.24244404283770388,1,1,231,162,125,125
test4,609,20.56678625592417,0.28509704768657684,0.2385025883418159,0.2617998180141964,1,1,231,162,125,125
test4,610,20.60055766192733,0.28125,0.23488808567540775,0.2580690428377039,1,1,231,162,125,125
test4,611,20.63432906793049,0.28509704768657684,0.23488808567540775,0.2599925666809923,1,1,231,162,125,125
test4,612,20.66810047393365,0.25384704768657684,0.2671564097903039,0.26050172873844035,1,1,231,162,125,125
test4,613,20.70187187993681,0.28819140791893005,0.23368249452746795,0.260936951223199,1,1,231,162,125,125
test4,614,20.735643285939968,0.25384704768657684,0.23488808567540775,0.2443675666809923,1,1,231,162,125,125
test4,615,20.76941469194313,0.28509704768657684,0.2495131455461622,0.26730509661636953,1,1,231,162,125,125
test4,616,20.803186097946288,0.23529411764705882,0.23488808567540775,0.2350911016612333,1,1,231,162,125,125
test4,617,20.83695750394945,0.2845418446168079,0.23488808567540775,0.2597149651461078,1,1,231,162,125,125
test4,618,20.870728909952607,0.2807022887394324,0.23488808567540775,0.2577951872074201,1,1,231,162,125,125
test4,619,20.904500315955765,0.2807022887394324,0.23488808567540775,0.2577951872074201,1,1,231,162,125,125
test4,620,20.938271721958927,0.2845418446168079,0.2480694686114913,0.2663056566141496,1,1,231,162,125,125
test4,621,20.972043127962085,0.28125,0.23488808567540775,0.2580690428377039,1,1,231,162,125,125
test4,622,21.005814533965246,0.28819140791893005,0.22086304113842065,0.2545272245286754,1,1,238,169,105,105
test4,623,21.039585939968404,0.28125,0.22529441945902848,0.25327220972951425,1,1,238,169,105,105
test4,624,21.073357345971566,0.23529411764705882,0.23488808567540775,0.2350911016612333,1,1,238,169,105,105
test4,625,21.107128751974724,0.2576940953731537,0.23488808567540775,0.24629109052428072,1,1,238,169,105,105
test4,626,21.140900157977885,0.23529411764705882,0.2773501079590035,0.2563221128030312,1,1,238,169,105,105
test4,627,21.174671563981043,0.25384704768657684,0.26786359905124185,0.2608553233689094,1,1,238,169,105,105
test4,628,21.2084429699842,0.22338530472900814,0.2218800863672028,0.22263269554810547,1,1,238,169,105,105
test4,629,21.242214375987363,0.29942473390520014,0.2760788014230258,0.287751767664113,1,1,231,162,125,125
test4,630,21.27598578199052,0.17616606425655582,0.17526187089560097,0.17571396757607838,1,1,231,162,125,125
test4,631,21.309757187993682,0.23488808567540775,0.185695338744664,0.2102917122100359,1,1,238,169,105,105
test4,632,21.34352859399684,0.23529411764705882,0.20914157763238994,0.22221784763972438,1,1,238,169,105,105
