video_id,video_file,frame_idx,time_sec,label_closed,face_ok_on_update,roi_updated,roi_valid,roi_age,left_x,left_y,left_w,left_h,right_x,right_y,right_w,right_h,left_dark_ratio,right_dark_ratio,dark_ratio_mean,left_v_extent,right_v_extent,eye_open_score,score_q,left_edge_density,right_edge_density,edge_density_mean,dark_thresh
33,33.mp4,0,0.0,0,1,1,1,0,271,176,40,15,330,175,40,15,0.15333333333333332,0.12166666666666667,0.1375,0.4666666666666667,0.4,0.43333333333333335,1775,0.06899563318777292,0.06812227074235808,0.0685589519650655,70
33,33.mp4,1,0.03352942097026604,0,0,0,1,1,271,176,40,15,330,175,40,15,0.15166666666666667,0.12,0.13583333333333333,0.4666666666666667,0.4666666666666667,0.4666666666666667,1911,0.06986899563318777,0.07074235807860262,0.0703056768558952,70
33,33.mp4,2,0.06705884194053208,0,0,0,1,2,271,176,40,15,330,175,40,15,0.15333333333333332,0.12,0.13666666666666666,0.4666666666666667,0.4666666666666667,0.4666666666666667,1911,0.06550218340611354,0.0611353711790393,0.06331877729257641,70
33,33.mp4,3,0.10058826291079812,0,0,0,1,3,271,176,40,15,330,175,40,15,0.155,0.12666666666666668,0.14083333333333334,0.4666666666666667,0.4666666666666667,0.4666666666666667,1911,0.0611353711790393,0.06812227074235808,0.06462882096069869,70
33,33.mp4,4,0.13411768388106415,0,0,0,1,4,271,176,40,15,330,175,40,15,0.15666666666666668,0.125,0.14083333333333334,0.4666666666666667,0.4666666666666667,0.4666666666666667,1911,0.0611353711790393,0.06812227074235808,0.06462882096069869,70
33,33.mp4,5,0.1676471048513302,0,0,0,1,5,271,176,40,15,330,175,40,15,0.15666666666666668,0.13166666666666665,0.14416666666666667,0.4666666666666667,0.4666666666666667,0.4666666666666667,1911,0.062882096069869,0.06550218340611354,0.06419213973799126,70
33,33.mp4,6,0.20117652582159623,0,0,0,1,6,271,176,40,15,330,175,40,15,0.155,0.12666666666666668,0.14083333333333334,0.4666666666666667,0.4666666666666667,0.4666666666666667,1911,0.06637554585152838,0.0611353711790393,0.06375545851528384,70
33,33.mp4,7,0.23470594679186227,0,0,0,1,7,271,176,40,15,330,175,40,15,0.155,0.12333333333333334,0.13916666666666666,0.4666666666666667,0.4666666666666667,0.4666666666666667,1911,0.06637554585152838,0.06986899563318777,0.06812227074235808,70
33,33.mp4,8,0.2682353677621283,0,0,0,1,8,271,176,40,15,330,175,40,15,0.15666666666666668,0.12,0.13833333333333334,0.4666666666666667,0.4666666666666667,0.4666666666666667,1911,0.059388646288209605,0.06812227074235808,0.06375545851528384,70
33,33.mp4,9,0.3017647887323944,0,0,0,1,9,271,176,40,15,330,175,40,15,0.155,0.12333333333333334,0.13916666666666666,0.4666666666666667,0.4666666666666667,0.4666666666666667,1911,0.059388646288209605,0.07685589519650655,0.06812227074235808,70
33,33.mp4,10,0.3352942097026604,0,0,0,1,10,271,176,40,15,330,175,40,15,0.155,0.12,0.1375,0.4666666666666667,0.4666666666666667,0.4666666666666667,1911,0.05851528384279476,0.07598253275109171,0.06724890829694323,70
33,33.mp4,11,0.36882363067292645,0,0,0,1,11,271,176,40,15,330,175,40,15,0.15333333333333332,0.12,0.13666666666666666,0.4666666666666667,0.4666666666666667,0.4666666666666667,1911,0.06026200873362445,0.07074235807860262,0.06550218340611354,70
33,33.mp4,12,0.40235305164319246,0,0,0,1,12,271,176,40,15,330,175,40,15,0.155,0.12333333333333334,0.13916666666666666,0.4666666666666667,0.4666666666666667,0.4666666666666667,1911,0.05851528384279476,0.07074235807860262,0.06462882096069869,70
33,33.mp4,13,0.4358824726134585,0,0,0,1,13,271,176,40,15,330,175,40,15,0.15166666666666667,0.12333333333333334,0.1375,0.4666666666666667,0.4666666666666667,0.4666666666666667,1911,0.0611353711790393,0.07598253275109171,0.0685589519650655,70
33,33.mp4,14,0.46941189358372454,0,0,0,1,14,271,176,40,15,330,175,40,15,0.13833333333333334,0.11833333333333333,0.12833333333333333,0.4666666666666667,0.4,0.43333333333333335,1775,0.05414847161572053,0.06812227074235808,0.061135371179039305,70
33,33.mp4,15,0.5029413145539906,0,0,0,1,15,271,176,40,15,330,175,40,15,0.10166666666666667,0.09,0.09583333333333333,0.4,0.26666666666666666,0.33333333333333337,1365,0.045414847161572056,0.059388646288209605,0.05240174672489083,70
33,33.mp4,16,0.5364707355242566,0,0,0,1,16,271,176,40,15,330,175,40,15,0.051666666666666666,0.07666666666666666,0.06416666666666666,0.26666666666666666,0.2,0.23333333333333334,956,0.034934497816593885,0.06812227074235808,0.05152838427947598,70
33,33.mp4,17,0.5700001564945227,0,0,0,1,17,271,176,40,15,330,175,40,15,0.04666666666666667,0.08833333333333333,0.0675,0.2,0.2,0.2,819,0.032314410480349345,0.07423580786026202,0.05327510917030568,70
33,33.mp4,18,0.6035295774647887,0,0,0,1,18,271,176,40,15,330,175,40,15,0.058333333333333334,0.10166666666666667,0.08,0.2,0.26666666666666666,0.23333333333333334,956,0.03406113537117904,0.08122270742358079,0.05764192139737991,70
33,33.mp4,19,0.6370589984350548,0,0,0,1,19,271,176,40,15,330,175,40,15,0.06833333333333333,0.09,0.07916666666666666,0.26666666666666666,0.26666666666666666,0.26666666666666666,1092,0.028820960698689956,0.07248908296943231,0.050655021834061134,70
33,33.mp4,20,0.6705884194053208,0,1,1,1,0,269,180,40,12,329,178,40,12,0.08958333333333333,0.13958333333333334,0.11458333333333334,0.3333333333333333,0.4166666666666667,0.375,1536,0.042951541850220265,0.09030837004405286,0.06662995594713655,70
33,33.mp4,21,0.7041178403755869,0,0,0,1,1,269,180,40,12,329,178,40,12,0.09583333333333334,0.13541666666666666,0.115625,0.4166666666666667,0.5,0.45833333333333337,1877,0.051762114537444934,0.09030837004405286,0.0710352422907489,70
33,33.mp4,22,0.7376472613458529,0,0,0,1,2,269,180,40,12,329,178,40,12,0.10625,0.1125,0.109375,0.4166666666666667,0.4166666666666667,0.4166666666666667,1707,0.048458149779735685,0.08590308370044053,0.0671806167400881,70
33,33.mp4,23,0.7711766823161189,0,0,0,1,3,269,180,40,12,329,178,40,12,0.025,0.04375,0.034375,0.16666666666666666,0.25,0.20833333333333331,853,0.02753303964757709,0.06938325991189427,0.048458149779735685,70
33,33.mp4,24,0.8047061032863849,0,0,0,1,4,269,180,40,12,329,178,40,12,0.014583333333333334,0.03333333333333333,0.02395833333333333,0.16666666666666666,0.3333333333333333,0.25,1024,0.016519823788546256,0.0671806167400881,0.04185022026431718,70
33,33.mp4,25,0.838235524256651,0,0,0,1,5,269,180,40,12,329,178,40,12,0.027083333333333334,0.03333333333333333,0.030208333333333334,0.25,0.25,0.25,1024,0.023127753303964757,0.06277533039647577,0.042951541850220265,70
33,33.mp4,26,0.871764945226917,0,0,0,1,6,269,180,40,12,329,178,40,12,0.04375,0.04583333333333333,0.04479166666666666,0.3333333333333333,0.25,0.29166666666666663,1195,0.025330396475770924,0.06607929515418502,0.045704845814977975,70
33,33.mp4,27,0.9052943661971831,0,0,0,1,7,269,180,40,12,329,178,40,12,0.029166666666666667,0.07708333333333334,0.053125000000000006,0.16666666666666666,0.4166666666666667,0.2916666666666667,1195,0.030837004405286344,0.08259911894273128,0.056718061674008814,70
33,33.mp4,28,0.9388237871674491,0,0,0,1,8,269,180,40,12,329,178,40,12,0.035416666666666666,0.08125,0.058333333333333334,0.25,0.4166666666666667,0.33333333333333337,1365,0.030837004405286344,0.08480176211453745,0.0578193832599119,70
33,33.mp4,29,0.9723532081377152,0,0,0,1,9,269,180,40,12,329,178,40,12,0.05625,0.11666666666666667,0.08645833333333333,0.4166666666666667,0.5,0.45833333333333337,1877,0.034140969162995596,0.08370044052863436,0.05892070484581498,70
33,33.mp4,30,1.0058826291079812,0,0,0,1,10,269,180,40,12,329,178,40,12,0.09166666666666666,0.15208333333333332,0.12187499999999998,0.5,0.5,0.5,2048,0.03634361233480176,0.08480176211453745,0.0605726872246696,70
33,33.mp4,31,1.0394120500782473,0,0,0,1,11,269,180,40,12,329,178,40,12,0.1125,0.15625,0.134375,0.5,0.5,0.5,2048,0.03634361233480176,0.08370044052863436,0.060022026431718056,70
33,33.mp4,32,1.0729414710485132,0,0,0,1,12,269,180,40,12,329,178,40,12,0.14166666666666666,0.16041666666666668,0.15104166666666669,0.5833333333333334,0.5,0.5416666666666667,2219,0.03854625550660793,0.0881057268722467,0.06332599118942732,70
33,33.mp4,33,1.1064708920187794,0,0,0,1,13,269,180,40,12,329,178,40,12,0.15208333333333332,0.16041666666666668,0.15625,0.5833333333333334,0.5,0.5416666666666667,2219,0.03854625550660793,0.08700440528634361,0.06277533039647577,70
33,33.mp4,34,1.1400003129890455,0,0,0,1,14,269,180,40,12,329,178,40,12,0.16041666666666668,0.15416666666666667,0.15729166666666666,0.5833333333333334,0.5,0.5416666666666667,2219,0.039647577092511016,0.0881057268722467,0.06387665198237885,70
33,33.mp4,35,1.1735297339593114,0,0,0,1,15,269,180,40,12,329,178,40,12,0.16666666666666666,0.15208333333333332,0.159375,0.5833333333333334,0.5,0.5416666666666667,2219,0.04515418502202643,0.08149779735682819,0.0633259911894273,70
33,33.mp4,36,1.2070591549295775,0,0,0,1,16,269,180,40,12,329,178,40,12,0.175,0.15416666666666667,0.16458333333333333,0.5833333333333334,0.5,0.5416666666666667,2219,0.042951541850220265,0.08370044052863436,0.0633259911894273,70
33,33.mp4,37,1.2405885758998434,0,0,0,1,17,269,180,40,12,329,178,40,12,0.17083333333333334,0.15625,0.16354166666666667,0.5833333333333334,0.5,0.5416666666666667,2219,0.046255506607929514,0.08149779735682819,0.06387665198237885,70
33,33.mp4,38,1.2741179968701095,0,0,0,1,18,269,180,40,12,329,178,40,12,0.17916666666666667,0.15625,0.16770833333333335,0.5833333333333334,0.5,0.5416666666666667,2219,0.042951541850220265,0.08700440528634361,0.06497797356828194,70
33,33.mp4,39,1.3076474178403756,0,0,0,1,19,269,180,40,12,329,178,40,12,0.18333333333333332,0.15833333333333333,0.17083333333333334,0.5833333333333334,0.5,0.5416666666666667,2219,0.042951541850220265,0.08259911894273128,0.06277533039647577,70
33,33.mp4,40,1.3411768388106415,0,1,1,1,0,269,177,39,15,328,176,40,15,0.1452991452991453,0.12833333333333333,0.13681623931623932,0.4666666666666667,0.4,0.43333333333333335,1775,0.05465949820788531,0.07860262008733625,0.06663105914761078,70
33,33.mp4,41,1.3747062597809077,0,0,0,1,1,269,177,39,15,328,176,40,15,0.1452991452991453,0.12333333333333334,0.13431623931623932,0.4666666666666667,0.4,0.43333333333333335,1775,0.056451612903225805,0.0777292576419214,0.0670904352725736,70
33,33.mp4,42,1.4082356807511738,0,0,0,1,2,269,177,39,15,328,176,40,15,0.14358974358974358,0.12666666666666668,0.13512820512820511,0.4666666666666667,0.4,0.43333333333333335,1775,0.05555555555555555,0.07860262008733625,0.06707908782144589,70
33,33.mp4,43,1.4417651017214397,0,0,0,1,3,269,177,39,15,328,176,40,15,0.14358974358974358,0.12833333333333333,0.13596153846153847,0.4666666666666667,0.4,0.43333333333333335,1775,0.05465949820788531,0.0794759825327511,0.06706774037031821,70
33,33.mp4,44,1.4752945226917058,0,0,0,1,4,269,177,39,15,328,176,40,15,0.14358974358974358,0.12666666666666668,0.13512820512820511,0.4666666666666667,0.4,0.43333333333333335,1775,0.05913978494623656,0.07685589519650655,0.06799784007137155,70
33,33.mp4,45,1.5088239436619717,0,0,0,1,5,269,177,39,15,328,176,40,15,0.14871794871794872,0.125,0.13685897435897437,0.4666666666666667,0.4,0.43333333333333335,1775,0.05824372759856631,0.0794759825327511,0.0688598550656587,70
33,33.mp4,46,1.5423533646322378,0,0,0,1,6,269,177,39,15,328,176,40,15,0.15213675213675212,0.12833333333333333,0.14023504273504273,0.4666666666666667,0.4,0.43333333333333335,1775,0.05734767025089606,0.08122270742358079,0.06928518883723842,70
33,33.mp4,47,1.575882785602504,0,0,0,1,7,269,177,39,15,328,176,40,15,0.14358974358974358,0.125,0.1342948717948718,0.4666666666666667,0.4,0.43333333333333335,1775,0.056451612903225805,0.0794759825327511,0.06796379771798845,70
33,33.mp4,48,1.6094122065727698,0,0,0,1,8,269,177,39,15,328,176,40,15,0.14017094017094017,0.12833333333333333,0.13425213675213676,0.4666666666666667,0.4,0.43333333333333335,1775,0.056451612903225805,0.08034934497816594,0.06840047894069587,70
33,33.mp4,49,1.642941627543036,0,0,0,1,9,269,177,39,15,328,176,40,15,0.13675213675213677,0.12833333333333333,0.13254273504273506,0.4666666666666667,0.4,0.43333333333333335,1775,0.05465949820788531,0.0794759825327511,0.06706774037031821,70
33,33.mp4,50,1.676471048513302,0,0,0,1,10,269,177,39,15,328,176,40,15,0.14188034188034188,0.13166666666666665,0.13677350427350426,0.4666666666666667,0.4,0.43333333333333335,1775,0.05824372759856631,0.07336244541484715,0.06580308650670673,70
33,33.mp4,51,1.710000469483568,0,0,0,1,11,269,177,39,15,328,176,40,15,0.14358974358974358,0.13,0.1367948717948718,0.4666666666666667,0.4,0.43333333333333335,1775,0.05824372759856631,0.07598253275109171,0.067113130174829,70
33,33.mp4,52,1.743529890453834,0,0,0,1,12,269,177,39,15,328,176,40,15,0.14017094017094017,0.13166666666666665,0.1359188034188034,0.4666666666666667,0.4,0.43333333333333335,1775,0.053763440860215055,0.07598253275109171,0.06487298680565338,70
33,33.mp4,53,1.7770593114241002,0,0,0,1,13,269,177,39,15,328,176,40,15,0.147008547008547,0.12833333333333333,0.13767094017094017,0.4666666666666667,0.4,0.43333333333333335,1775,0.05465949820788531,0.07685589519650655,0.06575769670219593,70
33,33.mp4,54,1.8105887323943661,0,0,0,1,14,269,177,39,15,328,176,40,15,0.14358974358974358,0.12833333333333333,0.13596153846153847,0.4666666666666667,0.4,0.43333333333333335,1775,0.0528673835125448,0.07598253275109171,0.06442495813181826,70
33,33.mp4,55,1.8441181533646323,0,0,0,1,15,269,177,39,15,328,176,40,15,0.1452991452991453,0.13,0.13764957264957267,0.4666666666666667,0.4,0.43333333333333335,1775,0.0528673835125448,0.07248908296943231,0.06267823324098856,70
33,33.mp4,56,1.8776475743348982,0,0,0,1,16,269,177,39,15,328,176,40,15,0.1452991452991453,0.13,0.13764957264957267,0.4666666666666667,0.4,0.43333333333333335,1775,0.06093189964157706,0.07510917030567686,0.06802053497362696,70
33,33.mp4,57,1.9111769953051643,0,0,0,1,17,269,177,39,15,328,176,40,15,0.15042735042735042,0.135,0.14271367521367523,0.4666666666666667,0.4,0.43333333333333335,1775,0.05824372759856631,0.07598253275109171,0.067113130174829,70
33,33.mp4,58,1.9447064162754304,0,0,0,1,18,269,177,39,15,328,176,40,15,0.1452991452991453,0.135,0.14014957264957267,0.4666666666666667,0.4,0.43333333333333335,1775,0.05734767025089606,0.07336244541484715,0.0653550578328716,70
33,33.mp4,59,1.9782358372456963,0,0,0,1,19,269,177,39,15,328,176,40,15,0.147008547008547,0.13166666666666665,0.13933760683760682,0.4666666666666667,0.4,0.43333333333333335,1775,0.056451612903225805,0.07423580786026202,0.06534371038174391,70
33,33.mp4,60,2.0117652582159624,0,1,1,1,0,268,177,40,15,328,175,39,15,0.13333333333333333,0.1264957264957265,0.1299145299145299,0.4666666666666667,0.4,0.43333333333333335,1775,0.05502183406113537,0.06989247311827956,0.062457153589707465,70
33,33.mp4,61,2.0452946791862283,0,0,0,1,1,268,177,40,15,328,175,39,15,0.14166666666666666,0.12478632478632479,0.13322649572649573,0.4666666666666667,0.4,0.43333333333333335,1775,0.05414847161572053,0.07437275985663082,0.06426061573617567,70
33,33.mp4,62,2.0788241001564947,0,0,0,1,2,268,177,40,15,328,175,39,15,0.14,0.1282051282051282,0.1341025641025641,0.4666666666666667,0.4,0.43333333333333335,1775,0.05240174672489083,0.07078853046594982,0.061595138595420325,70
33,33.mp4,63,2.1123535211267606,0,0,0,1,3,268,177,40,15,328,175,39,15,0.14333333333333334,0.12991452991452992,0.13662393162393163,0.4666666666666667,0.4,0.43333333333333335,1775,0.05502183406113537,0.07347670250896057,0.06424926828504797,70
33,33.mp4,64,2.1458829420970265,0,0,0,1,4,268,177,40,15,328,175,39,15,0.14166666666666666,0.1282051282051282,0.13493589743589743,0.4666666666666667,0.4,0.43333333333333335,1775,0.05414847161572053,0.07258064516129033,0.06336455838850542,70
33,33.mp4,65,2.179412363067293,0,0,0,1,5,268,177,40,15,328,175,39,15,0.14,0.12991452991452992,0.13495726495726496,0.4666666666666667,0.4,0.43333333333333335,1775,0.05240174672489083,0.07168458781362007,0.06204316726925545,70
33,33.mp4,66,2.2129417840375587,0,0,0,1,6,268,177,40,15,328,175,39,15,0.14,0.1282051282051282,0.1341025641025641,0.4666666666666667,0.4,0.43333333333333335,1775,0.05240174672489083,0.06810035842293907,0.06025105257391495,70
33,33.mp4,67,2.2464712050078246,0,0,0,1,7,268,177,40,15,328,175,39,15,0.13666666666666666,0.1264957264957265,0.13158119658119657,0.4666666666666667,0.4,0.43333333333333335,1775,0.050655021834061134,0.06810035842293907,0.0593776901285001,70
33,33.mp4,68,2.280000625978091,0,0,0,1,8,268,177,40,15,328,175,39,15,0.14,0.12991452991452992,0.13495726495726496,0.4666666666666667,0.4,0.43333333333333335,1775,0.04978165938864629,0.07258064516129033,0.06118115227496831,70
33,33.mp4,69,2.313530046948357,0,0,0,1,9,268,177,40,15,328,175,39,15,0.14166666666666666,0.1282051282051282,0.13493589743589743,0.4666666666666667,0.4,0.43333333333333335,1775,0.050655021834061134,0.07347670250896057,0.062065862171510854,70
33,33.mp4,70,2.3470594679186227,0,0,0,1,10,268,177,40,15,328,175,39,15,0.13666666666666666,0.13162393162393163,0.13414529914529916,0.4666666666666667,0.4,0.43333333333333335,1775,0.05327510917030567,0.07258064516129033,0.06292787716579801,70
33,33.mp4,71,2.3805888888888886,0,0,0,1,11,268,177,40,15,328,175,39,15,0.135,0.13333333333333333,0.13416666666666666,0.4666666666666667,0.4,0.43333333333333335,1775,0.05327510917030567,0.07347670250896057,0.06337590583963312,70
33,33.mp4,72,2.414118309859155,0,0,0,1,12,268,177,40,15,328,175,39,15,0.135,0.13162393162393163,0.1333119658119658,0.4666666666666667,0.4,0.43333333333333335,1775,0.056768558951965066,0.07616487455197132,0.06646671675196819,70
33,33.mp4,73,2.447647730829421,0,0,0,1,13,268,177,40,15,328,175,39,15,0.13666666666666666,0.13162393162393163,0.13414529914529916,0.4666666666666667,0.4,0.43333333333333335,1775,0.056768558951965066,0.07974910394265233,0.0682588314473087,70
33,33.mp4,74,2.481177151799687,0,0,0,1,14,268,177,40,15,328,175,39,15,0.13333333333333333,0.12991452991452992,0.13162393162393163,0.4666666666666667,0.4,0.43333333333333335,1775,0.056768558951965066,0.07258064516129033,0.0646746020566277,70
33,33.mp4,75,2.514706572769953,0,0,0,1,15,268,177,40,15,328,175,39,15,0.14,0.13504273504273503,0.1375213675213675,0.4666666666666667,0.4,0.43333333333333335,1775,0.05502183406113537,0.07258064516129033,0.06380123961121285,70
33,33.mp4,76,2.548235993740219,0,0,0,1,16,268,177,40,15,328,175,39,15,0.13666666666666666,0.13162393162393163,0.13414529914529916,0.4666666666666667,0.4,0.43333333333333335,1775,0.05327510917030567,0.06720430107526881,0.06023970512278724,70
33,33.mp4,77,2.581765414710485,0,0,0,1,17,268,177,40,15,328,175,39,15,0.13,0.13333333333333333,0.13166666666666665,0.4666666666666667,0.4,0.43333333333333335,1775,0.05851528384279476,0.06989247311827956,0.06420387848053716,70
33,33.mp4,78,2.6152948356807513,0,0,0,1,18,268,177,40,15,328,175,39,15,0.13166666666666665,0.12991452991452992,0.1307905982905983,0.4666666666666667,0.4,0.43333333333333335,1775,0.05502183406113537,0.06720430107526881,0.06111306756820209,70
33,33.mp4,79,2.648824256651017,0,0,0,1,19,268,177,40,15,328,175,39,15,0.13,0.13162393162393163,0.1308119658119658,0.4666666666666667,0.4,0.43333333333333335,1775,0.05152838427947598,0.06989247311827956,0.06071042869887777,70
33,33.mp4,80,2.682353677621283,0,1,1,1,0,268,177,39,15,327,175,39,15,0.13333333333333333,0.13333333333333333,0.13333333333333333,0.4666666666666667,0.4,0.43333333333333335,1775,0.0528673835125448,0.06899641577060932,0.06093189964157706,70
33,33.mp4,81,2.7158830985915494,0,0,0,1,1,268,177,39,15,327,175,39,15,0.13675213675213677,0.12991452991452992,0.13333333333333336,0.4666666666666667,0.4,0.43333333333333335,1775,0.053763440860215055,0.06989247311827956,0.06182795698924731,70
33,33.mp4,82,2.7494125195618153,0,0,0,1,2,268,177,39,15,327,175,39,15,0.13504273504273503,0.12991452991452992,0.13247863247863248,0.4666666666666667,0.4,0.43333333333333335,1775,0.051075268817204304,0.07347670250896057,0.06227598566308244,70
33,33.mp4,83,2.782941940532081,0,0,0,1,3,268,177,39,15,327,175,39,15,0.13675213675213677,0.13162393162393163,0.1341880341880342,0.4666666666666667,0.4,0.43333333333333335,1775,0.053763440860215055,0.06720430107526881,0.06048387096774194,70
33,33.mp4,84,2.8164713615023476,0,0,0,1,4,268,177,39,15,327,175,39,15,0.10085470085470086,0.06666666666666667,0.08376068376068377,0.4,0.3333333333333333,0.3666666666666667,1502,0.044802867383512544,0.06451612903225806,0.05465949820788531,70
33,33.mp4,85,2.8500007824726135,0,0,0,1,5,268,177,39,15,327,175,39,15,0.015384615384615385,0.018803418803418803,0.017094017094017096,0.13333333333333333,0.06666666666666667,0.1,410,0.023297491039426525,0.047491039426523295,0.03539426523297491,70
33,33.mp4,86,2.8835302034428794,0,0,0,1,6,268,177,39,15,327,175,39,15,0.04786324786324787,0.018803418803418803,0.03333333333333333,0.2,0.13333333333333333,0.16666666666666669,683,0.04659498207885305,0.03942652329749104,0.043010752688172046,70
33,33.mp4,87,2.9170596244131457,0,0,0,1,7,268,177,39,15,327,175,39,15,0.0547008547008547,0.03247863247863248,0.04358974358974359,0.2,0.2,0.2,819,0.04659498207885305,0.047491039426523295,0.04704301075268817,70
33,33.mp4,88,2.9505890453834116,1,0,0,1,8,268,177,39,15,327,175,39,15,0.05811965811965812,0.039316239316239315,0.04871794871794872,0.2,0.2,0.2,819,0.05197132616487455,0.047491039426523295,0.04973118279569892,70
33,33.mp4,89,2.9841184663536775,1,0,0,1,9,268,177,39,15,327,175,39,15,0.05982905982905983,0.037606837606837605,0.04871794871794872,0.26666666666666666,0.2,0.23333333333333334,956,0.05824372759856631,0.05465949820788531,0.05645161290322581,70
33,33.mp4,90,3.0176478873239434,1,0,0,1,10,268,177,39,15,327,175,39,15,0.06153846153846154,0.035897435897435895,0.04871794871794872,0.26666666666666666,0.2,0.23333333333333334,956,0.06003584229390681,0.05734767025089606,0.05869175627240143,70
33,33.mp4,91,3.0511773082942097,1,0,0,1,11,268,177,39,15,327,175,39,15,0.06495726495726496,0.035897435897435895,0.05042735042735043,0.26666666666666666,0.2,0.23333333333333334,956,0.05555555555555555,0.051075268817204304,0.05331541218637993,70
33,33.mp4,92,3.0847067292644756,1,0,0,1,12,268,177,39,15,327,175,39,15,0.06837606837606838,0.035897435897435895,0.05213675213675214,0.26666666666666666,0.2,0.23333333333333334,956,0.05913978494623656,0.05197132616487455,0.05555555555555555,70
33,33.mp4,93,3.1182361502347415,1,0,0,1,13,268,177,39,15,327,175,39,15,0.07179487179487179,0.044444444444444446,0.05811965811965812,0.26666666666666666,0.2,0.23333333333333334,956,0.05824372759856631,0.056451612903225805,0.05734767025089606,70
33,33.mp4,94,3.151765571205008,1,0,0,1,14,268,177,39,15,327,175,39,15,0.0735042735042735,0.04957264957264957,0.06153846153846154,0.26666666666666666,0.2,0.23333333333333334,956,0.05555555555555555,0.05824372759856631,0.05689964157706093,70
33,33.mp4,95,3.185294992175274,1,0,0,1,15,268,177,39,15,327,175,39,15,0.0735042735042735,0.04957264957264957,0.06153846153846154,0.26666666666666666,0.2,0.23333333333333334,956,0.056451612903225805,0.06272401433691756,0.05958781362007168,70
33,33.mp4,96,3.2188244131455397,1,0,0,1,16,268,177,39,15,327,175,39,15,0.07008547008547009,0.046153846153846156,0.05811965811965812,0.2,0.2,0.2,819,0.05555555555555555,0.05824372759856631,0.05689964157706093,70
33,33.mp4,97,3.252353834115806,1,0,0,1,17,268,177,39,15,327,175,39,15,0.07179487179487179,0.04957264957264957,0.060683760683760676,0.2,0.2,0.2,819,0.05824372759856631,0.05913978494623656,0.05869175627240143,70
33,33.mp4,98,3.285883255086072,1,0,0,1,18,268,177,39,15,327,175,39,15,0.0735042735042735,0.05299145299145299,0.06324786324786325,0.26666666666666666,0.2,0.23333333333333334,956,0.05824372759856631,0.06362007168458782,0.06093189964157707,70
33,33.mp4,99,3.319412676056338,1,0,0,1,19,268,177,39,15,327,175,39,15,0.07008547008547009,0.05299145299145299,0.06153846153846154,0.26666666666666666,0.2,0.23333333333333334,956,0.06093189964157706,0.06362007168458782,0.06227598566308244,70
33,33.mp4,100,3.352942097026604,1,1,1,1,0,266,182,39,12,325,180,40,11,0.09615384615384616,0.075,0.08557692307692308,0.3333333333333333,0.2727272727272727,0.303030303030303,1241,0.07344632768361582,0.07840772014475271,0.07592702391418427,70
33,33.mp4,101,3.38647151799687,1,0,0,1,1,266,182,39,12,325,180,40,11,0.08547008547008547,0.07272727272727272,0.0790986790986791,0.25,0.2727272727272727,0.26136363636363635,1071,0.0768361581920904,0.08443908323281062,0.08063762071245051,70
33,33.mp4,102,3.420000938967136,1,0,0,1,2,266,182,39,12,325,180,40,11,0.09188034188034189,0.07727272727272727,0.08457653457653458,0.25,0.2727272727272727,0.26136363636363635,1071,0.07344632768361582,0.07840772014475271,0.07592702391418427,70
33,33.mp4,103,3.4535303599374023,1,0,0,1,3,266,182,39,12,325,180,40,11,0.0876068376068376,0.07727272727272727,0.08243978243978244,0.25,0.2727272727272727,0.26136363636363635,1071,0.06892655367231638,0.08082026537997587,0.07487340952614613,70
33,33.mp4,104,3.487059780907668,1,0,0,1,4,266,182,39,12,325,180,40,11,0.08974358974358974,0.07272727272727272,0.08123543123543123,0.25,0.2727272727272727,0.26136363636363635,1071,0.06666666666666667,0.07840772014475271,0.07253719340570969,70
33,33.mp4,105,3.520589201877934,1,0,0,1,5,266,182,39,12,325,180,40,11,0.08547008547008547,0.07045454545454545,0.07796231546231547,0.25,0.2727272727272727,0.26136363636363635,1071,0.06666666666666667,0.0856453558504222,0.07615601125854443,70
33,33.mp4,106,3.5541186228482005,1,0,0,1,6,266,182,39,12,325,180,40,11,0.08974358974358974,0.07045454545454545,0.0800990675990676,0.25,0.2727272727272727,0.26136363636363635,1071,0.06666666666666667,0.0856453558504222,0.07615601125854443,70
33,33.mp4,107,3.5876480438184664,1,0,0,1,7,266,182,39,12,325,180,40,11,0.08974358974358974,0.07045454545454545,0.0800990675990676,0.25,0.2727272727272727,0.26136363636363635,1071,0.07344632768361582,0.08926417370325694,0.08135525069343638,70
33,33.mp4,108,3.6211774647887323,1,0,0,1,8,266,182,39,12,325,180,40,11,0.09188034188034189,0.06818181818181818,0.08003108003108003,0.25,0.2727272727272727,0.26136363636363635,1071,0.07344632768361582,0.08926417370325694,0.08135525069343638,70
33,33.mp4,109,3.654706885758998,1,0,0,1,9,266,182,39,12,325,180,40,11,0.09401709401709402,0.07272727272727272,0.08337218337218337,0.25,0.2727272727272727,0.26136363636363635,1071,0.07005649717514124,0.08926417370325694,0.07966033543919909,70
33,33.mp4,110,3.6882363067292645,1,0,0,1,10,266,182,39,12,325,180,40,11,0.08547008547008547,0.07045454545454545,0.07796231546231547,0.25,0.2727272727272727,0.26136363636363635,1071,0.0711864406779661,0.09529553679131483,0.08324098873464048,70
33,33.mp4,111,3.7217657276995304,1,0,0,1,11,266,182,39,12,325,180,40,11,0.0811965811965812,0.07272727272727272,0.07696192696192697,0.25,0.2727272727272727,0.26136363636363635,1071,0.06892655367231638,0.09047044632086852,0.07969849999659245,70
33,33.mp4,112,3.7552951486697963,1,0,0,1,12,266,182,39,12,325,180,40,11,0.08547008547008547,0.075,0.08023504273504273,0.25,0.2727272727272727,0.26136363636363635,1071,0.0711864406779661,0.09288299155609167,0.0820347161170289,70
33,33.mp4,113,3.7888245696400626,1,0,0,1,13,266,182,39,12,325,180,40,11,0.08547008547008547,0.07045454545454545,0.07796231546231547,0.25,0.2727272727272727,0.26136363636363635,1071,0.0711864406779661,0.07720144752714113,0.07419394410255362,70
33,33.mp4,114,3.8223539906103285,1,0,0,1,14,266,182,39,12,325,180,40,11,0.08547008547008547,0.06136363636363636,0.07341686091686092,0.25,0.2727272727272727,0.26136363636363635,1071,0.07457627118644068,0.08926417370325694,0.08192022244484881,70
33,33.mp4,115,3.8558834115805944,1,0,0,1,15,266,182,39,12,325,180,40,11,0.0876068376068376,0.06818181818181818,0.07789432789432789,0.25,0.2727272727272727,0.26136363636363635,1071,0.07796610169491526,0.08685162846803378,0.08240886508147452,70
33,33.mp4,116,3.889412832550861,1,0,0,1,16,266,182,39,12,325,180,40,11,0.08547008547008547,0.0659090909090909,0.07568958818958818,0.25,0.2727272727272727,0.26136363636363635,1071,0.07005649717514124,0.08926417370325694,0.07966033543919909,70
33,33.mp4,117,3.9229422535211267,1,0,0,1,17,266,182,39,12,325,180,40,11,0.0876068376068376,0.0659090909090909,0.07675796425796425,0.25,0.2727272727272727,0.26136363636363635,1071,0.07231638418079096,0.08082026537997587,0.07656832478038342,70
33,33.mp4,118,3.9564716744913926,1,0,0,1,18,266,182,39,12,325,180,40,11,0.08547008547008547,0.06363636363636363,0.07455322455322455,0.25,0.2727272727272727,0.26136363636363635,1071,0.07231638418079096,0.07961399276236429,0.07596518847157763,70
33,33.mp4,119,3.990001095461659,1,0,0,1,19,266,182,39,12,325,180,40,11,0.08333333333333333,0.0659090909090909,0.07462121212121212,0.25,0.2727272727272727,0.26136363636363635,1071,0.06440677966101695,0.09047044632086852,0.07743861299094273,70
33,33.mp4,120,4.023530516431925,1,1,1,1,0,265,183,39,11,324,180,40,11,0.09324009324009325,0.0659090909090909,0.07957459207459208,0.2727272727272727,0.2727272727272727,0.2727272727272727,1117,0.07549504950495049,0.08443908323281062,0.07996706636888055,70
33,33.mp4,121,4.057059937402191,1,0,0,1,1,265,183,39,11,324,180,40,11,0.09324009324009325,0.0659090909090909,0.07957459207459208,0.2727272727272727,0.2727272727272727,0.2727272727272727,1117,0.07425742574257425,0.09167671893848009,0.08296707234052716,70
33,33.mp4,122,4.090589358372457,1,0,0,1,2,265,183,39,11,324,180,40,11,0.09324009324009325,0.0659090909090909,0.07957459207459208,0.2727272727272727,0.2727272727272727,0.2727272727272727,1117,0.07549504950495049,0.08685162846803378,0.08117333898649214,70
33,33.mp4,123,4.124118779342723,1,0,0,1,3,265,183,39,11,324,180,40,11,0.09090909090909091,0.06363636363636363,0.07727272727272727,0.2727272727272727,0.2727272727272727,0.2727272727272727,1117,0.07673267326732673,0.0856453558504222,0.08118901455887446,70
33,33.mp4,124,4.157648200312989,1,0,0,1,4,265,183,39,11,324,180,40,11,0.08857808857808858,0.07272727272727272,0.08065268065268065,0.2727272727272727,0.2727272727272727,0.2727272727272727,1117,0.07425742574257425,0.08926417370325694,0.0817607997229156,70
33,33.mp4,125,4.191177621283255,1,0,0,1,5,265,183,39,11,324,180,40,11,0.09090909090909091,0.06363636363636363,0.07727272727272727,0.36363636363636365,0.2727272727272727,0.3181818181818182,1303,0.07673267326732673,0.09167671893848009,0.0842046961029034,70
33,33.mp4,126,4.224707042253521,1,0,0,1,6,265,183,39,11,324,180,40,11,0.08857808857808858,0.06818181818181818,0.07837995337995338,0.36363636363636365,0.2727272727272727,0.3181818181818182,1303,0.07549504950495049,0.09167671893848009,0.08358588422171528,70
33,33.mp4,127,4.2582364632237875,1,0,0,1,7,265,183,39,11,324,180,40,11,0.09557109557109557,0.0659090909090909,0.08074009324009324,0.36363636363636365,0.2727272727272727,0.3181818181818182,1303,0.07054455445544554,0.09167671893848009,0.0811106366969628,70
33,33.mp4,128,4.291765884194053,1,0,0,1,8,265,183,39,11,324,180,40,11,0.0979020979020979,0.06136363636363636,0.07963286713286713,0.36363636363636365,0.2727272727272727,0.3181818181818182,1303,0.07054455445544554,0.09047044632086852,0.08050750038815703,70
33,33.mp4,129,4.325295305164319,1,0,0,1,9,265,183,39,11,324,180,40,11,0.10023310023310024,0.05909090909090909,0.07966200466200467,0.36363636363636365,0.18181818181818182,0.2727272727272727,1117,0.07549504950495049,0.09167671893848009,0.08358588422171528,70
33,33.mp4,130,4.358824726134586,1,0,0,1,10,265,183,39,11,324,180,40,11,0.10256410256410256,0.06363636363636363,0.0831002331002331,0.36363636363636365,0.2727272727272727,0.3181818181818182,1303,0.07549504950495049,0.09891435464414958,0.08720470207455003,70
33,33.mp4,131,4.392354147104851,1,0,0,1,11,265,183,39,11,324,180,40,11,0.10256410256410256,0.06363636363636363,0.0831002331002331,0.36363636363636365,0.18181818181818182,0.2727272727272727,1117,0.07301980198019802,0.09650180940892641,0.08476080569456221,70
33,33.mp4,132,4.425883568075117,1,0,0,1,12,265,183,39,11,324,180,40,11,0.10023310023310024,0.06136363636363636,0.0807983682983683,0.36363636363636365,0.2727272727272727,0.3181818181818182,1303,0.06930693069306931,0.09288299155609167,0.08109496112458049,70
33,33.mp4,133,4.459412989045384,1,0,0,1,13,265,183,39,11,324,180,40,11,0.10256410256410256,0.05909090909090909,0.08082750582750582,0.36363636363636365,0.2727272727272727,0.3181818181818182,1303,0.07178217821782178,0.08926417370325694,0.08052317596053936,70
33,33.mp4,134,4.492942410015649,1,0,0,1,14,265,183,39,11,324,180,40,11,0.10256410256410256,0.06818181818181818,0.08537296037296037,0.36363636363636365,0.2727272727272727,0.3181818181818182,1303,0.06806930693069307,0.097708082026538,0.08288869447861553,70
33,33.mp4,135,4.5264718309859155,1,0,0,1,15,265,183,39,11,324,180,40,11,0.09557109557109557,0.0659090909090909,0.08074009324009324,0.36363636363636365,0.2727272727272727,0.3181818181818182,1303,0.07301980198019802,0.09047044632086852,0.08174512415053327,70
33,33.mp4,136,4.560001251956182,1,0,0,1,16,265,183,39,11,324,180,40,11,0.09324009324009325,0.06363636363636363,0.07843822843822844,0.36363636363636365,0.2727272727272727,0.3181818181818182,1303,0.08044554455445545,0.08685162846803378,0.08364858651124461,70
33,33.mp4,137,4.593530672926447,1,0,0,1,17,265,183,39,11,324,180,40,11,0.08158508158508158,0.06818181818181818,0.07488344988344989,0.36363636363636365,0.2727272727272727,0.3181818181818182,1303,0.0655940594059406,0.08685162846803378,0.0762228439369872,70
33,33.mp4,138,4.627060093896714,1,0,0,1,18,265,183,39,11,324,180,40,11,0.08391608391608392,0.06363636363636363,0.07377622377622378,0.36363636363636365,0.2727272727272727,0.3181818181818182,1303,0.06064356435643564,0.09529553679131483,0.07796955057387524,70
33,33.mp4,139,4.660589514866979,1,0,0,1,19,265,183,39,11,324,180,40,11,0.08857808857808858,0.0659090909090909,0.07724358974358975,0.36363636363636365,0.2727272727272727,0.3181818181818182,1303,0.06064356435643564,0.09650180940892641,0.07857268688268103,70
33,33.mp4,140,4.6941189358372455,1,1,1,1,0,265,183,40,11,323,182,40,8,0.08409090909090909,0.09375,0.08892045454545455,0.36363636363636365,0.375,0.3693181818181818,1513,0.06272617611580217,0.125,0.09386308805790108,70
33,33.mp4,141,4.727648356807512,1,0,0,1,1,265,183,40,11,323,182,40,8,0.07954545454545454,0.0875,0.08352272727272728,0.36363636363636365,0.375,0.3693181818181818,1513,0.06031363088057901,0.1266891891891892,0.0935014100348841,70
33,33.mp4,142,4.761177777777777,1,0,0,1,2,265,183,40,11,323,182,40,8,0.08409090909090909,0.08125,0.08267045454545455,0.36363636363636365,0.375,0.3693181818181818,1513,0.061519903498190594,0.13344594594594594,0.09748292472206826,70
33,33.mp4,143,4.794707198748044,1,0,0,1,3,265,183,40,11,323,182,40,8,0.09772727272727273,0.096875,0.09730113636363637,0.36363636363636365,0.375,0.3693181818181818,1513,0.06634499396863691,0.13175675675675674,0.09905087536269683,70
33,33.mp4,144,4.82823661971831,1,0,0,1,4,265,183,40,11,323,182,40,8,0.09318181818181819,0.090625,0.09190340909090909,0.36363636363636365,0.375,0.3693181818181818,1513,0.06634499396863691,0.13006756756756757,0.09820628076810224,70
33,33.mp4,145,4.861766040688575,1,0,0,1,5,265,183,40,11,323,182,40,8,0.09090909090909091,0.09375,0.09232954545454546,0.2727272727272727,0.375,0.32386363636363635,1327,0.06393244873341375,0.12837837837837837,0.09615541355589606,70
33,33.mp4,146,4.895295461658842,1,0,0,1,6,265,183,40,11,323,182,40,8,0.09772727272727273,0.0875,0.09261363636363637,0.36363636363636365,0.375,0.3693181818181818,1513,0.06393244873341375,0.13682432432432431,0.10037838652886903,70
33,33.mp4,147,4.928824882629108,1,0,0,1,7,265,183,40,11,323,182,40,8,0.08863636363636364,0.0875,0.08806818181818182,0.2727272727272727,0.375,0.32386363636363635,1327,0.06634499396863691,0.13851351351351351,0.10242925374107521,70
33,33.mp4,148,4.962354303599374,1,0,0,1,8,265,183,40,11,323,182,40,8,0.08863636363636364,0.09375,0.09119318181818181,0.2727272727272727,0.375,0.32386363636363635,1327,0.06996381182147166,0.13175675675675674,0.1008602842891142,70
33,33.mp4,149,4.99588372456964,1,0,0,1,9,265,183,40,11,323,182,40,8,0.08863636363636364,0.0875,0.08806818181818182,0.2727272727272727,0.375,0.32386363636363635,1327,0.06393244873341375,0.13006756756756757,0.09700000815049066,70
33,33.mp4,150,5.029413145539906,1,0,0,1,10,265,183,40,11,323,182,40,8,0.09772727272727273,0.103125,0.10042613636363637,0.2727272727272727,0.375,0.32386363636363635,1327,0.06755126658624849,0.13344594594594594,0.10049860626609722,70
33,33.mp4,151,5.062942566510172,1,0,0,1,11,265,183,40,11,323,182,40,8,0.10227272727272728,0.1,0.10113636363636364,0.2727272727272727,0.375,0.32386363636363635,1327,0.06634499396863691,0.13175675675675674,0.09905087536269683,70
33,33.mp4,152,5.096471987480438,1,0,0,1,12,265,183,40,11,323,182,40,8,0.09318181818181819,0.10625,0.09971590909090909,0.2727272727272727,0.375,0.32386363636363635,1327,0.07117008443908324,0.13175675675675674,0.10146342059791999,70
33,33.mp4,153,5.130001408450704,1,0,0,1,13,265,183,40,11,323,182,40,8,0.08409090909090909,0.10625,0.09517045454545454,0.2727272727272727,0.375,0.32386363636363635,1327,0.06875753920386007,0.125,0.09687876960193004,70
33,33.mp4,154,5.16353082942097,1,0,0,1,14,265,183,40,11,323,182,40,8,0.08636363636363636,0.109375,0.09786931818181818,0.2727272727272727,0.375,0.32386363636363635,1327,0.06634499396863691,0.11824324324324324,0.09229411860594008,70
33,33.mp4,155,5.197060250391236,1,0,0,1,15,265,183,40,11,323,182,40,8,0.08181818181818182,0.10625,0.0940340909090909,0.2727272727272727,0.375,0.32386363636363635,1327,0.06634499396863691,0.12162162162162163,0.09398330779512927,70
33,33.mp4,156,5.2305896713615025,1,0,0,1,16,265,183,40,11,323,182,40,8,0.08181818181818182,0.109375,0.09559659090909091,0.2727272727272727,0.375,0.32386363636363635,1327,0.06996381182147166,0.11486486486486487,0.09241433834316826,70
33,33.mp4,157,5.264119092331768,1,0,0,1,17,265,183,40,11,323,182,40,8,0.07954545454545454,0.10625,0.09289772727272727,0.2727272727272727,0.375,0.32386363636363635,1327,0.07117008443908324,0.1097972972972973,0.09048369086819028,70
33,33.mp4,158,5.297648513302034,1,0,0,1,18,265,183,40,11,323,182,40,8,0.07954545454545454,0.115625,0.09758522727272728,0.2727272727272727,0.375,0.32386363636363635,1327,0.06513872135102533,0.11148648648648649,0.08831260391875591,70
33,33.mp4,159,5.331177934272301,1,0,0,1,19,265,183,40,11,323,182,40,8,0.08409090909090909,0.1125,0.09829545454545455,0.2727272727272727,0.375,0.32386363636363635,1327,0.07237635705669482,0.10304054054054054,0.08770844879861768,70
33,33.mp4,160,5.364707355242566,1,1,1,1,0,267,182,40,12,325,180,43,11,0.07708333333333334,0.07610993657505286,0.0765966349541931,0.25,0.2727272727272727,0.26136363636363635,1071,0.06167400881057269,0.06950672645739911,0.0655903676339859,70
33,33.mp4,161,5.3982367762128325,1,0,0,1,1,267,182,40,12,325,180,43,11,0.08541666666666667,0.07399577167019028,0.07970621916842847,0.3333333333333333,0.2727272727272727,0.303030303030303,1241,0.05616740088105727,0.06726457399103139,0.061715987436044326,70
33,33.mp4,162,5.431766197183099,1,0,0,1,2,267,182,40,12,325,180,43,11,0.08541666666666667,0.07399577167019028,0.07970621916842847,0.3333333333333333,0.2727272727272727,0.303030303030303,1241,0.053964757709251104,0.07511210762331838,0.06453843266628474,70
33,33.mp4,163,5.465295618153364,1,0,0,1,3,267,182,40,12,325,180,43,11,0.08333333333333333,0.07610993657505286,0.0797216349541931,0.3333333333333333,0.2727272727272727,0.303030303030303,1241,0.05286343612334802,0.07174887892376682,0.06230615752355742,70
33,33.mp4,164,5.498825039123631,1,0,0,1,4,267,182,40,12,325,180,43,11,0.08333333333333333,0.07399577167019028,0.0786645525017618,0.3333333333333333,0.2727272727272727,0.303030303030303,1241,0.05616740088105727,0.06950672645739911,0.06283706366922819,70
33,33.mp4,165,5.532354460093897,1,0,0,1,5,267,182,40,12,325,180,43,11,0.07708333333333334,0.06976744186046512,0.07342538759689923,0.3333333333333333,0.2727272727272727,0.303030303030303,1241,0.0671806167400881,0.07286995515695067,0.0700252859485194,70
33,33.mp4,166,5.565883881064162,1,0,0,1,6,267,182,40,12,325,180,43,11,0.07708333333333334,0.07188160676532769,0.07448247004933051,0.25,0.2727272727272727,0.26136363636363635,1071,0.06387665198237885,0.07062780269058296,0.0672522273364809,70
33,33.mp4,167,5.599413302034429,1,0,0,1,7,267,182,40,12,325,180,43,11,0.08125,0.080338266384778,0.08079413319238901,0.3333333333333333,0.2727272727272727,0.303030303030303,1241,0.06497797356828194,0.0773542600896861,0.07116611682898402,70
33,33.mp4,168,5.632942723004695,1,0,0,1,8,267,182,40,12,325,180,43,11,0.08541666666666667,0.06976744186046512,0.07759205426356588,0.3333333333333333,0.2727272727272727,0.303030303030303,1241,0.05837004405286344,0.07399103139013453,0.06618053772149898,70
33,33.mp4,169,5.666472143974961,1,0,0,1,9,267,182,40,12,325,180,43,11,0.0875,0.07188160676532769,0.07969080338266385,0.3333333333333333,0.2727272727272727,0.303030303030303,1241,0.06167400881057269,0.07174887892376682,0.06671144386716975,70
33,33.mp4,170,5.700001564945227,1,0,0,1,10,267,182,40,12,325,180,43,11,0.08333333333333333,0.06765327695560254,0.07549330514446793,0.3333333333333333,0.2727272727272727,0.303030303030303,1241,0.05506607929515418,0.06950672645739911,0.062286402876276646,70
33,33.mp4,171,5.733530985915493,1,0,0,1,11,267,182,40,12,325,180,43,11,0.08541666666666667,0.07399577167019028,0.07970621916842847,0.3333333333333333,0.2727272727272727,0.303030303030303,1241,0.0605726872246696,0.07511210762331838,0.06784239742399399,70
33,33.mp4,172,5.767060406885759,1,0,0,1,12,267,182,40,12,325,180,43,11,0.08333333333333333,0.07188160676532769,0.07760747004933051,0.3333333333333333,0.2727272727272727,0.303030303030303,1241,0.05947136563876652,0.07286995515695067,0.0661706603978586,70
33,33.mp4,173,5.800589827856025,1,0,0,1,13,267,182,40,12,325,180,43,11,0.08541666666666667,0.07399577167019028,0.07970621916842847,0.3333333333333333,0.2727272727272727,0.303030303030303,1241,0.05616740088105727,0.06726457399103139,0.061715987436044326,70
33,33.mp4,174,5.834119248826291,1,0,0,1,14,267,182,40,12,325,180,43,11,0.08541666666666667,0.06976744186046512,0.07759205426356588,0.3333333333333333,0.2727272727272727,0.303030303030303,1241,0.05286343612334802,0.06838565022421525,0.06062454317378163,70
33,33.mp4,175,5.867648669796557,1,0,0,1,15,267,182,40,12,325,180,43,11,0.07708333333333334,0.07610993657505286,0.0765966349541931,0.3333333333333333,0.2727272727272727,0.303030303030303,1241,0.04955947136563876,0.07062780269058296,0.06009363702811086,70
33,33.mp4,176,5.901178090766823,1,0,0,1,16,267,182,40,12,325,180,43,11,0.075,0.06976744186046512,0.07238372093023256,0.3333333333333333,0.2727272727272727,0.303030303030303,1241,0.046255506607929514,0.07062780269058296,0.058441654649256235,70
33,33.mp4,177,5.9347075117370895,1,0,0,1,17,267,182,40,12,325,180,43,11,0.08125,0.07188160676532769,0.07656580338266385,0.3333333333333333,0.2727272727272727,0.303030303030303,1241,0.04405286343612335,0.07623318385650224,0.0601430236463128,70
33,33.mp4,178,5.968236932707355,1,0,0,1,18,267,182,40,12,325,180,43,11,0.08125,0.06976744186046512,0.07550872093023256,0.3333333333333333,0.2727272727272727,0.303030303030303,1241,0.0473568281938326,0.07174887892376682,0.059552853558799704,70
33,33.mp4,179,6.001766353677621,1,0,0,1,19,267,182,40,12,325,180,43,11,0.08541666666666667,0.06976744186046512,0.07759205426356588,0.3333333333333333,0.2727272727272727,0.303030303030303,1241,0.051762114537444934,0.0795964125560538,0.06567926354674937,70
33,33.mp4,180,6.035295774647887,1,1,1,1,0,265,183,39,11,323,182,40,8,0.09324009324009325,0.103125,0.09818254662004662,0.36363636363636365,0.375,0.3693181818181818,1513,0.06311881188118812,0.11655405405405406,0.08983643296762109,70
33,33.mp4,181,6.068825195618153,1,0,0,1,1,265,183,39,11,323,182,40,8,0.0979020979020979,0.10625,0.10207604895104895,0.36363636363636365,0.375,0.3693181818181818,1513,0.07054455445544554,0.13006756756756757,0.10030606101150655,70
33,33.mp4,182,6.1023546165884195,1,0,0,1,2,265,183,39,11,323,182,40,8,0.0979020979020979,0.109375,0.10363854895104896,0.36363636363636365,0.375,0.3693181818181818,1513,0.06435643564356436,0.11993243243243243,0.0921444340379984,70
33,33.mp4,183,6.135884037558685,1,0,0,1,3,265,183,39,11,323,182,40,8,0.09324009324009325,0.10625,0.09974504662004663,0.36363636363636365,0.375,0.3693181818181818,1513,0.06806930693069307,0.12162162162162163,0.09484546427615735,70
33,33.mp4,184,6.169413458528951,1,0,0,1,4,265,183,39,11,323,182,40,8,0.09090909090909091,0.1,0.09545454545454546,0.36363636363636365,0.375,0.3693181818181818,1513,0.06435643564356436,0.11993243243243243,0.0921444340379984,70
33,33.mp4,185,6.202942879499218,1,0,0,1,5,265,183,39,11,323,182,40,8,0.08857808857808858,0.096875,0.09272654428904428,0.36363636363636365,0.375,0.3693181818181818,1513,0.06435643564356436,0.11993243243243243,0.0921444340379984,70
33,33.mp4,186,6.236472300469483,1,0,0,1,6,265,183,39,11,323,182,40,8,0.09090909090909091,0.09375,0.09232954545454546,0.36363636363636365,0.375,0.3693181818181818,1513,0.07178217821782178,0.13006756756756757,0.10092487289269467,70
33,33.mp4,187,6.270001721439749,1,0,0,1,7,265,183,39,11,323,182,40,8,0.09090909090909091,0.084375,0.08764204545454546,0.36363636363636365,0.375,0.3693181818181818,1513,0.06683168316831684,0.13006756756756757,0.0984496253679422,70
33,33.mp4,188,6.303531142410016,1,0,0,1,8,265,183,39,11,323,182,40,8,0.09557109557109557,0.084375,0.0899730477855478,0.36363636363636365,0.375,0.3693181818181818,1513,0.06435643564356436,0.14020270270270271,0.10227956917313354,70
33,33.mp4,189,6.337060563380281,1,0,0,1,9,265,183,39,11,323,182,40,8,0.09324009324009325,0.078125,0.08568254662004662,0.36363636363636365,0.375,0.3693181818181818,1513,0.050742574257425746,0.14527027027027026,0.09800642226384801,70
33,33.mp4,190,6.370589984350548,0,0,0,1,10,265,183,39,11,323,182,40,8,0.08391608391608392,0.065625,0.07477054195804196,0.36363636363636365,0.25,0.3068181818181818,1257,0.03589108910891089,0.10641891891891891,0.0711550040139149,70
33,33.mp4,191,6.404119405320814,0,0,0,1,11,265,183,39,11,323,182,40,8,0.03496503496503497,0.034375,0.03467001748251748,0.2727272727272727,0.125,0.19886363636363635,815,0.03217821782178218,0.08445945945945946,0.05831883864062082,70
33,33.mp4,192,6.437648826291079,0,0,0,1,12,265,183,39,11,323,182,40,8,0.06993006993006994,0.075,0.07246503496503497,0.45454545454545453,0.375,0.4147727272727273,1699,0.039603960396039604,0.0945945945945946,0.0670992774953171,70
33,33.mp4,193,6.471178247261346,0,0,0,1,13,265,183,39,11,323,182,40,8,0.08391608391608392,0.05625,0.07008304195804196,0.45454545454545453,0.375,0.4147727272727273,1699,0.03589108910891089,0.07432432432432433,0.055107706716617605,70
33,33.mp4,194,6.504707668231612,0,0,0,1,14,265,183,39,11,323,182,40,8,0.0979020979020979,0.040625,0.06926354895104896,0.45454545454545453,0.375,0.4147727272727273,1699,0.038366336633663366,0.06925675675675676,0.05381154669521006,70
33,33.mp4,195,6.5382370892018775,0,0,0,1,15,265,183,39,11,323,182,40,8,0.0979020979020979,0.040625,0.06926354895104896,0.45454545454545453,0.25,0.3522727272727273,1443,0.04826732673267327,0.05912162162162162,0.05369447417714744,70
33,33.mp4,196,6.571766510172144,0,0,0,1,16,265,183,39,11,323,182,40,8,0.09324009324009325,0.034375,0.06380754662004662,0.36363636363636365,0.25,0.3068181818181818,1257,0.04702970297029703,0.05405405405405406,0.05054187851217554,70
33,33.mp4,197,6.60529593114241,0,0,0,1,17,265,183,39,11,323,182,40,8,0.08624708624708624,0.021875,0.05406104312354312,0.45454545454545453,0.125,0.2897727272727273,1187,0.055693069306930694,0.052364864864864864,0.05402896708589778,70
33,33.mp4,198,6.638825352112676,0,0,0,1,18,265,183,39,11,323,182,40,8,0.08624708624708624,0.028125,0.05718604312354312,0.36363636363636365,0.125,0.24431818181818182,1001,0.0594059405940594,0.05405405405405406,0.05672999732405673,70
33,33.mp4,199,6.672354773082942,0,0,0,1,19,265,183,39,11,323,182,40,8,0.08857808857808858,0.025,0.056789044289044285,0.36363636363636365,0.125,0.24431818181818182,1001,0.06064356435643564,0.05405405405405406,0.05734880920524485,70
33,33.mp4,200,6.705884194053208,0,1,1,1,0,263,177,38,15,321,174,38,15,0.1280701754385965,0.08596491228070176,0.10701754385964912,0.4666666666666667,0.4,0.43333333333333335,1775,0.06623735050597976,0.06071757129714812,0.06347746090156393,70
33,33.mp4,201,6.739413615023474,0,0,0,1,1,263,177,38,15,321,174,38,15,0.13157894736842105,0.0912280701754386,0.11140350877192982,0.4666666666666667,0.4,0.43333333333333335,1775,0.061637534498620056,0.06531738730450783,0.06347746090156395,70
33,33.mp4,202,6.77294303599374,0,0,0,1,2,263,177,38,15,321,174,38,15,0.13508771929824562,0.0912280701754386,0.11315789473684211,0.5333333333333333,0.4,0.4666666666666667,1911,0.05887764489420423,0.06439742410303588,0.061637534498620056,70
33,33.mp4,203,6.8064724569640065,0,0,0,1,3,263,177,38,15,321,174,38,15,0.13333333333333333,0.09824561403508772,0.11578947368421053,0.5333333333333333,0.4,0.4666666666666667,1911,0.06071757129714812,0.06347746090156393,0.06209751609935603,70
33,33.mp4,204,6.840001877934272,0,0,0,1,4,263,177,38,15,321,174,38,15,0.14035087719298245,0.1,0.12017543859649123,0.5333333333333333,0.4666666666666667,0.5,2048,0.05795768169273229,0.061637534498620056,0.05979760809567618,70
33,33.mp4,205,6.873531298904538,0,0,0,1,5,263,177,38,15,321,174,38,15,0.14035087719298245,0.1,0.12017543859649123,0.5333333333333333,0.4,0.4666666666666667,1911,0.05335786568537258,0.06347746090156393,0.05841766329346826,70
33,33.mp4,206,6.907060719874805,0,0,0,1,6,263,177,38,15,321,174,38,15,0.13508771929824562,0.10877192982456141,0.12192982456140351,0.5333333333333333,0.4666666666666667,0.5,2048,0.05979760809567617,0.061637534498620056,0.06071757129714811,70
33,33.mp4,207,6.94059014084507,0,0,0,1,7,263,177,38,15,321,174,38,15,0.13859649122807016,0.11052631578947368,0.12456140350877193,0.5333333333333333,0.4,0.4666666666666667,1911,0.05795768169273229,0.06623735050597976,0.06209751609935603,70
33,33.mp4,208,6.974119561815336,0,0,0,1,8,263,177,38,15,321,174,38,15,0.13508771929824562,0.10701754385964912,0.12105263157894737,0.4666666666666667,0.4,0.43333333333333335,1775,0.051517939282428704,0.06347746090156393,0.05749770009199632,70
33,33.mp4,209,7.007648982785603,0,0,0,1,9,263,177,38,15,321,174,38,15,0.13859649122807016,0.11052631578947368,0.12456140350877193,0.5333333333333333,0.4666666666666667,0.5,2048,0.050597976080956765,0.06807727690892364,0.059337626494940204,70
33,33.mp4,210,7.041178403755868,0,0,0,1,10,263,177,38,15,321,174,38,15,0.14385964912280702,0.11052631578947368,0.12719298245614036,0.4666666666666667,0.5333333333333333,0.5,2048,0.05887764489420423,0.0671573137074517,0.06301747930082796,70
33,33.mp4,211,7.074707824726135,0,0,0,1,11,263,177,38,15,321,174,38,15,0.1456140350877193,0.11403508771929824,0.1298245614035088,0.5333333333333333,0.5333333333333333,0.5333333333333333,2185,0.05611775528978841,0.07175712971481141,0.06393744250229991,70
33,33.mp4,212,7.108237245696401,0,0,0,1,12,263,177,38,15,321,174,38,15,0.14736842105263157,0.10526315789473684,0.12631578947368421,0.5333333333333333,0.4,0.4666666666666667,1911,0.05887764489420423,0.0671573137074517,0.06301747930082796,70
33,33.mp4,213,7.141766666666666,0,0,0,1,13,263,177,38,15,321,174,38,15,0.14736842105263157,0.10877192982456141,0.1280701754385965,0.5333333333333333,0.4666666666666667,0.5,2048,0.05519779208831647,0.05979760809567617,0.05749770009199632,70
33,33.mp4,214,7.175296087636933,0,0,0,1,14,263,177,38,15,321,174,38,15,0.1456140350877193,0.10350877192982456,0.12456140350877193,0.5333333333333333,0.4,0.4666666666666667,1911,0.05335786568537258,0.06439742410303588,0.05887764489420423,70
33,33.mp4,215,7.208825508607199,0,0,0,1,15,263,177,38,15,321,174,38,15,0.15263157894736842,0.10175438596491228,0.12719298245614036,0.5333333333333333,0.4666666666666667,0.5,2048,0.05519779208831647,0.06807727690892364,0.061637534498620056,70
33,33.mp4,216,7.2423549295774645,0,0,0,1,16,263,177,38,15,321,174,38,15,0.14912280701754385,0.09649122807017543,0.12280701754385964,0.4666666666666667,0.4,0.43333333333333335,1775,0.051517939282428704,0.06623735050597976,0.05887764489420423,70
33,33.mp4,217,7.275884350547731,0,0,0,1,17,263,177,38,15,321,174,38,15,0.15087719298245614,0.09824561403508772,0.12456140350877193,0.5333333333333333,0.4,0.4666666666666667,1911,0.051517939282428704,0.06439742410303588,0.05795768169273229,70
33,33.mp4,218,7.309413771517996,0,0,0,1,18,263,177,38,15,321,174,38,15,0.15087719298245614,0.10526315789473684,0.1280701754385965,0.5333333333333333,0.4666666666666667,0.5,2048,0.05795768169273229,0.06623735050597976,0.06209751609935603,70
33,33.mp4,219,7.342943192488263,0,0,0,1,19,263,177,38,15,321,174,38,15,0.14912280701754385,0.1,0.12456140350877193,0.5333333333333333,0.3333333333333333,0.43333333333333335,1775,0.05519779208831647,0.0671573137074517,0.06117755289788408,70
33,33.mp4,220,7.376472613458529,0,1,1,1,0,264,176,39,16,323,173,38,15,0.1346153846153846,0.10175438596491228,0.11818488529014845,0.5625,0.3333333333333333,0.44791666666666663,1835,0.04861693210393965,0.06439742410303588,0.056507178103487765,70
33,33.mp4,221,7.4100020344287945,0,0,0,1,1,264,176,39,16,323,173,38,15,0.1282051282051282,0.10350877192982456,0.11585695006747637,0.5625,0.4,0.48125,1971,0.04945515507124895,0.06347746090156393,0.05646630798640644,70
33,33.mp4,222,7.443531455399061,0,0,0,1,2,264,176,39,16,323,173,38,15,0.1330128205128205,0.10350877192982456,0.11826079622132254,0.5,0.4,0.45,1843,0.04777870913663034,0.06531738730450783,0.05654804822056908,70
33,33.mp4,223,7.477060876369327,0,0,0,1,3,264,176,39,16,323,173,38,15,0.12980769230769232,0.10350877192982456,0.11665823211875845,0.5625,0.4,0.48125,1971,0.04861693210393965,0.06347746090156393,0.05604719650275179,70
33,33.mp4,224,7.510590297339593,0,0,0,1,4,264,176,39,16,323,173,38,15,0.13141025641025642,0.10175438596491228,0.11658232118758435,0.5625,0.4,0.48125,1971,0.04861693210393965,0.05979760809567617,0.054207270099807914,70
33,33.mp4,225,7.544119718309859,0,0,0,1,5,264,176,39,16,323,173,38,15,0.13141025641025642,0.09824561403508772,0.11482793522267207,0.5625,0.4,0.48125,1971,0.04610226320201174,0.061637534498620056,0.0538698988503159,70
33,33.mp4,226,7.577649139280125,0,0,0,1,6,264,176,39,16,323,173,38,15,0.12980769230769232,0.10175438596491228,0.1157810391363023,0.5625,0.4,0.48125,1971,0.04777870913663034,0.06439742410303588,0.05608806661983311,70
33,33.mp4,227,7.611178560250391,0,0,0,1,7,264,176,39,16,323,173,38,15,0.1282051282051282,0.10350877192982456,0.11585695006747637,0.5625,0.4,0.48125,1971,0.051969823973176864,0.05887764489420423,0.055423734433690544,70
33,33.mp4,228,7.644707981220657,0,0,0,1,8,264,176,39,16,323,173,38,15,0.1282051282051282,0.10526315789473684,0.11673414304993252,0.5625,0.4,0.48125,1971,0.053646269907795474,0.06071757129714812,0.05718192060247179,70
33,33.mp4,229,7.678237402190923,0,0,0,1,9,264,176,39,16,323,173,38,15,0.1282051282051282,0.10701754385964912,0.11761133603238866,0.5625,0.4,0.48125,1971,0.04610226320201174,0.05795768169273229,0.052029972447372015,70
33,33.mp4,230,7.711766823161189,0,0,0,1,10,264,176,39,16,323,173,38,15,0.1201923076923077,0.10701754385964912,0.11360492577597842,0.5625,0.4,0.48125,1971,0.04610226320201174,0.06991720331186753,0.05800973325693963,70
33,33.mp4,231,7.745296244131455,0,0,0,1,11,264,176,39,16,323,173,38,15,0.12980769230769232,0.11403508771929824,0.12192139001349528,0.5625,0.4,0.48125,1971,0.04610226320201174,0.07267709291628335,0.05938967805914755,70
33,33.mp4,232,7.778825665101722,0,0,0,1,12,264,176,39,16,323,173,38,15,0.1282051282051282,0.11929824561403508,0.12375168690958163,0.5,0.4666666666666667,0.48333333333333334,1980,0.051969823973176864,0.07635694572217111,0.06416338484767399,70
33,33.mp4,233,7.812355086071987,0,0,0,1,13,264,176,39,16,323,173,38,15,0.1330128205128205,0.11578947368421053,0.12440114709851552,0.5,0.4666666666666667,0.48333333333333334,1980,0.051969823973176864,0.07267709291628335,0.06232345844473011,70
33,33.mp4,234,7.845884507042253,0,0,0,1,14,264,176,39,16,323,173,38,15,0.1346153846153846,0.11754385964912281,0.1260796221322537,0.5,0.4,0.45,1843,0.053646269907795474,0.07267709291628335,0.06316168141203941,70
33,33.mp4,235,7.87941392801252,0,0,0,1,15,264,176,39,16,323,173,38,15,0.1346153846153846,0.12280701754385964,0.12871120107962214,0.5,0.4666666666666667,0.48333333333333334,1980,0.054484492875104776,0.06899724011039558,0.06174086649275018,70
33,33.mp4,236,7.912943348982785,0,0,0,1,16,264,176,39,16,323,173,38,15,0.13942307692307693,0.12280701754385964,0.13111504723346828,0.5,0.4,0.45,1843,0.056160938809723386,0.0671573137074517,0.06165912625858755,70
33,33.mp4,237,7.9464727699530515,0,0,0,1,17,264,176,39,16,323,173,38,15,0.13782051282051283,0.1280701754385965,0.13294534412955467,0.5,0.4,0.45,1843,0.05113160100586756,0.06531738730450783,0.0582244941551877,70
33,33.mp4,238,7.980002190923318,0,0,0,1,18,264,176,39,16,323,173,38,15,0.14102564102564102,0.11929824561403508,0.13016194331983805,0.5,0.4,0.45,1843,0.054484492875104776,0.06623735050597976,0.06036092169054227,70
33,33.mp4,239,8.013531611893583,0,0,0,1,19,264,176,39,16,323,173,38,15,0.13942307692307693,0.12105263157894737,0.13023785425101214,0.5,0.4,0.45,1843,0.051969823973176864,0.06807727690892364,0.06002355044105025,70
33,33.mp4,240,8.04706103286385,0,1,1,1,0,264,177,39,16,322,174,39,16,0.14102564102564102,0.11378205128205128,0.12740384615384615,0.4375,0.375,0.40625,1664,0.050293378038558254,0.06202849958088852,0.056160938809723386,70
33,33.mp4,241,8.080590453834116,0,0,0,1,1,264,177,39,16,322,174,39,16,0.14423076923076922,0.11858974358974358,0.1314102564102564,0.4375,0.375,0.40625,1664,0.05113160100586756,0.06286672254819782,0.056999161777032695,70
33,33.mp4,242,8.114119874804382,0,0,0,1,2,264,177,39,16,322,174,39,16,0.14423076923076922,0.11217948717948718,0.1282051282051282,0.4375,0.375,0.40625,1664,0.050293378038558254,0.06286672254819782,0.05658005029337804,70
33,33.mp4,243,8.147649295774647,0,0,0,1,3,264,177,39,16,322,174,39,16,0.14583333333333334,0.11217948717948718,0.12900641025641027,0.4375,0.375,0.40625,1664,0.05113160100586756,0.06035205364626991,0.055741827326068735,70
33,33.mp4,244,8.181178716744913,0,0,0,1,4,264,177,39,16,322,174,39,16,0.14423076923076922,0.10897435897435898,0.1266025641025641,0.4375,0.375,0.40625,1664,0.04861693210393965,0.057837384744341996,0.05322715842414082,70
33,33.mp4,245,8.21470813771518,0,0,0,1,5,264,177,39,16,322,174,39,16,0.14743589743589744,0.11217948717948718,0.12980769230769232,0.4375,0.375,0.40625,1664,0.050293378038558254,0.06035205364626991,0.05532271584241408,70
33,33.mp4,246,8.248237558685446,0,0,0,1,6,264,177,39,16,322,174,39,16,0.14423076923076922,0.10576923076923077,0.125,0.4375,0.375,0.40625,1664,0.04777870913663034,0.06705783738474434,0.05741827326068734,70
33,33.mp4,247,8.281766979655712,0,0,0,1,7,264,177,39,16,322,174,39,16,0.14102564102564102,0.10256410256410256,0.12179487179487179,0.4375,0.375,0.40625,1664,0.04526404023470243,0.06035205364626991,0.05280804694048617,70
33,33.mp4,248,8.315296400625979,0,0,0,1,8,264,177,39,16,322,174,39,16,0.14262820512820512,0.10256410256410256,0.12259615384615384,0.4375,0.375,0.40625,1664,0.04442581726739313,0.05951383067896061,0.05196982397317687,70
33,33.mp4,249,8.348825821596243,0,0,0,1,9,264,177,39,16,322,174,39,16,0.13942307692307693,0.10576923076923077,0.12259615384615385,0.4375,0.375,0.40625,1664,0.040234702430846606,0.05699916177703269,0.04861693210393965,70
33,33.mp4,250,8.38235524256651,0,0,0,1,10,264,177,39,16,322,174,39,16,0.13782051282051283,0.10737179487179487,0.12259615384615385,0.4375,0.375,0.40625,1664,0.04274937133277452,0.053646269907795474,0.04819782062028499,70
33,33.mp4,251,8.415884663536776,0,0,0,1,11,264,177,39,16,322,174,39,16,0.14102564102564102,0.11217948717948718,0.1266025641025641,0.4375,0.375,0.40625,1664,0.041911148365465216,0.054484492875104776,0.04819782062028499,70
33,33.mp4,252,8.449414084507042,0,0,0,1,12,264,177,39,16,322,174,39,16,0.14102564102564102,0.11378205128205128,0.12740384615384615,0.4375,0.375,0.40625,1664,0.04777870913663034,0.056160938809723386,0.051969823973176864,70
33,33.mp4,253,8.482943505477309,0,0,0,1,13,264,177,39,16,322,174,39,16,0.13782051282051283,0.11698717948717949,0.12740384615384615,0.4375,0.375,0.40625,1664,0.04526404023470243,0.055322715842414084,0.050293378038558254,70
33,33.mp4,254,8.516472926447575,0,0,0,1,14,264,177,39,16,322,174,39,16,0.13942307692307693,0.11698717948717949,0.1282051282051282,0.5,0.375,0.4375,1792,0.04358759430008382,0.06119027661357921,0.052388935456831515,70
33,33.mp4,255,8.55000234741784,0,0,0,1,15,264,177,39,16,322,174,39,16,0.1346153846153846,0.1201923076923077,0.12740384615384615,0.4375,0.375,0.40625,1664,0.04442581726739313,0.05951383067896061,0.05196982397317687,70
33,33.mp4,256,8.583531768388106,0,0,0,1,16,264,177,39,16,322,174,39,16,0.1330128205128205,0.11538461538461539,0.12419871794871795,0.5,0.375,0.4375,1792,0.041911148365465216,0.06119027661357921,0.05155071248952221,70
33,33.mp4,257,8.617061189358372,0,0,0,1,17,264,177,39,16,322,174,39,16,0.1330128205128205,0.11057692307692307,0.12179487179487179,0.5,0.375,0.4375,1792,0.040234702430846606,0.06286672254819782,0.05155071248952221,70
33,33.mp4,258,8.650590610328639,0,0,0,1,18,264,177,39,16,322,174,39,16,0.13782051282051283,0.10737179487179487,0.12259615384615385,0.5,0.375,0.4375,1792,0.04274937133277452,0.06370494551550712,0.053227158424140816,70
33,33.mp4,259,8.684120031298905,0,0,0,1,19,264,177,39,16,322,174,39,16,0.13782051282051283,0.10897435897435898,0.1233974358974359,0.5,0.375,0.4375,1792,0.038558256496227995,0.06202849958088852,0.050293378038558254,70
33,33.mp4,260,8.717649452269171,0,1,1,1,0,263,177,38,16,321,175,39,15,0.14309210526315788,0.11794871794871795,0.1305204116059379,0.5,0.4,0.45,1843,0.047332185886402756,0.07078853046594982,0.05906035817617629,70
33,33.mp4,261,8.751178873239436,0,0,0,1,1,263,177,38,16,321,175,39,15,0.13651315789473684,0.11794871794871795,0.1272309379217274,0.5,0.4,0.45,1843,0.0378657487091222,0.07258064516129033,0.05522319693520626,70
33,33.mp4,262,8.784708294209702,0,0,0,1,2,263,177,38,16,321,175,39,15,0.14638157894736842,0.11794871794871795,0.13216514844804317,0.5,0.4,0.45,1843,0.0378657487091222,0.06989247311827956,0.05387911091370089,70
33,33.mp4,263,8.818237715179968,0,0,0,1,3,263,177,38,16,321,175,39,15,0.1513157894736842,0.11794871794871795,0.13463225371120108,0.5,0.4,0.45,1843,0.04388984509466437,0.07437275985663082,0.059131302475647594,70
33,33.mp4,264,8.851767136150235,0,0,0,1,4,263,177,38,16,321,175,39,15,0.15296052631578946,0.11794871794871795,0.1354546221322537,0.5,0.4,0.45,1843,0.04388984509466437,0.06989247311827956,0.05689115910647197,70
33,33.mp4,265,8.885296557120501,0,0,0,1,5,263,177,38,16,321,175,39,15,0.14802631578947367,0.12307692307692308,0.13555161943319838,0.5,0.4,0.45,1843,0.04561101549053356,0.06989247311827956,0.05775174430440656,70
33,33.mp4,266,8.918825978090767,0,0,0,1,6,263,177,38,16,321,175,39,15,0.14638157894736842,0.12136752136752137,0.1338745501574449,0.5,0.4,0.45,1843,0.04388984509466437,0.06899641577060932,0.056443130432636844,70
33,33.mp4,267,8.952355399061032,0,0,0,1,7,263,177,38,16,321,175,39,15,0.14638157894736842,0.12136752136752137,0.1338745501574449,0.5,0.4,0.45,1843,0.04991394148020654,0.06899641577060932,0.05945517862540793,70
33,33.mp4,268,8.985884820031298,0,0,0,1,8,263,177,38,16,321,175,39,15,0.14309210526315788,0.12307692307692308,0.13308451417004047,0.5,0.4,0.45,1843,0.04216867469879518,0.06989247311827956,0.05603057390853737,70
33,33.mp4,269,9.019414241001565,0,0,0,1,9,263,177,38,16,321,175,39,15,0.14638157894736842,0.12478632478632479,0.1355839518668466,0.5,0.4,0.45,1843,0.04647160068846816,0.06899641577060932,0.05773400822953874,70
33,33.mp4,270,9.052943661971831,0,0,0,1,10,263,177,38,16,321,175,39,15,0.14473684210526316,0.1264957264957265,0.13561628430049483,0.5,0.4666666666666667,0.48333333333333334,1980,0.04991394148020654,0.06899641577060932,0.05945517862540793,70
33,33.mp4,271,9.086473082942097,0,0,0,1,11,263,177,38,16,321,175,39,15,0.14802631578947367,0.12478632478632479,0.13640632028789923,0.5,0.4666666666666667,0.48333333333333334,1980,0.04819277108433735,0.06989247311827956,0.05904262210130846,70
33,33.mp4,272,9.120002503912364,0,0,0,1,12,263,177,38,16,321,175,39,15,0.14309210526315788,0.1264957264957265,0.13479391587944217,0.5,0.4666666666666667,0.48333333333333334,1980,0.04905335628227195,0.06989247311827956,0.059472914700275756,70
33,33.mp4,273,9.153531924882628,0,0,0,1,13,263,177,38,16,321,175,39,15,0.14144736842105263,0.1264957264957265,0.13397154745838957,0.5,0.4666666666666667,0.48333333333333334,1980,0.04905335628227195,0.06362007168458782,0.05633671398342988,70
33,33.mp4,274,9.187061345852895,0,0,0,1,14,263,177,38,16,321,175,39,15,0.14144736842105263,0.1282051282051282,0.13482624831309042,0.5,0.4666666666666667,0.48333333333333334,1980,0.05163511187607573,0.06451612903225806,0.05807562045416689,70
33,33.mp4,275,9.220590766823161,0,0,0,1,15,263,177,38,16,321,175,39,15,0.14473684210526316,0.1282051282051282,0.13647098515519568,0.5,0.4666666666666667,0.48333333333333334,1980,0.04819277108433735,0.06720430107526881,0.05769853607980308,70
33,33.mp4,276,9.254120187793427,0,0,0,1,16,263,177,38,16,321,175,39,15,0.14638157894736842,0.12991452991452992,0.13814805443094919,0.5,0.4666666666666667,0.48333333333333334,1980,0.04905335628227195,0.06451612903225806,0.056784742657265005,70
33,33.mp4,277,9.287649608763694,0,0,0,1,17,263,177,38,16,321,175,39,15,0.14638157894736842,0.12991452991452992,0.13814805443094919,0.4375,0.4666666666666667,0.45208333333333334,1852,0.050774526678141134,0.06989247311827956,0.06033349989821035,70
33,33.mp4,278,9.321179029733958,0,0,0,1,18,263,177,38,16,321,175,39,15,0.14638157894736842,0.12307692307692308,0.13472925101214575,0.4375,0.4666666666666667,0.45208333333333334,1852,0.047332185886402756,0.06989247311827956,0.05861232950234116,70
33,33.mp4,279,9.354708450704225,0,0,0,1,19,263,177,38,16,321,175,39,15,0.14802631578947367,0.12478632478632479,0.13640632028789923,0.4375,0.4666666666666667,0.45208333333333334,1852,0.050774526678141134,0.07347670250896057,0.06212561459355086,70
33,33.mp4,280,9.388237871674491,0,1,1,1,0,262,178,38,16,320,175,39,15,0.1513157894736842,0.11965811965811966,0.13548695456590193,0.5,0.4,0.45,1843,0.04819277108433735,0.06899641577060932,0.058594593427473335,70
33,33.mp4,281,9.421767292644757,0,0,0,1,1,262,178,38,16,320,175,39,15,0.14967105263157895,0.12136752136752137,0.13551928699955015,0.5,0.4666666666666667,0.48333333333333334,1980,0.04819277108433735,0.06810035842293907,0.05814656475363821,70
33,33.mp4,282,9.455296713615024,0,0,0,1,2,262,178,38,16,320,175,39,15,0.15625,0.12136752136752137,0.1388087606837607,0.5,0.4,0.45,1843,0.04647160068846816,0.06899641577060932,0.05773400822953874,70
33,33.mp4,283,9.48882613458529,0,0,0,1,3,262,178,38,16,320,175,39,15,0.15296052631578946,0.1264957264957265,0.139728126405758,0.5,0.4666666666666667,0.48333333333333334,1980,0.04819277108433735,0.06720430107526881,0.05769853607980308,70
33,33.mp4,284,9.522355555555555,0,0,0,1,4,262,178,38,16,320,175,39,15,0.15625,0.12478632478632479,0.1405181623931624,0.5,0.4,0.45,1843,0.047332185886402756,0.07078853046594982,0.05906035817617629,70
33,33.mp4,285,9.555884976525821,0,0,0,1,5,262,178,38,16,320,175,39,15,0.15625,0.1282051282051282,0.1422275641025641,0.5,0.4666666666666667,0.48333333333333334,1980,0.04647160068846816,0.07437275985663082,0.06042218027254949,70
33,33.mp4,286,9.589414397496087,0,0,0,1,6,262,178,38,16,320,175,39,15,0.14638157894736842,0.12991452991452992,0.13814805443094919,0.5,0.4666666666666667,0.48333333333333334,1980,0.047332185886402756,0.07168458781362007,0.05950838685001141,70
33,33.mp4,287,9.622943818466354,0,0,0,1,7,262,178,38,16,320,175,39,15,0.14967105263157895,0.13162393162393163,0.1406474921277553,0.5,0.4666666666666667,0.48333333333333334,1980,0.047332185886402756,0.06720430107526881,0.057268243480835784,70
33,33.mp4,288,9.65647323943662,0,0,0,1,8,262,178,38,16,320,175,39,15,0.14309210526315788,0.1264957264957265,0.13479391587944217,0.4375,0.4666666666666667,0.45208333333333334,1852,0.04475043029259897,0.07258064516129033,0.05866553772694465,70
33,33.mp4,289,9.690002660406886,0,0,0,1,9,262,178,38,16,320,175,39,15,0.14309210526315788,0.13675213675213677,0.13992212100764734,0.4375,0.4666666666666667,0.45208333333333334,1852,0.047332185886402756,0.07078853046594982,0.05906035817617629,70
33,33.mp4,290,9.72353208137715,0,0,0,1,10,262,178,38,16,320,175,39,15,0.14802631578947367,0.13162393162393163,0.13982512370670264,0.4375,0.4666666666666667,0.45208333333333334,1852,0.050774526678141134,0.07347670250896057,0.06212561459355086,70
33,33.mp4,291,9.757061502347417,0,0,0,1,11,262,178,38,16,320,175,39,15,0.14967105263157895,0.13504273504273503,0.142356893837157,0.4375,0.4666666666666667,0.45208333333333334,1852,0.050774526678141134,0.07795698924731183,0.06436575796272648,70
33,33.mp4,292,9.790590923317684,0,0,0,1,12,262,178,38,16,320,175,39,15,0.14473684210526316,0.13675213675213677,0.14074448942869996,0.4375,0.4666666666666667,0.45208333333333334,1852,0.05249569707401033,0.07437275985663082,0.06343422846532057,70
33,33.mp4,293,9.82412034428795,0,0,0,1,13,262,178,38,16,320,175,39,15,0.14638157894736842,0.13162393162393163,0.13900275528565004,0.4375,0.4666666666666667,0.45208333333333334,1852,0.05421686746987952,0.07078853046594982,0.06250269896791467,70
33,33.mp4,294,9.857649765258216,0,0,0,1,14,262,178,38,16,320,175,39,15,0.14473684210526316,0.1452991452991453,0.14501799370220425,0.4375,0.4666666666666667,0.45208333333333334,1852,0.05679862306368331,0.07795698924731183,0.06737780615549757,70
33,33.mp4,295,9.891179186228483,0,0,0,1,15,262,178,38,16,320,175,39,15,0.13980263157894737,0.14188034188034188,0.14084148672964464,0.4375,0.4666666666666667,0.45208333333333334,1852,0.05593803786574871,0.07616487455197132,0.06605145620886002,70
33,33.mp4,296,9.924708607198747,0,0,0,1,16,262,178,38,16,320,175,39,15,0.14802631578947367,0.13504273504273503,0.14153452541610434,0.4375,0.4666666666666667,0.45208333333333334,1852,0.05335628227194492,0.07078853046594982,0.06207240636894737,70
33,33.mp4,297,9.958238028169013,0,0,0,1,17,262,178,38,16,320,175,39,15,0.14802631578947367,0.13846153846153847,0.14324392712550607,0.4375,0.4666666666666667,0.45208333333333334,1852,0.05679862306368331,0.06989247311827956,0.06334554809098143,70
33,33.mp4,298,9.99176744913928,0,0,0,1,18,262,178,38,16,320,175,39,15,0.14802631578947367,0.13162393162393163,0.13982512370670264,0.4375,0.4666666666666667,0.45208333333333334,1852,0.05163511187607573,0.07258064516129033,0.06210787851868303,70
33,33.mp4,299,10.025296870109546,0,0,0,1,19,262,178,38,16,320,175,39,15,0.14309210526315788,0.11965811965811966,0.13137511246063877,0.5,0.4666666666666667,0.48333333333333334,1980,0.04991394148020654,0.06810035842293907,0.0590071499515728,70
33,33.mp4,300,10.058826291079813,0,1,1,1,0,261,181,40,15,320,177,40,15,0.06,0.018333333333333333,0.03916666666666667,0.26666666666666666,0.13333333333333333,0.2,819,0.03668122270742358,0.0314410480349345,0.03406113537117904,70
33,33.mp4,301,10.092355712050079,0,0,0,1,1,261,181,40,15,320,177,40,15,0.06833333333333333,0.005,0.03666666666666667,0.26666666666666666,0.06666666666666667,0.16666666666666666,683,0.048034934497816595,0.03580786026200873,0.04192139737991266,70
33,33.mp4,302,10.125885133020343,0,0,0,1,2,261,181,40,15,320,177,40,15,0.07833333333333334,0.028333333333333332,0.05333333333333334,0.3333333333333333,0.2,0.26666666666666666,1092,0.04890829694323144,0.043668122270742356,0.0462882096069869,70
33,33.mp4,303,10.15941455399061,0,0,0,1,3,261,181,40,15,320,177,40,15,0.07833333333333334,0.03833333333333333,0.058333333333333334,0.3333333333333333,0.2,0.26666666666666666,1092,0.04890829694323144,0.050655021834061134,0.04978165938864629,70
33,33.mp4,304,10.192943974960876,0,0,0,1,4,261,181,40,15,320,177,40,15,0.08333333333333333,0.03,0.056666666666666664,0.3333333333333333,0.2,0.26666666666666666,1092,0.023580786026200874,0.04017467248908297,0.03187772925764192,70
33,33.mp4,305,10.226473395931142,0,0,0,1,5,261,181,40,15,320,177,40,15,0.08833333333333333,0.016666666666666666,0.0525,0.3333333333333333,0.13333333333333333,0.23333333333333334,956,0.032314410480349345,0.05152838427947598,0.04192139737991266,70
33,33.mp4,306,10.260002816901409,0,0,0,1,6,261,181,40,15,320,177,40,15,0.10333333333333333,0.04666666666666667,0.075,0.3333333333333333,0.3333333333333333,0.3333333333333333,1365,0.04104803493449782,0.05764192139737991,0.049344978165938864,70
33,33.mp4,307,10.293532237871675,0,0,0,1,7,261,181,40,15,320,177,40,15,0.11666666666666667,0.051666666666666666,0.08416666666666667,0.4,0.3333333333333333,0.3666666666666667,1502,0.03580786026200873,0.056768558951965066,0.0462882096069869,70
33,33.mp4,308,10.32706165884194,0,0,0,1,8,261,181,40,15,320,177,40,15,0.11833333333333333,0.08,0.09916666666666667,0.4,0.3333333333333333,0.3666666666666667,1502,0.03056768558951965,0.05851528384279476,0.0445414847161572,70
33,33.mp4,309,10.360591079812206,0,0,0,1,9,261,181,40,15,320,177,40,15,0.11333333333333333,0.06333333333333334,0.08833333333333333,0.4,0.3333333333333333,0.3666666666666667,1502,0.03406113537117904,0.05851528384279476,0.0462882096069869,70
33,33.mp4,310,10.394120500782472,0,0,0,1,10,261,181,40,15,320,177,40,15,0.043333333333333335,0.018333333333333333,0.030833333333333334,0.26666666666666666,0.06666666666666667,0.16666666666666666,683,0.029694323144104803,0.04279475982532751,0.036244541484716154,70
33,33.mp4,311,10.427649921752739,0,0,0,1,11,261,181,40,15,320,177,40,15,0.07166666666666667,0.006666666666666667,0.03916666666666667,0.3333333333333333,0.06666666666666667,0.19999999999999998,819,0.05152838427947598,0.029694323144104803,0.04061135371179039,70
33,33.mp4,312,10.461179342723005,0,0,0,1,12,261,181,40,15,320,177,40,15,0.08166666666666667,0.005,0.043333333333333335,0.3333333333333333,0.06666666666666667,0.19999999999999998,819,0.05589519650655022,0.034934497816593885,0.045414847161572056,70
33,33.mp4,313,10.494708763693271,0,0,0,1,13,261,181,40,15,320,177,40,15,0.08166666666666667,0.006666666666666667,0.04416666666666667,0.3333333333333333,0.06666666666666667,0.19999999999999998,819,0.04192139737991266,0.04017467248908297,0.04104803493449782,70
33,33.mp4,314,10.528238184663536,0,0,0,1,14,261,181,40,15,320,177,40,15,0.07166666666666667,0.011666666666666667,0.04166666666666667,0.3333333333333333,0.13333333333333333,0.23333333333333334,956,0.026200873362445413,0.04192139737991266,0.03406113537117904,70
33,33.mp4,315,10.561767605633802,0,0,0,1,15,261,181,40,15,320,177,40,15,0.07166666666666667,0.011666666666666667,0.04166666666666667,0.26666666666666666,0.06666666666666667,0.16666666666666666,683,0.027074235807860263,0.03755458515283843,0.032314410480349345,70
33,33.mp4,316,10.595297026604069,0,0,0,1,16,261,181,40,15,320,177,40,15,0.055,0.03833333333333333,0.04666666666666666,0.26666666666666666,0.26666666666666666,0.26666666666666666,1092,0.020087336244541485,0.04978165938864629,0.034934497816593885,70
33,33.mp4,317,10.628826447574335,0,0,0,1,17,261,181,40,15,320,177,40,15,0.04666666666666667,0.04833333333333333,0.0475,0.26666666666666666,0.26666666666666666,0.26666666666666666,1092,0.025327510917030567,0.05502183406113537,0.04017467248908297,70
33,33.mp4,318,10.662355868544601,0,0,0,1,18,261,181,40,15,320,177,40,15,0.06,0.06333333333333334,0.06166666666666667,0.4,0.3333333333333333,0.3666666666666667,1502,0.03406113537117904,0.056768558951965066,0.045414847161572056,70
33,33.mp4,319,10.695885289514866,0,0,0,1,19,261,181,40,15,320,177,40,15,0.07166666666666667,0.06666666666666667,0.06916666666666667,0.4666666666666667,0.3333333333333333,0.4,1638,0.034934497816593885,0.059388646288209605,0.04716157205240175,70
33,33.mp4,320,10.729414710485132,0,1,1,1,0,260,182,39,12,319,178,39,12,0.0641025641025641,0.0405982905982906,0.052350427350427345,0.3333333333333333,0.16666666666666666,0.25,1024,0.02598870056497175,0.0576271186440678,0.04180790960451977,70
33,33.mp4,321,10.762944131455399,0,0,0,1,1,260,182,39,12,319,178,39,12,0.08547008547008547,0.010683760683760684,0.04807692307692308,0.4166666666666667,0.08333333333333333,0.25,1024,0.04406779661016949,0.03728813559322034,0.04067796610169491,70
33,33.mp4,322,10.796473552425665,0,0,0,1,2,260,182,39,12,319,178,39,12,0.09829059829059829,0.014957264957264958,0.056623931623931624,0.5,0.16666666666666666,0.3333333333333333,1365,0.059887005649717516,0.04406779661016949,0.05197740112994351,70
33,33.mp4,323,10.830002973395931,0,0,0,1,3,260,182,39,12,319,178,39,12,0.1047008547008547,0.03418803418803419,0.06944444444444445,0.5,0.25,0.375,1536,0.05875706214689266,0.05536723163841808,0.05706214689265537,70
33,33.mp4,324,10.863532394366198,0,0,0,1,4,260,182,39,12,319,178,39,12,0.10897435897435898,0.038461538461538464,0.07371794871794872,0.5,0.25,0.375,1536,0.06327683615819209,0.0576271186440678,0.06045197740112994,70
33,33.mp4,325,10.897061815336462,0,0,0,1,5,260,182,39,12,319,178,39,12,0.12179487179487179,0.03418803418803419,0.07799145299145299,0.5,0.25,0.375,1536,0.03502824858757062,0.05084745762711865,0.04293785310734463,70
33,33.mp4,326,10.930591236306729,0,0,0,1,6,260,182,39,12,319,178,39,12,0.10042735042735043,0.019230769230769232,0.05982905982905983,0.4166666666666667,0.16666666666666666,0.2916666666666667,1195,0.021468926553672316,0.0384180790960452,0.029943502824858758,70
33,33.mp4,327,10.964120657276995,0,0,0,1,7,260,182,39,12,319,178,39,12,0.0811965811965812,0.02564102564102564,0.05341880341880342,0.4166666666666667,0.16666666666666666,0.2916666666666667,1195,0.023728813559322035,0.04971751412429379,0.03672316384180791,70
33,33.mp4,328,10.997650078247261,0,0,0,1,8,260,182,39,12,319,178,39,12,0.0876068376068376,0.06196581196581197,0.07478632478632478,0.3333333333333333,0.4166666666666667,0.375,1536,0.021468926553672316,0.061016949152542375,0.04124293785310734,70
33,33.mp4,329,11.031179499217528,0,0,0,1,9,260,182,39,12,319,178,39,12,0.12179487179487179,0.0876068376068376,0.10470085470085469,0.5833333333333334,0.4166666666666667,0.5,2048,0.02824858757062147,0.07344632768361582,0.05084745762711865,70
33,33.mp4,330,11.064708920187794,0,0,0,1,10,260,182,39,12,319,178,39,12,0.13247863247863248,0.10683760683760683,0.11965811965811965,0.5833333333333334,0.4166666666666667,0.5,2048,0.0327683615819209,0.06666666666666667,0.04971751412429379,70
33,33.mp4,331,11.098238341158059,0,0,0,1,11,260,182,39,12,319,178,39,12,0.1452991452991453,0.11324786324786325,0.12927350427350429,0.5833333333333334,0.5,0.5416666666666667,2219,0.0327683615819209,0.05536723163841808,0.04406779661016949,70
33,33.mp4,332,11.131767762128325,0,0,0,1,12,260,182,39,12,319,178,39,12,0.1452991452991453,0.10897435897435898,0.12713675213675213,0.5833333333333334,0.5,0.5416666666666667,2219,0.031638418079096044,0.0519774011299435,0.04180790960451977,70
33,33.mp4,333,11.165297183098591,0,0,0,1,13,260,182,39,12,319,178,39,12,0.10256410256410256,0.07051282051282051,0.08653846153846154,0.3333333333333333,0.25,0.29166666666666663,1195,0.03728813559322034,0.0576271186440678,0.04745762711864407,70
33,33.mp4,334,11.198826604068858,0,0,0,1,14,260,182,39,12,319,178,39,12,0.0876068376068376,0.042735042735042736,0.06517094017094016,0.4166666666666667,0.16666666666666666,0.2916666666666667,1195,0.0327683615819209,0.04971751412429379,0.04124293785310734,70
33,33.mp4,335,11.232356025039124,0,0,0,1,15,260,182,39,12,319,178,39,12,0.1047008547008547,0.03205128205128205,0.06837606837606838,0.5,0.25,0.375,1536,0.05310734463276836,0.04858757062146893,0.05084745762711865,70
33,33.mp4,336,11.26588544600939,0,0,0,1,16,260,182,39,12,319,178,39,12,0.1047008547008547,0.05128205128205128,0.07799145299145299,0.5,0.3333333333333333,0.41666666666666663,1707,0.04971751412429379,0.0519774011299435,0.05084745762711865,70
33,33.mp4,337,11.299414866979655,0,0,0,1,17,260,182,39,12,319,178,39,12,0.11752136752136752,0.05128205128205128,0.08440170940170941,0.5,0.16666666666666666,0.3333333333333333,1365,0.04745762711864407,0.04971751412429379,0.04858757062146893,70
33,33.mp4,338,11.332944287949921,0,0,0,1,18,260,182,39,12,319,178,39,12,0.10897435897435898,0.03418803418803419,0.07158119658119658,0.4166666666666667,0.16666666666666666,0.2916666666666667,1195,0.021468926553672316,0.04406779661016949,0.0327683615819209,70
33,33.mp4,339,11.366473708920187,0,0,0,1,19,260,182,39,12,319,178,39,12,0.1346153846153846,0.049145299145299144,0.09188034188034187,0.5,0.16666666666666666,0.3333333333333333,1365,0.03615819209039548,0.04745762711864407,0.04180790960451977,70
33,33.mp4,340,11.400003129890454,0,1,1,1,0,261,180,39,15,319,178,39,12,0.1282051282051282,0.09401709401709402,0.1111111111111111,0.4666666666666667,0.5,0.48333333333333334,1980,0.04032258064516129,0.059887005649717516,0.0501047931474394,70
33,33.mp4,341,11.43353255086072,0,0,0,1,1,261,180,39,15,319,178,39,12,0.13846153846153847,0.10683760683760683,0.12264957264957266,0.4,0.5,0.45,1843,0.04032258064516129,0.062146892655367235,0.05123473665026426,70
33,33.mp4,342,11.467061971830987,0,0,0,1,2,261,180,39,15,319,178,39,12,0.1452991452991453,0.12606837606837606,0.1356837606837607,0.4666666666666667,0.4166666666666667,0.44166666666666665,1809,0.04032258064516129,0.06892655367231638,0.05462456715873884,70
33,33.mp4,343,11.500591392801251,0,0,0,1,3,261,180,39,15,319,178,39,12,0.15555555555555556,0.13247863247863248,0.144017094017094,0.4666666666666667,0.5,0.48333333333333334,1980,0.044802867383512544,0.06327683615819209,0.05403985177085231,70
33,33.mp4,344,11.534120813771517,0,0,0,1,4,261,180,39,15,319,178,39,12,0.15384615384615385,0.1452991452991453,0.1495726495726496,0.4666666666666667,0.5,0.48333333333333334,1980,0.043010752688172046,0.06779661016949153,0.055403681428831786,70
33,33.mp4,345,11.567650234741784,0,0,0,1,5,261,180,39,15,319,178,39,12,0.14358974358974358,0.14102564102564102,0.1423076923076923,0.4,0.5,0.45,1843,0.0492831541218638,0.0768361581920904,0.0630596561569771,70
33,33.mp4,346,11.60117965571205,0,0,0,1,6,261,180,39,15,319,178,39,12,0.08717948717948718,0.0876068376068376,0.08739316239316239,0.3333333333333333,0.5,0.41666666666666663,1707,0.014336917562724014,0.05875706214689266,0.03654698985480834,70
33,33.mp4,347,11.634709076682316,0,0,0,1,7,261,180,39,15,319,178,39,12,0.08547008547008547,0.027777777777777776,0.056623931623931624,0.3333333333333333,0.16666666666666666,0.25,1024,0.03225806451612903,0.02937853107344633,0.03081829779478768,70
33,33.mp4,348,11.668238497652583,0,0,0,1,8,261,180,39,15,319,178,39,12,0.09914529914529914,0.00641025641025641,0.05277777777777778,0.3333333333333333,0.08333333333333333,0.20833333333333331,853,0.05197132616487455,0.013559322033898305,0.03276532409938643,70
33,33.mp4,349,11.701767918622847,0,0,0,1,9,261,180,39,15,319,178,39,12,0.09401709401709402,0.010683760683760684,0.05235042735042735,0.3333333333333333,0.16666666666666666,0.25,1024,0.05197132616487455,0.02711864406779661,0.03954498511633558,70
33,33.mp4,350,11.735297339593114,0,0,0,1,10,261,180,39,15,319,178,39,12,0.0905982905982906,0.014957264957264958,0.05277777777777778,0.26666666666666666,0.25,0.2583333333333333,1058,0.02956989247311828,0.022598870056497175,0.026084381264807728,70
33,33.mp4,351,11.76882676056338,0,0,0,1,11,261,180,39,15,319,178,39,12,0.13333333333333333,0.017094017094017096,0.07521367521367521,0.3333333333333333,0.16666666666666666,0.25,1024,0.03136200716845878,0.031638418079096044,0.03150021262377741,70
33,33.mp4,352,11.802356181533646,0,0,0,1,12,261,180,39,15,319,178,39,12,0.13162393162393163,0.07264957264957266,0.10213675213675213,0.4,0.4166666666666667,0.4083333333333333,1673,0.03225806451612903,0.06327683615819209,0.04776745033716056,70
33,33.mp4,353,11.835885602503913,0,0,0,1,13,261,180,39,15,319,178,39,12,0.13846153846153847,0.09829059829059829,0.11837606837606837,0.4666666666666667,0.5,0.48333333333333334,1980,0.03763440860215054,0.0655367231638418,0.051585565882996176,70
33,33.mp4,354,11.869415023474179,0,0,0,1,14,261,180,39,15,319,178,39,12,0.147008547008547,0.10897435897435898,0.12799145299145298,0.4666666666666667,0.5,0.48333333333333334,1980,0.04121863799283154,0.06779661016949153,0.05450762408116153,70
33,33.mp4,355,11.902944444444444,0,0,0,1,15,261,180,39,15,319,178,39,12,0.14871794871794872,0.11965811965811966,0.13418803418803418,0.4666666666666667,0.5,0.48333333333333334,1980,0.0456989247311828,0.06666666666666667,0.05618279569892473,70
33,33.mp4,356,11.93647386541471,0,0,0,1,16,261,180,39,15,319,178,39,12,0.1623931623931624,0.1346153846153846,0.1485042735042735,0.4666666666666667,0.5,0.48333333333333334,1980,0.0492831541218638,0.062146892655367235,0.05571502338861552,70
33,33.mp4,357,11.970003286384976,0,0,0,1,17,261,180,39,15,319,178,39,12,0.1606837606837607,0.15598290598290598,0.15833333333333333,0.4666666666666667,0.5,0.48333333333333334,1980,0.042114695340501794,0.06892655367231638,0.055520624506409086,70
33,33.mp4,358,12.003532707355243,0,0,0,1,18,261,180,39,15,319,178,39,12,0.15897435897435896,0.16452991452991453,0.16175213675213673,0.4666666666666667,0.5,0.48333333333333334,1980,0.043010752688172046,0.0655367231638418,0.054273737926006926,70
33,33.mp4,359,12.037062128325509,0,0,0,1,19,261,180,39,15,319,178,39,12,0.1606837606837607,0.16452991452991453,0.1626068376068376,0.4666666666666667,0.5,0.48333333333333334,1980,0.04390681003584229,0.059887005649717516,0.05189690784277991,70
33,33.mp4,360,12.070591549295774,0,1,1,1,0,260,179,39,15,319,176,39,15,0.15555555555555556,0.11282051282051282,0.13418803418803418,0.6,0.4,0.5,2048,0.03853046594982079,0.047491039426523295,0.043010752688172046,70
33,33.mp4,361,12.10412097026604,0,0,0,1,1,260,179,39,15,319,176,39,15,0.1094017094017094,0.015384615384615385,0.062393162393162394,0.6,0.13333333333333333,0.36666666666666664,1502,0.03136200716845878,0.02867383512544803,0.030017921146953404,70
33,33.mp4,362,12.137650391236306,0,0,0,1,2,260,179,39,15,319,176,39,15,0.09914529914529914,0.02905982905982906,0.0641025641025641,0.6,0.2,0.4,1638,0.042114695340501794,0.025089605734767026,0.033602150537634407,70
33,33.mp4,363,12.171179812206573,0,0,0,1,3,260,179,39,15,319,176,39,15,0.10085470085470086,0.05128205128205128,0.07606837606837608,0.6,0.26666666666666666,0.43333333333333335,1775,0.04121863799283154,0.03853046594982079,0.039874551971326166,70
33,33.mp4,364,12.204709233176839,0,0,0,1,4,260,179,39,15,319,176,39,15,0.13162393162393163,0.06495726495726496,0.0982905982905983,0.5333333333333333,0.26666666666666666,0.4,1638,0.027777777777777776,0.03942652329749104,0.033602150537634407,70
33,33.mp4,365,12.238238654147105,0,0,0,1,5,260,179,39,15,319,176,39,15,0.1282051282051282,0.03247863247863248,0.08034188034188033,0.4666666666666667,0.13333333333333333,0.3,1229,0.01971326164874552,0.033154121863799284,0.0264336917562724,70
33,33.mp4,366,12.27176807511737,0,0,0,1,6,260,179,39,15,319,176,39,15,0.1282051282051282,0.08205128205128205,0.10512820512820512,0.4,0.4,0.4,1638,0.033154121863799284,0.05913978494623656,0.046146953405017926,70
33,33.mp4,367,12.305297496087636,0,0,0,1,7,260,179,39,15,319,176,39,15,0.13846153846153847,0.11282051282051282,0.12564102564102564,0.4666666666666667,0.4,0.43333333333333335,1775,0.03494623655913978,0.05824372759856631,0.04659498207885304,70
33,33.mp4,368,12.338826917057903,0,0,0,1,8,260,179,39,15,319,176,39,15,0.14358974358974358,0.14188034188034188,0.14273504273504273,0.5333333333333333,0.4666666666666667,0.5,2048,0.034050179211469536,0.06451612903225806,0.0492831541218638,70
33,33.mp4,369,12.372356338028169,0,0,0,1,9,260,179,39,15,319,176,39,15,0.15555555555555556,0.14188034188034188,0.14871794871794872,0.5333333333333333,0.4666666666666667,0.5,2048,0.03853046594982079,0.06720430107526881,0.0528673835125448,70
33,33.mp4,370,12.405885758998435,0,0,0,1,10,260,179,39,15,319,176,39,15,0.15555555555555556,0.13846153846153847,0.147008547008547,0.4666666666666667,0.4666666666666667,0.4666666666666667,1911,0.03942652329749104,0.06272401433691756,0.0510752688172043,70
33,33.mp4,371,12.439415179968702,0,0,0,1,11,260,179,39,15,319,176,39,15,0.15042735042735042,0.14017094017094017,0.14529914529914528,0.4666666666666667,0.4666666666666667,0.4666666666666667,1911,0.035842293906810034,0.06362007168458782,0.04973118279569892,70
33,33.mp4,372,12.472944600938966,0,0,0,1,12,260,179,39,15,319,176,39,15,0.15726495726495726,0.12307692307692308,0.14017094017094017,0.5333333333333333,0.4666666666666667,0.5,2048,0.04032258064516129,0.05734767025089606,0.04883512544802868,70
33,33.mp4,373,12.506474021909233,0,0,0,1,13,260,179,39,15,319,176,39,15,0.1452991452991453,0.12478632478632479,0.13504273504273506,0.5333333333333333,0.5333333333333333,0.5333333333333333,2185,0.04121863799283154,0.0492831541218638,0.04525089605734767,70
33,33.mp4,374,12.540003442879499,0,0,0,1,14,260,179,39,15,319,176,39,15,0.14871794871794872,0.1264957264957265,0.13760683760683762,0.5333333333333333,0.4666666666666667,0.5,2048,0.042114695340501794,0.05824372759856631,0.05017921146953405,70
33,33.mp4,375,12.573532863849765,0,0,0,1,15,260,179,39,15,319,176,39,15,0.1452991452991453,0.12478632478632479,0.13504273504273506,0.6,0.4666666666666667,0.5333333333333333,2185,0.04390681003584229,0.051075268817204304,0.0474910394265233,70
33,33.mp4,376,12.607062284820032,0,0,0,1,16,260,179,39,15,319,176,39,15,0.15042735042735042,0.1264957264957265,0.13846153846153847,0.6666666666666666,0.4666666666666667,0.5666666666666667,2321,0.04659498207885305,0.05197132616487455,0.0492831541218638,70
33,33.mp4,377,12.640591705790298,0,0,0,1,17,260,179,39,15,319,176,39,15,0.12478632478632479,0.08034188034188035,0.10256410256410256,0.5333333333333333,0.3333333333333333,0.43333333333333335,1775,0.03494623655913978,0.04390681003584229,0.03942652329749104,70
33,33.mp4,378,12.674121126760562,0,0,0,1,18,260,179,39,15,319,176,39,15,0.09401709401709402,0.010256410256410256,0.05213675213675214,0.3333333333333333,0.06666666666666667,0.19999999999999998,819,0.04659498207885305,0.025985663082437275,0.036290322580645164,70
33,33.mp4,379,12.707650547730829,0,0,0,1,19,260,179,39,15,319,176,39,15,0.09572649572649573,0.023931623931623933,0.05982905982905983,0.6,0.2,0.4,1638,0.05197132616487455,0.034050179211469536,0.043010752688172046,70
33,33.mp4,380,12.741179968701095,0,1,1,1,0,259,185,40,11,316,181,43,11,0.11363636363636363,0.042283298097251586,0.0779598308668076,0.45454545454545453,0.2727272727272727,0.36363636363636365,1489,0.07720144752714113,0.04932735426008968,0.0632644008936154,70
33,33.mp4,381,12.774709389671361,0,0,0,1,1,259,185,40,11,316,181,43,11,0.12954545454545455,0.05496828752642706,0.0922568710359408,0.45454545454545453,0.2727272727272727,0.36363636363636365,1489,0.07840772014475271,0.04932735426008968,0.06386753720242119,70
33,33.mp4,382,12.808238810641628,0,0,0,1,2,259,185,40,11,316,181,43,11,0.11818181818181818,0.048625792811839326,0.08340380549682876,0.5454545454545454,0.36363636363636365,0.45454545454545453,1862,0.04463208685162847,0.05829596412556054,0.05146402548859451,70
33,33.mp4,383,12.841768231611894,0,0,0,1,3,259,185,40,11,316,181,43,11,0.10681818181818181,0.019027484143763214,0.06292283298097251,0.45454545454545453,0.18181818181818182,0.3181818181818182,1303,0.022919179734620022,0.03587443946188341,0.029396809598251715,70
33,33.mp4,384,12.875297652582159,0,0,0,1,4,259,185,40,11,316,181,43,11,0.07272727272727272,0.03171247357293869,0.052219873150105706,0.36363636363636365,0.2727272727272727,0.3181818181818182,1303,0.024125452352231604,0.04708520179372197,0.03560532707297678,70
33,33.mp4,385,12.908827073552425,0,0,0,1,5,259,185,40,11,316,181,43,11,0.05454545454545454,0.042283298097251586,0.048414376321353064,0.36363636363636365,0.2727272727272727,0.3181818181818182,1303,0.024125452352231604,0.03699551569506727,0.030560484023649435,70
33,33.mp4,386,12.942356494522691,0,0,0,1,6,259,185,40,11,316,181,43,11,0.056818181818181816,0.052854122621564484,0.05483615221987315,0.36363636363636365,0.2727272727272727,0.3181818181818182,1303,0.018094089264173704,0.03699551569506727,0.027544802479620486,70
33,33.mp4,387,12.975885915492958,0,0,0,1,7,259,185,40,11,316,181,43,11,0.0659090909090909,0.052854122621564484,0.059381606765327694,0.36363636363636365,0.2727272727272727,0.3181818181818182,1303,0.020506634499396863,0.03139013452914798,0.02594838451427242,70
33,33.mp4,388,13.009415336463224,0,0,0,1,8,259,185,40,11,316,181,43,11,0.06363636363636363,0.04439746300211417,0.0540169133192389,0.36363636363636365,0.18181818181818182,0.2727272727272727,1117,0.019300361881785282,0.04035874439461883,0.029829553138202056,70
33,33.mp4,389,13.04294475743349,0,0,0,1,9,259,185,40,11,316,181,43,11,0.05909090909090909,0.052854122621564484,0.05597251585623679,0.36363636363636365,0.2727272727272727,0.3181818181818182,1303,0.025331724969843185,0.03923766816143498,0.03228469656563908,70
33,33.mp4,390,13.076474178403755,0,0,0,1,10,259,185,40,11,316,181,43,11,0.05,0.042283298097251586,0.04614164904862579,0.36363636363636365,0.18181818181818182,0.2727272727272727,1117,0.031363088057901084,0.043721973094170405,0.037542530576035744,70
33,33.mp4,391,13.110003599374021,0,0,0,1,11,259,185,40,11,316,181,43,11,0.045454545454545456,0.035940803382663845,0.040697674418604654,0.36363636363636365,0.18181818181818182,0.2727272727272727,1117,0.030156815440289506,0.04820627802690583,0.039181546733597666,70
33,33.mp4,392,13.143533020344288,0,0,0,1,12,259,185,40,11,316,181,43,11,0.04772727272727273,0.035940803382663845,0.041834038054968284,0.36363636363636365,0.18181818181818182,0.2727272727272727,1117,0.024125452352231604,0.04484304932735426,0.03448425083979293,70
33,33.mp4,393,13.177062441314554,0,0,0,1,13,259,185,40,11,316,181,43,11,0.04318181818181818,0.03805496828752643,0.040618393234672305,0.36363636363636365,0.18181818181818182,0.2727272727272727,1117,0.028950542822677925,0.04596412556053812,0.03745733419160802,70
33,33.mp4,394,13.21059186228482,0,0,0,1,14,259,185,40,11,316,181,43,11,0.045454545454545456,0.03805496828752643,0.04175475687103594,0.36363636363636365,0.18181818181818182,0.2727272727272727,1117,0.032569360675512665,0.043721973094170405,0.038145666884841535,70
33,33.mp4,395,13.244121283255085,0,0,0,1,15,259,185,40,11,316,181,43,11,0.045454545454545456,0.040169133192389,0.04281183932346723,0.36363636363636365,0.18181818181818182,0.2727272727272727,1117,0.027744270205066344,0.043721973094170405,0.03573312164961837,70
33,33.mp4,396,13.277650704225351,0,0,0,1,16,259,185,40,11,316,181,43,11,0.04772727272727273,0.040169133192389,0.043948202959830866,0.36363636363636365,0.18181818181818182,0.2727272727272727,1117,0.031363088057901084,0.04484304932735426,0.03810306869262767,70
33,33.mp4,397,13.311180125195618,0,0,0,1,17,259,185,40,11,316,181,43,11,0.05227272727272727,0.042283298097251586,0.04727801268498943,0.36363636363636365,0.18181818181818182,0.2727272727272727,1117,0.028950542822677925,0.04484304932735426,0.03689679607501609,70
33,33.mp4,398,13.344709546165884,0,0,0,1,18,259,185,40,11,316,181,43,11,0.05909090909090909,0.040169133192389,0.04963002114164905,0.36363636363636365,0.18181818181818182,0.2727272727272727,1117,0.030156815440289506,0.04147982062780269,0.0358183180340461,70
33,33.mp4,399,13.37823896713615,0,0,0,1,19,259,185,40,11,316,181,43,11,0.05454545454545454,0.03805496828752643,0.04630021141649049,0.36363636363636365,0.18181818181818182,0.2727272727272727,1117,0.032569360675512665,0.04484304932735426,0.03870620500143346,70
33,33.mp4,400,13.411768388106417,0,1,1,1,0,259,177,39,16,318,173,38,16,0.1330128205128205,0.10197368421052631,0.1174932523616734,0.6875,0.375,0.53125,2176,0.04358759430008382,0.0576592082616179,0.050623401280850855,70
33,33.mp4,401,13.445297809076681,0,0,0,1,1,259,177,39,16,318,173,38,16,0.1362179487179487,0.10032894736842106,0.11827344804318488,0.6875,0.375,0.53125,2176,0.04274937133277452,0.055077452667814115,0.048913412000294317,70
33,33.mp4,402,13.478827230046948,0,0,0,1,2,259,177,39,16,318,173,38,16,0.1362179487179487,0.09868421052631579,0.11745107962213225,0.6875,0.375,0.53125,2176,0.04358759430008382,0.055077452667814115,0.04933252348394897,70
33,33.mp4,403,13.512356651017214,0,0,0,1,3,259,177,39,16,318,173,38,16,0.1346153846153846,0.10032894736842106,0.11747216599190283,0.6875,0.375,0.53125,2176,0.041911148365465216,0.05421686746987952,0.04806400791767237,70
33,33.mp4,404,13.54588607198748,0,0,0,1,4,259,177,39,16,318,173,38,16,0.1330128205128205,0.10526315789473684,0.11913798920377867,0.75,0.375,0.5625,2304,0.04107292539815591,0.0576592082616179,0.0493660668298869,70
33,33.mp4,405,13.579415492957747,0,0,0,1,5,259,177,39,16,318,173,38,16,0.1282051282051282,0.10197368421052631,0.11508940620782726,0.6875,0.375,0.53125,2176,0.04777870913663034,0.060240963855421686,0.05400983649602602,70
33,33.mp4,406,13.612944913928013,0,0,0,1,6,259,177,39,16,318,173,38,16,0.027243589743589744,0.014802631578947368,0.021023110661268555,0.3125,0.25,0.28125,1152,0.016764459346186086,0.0387263339070568,0.02774539662662144,70
33,33.mp4,407,13.646474334898278,0,0,0,1,7,259,177,39,16,318,173,38,16,0.05128205128205128,0.018092105263157895,0.03468707827260459,0.4375,0.1875,0.3125,1280,0.03101424979044426,0.04475043029259897,0.03788234004152161,70
33,33.mp4,408,13.680003755868544,0,0,0,1,8,259,177,39,16,318,173,38,16,0.07371794871794872,0.04111842105263158,0.05741818488529015,0.5,0.25,0.375,1536,0.03604358759430008,0.05163511187607573,0.04383934973518791,70
33,33.mp4,409,13.71353317683881,0,0,0,1,9,259,177,39,16,318,173,38,16,0.08653846153846154,0.05098684210526316,0.06876265182186235,0.5625,0.25,0.40625,1664,0.041911148365465216,0.04905335628227195,0.045482252323868586,70
33,33.mp4,410,13.747062597809077,0,0,0,1,10,259,177,39,16,318,173,38,16,0.08493589743589744,0.03782894736842105,0.06138242240215924,0.5625,0.1875,0.375,1536,0.03520536462699078,0.05679862306368331,0.04600199384533704,70
33,33.mp4,411,13.780592018779343,0,0,0,1,11,259,177,39,16,318,173,38,16,0.07532051282051282,0.029605263157894735,0.052462887989203774,0.5625,0.125,0.34375,1408,0.03604358759430008,0.0576592082616179,0.04685139792795899,70
33,33.mp4,412,13.81412143974961,0,0,0,1,12,259,177,39,16,318,173,38,16,0.04326923076923077,0.006578947368421052,0.02492408906882591,0.5,0.125,0.3125,1280,0.018440905280804692,0.04647160068846816,0.032456252984636426,70
33,33.mp4,413,13.847650860719874,0,0,0,1,13,259,177,39,16,318,173,38,16,0.04487179487179487,0.008223684210526315,0.026547739541160593,0.4375,0.0625,0.25,1024,0.020117351215423303,0.031841652323580036,0.02597950176950167,70
33,33.mp4,414,13.88118028169014,0,0,0,1,14,259,177,39,16,318,173,38,16,0.052884615384615384,0.03782894736842105,0.04535678137651822,0.5,0.25,0.375,1536,0.037720033528918694,0.04561101549053356,0.04166552450972613,70
33,33.mp4,415,13.914709702660407,0,0,0,1,15,259,177,39,16,318,173,38,16,0.08012820512820513,0.07894736842105263,0.07953778677462889,0.625,0.375,0.5,2048,0.04274937133277452,0.05163511187607573,0.047192241604425124,70
33,33.mp4,416,13.948239123630673,0,0,0,1,16,259,177,39,16,318,173,38,16,0.09294871794871795,0.10032894736842106,0.09663883265856951,0.5625,0.4375,0.5,2048,0.041911148365465216,0.06454388984509467,0.05322751910527994,70
33,33.mp4,417,13.98176854460094,0,0,0,1,17,259,177,39,16,318,173,38,16,0.10897435897435898,0.11019736842105263,0.1095858636977058,0.5625,0.4375,0.5,2048,0.04694048616932104,0.07142857142857142,0.05918452879894623,70
33,33.mp4,418,14.015297965571206,0,0,0,1,18,259,177,39,16,318,173,38,16,0.11858974358974358,0.11019736842105263,0.1143935560053981,0.625,0.4375,0.53125,2176,0.05113160100586756,0.07056798623063683,0.0608497936182522,70
33,33.mp4,419,14.04882738654147,0,0,0,1,19,259,177,39,16,318,173,38,16,0.1201923076923077,0.1118421052631579,0.1160172064777328,0.5625,0.4375,0.5,2048,0.04777870913663034,0.07314974182444062,0.06046422548053548,70
33,33.mp4,420,14.082356807511736,0,1,1,1,0,258,178,38,16,317,174,38,15,0.12828947368421054,0.11228070175438597,0.12028508771929824,0.625,0.4,0.5125,2099,0.047332185886402756,0.07267709291628335,0.060004639401343055,70
33,33.mp4,421,14.115886228482003,0,0,0,1,1,258,178,38,16,317,174,38,15,0.13322368421052633,0.12105263157894737,0.12713815789473684,0.6875,0.4666666666666667,0.5770833333333334,2364,0.04819277108433735,0.07267709291628335,0.06043493200031035,70
33,33.mp4,422,14.14941564945227,0,0,0,1,2,258,178,38,16,317,174,38,15,0.125,0.12105263157894737,0.12302631578947368,0.625,0.4666666666666667,0.5458333333333334,2236,0.05249569707401033,0.07175712971481141,0.06212641339441087,70
33,33.mp4,423,14.182945070422535,0,0,0,1,3,258,178,38,16,317,174,38,15,0.12664473684210525,0.12105263157894737,0.1238486842105263,0.625,0.4666666666666667,0.5458333333333334,2236,0.05163511187607573,0.07359705611775529,0.06261608399691551,70
33,33.mp4,424,14.216474491392802,0,0,0,1,4,258,178,38,16,317,174,38,15,0.13815789473684212,0.12105263157894737,0.12960526315789475,0.6875,0.4666666666666667,0.5770833333333334,2364,0.05249569707401033,0.07451701931922723,0.06350635819661878,70
33,33.mp4,425,14.250003912363066,0,0,0,1,5,258,178,38,16,317,174,38,15,0.13486842105263158,0.12105263157894737,0.12796052631578947,0.6875,0.4666666666666667,0.5770833333333334,2364,0.05421686746987952,0.07359705611775529,0.0639069617938174,70
33,33.mp4,426,14.283533333333333,0,0,0,1,6,258,178,38,16,317,174,38,15,0.14473684210526316,0.12105263157894737,0.13289473684210526,0.6875,0.4666666666666667,0.5770833333333334,2364,0.05421686746987952,0.0671573137074517,0.060687090588665615,70
33,33.mp4,427,14.317062754303599,0,0,0,1,7,258,178,38,16,317,174,38,15,0.13980263157894737,0.11754385964912281,0.1286732456140351,0.6875,0.4,0.54375,2227,0.055077452667814115,0.07451701931922723,0.06479723599352068,70
33,33.mp4,428,14.350592175273865,0,0,0,1,8,258,178,38,16,317,174,38,15,0.13322368421052633,0.12105263157894737,0.12713815789473684,0.6875,0.4666666666666667,0.5770833333333334,2364,0.05163511187607573,0.0671573137074517,0.059396212791763714,70
33,33.mp4,429,14.384121596244132,0,0,0,1,9,258,178,38,16,317,174,38,15,0.13157894736842105,0.12105263157894737,0.12631578947368421,0.6875,0.4666666666666667,0.5770833333333334,2364,0.04905335628227195,0.0671573137074517,0.058105334994861826,70
33,33.mp4,430,14.417651017214398,0,0,0,1,10,258,178,38,16,317,174,38,15,0.13486842105263158,0.12631578947368421,0.1305921052631579,0.6875,0.4666666666666667,0.5770833333333334,2364,0.04991394148020654,0.07083716651333946,0.060375553996772996,70
33,33.mp4,431,14.451180438184663,0,0,0,1,11,258,178,38,16,317,174,38,15,0.13322368421052633,0.11754385964912281,0.12538377192982458,0.625,0.4,0.5125,2099,0.050774526678141134,0.07727690892364306,0.0640257178008921,70
33,33.mp4,432,14.484709859154929,0,0,0,1,12,258,178,38,16,317,174,38,15,0.13815789473684212,0.12280701754385964,0.13048245614035087,0.625,0.4666666666666667,0.5458333333333334,2236,0.04991394148020654,0.078196872125115,0.06405540680266077,70
33,33.mp4,433,14.518239280125195,0,0,0,1,13,258,178,38,16,317,174,38,15,0.14309210526315788,0.12456140350877193,0.13382675438596492,0.6875,0.4666666666666667,0.5770833333333334,2364,0.04991394148020654,0.07451701931922723,0.06221548039971689,70
33,33.mp4,434,14.551768701095462,0,0,0,1,14,258,178,38,16,317,174,38,15,0.14309210526315788,0.12631578947368421,0.13470394736842106,0.625,0.4666666666666667,0.5458333333333334,2236,0.04991394148020654,0.07451701931922723,0.06221548039971689,70
33,33.mp4,435,14.585298122065728,0,0,0,1,15,258,178,38,16,317,174,38,15,0.13980263157894737,0.12631578947368421,0.1330592105263158,0.6875,0.4666666666666667,0.5770833333333334,2364,0.050774526678141134,0.07083716651333946,0.0608058465957403,70
33,33.mp4,436,14.618827543035993,0,0,0,1,16,258,178,38,16,317,174,38,15,0.14802631578947367,0.12280701754385964,0.13541666666666666,0.75,0.4666666666666667,0.6083333333333334,2492,0.04991394148020654,0.07635694572217111,0.06313544360118882,70
33,33.mp4,437,14.652356964006259,0,0,0,1,17,258,178,38,16,317,174,38,15,0.14802631578947367,0.12105263157894737,0.13453947368421051,0.6875,0.4666666666666667,0.5770833333333334,2364,0.047332185886402756,0.06623735050597976,0.05678476819619126,70
33,33.mp4,438,14.685886384976525,0,0,0,1,18,258,178,38,16,317,174,38,15,0.14144736842105263,0.12456140350877193,0.13300438596491226,0.6875,0.4666666666666667,0.5770833333333334,2364,0.04561101549053356,0.06991720331186753,0.057764109401200546,70
33,33.mp4,439,14.719415805946792,0,0,0,1,19,258,178,38,16,317,174,38,15,0.14638157894736842,0.12280701754385964,0.13459429824561403,0.6875,0.4666666666666667,0.5770833333333334,2364,0.050774526678141134,0.07175712971481141,0.061265828196476274,70
33,33.mp4,440,14.752945226917058,0,1,1,1,0,259,178,38,16,317,174,39,16,0.14144736842105263,0.11698717948717949,0.12921727395411606,0.6875,0.4375,0.5625,2304,0.04647160068846816,0.06705783738474434,0.05676471903660625,70
33,33.mp4,441,14.786474647887324,0,0,0,1,1,259,178,38,16,317,174,39,16,0.13157894736842105,0.10737179487179487,0.11947537112010795,0.625,0.4375,0.53125,2176,0.04561101549053356,0.06873428331936295,0.057172649404948254,70
33,33.mp4,442,14.820004068857589,0,0,0,1,2,259,178,38,16,317,174,39,16,0.011513157894736841,0.009615384615384616,0.01056427125506073,0.0625,0.125,0.09375,384,0.008605851979345954,0.04358759430008382,0.026096723139714888,70
33,33.mp4,443,14.853533489827855,0,0,0,1,3,259,178,38,16,317,174,39,16,0.07236842105263158,0.03685897435897436,0.054613697705802974,0.5,0.1875,0.34375,1408,0.029259896729776247,0.04777870913663034,0.0385193029332033,70
33,33.mp4,444,14.887062910798122,0,0,0,1,4,259,178,38,16,317,174,39,16,0.08552631578947369,0.03365384615384615,0.05959008097165992,0.375,0.125,0.25,1024,0.0378657487091222,0.051969823973176864,0.04491778634114953,70
33,33.mp4,445,14.920592331768388,1,0,0,1,5,259,178,38,16,317,174,39,16,0.09046052631578948,0.046474358974358976,0.06846744264507423,0.625,0.1875,0.40625,1664,0.0387263339070568,0.04945515507124895,0.04409074448915287,70
33,33.mp4,446,14.954121752738654,1,0,0,1,6,259,178,38,16,317,174,39,16,0.09375,0.05128205128205128,0.07251602564102563,0.5,0.1875,0.34375,1408,0.039586919104991396,0.05280804694048617,0.04619748302273878,70
33,33.mp4,447,14.98765117370892,1,0,0,1,7,259,178,38,16,317,174,39,16,0.09868421052631579,0.04807692307692308,0.07338056680161943,0.5625,0.1875,0.375,1536,0.04044750430292599,0.054484492875104776,0.04746599858901539,70
33,33.mp4,448,15.021180594679185,1,0,0,1,8,259,178,38,16,317,174,39,16,0.10032894736842106,0.04326923076923077,0.07179908906882591,0.625,0.1875,0.40625,1664,0.04216867469879518,0.05699916177703269,0.04958391823791393,70
33,33.mp4,449,15.054710015649452,1,0,0,1,9,259,178,38,16,317,174,39,16,0.09539473684210527,0.05128205128205128,0.07333839406207827,0.625,0.1875,0.40625,1664,0.0387263339070568,0.057837384744341996,0.048281859325699394,70
33,33.mp4,450,15.088239436619718,1,0,0,1,10,259,178,38,16,317,174,39,16,0.09703947368421052,0.041666666666666664,0.0693530701754386,0.5,0.1875,0.34375,1408,0.0387263339070568,0.051969823973176864,0.04534807894011683,70
33,33.mp4,451,15.121768857589984,1,0,0,1,11,259,178,38,16,317,174,39,16,0.09539473684210527,0.04807692307692308,0.07173582995951418,0.4375,0.1875,0.3125,1280,0.0378657487091222,0.055322715842414084,0.046594232275768144,70
33,33.mp4,452,15.15529827856025,1,0,0,1,12,259,178,38,16,317,174,39,16,0.09539473684210527,0.04487179487179487,0.07013326585695007,0.5,0.1875,0.34375,1408,0.04044750430292599,0.05699916177703269,0.04872333303997934,70
33,33.mp4,453,15.188827699530517,1,0,0,1,13,259,178,38,16,317,174,39,16,0.09375,0.04487179487179487,0.06931089743589744,0.5,0.1875,0.34375,1408,0.0387263339070568,0.055322715842414084,0.04702452487473544,70
33,33.mp4,454,15.222357120500781,1,0,0,1,14,259,178,38,16,317,174,39,16,0.09210526315789473,0.04326923076923077,0.06768724696356275,0.5,0.1875,0.34375,1408,0.03700516351118761,0.054484492875104776,0.045744828193146195,70
33,33.mp4,455,15.255886541471048,1,0,0,1,15,259,178,38,16,317,174,39,16,0.09703947368421052,0.04807692307692308,0.0725581983805668,0.5,0.1875,0.34375,1408,0.04475043029259897,0.053646269907795474,0.04919835010019722,70
33,33.mp4,456,15.289415962441314,1,0,0,1,16,259,178,38,16,317,174,39,16,0.09210526315789473,0.049679487179487176,0.07089237516869096,0.4375,0.1875,0.3125,1280,0.0387263339070568,0.053646269907795474,0.04618630190742613,70
33,33.mp4,457,15.32294538341158,1,0,0,1,17,259,178,38,16,317,174,39,16,0.09210526315789473,0.04326923076923077,0.06768724696356275,0.375,0.1875,0.28125,1152,0.0387263339070568,0.053646269907795474,0.04618630190742613,70
33,33.mp4,458,15.356474804381847,1,0,0,1,18,259,178,38,16,317,174,39,16,0.09539473684210527,0.046474358974358976,0.07093454790823212,0.375,0.1875,0.28125,1152,0.03614457831325301,0.051969823973176864,0.04405720114321494,70
33,33.mp4,459,15.390004225352113,1,0,0,1,19,259,178,38,16,317,174,39,16,0.09210526315789473,0.04807692307692308,0.07009109311740891,0.375,0.1875,0.28125,1152,0.039586919104991396,0.053646269907795474,0.04661659450639344,70
33,33.mp4,460,15.423533646322378,1,1,1,1,0,258,186,40,11,317,183,40,8,0.11136363636363636,0.1,0.10568181818181818,0.45454545454545453,0.375,0.4147727272727273,1699,0.061519903498190594,0.1097972972972973,0.08565860039774395,70
33,33.mp4,461,15.457063067292644,1,0,0,1,1,258,186,40,11,317,183,40,8,0.10909090909090909,0.103125,0.10610795454545455,0.45454545454545453,0.375,0.4147727272727273,1699,0.06393244873341375,0.11148648648648649,0.08770946760995012,70
33,33.mp4,462,15.49059248826291,1,0,0,1,2,258,186,40,11,317,183,40,8,0.11136363636363636,0.1,0.10568181818181818,0.45454545454545453,0.375,0.4147727272727273,1699,0.05790108564535585,0.10472972972972973,0.08131540768754279,70
33,33.mp4,463,15.524121909233177,1,0,0,1,3,258,186,40,11,317,183,40,8,0.1159090909090909,0.109375,0.11264204545454545,0.45454545454545453,0.375,0.4147727272727273,1699,0.05669481302774427,0.1097972972972973,0.08324605516252079,70
33,33.mp4,464,15.557651330203443,1,0,0,1,4,258,186,40,11,317,183,40,8,0.12045454545454545,0.115625,0.11803977272727273,0.45454545454545453,0.375,0.4147727272727273,1699,0.05790108564535585,0.11148648648648649,0.08469378606592116,70
33,33.mp4,465,15.59118075117371,1,0,0,1,5,258,186,40,11,317,183,40,8,0.1159090909090909,0.10625,0.11107954545454546,0.45454545454545453,0.375,0.4147727272727273,1699,0.05910735826296743,0.11655405405405406,0.08783070615851074,70
33,33.mp4,466,15.624710172143974,1,0,0,1,6,258,186,40,11,317,183,40,8,0.11363636363636363,0.096875,0.10525568181818182,0.45454545454545453,0.375,0.4147727272727273,1699,0.06755126658624849,0.11824324324324324,0.09289725491474587,70
33,33.mp4,467,15.65823959311424,1,0,0,1,7,258,186,40,11,317,183,40,8,0.1159090909090909,0.103125,0.10951704545454545,0.45454545454545453,0.375,0.4147727272727273,1699,0.06513872135102533,0.11317567567567567,0.0891571985133505,70
33,33.mp4,468,15.691769014084507,1,0,0,1,8,258,186,40,11,317,183,40,8,0.11363636363636363,0.096875,0.10525568181818182,0.45454545454545453,0.375,0.4147727272727273,1699,0.06996381182147166,0.11824324324324324,0.09410352753235746,70
33,33.mp4,469,15.725298435054773,1,0,0,1,9,258,186,40,11,317,183,40,8,0.11363636363636363,0.096875,0.10525568181818182,0.45454545454545453,0.375,0.4147727272727273,1699,0.061519903498190594,0.11655405405405406,0.08903697877612232,70
33,33.mp4,470,15.75882785602504,1,0,0,1,10,258,186,40,11,317,183,40,8,0.11818181818181818,0.103125,0.1106534090909091,0.45454545454545453,0.375,0.4147727272727273,1699,0.06513872135102533,0.11993243243243243,0.09253557689172888,70
33,33.mp4,471,15.792357276995306,1,0,0,1,11,258,186,40,11,317,183,40,8,0.11136363636363636,0.09375,0.10255681818181818,0.45454545454545453,0.375,0.4147727272727273,1699,0.06272617611580217,0.11486486486486487,0.08879552049033351,70
33,33.mp4,472,15.82588669796557,1,0,0,1,12,258,186,40,11,317,183,40,8,0.11363636363636363,0.096875,0.10525568181818182,0.45454545454545453,0.375,0.4147727272727273,1699,0.06755126658624849,0.10472972972972973,0.0861404981579891,70
33,33.mp4,473,15.859416118935837,1,0,0,1,13,258,186,40,11,317,183,40,8,0.11363636363636363,0.1,0.10681818181818181,0.45454545454545453,0.375,0.4147727272727273,1699,0.07237635705669482,0.10304054054054054,0.08770844879861768,70
33,33.mp4,474,15.892945539906103,1,0,0,1,14,258,186,40,11,317,183,40,8,0.12045454545454545,0.090625,0.10553977272727272,0.45454545454545453,0.375,0.4147727272727273,1699,0.07117008443908324,0.10641891891891891,0.08879450167900108,70
33,33.mp4,475,15.92647496087637,1,0,0,1,15,258,186,40,11,317,183,40,8,0.11363636363636363,0.0875,0.1005681818181818,0.45454545454545453,0.375,0.4147727272727273,1699,0.06755126658624849,0.10304054054054054,0.08529590356339452,70
33,33.mp4,476,15.960004381846636,1,0,0,1,16,258,186,40,11,317,183,40,8,0.1159090909090909,0.0875,0.10170454545454545,0.45454545454545453,0.375,0.4147727272727273,1699,0.06996381182147166,0.09966216216216216,0.08481298699181691,70
33,33.mp4,477,15.9935338028169,1,0,0,1,17,258,186,40,11,317,183,40,8,0.1159090909090909,0.096875,0.10639204545454545,0.45454545454545453,0.375,0.4147727272727273,1699,0.06031363088057901,0.10641891891891891,0.08336627489974896,70
33,33.mp4,478,16.027063223787167,1,0,0,1,18,258,186,40,11,317,183,40,8,0.11363636363636363,0.1,0.10681818181818181,0.45454545454545453,0.375,0.4147727272727273,1699,0.05910735826296743,0.10810810810810811,0.08360773318553777,70
33,33.mp4,479,16.060592644757435,1,0,0,1,19,258,186,40,11,317,183,40,8,0.125,0.109375,0.1171875,0.45454545454545453,0.375,0.4147727272727273,1699,0.06393244873341375,0.10472972972972973,0.08433108923157173,70
33,33.mp4,480,16.0941220657277,1,1,1,1,0,258,186,40,11,317,184,39,8,0.12045454545454545,0.10576923076923077,0.1131118881118881,0.45454545454545453,0.375,0.4147727272727273,1699,0.054282267792521106,0.11091854419410745,0.08260040599331428,70
33,33.mp4,481,16.127651486697964,1,0,0,1,1,258,186,40,11,317,184,39,8,0.12727272727272726,0.11217948717948718,0.11972610722610721,0.45454545454545453,0.25,0.3522727272727273,1443,0.05910735826296743,0.09358752166377816,0.0763474399633728,70
33,33.mp4,482,16.161180907668232,1,0,0,1,2,258,186,40,11,317,184,39,8,0.12045454545454545,0.08653846153846154,0.1034965034965035,0.45454545454545453,0.25,0.3522727272727273,1443,0.05910735826296743,0.1022530329289428,0.08068019559595511,70
33,33.mp4,483,16.194710328638497,1,0,0,1,3,258,186,40,11,317,184,39,8,0.11818181818181818,0.08333333333333333,0.10075757575757575,0.45454545454545453,0.25,0.3522727272727273,1443,0.06875753920386007,0.10051993067590988,0.08463873493988497,70
33,33.mp4,484,16.228239749608765,1,0,0,1,4,258,186,40,11,317,184,39,8,0.11818181818181818,0.08974358974358974,0.10396270396270396,0.45454545454545453,0.25,0.3522727272727273,1443,0.07117008443908324,0.1022530329289428,0.08671155868401302,70
33,33.mp4,485,16.26176917057903,1,0,0,1,5,258,186,40,11,317,184,39,8,0.11818181818181818,0.10256410256410256,0.11037296037296038,0.45454545454545453,0.375,0.4147727272727273,1699,0.07117008443908324,0.1022530329289428,0.08671155868401302,70
33,33.mp4,486,16.295298591549294,1,0,0,1,6,258,186,40,11,317,184,39,8,0.11136363636363636,0.09935897435897435,0.10536130536130536,0.45454545454545453,0.375,0.4147727272727273,1699,0.06634499396863691,0.10051993067590988,0.08343246232227339,70
33,33.mp4,487,16.328828012519562,1,0,0,1,7,258,186,40,11,317,184,39,8,0.11136363636363636,0.11217948717948718,0.11177156177156178,0.45454545454545453,0.375,0.4147727272727273,1699,0.061519903498190594,0.1022530329289428,0.0818864682135667,70
33,33.mp4,488,16.362357433489827,1,0,0,1,8,258,186,40,11,317,184,39,8,0.11363636363636363,0.09615384615384616,0.1048951048951049,0.45454545454545453,0.375,0.4147727272727273,1699,0.061519903498190594,0.10571923743500866,0.08361957046659962,70
33,33.mp4,489,16.395886854460095,1,0,0,1,9,258,186,40,11,317,184,39,8,0.11363636363636363,0.10256410256410256,0.10810023310023309,0.45454545454545453,0.375,0.4147727272727273,1699,0.06272617611580217,0.11091854419410745,0.08682236015495481,70
33,33.mp4,490,16.42941627543036,1,0,0,1,10,258,186,40,11,317,184,39,8,0.11136363636363636,0.10897435897435898,0.11016899766899767,0.36363636363636365,0.375,0.3693181818181818,1513,0.05790108564535585,0.11091854419410745,0.08440981491973165,70
33,33.mp4,491,16.462945696400627,1,0,0,1,11,258,186,40,11,317,184,39,8,0.1159090909090909,0.12179487179487179,0.11885198135198136,0.45454545454545453,0.375,0.4147727272727273,1699,0.05307599517490953,0.11265164644714037,0.08286382081102495,70
33,33.mp4,492,16.496475117370892,1,0,0,1,12,258,186,40,11,317,184,39,8,0.11136363636363636,0.1282051282051282,0.11978438228438228,0.45454545454545453,0.375,0.4147727272727273,1699,0.05669481302774427,0.11438474870017332,0.08553978086395879,70
33,33.mp4,493,16.530004538341156,1,0,0,1,13,258,186,40,11,317,184,39,8,0.11363636363636363,0.13141025641025642,0.12252331002331002,0.45454545454545453,0.375,0.4147727272727273,1699,0.05790108564535585,0.11438474870017332,0.08614291717276458,70
33,33.mp4,494,16.563533959311425,1,0,0,1,14,258,186,40,11,317,184,39,8,0.11363636363636363,0.11858974358974358,0.1161130536130536,0.45454545454545453,0.375,0.4147727272727273,1699,0.04825090470446321,0.10918544194107452,0.07871817332276887,70
33,33.mp4,495,16.59706338028169,1,0,0,1,15,258,186,40,11,317,184,39,8,0.1159090909090909,0.13141025641025642,0.12365967365967366,0.45454545454545453,0.375,0.4147727272727273,1699,0.05066344993968637,0.11611785095320624,0.08339065044644631,70
33,33.mp4,496,16.630592801251957,1,0,0,1,16,258,186,40,11,317,184,39,8,0.1159090909090909,0.13141025641025642,0.12365967365967366,0.45454545454545453,0.375,0.4147727272727273,1699,0.05186972255729795,0.11611785095320624,0.0839937867552521,70
33,33.mp4,497,16.664122222222222,1,0,0,1,17,258,186,40,11,317,184,39,8,0.11136363636363636,0.1282051282051282,0.11978438228438228,0.45454545454545453,0.375,0.4147727272727273,1699,0.06031363088057901,0.11091854419410745,0.08561608753734323,70
33,33.mp4,498,16.697651643192486,1,0,0,1,18,258,186,40,11,317,184,39,8,0.11136363636363636,0.1282051282051282,0.11978438228438228,0.45454545454545453,0.375,0.4147727272727273,1699,0.05548854041013269,0.11438474870017332,0.084936644555153,70
33,33.mp4,499,16.731181064162755,1,0,0,1,19,258,186,40,11,317,184,39,8,0.11136363636363636,0.12179487179487179,0.11657925407925407,0.45454545454545453,0.375,0.4147727272727273,1699,0.05548854041013269,0.11785095320623917,0.08666974680818593,70
33,33.mp4,500,16.76471048513302,1,1,1,1,0,258,187,39,11,316,184,40,8,0.11188811188811189,0.121875,0.11688155594405594,0.45454545454545453,0.375,0.4147727272727273,1699,0.055693069306930694,0.1097972972972973,0.082745183302114,70
33,33.mp4,501,16.798239906103287,1,0,0,1,1,258,187,39,11,316,184,40,8,0.10955710955710955,0.11875,0.11415355477855477,0.45454545454545453,0.375,0.4147727272727273,1699,0.054455445544554455,0.1097972972972973,0.08212637142092588,70
33,33.mp4,502,16.831769327073552,1,0,0,1,2,258,187,39,11,316,184,40,8,0.10955710955710955,0.125,0.11727855477855478,0.45454545454545453,0.375,0.4147727272727273,1699,0.05198019801980198,0.1097972972972973,0.08088874765854964,70
33,33.mp4,503,16.86529874804382,1,0,0,1,3,258,187,39,11,316,184,40,8,0.11188811188811189,0.115625,0.11375655594405595,0.45454545454545453,0.375,0.4147727272727273,1699,0.05816831683168317,0.10135135135135136,0.07975983409151727,70
33,33.mp4,504,16.898828169014084,1,0,0,1,4,258,187,39,11,316,184,40,8,0.11888111888111888,0.11875,0.11881555944055944,0.5454545454545454,0.375,0.4602272727272727,1885,0.0594059405940594,0.10641891891891891,0.08291242975648916,70
33,33.mp4,505,16.93235758998435,1,0,0,1,5,258,187,39,11,316,184,40,8,0.10955710955710955,0.115625,0.11259105477855477,0.5454545454545454,0.375,0.4602272727272727,1885,0.06435643564356436,0.1097972972972973,0.08707686647043084,70
33,33.mp4,506,16.965887010954617,1,0,0,1,6,258,187,39,11,316,184,40,8,0.11655011655011654,0.128125,0.12233755827505827,0.45454545454545453,0.375,0.4147727272727273,1699,0.06064356435643564,0.10810810810810811,0.08437583623227188,70
33,33.mp4,507,16.99941643192488,1,0,0,1,7,258,187,39,11,316,184,40,8,0.12121212121212122,0.13125,0.1262310606060606,0.45454545454545453,0.375,0.4147727272727273,1699,0.0594059405940594,0.11317567567567567,0.08629080813486753,70
33,33.mp4,508,17.03294585289515,1,0,0,1,8,258,187,39,11,316,184,40,8,0.12354312354312354,0.115625,0.11958406177156178,0.5454545454545454,0.375,0.4602272727272727,1885,0.05693069306930693,0.11317567567567567,0.0850531843724913,70
33,33.mp4,509,17.066475273865414,1,0,0,1,9,258,187,39,11,316,184,40,8,0.12121212121212122,0.109375,0.11529356060606061,0.5454545454545454,0.375,0.4602272727272727,1885,0.0594059405940594,0.11317567567567567,0.08629080813486753,70
33,33.mp4,510,17.10000469483568,1,0,0,1,10,258,187,39,11,316,184,40,8,0.11421911421911422,0.125,0.11960955710955712,0.45454545454545453,0.375,0.4147727272727273,1699,0.053217821782178217,0.11824324324324324,0.08573053251271073,70
33,33.mp4,511,17.133534115805947,1,0,0,1,11,258,187,39,11,316,184,40,8,0.11655011655011654,0.11875,0.11765005827505827,0.5454545454545454,0.375,0.4602272727272727,1885,0.05816831683168317,0.11993243243243243,0.0890503746320578,70
33,33.mp4,512,17.16706353677621,1,0,0,1,12,258,187,39,11,316,184,40,8,0.10955710955710955,0.115625,0.11259105477855477,0.36363636363636365,0.375,0.3693181818181818,1513,0.05816831683168317,0.11993243243243243,0.0890503746320578,70
33,33.mp4,513,17.20059295774648,1,0,0,1,13,258,187,39,11,316,184,40,8,0.11888111888111888,0.121875,0.12037805944055943,0.36363636363636365,0.375,0.3693181818181818,1513,0.06188118811881188,0.11824324324324324,0.09006221568102757,70
33,33.mp4,514,17.234122378716744,1,0,0,1,14,258,187,39,11,316,184,40,8,0.12121212121212122,0.109375,0.11529356060606061,0.45454545454545453,0.375,0.4147727272727273,1699,0.06435643564356436,0.10810810810810811,0.08623227187583624,70
33,33.mp4,515,17.26765179968701,1,0,0,1,15,258,187,39,11,316,184,40,8,0.12121212121212122,0.1125,0.1168560606060606,0.45454545454545453,0.375,0.4147727272727273,1699,0.06311881188118812,0.11317567567567567,0.08814724377843189,70
33,33.mp4,516,17.301181220657277,1,0,0,1,16,258,187,39,11,316,184,40,8,0.11888111888111888,0.115625,0.11725305944055944,0.45454545454545453,0.375,0.4147727272727273,1699,0.0594059405940594,0.11148648648648649,0.08544621354027294,70
33,33.mp4,517,17.33471064162754,1,0,0,1,17,258,187,39,11,316,184,40,8,0.11655011655011654,0.103125,0.10983755827505827,0.45454545454545453,0.375,0.4147727272727273,1699,0.06064356435643564,0.10641891891891891,0.08353124163767728,70
33,33.mp4,518,17.36824006259781,1,0,0,1,18,258,187,39,11,316,184,40,8,0.11655011655011654,0.1125,0.11452505827505827,0.45454545454545453,0.375,0.4147727272727273,1699,0.054455445544554455,0.10472972972972973,0.0795925876371421,70
33,33.mp4,519,17.401769483568074,1,0,0,1,19,258,187,39,11,316,184,40,8,0.1258741258741259,0.1125,0.11918706293706294,0.45454545454545453,0.375,0.4147727272727273,1699,0.05198019801980198,0.10810810810810811,0.08004415306395504,70
33,33.mp4,520,17.435298904538342,1,1,1,1,0,257,186,40,11,316,182,40,11,0.12272727272727273,0.09090909090909091,0.10681818181818181,0.45454545454545453,0.2727272727272727,0.36363636363636365,1489,0.05669481302774427,0.08082026537997587,0.06875753920386007,70
33,33.mp4,521,17.468828325508607,1,0,0,1,1,257,186,40,11,316,182,40,11,0.125,0.08181818181818182,0.10340909090909091,0.45454545454545453,0.2727272727272727,0.36363636363636365,1489,0.05790108564535585,0.07961399276236429,0.06875753920386007,70
33,33.mp4,522,17.50235774647887,1,0,0,1,2,257,186,40,11,316,182,40,11,0.12727272727272726,0.07727272727272727,0.10227272727272727,0.45454545454545453,0.2727272727272727,0.36363636363636365,1489,0.06513872135102533,0.08443908323281062,0.07478890229191798,70
33,33.mp4,523,17.53588716744914,1,0,0,1,3,257,186,40,11,316,182,40,11,0.10681818181818181,0.07045454545454545,0.08863636363636362,0.45454545454545453,0.18181818181818182,0.3181818181818182,1303,0.054282267792521106,0.07478890229191798,0.06453558504221954,70
33,33.mp4,524,17.569416588419404,1,0,0,1,4,257,186,40,11,316,182,40,11,0.10909090909090909,0.08409090909090909,0.09659090909090909,0.36363636363636365,0.2727272727272727,0.3181818181818182,1303,0.05669481302774427,0.07840772014475271,0.06755126658624849,70
33,33.mp4,525,17.602946009389672,1,0,0,1,5,257,186,40,11,316,182,40,11,0.11363636363636363,0.07727272727272727,0.09545454545454546,0.45454545454545453,0.2727272727272727,0.36363636363636365,1489,0.05910735826296743,0.08082026537997587,0.06996381182147166,70
33,33.mp4,526,17.636475430359937,1,0,0,1,6,257,186,40,11,316,182,40,11,0.10681818181818181,0.07954545454545454,0.09318181818181817,0.36363636363636365,0.2727272727272727,0.3181818181818182,1303,0.05910735826296743,0.08202653799758745,0.07056694813027745,70
33,33.mp4,527,17.6700048513302,1,0,0,1,7,257,186,40,11,316,182,40,11,0.10681818181818181,0.08409090909090909,0.09545454545454546,0.36363636363636365,0.2727272727272727,0.3181818181818182,1303,0.05669481302774427,0.08443908323281062,0.07056694813027745,70
33,33.mp4,528,17.70353427230047,1,0,0,1,8,257,186,40,11,316,182,40,11,0.10681818181818181,0.08863636363636364,0.09772727272727272,0.36363636363636365,0.2727272727272727,0.3181818181818182,1303,0.061519903498190594,0.08202653799758745,0.07177322074788903,70
33,33.mp4,529,17.737063693270734,1,0,0,1,9,257,186,40,11,316,182,40,11,0.10909090909090909,0.08863636363636364,0.09886363636363636,0.36363636363636365,0.2727272727272727,0.3181818181818182,1303,0.06393244873341375,0.08323281061519903,0.0735826296743064,70
33,33.mp4,530,17.770593114241002,1,0,0,1,10,257,186,40,11,316,182,40,11,0.1159090909090909,0.08636363636363636,0.10113636363636364,0.45454545454545453,0.2727272727272727,0.36363636363636365,1489,0.06031363088057901,0.08443908323281062,0.07237635705669482,70
33,33.mp4,531,17.804122535211267,1,0,0,1,11,257,186,40,11,316,182,40,11,0.11136363636363636,0.08863636363636364,0.1,0.45454545454545453,0.2727272727272727,0.36363636363636365,1489,0.061519903498190594,0.08323281061519903,0.07237635705669482,70
33,33.mp4,532,17.837651956181535,1,0,0,1,12,257,186,40,11,316,182,40,11,0.11363636363636363,0.08863636363636364,0.10113636363636364,0.45454545454545453,0.2727272727272727,0.36363636363636365,1489,0.06393244873341375,0.08926417370325694,0.07659831121833535,70
33,33.mp4,533,17.8711813771518,1,0,0,1,13,257,186,40,11,316,182,40,11,0.11136363636363636,0.08409090909090909,0.09772727272727272,0.45454545454545453,0.2727272727272727,0.36363636363636365,1489,0.06031363088057901,0.0856453558504222,0.07297949336550061,70
33,33.mp4,534,17.904710798122064,1,0,0,1,14,257,186,40,11,316,182,40,11,0.11136363636363636,0.08181818181818182,0.09659090909090909,0.45454545454545453,0.2727272727272727,0.36363636363636365,1489,0.06272617611580217,0.08202653799758745,0.07237635705669482,70
33,33.mp4,535,17.938240219092332,1,0,0,1,15,257,186,40,11,316,182,40,11,0.11818181818181818,0.08181818181818182,0.1,0.5454545454545454,0.2727272727272727,0.40909090909090906,1676,0.05548854041013269,0.08443908323281062,0.06996381182147166,70
33,33.mp4,536,17.971769640062597,1,0,0,1,16,257,186,40,11,316,182,40,11,0.1159090909090909,0.07954545454545454,0.09772727272727272,0.45454545454545453,0.2727272727272727,0.36363636363636365,1489,0.05910735826296743,0.0856453558504222,0.07237635705669482,70
33,33.mp4,537,18.005299061032865,1,0,0,1,17,257,186,40,11,316,182,40,11,0.11363636363636363,0.07954545454545454,0.09659090909090909,0.45454545454545453,0.2727272727272727,0.36363636363636365,1489,0.05186972255729795,0.0856453558504222,0.06875753920386007,70
33,33.mp4,538,18.03882848200313,1,0,0,1,18,257,186,40,11,316,182,40,11,0.10454545454545454,0.07954545454545454,0.09204545454545454,0.36363636363636365,0.2727272727272727,0.3181818181818182,1303,0.05669481302774427,0.0856453558504222,0.07117008443908324,70
33,33.mp4,539,18.072357902973394,1,0,0,1,19,257,186,40,11,316,182,40,11,0.10454545454545454,0.08636363636363636,0.09545454545454546,0.36363636363636365,0.2727272727272727,0.3181818181818182,1303,0.05669481302774427,0.09288299155609167,0.07478890229191797,70
33,33.mp4,540,18.105887323943662,1,1,1,1,0,257,186,39,12,316,182,40,11,0.09615384615384616,0.09090909090909091,0.09353146853146854,0.3333333333333333,0.2727272727272727,0.303030303030303,1241,0.04858757062146893,0.08805790108564536,0.06832273585355714,70
33,33.mp4,541,18.139416744913927,1,0,0,1,1,257,186,39,12,316,182,40,11,0.09615384615384616,0.09090909090909091,0.09353146853146854,0.4166666666666667,0.2727272727272727,0.3446969696969697,1412,0.04519774011299435,0.09167671893848009,0.06843722952573722,70
33,33.mp4,542,18.172946165884195,1,0,0,1,2,257,186,39,12,316,182,40,11,0.09401709401709402,0.08863636363636364,0.09132672882672882,0.4166666666666667,0.2727272727272727,0.3446969696969697,1412,0.04406779661016949,0.07720144752714113,0.06063462206865531,70
33,33.mp4,543,18.20647558685446,1,0,0,1,3,257,186,39,12,316,182,40,11,0.10042735042735043,0.08409090909090909,0.09225912975912975,0.4166666666666667,0.2727272727272727,0.3446969696969697,1412,0.04519774011299435,0.08082026537997587,0.0630090027464851,70
33,33.mp4,544,18.240005007824728,1,0,0,1,4,257,186,39,12,316,182,40,11,0.09829059829059829,0.08409090909090909,0.09119075369075369,0.4166666666666667,0.2727272727272727,0.3446969696969697,1412,0.04519774011299435,0.07478890229191798,0.059993321202456165,70
33,33.mp4,545,18.273534428794992,1,0,0,1,5,257,186,39,12,316,182,40,11,0.09829059829059829,0.09545454545454546,0.09687257187257187,0.4166666666666667,0.2727272727272727,0.3446969696969697,1412,0.04745762711864407,0.07840772014475271,0.06293267363169838,70
33,33.mp4,546,18.307063849765257,1,0,0,1,6,257,186,39,12,316,182,40,11,0.10683760683760683,0.08636363636363636,0.0966006216006216,0.4166666666666667,0.2727272727272727,0.3446969696969697,1412,0.04745762711864407,0.0735826296743064,0.060520128396475234,70
33,33.mp4,547,18.340593270735525,1,0,0,1,7,257,186,39,12,316,182,40,11,0.10256410256410256,0.09090909090909091,0.09673659673659674,0.4166666666666667,0.2727272727272727,0.3446969696969697,1412,0.0519774011299435,0.08202653799758745,0.06700196956376547,70
33,33.mp4,548,18.37412269170579,1,0,0,1,8,257,186,39,12,316,182,40,11,0.10683760683760683,0.08181818181818182,0.09432789432789432,0.4166666666666667,0.2727272727272727,0.3446969696969697,1412,0.04519774011299435,0.07478890229191798,0.059993321202456165,70
33,33.mp4,549,18.407652112676057,1,0,0,1,9,257,186,39,12,316,182,40,11,0.1047008547008547,0.08409090909090909,0.0943958818958819,0.4166666666666667,0.2727272727272727,0.3446969696969697,1412,0.05084745762711865,0.07478890229191798,0.06281817995951831,70
33,33.mp4,550,18.441181533646322,1,0,0,1,10,257,186,39,12,316,182,40,11,0.11324786324786325,0.08863636363636364,0.10094211344211344,0.4166666666666667,0.2727272727272727,0.3446969696969697,1412,0.04971751412429379,0.07720144752714113,0.06345948082571745,70
33,33.mp4,551,18.474710954616587,1,0,0,1,11,257,186,39,12,316,182,40,11,0.10042735042735043,0.08409090909090909,0.09225912975912975,0.4166666666666667,0.2727272727272727,0.3446969696969697,1412,0.05084745762711865,0.0735826296743064,0.06221504365071252,70
33,33.mp4,552,18.508240375586855,1,0,0,1,12,257,186,39,12,316,182,40,11,0.09829059829059829,0.08181818181818182,0.09005439005439006,0.4166666666666667,0.2727272727272727,0.3446969696969697,1412,0.05084745762711865,0.07840772014475271,0.06462758888593567,70
33,33.mp4,553,18.54176979655712,1,0,0,1,13,257,186,39,12,316,182,40,11,0.09615384615384616,0.08409090909090909,0.09012237762237763,0.4166666666666667,0.2727272727272727,0.3446969696969697,1412,0.0519774011299435,0.07720144752714113,0.06458942432854231,70
33,33.mp4,554,18.575299217527387,1,0,0,1,14,257,186,39,12,316,182,40,11,0.10683760683760683,0.075,0.09091880341880341,0.4166666666666667,0.18181818181818182,0.29924242424242425,1226,0.0519774011299435,0.07720144752714113,0.06458942432854231,70
33,33.mp4,555,18.608828638497652,1,0,0,1,15,257,186,39,12,316,182,40,11,0.10256410256410256,0.08409090909090909,0.09332750582750582,0.4166666666666667,0.2727272727272727,0.3446969696969697,1412,0.05649717514124294,0.07478890229191798,0.06564303871658046,70
33,33.mp4,556,18.642358059467917,1,0,0,1,16,257,186,39,12,316,182,40,11,0.1111111111111111,0.07954545454545454,0.09532828282828282,0.4166666666666667,0.2727272727272727,0.3446969696969697,1412,0.05649717514124294,0.07961399276236429,0.06805558395180361,70
33,33.mp4,557,18.675887480438185,1,0,0,1,17,257,186,39,12,316,182,40,11,0.1047008547008547,0.07272727272727272,0.0887140637140637,0.4166666666666667,0.18181818181818182,0.29924242424242425,1226,0.05649717514124294,0.07117008443908324,0.06383362979016309,70
33,33.mp4,558,18.70941690140845,1,0,0,1,18,257,186,39,12,316,182,40,11,0.10683760683760683,0.07045454545454545,0.08864607614607614,0.4166666666666667,0.18181818181818182,0.29924242424242425,1226,0.059887005649717516,0.07720144752714113,0.06854422658842932,70
33,33.mp4,559,18.742946322378717,1,0,0,1,19,257,186,39,12,316,182,40,11,0.1047008547008547,0.06363636363636363,0.08416860916860916,0.3333333333333333,0.18181818181818182,0.25757575757575757,1055,0.05536723163841808,0.07478890229191798,0.06507806696516803,70
33,33.mp4,560,18.776475743348982,1,1,1,1,0,257,186,40,11,315,182,43,11,0.10681818181818181,0.0613107822410148,0.0840644820295983,0.36363636363636365,0.18181818181818182,0.2727272727272727,1117,0.05790108564535585,0.06838565022421525,0.06314336793478555,70
33,33.mp4,561,18.81000516431925,1,0,0,1,1,257,186,40,11,315,182,43,11,0.10227272727272728,0.07399577167019028,0.08813424947145879,0.36363636363636365,0.18181818181818182,0.2727272727272727,1117,0.05669481302774427,0.0773542600896861,0.06702453655871518,70
33,33.mp4,562,18.843534585289515,1,0,0,1,2,257,186,40,11,315,182,43,11,0.11136363636363636,0.07399577167019028,0.09267970401691332,0.45454545454545453,0.18181818181818182,0.3181818181818182,1303,0.06031363088057901,0.06614349775784753,0.06322856431921327,70
33,33.mp4,563,18.87706400625978,1,0,0,1,3,257,186,40,11,315,182,43,11,0.11818181818181818,0.07610993657505286,0.09714587737843552,0.45454545454545453,0.18181818181818182,0.3181818181818182,1303,0.06393244873341375,0.06950672645739911,0.06671958759540643,70
33,33.mp4,564,18.910593427230047,1,0,0,1,4,257,186,40,11,315,182,43,11,0.12045454545454545,0.07399577167019028,0.09722515856236787,0.45454545454545453,0.18181818181818182,0.3181818181818182,1303,0.06875753920386007,0.06950672645739911,0.06913213283062959,70
33,33.mp4,565,18.944122848200312,1,0,0,1,5,257,186,40,11,315,182,43,11,0.12045454545454545,0.07188160676532769,0.09616807610993658,0.45454545454545453,0.18181818181818182,0.3181818181818182,1303,0.06513872135102533,0.07399103139013453,0.06956487637057993,70
33,33.mp4,566,18.97765226917058,1,0,0,1,6,257,186,40,11,315,182,43,11,0.11363636363636363,0.07610993657505286,0.09487315010570824,0.45454545454545453,0.18181818181818182,0.3181818181818182,1303,0.06755126658624849,0.0773542600896861,0.0724527633379673,70
33,33.mp4,567,19.011181690140845,1,0,0,1,7,257,186,40,11,315,182,43,11,0.11136363636363636,0.0507399577167019,0.08105179704016913,0.45454545454545453,0.18181818181818182,0.3181818181818182,1303,0.06755126658624849,0.0773542600896861,0.0724527633379673,70
33,33.mp4,568,19.04471111111111,1,0,0,1,8,257,186,40,11,315,182,43,11,0.10909090909090909,0.05919661733615222,0.08414376321353065,0.45454545454545453,0.18181818181818182,0.3181818181818182,1303,0.07599517490952955,0.0773542600896861,0.07667471749960783,70
33,33.mp4,569,19.078240532081377,1,0,0,1,9,257,186,40,11,315,182,43,11,0.11136363636363636,0.06342494714587738,0.08739429175475687,0.45454545454545453,0.18181818181818182,0.3181818181818182,1303,0.07117008443908324,0.08295964125560538,0.07706486284734432,70
33,33.mp4,570,19.111769953051642,1,0,0,1,10,257,186,40,11,315,182,43,11,0.10909090909090909,0.06342494714587738,0.08625792811839322,0.45454545454545453,0.18181818181818182,0.3181818181818182,1303,0.07237635705669482,0.08071748878923767,0.07654692292296625,70
33,33.mp4,571,19.14529937402191,0,0,0,1,11,257,186,40,11,315,182,43,11,0.09090909090909091,0.0613107822410148,0.07610993657505286,0.36363636363636365,0.18181818181818182,0.2727272727272727,1117,0.05548854041013269,0.07511210762331838,0.06530032401672553,70
33,33.mp4,572,19.178828794992175,0,0,0,1,12,257,186,40,11,315,182,43,11,0.10227272727272728,0.010570824524312896,0.056421775898520085,0.45454545454545453,0.09090909090909091,0.2727272727272727,1117,0.047044632086851626,0.043721973094170405,0.045383302590511015,70
33,33.mp4,573,19.212358215962443,0,0,0,1,13,257,186,40,11,315,182,43,11,0.07045454545454545,0.006342494714587738,0.038398520084566595,0.36363636363636365,0.0,0.18181818181818182,745,0.04342581423401689,0.04484304932735426,0.044134431780685573,70
33,33.mp4,574,19.245887636932707,0,0,0,1,14,257,186,40,11,315,182,43,11,0.09090909090909091,0.016913319238900635,0.05391120507399577,0.45454545454545453,0.09090909090909091,0.2727272727272727,1117,0.033775633293124246,0.06053811659192825,0.04715687494252625,70
33,33.mp4,575,19.279417057902972,0,0,0,1,15,257,186,40,11,315,182,43,11,0.09545454545454546,0.03171247357293869,0.06358350951374207,0.36363636363636365,0.18181818181818182,0.2727272727272727,1117,0.03498190591073583,0.0515695067264574,0.04327570631859662,70
33,33.mp4,576,19.31294647887324,0,0,0,1,16,257,186,40,11,315,182,43,11,0.08863636363636364,0.040169133192389,0.06440274841437632,0.36363636363636365,0.18181818181818182,0.2727272727272727,1117,0.027744270205066344,0.04820627802690583,0.037975274115986085,70
33,33.mp4,577,19.346475899843504,0,0,0,1,17,257,186,40,11,315,182,43,11,0.08181818181818182,0.046511627906976744,0.06416490486257928,0.36363636363636365,0.2727272727272727,0.3181818181818182,1303,0.032569360675512665,0.03811659192825112,0.03534297630188189,70
33,33.mp4,578,19.380005320813773,0,0,0,1,18,257,186,40,11,315,182,43,11,0.075,0.046511627906976744,0.06075581395348837,0.36363636363636365,0.2727272727272727,0.3181818181818182,1303,0.032569360675512665,0.03699551569506727,0.03478243818528996,70
33,33.mp4,579,19.413534741784037,0,0,0,1,19,257,186,40,11,315,182,43,11,0.08181818181818182,0.042283298097251586,0.062050739957716705,0.36363636363636365,0.2727272727272727,0.3181818181818182,1303,0.03739445114595899,0.03699551569506727,0.037194983420513125,70
33,33.mp4,580,19.4470641627543,0,1,1,1,0,257,179,39,16,316,175,39,16,0.13782051282051283,0.07852564102564102,0.10817307692307693,0.6875,0.375,0.53125,2176,0.04861693210393965,0.04694048616932104,0.04777870913663035,70
33,33.mp4,581,19.48059358372457,0,0,0,1,1,257,179,39,16,316,175,39,16,0.1330128205128205,0.08814102564102565,0.11057692307692307,0.6875,0.4375,0.5625,2304,0.04274937133277452,0.05280804694048617,0.04777870913663035,70
33,33.mp4,582,19.514123004694834,0,0,0,1,2,257,179,39,16,316,175,39,16,0.13141025641025642,0.08814102564102565,0.10977564102564102,0.6875,0.375,0.53125,2176,0.04274937133277452,0.055322715842414084,0.0490360435875943,70
33,33.mp4,583,19.547652425665103,0,0,0,1,3,257,179,39,16,316,175,39,16,0.1346153846153846,0.09294871794871795,0.11378205128205128,0.6875,0.4375,0.5625,2304,0.04861693210393965,0.057837384744341996,0.05322715842414082,70
33,33.mp4,584,19.581181846635367,0,0,0,1,4,257,179,39,16,316,175,39,16,0.13942307692307693,0.09615384615384616,0.11778846153846154,0.6875,0.375,0.53125,2176,0.05280804694048617,0.056160938809723386,0.054484492875104776,70
33,33.mp4,585,19.614711267605635,0,0,0,1,5,257,179,39,16,316,175,39,16,0.14743589743589744,0.09935897435897435,0.1233974358974359,0.6875,0.375,0.53125,2176,0.05280804694048617,0.055322715842414084,0.05406538139145013,70
33,33.mp4,586,19.6482406885759,0,0,0,1,6,257,179,39,16,316,175,39,16,0.14423076923076922,0.09935897435897435,0.12179487179487178,0.6875,0.375,0.53125,2176,0.05113160100586756,0.05280804694048617,0.05196982397317687,70
33,33.mp4,587,19.681770109546164,0,0,0,1,7,257,179,39,16,316,175,39,16,0.15064102564102563,0.10256410256410256,0.1266025641025641,0.6875,0.375,0.53125,2176,0.054484492875104776,0.055322715842414084,0.054903604358759434,70
33,33.mp4,588,19.715299530516432,0,0,0,1,8,257,179,39,16,316,175,39,16,0.15224358974358973,0.10897435897435898,0.13060897435897434,0.6875,0.4375,0.5625,2304,0.050293378038558254,0.056160938809723386,0.053227158424140816,70
33,33.mp4,589,19.748828951486697,0,0,0,1,9,257,179,39,16,316,175,39,16,0.15224358974358973,0.10416666666666667,0.1282051282051282,0.6875,0.4375,0.5625,2304,0.054484492875104776,0.05951383067896061,0.056999161777032695,70
33,33.mp4,590,19.782358372456965,0,0,0,1,10,257,179,39,16,316,175,39,16,0.14743589743589744,0.11217948717948718,0.12980769230769232,0.6875,0.4375,0.5625,2304,0.05280804694048617,0.057837384744341996,0.055322715842414084,70
33,33.mp4,591,19.81588779342723,0,0,0,1,11,257,179,39,16,316,175,39,16,0.15544871794871795,0.11217948717948718,0.13381410256410256,0.6875,0.4375,0.5625,2304,0.057837384744341996,0.06119027661357921,0.0595138306789606,70
33,33.mp4,592,19.849417214397494,0,0,0,1,12,257,179,39,16,316,175,39,16,0.14903846153846154,0.11057692307692307,0.1298076923076923,0.6875,0.4375,0.5625,2304,0.056160938809723386,0.0586756077116513,0.05741827326068734,70
33,33.mp4,593,19.882946635367762,0,0,0,1,13,257,179,39,16,316,175,39,16,0.14583333333333334,0.11057692307692307,0.1282051282051282,0.6875,0.4375,0.5625,2304,0.054484492875104776,0.06454316848281642,0.0595138306789606,70
33,33.mp4,594,19.916476056338027,0,0,0,1,14,257,179,39,16,316,175,39,16,0.14423076923076922,0.10737179487179487,0.12580128205128205,0.6875,0.375,0.53125,2176,0.056160938809723386,0.06286672254819782,0.0595138306789606,70
33,33.mp4,595,19.950005477308295,0,0,0,1,15,257,179,39,16,316,175,39,16,0.15064102564102563,0.10737179487179487,0.12900641025641024,0.6875,0.375,0.53125,2176,0.053646269907795474,0.06119027661357921,0.05741827326068734,70
33,33.mp4,596,19.98353489827856,0,0,0,1,16,257,179,39,16,316,175,39,16,0.14423076923076922,0.10256410256410256,0.12339743589743589,0.6875,0.375,0.53125,2176,0.05280804694048617,0.06538139145012574,0.059094719195305956,70
33,33.mp4,597,20.017064319248824,0,0,0,1,17,257,179,39,16,316,175,39,16,0.14903846153846154,0.10576923076923077,0.12740384615384615,0.6875,0.375,0.53125,2176,0.04945515507124895,0.0586756077116513,0.054065381391450125,70
33,33.mp4,598,20.050593740219092,0,0,0,1,18,257,179,39,16,316,175,39,16,0.14102564102564102,0.09935897435897435,0.12019230769230768,0.6875,0.375,0.53125,2176,0.04861693210393965,0.06370494551550712,0.056160938809723386,70
33,33.mp4,599,20.084123161189357,0,0,0,1,19,257,179,39,16,316,175,39,16,0.14262820512820512,0.10256410256410256,0.12259615384615384,0.6875,0.375,0.53125,2176,0.04694048616932104,0.06119027661357921,0.054065381391450125,70
33,33.mp4,600,20.117652582159625,0,1,1,1,0,257,179,39,16,316,175,39,16,0.13782051282051283,0.10416666666666667,0.12099358974358976,0.6875,0.375,0.53125,2176,0.04694048616932104,0.057837384744341996,0.052388935456831515,70
33,33.mp4,601,20.15118200312989,0,0,0,1,1,257,179,39,16,316,175,39,16,0.1330128205128205,0.11057692307692307,0.12179487179487179,0.625,0.375,0.5,2048,0.04358759430008382,0.06202849958088852,0.05280804694048617,70
33,33.mp4,602,20.184711424100158,0,0,0,1,2,257,179,39,16,316,175,39,16,0.1346153846153846,0.10737179487179487,0.12099358974358973,0.6875,0.375,0.53125,2176,0.04526404023470243,0.057837384744341996,0.05155071248952221,70
33,33.mp4,603,20.218240845070422,0,0,0,1,3,257,179,39,16,316,175,39,16,0.14102564102564102,0.10737179487179487,0.12419871794871795,0.6875,0.375,0.53125,2176,0.04610226320201174,0.06119027661357921,0.053646269907795474,70
33,33.mp4,604,20.251770266040687,0,0,0,1,4,257,179,39,16,316,175,39,16,0.13782051282051283,0.10737179487179487,0.12259615384615385,0.625,0.375,0.5,2048,0.04442581726739313,0.06035205364626991,0.052388935456831515,70
33,33.mp4,605,20.285299687010955,0,0,0,1,5,257,179,39,16,316,175,39,16,0.1346153846153846,0.10737179487179487,0.12099358974358973,0.625,0.4375,0.53125,2176,0.04358759430008382,0.06119027661357921,0.052388935456831515,70
33,33.mp4,606,20.31882910798122,0,0,0,1,6,257,179,39,16,316,175,39,16,0.1362179487179487,0.10897435897435898,0.12259615384615384,0.625,0.4375,0.53125,2176,0.04358759430008382,0.06286672254819782,0.053227158424140816,70
33,33.mp4,607,20.352358528951488,0,0,0,1,7,257,179,39,16,316,175,39,16,0.13782051282051283,0.10737179487179487,0.12259615384615385,0.625,0.4375,0.53125,2176,0.04777870913663034,0.06370494551550712,0.055741827326068735,70
33,33.mp4,608,20.385887949921752,0,0,0,1,8,257,179,39,16,316,175,39,16,0.13141025641025642,0.10576923076923077,0.11858974358974358,0.625,0.4375,0.53125,2176,0.04610226320201174,0.05951383067896061,0.05280804694048617,70
33,33.mp4,609,20.419417370892017,0,0,0,1,9,257,179,39,16,316,175,39,16,0.1330128205128205,0.11217948717948718,0.12259615384615385,0.625,0.4375,0.53125,2176,0.04610226320201174,0.06119027661357921,0.053646269907795474,70
33,33.mp4,610,20.452946791862285,0,0,0,1,10,257,179,39,16,316,175,39,16,0.1330128205128205,0.11057692307692307,0.12179487179487179,0.625,0.4375,0.53125,2176,0.04694048616932104,0.06035205364626991,0.053646269907795474,70
33,33.mp4,611,20.48647621283255,0,0,0,1,11,257,179,39,16,316,175,39,16,0.12980769230769232,0.10416666666666667,0.11698717948717949,0.625,0.4375,0.53125,2176,0.04526404023470243,0.06119027661357921,0.053227158424140816,70
33,33.mp4,612,20.520005633802818,0,0,0,1,12,257,179,39,16,316,175,39,16,0.14102564102564102,0.10897435897435898,0.125,0.6875,0.4375,0.5625,2304,0.04526404023470243,0.05951383067896061,0.052388935456831515,70
33,33.mp4,613,20.553535054773082,0,0,0,1,13,257,179,39,16,316,175,39,16,0.1362179487179487,0.10416666666666667,0.12019230769230768,0.6875,0.375,0.53125,2176,0.04358759430008382,0.057837384744341996,0.05071248952221291,70
33,33.mp4,614,20.58706447574335,0,0,0,1,14,257,179,39,16,316,175,39,16,0.14262820512820512,0.09775641025641026,0.12019230769230768,0.6875,0.375,0.53125,2176,0.04107292539815591,0.050293378038558254,0.04568315171835708,70
33,33.mp4,615,20.620593896713615,0,0,0,1,15,257,179,39,16,316,175,39,16,0.14262820512820512,0.09294871794871795,0.11778846153846154,0.6875,0.375,0.53125,2176,0.04274937133277452,0.04861693210393965,0.04568315171835709,70
33,33.mp4,616,20.65412331768388,0,0,0,1,16,257,179,39,16,316,175,39,16,0.13942307692307693,0.09294871794871795,0.11618589743589744,0.6875,0.375,0.53125,2176,0.04945515507124895,0.04694048616932104,0.04819782062028499,70
33,33.mp4,617,20.687652738654148,0,0,0,1,17,257,179,39,16,316,175,39,16,0.14903846153846154,0.08493589743589744,0.11698717948717949,0.6875,0.375,0.53125,2176,0.04694048616932104,0.04274937133277452,0.04484492875104778,70
33,33.mp4,618,20.721182159624412,0,0,0,1,18,257,179,39,16,316,175,39,16,0.14903846153846154,0.09294871794871795,0.12099358974358974,0.625,0.4375,0.53125,2176,0.04694048616932104,0.04694048616932104,0.04694048616932104,70
33,33.mp4,619,20.75471158059468,0,0,0,1,19,257,179,39,16,316,175,39,16,0.14903846153846154,0.08974358974358974,0.11939102564102563,0.625,0.4375,0.53125,2176,0.04526404023470243,0.04610226320201174,0.04568315171835709,70
33,33.mp4,620,20.788241001564945,0,1,1,1,0,261,178,38,16,319,174,38,16,0.13157894736842105,0.10197368421052631,0.11677631578947367,0.5625,0.4375,0.5,2048,0.04561101549053356,0.04561101549053356,0.04561101549053356,70
33,33.mp4,621,20.82177042253521,0,0,0,1,1,261,178,38,16,319,174,38,16,0.13815789473684212,0.09375,0.11595394736842106,0.625,0.4375,0.53125,2176,0.04130808950086059,0.04475043029259897,0.043029259896729774,70
33,33.mp4,622,20.855299843505477,0,0,0,1,2,261,178,38,16,319,174,38,16,0.14473684210526316,0.08388157894736842,0.11430921052631579,0.6875,0.4375,0.5625,2304,0.04388984509466437,0.0387263339070568,0.04130808950086058,70
33,33.mp4,623,20.888829264475742,0,0,0,1,3,261,178,38,16,319,174,38,16,0.14473684210526316,0.08881578947368421,0.11677631578947369,0.6875,0.375,0.53125,2176,0.04044750430292599,0.04216867469879518,0.04130808950086058,70
33,33.mp4,624,20.92235868544601,0,0,0,1,4,261,178,38,16,319,174,38,16,0.15296052631578946,0.10032894736842106,0.12664473684210525,0.6875,0.4375,0.5625,2304,0.04216867469879518,0.05335628227194492,0.04776247848537005,70
33,33.mp4,625,20.955888106416275,0,0,0,1,5,261,178,38,16,319,174,38,16,0.14309210526315788,0.09210526315789473,0.1175986842105263,0.6875,0.375,0.53125,2176,0.04475043029259897,0.05335628227194492,0.04905335628227195,70
33,33.mp4,626,20.989417527386543,0,0,0,1,6,261,178,38,16,319,174,38,16,0.14309210526315788,0.09210526315789473,0.1175986842105263,0.6875,0.375,0.53125,2176,0.04388984509466437,0.05249569707401033,0.04819277108433735,70
33,33.mp4,627,21.022946948356807,0,0,0,1,7,261,178,38,16,319,174,38,16,0.14144736842105263,0.08881578947368421,0.11513157894736842,0.6875,0.4375,0.5625,2304,0.04130808950086059,0.05421686746987952,0.047762478485370054,70
33,33.mp4,628,21.056476369327072,0,0,0,1,8,261,178,38,16,319,174,38,16,0.12171052631578948,0.07730263157894737,0.09950657894736842,0.6875,0.3125,0.5,2048,0.03442340791738382,0.060240963855421686,0.047332185886402756,70
33,33.mp4,629,21.09000579029734,0,0,0,1,9,261,178,38,16,319,174,38,16,0.125,0.09210526315789473,0.10855263157894737,0.625,0.375,0.5,2048,0.0378657487091222,0.06454388984509467,0.05120481927710843,70
33,33.mp4,630,21.123535211267605,0,0,0,1,10,261,178,38,16,319,174,38,16,0.1299342105263158,0.08881578947368421,0.109375,0.625,0.375,0.5,2048,0.03442340791738382,0.050774526678141134,0.042598967297762476,70
33,33.mp4,631,21.157064632237873,0,0,0,1,11,261,178,38,16,319,174,38,16,0.13322368421052633,0.09539473684210527,0.11430921052631579,0.6875,0.375,0.53125,2176,0.03700516351118761,0.05421686746987952,0.04561101549053356,70
33,33.mp4,632,21.190594053208137,0,0,0,1,12,261,178,38,16,319,174,38,16,0.14144736842105263,0.09046052631578948,0.11595394736842105,0.6875,0.375,0.53125,2176,0.0387263339070568,0.05593803786574871,0.047332185886402756,70
33,33.mp4,633,21.224123474178402,0,0,0,1,13,261,178,38,16,319,174,38,16,0.14638157894736842,0.10361842105263158,0.125,0.6875,0.4375,0.5625,2304,0.0378657487091222,0.06282271944922548,0.050344234079173836,70
33,33.mp4,634,21.25765289514867,0,0,0,1,14,261,178,38,16,319,174,38,16,0.14967105263157895,0.10361842105263158,0.12664473684210525,0.6875,0.375,0.53125,2176,0.043029259896729774,0.06110154905335628,0.05206540447504303,70
33,33.mp4,635,21.291182316118935,0,0,0,1,15,261,178,38,16,319,174,38,16,0.14802631578947367,0.09539473684210527,0.12171052631578946,0.6875,0.375,0.53125,2176,0.04216867469879518,0.055077452667814115,0.04862306368330464,70
33,33.mp4,636,21.324711737089203,0,0,0,1,16,261,178,38,16,319,174,38,16,0.14473684210526316,0.09539473684210527,0.12006578947368421,0.6875,0.375,0.53125,2176,0.04647160068846816,0.058519793459552494,0.05249569707401033,70
33,33.mp4,637,21.358241158059467,0,0,0,1,17,261,178,38,16,319,174,38,16,0.13815789473684212,0.05592105263157895,0.09703947368421054,0.6875,0.3125,0.5,2048,0.035283993115318414,0.047332185886402756,0.04130808950086058,70
33,33.mp4,638,21.391770579029732,0,0,0,1,18,261,178,38,16,319,174,38,16,0.09375,0.014802631578947368,0.054276315789473686,0.5625,0.125,0.34375,1408,0.028399311531841654,0.04561101549053356,0.03700516351118761,70
