video_id,frame_id,timestamp,blink_id,is_blink,is_closed,is_valid,nf,le_fc,le_nv,re_fc,re_nv,extra_fields_raw
A,59,1.92735,-1,0,0,1,X,X,X,X,X,264:186:155:146:295:212:325:217:366:221:395:220
A,60,1.95907,-1,0,0,1,X,X,X,X,X,264:186:154:145:295:211:325:217:365:221:395:220
A,61,1.99112,1,1,0,1,X,X,X,X,X,264:185:155:148:294:212:324:218:365:222:395:221
A,62,2.03903,1,1,1,1,X,C,X,C,X,264:186:155:147:295:214:324:219:365:223:395:223
A,63,2.07129,1,1,1,1,X,C,X,C,X,264:185:155:147:294:214:324:219:365:223:396:223
A,64,2.10319,1,1,1,1,X,C,X,C,X,265:186:152:146:294:213:324:218:366:222:397:223
A,65,2.13531,1,1,0,1,X,X,X,X,X,265:185:154:148:294:212:324:218:367:222:396:222
A,66,2.16723,1,1,0,1,X,X,X,X,X,264:185:154:147:293:212:324:218:366:222:396:222
A,67,2.20648,1,1,0,1,X,X,X,X,X,264:186:154:146:294:212:324:218:366:222:395:221
A,68,2.23126,-1,0,0,1,X,X,X,X,X,264:186:155:146:295:211:324:217:365:222:395:221
A,69,2.26331,-1,0,0,1,X,X,X,X,X,264:186:154:146:295:212:324:218:366:222:394:221
A,70,2.30563,-1,0,0,1,X,X,X,X,X,264:186:154:146:295:212:324:218:365:222:394:221
A,71,2.32737,-1,0,0,1,X,X,X,X,X,264:186:154:146:294:212:324:218:365:222:394:221
A,72,2.35939,-1,0,0,1,X,X,X,X,X,264:186:153:145:294:212:323:218:365:222:394:220
A,73,2.40595,-1,0,0,1,X,X,X,X,X,264:186:154:146:294:211:324:218:365:222:394:221
A,74,2.42337,-1,0,0,1,X,X,X,X,X,264:186:155:146:294:212:323:218:365:222:395:221
A,75,2.47123,-1,0,0,1,X,X,X,X,X,264:186:155:147:294:211:324:218:365:222:395:220
A,76,2.50611,-1,0,0,1,X,X,X,X,X,264:186:155:147:294:211:323:217:365:221:394:220
A,77,2.53536,-1,0,0,1,X,X,X,X,X,264:186:155:147:293:212:323:217:366:221:395:221
A,78,2.56734,-1,0,0,1,X,X,X,X,X,264:186:154:146:294:212:323:217:365:221:395:220
A,79,2.59947,-1,0,0,1,X,X,X,X,X,264:186:154:147:294:212:323:218:365:221:395:221
A,80,2.631,-1,0,0,1,X,X,X,X,X,264:186:155:146:294:212:323:218:365:222:395:221
A,81,2.66338,-1,0,0,1,X,X,X,X,X,264:186:154:147:293:212:323:218:365:222:394:221
A,82,2.69506,-1,0,0,1,X,X,X,X,X,263:186:155:146:294:212:323:218:365:222:394:221
A,83,2.72734,-1,0,0,1,X,X,X,X,X,264:186:154:147:294:212:323:218:364:221:394:221
A,84,2.7591,-1,0,0,1,X,X,X,X,X,264:186:155:147:293:212:323:218:365:221:395:220
A,85,2.79128,-1,0,0,1,X,X,X,X,X,264:186:154:146:293:212:323:218:365:222:394:221
A,86,2.8232,-1,0,0,1,X,X,X,X,X,264:186:154:147:294:212:323:218:365:221:395:221
A,87,2.87105,-1,0,0,1,X,X,X,X,X,264:186:154:148:294:212:324:218:365:221:395:221
A,88,2.90317,-1,0,0,1,X,X,X,X,X,264:186:155:148:294:212:324:218:366:222:395:221
A,89,2.93535,-1,0,0,1,X,X,X,X,X,264:186:155:148:294:212:324:218:365:221:395:221
A,90,2.96722,-1,0,0,1,X,X,X,X,X,264:186:155:149:295:212:324:217:365:221:395:220
A,91,2.99909,-1,0,0,1,X,X,X,X,X,264:186:155:149:295:212:324:217:366:221:395:220
A,92,3.03128,-1,0,0,1,X,X,X,X,X,264:186:155:149:296:212:325:217:366:221:395:221
A,93,3.06328,-1,0,0,1,X,X,X,X,X,265:185:154:150:296:212:325:217:366:221:395:221
A,94,3.09535,-1,0,0,1,X,X,X,X,X,265:185:154:150:296:212:325:217:367:221:395:221
A,95,3.12738,-1,0,0,1,X,X,X,X,X,265:186:154:148:295:212:325:217:366:221:395:221
A,96,3.15936,-1,0,0,1,X,X,X,X,X,265:186:154:148:296:211:325:217:367:221:396:221
A,97,3.19131,-1,0,0,1,X,X,X,X,X,265:185:154:149:296:212:325:217:367:221:396:221
A,98,3.22331,-1,0,0,1,X,X,X,X,X,265:185:154:149:296:212:325:217:367:221:396:221
A,99,3.27106,-1,0,0,1,X,X,X,X,X,265:186:154:148:296:212:325:217:367:221:396:221
A,100,3.30334,-1,0,0,1,X,X,X,X,X,265:186:154:148:296:212:326:217:367:222:397:221
A,101,3.33538,-1,0,0,1,X,X,X,X,X,265:186:154:147:296:212:325:218:367:222:397:221
A,102,3.3673,-1,0,0,1,X,X,X,X,X,266:185:153:149:296:212:326:217:367:222:396:221
A,103,3.39906,-1,0,0,1,X,X,X,X,X,266:186:153:148:296:212:326:217:368:222:396:222
A,104,3.43129,-1,0,0,1,X,X,X,X,X,265:186:154:148:297:212:326:217:367:222:396:221
A,105,3.46302,-1,0,0,1,X,X,X,X,X,265:186:154:148:296:212:326:217:367:222:396:222
A,106,3.49527,-1,0,0,1,X,X,X,X,X,266:185:154:149:296:212:326:217:368:222:396:222
A,107,3.52695,-1,0,0,1,X,X,X,X,X,266:186:153:148:296:212:326:218:367:222:396:222
A,108,3.5593,-1,0,0,1,X,X,X,X,X,266:186:153:147:296:212:326:217:367:222:396:222
A,109,3.59101,-1,0,0,1,X,X,X,X,X,265:186:155:148:296:212:326:218:367:222:396:222
A,110,3.6232,-1,0,0,1,X,X,X,X,X,265:186:154:148:296:212:326:218:367:222:396:222
A,111,3.65525,-1,0,0,1,X,X,X,X,X,265:186:154:148:296:212:326:218:367:222:396:222
A,112,3.70294,-1,0,0,1,X,X,X,X,X,265:186:154:148:296:212:325:218:367:222:395:222
A,113,3.73515,-1,0,0,1,X,X,X,X,X,265:186:154:148:296:212:326:218:367:222:396:222
A,114,3.76725,-1,0,0,1,X,X,X,X,X,264:186:155:148:295:212:324:218:367:222:396:222
A,115,3.7995,-1,0,0,1,X,X,X,X,X,266:186:153:148:296:213:325:218:367:222:396:222
A,116,3.83119,-1,0,0,1,X,X,X,X,X,266:186:153:148:296:213:325:218:367:222:396:222
A,117,3.86335,-1,0,0,1,X,X,X,X,X,264:187:155:147:295:213:325:218:366:222:396:222
A,118,3.89494,-1,0,0,1,X,X,X,X,X,266:186:152:148:296:213:325:218:367:223:396:222
A,119,3.92727,-1,0,0,1,X,X,X,X,X,265:186:155:148:296:213:326:218:367:223:397:223
A,120,3.95897,-1,0,0,1,X,X,X,X,X,265:186:154:148:296:212:325:218:367:222:397:222
A,121,3.99103,-1,0,0,1,X,X,X,X,X,266:186:153:148:296:212:326:218:367:222:397:222
A,122,4.02333,-1,0,0,1,X,X,X,X,X,265:186:154:148:296:213:326:218:367:222:396:222
A,123,4.05529,-1,0,0,1,X,X,X,X,X,266:186:154:148:296:213:326:218:367:222:397:222
A,124,4.10295,-1,0,0,1,X,X,X,X,X,266:186:153:148:297:212:327:218:367:222:396:222
A,125,4.13535,-1,0,0,1,X,X,X,X,X,266:186:154:148:296:212:326:218:368:223:397:222
A,126,4.16717,-1,0,0,1,X,X,X,X,X,266:187:154:147:296:212:326:218:367:222:397:222
A,127,4.19902,-1,0,0,1,X,X,X,X,X,266:187:155:147:296:213:326:218:368:223:398:222
A,128,4.23127,-1,0,0,1,X,X,X,X,X,267:186:153:147:296:212:326:218:367:222:397:223
A,129,4.26305,-1,0,0,1,X,X,X,X,X,266:187:154:147:296:213:326:218:368:223:397:223
A,130,4.29519,-1,0,0,1,X,X,X,X,X,266:187:154:146:297:213:326:218:368:222:397:222
A,131,4.32737,-1,0,0,1,X,X,X,X,X,266:187:154:147:297:213:326:218:368:222:397:222
A,132,4.35914,-1,0,0,1,X,X,X,X,X,266:187:154:147:297:213:327:218:368:223:397:222
A,133,4.39101,-1,0,0,1,X,X,X,X,X,267:186:153:147:298:213:326:218:368:223:397:222
A,134,4.42333,-1,0,0,1,X,X,X,X,X,266:185:155:148:297:212:327:217:369:222:398:221
A,135,4.45514,-1,0,0,1,X,X,X,X,X,267:189:153:146:297:215:326:221:369:225:398:224
A,136,4.5029,-1,0,0,1,X,X,X,X,X,266:189:155:144:297:214:326:220:369:224:397:224
A,137,4.53529,-1,0,0,1,X,X,X,X,X,267:186:154:146:297:212:327:218:369:222:398:222
A,138,4.56693,-1,0,0,1,X,X,X,X,X,266:187:154:147:297:213:326:219:369:223:397:223
A,139,4.59935,-1,0,0,1,X,X,X,X,X,267:189:153:145:297:215:327:220:368:224:396:224
A,140,4.63099,-1,0,0,1,X,X,X,X,X,266:189:154:145:296:214:326:220:368:224:396:224
A,141,4.66298,-1,0,0,1,X,X,X,X,X,266:188:155:145:296:213:326:219:367:223:397:223
A,142,4.69497,-1,0,0,1,X,X,X,X,X,265:187:155:145:296:213:326:218:367:223:396:222
A,143,4.72726,-1,0,0,1,X,X,X,X,X,266:188:153:145:296:213:325:219:367:223:395:223
A,144,4.75965,-1,0,0,1,X,X,X,X,X,266:188:153:144:296:214:325:220:367:224:396:223
A,145,4.79094,-1,0,0,1,X,X,X,X,X,266:188:154:143:296:213:325:219:367:223:395:222
A,146,4.8232,-1,0,0,1,X,X,X,X,X,264:187:155:144:295:212:325:218:366:223:396:222
A,147,4.85515,-1,0,0,1,X,X,X,X,X,266:188:153:143:297:213:326:219:367:223:396:222
A,148,4.88716,-1,0,0,1,X,X,X,X,X,266:187:154:145:296:214:326:219:367:223:396:223
A,149,4.93511,-1,0,0,1,X,X,X,X,X,265:188:154:143:296:213:326:219:367:223:396:222
A,150,4.96709,-1,0,0,1,X,X,X,X,X,266:187:154:143:297:213:326:219:368:223:396:222
A,151,4.99949,-1,0,0,1,X,X,X,X,X,266:188:154:143:297:213:326:219:368:223:396:222
A,152,5.03138,-1,0,0,1,X,X,X,X,X,266:188:154:144:297:213:326:220:368:224:397:222
A,153,5.06296,-1,0,0,1,X,X,X,X,X,266:188:154:144:296:213:327:219:368:223:397:222
A,154,5.09499,-1,0,0,1,X,X,X,X,X,266:188:155:144:296:213:327:219:368:223:398:222
A,155,5.127,-1,0,0,1,X,X,X,X,X,266:188:155:144:297:213:327:219:368:223:397:222
A,156,5.15899,-1,0,0,1,X,X,X,X,X,266:188:155:144:296:213:326:219:368:223:397:222
A,157,5.19111,-1,0,0,1,X,X,X,X,X,266:188:154:143:296:213:327:219:368:223:398:222
A,158,5.22331,-1,0,0,1,X,X,X,X,X,266:188:154:143:297:212:326:218:367:223:396:222
A,159,5.25512,-1,0,0,1,X,X,X,X,X,266:187:155:144:296:212:326:218:368:223:398:221
A,160,5.28713,-1,0,0,1,X,X,X,X,X,266:187:154:144:296:213:326:219:368:223:397:222
A,161,5.33511,-1,0,0,1,X,X,X,X,X,266:187:155:144:297:213:326:219:368:223:396:222
A,162,5.36706,-1,0,0,1,X,X,X,X,X,266:187:155:145:296:213:326:219:368:223:397:222
A,163,5.39936,-1,0,0,1,X,X,X,X,X,266:187:154:145:296:213:326:219:368:223:397:222
A,164,5.43121,-1,0,0,1,X,X,X,X,X,266:188:154:143:297:213:326:219:367:223:397:222
A,165,5.46313,-1,0,0,1,X,X,X,X,X,266:188:154:144:297:214:326:220:368:224:397:223
A,166,5.49488,-1,0,0,1,X,X,X,X,X,266:188:154:144:296:213:326:219:367:223:397:222
A,167,5.52721,-1,0,0,1,X,X,X,X,X,265:188:155:144:297:213:326:219:368:224:397:223
A,168,5.55938,-1,0,0,1,X,X,X,X,X,266:189:154:144:296:214:326:220:368:224:397:223
A,169,5.59085,-1,0,0,1,X,X,X,X,X,266:189:154:143:296:214:326:220:368:224:397:223
A,170,5.62325,-1,0,0,1,X,X,X,X,X,266:189:155:143:295:214:325:220:367:224:397:223
A,171,5.65487,-1,0,0,1,X,X,X,X,X,266:189:154:143:296:214:325:220:366:224:396:223
A,172,5.68694,-1,0,0,1,X,X,X,X,X,266:188:155:145:295:214:324:220:367:224:396:223
A,173,5.73485,-1,0,0,1,X,X,X,X,X,265:188:155:145:294:214:325:220:367:223:396:223
A,174,5.76708,-1,0,0,1,X,X,X,X,X,264:188:157:145:294:214:325:220:367:223:397:222
A,175,5.79939,-1,0,0,1,X,X,X,X,X,266:188:154:145:294:214:325:219:367:223:396:223
A,176,5.83099,-1,0,0,1,X,X,X,X,X,265:188:155:145:294:214:324:220:367:223:396:222
A,177,5.86322,-1,0,0,1,X,X,X,X,X,265:188:155:145:294:214:324:220:367:224:396:223
A,178,5.8952,-1,0,0,1,X,X,X,X,X,265:188:155:145:294:214:325:219:367:223:397:222
A,179,5.92694,-1,0,0,1,X,X,X,X,X,265:188:154:145:294:213:324:219:366:223:396:222
A,180,5.95945,-1,0,0,1,X,X,X,X,X,264:188:156:144:294:213:324:219:367:223:396:222
A,181,5.99129,-1,0,0,1,X,X,X,X,X,265:187:155:145:294:213:324:219:366:223:396:222
A,182,6.02295,-1,0,0,1,X,X,X,X,X,265:187:155:145:294:213:324:219:367:223:396:222
A,183,6.05494,-1,0,0,1,X,X,X,X,X,265:187:155:145:295:213:325:219:366:223:396:221
A,184,6.08719,-1,0,0,1,X,X,X,X,X,265:186:155:146:295:213:324:219:367:223:396:222
A,185,6.11959,-1,0,0,1,X,X,X,X,X,265:187:156:145:295:213:325:219:367:222:396:222
A,186,6.1671,-1,0,0,1,X,X,X,X,X,265:187:155:145:295:212:325:218:366:222:396:222
A,187,6.19936,-1,0,0,1,X,X,X,X,X,265:187:155:145:295:213:325:218:367:222:396:222
A,188,6.23126,-1,0,0,1,X,X,X,X,X,265:187:155:144:295:212:325:218:367:222:396:222
A,189,6.26317,-1,0,0,1,X,X,X,X,X,265:187:155:145:296:212:325:218:367:222:396:221
A,190,6.29492,-1,0,0,1,X,X,X,X,X,265:187:155:144:295:212:325:218:367:222:396:221
A,191,6.32693,-1,0,0,1,X,X,X,X,X,265:187:154:144:296:212:325:218:367:222:396:221
A,192,6.35938,-1,0,0,1,X,X,X,X,X,265:186:155:145:295:212:325:218:368:222:396:221
A,193,6.3912,-1,0,0,1,X,X,X,X,X,265:186:155:146:295:212:325:217:367:221:395:221
A,194,6.4229,-1,0,0,1,X,X,X,X,X,265:185:156:146:296:212:326:217:367:221:396:220
A,195,6.45489,-1,0,0,1,X,X,X,X,X,265:186:155:145:295:212:326:217:367:221:396:221
A,196,6.48708,2,1,0,1,X,X,X,X,X,266:185:154:146:294:214:326:218:367:222:398:222
A,197,6.51945,2,1,1,1,X,C,X,C,X,265:185:156:146:296:215:326:219:366:222:397:223
A,198,6.5671,2,1,1,1,X,C,X,C,X,265:185:155:146:296:214:326:218:366:221:398:222
A,199,6.59917,2,1,1,1,X,C,X,C,X,265:184:155:147:296:213:326:217:368:221:398:222
A,200,6.63115,2,1,1,1,X,C,X,C,X,266:184:154:146:295:212:326:216:367:220:398:221
A,201,6.6629,2,1,0,1,X,X,X,X,X,266:184:154:147:295:211:325:216:368:220:398:220
A,202,6.69518,2,1,0,1,X,X,X,X,X,265:184:155:146:295:211:325:216:367:220:397:219
A,203,6.72706,-1,0,0,1,X,X,X,X,X,265:184:155:146:295:211:325:216:368:220:396:220
A,204,6.7595,-1,0,0,1,X,X,X,X,X,266:184:154:147:296:211:325:216:367:220:396:220
A,205,6.79084,-1,0,0,1,X,X,X,X,X,266:184:154:147:296:211:325:216:367:220:397:220
A,206,6.82291,-1,0,0,1,X,X,X,X,X,265:185:155:146:295:211:325:216:367:220:397:219
A,207,6.85523,-1,0,0,1,X,X,X,X,X,265:185:154:145:295:211:325:216:367:220:396:220
A,208,6.88707,-1,0,0,1,X,X,X,X,X,265:184:155:147:294:211:325:216:367:220:397:219
A,209,6.9195,-1,0,0,1,X,X,X,X,X,265:185:155:146:295:211:325:216:367:220:397:219
A,210,6.96683,-1,0,0,1,X,X,X,X,X,265:184:155:147:295:211:324:216:366:220:396:220
A,211,6.99927,-1,0,0,1,X,X,X,X,X,266:184:154:146:296:211:325:216:367:220:395:220
A,212,7.0309,-1,0,0,1,X,X,X,X,X,265:184:155:147:295:210:325:216:367:220:396:219
A,213,7.06298,-1,0,0,1,X,X,X,X,X,265:184:155:147:295:211:325:216:367:220:396:220
A,214,7.09485,-1,0,0,1,X,X,X,X,X,265:185:154:146:295:211:325:216:367:221:396:220
A,215,7.12728,-1,0,0,1,X,X,X,X,X,265:185:155:146:295:211:325:217:367:221:396:220
A,216,7.15954,-1,0,0,1,X,X,X,X,X,265:185:155:146:296:211:325:217:367:221:396:220
A,217,7.19083,-1,0,0,1,X,X,X,X,X,265:185:155:146:295:211:325:216:367:221:396:220
A,218,7.22284,-1,0,0,1,X,X,X,X,X,265:185:155:146:296:211:325:217:367:221:396:221
A,219,7.25492,-1,0,0,1,X,X,X,X,X,265:185:155:146:296:211:325:217:367:221:395:221
A,220,7.28687,-1,0,0,1,X,X,X,X,X,265:185:154:146:296:212:325:217:367:221:395:221
A,221,7.31925,-1,0,0,1,X,X,X,X,X,266:185:154:146:296:212:325:217:367:221:396:221
A,222,7.35087,-1,0,0,1,X,X,X,X,X,265:185:155:146:296:212:325:217:367:221:395:221
A,223,7.39913,-1,0,0,1,X,X,X,X,X,265:185:154:146:296:212:325:217:367:221:395:221
A,224,7.4309,-1,0,0,1,X,X,X,X,X,265:186:154:145:296:212:325:217:367:221:396:221
A,225,7.46311,-1,0,0,1,X,X,X,X,X,265:185:154:146:296:212:325:217:367:221:396:221
A,226,7.49504,-1,0,0,1,X,X,X,X,X,266:186:153:145:296:212:325:217:367:221:396:221
A,227,7.52703,-1,0,0,1,X,X,X,X,X,266:186:153:145:296:212:325:217:367:221:395:221
A,228,7.55928,-1,0,0,1,X,X,X,X,X,265:186:154:145:296:212:325:217:367:221:396:221
A,229,7.59083,-1,0,0,1,X,X,X,X,X,265:186:154:145:296:212:325:217:366:222:395:221
A,230,7.62304,-1,0,0,1,X,X,X,X,X,266:186:153:145:296:212:325:217:367:222:395:221
A,231,7.65535,-1,0,0,1,X,X,X,X,X,265:186:154:145:295:212:325:217:367:222:396:221
A,232,7.68701,-1,0,0,1,X,X,X,X,X,265:186:154:146:296:212:325:217:367:222:396:221
A,233,7.71947,-1,0,0,1,X,X,X,X,X,266:186:153:146:296:212:325:218:367:222:396:221
A,234,7.75119,-1,0,0,1,X,X,X,X,X,266:186:153:146:296:212:325:218:368:222:396:221
A,235,7.79906,-1,0,0,1,X,X,X,X,X,265:186:154:145:295:212:325:218:367:222:396:221
A,236,7.83086,-1,0,0,1,X,X,X,X,X,265:186:154:146:296:212:325:217:367:222:396:221
A,237,7.8631,-1,0,0,1,X,X,X,X,X,264:187:155:145:295:212:325:218:367:222:396:221
A,238,7.89502,-1,0,0,1,X,X,X,X,X,265:187:155:144:295:212:325:218:367:222:397:221
A,239,7.92705,-1,0,0,1,X,X,X,X,X,265:186:154:145:295:212:325:218:367:222:396:221
A,240,7.95946,-1,0,0,1,X,X,X,X,X,265:186:154:146:295:212:325:218:366:221:396:221
A,241,7.99102,-1,0,0,1,X,X,X,X,X,265:187:154:144:295:212:325:218:366:222:396:221
A,242,8.02276,-1,0,0,1,X,X,X,X,X,264:186:156:146:294:212:324:218:366:222:395:221
A,243,8.05491,-1,0,0,1,X,X,X,X,X,265:186:154:145:295:212:324:218:366:222:395:221
A,244,8.08707,-1,0,0,1,X,X,X,X,X,265:186:155:145:295:212:324:218:367:222:396:221
A,245,8.11931,-1,0,0,1,X,X,X,X,X,265:186:154:145:295:212:324:218:366:222:395:221
A,246,8.15116,-1,0,0,1,X,X,X,X,X,265:186:153:146:294:212:324:218:366:222:395:221
A,247,8.18301,-1,0,0,1,X,X,X,X,X,264:186:156:146:294:212:324:218:366:222:396:221
A,248,8.23076,-1,0,0,1,X,X,X,X,X,264:187:155:145:294:212:324:218:366:222:395:221
A,249,8.26296,-1,0,0,1,X,X,X,X,X,264:186:156:146:294:212:324:218:366:222:395:221
A,250,8.29476,-1,0,0,1,X,X,X,X,X,264:187:154:144:295:212:324:218:366:222:395:221
A,251,8.32685,-1,0,0,1,X,X,X,X,X,264:187:154:144:294:213:324:218:365:222:395:220
A,252,8.35913,-1,0,0,1,X,X,X,X,X,264:187:155:145:293:212:324:218:366:222:395:220
A,253,8.39091,-1,0,0,1,X,X,X,X,X,265:186:154:146:294:212:324:218:366:222:395:220
A,254,8.42299,-1,0,0,1,X,X,X,X,X,264:187:155:145:294:212:323:218:365:222:395:220
A,255,8.455,-1,0,0,1,X,X,X,X,X,264:187:155:145:293:213:323:218:365:222:395:220
A,256,8.48703,-1,0,0,1,X,X,X,X,X,264:187:155:145:293:213:323:219:365:222:394:221
A,257,8.51902,-1,0,0,1,X,X,X,X,X,264:187:155:145:293:213:323:219:365:222:395:221
A,258,8.55106,-1,0,0,1,X,X,X,X,X,264:187:155:145:293:213:323:219:365:223:394:221
A,259,8.58301,-1,0,0,1,X,X,X,X,X,264:187:155:145:292:214:322:219:365:222:394:221
A,260,8.63074,-1,0,0,1,X,X,X,X,X,264:187:155:145:292:213:322:219:364:222:394:222
A,261,8.66275,-1,0,0,1,X,X,X,X,X,264:187:155:146:292:213:322:219:364:222:395:221
A,262,8.69478,-1,0,0,1,X,X,X,X,X,263:187:156:146:292:214:322:219:365:223:395:222
A,263,8.72683,-1,0,0,1,X,X,X,X,X,263:188:156:144:292:214:322:219:364:223:394:222
A,264,8.75912,-1,0,0,1,X,X,X,X,X,263:187:156:145:292:214:322:219:364:223:394:222
A,265,8.79076,-1,0,0,1,X,X,X,X,X,263:187:156:145:292:214:322:219:364:222:394:222
A,266,8.82298,-1,0,0,1,X,X,X,X,X,263:187:156:145:292:214:322:219:364:223:394:222
A,267,8.85482,-1,0,0,1,X,X,X,X,X,263:187:156:146:292:214:322:219:365:223:395:222
A,268,8.88698,-1,0,0,1,X,X,X,X,X,264:187:155:146:292:214:323:219:365:222:395:221
A,269,8.91873,-1,0,0,1,X,X,X,X,X,263:187:156:145:293:213:323:219:365:222:394:222
A,270,8.95109,-1,0,0,1,X,X,X,X,X,263:187:156:145:293:213:323:219:365:222:394:221
A,271,8.98297,-1,0,0,1,X,X,X,X,X,263:187:156:145:294:213:323:219:365:222:394:221
A,272,9.03096,-1,0,0,1,X,X,X,X,X,263:187:156:145:293:213:323:219:365:222:395:221
A,273,9.06306,-1,0,0,1,X,X,X,X,X,264:187:155:145:294:213:324:219:366:222:395:221
A,274,9.09498,-1,0,0,1,X,X,X,X,X,263:187:156:145:294:213:324:219:365:222:395:221
A,275,9.12712,-1,0,0,1,X,X,X,X,X,264:187:155:145:294:213:324:219:365:222:395:221
A,276,9.15916,-1,0,0,1,X,X,X,X,X,263:187:156:145:294:213:324:218:365:222:395:221
A,277,9.19098,-1,0,0,1,X,X,X,X,X,263:187:156:145:293:213:323:218:365:222:395:220
A,278,9.22297,-1,0,0,1,X,X,X,X,X,264:187:155:145:294:213:324:218:366:222:395:220
A,279,9.25509,-1,0,0,1,X,X,X,X,X,263:187:156:145:293:213:323:218:365:222:395:220
A,280,9.28714,-1,0,0,1,X,X,X,X,X,264:187:155:145:294:213:324:219:366:222:395:220
A,281,9.31887,-1,0,0,1,X,X,X,X,X,264:187:155:145:294:212:324:218:366:222:395:220
A,282,9.35081,-1,0,0,1,X,X,X,X,X,264:187:155:145:294:213:324:218:366:222:395:220
A,283,9.38297,-1,0,0,1,X,X,X,X,X,263:187:156:145:294:213:324:218:365:222:395:220
A,284,9.41496,-1,0,0,1,X,X,X,X,X,263:187:156:145:293:213:324:218:365:222:395:220
A,285,9.46273,-1,0,0,1,X,X,X,X,X,264:187:155:145:294:213:324:218:366:222:395:220
A,286,9.49496,-1,0,0,1,X,X,X,X,X,264:187:155:145:293:213:323:218:365:222:395:220
A,287,9.52695,-1,0,0,1,X,X,X,X,X,264:187:155:145:292:213:322:219:365:222:394:221
A,288,9.55896,-1,0,0,1,X,X,X,X,X,263:188:156:145:291:214:321:219:363:223:394:222
A,289,9.59075,-1,0,0,1,X,X,X,X,X,263:188:157:144:290:214:320:219:362:222:392:222
A,290,9.62274,-1,0,0,1,X,X,X,X,X,262:188:155:144:290:214:319:218:361:222:391:221
A,291,9.67988,-1,0,0,1,X,X,X,X,X,261:187:156:145:288:213:318:219:360:222:391:221
A,292,9.68954,-1,0,0,1,X,X,X,X,X,262:188:154:144:288:214:318:219:359:222:389:221
A,293,9.71879,-1,0,0,1,X,X,X,X,X,261:188:155:144:287:214:317:219:359:222:390:221
A,294,9.75107,-1,0,0,1,X,X,X,X,X,260:188:156:144:286:214:316:219:359:222:390:221
A,295,9.78305,-1,0,0,1,X,X,X,X,X,260:187:155:145:286:214:316:219:358:222:388:221
A,296,9.81506,-1,0,0,1,X,X,X,X,X,260:188:155:144:286:214:316:219:358:222:388:221
A,297,9.86293,-1,0,0,1,X,X,X,X,X,259:188:155:144:285:214:315:219:358:222:388:221
A,298,9.89502,-1,0,0,1,X,X,X,X,X,258:188:156:143:284:214:315:219:358:221:389:220
A,299,9.92702,-1,0,0,1,X,X,X,X,X,259:188:155:144:285:214:315:219:357:221:388:220
A,300,9.95893,-1,0,0,1,X,X,X,X,X,259:188:155:144:285:214:314:219:357:222:387:220
A,301,9.99073,-1,0,0,1,X,X,X,X,X,259:188:155:144:285:214:314:219:358:222:388:221
A,302,10.023,-1,0,0,1,X,X,X,X,X,260:188:154:143:285:214:315:219:357:221:387:220
A,303,10.0548,-1,0,0,1,X,X,X,X,X,260:188:155:143:285:214:315:219:358:221:388:220
A,304,10.0868,-1,0,0,1,X,X,X,X,X,260:188:154:143:285:214:315:218:358:222:388:221
A,305,10.119,-1,0,0,1,X,X,X,X,X,261:188:153:144:286:214:315:219:357:221:387:221
A,306,10.1508,-1,0,0,1,X,X,X,X,X,260:188:155:144:286:214:316:219:358:222:389:220
A,307,10.1828,-1,0,0,1,X,X,X,X,X,260:187:156:144:286:214:315:218:357:221:387:220
A,308,10.2148,-1,0,0,1,X,X,X,X,X,261:187:155:144:287:213:315:218:358:221:388:220
A,309,10.2627,3,1,0,1,X,X,X,X,X,261:187:153:144:286:213:316:218:359:221:390:220
A,310,10.2948,3,1,1,1,X,C,X,C,X,261:185:154:145:287:213:317:217:358:220:390:220
A,311,10.327,3,1,0,1,X,X,X,X,X,261:183:154:146:287:212:316:215:358:218:390:218
A,312,10.3588,3,1,0,1,X,X,X,X,X,262:183:153:145:286:211:316:215:358:218:389:218
A,313,10.3909,3,1,0,1,X,X,X,X,X,263:183:152:145:286:210:316:214:358:217:389:217
A,314,10.4228,3,1,0,1,X,X,X,X,X,260:181:155:146:286:209:316:213:357:216:388:215
A,315,10.455,3,1,0,1,X,X,X,X,X,261:181:153:146:287:208:316:212:357:215:387:214
A,316,10.4868,-1,0,0,1,X,X,X,X,X,262:181:152:145:287:207:315:212:356:215:386:214
A,317,10.5191,-1,0,0,1,X,X,X,X,X,261:181:153:146:286:207:315:212:357:214:386:213
A,318,10.5509,-1,0,0,1,X,X,X,X,X,262:180:151:146:287:207:316:211:356:214:386:213
A,319,10.5828,-1,0,0,1,X,X,X,X,X,261:180:151:146:287:206:316:211:356:214:386:212
A,320,10.6148,-1,0,0,1,X,X,X,X,X,261:180:153:146:287:206:316:211:357:214:386:212
A,321,10.6469,-1,0,0,1,X,X,X,X,X,262:180:152:146:288:206:316:211:357:214:387:212
A,322,10.695,-1,0,0,1,X,X,X,X,X,263:180:151:145:288:206:317:210:357:213:387:213
A,323,10.7267,-1,0,0,1,X,X,X,X,X,263:179:151:146:288:205:318:210:358:213:388:212
A,324,10.7589,-1,0,0,1,X,X,X,X,X,263:179:152:146:289:205:318:210:358:213:388:212
A,325,10.7908,-1,0,0,1,X,X,X,X,X,263:179:153:146:289:205:319:210:359:213:389:212
A,326,10.8227,-1,0,0,1,X,X,X,X,X,264:179:152:146:290:205:319:210:360:213:389:212
A,327,10.855,-1,0,0,1,X,X,X,X,X,263:179:153:146:290:205:319:210:360:213:389:212
A,328,10.8867,-1,0,0,1,X,X,X,X,X,264:179:152:146:290:205:320:210:360:213:390:212
A,329,10.919,-1,0,0,1,X,X,X,X,X,264:179:152:147:290:205:320:210:360:213:389:213
A,330,10.9509,-1,0,0,1,X,X,X,X,X,265:179:151:146:291:205:320:210:360:213:389:213
A,331,10.9829,-1,0,0,1,X,X,X,X,X,264:179:153:146:291:205:320:210:361:213:391:213
A,332,11.0151,-1,0,0,1,X,X,X,X,X,264:179:152:147:291:205:320:210:361:214:391:213
A,333,11.0469,-1,0,0,1,X,X,X,X,X,265:179:151:147:292:205:320:210:361:214:390:214
A,334,11.0949,-1,0,0,1,X,X,X,X,X,264:179:153:146:291:205:320:211:361:214:391:213
A,335,11.127,-1,0,0,1,X,X,X,X,X,265:179:151:147:291:205:321:211:362:214:391:213
A,336,11.1588,-1,0,0,1,X,X,X,X,X,265:179:152:147:292:206:321:211:363:214:391:213
A,337,11.1909,-1,0,0,1,X,X,X,X,X,265:179:151:147:293:206:322:211:363:214:392:214
A,338,11.223,-1,0,0,1,X,X,X,X,X,266:179:151:148:294:206:323:211:364:215:393:214
A,339,11.2549,-1,0,0,1,X,X,X,X,X,266:179:153:147:295:206:324:211:365:215:393:215
A,340,11.2868,-1,0,0,1,X,X,X,X,X,266:179:153:147:295:206:325:211:366:215:395:214
A,341,11.319,-1,0,0,1,X,X,X,X,X,267:180:152:147:297:207:326:212:367:216:395:215
A,342,11.3509,-1,0,0,1,X,X,X,X,X,268:180:151:148:298:206:327:212:368:216:397:216
A,343,11.3828,-1,0,0,1,X,X,X,X,X,268:180:151:150:300:207:329:212:370:216:398:216
A,344,11.4149,-1,0,0,1,X,X,X,X,X,269:181:151:150:301:207:331:213:371:217:399:217
A,345,11.4467,-1,0,0,1,X,X,X,X,X,270:181:152:150:302:207:332:213:372:217:401:217
A,346,11.4947,-1,0,0,1,X,X,X,X,X,271:181:150:150:304:207:334:212:374:217:402:217
A,347,11.5269,-1,0,0,1,X,X,X,X,X,273:180:150:150:305:206:334:212:375:217:403:217
A,348,11.5587,-1,0,0,1,X,X,X,X,X,273:180:150:151:306:206:335:212:376:217:404:217
A,349,11.5907,-1,0,0,1,X,X,X,X,X,273:180:150:151:308:207:336:213:377:218:404:218
A,350,11.623,-1,0,0,1,X,X,X,X,X,274:180:150:151:308:207:337:213:378:218:405:218
A,351,11.6553,-1,0,0,1,X,X,X,X,X,274:180:152:151:309:207:338:213:379:218:407:218
A,352,11.6869,-1,0,0,1,X,X,X,X,X,275:181:151:150:309:207:339:213:379:218:407:218
A,353,11.719,-1,0,0,1,X,X,X,X,X,275:182:151:150:309:209:339:215:380:220:408:220
A,354,11.7509,-1,0,0,1,X,X,X,X,X,276:183:149:150:310:209:339:216:379:220:407:219
A,355,11.7829,-1,0,0,1,X,X,X,X,X,276:182:150:149:310:208:339:215:380:220:408:220
A,356,11.8153,-1,0,0,1,X,X,X,X,X,276:180:151:150:310:207:340:213:381:218:408:218
A,357,11.8469,-1,0,0,1,X,X,X,X,X,276:180:151:151:311:207:340:213:381:219:408:219
A,358,11.879,-1,0,0,1,X,X,X,X,X,277:182:150:150:310:208:340:214:381:220:408:220
A,359,11.9266,-1,0,0,1,X,X,X,X,X,277:181:150:150:310:208:340:214:380:219:408:219
A,360,11.9587,-1,0,0,1,X,X,X,X,X,276:179:152:150:311:206:341:213:381:218:408:218
A,361,11.9907,-1,0,0,1,X,X,X,X,X,276:179:150:151:310:206:340:213:380:218:408:218
A,362,12.0229,-1,0,0,1,X,X,X,X,X,276:180:150:151:311:207:340:213:380:219:407:219
A,363,12.0551,-1,0,0,1,X,X,X,X,X,276:180:151:150:310:207:340:213:380:218:408:218
A,364,12.0867,-1,0,0,1,X,X,X,X,X,276:180:150:150:309:207:339:213:380:218:408:218
A,365,12.119,-1,0,0,1,X,X,X,X,X,276:180:150:151:310:207:339:213:380:218:408:219
A,366,12.1507,-1,0,0,1,X,X,X,X,X,275:180:151:151:309:207:339:214:379:219:408:219
A,367,12.1827,-1,0,0,1,X,X,X,X,X,276:180:150:150:310:206:339:213:379:218:406:219
A,368,12.2155,-1,0,0,1,X,X,X,X,X,275:180:151:151:310:207:339:213:380:218:407:219
A,369,12.2469,-1,0,0,1,X,X,X,X,X,275:181:151:150:310:207:339:214:380:219:407:219
A,370,12.2787,-1,0,0,1,X,X,X,X,X,275:181:151:150:309:207:339:214:380:219:407:220
A,371,12.3268,-1,0,0,1,X,X,X,X,X,275:180:151:150:309:207:339:213:380:218:408:219
A,372,12.3587,-1,0,0,1,X,X,X,X,X,275:180:151:151:310:207:339:213:379:219:406:219
A,373,12.3907,-1,0,0,1,X,X,X,X,X,275:181:151:151:309:207:339:214:380:219:408:220
A,374,12.4227,-1,0,0,1,X,X,X,X,X,275:181:152:151:309:207:339:214:379:219:408:219
A,375,12.4553,-1,0,0,1,X,X,X,X,X,275:180:151:152:310:207:339:213:379:219:406:220
A,376,12.4868,-1,0,0,1,X,X,X,X,X,275:180:150:152:309:207:338:213:379:219:406:219
A,377,12.5189,-1,0,0,1,X,X,X,X,X,275:180:151:151:309:207:338:214:379:219:407:219
A,378,12.5508,-1,0,0,1,X,X,X,X,X,275:180:150:152:309:207:338:214:379:219:406:219
A,379,12.5828,-1,0,0,1,X,X,X,X,X,274:180:151:152:308:206:338:213:378:219:406:219
A,380,12.6153,-1,0,0,1,X,X,X,X,X,274:180:151:152:307:207:338:213:378:219:406:218
A,381,12.6468,-1,0,0,1,X,X,X,X,X,274:181:151:151:307:207:337:214:378:219:406:219
A,382,12.6786,-1,0,0,1,X,X,X,X,X,274:181:152:151:308:208:338:214:379:219:407:219
A,383,12.7269,-1,0,0,1,X,X,X,X,X,274:181:151:151:308:207:337:213:378:219:406:219
A,384,12.7587,-1,0,0,1,X,X,X,X,X,274:181:152:151:307:207:337:214:378:219:406:218
A,385,12.7909,-1,0,0,1,X,X,X,X,X,273:182:152:150:308:207:337:214:378:219:405:219
A,386,12.8231,-1,0,0,1,X,X,X,X,X,273:182:151:150:307:207:337:214:378:219:405:219
A,387,12.8553,-1,0,0,1,X,X,X,X,X,273:181:154:150:307:207:337:213:378:218:406:218
A,388,12.8869,-1,0,0,1,X,X,X,X,X,274:180:151:151:308:207:337:213:378:218:405:218
A,389,12.919,-1,0,0,1,X,X,X,X,X,274:181:151:150:308:207:337:214:378:219:406:219
A,390,12.9507,-1,0,0,1,X,X,X,X,X,274:181:152:150:307:207:337:214:378:219:406:219
A,391,12.9829,-1,0,0,1,X,X,X,X,X,275:181:149:150:308:207:337:214:378:219:405:219
A,392,13.0153,-1,0,0,1,X,X,X,X,X,274:181:151:150:308:207:337:214:378:219:406:219
A,393,13.047,-1,0,0,1,X,X,X,X,X,274:181:152:150:308:207:338:214:378:219:406:219
A,394,13.0789,-1,0,0,1,X,X,X,X,X,274:182:152:149:308:207:338:214:378:219:407:219
A,395,13.1109,-1,0,0,1,X,X,X,X,X,274:181:152:150:308:207:338:214:378:219:407:219
A,396,13.1588,-1,0,0,1,X,X,X,X,X,274:182:152:149:308:207:338:214:378:219:407:219
A,397,13.1906,-1,0,0,1,X,X,X,X,X,275:182:151:149:308:207:338:214:378:220:407:220
A,398,13.2226,-1,0,0,1,X,X,X,X,X,275:182:151:149:308:207:337:214:378:219:406:219
A,399,13.2552,-1,0,0,1,X,X,X,X,X,274:182:151:149:308:208:338:214:378:219:406:219
A,400,13.2866,-1,0,0,1,X,X,X,X,X,274:181:151:150:307:208:337:214:377:219:406:219
A,401,13.319,-1,0,0,1,X,X,X,X,X,274:182:151:149:307:208:337:215:377:220:405:220
A,402,13.3506,-1,0,0,1,X,X,X,X,X,274:183:150:148:307:208:337:215:377:220:405:219
A,403,13.383,-1,0,0,1,X,X,X,X,X,273:183:151:149:307:208:336:215:377:220:404:220
A,404,13.4152,-1,0,0,1,X,X,X,X,X,273:183:150:148:307:209:336:215:377:220:404:220
A,405,13.4467,4,1,0,1,X,X,X,X,X,274:183:151:149:306:210:336:216:376:221:406:222
A,406,13.4789,4,1,1,1,X,C,X,C,X,273:183:152:148:306:211:336:216:374:222:404:223
A,407,13.5109,4,1,1,1,X,C,X,C,X,274:183:151:148:307:211:337:216:376:222:405:223
A,408,13.5588,4,1,0,1,X,X,X,X,X,273:183:151:149:306:210:336:216:377:222:406:222
A,409,13.591,4,1,0,1,X,X,X,X,X,274:184:151:147:307:210:336:215:378:221:405:223
A,410,13.6229,4,1,0,1,X,X,X,X,X,274:184:150:146:307:210:336:216:378:221:405:222
A,411,13.6549,4,1,0,1,X,X,X,X,X,273:184:152:147:307:210:336:216:378:222:405:222
A,412,13.687,-1,0,0,1,X,X,X,X,X,273:185:152:146:307:210:336:216:377:222:405:222
A,413,13.7189,-1,0,0,1,X,X,X,X,X,273:184:152:147:307:210:336:216:377:221:405:222
A,414,13.7508,-1,0,0,1,X,X,X,X,X,272:185:153:146:306:210:336:216:377:222:406:222
A,415,13.7826,-1,0,0,1,X,X,X,X,X,273:185:152:146:306:210:336:217:377:222:406:222
A,416,13.8155,-1,0,0,1,X,X,X,X,X,273:185:152:146:306:210:336:217:377:222:405:222
A,417,13.8468,-1,0,0,1,X,X,X,X,X,273:185:152:146:307:211:336:217:377:222:405:222
A,418,13.8787,-1,0,0,1,X,X,X,X,X,272:185:154:147:307:211:336:217:377:222:405:222
A,419,13.9109,-1,0,0,1,X,X,X,X,X,272:185:154:147:307:211:336:218:378:223:405:222
A,420,13.9426,-1,0,0,1,X,X,X,X,X,273:185:153:147:308:211:336:218:378:223:405:223
A,421,13.9906,-1,0,0,1,X,X,X,X,X,273:186:153:147:307:212:337:218:378:223:406:223
A,422,14.0229,-1,0,0,1,X,X,X,X,X,273:186:153:146:307:211:337:218:377:223:405:223
A,423,14.0552,-1,0,0,1,X,X,X,X,X,273:186:152:147:307:211:337:218:377:223:406:223
A,424,14.0869,-1,0,0,1,X,X,X,X,X,273:186:154:148:307:212:337:218:378:223:407:223
A,425,14.1188,-1,0,0,1,X,X,X,X,X,273:186:154:148:307:212:337:218:378:223:406:223
A,426,14.1508,-1,0,0,1,X,X,X,X,X,273:186:154:148:307:212:337:218:379:223:408:223
A,427,14.1828,-1,0,0,1,X,X,X,X,X,272:186:154:149:306:212:337:218:378:223:408:223
A,428,14.2151,-1,0,0,1,X,X,X,X,X,272:186:154:150:307:212:337:218:378:223:407:223
A,429,14.2468,-1,0,0,1,X,X,X,X,X,272:186:155:151:307:212:337:218:378:223:407:223
A,430,14.2788,-1,0,0,1,X,X,X,X,X,272:186:155:150:307:212:337:218:378:223:407:223
A,431,14.3107,-1,0,0,1,X,X,X,X,X,273:187:152:151:307:212:337:218:377:223:406:223
A,432,14.3429,-1,0,0,1,X,X,X,X,X,272:186:154:152:307:212:336:218:377:223:406:223
A,433,14.3906,-1,0,0,1,X,X,X,X,X,272:187:154:150:307:212:336:218:378:223:405:223
A,434,14.4229,-1,0,0,1,X,X,X,X,X,272:186:154:152:306:212:336:218:377:223:406:223
A,435,14.4548,-1,0,0,1,X,X,X,X,X,272:186:154:152:306:212:335:218:377:223:406:223
A,436,14.4869,-1,0,0,1,X,X,X,X,X,272:187:154:151:307:212:336:218:377:223:405:223
A,437,14.5189,-1,0,0,1,X,X,X,X,X,272:187:153:151:306:212:336:218:377:223:405:223
A,438,14.5508,-1,0,0,1,X,X,X,X,X,272:186:153:152:306:212:336:218:377:223:405:223
A,439,14.5828,-1,0,0,1,X,X,X,X,X,273:186:152:151:305:212:336:218:377:223:405:223
A,440,14.6151,-1,0,0,1,X,X,X,X,X,272:186:153:151:305:212:336:218:376:223:405:222
A,441,14.6468,-1,0,0,1,X,X,X,X,X,272:186:154:151:306:211:336:217:376:223:405:222
A,442,14.6787,-1,0,0,1,X,X,X,X,X,272:186:154:151:306:212:336:218:377:223:405:222
A,443,14.7109,-1,0,0,1,X,X,X,X,X,272:185:154:153:306:212:336:218:377:223:406:223
A,444,14.7427,-1,0,0,1,X,X,X,X,X,272:186:154:152:306:212:336:218:377:223:406:223
A,445,14.7907,-1,0,0,1,X,X,X,X,X,272:185:154:152:306:212:336:218:377:223:406:223
A,446,14.823,-1,0,0,1,X,X,X,X,X,272:186:155:151:306:211:336:218:378:223:406:223
A,447,14.8547,-1,0,0,1,X,X,X,X,X,273:185:153:153:306:211:336:218:377:223:406:223
A,448,14.8868,-1,0,0,1,X,X,X,X,X,272:185:154:152:306:211:336:217:377:222:407:222
A,449,14.9189,-1,0,0,1,X,X,X,X,X,273:185:153:153:306:211:336:217:376:223:405:223
A,450,14.9506,-1,0,0,1,X,X,X,X,X,273:186:152:153:305:212:335:218:377:223:406:223
A,451,14.9828,-1,0,0,1,X,X,X,X,X,273:186:152:152:306:211:335:218:377:223:405:223
A,452,15.0148,-1,0,0,1,X,X,X,X,X,274:185:152:153:306:211:336:217:377:222:406:222
A,453,15.0468,-1,0,0,1,X,X,X,X,X,273:185:152:154:305:210:335:217:376:222:405:222
A,454,15.0786,-1,0,0,1,X,X,X,X,X,273:184:152:154:305:211:335:217:376:222:405:223
A,455,15.1109,-1,0,0,1,X,X,X,X,X,273:185:152:153:305:211:335:217:376:222:404:223
A,456,15.1428,-1,0,0,1,X,X,X,X,X,273:184:152:153:305:210:335:217:376:222:405:222
A,457,15.1747,-1,0,0,1,X,X,X,X,X,271:185:154:152:304:210:334:217:376:222:404:222
A,458,15.2227,-1,0,0,1,X,X,X,X,X,272:184:152:153:304:210:334:217:375:222:404:222
A,459,15.2547,-1,0,0,1,X,X,X,X,X,271:184:153:152:304:211:334:217:375:222:403:222
A,460,15.2866,-1,0,0,1,X,X,X,X,X,270:185:154:151:304:210:334:217:375:222:403:222
A,461,15.3189,-1,0,0,1,X,X,X,X,X,271:184:153:152:304:210:334:217:375:221:403:222
A,462,15.3506,-1,0,0,1,X,X,X,X,X,271:184:153:152:305:210:334:216:375:221:403:221
A,463,15.3826,-1,0,0,1,X,X,X,X,X,271:185:153:151:304:210:334:216:375:221:403:222
A,464,15.4151,-1,0,0,1,X,X,X,X,X,271:184:153:152:304:210:333:216:374:221:403:221
A,465,15.4466,-1,0,0,1,X,X,X,X,X,271:184:152:152:304:210:333:216:374:221:403:221
A,466,15.4786,-1,0,0,1,X,X,X,X,X,271:184:152:150:304:210:333:215:374:221:402:221
A,467,15.5108,-1,0,0,1,X,X,X,X,X,271:184:152:152:303:210:333:215:374:220:403:221
A,468,15.5428,-1,0,0,1,X,X,X,X,X,271:184:152:152:304:210:334:215:374:221:402:221
A,469,15.5747,-1,0,0,1,X,X,X,X,X,271:183:152:152:304:210:333:215:374:220:403:221
A,470,15.6227,-1,0,0,1,X,X,X,X,X,271:183:152:152:303:209:333:215:374:220:403:220
A,471,15.6547,-1,0,0,1,X,X,X,X,X,271:184:152:150:304:209:333:215:374:220:402:220
A,472,15.6867,-1,0,0,1,X,X,X,X,X,271:183:152:150:303:209:332:215:374:220:402:220
A,473,15.7188,-1,0,0,1,X,X,X,X,X,270:183:152:151:303:209:332:215:373:220:401:220
A,474,15.7508,-1,0,0,1,X,X,X,X,X,270:183:152:151:302:209:332:215:373:220:402:220
A,475,15.7826,-1,0,0,1,X,X,X,X,X,270:183:152:150:303:210:332:215:372:220:401:220
A,476,15.8148,-1,0,0,1,X,X,X,X,X,269:183:152:150:302:209:332:215:372:220:401:220
A,477,15.8467,-1,0,0,1,X,X,X,X,X,269:183:152:151:302:209:332:215:372:219:401:220
A,478,15.8787,-1,0,0,1,X,X,X,X,X,269:182:153:153:301:209:331:214:372:219:400:219
A,479,15.9108,-1,0,0,1,X,X,X,X,X,268:183:153:153:301:209:330:214:372:219:401:219
A,480,15.9426,-1,0,0,1,X,X,X,X,X,268:184:152:153:301:209:330:215:371:219:399:220
A,481,15.9749,-1,0,0,1,X,X,X,X,X,268:183:153:155:300:209:330:215:372:219:400:220
A,482,16.0227,-1,0,0,1,X,X,X,X,X,268:183:152:154:300:209:329:214:371:219:399:219
A,483,16.0545,-1,0,0,1,X,X,X,X,X,268:183:152:153:300:209:329:215:372:219:400:219
A,484,16.0865,-1,0,0,1,X,X,X,X,X,269:183:152:152:299:209:330:215:371:219:400:219
A,485,16.1189,-1,0,0,1,X,X,X,X,X,269:183:152:151:300:210:330:215:371:219:400:219
A,486,16.1506,-1,0,0,1,X,X,X,X,X,269:183:152:151:300:210:330:215:372:219:401:220
A,487,16.1826,-1,0,0,1,X,X,X,X,X,269:184:152:150:300:209:330:215:371:219:401:220
A,488,16.2149,-1,0,0,1,X,X,X,X,X,269:184:152:149:300:210:330:215:371:220:401:220
A,489,16.2465,-1,0,0,1,X,X,X,X,X,270:184:151:150:301:210:331:215:371:220:400:220
A,490,16.2786,-1,0,0,1,X,X,X,X,X,269:185:153:149:301:210:331:216:371:221:400:220
A,491,16.3109,-1,0,0,1,X,X,X,X,X,269:185:152:150:301:210:330:216:371:220:400:221
A,492,16.3427,-1,0,0,1,X,X,X,X,X,269:186:151:149:301:211:330:217:371:221:399:221
A,493,16.3747,-1,0,0,1,X,X,X,X,X,268:185:153:151:300:211:330:216:371:221:400:221
A,494,16.4068,-1,0,0,1,X,X,X,X,X,269:186:152:150:300:211:330:217:371:221:400:221
A,495,16.4547,-1,0,0,1,X,X,X,X,X,268:185:153:151:300:211:330:217:371:221:399:221
A,496,16.4865,-1,0,0,1,X,X,X,X,X,268:186:153:150:300:211:330:217:371:221:399:220
A,497,16.5188,-1,0,0,1,X,X,X,X,X,268:186:153:150:300:211:330:217:370:221:399:221
A,498,16.5507,-1,0,0,1,X,X,X,X,X,269:187:152:148:301:211:329:217:371:221:399:221
A,499,16.5827,-1,0,0,1,X,X,X,X,X,268:186:152:150:300:211:330:217:370:221:399:220
A,500,16.6148,-1,0,0,1,X,X,X,X,X,269:186:152:149:300:211:330:217:370:221:399:220
A,501,16.6465,-1,0,0,1,X,X,X,X,X,269:186:152:149:300:211:330:217:371:221:399:221
A,502,16.6787,-1,0,0,1,X,X,X,X,X,268:186:154:148:300:211:330:217:370:221:400:221
A,503,16.7108,-1,0,0,1,X,X,X,X,X,268:186:154:148:301:211:330:217:371:221:400:221
A,504,16.7427,-1,0,0,1,X,X,X,X,X,268:185:153:148:300:211:330:217:371:221:400:221
A,505,16.7747,-1,0,0,1,X,X,X,X,X,269:186:152:147:300:211:330:217:371:221:400:221
A,506,16.8067,-1,0,0,1,X,X,X,X,X,269:186:152:147:300:211:330:217:370:221:399:221
A,507,16.8545,-1,0,0,1,X,X,X,X,X,268:186:153:147:300:211:330:217:371:221:400:221
A,508,16.8868,-1,0,0,1,X,X,X,X,X,269:186:151:147:301:211:330:217:371:221:398:221
A,509,16.9189,-1,0,0,1,X,X,X,X,X,268:187:152:145:301:212:330:217:371:222:399:221
A,510,16.9507,-1,0,0,1,X,X,X,X,X,268:186:153:147:300:212:329:218:371:222:400:221
A,511,16.9826,-1,0,0,1,X,X,X,X,X,268:187:153:146:300:212:330:218:371:222:400:221
A,512,17.0148,-1,0,0,1,X,X,X,X,X,267:187:154:146:299:212:329:218:370:222:400:221
A,513,17.0465,-1,0,0,1,X,X,X,X,X,268:187:152:147:299:212:329:218:370:222:399:221
A,514,17.0787,-1,0,0,1,X,X,X,X,X,268:187:153:147:299:212:329:218:371:222:400:221
A,515,17.1108,-1,0,0,1,X,X,X,X,X,267:187:154:147:299:212:329:218:370:222:399:221
A,516,17.1425,-1,0,0,1,X,X,X,X,X,267:187:154:148:299:212:329:218:370:222:399:221
A,517,17.1747,-1,0,0,1,X,X,X,X,X,267:187:154:148:298:212:328:217:369:222:397:221
A,518,17.2068,-1,0,0,1,X,X,X,X,X,267:188:154:148:298:212:327:217:368:222:397:222
A,519,17.2547,-1,0,0,1,X,X,X,X,X,267:187:153:149:297:212:326:217:367:222:397:221
A,520,17.2865,-1,0,0,1,X,X,X,X,X,267:187:154:148:296:212:325:217:366:222:396:221
A,521,17.3189,-1,0,0,1,X,X,X,X,X,266:187:155:150:295:211:324:218:366:222:396:221
A,522,17.3507,-1,0,0,1,X,X,X,X,X,267:187:154:150:295:212:324:218:365:222:395:221
A,523,17.3827,-1,0,0,1,X,X,X,X,X,267:187:153:150:295:212:324:218:366:222:395:221
A,524,17.4148,-1,0,0,1,X,X,X,X,X,267:186:153:151:295:211:324:217:364:221:394:220
A,525,17.4467,-1,0,0,1,X,X,X,X,X,265:187:155:149:294:211:323:217:364:220:393:220
A,526,17.4788,-1,0,0,1,X,X,X,X,X,266:186:154:149:294:211:323:216:364:220:393:220
A,527,17.5108,-1,0,0,1,X,X,X,X,X,266:185:154:151:294:210:323:215:364:220:394:219
A,528,17.5425,-1,0,0,1,X,X,X,X,X,265:186:155:149:293:211:322:216:364:220:395:219
A,529,17.5745,-1,0,0,1,X,X,X,X,X,266:187:153:150:293:212:323:217:364:221:394:220
A,530,17.6066,-1,0,0,1,X,X,X,X,X,266:187:154:149:293:211:323:217:364:221:394:220
A,531,17.6388,-1,0,0,1,X,X,X,X,X,265:186:155:149:293:211:322:216:364:220:394:220
A,532,17.6865,-1,0,0,1,X,X,X,X,X,265:186:154:149:293:211:323:217:363:220:394:220
A,533,17.7188,-1,0,0,1,X,X,X,X,X,265:187:155:148:292:212:322:218:364:222:395:220
A,534,17.7515,-1,0,0,1,X,X,X,X,X,265:188:155:147:292:212:322:218:363:221:394:220
A,535,17.7828,-1,0,0,1,X,X,X,X,X,265:186:155:148:293:212:323:217:363:221:394:220
A,536,17.8148,-1,0,0,1,X,X,X,X,X,266:187:153:147:293:212:323:217:363:221:394:220
A,537,17.8465,-1,0,0,1,X,X,X,X,X,265:187:154:148:292:212:322:218:363:222:394:221
A,538,17.8785,-1,0,0,1,X,X,X,X,X,265:187:155:148:293:212:323:218:364:222:394:221
A,539,17.9108,-1,0,0,1,X,X,X,X,X,266:187:153:147:293:212:322:218:364:222:394:220
A,540,17.9426,-1,0,0,1,X,X,X,X,X,265:187:154:147:292:212:323:218:363:221:394:220
A,541,17.9745,-1,0,0,1,X,X,X,X,X,264:187:155:148:293:212:322:218:363:222:394:221
A,542,18.0068,-1,0,0,1,X,X,X,X,X,265:188:153:145:293:212:323:218:364:222:393:220
A,543,18.0388,-1,0,0,1,X,X,X,X,X,265:187:154:147:293:212:322:218:363:221:393:220
A,544,18.0864,-1,0,0,1,X,X,X,X,X,266:187:153:147:293:212:323:218:364:221:393:220
A,545,18.1187,-1,0,0,1,X,X,X,X,X,266:188:153:146:293:212:322:218:364:222:393:220
A,546,18.151,-1,0,0,1,X,X,X,X,X,266:188:153:145:293:213:323:218:364:222:393:221
A,547,18.1825,-1,0,0,1,X,X,X,X,X,265:187:153:146:293:212:323:218:363:221:394:220
A,548,18.2145,-1,0,0,1,X,X,X,X,X,264:187:155:146:293:212:323:217:364:221:394:220
A,549,18.2468,-1,0,0,1,X,X,X,X,X,264:187:155:146:293:212:323:218:364:221:394:220
A,550,18.2785,-1,0,0,1,X,X,X,X,X,266:187:153:147:295:212:324:218:364:221:393:220
A,551,18.3111,-1,0,0,1,X,X,X,X,X,266:187:153:146:295:212:324:217:365:221:394:220
A,552,18.3428,-1,0,0,1,X,X,X,X,X,266:186:153:148:296:212:325:217:365:220:395:219
A,553,18.3744,-1,0,0,1,X,X,X,X,X,265:186:155:148:295:211:325:217:366:220:396:220
A,554,18.4068,-1,0,0,1,X,X,X,X,X,267:186:152:149:296:211:326:217:366:220:396:220
A,555,18.4388,-1,0,0,1,X,X,X,X,X,267:185:153:151:297:211:326:216:367:220:396:219
A,556,18.4709,-1,0,0,1,X,X,X,X,X,267:185:153:151:297:210:326:216:367:219:397:219
A,557,18.5185,-1,0,0,1,X,X,X,X,X,267:184:153:153:298:209:327:215:368:219:397:218
A,558,18.5513,-1,0,0,1,X,X,X,X,X,267:184:153:153:298:209:327:214:368:218:397:218
A,559,18.5827,-1,0,0,1,X,X,X,X,X,267:183:154:152:298:209:327:214:368:218:397:218
A,560,18.6144,-1,0,0,1,X,X,X,X,X,267:182:154:153:298:208:328:214:369:218:398:218
A,561,18.6468,-1,0,0,1,X,X,X,X,X,267:183:154:152:299:209:328:214:368:218:397:218
A,562,18.6788,-1,0,0,1,X,X,X,X,X,267:183:153:152:299:209:328:215:369:219:397:218
A,563,18.7109,-1,0,0,1,X,X,X,X,X,267:182:154:152:298:208:328:214:369:218:398:217
A,564,18.7428,-1,0,0,1,X,X,X,X,X,268:182:153:152:298:208:328:214:368:218:398:217
A,565,18.7747,-1,0,0,1,X,X,X,X,X,267:182:154:152:298:208:328:214:369:218:398:217
A,566,18.8065,-1,0,0,1,X,X,X,X,X,268:182:153:152:298:208:328:214:369:218:398:217
A,567,18.8388,-1,0,0,1,X,X,X,X,X,267:182:155:151:299:208:328:214:369:217:398:217
A,568,18.8709,-1,0,0,1,X,X,X,X,X,268:181:152:152:299:207:328:212:368:217:398:217
A,569,18.9185,-1,0,0,1,X,X,X,X,X,268:182:154:150:299:207:328:213:369:217:399:217
A,570,18.9514,-1,0,0,1,X,X,X,X,X,267:182:154:150:299:207:328:213:369:217:398:217
A,571,18.9827,-1,0,0,1,X,X,X,X,X,267:182:154:149:299:207:328:213:369:217:398:217
A,572,19.0146,-1,0,0,1,X,X,X,X,X,269:181:151:150:299:207:329:212:369:216:398:216
A,573,19.0467,-1,0,0,1,X,X,X,X,X,268:181:153:149:299:207:328:212:369:216:398:216
A,574,19.0786,-1,0,0,1,X,X,X,X,X,268:181:153:148:298:207:328:213:369:217:397:216
A,575,19.1113,-1,0,0,1,X,X,X,X,X,268:181:153:148:298:207:328:212:369:216:398:216
A,576,19.1427,-1,0,0,1,X,X,X,X,X,267:180:153:148:298:207:327:212:368:216:398:215
A,577,19.1745,-1,0,0,1,X,X,X,X,X,268:181:153:148:299:207:328:212:369:216:397:216
A,578,19.2065,-1,0,0,1,X,X,X,X,X,267:181:154:148:298:207:327:212:368:216:397:215
A,579,19.2386,-1,0,0,1,X,X,X,X,X,267:181:153:149:299:207:327:212:368:216:397:216
A,580,19.2709,-1,0,0,1,X,X,X,X,X,267:181:153:150:299:207:328:212:368:216:397:216
A,581,19.3184,-1,0,0,1,X,X,X,X,X,267:181:153:151:299:207:328:212:368:216:397:216
A,582,19.3514,-1,0,0,1,X,X,X,X,X,267:181:154:152:299:206:328:212:369:216:398:215
A,583,19.3826,-1,0,0,1,X,X,X,X,X,268:181:152:151:299:207:328:211:369:215:398:215
A,584,19.4147,-1,0,0,1,X,X,X,X,X,268:181:152:152:299:207:327:211:368:215:397:215
A,585,19.4465,-1,0,0,1,X,X,X,X,X,268:180:152:155:299:206:327:211:368:215:397:215
A,586,19.4787,-1,0,0,1,X,X,X,X,X,269:180:151:155:299:206:328:211:369:215:398:215
A,587,19.5109,-1,0,0,1,X,X,X,X,X,268:180:152:155:299:206:328:211:369:215:398:215
A,588,19.5427,-1,0,0,1,X,X,X,X,X,268:180:152:156:299:206:328:211:369:215:398:215
A,589,19.5746,-1,0,0,1,X,X,X,X,X,267:181:154:154:300:206:328:211:369:215:398:215
A,590,19.6065,-1,0,0,1,X,X,X,X,X,269:180:152:156:298:206:328:211:369:216:399:215
A,591,19.6388,-1,0,0,1,X,X,X,X,X,269:181:151:154:299:206:328:211:369:215:398:216
A,592,19.6711,-1,0,0,1,X,X,X,X,X,269:181:152:153:298:206:328:211:369:215:399:215
A,593,19.7027,-1,0,0,1,X,X,X,X,X,270:181:151:154:299:206:328:211:369:215:398:216
A,594,19.7504,-1,0,0,1,X,X,X,X,X,269:180:152:153:298:206:328:211:368:215:398:215
A,595,19.7826,-1,0,0,1,X,X,X,X,X,269:180:152:152:299:207:328:211:369:215:398:216
A,596,19.8144,-1,0,0,1,X,X,X,X,X,269:180:151:151:299:206:328:212:368:216:397:215
A,597,19.8467,5,1,0,1,X,X,X,X,X,269:181:151:150:299:208:328:212:368:216:397:218
A,598,19.8787,5,1,1,1,X,C,X,C,X,267:180:154:151:297:209:328:212:369:217:399:218
A,599,19.9109,5,1,1,1,X,C,X,C,X,268:180:153:151:298:208:328:212:368:216:399:217
A,600,19.9428,5,1,0,1,X,X,X,X,X,267:181:152:149:297:207:326:211:369:216:398:217
A,601,19.9746,5,1,0,1,X,X,X,X,X,267:181:152:148:298:206:327:211:369:215:397:216
A,602,20.0067,5,1,0,1,X,X,X,X,X,268:181:152:148:299:206:327:211:368:215:396:216
A,603,20.0386,5,1,0,1,X,X,X,X,X,268:181:151:148:299:206:327:211:368:216:396:215
A,604,20.0709,-1,0,0,1,X,X,X,X,X,267:181:152:148:298:206:327:211:367:215:396:214
A,605,20.1024,-1,0,0,1,X,X,X,X,X,267:181:152:148:297:206:327:212:367:215:396:214
A,606,20.1507,-1,0,0,1,X,X,X,X,X,268:181:151:148:298:206:326:211:367:215:396:215
A,607,20.1826,-1,0,0,1,X,X,X,X,X,268:181:152:148:297:206:326:211:367:215:396:214
A,608,20.2148,-1,0,0,1,X,X,X,X,X,268:181:151:148:297:206:326:211:367:215:396:214
A,609,20.2467,-1,0,0,1,X,X,X,X,X,268:181:151:148:297:206:326:211:367:215:395:214
A,610,20.2786,-1,0,0,1,X,X,X,X,X,268:181:151:148:297:206:326:212:367:215:395:214
A,611,20.3109,-1,0,0,1,X,X,X,X,X,267:181:152:147:297:206:325:211:367:215:395:214
A,612,20.3427,-1,0,0,1,X,X,X,X,X,267:181:152:147:298:206:326:211:367:215:395:214
A,613,20.3746,-1,0,0,1,X,X,X,X,X,267:181:152:147:297:206:326:212:367:215:396:214
A,614,20.4066,-1,0,0,1,X,X,X,X,X,267:181:152:147:296:206:326:211:366:215:395:214
A,615,20.4384,-1,0,0,1,X,X,X,X,X,267:181:152:147:297:206:326:211:366:215:395:213
A,616,20.4709,-1,0,0,1,X,X,X,X,X,266:181:153:148:296:205:326:211:366:215:395:213
A,617,20.5026,-1,0,0,1,X,X,X,X,X,266:181:153:147:296:205:325:211:366:214:395:213
A,618,20.5507,-1,0,0,1,X,X,X,X,X,267:181:151:148:297:205:326:211:366:214:395:213
A,619,20.5826,-1,0,0,1,X,X,X,X,X,267:181:151:149:297:206:326:211:366:215:395:213
A,620,20.6145,-1,0,0,1,X,X,X,X,X,267:181:152:148:296:206:326:211:367:215:395:213
A,621,20.6466,-1,0,0,1,X,X,X,X,X,267:180:152:149:297:205:326:210:367:214:396:212
A,622,20.6787,-1,0,0,1,X,X,X,X,X,267:181:152:148:298:206:326:211:368:215:396:213
A,623,20.7111,-1,0,0,1,X,X,X,X,X,267:181:152:148:298:206:327:212:368:215:396:213
A,624,20.7428,-1,0,0,1,X,X,X,X,X,267:181:152:148:299:206:328:211:368:214:396:213
A,625,20.7746,-1,0,0,1,X,X,X,X,X,268:180:151:149:299:205:328:211:369:214:397:212
A,626,20.8066,-1,0,0,1,X,X,X,X,X,268:181:151:148:299:206:328:211:369:214:397:213
A,627,20.8388,-1,0,0,1,X,X,X,X,X,268:182:150:147:300:207:329:212:370:215:398:212
A,628,20.8708,-1,0,0,1,X,X,X,X,X,269:181:149:148:300:207:329:212:370:215:398:213
A,629,20.9026,-1,0,0,1,X,X,X,X,X,269:181:149:148:300:207:330:212:371:215:398:212
A,630,20.9347,-1,0,0,1,X,X,X,X,X,269:181:150:148:300:207:330:212:371:215:399:212
A,631,20.9823,-1,0,0,1,X,X,X,X,X,268:182:151:147:300:208:330:212:370:215:398:213
A,632,21.0143,-1,0,0,1,X,X,X,X,X,267:182:152:148:300:208:329:213:371:215:398:213
A,633,21.0465,-1,0,0,1,X,X,X,X,X,268:182:152:147:301:207:330:212:370:215:399:213
A,634,21.0784,-1,0,0,1,X,X,X,X,X,268:182:151:148:301:207:330:212:370:215:398:213
A,635,21.111,-1,0,0,1,X,X,X,X,X,267:181:152:149:300:207:330:212:371:215:399:213
A,636,21.1427,-1,0,0,1,X,X,X,X,X,268:182:151:147:300:207:330:212:370:215:398:213
A,637,21.1744,-1,0,0,1,X,X,X,X,X,268:182:151:147:300:208:330:212:370:215:398:213
A,638,21.2063,-1,0,0,1,X,X,X,X,X,269:182:150:147:300:207:329:212:370:215:399:213
A,639,21.2387,-1,0,0,1,X,X,X,X,X,268:182:151:147:300:207:330:212:370:215:398:213
A,640,21.2707,-1,0,0,1,X,X,X,X,X,267:182:152:147:300:207:329:212:370:215:398:213
A,641,21.3024,-1,0,0,1,X,X,X,X,X,267:182:153:148:299:207:329:212:370:215:398:213
A,642,21.3347,-1,0,0,1,X,X,X,X,X,267:181:153:149:299:207:329:212:369:214:398:212
A,643,21.3825,-1,0,0,1,X,X,X,X,X,268:180:151:150:299:206:329:211:369:214:397:212
A,644,21.4145,-1,0,0,1,X,X,X,X,X,268:180:151:150:299:206:328:211:368:214:397:212
A,645,21.45,-1,0,0,1,X,X,X,X,X,268:178:152:152:299:205:328:210:369:213:398:211
A,646,21.4787,-1,0,0,1,X,X,X,X,X,269:177:151:153:299:205:329:209:369:212:398:211
A,647,21.5104,-1,0,0,1,X,X,X,X,X,268:177:152:152:300:204:328:209:369:212:398:211
A,648,21.5496,-1,0,0,1,X,X,X,X,X,269:177:151:152:300:204:328:209:369:212:397:211
A,649,21.5744,-1,0,0,1,X,X,X,X,X,269:176:151:153:300:203:328:208:369:211:397:210
A,650,21.6065,-1,0,0,1,X,X,X,X,X,269:175:151:154:299:203:328:207:369:211:397:210
A,651,21.6497,-1,0,0,1,X,X,X,X,X,269:175:152:154:300:203:329:207:369:211:397:210
A,652,21.6707,-1,0,0,1,X,X,X,X,X,269:175:151:155:300:203:328:207:369:211:398:211
A,653,21.7023,-1,0,0,1,X,X,X,X,X,269:175:152:155:300:203:328:207:369:211:397:211
A,654,21.7496,-1,0,0,1,X,X,X,X,X,268:175:154:155:299:203:328:207:369:212:397:211
A,655,21.7826,-1,0,0,1,X,X,X,X,X,268:175:153:155:299:204:327:208:368:212:397:212
A,656,21.8145,-1,0,0,1,X,X,X,X,X,267:176:154:153:297:204:326:209:367:213:397:213
A,657,21.8464,-1,0,0,1,X,X,X,X,X,268:176:152:152:296:204:326:209:366:213:396:213
A,658,21.8783,-1,0,0,1,X,X,X,X,X,267:176:152:153:297:204:326:209:366:213:395:214
A,659,21.9103,-1,0,0,1,X,X,X,X,X,268:176:152:152:296:204:326:209:366:214:396:214
A,660,21.9426,-1,0,0,1,X,X,X,X,X,267:177:153:151:296:205:325:210:366:214:396:214
A,661,21.9746,-1,0,0,1,X,X,X,X,X,267:178:153:150:295:205:325:210:366:214:396:214
A,662,22.0064,-1,0,0,1,X,X,X,X,X,268:178:152:151:296:206:325:210:366:214:395:214
A,663,22.0384,-1,0,0,1,X,X,X,X,X,267:178:153:151:295:206:324:211:366:215:395:215
A,664,22.0706,-1,0,0,1,X,X,X,X,X,266:179:154:150:294:206:324:211:365:215:395:215
A,665,22.1025,-1,0,0,1,X,X,X,X,X,265:180:154:150:294:207:323:212:365:215:394:214
A,666,22.1347,-1,0,0,1,X,X,X,X,X,266:179:153:151:294:207:323:211:364:215:393:214
A,667,22.1665,-1,0,0,1,X,X,X,X,X,265:179:153:152:293:207:322:212:363:215:392:215
A,668,22.2145,-1,0,0,1,X,X,X,X,X,264:180:154:153:293:207:322:212:363:215:393:214
A,669,22.2467,-1,0,0,1,X,X,X,X,X,265:180:153:154:293:208:322:212:363:215:393:215
A,670,22.2783,-1,0,0,1,X,X,X,X,X,265:180:153:155:292:208:321:212:363:215:392:215
A,671,22.3106,-1,0,0,1,X,X,X,X,X,263:181:155:154:293:208:321:212:363:215:392:215
A,672,22.3426,-1,0,0,1,X,X,X,X,X,264:181:153:154:292:208:322:212:363:215:392:215
A,673,22.3745,-1,0,0,1,X,X,X,X,X,264:181:154:152:293:208:322:212:364:215:393:214
A,674,22.4063,-1,0,0,1,X,X,X,X,X,263:181:155:150:294:208:323:212:364:215:393:215
A,675,22.4384,-1,0,0,1,X,X,X,X,X,263:181:155:148:293:208:323:212:364:215:394:215
A,676,22.4703,-1,0,0,1,X,X,X,X,X,263:182:155:146:293:208:323:213:364:215:394:215
A,677,22.5023,-1,0,0,1,X,X,X,X,X,264:182:154:147:294:209:323:213:365:216:393:215
A,678,22.5346,-1,0,0,1,X,X,X,X,X,265:182:154:147:294:208:323:213:365:216:394:215
A,679,22.5665,-1,0,0,1,X,X,X,X,X,266:182:153:148:295:209:324:213:365:216:394:216
A,680,22.6145,-1,0,0,1,X,X,X,X,X,266:182:153:148:295:210:324:214:365:217:394:216
A,681,22.6466,-1,0,0,1,X,X,X,X,X,265:183:154:147:294:209:324:214:366:217:395:216
A,682,22.6785,-1,0,0,1,X,X,X,X,X,266:183:153:146:295:210:324:214:365:217:394:216
A,683,22.7105,6,1,0,1,X,X,X,X,X,266:183:153:148:294:211:324:214:365:217:395:218
A,684,22.7426,6,1,1,1,X,C,X,C,X,265:183:155:149:293:212:324:215:365:218:396:218
A,685,22.7745,6,1,1,1,X,C,X,C,X,266:183:154:149:292:212:323:215:364:218:396:218
A,686,22.8065,6,1,1,1,X,C,X,C,X,265:183:153:150:292:212:322:215:364:218:395:218
A,687,22.8388,6,1,0,1,X,X,X,X,X,265:183:154:151:291:211:321:215:364:218:394:218
A,688,22.8703,6,1,0,1,X,X,X,X,X,265:184:152:150:291:211:320:215:362:218:392:217
A,689,22.9023,6,1,0,1,X,X,X,X,X,263:184:155:150:291:210:320:215:362:218:391:216
A,690,22.9346,-1,0,0,1,X,X,X,X,X,263:184:153:148:291:210:319:214:360:217:390:215
A,691,22.9665,-1,0,0,1,X,X,X,X,X,264:183:152:149:290:209:318:214:360:216:390:214
A,692,23.0145,-1,0,0,1,X,X,X,X,X,263:185:153:148:290:210:318:215:360:217:389:215
A,693,23.0466,-1,0,0,1,X,X,X,X,X,263:185:152:150:289:211:318:216:359:218:389:216
A,694,23.0784,-1,0,0,1,X,X,X,X,X,262:186:154:147:289:211:317:216:359:218:388:216
A,695,23.1106,-1,0,0,1,X,X,X,X,X,263:184:152:148:289:210:317:215:359:217:388:215
A,696,23.1423,-1,0,0,1,X,X,X,X,X,262:184:153:149:289:211:317:215:358:218:388:216
A,697,23.1746,-1,0,0,1,X,X,X,X,X,262:186:153:147:287:211:316:216:358:218:388:216
A,698,23.2062,-1,0,0,1,X,X,X,X,X,261:186:154:146:288:211:317:216:358:218:388:216
A,699,23.2386,-1,0,0,1,X,X,X,X,X,262:186:153:146:287:211:316:216:358:218:388:215
A,700,23.2703,-1,0,0,1,X,X,X,X,X,261:186:154:145:287:211:316:216:358:218:388:215
A,701,23.3027,-1,0,0,1,X,X,X,X,X,261:186:153:146:288:211:316:216:358:218:388:215
A,702,23.3346,-1,0,0,1,X,X,X,X,X,261:186:153:147:287:212:316:217:358:219:388:217
A,703,23.3665,-1,0,0,1,X,X,X,X,X,262:187:152:146:288:212:317:217:358:219:388:217
A,704,23.3985,-1,0,0,1,X,X,X,X,X,262:187:152:146:288:211:316:217:358:219:388:216
A,705,23.4782,-1,0,0,1,X,X,X,X,X,261:188:154:146:287:213:316:218:358:219:388:217
A,706,23.5105,-1,0,0,1,X,X,X,X,X,261:188:153:146:287:213:317:218:358:219:388:217
A,707,23.5423,-1,0,0,1,X,X,X,X,X,260:188:155:146:288:213:317:218:358:219:388:217
A,708,23.5745,-1,0,0,1,X,X,X,X,X,261:188:153:146:287:213:317:218:359:220:389:217
A,709,23.6065,-1,0,0,1,X,X,X,X,X,260:188:154:146:287:213:317:218:358:220:388:217
A,710,23.6385,-1,0,0,1,X,X,X,X,X,261:188:153:147:287:213:316:218:359:220:389:217
A,711,23.6706,-1,0,0,1,X,X,X,X,X,261:188:154:147:287:213:317:218:359:220:389:217
A,712,23.7025,-1,0,0,1,X,X,X,X,X,261:188:153:147:287:214:317:218:359:220:389:218
A,713,23.7343,-1,0,0,1,X,X,X,X,X,261:188:154:147:287:214:317:218:359:220:389:218
A,714,23.7668,-1,0,0,1,X,X,X,X,X,261:188:154:147:288:214:317:219:360:220:390:218
A,715,23.7987,-1,0,0,1,X,X,X,X,X,260:188:155:148:288:214:318:218:359:220:390:218
A,716,23.8465,-1,0,0,1,X,X,X,X,X,260:188:155:148:288:214:318:218:359:220:389:218
A,717,23.8785,-1,0,0,1,X,X,X,X,X,261:188:155:148:288:214:318:219:360:221:391:219
A,718,23.9104,-1,0,0,1,X,X,X,X,X,260:188:156:148:288:214:318:218:360:220:390:218
A,719,23.9425,-1,0,0,1,X,X,X,X,X,260:187:156:149:288:214:318:218:360:220:390:219
A,720,23.9746,-1,0,0,1,X,X,X,X,X,260:188:156:148:288:214:318:219:360:221:391:219
A,721,24.0064,-1,0,0,1,X,X,X,X,X,260:188:156:148:288:214:318:218:360:221:391:219
A,722,24.0382,-1,0,0,1,X,X,X,X,X,259:188:157:147:289:214:318:219:361:221:390:219
A,723,24.0706,-1,0,0,1,X,X,X,X,X,260:188:157:148:289:214:319:218:361:221:391:219
A,724,24.1022,-1,0,0,1,X,X,X,X,X,261:188:156:148:290:215:319:219:361:221:390:219
A,725,24.1342,-1,0,0,1,X,X,X,X,X,262:188:154:147:290:214:320:218:361:221:391:219
A,726,24.1666,-1,0,0,1,X,X,X,X,X,260:188:158:147:290:214:320:218:361:221:391:219
A,727,24.1986,-1,0,0,1,X,X,X,X,X,260:188:156:147:290:214:320:218:362:221:392:219
A,728,24.2306,-1,0,0,1,X,X,X,X,X,261:188:156:147:290:214:320:219:362:221:392:219
A,729,24.2784,-1,0,0,1,X,X,X,X,X,262:188:155:147:291:214:320:218:362:221:392:219
A,730,24.3102,-1,0,0,1,X,X,X,X,X,262:188:155:146:291:214:321:218:362:221:392:219
A,731,24.3426,-1,0,0,1,X,X,X,X,X,261:189:156:145:291:214:321:218:363:221:392:219
A,732,24.3747,-1,0,0,1,X,X,X,X,X,262:188:155:146:292:214:321:218:363:221:392:219
A,733,24.4065,-1,0,0,1,X,X,X,X,X,262:188:155:146:292:214:321:218:363:220:392:219
A,734,24.4385,-1,0,0,1,X,X,X,X,X,262:188:155:146:292:214:321:218:363:221:392:219
A,735,24.4706,-1,0,0,1,X,X,X,X,X,262:188:156:145:292:214:322:218:363:221:393:219
A,736,24.5023,-1,0,0,1,X,X,X,X,X,262:189:156:145:292:214:321:218:363:221:393:219
A,737,24.5345,-1,0,0,1,X,X,X,X,X,262:189:155:145:292:214:321:218:363:221:392:219
A,738,24.5666,-1,0,0,1,X,X,X,X,X,262:188:155:146:292:214:321:218:363:221:392:219
A,739,24.5982,-1,0,0,1,X,X,X,X,X,262:189:156:145:291:214:321:218:363:221:392:219
A,740,24.6306,-1,0,0,1,X,X,X,X,X,262:189:155:145:291:214:321:218:363:221:393:219
A,741,24.6783,-1,0,0,1,X,X,X,X,X,263:189:153:144:292:214:321:218:363:221:392:219
A,742,24.7104,-1,0,0,1,X,X,X,X,X,263:189:153:144:292:214:321:218:363:220:391:219
A,743,24.7425,-1,0,0,1,X,X,X,X,X,262:189:154:144:292:214:321:218:363:221:392:219
A,744,24.7746,-1,0,0,1,X,X,X,X,X,263:189:154:145:291:214:321:218:363:221:392:219
A,745,24.8064,-1,0,0,1,X,X,X,X,X,262:189:155:145:292:214:321:218:363:221:392:219
A,746,24.8383,-1,0,0,1,X,X,X,X,X,262:189:154:145:292:214:321:218:363:220:391:218
A,747,24.8705,-1,0,0,1,X,X,X,X,X,263:189:154:145:291:213:321:218:362:220:391:218
A,748,24.9025,-1,0,0,1,X,X,X,X,X,263:189:153:145:292:213:321:217:362:220:392:218
A,749,24.9344,-1,0,0,1,X,X,X,X,X,263:189:153:145:292:214:321:218:362:220:392:218
A,750,24.9667,-1,0,0,1,X,X,X,X,X,263:188:152:146:292:213:321:218:362:220:392:218
A,751,24.9982,-1,0,0,1,X,X,X,X,X,262:189:156:145:291:214:321:218:362:220:392:218
A,752,25.0305,-1,0,0,1,X,X,X,X,X,261:189:156:145:292:213:321:218:363:220:392:218
A,753,25.0783,-1,0,0,1,X,X,X,X,X,262:189:156:145:292:213:321:217:363:220:393:218
A,754,25.1106,-1,0,0,1,X,X,X,X,X,261:189:156:146:292:213:321:218:364:220:393:218
A,755,25.1427,-1,0,0,1,X,X,X,X,X,262:189:155:145:292:213:321:218:363:220:393:218
A,756,25.1742,-1,0,0,1,X,X,X,X,X,261:189:156:145:292:213:321:218:363:220:393:218
A,757,25.2066,-1,0,0,1,X,X,X,X,X,262:189:155:145:292:213:321:218:363:220:393:218
A,758,25.2383,-1,0,0,1,X,X,X,X,X,262:189:155:145:293:213:321:217:364:220:393:219
A,759,25.2703,-1,0,0,1,X,X,X,X,X,262:189:155:145:293:213:322:217:364:220:393:218
A,760,25.3024,-1,0,0,1,X,X,X,X,X,261:189:156:145:292:212:322:217:364:221:393:218
A,761,25.3345,-1,0,0,1,X,X,X,X,X,261:189:156:145:292:212:321:217:364:220:393:217
A,762,25.3667,-1,0,0,1,X,X,X,X,X,261:189:156:145:292:213:321:217:364:220:393:218
A,763,25.3983,-1,0,0,1,X,X,X,X,X,261:189:156:145:292:212:321:217:364:220:393:218
A,764,25.4307,-1,0,0,1,X,X,X,X,X,261:190:157:144:292:213:322:217:366:220:395:218
A,765,25.4623,-1,0,0,1,X,X,X,X,X,262:190:156:144:293:212:322:217:365:220:394:218
A,766,25.5102,-1,0,0,1,X,X,X,X,X,262:189:157:145:293:212:322:217:365:220:394:218
A,767,25.5425,-1,0,0,1,X,X,X,X,X,262:189:156:145:292:212:322:217:366:220:395:218
A,768,25.5742,-1,0,0,1,X,X,X,X,X,261:189:158:145:293:212:322:217:365:220:394:218
A,769,25.6066,-1,0,0,1,X,X,X,X,X,261:189:157:144:293:212:322:217:365:220:394:218
A,770,25.6385,-1,0,0,1,X,X,X,X,X,261:190:158:144:293:212:322:217:366:220:395:217
A,771,25.6703,-1,0,0,1,X,X,X,X,X,261:190:159:144:293:212:322:217:365:220:394:218
A,772,25.7024,-1,0,0,1,X,X,X,X,X,261:190:158:144:293:212:323:217:366:220:395:218
A,773,25.7342,-1,0,0,1,X,X,X,X,X,263:190:156:144:294:212:323:217:366:220:395:217
A,774,25.7668,-1,0,0,1,X,X,X,X,X,263:190:156:145:293:213:323:217:366:220:396:217
A,775,25.7984,-1,0,0,1,X,X,X,X,X,262:190:157:145:293:212:323:217:366:220:396:218
A,776,25.8305,-1,0,0,1,X,X,X,X,X,263:190:156:145:294:212:323:217:366:220:395:218
A,777,25.8624,-1,0,0,1,X,X,X,X,X,263:190:156:145:294:212:324:217:366:220:396:218
A,778,25.9102,-1,0,0,1,X,X,X,X,X,262:191:157:144:294:213:323:217:367:220:396:218
A,779,25.9425,-1,0,0,1,X,X,X,X,X,263:190:156:145:295:213:324:218:367:221:396:219
A,780,25.9744,-1,0,0,1,X,X,X,X,X,263:191:155:144:295:213:324:218:367:221:395:219
A,781,26.0069,-1,0,0,1,X,X,X,X,X,263:190:156:145:295:213:324:218:367:221:396:219
A,782,26.0385,-1,0,0,1,X,X,X,X,X,262:191:156:144:294:213:324:217:367:221:396:219
A,783,26.0704,-1,0,0,1,X,X,X,X,X,263:190:156:145:295:213:324:218:367:221:396:220
A,784,26.1023,-1,0,0,1,X,X,X,X,X,263:191:154:144:295:213:324:218:367:221:395:220
A,785,26.1343,-1,0,0,1,X,X,X,X,X,264:191:154:144:295:214:324:218:367:221:396:220
A,786,26.1667,-1,0,0,1,X,X,X,X,X,264:190:155:145:294:214:324:218:366:221:396:220
A,787,26.1984,-1,0,0,1,X,X,X,X,X,263:191:155:143:294:213:324:218:367:221:396:219
A,788,26.2305,-1,0,0,1,X,X,X,X,X,263:190:156:144:295:214:324:218:367:221:396:220
A,789,26.2624,-1,0,0,1,X,X,X,X,X,263:190:156:144:295:214:324:218:367:221:396:219
A,790,26.3103,-1,0,0,1,X,X,X,X,X,263:191:155:143:295:214:324:218:366:221:395:220
A,791,26.3426,-1,0,0,1,X,X,X,X,X,264:190:154:144:295:214:324:218:366:221:395:220
A,792,26.3744,-1,0,0,1,X,X,X,X,X,263:190:155:144:295:214:324:218:366:221:395:220
A,793,26.4065,-1,0,0,1,X,X,X,X,X,263:190:155:144:295:214:324:217:366:221:395:220
A,794,26.4384,-1,0,0,1,X,X,X,X,X,264:190:155:144:294:214:324:217:366:221:396:220
A,795,26.4705,-1,0,0,1,X,X,X,X,X,263:191:154:143:294:214:324:218:366:221:395:220
A,796,26.5023,-1,0,0,1,X,X,X,X,X,263:190:155:144:295:214:324:217:367:221:395:220
A,797,26.5342,-1,0,0,1,X,X,X,X,X,264:191:154:143:295:214:324:218:366:221:395:220
A,798,26.5665,-1,0,0,1,X,X,X,X,X,264:190:153:144:294:214:324:218:366:221:395:220
A,799,26.5982,-1,0,0,1,X,X,X,X,X,263:190:155:143:294:214:324:218:366:221:395:220
A,800,26.6305,-1,0,0,1,X,X,X,X,X,264:190:153:143:295:214:324:218:366:221:395:220
A,801,26.6623,-1,0,0,1,X,X,X,X,X,264:190:154:144:296:214:324:218:366:221:395:220
A,802,26.6942,-1,0,0,1,X,X,X,X,X,263:190:156:144:296:214:325:218:367:221:396:220
A,803,26.7422,-1,0,0,1,X,X,X,X,X,264:190:155:144:295:214:325:218:367:221:396:220
A,804,26.7742,-1,0,0,1,X,X,X,X,X,263:190:156:143:295:214:324:218:366:221:395:220
A,805,26.8069,-1,0,0,1,X,X,X,X,X,263:190:156:143:294:214:324:218:366:221:396:220
A,806,26.8386,-1,0,0,1,X,X,X,X,X,264:190:154:143:294:214:324:218:366:221:396:220
A,807,26.8702,-1,0,0,1,X,X,X,X,X,263:190:156:143:295:214:324:218:367:221:396:220
A,808,26.9023,-1,0,0,1,X,X,X,X,X,264:190:155:143:295:214:325:218:367:221:396:220
A,809,26.9345,-1,0,0,1,X,X,X,X,X,264:190:154:143:294:214:324:218:366:221:396:220
A,810,26.9664,-1,0,0,1,X,X,X,X,X,264:190:154:143:295:214:324:218:366:221:395:220
A,811,26.9981,-1,0,0,1,X,X,X,X,X,264:190:153:143:295:214:324:218:366:221:395:220
A,812,27.0305,-1,0,0,1,X,X,X,X,X,263:189:156:144:294:214:324:218:367:221:396:219
A,813,27.0622,-1,0,0,1,X,X,X,X,X,263:190:155:144:295:214:324:218:366:221:395:220
A,814,27.0941,-1,0,0,1,X,X,X,X,X,264:190:154:144:295:214:324:218:366:221:396:220
A,815,27.1421,-1,0,0,1,X,X,X,X,X,264:190:153:144:295:214:324:218:366:221:395:220
A,816,27.1741,-1,0,0,1,X,X,X,X,X,263:189:155:145:295:214:325:218:366:221:395:220
A,817,27.2064,-1,0,0,1,X,X,X,X,X,264:189:155:145:294:214:324:218:366:221:396:219
A,818,27.2384,-1,0,0,1,X,X,X,X,X,264:189:155:145:294:214:324:218:366:221:396:220
A,819,27.2703,-1,0,0,1,X,X,X,X,X,264:189:154:146:294:214:324:218:367:221:396:220
A,820,27.3022,-1,0,0,1,X,X,X,X,X,264:189:155:145:295:214:324:218:367:221:396:220
A,821,27.3344,-1,0,0,1,X,X,X,X,X,264:189:155:145:295:214:324:218:366:221:396:220
A,822,27.3664,-1,0,0,1,X,X,X,X,X,264:189:154:145:295:214:324:218:367:221:396:220
A,823,27.3981,-1,0,0,1,X,X,X,X,X,264:189:155:146:295:214:324:218:366:221:395:220
A,824,27.4305,-1,0,0,1,X,X,X,X,X,264:189:155:145:295:214:324:218:367:221:396:220
A,825,27.4622,-1,0,0,1,X,X,X,X,X,264:189:155:145:295:214:324:218:367:221:396:220
A,826,27.4942,-1,0,0,1,X,X,X,X,X,264:189:155:145:295:214:324:218:367:221:396:220
A,827,27.5422,-1,0,0,1,X,X,X,X,X,264:189:155:145:295:214:324:218:367:221:396:220
A,828,27.5741,-1,0,0,1,X,X,X,X,X,264:189:155:146:295:214:324:218:366:221:396:220
A,829,27.6069,-1,0,0,1,X,X,X,X,X,264:189:155:146:295:214:324:218:366:221:396:220
A,830,27.6384,-1,0,0,1,X,X,X,X,X,265:190:152:146:295:214:324:218:366:221:396:220
A,831,27.6703,-1,0,0,1,X,X,X,X,X,263:189:156:146:295:214:324:218:367:221:396:220
A,832,27.7025,-1,0,0,1,X,X,X,X,X,263:189:156:146:295:214:325:218:366:221:395:220
A,833,27.7344,-1,0,0,1,X,X,X,X,X,264:189:156:146:295:214:324:218:367:221:396:220
A,834,27.7664,-1,0,0,1,X,X,X,X,X,263:189:156:146:294:214:324:218:366:221:396:220
A,835,27.7986,-1,0,0,1,X,X,X,X,X,264:190:154:145:295:214:324:218:367:221:397:220
A,836,27.8306,-1,0,0,1,X,X,X,X,X,264:190:155:145:295:214:324:218:366:221:395:220
A,837,27.8624,-1,0,0,1,X,X,X,X,X,264:190:154:145:295:214:324:218:367:221:396:220
A,838,27.8941,-1,0,0,1,X,X,X,X,X,263:190:155:146:295:214:325:218:367:221:396:220
A,839,27.9263,-1,0,0,1,X,X,X,X,X,264:189:155:146:295:214:325:218:366:222:396:220
A,840,27.9741,-1,0,0,1,X,X,X,X,X,264:190:154:145:296:214:325:218:367:221:396:221
A,841,28.0061,-1,0,0,1,X,X,X,X,X,264:189:155:146:296:214:324:219:367:222:396:220
A,842,28.0381,-1,0,0,1,X,X,X,X,X,264:190:154:145:295:214:324:218:367:221:396:221
A,843,28.0703,-1,0,0,1,X,X,X,X,X,265:190:152:145:295:214:324:218:366:222:395:221
A,844,28.1024,-1,0,0,1,X,X,X,X,X,264:190:154:145:295:214:324:218:367:222:396:221
A,845,28.1345,-1,0,0,1,X,X,X,X,X,264:190:154:145:295:215:324:219:367:222:396:221
A,846,28.1664,-1,0,0,1,X,X,X,X,X,264:190:154:145:295:214:324:219:367:222:396:221
A,847,28.1981,-1,0,0,1,X,X,X,X,X,263:190:155:145:294:214:324:218:366:221:396:220
A,848,28.2301,-1,0,0,1,X,X,X,X,X,265:190:153:145:295:214:324:218:367:221:396:221
A,849,28.2621,-1,0,0,1,X,X,X,X,X,263:189:155:146:295:214:324:218:367:221:395:220
A,850,28.2942,-1,0,0,1,X,X,X,X,X,265:190:153:145:295:214:324:218:367:221:396:221
A,851,28.3261,-1,0,0,1,X,X,X,X,X,265:190:153:144:295:214:324:218:366:221:396:221
A,852,28.3743,-1,0,0,1,X,X,X,X,X,264:190:154:145:295:214:325:218:366:221:396:221
A,853,28.4061,-1,0,0,1,X,X,X,X,X,264:190:154:144:295:214:324:218:366:221:395:221
A,854,28.4381,-1,0,0,1,X,X,X,X,X,264:190:154:144:295:214:324:218:367:221:396:220
A,855,28.4701,-1,0,0,1,X,X,X,X,X,265:189:153:145:294:214:324:218:366:222:396:220
A,856,28.5023,-1,0,0,1,X,X,X,X,X,265:190:152:145:295:214:325:218:366:221:395:221
A,857,28.5343,-1,0,0,1,X,X,X,X,X,265:190:153:145:295:214:325:218:367:221:396:221
A,858,28.5662,-1,0,0,1,X,X,X,X,X,265:189:153:146:295:214:324:218:366:221:396:221
A,859,28.5981,-1,0,0,1,X,X,X,X,X,264:190:153:145:295:214:325:218:367:221:396:220
A,860,28.6303,-1,0,0,1,X,X,X,X,X,265:189:153:145:294:214:325:218:367:221:397:221
A,861,28.6623,-1,0,0,1,X,X,X,X,X,264:189:156:145:295:214:325:218:367:221:396:220
A,862,28.6944,-1,0,0,1,X,X,X,X,X,266:189:153:146:294:213:325:217:367:221:397:221
A,863,28.7264,-1,0,0,1,X,X,X,X,X,264:189:155:145:295:213:325:217:367:221:397:220
A,864,28.7583,-1,0,0,1,X,X,X,X,X,266:189:152:146:295:213:325:217:367:221:396:220
A,865,28.8063,-1,0,0,1,X,X,X,X,X,264:188:156:146:296:213:325:218:367:221:397:220
A,866,28.8382,-1,0,0,1,X,X,X,X,X,265:188:154:145:295:213:325:217:367:221:397:220
A,867,28.8701,-1,0,0,1,X,X,X,X,X,265:188:155:145:295:213:325:217:367:221:396:220
A,868,28.9021,-1,0,0,1,X,X,X,X,X,264:188:156:146:295:213:325:217:367:221:396:220
A,869,28.9341,-1,0,0,1,X,X,X,X,X,265:188:155:145:295:213:325:217:367:221:396:220
A,870,28.9661,-1,0,0,1,X,X,X,X,X,265:188:154:145:295:213:325:217:367:220:396:220
A,871,28.9983,-1,0,0,1,X,X,X,X,X,265:188:154:145:295:213:325:217:367:220:396:220
A,872,29.0305,-1,0,0,1,X,X,X,X,X,264:188:155:145:295:213:325:217:367:220:396:220
A,873,29.0623,-1,0,0,1,X,X,X,X,X,265:188:153:145:295:213:325:216:366:220:396:220
A,874,29.0941,-1,0,0,1,X,X,X,X,X,265:188:153:145:295:213:325:216:366:220:396:220
A,875,29.1261,-1,0,0,1,X,X,X,X,X,265:188:153:146:295:213:325:217:366:221:395:220
A,876,29.1581,-1,0,0,1,X,X,X,X,X,265:188:154:146:295:212:325:216:366:220:396:220
A,877,29.2061,-1,0,0,1,X,X,X,X,X,266:189:152:144:295:213:325:217:366:220:396:220
A,878,29.2383,-1,0,0,1,X,X,X,X,X,266:188:152:145:295:213:325:217:366:220:396:219
A,879,29.2703,-1,0,0,1,X,X,X,X,X,266:189:152:144:295:213:325:217:366:221:395:220
A,880,29.3022,-1,0,0,1,X,X,X,X,X,264:188:155:145:295:213:325:217:367:220:396:220
A,881,29.3343,-1,0,0,1,X,X,X,X,X,266:188:152:145:295:213:325:217:366:220:395:220
A,882,29.3661,-1,0,0,1,X,X,X,X,X,266:188:152:146:295:213:325:217:366:221:395:220
A,883,29.3982,-1,0,0,1,X,X,X,X,X,264:188:155:145:295:213:325:217:366:220:396:220
A,884,29.4303,-1,0,0,1,X,X,X,X,X,265:188:154:145:295:213:325:217:366:220:396:220
A,885,29.4623,-1,0,0,1,X,X,X,X,X,264:188:155:145:295:213:325:217:366:220:396:220
A,886,29.4944,-1,0,0,1,X,X,X,X,X,265:188:155:145:295:213:325:217:366:220:396:219
A,887,29.5263,-1,0,0,1,X,X,X,X,X,264:188:155:145:295:213:325:218:366:221:396:220
A,888,29.5582,-1,0,0,1,X,X,X,X,X,265:188:154:145:295:213:325:217:366:220:396:220
A,889,29.606,-1,0,0,1,X,X,X,X,X,264:188:156:145:295:213:325:217:366:220:397:220
A,890,29.6381,-1,0,0,1,X,X,X,X,X,265:188:155:145:295:213:325:218:367:221:397:220
A,891,29.6701,-1,0,0,1,X,X,X,X,X,265:188:155:145:295:213:325:218:367:221:397:220
A,892,29.7021,-1,0,0,1,X,X,X,X,X,264:188:155:145:295:213:325:217:367:220:397:220
A,893,29.7341,-1,0,0,1,X,X,X,X,X,264:188:156:145:295:213:325:217:367:221:396:220
A,894,29.7662,-1,0,0,1,X,X,X,X,X,265:188:155:145:295:213:325:217:367:221:397:220
A,895,29.7981,-1,0,0,1,X,X,X,X,X,265:188:155:145:295:213:325:217:367:221:397:220
A,896,29.8304,-1,0,0,1,X,X,X,X,X,264:188:155:145:295:213:325:217:367:221:397:220
A,897,29.8621,-1,0,0,1,X,X,X,X,X,265:188:154:145:295:213:325:217:367:220:397:220
A,898,29.8941,-1,0,0,1,X,X,X,X,X,265:188:155:145:295:213:325:217:367:220:397:220
A,899,29.9263,-1,0,0,1,X,X,X,X,X,266:188:153:146:295:213:325:217:367:221:396:220
A,900,29.9582,-1,0,0,1,X,X,X,X,X,266:188:152:146:295:213:325:217:367:221:396:220
A,901,29.9901,-1,0,0,1,X,X,X,X,X,264:188:156:145:295:213:325:217:367:220:397:220
A,902,30.0381,-1,0,0,1,X,X,X,X,X,265:188:155:145:295:213:326:217:367:220:397:220
A,903,30.07,-1,0,0,1,X,X,X,X,X,265:188:155:145:295:213:325:217:367:221:397:220
A,904,30.1021,-1,0,0,1,X,X,X,X,X,265:188:155:145:295:213:325:217:367:221:397:220
A,905,30.1344,-1,0,0,1,X,X,X,X,X,264:188:155:145:295:213:325:218:367:221:397:220
A,906,30.166,-1,0,0,1,X,X,X,X,X,264:188:156:145:295:213:325:217:367:221:397:220
A,907,30.198,-1,0,0,1,X,X,X,X,X,265:188:155:145:295:213:325:217:367:221:397:220
A,908,30.2303,-1,0,0,1,X,X,X,X,X,265:188:154:145:296:213:326:217:367:221:397:220
A,909,30.262,-1,0,0,1,X,X,X,X,X,265:188:155:145:295:213:325:217:367:221:397:220
A,910,30.2941,-1,0,0,1,X,X,X,X,X,265:188:155:145:295:213:325:217:367:221:397:221
A,911,30.3262,-1,0,0,1,X,X,X,X,X,265:188:155:145:296:213:325:217:367:221:397:220
A,912,30.3582,-1,0,0,1,X,X,X,X,X,265:188:155:145:295:213:325:217:367:221:397:220
A,913,30.3901,-1,0,0,1,X,X,X,X,X,265:188:154:145:296:213:326:217:367:221:397:220
A,914,30.4382,-1,0,0,1,X,X,X,X,X,264:188:156:145:295:213:325:217:367:221:397:220
A,915,30.47,-1,0,0,1,X,X,X,X,X,265:189:155:144:296:213:326:217:367:221:397:220
A,916,30.502,-1,0,0,1,X,X,X,X,X,264:188:155:145:295:213:325:217:367:221:397:220
A,917,30.534,-1,0,0,1,X,X,X,X,X,265:189:154:144:295:213:325:217:367:221:397:220
A,918,30.5662,-1,0,0,1,X,X,X,X,X,265:188:155:145:295:213:325:217:367:221:397:220
A,919,30.5981,-1,0,0,1,X,X,X,X,X,264:188:155:146:295:213:325:218:367:221:397:221
A,920,30.6302,-1,0,0,1,X,X,X,X,X,265:188:155:146:295:213:326:218:367:221:397:221
A,921,30.6621,-1,0,0,1,X,X,X,X,X,265:189:154:145:295:214:326:218:367:221:397:221
A,922,30.6942,-1,0,0,1,X,X,X,X,X,265:189:155:145:296:214:326:218:367:222:397:221
A,923,30.7262,-1,0,0,1,X,X,X,X,X,266:189:154:145:296:214:326:218:368:222:397:221
A,924,30.7582,-1,0,0,1,X,X,X,X,X,265:189:155:145:296:214:326:218:367:222:397:221
A,925,30.79,-1,0,0,1,X,X,X,X,X,265:189:155:144:296:214:326:218:367:222:397:221
A,926,30.838,-1,0,0,1,X,X,X,X,X,265:189:154:145:297:214:326:218:368:222:397:221
A,927,30.87,-1,0,0,1,X,X,X,X,X,265:189:155:145:297:214:326:218:368:222:396:222
A,928,30.9021,-1,0,0,1,X,X,X,X,X,265:189:154:145:297:214:326:218:368:222:397:222
A,929,30.934,-1,0,0,1,X,X,X,X,X,265:189:155:145:296:214:326:218:368:222:397:221
A,930,30.966,-1,0,0,1,X,X,X,X,X,266:189:153:145:297:214:326:218:368:222:397:221
A,931,30.9983,-1,0,0,1,X,X,X,X,X,264:189:156:145:296:214:326:218:368:222:397:221
A,932,31.0303,-1,0,0,1,X,X,X,X,X,265:189:155:145:297:214:326:218:368:222:397:221
A,933,31.0621,-1,0,0,1,X,X,X,X,X,265:189:155:145:297:214:326:218:368:222:397:222
A,934,31.0942,-1,0,0,1,X,X,X,X,X,265:189:154:145:296:214:326:218:367:222:397:222
A,935,31.1262,-1,0,0,1,X,X,X,X,X,265:189:155:145:296:214:326:218:368:222:397:221
A,936,31.1582,-1,0,0,1,X,X,X,X,X,265:189:155:145:296:214:326:218:367:222:397:222
A,937,31.19,-1,0,0,1,X,X,X,X,X,265:189:155:145:296:214:326:218:368:222:397:222
A,938,31.2229,-1,0,0,1,X,X,X,X,X,265:189:155:145:296:214:326:218:367:222:397:222
A,939,31.27,-1,0,0,1,X,X,X,X,X,265:190:155:144:296:214:326:218:368:222:397:222
A,940,31.3022,-1,0,0,1,X,X,X,X,X,265:189:155:145:296:214:326:218:367:222:397:222
A,941,31.3342,-1,0,0,1,X,X,X,X,X,265:189:155:145:296:214:326:218:367:222:397:222
A,942,31.3662,-1,0,0,1,X,X,X,X,X,265:189:155:145:296:214:326:218:368:222:398:222
A,943,31.3982,-1,0,0,1,X,X,X,X,X,265:189:155:145:296:214:326:218:368:222:397:222
A,944,31.4302,-1,0,0,1,X,X,X,X,X,265:189:154:144:296:214:326:218:368:222:397:221
A,945,31.4621,-1,0,0,1,X,X,X,X,X,265:189:155:145:296:214:326:218:368:222:397:222
A,946,31.4941,-1,0,0,1,X,X,X,X,X,265:189:155:145:296:214:326:218:367:222:398:221
A,947,31.5262,-1,0,0,1,X,X,X,X,X,265:189:155:145:297:214:326:218:368:222:397:222
A,948,31.5582,-1,0,0,1,X,X,X,X,X,267:190:152:144:297:214:326:218:367:222:396:221
A,949,31.5902,-1,0,0,1,X,X,X,X,X,266:190:153:144:297:214:326:218:367:222:397:222
A,950,31.6224,-1,0,0,1,X,X,X,X,X,266:190:154:144:296:214:326:218:367:222:396:222
A,951,31.67,-1,0,0,1,X,X,X,X,X,265:189:155:145:296:214:326:218:368:222:397:222
A,952,31.7025,-1,0,0,1,X,X,X,X,X,265:190:154:144:297:214:326:218:367:222:396:222
A,953,31.7341,-1,0,0,1,X,X,X,X,X,265:189:154:145:296:214:326:218:368:222:397:222
A,954,31.7662,-1,0,0,1,X,X,X,X,X,266:190:153:144:296:214:326:218:367:222:397:222
A,955,31.7982,-1,0,0,1,X,X,X,X,X,265:189:156:146:296:214:326:218:368:222:397:222
A,956,31.8302,-1,0,0,1,X,X,X,X,X,265:189:155:145:296:214:326:218:368:222:397:222
A,957,31.8625,-1,0,0,1,X,X,X,X,X,265:189:155:145:296:214:326:218:367:222:397:222
A,958,31.8942,-1,0,0,1,X,X,X,X,X,265:189:155:145:296:214:326:219:368:222:397:222
A,959,31.9261,-1,0,0,1,X,X,X,X,X,266:189:154:145:296:214:326:218:368:222:398:222
A,960,31.9582,-1,0,0,1,X,X,X,X,X,265:189:155:145:296:214:326:218:368:222:397:222
A,961,31.99,-1,0,0,1,X,X,X,X,X,265:189:154:145:297:214:326:218:368:222:397:222
A,962,32.0225,-1,0,0,1,X,X,X,X,X,265:189:155:146:296:214:326:218:368:222:397:222
A,963,32.0699,-1,0,0,1,X,X,X,X,X,265:189:156:145:296:214:326:218:368:222:397:222
A,964,32.1025,7,1,0,1,X,X,X,X,X,265:189:155:145:296:214:326:219:368:222:397:222
A,965,32.1343,7,1,1,1,X,C,X,C,X,266:188:154:146:295:216:325:220:367:223:397:222
A,966,32.166,7,1,1,1,X,C,X,C,X,267:189:153:145:296:217:326:220:367:223:397:223
A,967,32.1982,7,1,1,1,X,C,X,C,X,266:188:154:146:296:216:326:219:367:223:398:222
A,968,32.2304,7,1,0,1,X,X,X,X,X,266:188:154:146:295:214:325:218:367:222:397:222
A,969,32.2624,7,1,0,1,X,X,X,X,X,265:188:155:146:296:213:325:217:367:221:396:221
A,970,32.294,7,1,0,1,X,X,X,X,X,265:188:155:146:296:212:325:217:367:221:395:220
A,971,32.326,-1,0,0,1,X,X,X,X,X,265:188:155:146:296:212:325:217:367:221:396:219
A,972,32.3582,-1,0,0,1,X,X,X,X,X,266:188:154:146:296:212:325:218:367:221:395:220
A,973,32.39,-1,0,0,1,X,X,X,X,X,266:188:154:146:296:212:325:218:367:221:395:219
A,974,32.4226,-1,0,0,1,X,X,X,X,X,265:188:155:146:296:212:325:217:366:221:395:220
A,975,32.4542,-1,0,0,1,X,X,X,X,X,265:188:155:146:297:212:325:218:367:221:395:219
A,976,32.5021,-1,0,0,1,X,X,X,X,X,265:188:155:146:296:212:325:217:366:221:396:220
A,977,32.5342,-1,0,0,1,X,X,X,X,X,265:188:155:145:296:212:325:217:367:221:395:219
A,978,32.5662,-1,0,0,1,X,X,X,X,X,265:188:155:146:296:212:325:217:366:221:395:219
A,979,32.5982,-1,0,0,1,X,X,X,X,X,265:188:155:146:296:212:325:217:366:221:395:219
A,980,32.6302,-1,0,0,1,X,X,X,X,X,265:188:155:146:296:212:325:217:366:221:395:219
A,981,32.6624,-1,0,0,1,X,X,X,X,X,265:187:155:147:296:212:325:217:366:220:395:219
A,982,32.694,-1,0,0,1,X,X,X,X,X,265:187:155:147:295:212:324:217:366:220:395:219
A,983,32.7262,-1,0,0,1,X,X,X,X,X,266:187:154:147:295:211:325:217:366:220:395:219
A,984,32.758,-1,0,0,1,X,X,X,X,X,265:187:155:148:295:211:324:217:366:220:395:219
A,985,32.7901,-1,0,0,1,X,X,X,X,X,266:186:154:148:295:211:324:217:366:220:395:219
A,986,32.8224,-1,0,0,1,X,X,X,X,X,266:187:154:147:295:211:324:217:366:220:395:219
A,987,32.854,-1,0,0,1,X,X,X,X,X,265:187:155:148:295:211:325:217:366:220:395:219
A,988,32.9023,-1,0,0,1,X,X,X,X,X,265:186:155:149:295:211:325:217:366:220:395:219
A,989,32.934,-1,0,0,1,X,X,X,X,X,265:187:155:148:295:211:324:217:366:220:395:219
A,990,32.966,-1,0,0,1,X,X,X,X,X,265:187:155:147:297:212:325:217:366:220:394:220
A,991,32.9979,-1,0,0,1,X,X,X,X,X,267:187:152:148:296:213:325:217:366:221:395:221
A,992,33.0299,-1,0,0,1,X,X,X,X,X,265:187:156:147:295:212:325:217:367:221:397:220
A,993,33.0624,-1,0,0,1,X,X,X,X,X,266:188:154:147:296:212:325:217:367:221:395:220
A,994,33.094,-1,0,0,1,X,X,X,X,X,266:187:153:146:295:212:325:217:366:221:396:220
A,995,33.1263,-1,0,0,1,X,X,X,X,X,265:188:154:146:296:212:325:217:366:221:396:220
A,996,33.1582,-1,0,0,1,X,X,X,X,X,266:187:154:147:296:213:325:218:367:221:396:221
A,997,33.1902,-1,0,0,1,X,X,X,X,X,267:187:153:147:296:213:326:218:367:221:396:221
A,998,33.2223,-1,0,0,1,X,X,X,X,X,267:187:153:147:296:213:326:218:367:221:397:221
A,999,33.2541,-1,0,0,1,X,X,X,X,X,266:187:154:147:296:213:326:218:367:222:396:221
A,1000,33.3022,-1,0,0,1,X,X,X,X,X,266:187:154:147:296:213:326:218:367:221:396:220
A,1001,33.3342,-1,0,0,1,X,X,X,X,X,266:188:154:146:296:213:326:218:367:221:396:221
A,1002,33.3659,-1,0,0,1,X,X,X,X,X,265:187:155:147:296:213:325:218:367:221:396:221
A,1003,33.3979,-1,0,0,1,X,X,X,X,X,265:188:155:145:295:213:325:217:367:221:397:220
A,1004,33.4299,-1,0,0,1,X,X,X,X,X,265:188:154:146:296:213:325:218:366:221:395:221
A,1005,33.4623,-1,0,0,1,X,X,X,X,X,266:188:154:146:295:213:325:218:367:222:396:221
A,1006,33.4939,-1,0,0,1,X,X,X,X,X,266:188:154:146:295:213:325:218:367:222:396:221
A,1007,33.5259,-1,0,0,1,X,X,X,X,X,266:188:154:146:296:213:325:218:367:221:395:221
A,1008,33.5579,-1,0,0,1,X,X,X,X,X,266:188:154:146:296:213:325:218:367:221:396:221
A,1009,33.5901,-1,0,0,1,X,X,X,X,X,266:188:154:146:296:213:325:218:367:222:396:221
A,1010,33.6224,-1,0,0,1,X,X,X,X,X,266:188:154:146:295:213:325:218:367:221:396:221
A,1011,33.6539,-1,0,0,1,X,X,X,X,X,266:188:154:146:295:213:325:218:367:221:396:221
A,1012,33.686,-1,0,0,1,X,X,X,X,X,266:188:153:146:296:213:325:218:367:221:396:221
A,1013,33.7342,-1,0,0,1,X,X,X,X,X,266:187:154:147:295:213:325:218:366:221:396:221
A,1014,33.7661,-1,0,0,1,X,X,X,X,X,266:188:154:146:296:213:325:218:367:221:396:221
A,1015,33.7979,-1,0,0,1,X,X,X,X,X,266:188:154:146:296:213:325:218:366:221:396:221
A,1016,33.8301,-1,0,0,1,X,X,X,X,X,266:187:154:147:295:213:325:218:366:221:396:221
A,1017,33.8623,-1,0,0,1,X,X,X,X,X,266:188:153:147:295:213:325:218:366:221:396:221
A,1018,33.8939,-1,0,0,1,X,X,X,X,X,265:188:155:148:295:213:325:218:366:221:396:221
A,1019,33.9261,-1,0,0,1,X,X,X,X,X,265:188:155:149:295:213:325:218:366:221:396:220
A,1020,33.958,-1,0,0,1,X,X,X,X,X,265:188:155:149:295:213:325:218:366:221:396:220
A,1021,33.9901,8,1,0,1,X,X,X,X,X,265:187:155:150:294:213:324:217:366:221:396:221
A,1022,34.0223,8,1,0,1,X,X,X,X,X,265:187:155:150:294:213:324:217:366:221:396:221
A,1023,34.0541,8,1,1,1,X,C,X,C,X,265:186:155:150:294:214:324:218:366:221:396:221
A,1024,34.086,8,1,1,1,X,C,X,C,X,265:187:155:149:294:213:324:217:366:221:396:221
A,1025,34.1339,8,1,0,1,X,X,X,X,X,266:186:154:150:295:212:324:217:366:220:395:220
A,1026,34.1659,8,1,0,1,X,X,X,X,X,266:186:154:148:296:211:323:216:365:219:393:218
A,1027,34.1979,8,1,0,1,X,X,X,X,X,266:185:153:149:295:210:323:215:365:218:393:217
A,1028,34.2302,-1,0,0,1,X,X,X,X,X,266:186:152:148:294:210:323:215:365:219:393:217
A,1029,34.2621,-1,0,0,1,X,X,X,X,X,266:186:151:147:295:210:323:215:364:219:393:217
A,1030,34.2941,-1,0,0,1,X,X,X,X,X,265:186:154:147:295:210:323:215:364:219:393:217
A,1031,34.3262,-1,0,0,1,X,X,X,X,X,265:186:153:148:294:210:323:216:364:219:393:217
A,1032,34.358,-1,0,0,1,X,X,X,X,X,265:186:153:148:294:210:323:215:363:219:393:217
A,1033,34.3901,-1,0,0,1,X,X,X,X,X,264:186:154:147:293:209:323:215:363:218:393:217
A,1034,34.4224,-1,0,0,1,X,X,X,X,X,265:186:153:148:294:210:323:215:364:218:392:217
A,1035,34.4541,-1,0,0,1,X,X,X,X,X,265:186:153:148:294:210:322:215:363:219:392:218
A,1036,34.4859,-1,0,0,1,X,X,X,X,X,265:186:152:147:293:210:322:215:364:219:393:217
A,1037,34.5183,-1,0,0,1,X,X,X,X,X,265:185:152:148:294:209:323:215:363:218:392:217
A,1038,34.5661,-1,0,0,1,X,X,X,X,X,265:186:152:147:293:209:322:215:363:218:392:216
A,1039,34.5983,-1,0,0,1,X,X,X,X,X,264:186:154:148:292:210:322:215:363:219:392:217
A,1040,34.6303,-1,0,0,1,X,X,X,X,X,264:186:153:148:292:210:322:216:362:219:391:217
A,1041,34.6623,-1,0,0,1,X,X,X,X,X,264:186:153:147:292:209:321:215:361:218:391:217
A,1042,34.6942,-1,0,0,1,X,X,X,X,X,264:186:153:147:292:210:321:216:361:219:390:217
A,1043,34.7261,-1,0,0,1,X,X,X,X,X,263:186:154:147:292:210:321:216:361:219:391:217
A,1044,34.7581,-1,0,0,1,X,X,X,X,X,263:186:154:147:292:210:321:216:362:219:391:217
A,1045,34.7902,-1,0,0,1,X,X,X,X,X,264:186:152:148:292:210:321:216:362:219:391:217
A,1046,34.822,-1,0,0,1,X,X,X,X,X,264:187:154:148:292:210:322:216:362:219:392:218
A,1047,34.8541,-1,0,0,1,X,X,X,X,X,264:187:154:148:293:211:322:216:363:220:392:218
A,1048,34.8861,-1,0,0,1,X,X,X,X,X,264:186:153:147:293:210:322:215:363:218:393:217
A,1049,34.9183,-1,0,0,1,X,X,X,X,X,265:185:152:148:294:209:322:214:363:218:392:217
A,1050,34.9658,-1,0,0,1,X,X,X,X,X,265:186:153:148:294:210:322:216:363:219:392:218
A,1051,34.9978,-1,0,0,1,X,X,X,X,X,266:186:152:147:294:210:323:216:364:219:392:217
A,1052,35.0302,-1,0,0,1,X,X,X,X,X,265:185:152:147:294:209:323:215:363:218:393:217
A,1053,35.0619,-1,0,0,1,X,X,X,X,X,266:185:152:148:294:209:323:215:363:218:394:217
A,1054,35.0939,-1,0,0,1,X,X,X,X,X,264:186:154:148:294:210:323:216:364:219:394:218
A,1055,35.1261,-1,0,0,1,X,X,X,X,X,265:185:153:148:294:210:323:216:364:219:393:218
A,1056,35.1581,-1,0,0,1,X,X,X,X,X,265:186:153:147:293:210:323:215:364:219:393:217
A,1057,35.19,-1,0,0,1,X,X,X,X,X,265:186:153:147:294:210:323:216:365:220:393:218
A,1058,35.2221,-1,0,0,1,X,X,X,X,X,265:186:153:147:294:211:323:216:364:220:393:219
A,1059,35.2539,-1,0,0,1,X,X,X,X,X,265:185:153:148:294:211:323:216:363:220:393:219
A,1060,35.2859,-1,0,0,1,X,X,X,X,X,264:186:154:148:293:212:323:217:365:220:394:220
A,1061,35.3182,-1,0,0,1,X,X,X,X,X,265:186:154:148:293:212:323:217:364:221:394:220
A,1062,35.3658,-1,0,0,1,X,X,X,X,X,265:187:153:146:294:212:323:217:364:221:394:220
A,1063,35.3979,-1,0,0,1,X,X,X,X,X,265:186:154:148:293:212:323:217:365:220:394:220
A,1064,35.4302,-1,0,0,1,X,X,X,X,X,264:186:155:149:294:212:323:217:365:220:395:220
A,1065,35.4621,-1,0,0,1,X,X,X,X,X,264:187:155:147:294:213:323:218:364:221:394:221
A,1066,35.4941,-1,0,0,1,X,X,X,X,X,265:187:154:148:293:212:323:218:365:221:395:220
A,1067,35.5262,-1,0,0,1,X,X,X,X,X,265:187:153:147:293:212:322:217:364:221:394:220
A,1068,35.5581,-1,0,0,1,X,X,X,X,X,265:186:153:148:294:211:323:217:364:221:394:220
A,1069,35.5901,-1,0,0,1,X,X,X,X,X,264:186:154:148:293:212:323:217:364:221:394:220
A,1070,35.6222,-1,0,0,1,X,X,X,X,X,265:187:153:148:293:212:323:218:364:221:394:220
A,1071,35.6541,-1,0,0,1,X,X,X,X,X,265:187:154:148:293:212:323:218:364:221:394:220
A,1072,35.6858,-1,0,0,1,X,X,X,X,X,265:186:154:148:293:212:323:217:364:220:394:220
A,1073,35.7182,-1,0,0,1,X,X,X,X,X,265:186:153:148:293:211:322:217:364:220:394:219
A,1074,35.7501,-1,0,0,1,X,X,X,X,X,264:186:155:148:293:211:322:217:363:221:393:219
A,1075,35.7978,-1,0,0,1,X,X,X,X,X,264:186:154:148:292:211:322:217:363:221:393:220
A,1076,35.8298,-1,0,0,1,X,X,X,X,X,264:186:154:148:292:211:322:216:363:220:393:219
A,1077,35.8618,-1,0,0,1,X,X,X,X,X,265:185:153:149:292:211:322:216:364:219:393:219
A,1078,35.8938,-1,0,0,1,X,X,X,X,X,264:186:154:148:292:211:321:216:363:220:392:219
A,1079,35.9263,-1,0,0,1,X,X,X,X,X,264:187:154:148:292:212:322:217:363:221:393:219
A,1080,35.9579,-1,0,0,1,X,X,X,X,X,264:186:154:148:291:211:321:217:363:220:393:219
A,1081,35.9902,-1,0,0,1,X,X,X,X,X,265:185:153:149:292:210:321:216:364:219:393:218
A,1082,36.0222,-1,0,0,1,X,X,X,X,X,265:186:152:148:291:210:321:216:363:220:393:218
A,1083,36.0541,-1,0,0,1,X,X,X,X,X,264:187:154:148:292:211:322:217:363:221:393:219
A,1084,36.0861,-1,0,0,1,X,X,X,X,X,264:187:153:147:292:211:321:217:363:221:392:219
A,1085,36.1181,-1,0,0,1,X,X,X,X,X,264:186:154:148:292:211:321:216:363:220:393:218
A,1086,36.1501,-1,0,0,1,X,X,X,X,X,264:186:154:148:291:211:321:217:362:220:392:219
A,1087,36.1979,-1,0,0,1,X,X,X,X,X,263:187:155:147:291:211:321:217:362:220:392:219
A,1088,36.2299,-1,0,0,1,X,X,X,X,X,264:187:154:147:293:212:321:217:363:221:392:219
A,1089,36.262,-1,0,0,1,X,X,X,X,X,265:186:153:149:293:212:322:217:363:221:392:219
A,1090,36.2942,-1,0,0,1,X,X,X,X,X,264:186:154:148:292:211:321:217:363:221:392:219
A,1091,36.3262,-1,0,0,1,X,X,X,X,X,264:186:154:148:293:212:322:218:363:221:392:219
A,1092,36.358,-1,0,0,1,X,X,X,X,X,264:187:153:147:293:212:322:218:363:221:391:219
A,1093,36.39,-1,0,0,1,X,X,X,X,X,264:187:153:147:292:212:321:217:362:221:392:219
A,1094,36.4221,-1,0,0,1,X,X,X,X,X,264:187:154:148:292:212:322:217:363:221:392:220
A,1095,36.4539,-1,0,0,1,X,X,X,X,X,263:187:154:147:292:212:322:217:363:221:392:220
A,1096,36.4859,-1,0,0,1,X,X,X,X,X,263:187:155:147:292:212:322:218:363:221:393:220
A,1097,36.5181,9,1,0,1,X,X,X,C,X,263:187:156:147:291:213:321:217:364:221:394:221
A,1098,36.55,9,1,1,1,X,C,X,C,X,263:187:155:147:292:214:322:219:363:223:393:223
A,1099,36.598,9,1,1,1,X,C,X,C,X,263:187:155:148:291:214:322:218:363:222:395:222
A,1100,36.6303,9,1,0,1,X,X,X,X,X,264:186:154:148:291:214:321:218:364:222:394:222
A,1101,36.662,9,1,0,1,X,X,X,X,X,264:187:154:147:291:213:321:218:364:222:394:222
A,1102,36.6941,9,1,0,1,X,X,X,X,X,263:186:155:149:292:213:322:218:364:222:394:222
A,1103,36.7261,-1,0,0,1,X,X,X,X,X,263:187:155:147:292:213:322:218:363:222:393:221
A,1104,36.7579,-1,0,0,1,X,X,X,X,X,263:187:155:147:292:213:322:218:364:222:394:221
A,1105,36.7901,-1,0,0,1,X,X,X,X,X,264:187:154:147:292:213:322:218:363:222:394:221
A,1106,36.8219,-1,0,0,1,X,X,X,X,X,264:186:154:148:292:213:322:218:363:221:393:221
A,1107,36.8539,-1,0,0,1,X,X,X,X,X,263:187:155:147:292:213:322:218:363:221:394:221
A,1108,36.8861,-1,0,0,1,X,X,X,X,X,263:187:155:147:292:213:322:218:364:222:393:221
A,1109,36.9179,-1,0,0,1,X,X,X,X,X,263:187:155:147:292:212:322:218:364:221:394:221
A,1110,36.9499,-1,0,0,1,X,X,X,X,X,264:187:154:147:292:213:322:218:364:221:394:221
A,1111,36.9821,-1,0,0,1,X,X,X,X,X,263:187:155:147:292:212:322:218:364:221:394:221
A,1112,37.03,-1,0,0,1,X,X,X,X,X,263:187:155:147:293:213:322:218:364:221:393:221
A,1113,37.0623,-1,0,0,1,X,X,X,X,X,263:187:155:147:292:213:322:218:364:221:393:221
A,1114,37.094,-1,0,0,1,X,X,X,X,X,264:186:154:148:292:212:322:218:364:221:394:221
A,1115,37.1262,-1,0,0,1,X,X,X,X,X,264:187:154:147:292:212:322:218:364:221:394:221
A,1116,37.1579,-1,0,0,1,X,X,X,X,X,263:187:155:147:292:213:322:218:363:222:393:221
A,1117,37.1901,-1,0,0,1,X,X,X,X,X,264:187:154:147:292:213:322:218:363:221:393:221
A,1118,37.2221,-1,0,0,1,X,X,X,X,X,264:187:154:147:292:213:322:218:364:221:394:221
A,1119,37.2538,-1,0,0,1,X,X,X,X,X,263:187:155:147:291:213:321:218:364:221:394:221
A,1120,37.2858,-1,0,0,1,X,X,X,X,X,263:187:155:147:292:213:321:218:363:222:393:221
A,1121,37.3182,-1,0,0,1,X,X,X,X,X,263:187:156:147:293:213:322:218:363:221:392:220
A,1122,37.35,-1,0,0,1,X,X,X,X,X,263:188:155:146:292:212:321:218:363:221:392:219
A,1123,37.3822,-1,0,0,1,X,X,X,X,X,264:187:154:147:292:212:321:218:363:221:393:219
A,1124,37.4301,-1,0,0,1,X,X,X,X,X,264:187:154:147:292:212:321:218:363:221:392:220
A,1125,37.4622,-1,0,0,1,X,X,X,X,X,264:188:154:145:292:212:321:217:363:221:392:220
A,1126,37.4942,-1,0,0,1,X,X,X,X,X,263:187:155:147:292:212:321:218:363:221:392:220
A,1127,37.5262,-1,0,0,1,X,X,X,X,X,263:188:155:146:292:212:321:217:363:221:393:219
A,1128,37.5578,-1,0,0,1,X,X,X,X,X,263:187:156:147:292:212:321:217:363:221:393:220
A,1129,37.59,-1,0,0,1,X,X,X,X,X,264:188:154:146:292:212:321:218:363:221:393:220
A,1130,37.6221,-1,0,0,1,X,X,X,X,X,264:188:154:146:292:212:321:218:363:221:392:220
A,1131,37.6541,-1,0,0,1,X,X,X,X,X,264:187:154:147:292:212:321:218:363:221:392:219
A,1132,37.6858,-1,0,0,1,X,X,X,X,X,263:188:156:146:292:212:321:218:363:221:392:220
A,1133,37.7181,-1,0,0,1,X,X,X,X,X,263:187:155:147:292:212:321:217:363:221:393:219
A,1134,37.7498,-1,0,0,1,X,X,X,X,X,263:187:155:147:291:212:321:217:363:221:392:220
A,1135,37.7821,-1,0,0,1,X,X,X,X,X,263:187:154:146:291:212:321:217:363:221:393:219
A,1136,37.83,-1,0,0,1,X,X,X,X,X,264:187:153:147:292:212:321:217:363:221:391:219
A,1137,37.8618,-1,0,0,1,X,X,X,X,X,263:187:155:147:291:212:321:217:362:220:392:219
A,1138,37.8943,-1,0,0,1,X,X,X,X,X,263:187:155:146:292:212:321:218:362:220:392:219
A,1139,37.9261,-1,0,0,1,X,X,X,X,X,264:187:153:146:292:211:321:217:362:220:391:219
A,1140,37.9588,-1,0,0,1,X,X,X,X,X,264:187:153:146:292:211:321:217:362:220:391:219
A,1141,37.9898,-1,0,0,1,X,X,X,X,X,263:187:154:146:292:211:321:217:362:220:391:219
A,1142,38.0221,-1,0,0,1,X,X,X,X,X,263:187:154:147:292:212:321:217:362:220:392:219
A,1143,38.054,-1,0,0,1,X,X,X,X,X,263:187:153:146:292:211:321:217:362:220:392:219
A,1144,38.0858,-1,0,0,1,X,X,X,X,X,262:187:155:147:291:211:321:217:362:220:392:219
A,1145,38.1184,-1,0,0,1,X,X,X,X,X,263:187:153:147:292:212:321:217:362:220:391:219
A,1146,38.1498,-1,0,0,1,X,X,X,X,X,262:187:155:147:292:212:321:217:362:220:391:219
A,1147,38.182,-1,0,0,1,X,X,X,X,X,262:187:155:147:291:212:320:217:362:220:391:219
A,1148,38.214,-1,0,0,1,X,X,X,X,X,264:187:152:147:291:212:321:217:362:220:391:219
A,1149,38.2617,-1,0,0,1,X,X,X,X,X,263:187:155:147:291:212:321:217:362:220:392:219
A,1150,38.2945,-1,0,0,1,X,X,X,X,X,264:187:153:147:292:212:321:217:362:221:392:219
A,1151,38.3258,-1,0,0,1,X,X,X,X,X,263:187:154:147:291:212:321:217:362:221:392:219
A,1152,38.3578,-1,0,0,1,X,X,X,X,X,263:187:154:147:292:212:321:218:363:221:392:219
A,1153,38.3902,-1,0,0,1,X,X,X,X,X,263:187:154:147:292:212:321:218:363:221:392:219
A,1154,38.4222,-1,0,0,1,X,X,X,X,X,264:187:154:147:292:212:321:218:363:221:393:220
A,1155,38.4538,-1,0,0,1,X,X,X,X,X,264:187:154:148:292:212:322:218:363:221:393:220
A,1156,38.4857,-1,0,0,1,X,X,X,X,X,264:187:154:147:292:212:322:218:363:221:393:220
A,1157,38.5182,-1,0,0,1,X,X,X,X,X,264:188:154:146:292:212:322:218:363:221:393:220
A,1158,38.5497,-1,0,0,1,X,X,X,X,X,263:188:155:147:292:212:322:218:364:222:393:221
A,1159,38.5818,-1,0,0,1,X,X,X,X,X,264:188:155:147:293:212:322:218:364:222:393:221
A,1160,38.6138,-1,0,0,1,X,X,X,X,X,263:188:156:146:292:213:322:218:364:222:394:220
A,1161,38.662,-1,0,0,1,X,X,X,X,X,264:188:155:147:293:213:322:218:364:222:393:220
A,1162,38.694,-1,0,0,1,X,X,X,X,X,265:187:154:148:293:213:323:218:364:222:394:220
A,1163,38.726,-1,0,0,1,X,X,X,X,X,264:188:154:147:293:213:322:218:364:222:394:220
A,1164,38.7585,-1,0,0,1,X,X,X,X,X,264:188:154:147:293:213:322:218:364:222:393:221
A,1165,38.79,-1,0,0,1,X,X,X,X,X,264:188:155:146:292:214:322:218:365:222:394:222
A,1166,38.822,-1,0,0,1,X,X,X,X,X,265:188:153:147:293:215:323:219:365:223:395:223
A,1167,38.8538,-1,0,0,1,X,X,X,X,X,264:188:155:148:292:214:323:218:365:222:395:222
A,1168,38.8858,-1,0,0,1,X,X,X,X,X,264:188:155:147:293:214:323:219:365:222:396:222
A,1169,38.9184,-1,0,0,1,X,X,X,X,X,264:188:155:147:293:214:323:219:365:222:395:222
A,1170,38.9498,-1,0,0,1,X,X,X,X,X,264:188:155:148:293:214:323:219:365:222:395:222
A,1171,38.982,-1,0,0,1,X,X,X,X,X,264:188:155:148:293:214:323:219:365:223:395:223
A,1172,39.0137,-1,0,0,1,X,X,X,X,X,264:188:155:148:293:214:323:219:365:222:395:222
A,1173,39.0457,-1,0,0,1,X,X,X,X,X,264:188:155:148:293:214:323:219:365:223:394:222
A,1174,39.0939,-1,0,0,1,X,X,X,X,X,264:188:155:149:293:214:323:219:365:223:395:222
A,1175,39.126,-1,0,0,1,X,X,X,X,X,264:189:154:148:293:214:322:219:364:223:393:222
A,1176,39.1582,-1,0,0,1,X,X,X,X,X,264:188:155:148:292:214:322:218:364:222:394:222
A,1177,39.1897,-1,0,0,1,X,X,X,X,X,264:188:154:149:293:214:323:219:365:222:395:222
A,1178,39.2218,-1,0,0,1,X,X,X,X,X,264:188:154:150:293:214:322:219:365:222:394:222
A,1179,39.2537,-1,0,0,1,X,X,X,X,X,264:187:154:151:293:214:322:219:365:223:394:222
A,1180,39.2857,-1,0,0,1,X,X,X,X,X,264:187:155:151:292:214:322:219:365:223:395:222
A,1181,39.3184,-1,0,0,1,X,X,X,X,X,264:187:154:151:293:214:322:219:365:222:394:221
A,1182,39.3497,-1,0,0,1,X,X,X,X,X,264:188:154:148:293:214:322:219:364:223:393:222
A,1183,39.3817,-1,0,0,1,X,X,X,X,X,264:188:154:149:292:214:322:219:364:223:394:222
A,1184,39.4139,-1,0,0,1,X,X,X,X,X,265:188:153:148:292:214:322:219:364:222:394:221
A,1185,39.4457,-1,0,0,1,X,X,X,X,X,264:188:153:148:293:214:322:219:364:223:393:222
A,1186,39.4937,-1,0,0,1,X,X,X,X,X,264:188:154:148:293:214:322:219:364:223:393:222
A,1187,39.5261,-1,0,0,1,X,X,X,X,X,264:188:152:148:293:214:322:219:364:223:393:222
A,1188,39.5581,-1,0,0,1,X,X,X,X,X,265:188:153:148:292:214:321:219:364:223:393:222
A,1189,39.5897,-1,0,0,1,X,X,X,X,X,264:188:154:148:293:214:321:219:364:222:393:222
A,1190,39.622,-1,0,0,1,X,X,X,X,X,264:188:154:148:293:214:322:219:364:222:393:222
A,1191,39.6538,-1,0,0,1,X,X,X,X,X,263:188:155:148:293:214:321:219:364:222:393:222
A,1192,39.6859,-1,0,0,1,X,X,X,X,X,264:188:153:148:293:214:322:219:364:223:393:222
A,1193,39.7184,-1,0,0,1,X,X,X,X,X,264:188:156:148:293:214:322:219:363:222:393:221
A,1194,39.7497,-1,0,0,1,X,X,X,X,X,264:188:152:149:292:213:321:219:363:222:393:221
A,1195,39.7819,-1,0,0,1,X,X,X,X,X,264:188:153:149:292:214:321:219:363:222:392:221
A,1196,39.814,-1,0,0,1,X,X,X,X,X,264:188:153:149:293:213:321:219:363:222:392:221
A,1197,39.8459,-1,0,0,1,X,X,X,X,X,264:188:153:149:292:214:321:219:363:222:392:221
A,1198,39.8939,-1,0,0,1,X,X,X,X,X,262:188:156:147:291:214:321:219:364:223:393:222
A,1199,39.926,-1,0,0,1,X,X,X,X,X,264:188:153:148:292:214:321:219:363:222:393:221
A,1200,39.958,-1,0,0,1,X,X,X,X,X,264:187:154:150:292:214:321:219:363:222:392:221
A,1201,39.9899,-1,0,0,1,X,X,X,X,X,264:188:154:149:292:214:321:219:364:223:393:221
A,1202,40.0221,-1,0,0,1,X,X,X,X,X,264:187:154:149:292:213:321:219:364:222:393:221
A,1203,40.0537,-1,0,0,1,X,X,X,X,X,263:188:155:149:292:214:321:219:363:222:392:221
A,1204,40.0857,-1,0,0,1,X,X,X,X,X,263:187:155:149:292:214:321:219:363:222:393:221
A,1205,40.1182,-1,0,0,1,X,X,X,X,X,264:187:154:150:292:214:321:219:364:222:393:221
A,1206,40.1499,-1,0,0,1,X,X,X,X,X,264:188:154:149:292:213:321:219:364:222:392:221
A,1207,40.1819,-1,0,0,1,X,X,X,X,X,263:188:155:148:291:213:321:218:363:222:393:221
A,1208,40.214,-1,0,0,1,X,X,X,X,X,265:187:153:148:292:213:321:218:364:222:393:221
A,1209,40.2459,-1,0,0,1,X,X,X,X,X,264:187:155:148:292:213:322:218:363:221:393:220
A,1210,40.2782,-1,0,0,1,X,X,X,X,X,264:188:154:147:292:213:321:219:363:222:392:220
A,1211,40.3259,-1,0,0,1,X,X,X,X,X,263:187:154:149:292:213:321:218:364:222:393:220
A,1212,40.3583,-1,0,0,1,X,X,X,X,X,263:188:155:148:292:213:321:219:364:222:393:221
A,1213,40.39,-1,0,0,1,X,X,X,X,X,263:187:155:148:292:213:321:219:364:222:393:221
A,1214,40.4221,-1,0,0,1,X,X,X,X,X,263:187:155:148:292:213:321:219:363:222:393:221
A,1215,40.4537,-1,0,0,1,X,X,X,X,X,263:188:155:147:292:213:321:219:364:222:393:221
A,1216,40.4857,-1,0,0,1,X,X,X,X,X,264:188:154:147:292:213:321:219:364:222:393:221
A,1217,40.5182,-1,0,0,1,X,X,X,X,X,264:188:154:146:292:214:321:219:364:222:393:221
A,1218,40.5497,-1,0,0,1,X,X,X,X,X,263:188:156:147:292:213:321:219:364:222:393:221
A,1219,40.5817,-1,0,0,1,X,X,X,X,X,263:188:155:147:292:213:321:219:364:223:393:221
A,1220,40.614,-1,0,0,1,X,X,X,X,X,264:188:153:146:292:214:321:219:363:222:392:221
A,1221,40.6459,-1,0,0,1,X,X,X,X,X,263:188:155:147:292:214:322:219:364:222:393:221
A,1222,40.6781,-1,0,0,1,X,X,X,X,X,265:188:153:146:292:214:321:219:363:222:392:221
A,1223,40.7259,-1,0,0,1,X,X,X,X,X,265:188:153:146:292:214:322:219:364:222:392:221
A,1224,40.7579,-1,0,0,1,X,X,X,X,X,264:188:153:146:291:214:321:219:363:222:393:221
A,1225,40.7896,-1,0,0,1,X,X,X,X,X,264:188:153:146:292:214:321:219:364:222:392:221
A,1226,40.8218,-1,0,0,1,X,X,X,X,X,264:188:153:145:291:214:321:219:363:222:392:221
A,1227,40.8537,-1,0,0,1,X,X,X,X,X,264:187:154:147:292:214:321:219:364:222:392:221
A,1228,40.8859,-1,0,0,1,X,X,X,X,X,264:188:153:146:291:214:321:218:364:222:392:221
A,1229,40.9183,-1,0,0,1,X,X,X,X,X,264:187:154:146:292:213:321:219:364:222:392:221
A,1230,40.9497,-1,0,0,1,X,X,X,X,X,264:188:153:146:292:214:321:219:363:222:392:221
A,1231,40.9817,-1,0,0,1,X,X,X,X,X,264:187:154:147:292:214:321:219:364:222:393:221
A,1232,41.014,-1,0,0,1,X,X,X,X,X,264:188:154:146:291:213:321:218:363:222:392:221
A,1233,41.0456,-1,0,0,1,X,X,X,X,X,264:187:153:147:291:212:321:218:363:222:392:220
A,1234,41.0781,-1,0,0,1,X,X,X,X,X,263:188:154:146:291:213:321:218:363:222:392:220
A,1235,41.1256,-1,0,0,1,X,X,X,X,X,263:187:155:147:291:212:321:218:363:221:391:220
A,1236,41.1578,-1,0,0,1,X,X,X,X,X,263:187:155:147:292:213:321:218:363:221:392:220
A,1237,41.1897,-1,0,0,1,X,X,X,X,X,263:188:155:146:291:212:321:218:362:221:392:220
A,1238,41.2219,-1,0,0,1,X,X,X,X,X,263:187:154:147:291:212:321:218:362:222:392:220
A,1239,41.2538,-1,0,0,1,X,X,X,X,X,263:187:153:147:291:212:321:218:362:221:391:220
A,1240,41.2859,-1,0,0,1,X,X,X,X,X,263:187:154:148:291:212:321:218:362:221:391:219
A,1241,41.3181,-1,0,0,1,X,X,X,X,X,263:187:154:147:291:212:321:218:362:221:391:219
A,1242,41.3498,-1,0,0,1,X,X,X,X,X,263:188:154:147:291:212:321:218:362:221:392:219
A,1243,41.3817,-1,0,0,1,X,X,X,X,X,263:187:153:148:291:212:321:218:362:221:391:220
A,1244,41.414,-1,0,0,1,X,X,X,X,X,264:187:152:148:291:212:321:218:363:221:391:219
A,1245,41.4457,-1,0,0,1,X,X,X,X,X,263:187:153:148:291:212:321:218:362:221:391:220
A,1246,41.4777,-1,0,0,1,X,X,X,X,X,263:187:154:148:291:212:321:218:362:221:392:219
A,1247,41.5098,-1,0,0,1,X,X,X,X,X,263:187:154:148:291:212:321:218:362:221:392:219
A,1248,41.5578,-1,0,0,1,X,X,X,X,X,263:188:154:147:291:213:321:218:363:221:392:219
A,1249,41.5897,-1,0,0,1,X,X,X,X,X,264:187:152:148:291:213:321:218:363:221:392:220
A,1250,41.622,-1,0,0,1,X,X,X,X,X,264:188:153:146:291:212:321:218:363:221:392:220
A,1251,41.6538,-1,0,0,1,X,X,X,X,X,264:188:152:146:291:212:321:218:363:222:392:219
A,1252,41.6858,-1,0,0,1,X,X,X,X,X,264:187:153:147:292:212:321:218:363:221:392:220
A,1253,41.7179,-1,0,0,1,X,X,X,X,X,264:187:153:148:292:212:322:218:363:221:393:220
A,1254,41.7499,-1,0,0,1,X,X,X,X,X,264:187:153:147:292:212:322:217:363:221:392:220
A,1255,41.7816,-1,0,0,1,X,X,X,X,X,263:188:153:147:292:212:322:218:363:221:392:219
A,1256,41.8138,-1,0,0,1,X,X,X,X,X,263:187:155:147:292:212:322:218:363:221:393:220
A,1257,41.8459,-1,0,0,1,X,X,X,X,X,263:187:154:147:292:212:321:218:363:221:393:220
A,1258,41.8779,-1,0,0,1,X,X,X,X,X,263:187:154:147:292:212:322:218:363:221:393:220
A,1259,41.9099,-1,0,0,1,X,X,X,X,X,264:187:153:147:292:212:322:218:363:221:393:220
A,1260,41.9578,-1,0,0,1,X,X,X,X,X,264:187:153:147:293:212:322:218:363:221:392:220
A,1261,41.9898,-1,0,0,1,X,X,X,X,X,264:187:153:147:292:212:322:218:363:221:392:220
A,1262,42.0218,-1,0,0,1,X,X,X,X,X,264:187:153:147:293:212:322:218:363:221:393:220
A,1263,42.0539,-1,0,0,1,X,X,X,X,X,264:187:154:147:292:212:322:218:363:221:392:220
A,1264,42.0858,-1,0,0,1,X,X,X,X,X,265:187:153:147:293:212:322:217:364:221:393:220
A,1265,42.1178,-1,0,0,1,X,X,X,X,X,265:187:152:146:292:212:322:218:364:221:393:220
A,1266,42.1498,-1,0,0,1,X,X,X,X,X,265:187:152:147:293:212:322:217:364:221:392:220
A,1267,42.1818,-1,0,0,1,X,X,X,X,X,264:187:154:147:292:212:322:218:364:222:393:220
A,1268,42.2136,10,1,0,1,X,X,X,X,X,265:187:152:147:294:212:322:218:364:222:392:221
A,1269,42.2459,10,1,1,1,X,C,X,C,X,264:187:153:147:292:214:322:218:364:222:394:222
A,1270,42.2776,10,1,1,1,X,C,X,C,X,265:188:153:146:292:214:323:219:364:223:396:222
A,1271,42.3096,10,1,1,1,X,C,X,C,X,264:187:154:147:293:214:322:219:365:222:394:223
A,1272,42.3576,10,1,0,1,X,X,X,X,X,263:187:155:147:292:213:322:218:365:222:394:222
A,1273,42.3898,10,1,0,1,X,X,X,X,X,264:187:154:147:293:213:322:218:365:222:394:221
A,1274,42.4218,10,1,0,1,X,X,X,X,X,264:187:154:147:293:212:323:218:365:222:394:221
A,1275,42.454,10,1,0,1,X,X,X,X,X,264:187:154:147:293:213:322:218:364:222:394:221
A,1276,42.4858,-1,0,0,1,X,X,X,X,X,264:187:155:147:293:212:323:218:365:222:394:221
A,1277,42.5178,-1,0,0,1,X,X,X,X,X,265:187:154:148:293:212:323:218:364:222:394:221
A,1278,42.5499,-1,0,0,1,X,X,X,X,X,264:187:155:148:293:212:323:218:364:221:394:220
A,1279,42.5817,-1,0,0,1,X,X,X,X,X,263:187:156:148:293:212:323:218:364:221:394:221
A,1280,42.6138,-1,0,0,1,X,X,X,X,X,264:186:155:149:293:212:322:217:364:221:394:220
A,1281,42.6458,-1,0,0,1,X,X,X,X,X,263:186:156:148:294:212:323:217:365:221:394:220
A,1282,42.6778,-1,0,0,1,X,X,X,X,X,264:186:155:148:295:212:323:216:365:220:393:220
A,1283,42.7096,-1,0,0,1,X,X,X,X,X,264:186:153:146:294:211:323:216:365:220:395:220
A,1284,42.7418,-1,0,0,1,X,X,X,X,X,264:186:153:146:295:211:324:216:365:220:394:219
A,1285,42.7898,-1,0,0,1,X,X,X,X,X,264:185:154:147:295:211:324:215:365:219:395:219
A,1286,42.8218,-1,0,0,1,X,X,X,X,X,264:185:155:147:294:211:324:215:366:219:395:218
A,1287,42.854,-1,0,0,1,X,X,X,X,X,265:185:153:148:295:211:324:215:366:219:395:218
A,1288,42.8856,-1,0,0,1,X,X,X,X,X,265:184:153:149:294:210:323:215:365:218:395:218
A,1289,42.9178,-1,0,0,1,X,X,X,X,X,265:184:153:149:295:210:324:214:365:218:394:217
A,1290,42.9497,-1,0,0,1,X,X,X,X,X,265:183:154:151:295:208:324:214:365:217:394:216
A,1291,42.9819,-1,0,0,1,X,X,X,X,X,265:183:153:150:295:208:324:213:365:217:394:216
A,1292,43.0138,-1,0,0,1,X,X,X,X,X,265:183:154:149:295:208:324:213:365:216:394:215
A,1293,43.0457,-1,0,0,1,X,X,X,X,X,264:182:154:149:295:208:324:212:365:216:394:214
A,1294,43.0776,-1,0,0,1,X,X,X,X,X,264:182:155:149:294:208:324:213:365:216:394:215
A,1295,43.1099,-1,0,0,1,X,X,X,X,X,264:183:154:148:295:208:324:213:365:216:394:215
A,1296,43.1418,-1,0,0,1,X,X,X,X,X,264:183:154:148:294:208:324:213:365:216:394:215
A,1297,43.1896,-1,0,0,1,X,X,X,X,X,264:183:154:148:294:208:323:213:365:216:394:215
A,1298,43.2216,-1,0,0,1,X,X,X,X,X,264:183:155:149:294:208:323:213:365:217:394:215
A,1299,43.254,-1,0,0,1,X,X,X,X,X,265:183:153:148:294:208:323:213:364:217:393:215
A,1300,43.2856,-1,0,0,1,X,X,X,X,X,265:183:153:148:295:208:323:214:364:217:393:216
A,1301,43.3177,-1,0,0,1,X,X,X,X,X,264:183:154:148:294:208:323:214:364:217:394:215
A,1302,43.3499,-1,0,0,1,X,X,X,X,X,264:183:155:148:294:208:323:214:364:217:394:216
A,1303,43.3819,-1,0,0,1,X,X,X,X,X,264:184:154:147:294:209:323:214:364:217:393:216
A,1304,43.4138,-1,0,0,1,X,X,X,X,X,263:184:156:147:293:208:323:214:364:217:394:216
A,1305,43.4459,-1,0,0,1,X,X,X,X,X,264:184:154:147:293:209:323:214:364:217:393:216
A,1306,43.4777,-1,0,0,1,X,X,X,X,X,265:184:153:147:294:209:323:215:364:218:393:216
A,1307,43.5098,-1,0,0,1,X,X,X,X,X,263:184:155:147:293:209:323:215:364:218:393:216
A,1308,43.5419,-1,0,0,1,X,X,X,X,X,264:184:154:147:293:209:323:214:363:218:393:215
A,1309,43.5897,-1,0,0,1,X,X,X,X,X,263:184:154:147:293:209:323:214:364:218:393:216
A,1310,43.6215,-1,0,0,1,X,X,X,X,X,263:184:155:147:293:209:322:214:363:218:393:216
A,1311,43.6541,-1,0,0,1,X,X,X,X,X,265:184:153:146:294:209:323:215:363:218:393:215
A,1312,43.6856,-1,0,0,1,X,X,X,X,X,263:185:156:146:293:209:322:215:363:218:393:215
A,1313,43.7177,-1,0,0,1,X,X,X,X,X,263:184:155:147:293:209:323:215:364:218:393:215
A,1314,43.7499,-1,0,0,1,X,X,X,X,X,264:184:154:147:294:209:323:214:364:217:393:215
A,1315,43.7818,-1,0,0,1,X,X,X,X,X,263:185:156:145:294:209:323:214:364:218:393:215
A,1316,43.8138,-1,0,0,1,X,X,X,X,X,264:185:154:145:294:209:322:215:364:218:393:216
A,1317,43.8459,-1,0,0,1,X,X,X,X,X,264:184:155:147:294:208:323:214:364:218:393:215
A,1318,43.8777,-1,0,0,1,X,X,X,X,X,264:185:154:146:293:208:323:214:364:217:393:215
A,1319,43.9097,-1,0,0,1,X,X,X,X,X,263:185:155:146:293:209:322:215:364:218:393:215
A,1320,43.9418,-1,0,0,1,X,X,X,X,X,265:185:153:145:294:210:323:215:364:218:393:216
A,1321,43.9738,-1,0,0,1,X,X,X,X,X,263:185:155:146:293:210:323:215:364:218:394:217
A,1322,44.0215,-1,0,0,1,X,X,X,X,X,263:185:155:147:293:210:323:216:364:219:394:217
A,1323,44.054,-1,0,0,1,X,X,X,X,X,263:185:155:146:293:210:323:215:364:219:394:217
A,1324,44.0856,-1,0,0,1,X,X,X,X,X,264:185:154:146:294:211:322:215:364:219:393:218
A,1325,44.1176,-1,0,0,1,X,X,X,X,X,263:185:156:146:293:211:323:216:364:219:394:218
A,1326,44.15,-1,0,0,1,X,X,X,X,X,263:185:154:147:293:211:323:216:364:219:393:218
A,1327,44.1816,11,1,0,1,X,X,X,X,X,265:185:153:147:293:211:323:216:364:219:393:218
A,1328,44.2146,11,1,0,1,X,X,X,C,X,264:185:155:147:292:212:323:216:364:220:395:219
A,1329,44.2457,11,1,1,1,X,C,X,C,X,264:184:154:147:292:213:323:217:363:221:394:221
A,1330,44.2779,11,1,1,1,X,C,X,C,X,265:185:153:147:293:215:323:217:363:221:394:221
A,1331,44.3099,11,1,1,1,X,C,X,C,X,265:185:153:147:293:213:323:217:364:220:395:221
A,1332,44.3416,11,1,0,1,X,X,X,X,X,265:186:153:146:293:213:323:216:365:220:395:220
A,1333,44.3738,11,1,0,1,X,X,X,X,X,264:186:154:146:293:212:323:216:366:220:396:220
A,1334,44.4217,11,1,0,1,X,X,X,X,X,265:186:153:146:293:212:323:216:365:220:396:220
A,1335,44.4542,11,1,0,1,X,X,X,X,X,266:186:152:146:293:212:323:216:366:220:396:220
A,1336,44.4856,-1,0,0,1,X,X,X,X,X,265:187:153:145:293:212:323:216:365:220:396:219
A,1337,44.5175,-1,0,0,1,X,X,X,X,X,265:186:154:146:294:212:323:216:365:220:395:220
A,1338,44.5498,-1,0,0,1,X,X,X,X,X,265:187:153:145:293:212:323:217:365:220:396:220
A,1339,44.5818,-1,0,0,1,X,X,X,X,X,264:186:154:146:293:212:323:216:365:220:395:220
A,1340,44.6141,-1,0,0,1,X,X,X,X,X,265:187:153:145:294:212:323:216:366:220:396:220
A,1341,44.6459,-1,0,0,1,X,X,X,X,X,265:187:153:145:293:212:323:216:365:220:396:220
A,1342,44.6779,-1,0,0,1,X,X,X,X,X,266:186:152:146:293:213:323:216:366:220:397:220
A,1343,44.7096,-1,0,0,1,X,X,X,X,X,265:187:153:145:293:212:323:216:366:220:396:220
A,1344,44.7418,-1,0,0,1,X,X,X,X,X,264:187:155:144:293:213:323:217:366:220:395:220
A,1345,44.774,-1,0,0,1,X,X,X,X,X,265:187:153:145:293:213:323:217:366:220:396:220
A,1346,44.8059,-1,0,0,1,X,X,X,X,X,264:187:154:145:293:213:323:217:365:221:396:220
A,1347,44.8536,-1,0,0,1,X,X,X,X,X,265:187:152:145:293:213:323:217:366:221:396:220
A,1348,44.8855,-1,0,0,1,X,X,X,X,X,264:187:154:145:293:213:323:217:365:221:396:220
A,1349,44.9176,-1,0,0,1,X,X,X,X,X,265:187:153:144:292:213:323:217:365:221:396:220
A,1350,44.9496,-1,0,0,1,X,X,X,X,X,264:187:154:144:293:213:323:217:366:220:396:220
A,1351,44.9817,-1,0,0,1,X,X,X,X,X,264:187:155:144:293:212:323:217:365:220:394:220
A,1352,45.014,-1,0,0,1,X,X,X,X,X,264:187:155:143:294:213:323:217:366:220:396:220
A,1353,45.0458,-1,0,0,1,X,X,X,X,X,264:187:155:142:293:212:323:216:366:220:397:219
A,1354,45.0779,-1,0,0,1,X,X,X,X,X,265:187:154:142:294:213:323:216:366:220:396:219
A,1355,45.1098,-1,0,0,1,X,X,X,X,X,264:187:155:142:294:213:323:216:366:220:395:219
A,1356,45.1418,-1,0,0,1,X,X,X,X,X,265:187:154:142:294:213:324:216:366:220:397:219
A,1357,45.174,-1,0,0,1,X,X,X,X,X,265:184:156:144:293:212:323:216:366:219:397:218
A,1358,45.2056,-1,0,0,1,X,X,X,X,X,265:184:155:144:293:211:323:216:366:219:396:218
A,1359,45.2535,-1,0,0,1,X,X,X,X,X,265:185:155:144:294:211:324:215:366:219:397:217
A,1360,45.2855,-1,0,0,1,X,X,X,X,X,265:185:155:143:293:211:324:215:367:218:397:217
A,1361,45.3178,-1,0,0,1,X,X,X,X,X,265:183:155:145:294:210:323:214:366:218:396:217
A,1362,45.3496,-1,0,0,1,X,X,X,X,X,266:183:153:145:294:210:324:215:366:218:396:216
A,1363,45.3815,-1,0,0,1,X,X,X,X,X,265:183:155:145:294:210:324:214:367:218:397:217
A,1364,45.4141,-1,0,0,1,X,X,X,X,X,265:183:155:145:294:210:324:214:367:218:397:217
A,1365,45.4459,-1,0,0,1,X,X,X,X,X,265:184:155:145:294:211:325:215:366:218:398:217
A,1366,45.4775,-1,0,0,1,X,X,X,X,X,266:184:153:144:294:211:324:215:367:218:398:217
A,1367,45.5098,-1,0,0,1,X,X,X,X,X,265:185:155:143:294:211:324:216:367:219:397:218
A,1368,45.5418,-1,0,0,1,X,X,X,X,X,265:186:155:142:294:212:325:216:367:219:398:218
A,1369,45.5739,-1,0,0,1,X,X,X,X,X,265:185:156:144:295:212:324:216:368:220:397:219
A,1370,45.6055,-1,0,0,1,X,X,X,X,X,265:186:156:144:295:212:324:216:368:220:397:218
A,1371,45.6535,-1,0,0,1,X,X,X,X,X,265:186:155:143:295:212:324:216:368:220:397:219
A,1372,45.6855,-1,0,0,1,X,X,X,X,X,265:187:154:141:295:212:324:216:367:220:397:218
A,1373,45.7175,-1,0,0,1,X,X,X,X,X,266:186:154:142:295:211:324:215:366:219:397:218
A,1374,45.7498,-1,0,0,1,X,X,X,X,X,266:186:153:141:294:211:324:215:367:218:397:217
A,1375,45.7817,-1,0,0,1,X,X,X,X,X,266:185:153:142:295:211:324:214:367:218:396:217
A,1376,45.8141,-1,0,0,1,X,X,X,X,X,266:185:154:141:295:210:325:214:367:218:397:216
A,1377,45.8459,-1,0,0,1,X,X,X,X,X,265:184:155:142:295:210:325:215:367:218:397:216
A,1378,45.8775,-1,0,0,1,X,X,X,X,X,265:186:155:141:295:210:325:214:368:218:397:216
A,1379,45.9095,-1,0,0,1,X,X,X,X,X,265:185:154:142:294:210:324:215:367:218:397:217
A,1380,45.9418,-1,0,0,1,X,X,X,X,X,265:187:155:140:295:211:325:215:368:219:398:218
A,1381,45.9739,-1,0,0,1,X,X,X,X,X,265:188:154:140:295:212:325:216:367:220:398:218
A,1382,46.0057,-1,0,0,1,X,X,X,X,X,265:187:155:142:295:212:325:217:368:220:398:219
A,1383,46.0379,-1,0,0,1,X,X,X,X,X,264:187:156:141:294:213:324:217:367:221:398:219
A,1384,46.0855,-1,0,0,1,X,X,X,X,X,266:188:153:140:295:213:324:217:368:221:398:220
A,1385,46.1176,-1,0,0,1,X,X,X,X,X,265:188:157:141:294:213:325:217:367:221:397:220
A,1386,46.1498,-1,0,0,1,X,X,X,X,X,265:189:155:139:294:213:324:217:368:221:399:219
A,1387,46.1817,-1,0,0,1,X,X,X,X,X,265:189:155:139:294:213:324:217:368:220:398:218
A,1388,46.2139,-1,0,0,1,X,X,X,X,X,265:189:156:139:294:213:325:217:367:221:398:219
A,1389,46.2458,-1,0,0,1,X,X,X,X,X,265:189:156:139:294:212:324:216:368:220:398:219
A,1390,46.2777,-1,0,0,1,X,X,X,X,X,266:189:154:139:294:212:325:216:368:220:398:218
A,1391,46.3095,-1,0,0,1,X,X,X,X,X,265:190:155:139:295:212:325:217:368:221:398:219
A,1392,46.3418,-1,0,0,1,X,X,X,X,X,265:190:158:140:295:213:325:217:368:220:398:219
A,1393,46.3738,-1,0,0,1,X,X,X,X,X,265:190:155:139:294:213:324:217:368:221:398:219
A,1394,46.4055,-1,0,0,1,X,X,X,X,X,265:191:155:139:296:213:326:218:368:221:397:220
A,1395,46.4378,-1,0,0,1,X,X,X,X,X,264:190:157:139:294:213:324:218:368:221:399:220
A,1396,46.4855,-1,0,0,1,X,X,X,X,X,265:190:155:139:294:213:325:218:369:222:399:220
A,1397,46.5177,-1,0,0,1,X,X,X,X,X,265:191:156:138:294:214:324:218:368:222:399:220
A,1398,46.5498,-1,0,0,1,X,X,X,X,X,264:191:158:138:294:214:324:219:368:222:399:221
A,1399,46.5816,-1,0,0,1,X,X,X,X,X,265:192:156:139:295:214:325:219:368:223:399:221
A,1400,46.6138,-1,0,0,1,X,X,X,X,X,265:192:156:139:295:214:325:219:368:223:399:221
A,1401,46.6458,-1,0,0,1,X,X,X,X,X,265:191:155:139:295:214:324:219:369:223:399:221
A,1402,46.6777,-1,0,0,1,X,X,X,X,X,265:192:156:138:295:214:325:219:369:223:399:221
A,1403,46.7097,-1,0,0,1,X,X,X,X,X,265:192:156:138:296:215:326:220:369:223:399:221
A,1404,46.7418,-1,0,0,1,X,X,X,X,X,265:193:156:138:295:215:326:220:369:224:400:223
A,1405,46.7739,-1,0,0,1,X,X,X,X,X,265:193:155:139:294:215:325:220:369:224:399:222
A,1406,46.8057,-1,0,0,1,X,X,X,X,X,265:193:155:139:295:215:324:220:369:224:399:223
A,1407,46.8378,-1,0,0,1,X,X,X,X,X,265:193:156:137:295:216:325:220:369:224:398:223
A,1408,46.8855,-1,0,0,1,X,X,X,X,X,263:195:158:136:295:216:325:221:369:225:399:223
A,1409,46.9177,-1,0,0,1,X,X,X,X,X,264:194:157:137:295:216:325:221:369:225:398:223
A,1410,46.9498,-1,0,0,1,X,X,X,X,X,264:195:157:136:295:216:324:221:369:225:398:223
A,1411,46.9817,-1,0,0,1,X,X,X,X,X,265:194:156:138:295:216:325:221:369:225:399:224
A,1412,47.0137,-1,0,0,1,X,X,X,X,X,265:194:155:139:295:217:326:222:368:226:398:224
A,1413,47.0457,-1,0,0,1,X,X,X,X,X,264:194:157:139:295:217:326:222:369:226:399:224
A,1414,47.0775,-1,0,0,1,X,X,X,X,X,266:194:155:139:296:217:325:221:369:226:399:224
A,1415,47.1097,-1,0,0,1,X,X,X,X,X,265:194:157:140:295:217:326:222:369:226:400:224
A,1416,47.1418,-1,0,0,1,X,X,X,X,X,266:194:155:141:296:218:325:222:368:226:398:226
A,1417,47.1739,-1,0,0,1,X,X,X,X,X,266:194:155:141:296:218:326:223:368:227:399:225
A,1418,47.2055,-1,0,0,1,X,X,X,X,X,265:195:157:140:295:218:326:223:369:227:399:225
A,1419,47.2378,-1,0,0,1,X,X,X,X,X,265:195:158:140:295:218:325:223:369:227:399:226
A,1420,47.2695,-1,0,0,1,X,X,X,X,X,266:196:155:140:295:218:325:223:368:227:398:226
A,1421,47.3175,-1,0,0,1,X,X,X,X,X,266:195:155:141:295:218:325:223:367:227:398:225
A,1422,47.3497,-1,0,0,1,X,X,X,X,X,265:196:155:141:295:218:325:223:367:227:398:226
A,1423,47.3817,-1,0,0,1,X,X,X,X,X,266:195:154:144:294:219:325:224:368:227:398:226
A,1424,47.4139,-1,0,0,1,X,X,X,X,X,266:195:154:144:294:218:325:223:367:227:398:226
A,1425,47.4455,-1,0,0,1,X,X,X,X,X,265:195:155:144:294:218:325:223:367:227:398:225
A,1426,47.4777,-1,0,0,1,X,X,X,X,X,265:195:155:144:294:218:324:223:367:227:397:226
A,1427,47.5096,-1,0,0,1,X,X,X,X,X,265:195:155:145:295:219:325:223:368:227:397:226
A,1428,47.5417,-1,0,0,1,X,X,X,X,X,265:195:155:144:295:219:325:224:368:228:397:226
A,1429,47.5738,-1,0,0,1,X,X,X,X,X,265:196:155:144:295:219:324:223:368:227:397:226
A,1430,47.6054,-1,0,0,1,X,X,X,X,X,264:196:156:144:296:220:325:224:368:228:397:227
A,1431,47.6376,-1,0,0,1,X,X,X,X,X,265:195:155:144:296:219:324:223:368:227:397:227
A,1432,47.6695,-1,0,0,1,X,X,X,X,X,265:194:156:146:295:219:324:224:368:228:397:227
A,1433,47.7176,-1,0,0,1,X,X,X,X,X,264:196:156:144:294:219:324:224:367:228:397:227
A,1434,47.7499,-1,0,0,1,X,X,X,X,X,264:196:155:144:293:219:323:224:367:228:396:226
A,1435,47.7817,-1,0,0,1,X,X,X,X,X,264:196:156:145:293:219:323:224:367:228:396:227
A,1436,47.8136,-1,0,0,1,X,X,X,X,X,264:196:155:145:294:219:323:224:366:228:396:227
A,1437,47.8458,-1,0,0,1,X,X,X,X,X,264:196:155:145:293:219:323:224:366:228:395:226
A,1438,47.8776,-1,0,0,1,X,X,X,X,X,264:196:156:146:292:219:322:224:366:228:396:227
A,1439,47.9096,-1,0,0,1,X,X,X,X,X,264:196:155:146:292:219:323:224:366:228:396:227
A,1440,47.9417,-1,0,0,1,X,X,X,X,X,264:196:154:146:292:220:323:225:366:228:396:227
A,1441,47.9739,-1,0,0,1,X,X,X,X,X,263:196:157:147:293:220:323:225:366:228:396:227
A,1442,48.0056,-1,0,0,1,X,X,X,X,X,263:196:156:146:293:220:322:225:366:228:396:227
A,1443,48.0377,-1,0,0,1,X,X,X,X,X,263:197:156:145:292:220:323:224:366:228:397:228
A,1444,48.0695,-1,0,0,1,X,X,X,X,X,263:197:155:144:293:220:323:225:366:228:395:227
A,1445,48.1176,-1,0,0,1,X,X,X,X,X,263:197:156:144:292:220:323:224:365:228:396:227
A,1446,48.1498,-1,0,0,1,X,X,X,X,X,264:197:156:145:292:220:322:225:365:228:396:227
A,1447,48.1817,-1,0,0,1,X,X,X,X,X,264:197:155:144:294:219:323:225:365:228:394:227
A,1448,48.2134,-1,0,0,1,X,X,X,X,X,263:197:157:143:294:220:323:225:366:228:395:227
A,1449,48.251,-1,0,0,1,X,X,X,X,X,264:197:156:142:294:220:323:225:366:229:395:227
A,1450,48.2778,-1,0,0,1,X,X,X,X,X,263:197:158:142:294:220:323:225:366:228:396:227
A,1451,48.3095,-1,0,0,1,X,X,X,X,X,263:197:157:141:294:220:323:225:366:228:396:227
A,1452,48.3511,-1,0,0,1,X,X,X,X,X,263:196:157:142:293:219:323:225:366:228:396:227
A,1453,48.3737,-1,0,0,1,X,X,X,X,X,264:197:155:140:293:220:323:225:366:228:395:227
A,1454,48.4056,-1,0,0,1,X,X,X,X,X,264:197:155:141:293:220:324:225:366:228:396:227
A,1455,48.4507,-1,0,0,1,X,X,X,X,X,263:197:157:141:293:220:323:224:366:228:396:227
A,1456,48.4695,-1,0,0,1,X,X,X,X,X,264:197:155:141:293:219:323:225:366:229:396:228
A,1457,48.5014,-1,0,0,1,X,X,X,X,X,264:197:156:142:293:220:323:225:366:229:395:227
A,1458,48.5522,-1,0,0,1,X,X,X,X,X,264:197:156:142:293:220:323:225:366:229:396:228
A,1459,48.5816,-1,0,0,1,X,X,X,X,X,263:197:158:142:293:220:323:225:366:229:396:228
A,1460,48.6134,-1,0,0,1,X,X,X,X,X,262:197:159:141:293:220:323:225:366:229:396:228
A,1461,48.6457,-1,0,0,1,X,X,X,X,X,263:197:157:141:293:220:323:225:366:229:396:228
A,1462,48.6777,-1,0,0,1,X,X,X,X,X,262:197:158:141:293:220:323:225:366:229:397:227
A,1463,48.7094,-1,0,0,1,X,X,X,X,X,264:197:156:141:293:220:323:225:366:229:396:228
A,1464,48.7417,-1,0,0,1,X,X,X,X,X,263:197:157:141:293:220:323:225:366:229:396:228
A,1465,48.7736,-1,0,0,1,X,X,X,X,X,263:197:156:141:293:221:323:225:365:229:395:228
A,1466,48.8054,-1,0,0,1,X,X,X,X,X,262:198:158:140:292:220:323:225:366:229:396:228
A,1467,48.8377,-1,0,0,1,X,X,X,X,X,263:198:158:140:291:220:323:225:366:229:397:228
A,1468,48.8694,-1,0,0,1,X,X,X,X,X,263:198:158:140:293:221:323:225:366:229:396:228
A,1469,48.9016,-1,0,0,1,X,X,X,X,X,263:198:158:140:292:220:323:225:366:229:396:228
A,1470,48.9496,-1,0,0,1,X,X,X,X,X,263:198:158:140:292:220:323:226:366:229:397:227
A,1471,48.9814,-1,0,0,1,X,X,X,X,X,263:198:157:140:292:221:322:226:366:230:397:228
A,1472,49.0136,-1,0,0,1,X,X,X,X,X,263:198:157:140:293:221:323:226:367:229:396:228
A,1473,49.0455,-1,0,0,1,X,X,X,X,X,263:198:156:140:294:221:323:225:366:229:395:228
A,1474,49.0775,-1,0,0,1,X,X,X,X,X,263:198:157:140:293:221:323:226:366:229:395:228
A,1475,49.1094,-1,0,0,1,X,X,X,X,X,262:198:158:140:292:221:323:225:366:229:396:228
A,1476,49.1417,-1,0,0,1,X,X,X,X,X,262:198:158:140:292:221:322:226:366:229:397:228
A,1477,49.1736,-1,0,0,1,X,X,X,X,X,262:198:159:140:292:220:322:226:367:229:397:228
A,1478,49.2054,-1,0,0,1,X,X,X,X,X,263:198:157:140:293:221:323:226:367:229:397:228
A,1479,49.2377,-1,0,0,1,X,X,X,X,X,262:198:158:140:292:221:322:226:366:230:397:228
A,1480,49.2694,-1,0,0,1,X,X,X,X,X,263:198:157:141:293:221:323:226:366:229:397:228
A,1481,49.3014,-1,0,0,1,X,X,X,X,X,263:197:157:142:293:221:323:226:366:229:396:228
A,1482,49.3494,-1,0,0,1,X,X,X,X,X,263:198:157:140:292:221:322:226:367:229:397:228
A,1483,49.3813,-1,0,0,1,X,X,X,X,X,263:198:157:141:292:221:323:226:367:230:397:229
A,1484,49.4134,-1,0,0,1,X,X,X,X,X,262:198:159:140:292:221:323:226:367:230:397:228
A,1485,49.4457,-1,0,0,1,X,X,X,X,X,263:198:157:140:292:221:322:226:367:230:397:228
A,1486,49.4775,-1,0,0,1,X,X,X,X,X,263:198:158:140:293:221:323:226:366:229:396:228
A,1487,49.5096,-1,0,0,1,X,X,X,X,X,262:198:158:141:293:221:323:226:366:230:396:228
A,1488,49.5414,-1,0,0,1,X,X,X,X,X,263:198:158:140:293:221:323:226:367:230:397:228
A,1489,49.5734,-1,0,0,1,X,X,X,X,X,263:197:157:141:293:221:323:226:366:230:396:228
A,1490,49.6056,-1,0,0,1,X,X,X,X,X,262:197:159:141:293:220:323:226:367:230:397:228
A,1491,49.6376,-1,0,0,1,X,X,X,X,X,263:197:157:141:292:220:323:226:366:230:397:228
A,1492,49.6694,-1,0,0,1,X,X,X,X,X,262:197:159:142:293:221:323:226:367:229:397:228
A,1493,49.7014,-1,0,0,1,X,X,X,X,X,263:197:157:141:293:220:323:225:367:229:397:228
A,1494,49.7337,-1,0,0,1,X,X,X,X,X,263:198:158:140:292:220:323:226:366:230:397:228
A,1495,49.7816,-1,0,0,1,X,X,X,X,X,263:197:158:141:292:221:323:226:366:230:397:228
A,1496,49.8134,-1,0,0,1,X,X,X,X,X,262:197:159:142:292:220:322:226:366:230:396:228
A,1497,49.8454,-1,0,0,1,X,X,X,X,X,263:197:157:141:292:220:322:226:366:230:396:228
A,1498,49.8777,-1,0,0,1,X,X,X,X,X,263:198:158:141:292:221:323:226:366:230:395:228
A,1499,49.9094,-1,0,0,1,X,X,X,X,X,262:197:158:141:291:221:322:226:366:230:397:228
A,1500,49.9417,-1,0,0,1,X,X,X,X,X,263:197:158:142:292:221:323:226:366:230:396:229
A,1501,49.9736,-1,0,0,1,X,X,X,X,X,262:198:159:140:292:221:323:226:366:230:397:228
A,1502,50.0056,-1,0,0,1,X,X,X,X,X,264:197:155:141:292:220:323:226:365:230:395:228
A,1503,50.0376,-1,0,0,1,X,X,X,X,X,262:197:159:141:292:220:323:226:366:230:396:228
A,1504,50.0694,-1,0,0,1,X,X,X,X,X,262:197:159:142:292:220:323:226:366:230:396:228
A,1505,50.1014,-1,0,0,1,X,X,X,X,X,262:197:159:142:292:221:322:226:366:230:396:228
A,1506,50.1337,-1,0,0,1,X,X,X,X,X,263:197:157:142:291:220:323:226:366:230:397:229
A,1507,50.1813,-1,0,0,1,X,X,X,X,X,262:197:158:141:292:221:322:226:366:229:396:228
A,1508,50.2133,-1,0,0,1,X,X,X,X,X,262:197:158:141:292:220:323:226:366:230:396:228
A,1509,50.2454,-1,0,0,1,X,X,X,X,X,263:197:158:141:292:220:322:226:366:230:396:228
A,1510,50.2773,-1,0,0,1,X,X,X,X,X,262:197:158:141:293:221:323:226:366:230:396:228
A,1511,50.3094,-1,0,0,1,X,X,X,X,X,262:197:158:141:293:221:323:226:366:230:396:228
A,1512,50.3418,-1,0,0,1,X,X,X,X,X,263:197:157:141:293:221:323:226:366:230:396:228
A,1513,50.3734,-1,0,0,1,X,X,X,X,X,262:197:159:141:292:220:323:226:366:229:396:228
A,1514,50.4055,-1,0,0,1,X,X,X,X,X,263:196:157:142:293:220:323:226:366:229:396:228
A,1515,50.4377,-1,0,0,1,X,X,X,X,X,263:196:157:142:292:220:323:226:366:230:396:228
A,1516,50.4694,12,1,1,1,X,C,X,C,X,263:196:157:142:293:221:324:227:365:231:397:230
A,1517,50.5015,12,1,1,1,X,C,X,C,X,264:196:157:142:293:222:324:226:366:231:397:230
A,1518,50.5336,12,1,1,1,X,C,X,C,X,264:195:157:143:293:222:324:226:366:230:398:229
A,1519,50.5654,12,1,1,1,X,C,X,C,X,265:195:156:142:293:221:324:226:366:230:398:229
A,1520,50.6134,12,1,0,1,X,X,X,X,X,264:196:157:142:293:220:324:225:367:229:398:229
A,1521,50.6457,12,1,0,1,X,X,X,X,X,264:196:157:141:293:220:324:225:367:229:398:228
A,1522,50.6776,12,1,0,1,X,X,X,X,X,263:195:158:142:293:220:324:225:367:229:398:228
A,1523,50.7095,12,1,0,1,X,X,X,X,X,264:195:157:142:294:219:324:224:366:228:396:227
A,1524,50.7417,-1,0,0,1,X,X,X,X,X,264:194:157:143:293:218:324:224:367:228:398:227
A,1525,50.7735,-1,0,0,1,X,X,X,X,X,264:194:157:143:294:219:324:224:367:228:397:227
A,1526,50.8057,-1,0,0,1,X,X,X,X,X,265:194:156:143:294:219:324:224:367:228:397:227
A,1527,50.8376,-1,0,0,1,X,X,X,X,X,264:194:157:143:293:219:324:224:367:228:397:227
A,1528,50.87,-1,0,0,1,X,X,X,X,X,264:194:157:143:294:219:324:224:367:228:396:227
A,1529,50.9017,-1,0,0,1,X,X,X,X,X,264:194:157:143:293:218:324:224:367:228:397:227
A,1530,50.9336,-1,0,0,1,X,X,X,X,X,265:194:156:143:293:218:324:224:366:228:397:227
A,1531,50.9653,-1,0,0,1,X,X,X,X,X,264:194:157:143:293:218:324:224:366:228:397:226
A,1532,51.0135,-1,0,0,1,X,X,X,X,X,264:194:157:143:293:218:324:224:367:228:397:226
A,1533,51.0458,-1,0,0,1,X,X,X,X,X,264:194:157:143:293:218:324:224:367:228:397:226
A,1534,51.0777,-1,0,0,1,X,X,X,X,X,264:194:157:143:293:218:324:224:366:228:397:227
A,1535,51.1095,-1,0,0,1,X,X,X,X,X,263:194:158:143:293:218:323:223:366:227:397:226
A,1536,51.1417,-1,0,0,1,X,X,X,X,X,264:194:157:143:293:217:324:223:366:227:396:226
A,1537,51.1733,-1,0,0,1,X,X,X,X,X,264:194:157:143:293:217:324:223:366:227:396:226
A,1538,51.2053,-1,0,0,1,X,X,X,X,X,264:193:157:144:293:217:324:223:366:227:396:225
A,1539,51.2376,-1,0,0,1,X,X,X,X,X,264:193:157:144:294:217:324:223:366:227:396:226
A,1540,51.2698,-1,0,0,1,X,X,X,X,X,264:193:157:143:293:217:324:223:366:227:396:225
A,1541,51.3013,-1,0,0,1,X,X,X,X,X,264:193:157:144:293:217:324:223:367:227:397:225
A,1542,51.3695,-1,0,0,1,X,X,X,X,X,263:193:158:144:293:217:323:223:366:227:396:225
A,1543,51.4137,-1,0,0,1,X,X,X,X,X,265:193:153:143:293:217:323:222:366:227:396:225
A,1544,51.4457,-1,0,0,1,X,X,X,X,X,265:193:154:144:293:217:323:223:366:227:396:225
A,1545,51.4776,-1,0,0,1,X,X,X,X,X,264:193:156:143:293:216:323:223:366:226:396:225
A,1546,51.5098,-1,0,0,1,X,X,X,X,X,263:193:157:143:292:217:323:223:366:227:396:225
A,1547,51.5415,-1,0,0,1,X,X,X,X,X,264:193:155:143:293:217:324:223:366:226:396:225
A,1548,51.5733,-1,0,0,1,X,X,X,X,X,266:193:154:143:294:217:325:223:365:226:396:225
A,1549,51.6056,-1,0,0,1,X,X,X,X,X,265:193:154:143:294:216:324:222:366:226:396:225
A,1550,51.6373,-1,0,0,1,X,X,X,X,X,264:193:156:143:294:216:324:222:367:226:396:225
A,1551,51.6698,-1,0,0,1,X,X,X,X,X,264:193:156:143:294:216:324:223:366:226:396:225
A,1552,51.7016,-1,0,0,1,X,X,X,X,X,264:193:156:143:293:216:324:223:366:226:396:225
A,1553,51.7336,-1,0,0,1,X,X,X,X,X,263:193:158:143:294:216:324:223:366:227:396:225
A,1554,51.7655,-1,0,0,1,X,X,X,X,X,263:193:158:143:294:216:324:223:366:226:396:224
A,1555,51.7976,-1,0,0,1,X,X,X,X,X,264:192:157:144:294:216:324:223:367:226:397:224
A,1556,51.8774,-1,0,0,1,X,X,X,X,X,265:193:155:143:294:217:324:223:366:227:397:225
A,1557,51.9097,-1,0,0,1,X,X,X,X,X,265:192:156:144:294:216:325:223:366:226:396:224
A,1558,51.9416,-1,0,0,1,X,X,X,X,X,266:193:154:143:295:216:325:223:366:226:396:224
A,1559,51.9733,-1,0,0,1,X,X,X,X,X,264:193:157:143:294:216:324:222:366:226:396:225
A,1560,52.0055,-1,0,0,1,X,X,X,X,X,265:192:156:144:294:216:325:223:366:227:396:225
A,1561,52.0376,-1,0,0,1,X,X,X,X,X,264:192:157:144:294:216:324:223:367:227:397:225
A,1562,52.0697,-1,0,0,1,X,X,X,X,X,264:193:157:143:294:216:324:223:366:227:396:225
A,1563,52.1013,-1,0,0,1,X,X,X,X,X,263:193:158:143:294:217:324:223:367:227:397:225
A,1564,52.1337,-1,0,0,1,X,X,X,X,X,264:192:157:144:294:217:324:223:366:227:396:225
A,1565,52.1655,-1,0,0,1,X,X,X,X,X,264:193:157:143:294:217:324:223:366:227:396:225
A,1566,52.2129,-1,0,0,1,X,X,X,X,X,264:192:157:144:294:217:324:223:366:227:396:225
A,1567,52.2456,-1,0,0,1,X,X,X,X,X,264:193:156:143:294:217:324:223:366:227:396:225
A,1568,52.2775,-1,0,0,1,X,X,X,X,X,264:193:156:143:294:217:324:223:366:227:396:225
A,1569,52.3129,-1,0,0,1,X,X,X,X,X,264:193:156:143:294:217:324:223:366:227:396:225
A,1570,52.3416,-1,0,0,1,X,X,X,X,X,264:193:156:143:294:217:324:223:366:227:396:225
A,1571,52.3735,-1,0,0,1,X,X,X,X,X,265:193:155:143:294:217:324:223:366:226:396:224
A,1572,52.4131,-1,0,0,1,X,X,X,X,X,264:193:156:142:294:217:324:223:366:227:396:225
A,1573,52.4376,-1,0,0,1,X,X,X,X,X,264:193:157:143:294:216:324:223:366:226:396:225
A,1574,52.4696,-1,0,0,1,X,X,X,X,X,263:192:158:144:294:216:324:223:366:226:396:225
A,1575,52.5126,-1,0,0,1,X,X,X,X,X,264:192:157:144:294:216:324:222:366:226:396:224
A,1576,52.5337,-1,0,0,1,X,X,X,X,X,263:192:159:144:294:216:324:223:367:226:397:224
A,1577,52.5657,-1,0,0,1,X,X,X,X,X,263:192:158:144:294:216:324:222:366:226:396:225
A,1578,52.5975,-1,0,0,1,X,X,X,X,X,264:192:156:144:294:216:324:222:366:226:397:225
A,1579,52.6455,-1,0,0,1,X,X,X,X,X,264:192:156:144:294:216:324:223:366:226:396:225
A,1580,52.6773,-1,0,0,1,X,X,X,X,X,264:192:156:144:294:216:324:223:366:226:397:225
A,1581,52.7097,-1,0,0,1,X,X,X,X,X,263:192:158:143:294:216:324:223:366:226:396:225
A,1582,52.7415,-1,0,0,1,X,X,X,X,X,264:192:157:143:294:216:324:223:366:226:396:225
A,1583,52.7736,-1,0,0,1,X,X,X,X,X,264:192:157:144:294:216:324:222:366:226:396:225
A,1584,52.8055,-1,0,0,1,X,X,X,X,X,263:193:158:143:294:216:324:223:366:226:396:225
A,1585,52.8373,-1,0,0,1,X,X,X,X,X,263:192:158:143:294:216:324:222:367:226:397:224
A,1586,52.8696,-1,0,0,1,X,X,X,X,X,264:192:157:143:294:216:324:222:366:226:396:225
A,1587,52.9015,-1,0,0,1,X,X,X,X,X,264:192:157:143:294:216:324:222:367:226:397:224
A,1588,52.9336,-1,0,0,1,X,X,X,X,X,264:192:157:143:294:216:324:222:367:226:396:225
A,1589,52.9655,-1,0,0,1,X,X,X,X,X,264:193:157:142:294:216:325:222:367:226:397:225
A,1590,52.9977,-1,0,0,1,X,X,X,X,X,266:192:154:143:294:216:325:222:366:226:396:225
A,1591,53.0296,-1,0,0,1,X,X,X,X,X,265:192:156:144:294:216:325:222:366:226:396:225
A,1592,53.0774,-1,0,0,1,X,X,X,X,X,264:192:156:143:295:216:325:222:367:226:396:225
A,1593,53.1102,-1,0,0,1,X,X,X,X,X,264:192:156:143:294:216:324:222:367:226:397:225
A,1594,53.1415,-1,0,0,1,X,X,X,X,X,264:192:157:144:294:216:324:223:367:226:397:225
A,1595,53.1735,-1,0,0,1,X,X,X,X,X,264:192:157:144:294:216:324:223:366:226:396:225
A,1596,53.2055,-1,0,0,1,X,X,X,X,X,265:192:155:143:295:216:324:222:367:226:396:225
A,1597,53.2376,-1,0,0,1,X,X,X,X,X,265:192:155:144:295:216:324:222:367:226:396:225
A,1598,53.2696,-1,0,0,1,X,X,X,X,X,264:193:157:143:295:216:324:222:366:226:396:225
A,1599,53.3015,-1,0,0,1,X,X,X,X,X,265:192:156:144:295:216:324:222:367:226:396:225
A,1600,53.3333,-1,0,0,1,X,X,X,X,X,264:192:156:144:295:216:325:222:367:226:396:225
A,1601,53.3656,-1,0,0,1,X,X,X,X,X,265:193:155:143:295:216:325:222:366:226:396:225
A,1602,53.3973,-1,0,0,1,X,X,X,X,X,265:192:156:144:295:216:325:222:366:226:396:225
A,1603,53.4296,-1,0,0,1,X,X,X,X,X,265:192:156:144:295:216:325:223:367:226:396:225
A,1604,53.4772,-1,0,0,1,X,X,X,X,X,266:192:154:144:295:216:325:222:367:226:396:225
A,1605,53.5095,-1,0,0,1,X,X,X,X,X,265:192:156:144:295:216:325:222:366:226:396:225
A,1606,53.5412,-1,0,0,1,X,X,X,X,X,265:192:156:143:295:216:325:222:367:226:396:225
A,1607,53.5732,-1,0,0,1,X,X,X,X,X,266:192:154:143:294:215:324:221:366:225:396:224
A,1608,53.6055,-1,0,0,1,X,X,X,X,X,266:191:154:144:294:215:324:221:366:226:396:224
A,1609,53.6376,-1,0,0,1,X,X,X,X,X,265:192:156:143:294:215:324:222:365:226:396:224
A,1610,53.6695,-1,0,0,1,X,X,X,X,X,264:191:156:145:293:215:324:222:366:226:396:224
A,1611,53.7013,-1,0,0,1,X,X,X,X,X,264:192:156:144:293:216:323:222:365:226:395:224
A,1612,53.7336,-1,0,0,1,X,X,X,X,X,264:192:156:144:293:216:323:222:365:226:395:225
A,1613,53.7654,-1,0,0,1,X,X,X,X,X,263:192:157:144:293:216:323:222:365:226:395:225
A,1614,53.7974,-1,0,0,1,X,X,X,X,X,264:192:156:145:293:216:323:223:366:227:395:225
A,1615,53.8295,-1,0,0,1,X,X,X,X,X,263:193:157:144:293:217:323:223:365:228:395:226
A,1616,53.8774,-1,0,0,1,X,X,X,X,X,264:193:156:144:294:218:324:224:366:228:396:226
A,1617,53.9098,-1,0,0,1,X,X,X,X,X,264:192:156:144:294:217:324:223:366:227:396:226
A,1618,53.9414,-1,0,0,1,X,X,X,X,X,264:192:157:144:294:216:324:223:366:227:396:226
A,1619,53.9736,-1,0,0,1,X,X,X,X,X,264:192:156:145:295:217:324:223:367:227:396:226
A,1620,54.0056,-1,0,0,1,X,X,X,X,X,264:192:157:145:294:217:324:223:367:227:396:226
A,1621,54.0375,-1,0,0,1,X,X,X,X,X,264:192:157:144:294:217:325:223:367:227:397:226
A,1622,54.0698,-1,0,0,1,X,X,X,X,X,265:192:156:144:295:217:325:223:367:227:397:225
A,1623,54.1016,-1,0,0,1,X,X,X,X,X,265:192:155:145:295:217:325:223:367:227:396:226
A,1624,54.1332,-1,0,0,1,X,X,X,X,X,265:193:156:144:295:217:325:223:367:227:396:226
A,1625,54.1654,-1,0,0,1,X,X,X,X,X,265:193:156:144:294:217:325:223:367:227:397:226
A,1626,54.1975,-1,0,0,1,X,X,X,X,X,265:192:157:144:295:217:324:223:367:227:397:226
A,1627,54.2294,-1,0,0,1,X,X,X,X,X,266:193:155:144:295:217:325:223:367:227:397:226
A,1628,54.2614,-1,0,0,1,X,X,X,X,X,266:192:155:145:295:217:325:223:367:227:397:226
A,1629,54.3092,-1,0,0,1,X,X,X,X,X,264:192:158:145:295:217:324:223:367:227:396:225
A,1630,54.3413,-1,0,0,1,X,X,X,X,X,264:192:158:144:295:217:324:223:367:227:397:226
A,1631,54.3732,-1,0,0,1,X,X,X,X,X,265:192:156:145:294:217:325:223:366:227:396:226
A,1632,54.4055,-1,0,0,1,X,X,X,X,X,263:193:158:144:294:217:324:223:367:227:396:226
A,1633,54.4372,-1,0,0,1,X,X,X,X,X,264:193:157:143:294:217:324:223:366:227:396:226
A,1634,54.4694,-1,0,0,1,X,X,X,X,X,264:193:157:144:294:216:325:223:367:227:396:225
A,1635,54.5015,-1,0,0,1,X,X,X,X,X,264:192:157:145:294:216:325:223:367:227:396:225
A,1636,54.5334,13,1,0,1,X,X,X,C,X,266:192:155:145:293:217:324:223:366:227:397:227
A,1637,54.5652,13,1,1,1,X,C,X,C,X,266:191:156:146:294:219:324:224:366:229:397:229
A,1638,54.5973,13,1,0,1,X,X,X,C,X,266:192:155:145:294:218:324:223:367:228:398:228
A,1639,54.6293,13,1,0,1,X,X,X,X,X,265:192:156:144:294:217:324:223:367:227:397:227
A,1640,54.6614,13,1,0,1,X,X,X,X,X,265:192:155:145:295:217:325:223:367:228:396:227
A,1641,54.7091,13,1,0,1,X,X,X,X,X,265:192:155:145:295:217:324:223:367:227:397:227
A,1642,54.7411,13,1,0,1,X,X,X,X,X,266:192:155:145:294:216:325:223:367:227:397:226
A,1643,54.7731,13,1,0,1,X,X,X,X,X,265:192:155:145:294:216:324:223:366:227:396:226
A,1644,54.8052,-1,0,0,1,X,X,X,X,X,265:192:156:145:295:217:325:223:367:227:396:226
A,1645,54.8374,-1,0,0,1,X,X,X,X,X,266:192:155:145:295:217:325:223:367:227:396:226
A,1646,54.8692,-1,0,0,1,X,X,X,X,X,265:192:156:145:295:217:325:223:367:227:396:226
A,1647,54.9016,-1,0,0,1,X,X,X,X,X,265:192:155:145:294:216:325:223:367:227:397:225
A,1648,54.9334,-1,0,0,1,X,X,X,X,X,265:192:157:145:294:216:325:223:367:227:397:225
A,1649,54.9652,-1,0,0,1,X,X,X,X,X,265:193:156:144:294:217:325:223:367:227:397:226
A,1650,54.9976,-1,0,0,1,X,X,X,X,X,264:192:157:145:294:216:325:223:367:227:397:225
A,1651,55.0291,-1,0,0,1,X,X,X,X,X,264:193:157:144:294:217:325:223:367:227:397:225
A,1652,55.0612,-1,0,0,1,X,X,X,X,X,264:193:157:144:295:217:325:223:367:227:397:225
A,1653,55.0935,-1,0,0,1,X,X,X,X,X,265:192:157:144:294:216:325:223:367:227:397:226
A,1654,55.1413,-1,0,0,1,X,X,X,X,X,265:193:156:144:295:216:325:223:367:227:397:225
A,1655,55.1733,-1,0,0,1,X,X,X,X,X,265:192:156:145:295:217:325:223:367:227:397:226
A,1656,55.2055,-1,0,0,1,X,X,X,X,X,265:193:156:144:294:217:325:223:367:227:397:226
A,1657,55.2374,-1,0,0,1,X,X,X,X,X,264:193:157:144:294:217:325:223:367:227:397:226
A,1658,55.2693,-1,0,0,1,X,X,X,X,X,264:193:157:144:294:217:325:223:366:227:397:226
A,1659,55.3015,-1,0,0,1,X,X,X,X,X,264:193:157:143:294:217:325:223:367:227:397:226
A,1660,55.3334,-1,0,0,1,X,X,X,X,X,264:192:158:145:294:217:325:223:367:227:397:225
A,1661,55.3654,-1,0,0,1,X,X,X,X,X,266:193:153:144:295:217:325:223:366:227:396:226
A,1662,55.3975,-1,0,0,1,X,X,X,X,X,265:192:156:144:294:217:325:223:366:227:397:226
A,1663,55.4291,-1,0,0,1,X,X,X,X,X,265:193:155:143:295:217:325:223:366:227:396:226
A,1664,55.4614,-1,0,0,1,X,X,X,X,X,264:193:157:144:294:217:325:223:367:227:397:226
A,1665,55.4932,-1,0,0,1,X,X,X,X,X,266:193:154:144:294:217:325:223:366:227:396:226
A,1666,55.5414,-1,0,0,1,X,X,X,X,X,266:193:154:144:295:217:325:223:367:227:396:226
A,1667,55.5733,-1,0,0,1,X,X,X,X,X,265:193:157:143:294:217:325:223:366:227:397:226
A,1668,55.6055,-1,0,0,1,X,X,X,X,X,265:193:156:144:294:217:325:223:366:227:397:226
A,1669,55.6373,-1,0,0,1,X,X,X,X,X,265:193:156:144:294:217:325:223:366:228:396:226
A,1670,55.6693,-1,0,0,1,X,X,X,X,X,265:193:156:143:294:217:325:223:367:227:397:226
A,1671,55.7015,-1,0,0,1,X,X,X,X,X,266:193:154:144:295:217:325:223:367:227:396:226
A,1672,55.7333,-1,0,0,1,X,X,X,X,X,265:193:156:143:294:217:325:223:367:227:396:226
A,1673,55.7653,-1,0,0,1,X,X,X,X,X,265:193:156:143:294:217:325:223:366:227:396:226
A,1674,55.7974,-1,0,0,1,X,X,X,X,X,265:193:155:143:294:217:325:223:367:227:397:226
A,1675,55.8293,-1,0,0,1,X,X,X,X,X,264:192:156:144:294:216:325:223:367:227:396:225
A,1676,55.8612,-1,0,0,1,X,X,X,X,X,264:192:156:144:295:216:325:223:366:227:396:225
A,1677,55.8935,-1,0,0,1,X,X,X,X,X,264:192:156:144:294:216:325:223:367:227:396:225
A,1678,55.9411,-1,0,0,1,X,X,X,X,X,264:192:157:144:295:216:325:222:366:226:396:225
A,1679,55.9731,-1,0,0,1,X,X,X,X,X,265:192:156:144:295:216:325:222:366:226:396:224
A,1680,56.0106,-1,0,0,1,X,X,X,X,X,265:192:156:144:294:216:324:223:366:226:396:225
A,1681,56.0371,-1,0,0,1,X,X,X,X,X,265:192:156:143:294:216:325:222:366:226:396:225
A,1682,56.0696,-1,0,0,1,X,X,X,X,X,265:192:155:143:295:215:324:222:367:226:396:225
A,1683,56.1016,-1,0,0,1,X,X,X,X,X,265:192:156:143:294:216:325:222:367:226:397:225
A,1684,56.1331,-1,0,0,1,X,X,X,X,X,264:192:157:144:295:216:325:222:366:226:396:225
A,1685,56.1653,-1,0,0,1,X,X,X,X,X,264:192:157:144:295:216:325:222:366:226:396:225
A,1686,56.1974,-1,0,0,1,X,X,X,X,X,265:192:156:144:295:216:325:222:367:226:396:225
A,1687,56.2293,-1,0,0,1,X,X,X,X,X,265:191:156:144:294:216:325:222:367:226:397:224
A,1688,56.2613,-1,0,0,1,X,X,X,X,X,265:192:155:144:295:216:325:222:367:226:397:225
A,1689,56.2934,-1,0,0,1,X,X,X,X,X,266:192:155:144:295:216:325:222:367:226:396:225
A,1690,56.3253,-1,0,0,1,X,X,X,X,X,265:192:156:144:295:216:325:222:366:226:396:225
A,1691,56.3733,-1,0,0,1,X,X,X,X,X,266:192:154:143:295:216:325:222:367:226:396:225
A,1692,56.4054,-1,0,0,1,X,X,X,X,X,266:193:153:143:295:216:325:222:366:227:396:225
A,1693,56.4373,-1,0,0,1,X,X,X,X,X,266:192:155:144:295:216:325:222:366:227:396:225
A,1694,56.4694,-1,0,0,1,X,X,X,X,X,267:192:153:143:295:216:325:222:367:226:396:225
A,1695,56.5014,-1,0,0,1,X,X,X,X,X,266:192:154:144:295:216:325:222:366:226:396:226
A,1696,56.5331,-1,0,0,1,X,X,X,X,X,266:192:155:144:295:216:325:222:367:227:397:226
A,1697,56.5652,-1,0,0,1,X,X,X,X,X,266:192:154:144:295:217:325:223:367:227:396:226
A,1698,56.5972,-1,0,0,1,X,X,X,X,X,265:192:156:144:295:217:325:222:367:227:396:225
A,1699,56.6292,-1,0,0,1,X,X,X,X,X,265:192:156:144:295:216:325:222:367:227:397:226
A,1700,56.6613,-1,0,0,1,X,X,X,X,X,266:193:155:143:295:216:324:222:367:226:396:225
A,1701,56.6935,-1,0,0,1,X,X,X,X,X,266:192:155:144:295:216:325:222:367:227:396:225
A,1702,56.7251,-1,0,0,1,X,X,X,X,X,266:193:155:143:295:216:325:222:367:226:396:225
A,1703,56.7733,-1,0,0,1,X,X,X,X,X,266:192:155:144:295:216:325:222:367:226:396:225
A,1704,56.8057,-1,0,0,1,X,X,X,X,X,267:192:154:144:295:217:325:222:367:226:396:225
A,1705,56.8371,-1,0,0,1,X,X,X,X,X,266:192:156:144:295:217:325:222:368:227:397:226
A,1706,56.8695,-1,0,0,1,X,X,X,X,X,266:192:156:144:295:217:325:222:367:227:397:226
A,1707,56.9012,-1,0,0,1,X,X,X,X,X,265:192:156:144:295:217:325:223:367:227:397:225
A,1708,56.9332,-1,0,0,1,X,X,X,X,X,265:192:156:143:295:217:325:223:367:227:397:226
A,1709,56.9651,-1,0,0,1,X,X,X,X,X,265:193:157:143:296:217:325:223:368:227:397:226
A,1710,56.9974,-1,0,0,1,X,X,X,X,X,265:193:157:143:295:217:325:223:367:227:397:226
A,1711,57.0292,-1,0,0,1,X,X,X,X,X,265:193:157:143:295:217:325:223:367:227:397:226
A,1712,57.0613,-1,0,0,1,X,X,X,X,X,266:193:156:143:295:217:325:223:367:227:397:226
A,1713,57.0934,-1,0,0,1,X,X,X,X,X,266:194:156:142:295:217:325:223:367:227:397:226
A,1714,57.1254,-1,0,0,1,X,X,X,X,X,265:193:157:143:295:217:325:223:368:227:397:226
A,1715,57.1733,-1,0,0,1,X,X,X,X,X,265:193:157:144:295:217:325:223:367:227:397:226
A,1716,57.2055,-1,0,0,1,X,X,X,X,X,266:193:156:143:296:217:325:223:367:227:397:227
A,1717,57.2373,-1,0,0,1,X,X,X,X,X,265:193:157:143:295:217:325:223:367:227:397:226
A,1718,57.2693,-1,0,0,1,X,X,X,X,X,265:193:157:143:296:217:325:223:367:227:397:226
A,1719,57.3014,-1,0,0,1,X,X,X,X,X,265:193:158:143:295:217:325:223:367:227:397:226
A,1720,57.3333,-1,0,0,1,X,X,X,X,X,265:193:158:143:295:217:325:223:367:227:397:226
A,1721,57.3653,-1,0,0,1,X,X,X,X,X,265:194:157:143:295:217:325:223:367:227:397:226
A,1722,57.3974,-1,0,0,1,X,X,X,X,X,266:194:156:142:296:217:325:223:368:227:397:227
A,1723,57.4293,-1,0,0,1,X,X,X,X,X,266:193:156:142:296:217:326:223:367:227:397:226
A,1724,57.4612,-1,0,0,1,X,X,X,X,X,266:193:156:143:295:217:325:223:367:227:398:226
A,1725,57.4932,-1,0,0,1,X,X,X,X,X,266:193:156:144:295:217:325:223:368:227:398:227
A,1726,57.5252,-1,0,0,1,X,X,X,X,X,266:193:156:143:296:217:325:223:368:227:397:226
A,1727,57.5572,-1,0,0,1,X,X,X,X,X,266:194:156:142:296:217:325:223:367:227:397:226
A,1728,57.6054,-1,0,0,1,X,X,X,X,X,266:193:156:143:295:217:325:223:367:227:398:226
A,1729,57.6371,-1,0,0,1,X,X,X,X,X,266:193:156:143:295:217:325:223:368:227:397:226
A,1730,57.6693,-1,0,0,1,X,X,X,X,X,266:193:156:143:295:217:325:223:368:227:398:226
A,1731,57.7016,-1,0,0,1,X,X,X,X,X,266:193:157:144:296:217:325:223:368:227:398:226
A,1732,57.7333,-1,0,0,1,X,X,X,X,X,266:193:156:143:295:217:325:223:368:227:398:227
A,1733,57.7655,-1,0,0,1,X,X,X,X,X,267:193:155:143:295:217:325:223:368:227:398:226
A,1734,57.7974,-1,0,0,1,X,X,X,X,X,267:194:155:143:296:217:325:223:368:227:398:227
A,1735,57.8293,-1,0,0,1,X,X,X,X,X,266:194:156:143:296:217:325:223:368:227:397:226
A,1736,57.8614,-1,0,0,1,X,X,X,X,X,266:193:156:143:296:217:325:223:368:227:398:227
A,1737,57.8934,-1,0,0,1,X,X,X,X,X,266:194:156:142:295:217:325:223:368:227:398:226
A,1738,57.9255,-1,0,0,1,X,X,X,X,X,267:194:155:142:296:217:326:223:368:227:397:226
A,1739,57.9574,-1,0,0,1,X,X,X,X,X,267:194:154:142:295:217:325:223:367:227:396:226
A,1740,58.0055,-1,0,0,1,X,X,X,X,X,266:194:156:142:295:217:325:223:368:227:398:226
A,1741,58.0377,-1,0,0,1,X,X,X,X,X,266:194:156:143:296:218:325:223:368:227:398:227
A,1742,58.0694,-1,0,0,1,X,X,X,X,X,267:194:155:142:295:218:325:224:368:228:399:227
A,1743,58.1015,-1,0,0,1,X,X,X,X,X,266:195:156:141:296:218:325:223:368:227:397:227
A,1744,58.1333,-1,0,0,1,X,X,X,X,X,266:194:156:143:295:218:325:224:368:228:398:227
A,1745,58.1656,-1,0,0,1,X,X,X,X,X,266:194:156:143:295:218:325:224:368:228:398:227
A,1746,58.1974,-1,0,0,1,X,X,X,X,X,266:194:156:143:296:218:325:224:368:228:398:227
A,1747,58.2291,-1,0,0,1,X,X,X,X,X,267:194:155:142:296:218:325:224:368:228:398:227
A,1748,58.2611,-1,0,0,1,X,X,X,X,X,266:194:156:143:295:218:325:224:368:228:398:227
A,1749,58.2934,-1,0,0,1,X,X,X,X,X,266:194:156:143:295:218:325:224:369:228:398:227
A,1750,58.3255,-1,0,0,1,X,X,X,X,X,266:194:155:143:296:218:325:224:369:228:398:227
A,1751,58.3571,-1,0,0,1,X,X,X,X,X,266:194:156:143:295:218:325:224:368:228:398:227
A,1752,58.405,-1,0,0,1,X,X,X,X,X,266:194:156:142:296:218:325:223:369:228:398:227
A,1753,58.437,-1,0,0,1,X,X,X,X,X,266:194:156:143:295:218:325:223:369:228:399:227
A,1754,58.4694,-1,0,0,1,X,X,X,X,X,265:194:157:144:296:218:326:223:368:228:398:227
A,1755,58.5011,-1,0,0,1,X,X,X,X,X,266:194:156:143:295:218:325:224:369:228:398:227
A,1756,58.5331,-1,0,0,1,X,X,X,X,X,266:194:156:143:296:218:325:224:369:228:398:227
A,1757,58.5659,-1,0,0,1,X,X,X,X,X,267:195:155:143:296:218:326:224:368:228:398:227
A,1758,58.5974,-1,0,0,1,X,X,X,X,X,266:194:155:144:296:218:326:224:368:228:398:227
A,1759,58.6292,-1,0,0,1,X,X,X,X,X,267:194:155:143:295:218:325:224:368:228:399:227
A,1760,58.661,-1,0,0,1,X,X,X,X,X,267:195:155:143:296:218:326:223:368:228:398:227
A,1761,58.6931,-1,0,0,1,X,X,X,X,X,266:195:156:142:296:218:325:224:368:228:398:227
A,1762,58.7254,-1,0,0,1,X,X,X,X,X,266:194:154:142:296:218:326:224:368:228:398:227
A,1763,58.757,-1,0,0,1,X,X,X,X,X,265:195:156:142:296:218:325:223:368:228:398:226
A,1764,58.789,-1,0,0,1,X,X,X,X,X,266:194:155:143:296:218:326:223:368:228:397:227
A,1765,58.8371,-1,0,0,1,X,X,X,X,X,266:194:156:143:295:218:325:223:369:228:398:227
A,1766,58.8691,-1,0,0,1,X,X,X,X,X,266:194:156:143:296:218:325:224:369:228:398:227
A,1767,58.9011,-1,0,0,1,X,X,X,X,X,267:195:155:141:296:218:325:224:368:228:397:227
A,1768,58.9332,-1,0,0,1,X,X,X,X,X,266:194:156:143:296:218:325:224:368:228:397:227
A,1769,58.9656,-1,0,0,1,X,X,X,X,X,266:195:155:141:296:218:325:224:368:228:397:227
A,1770,58.9972,-1,0,0,1,X,X,X,X,X,266:194:156:143:295:218:325:224:368:228:398:228
A,1771,59.0292,-1,0,0,1,X,X,X,X,X,265:195:157:142:295:219:325:224:369:229:399:227
A,1772,59.0611,-1,0,0,1,X,X,X,X,X,266:195:156:142:295:219:325:224:368:229:398:228
A,1773,59.0931,-1,0,0,1,X,X,X,X,X,266:196:156:141:296:219:325:224:368:228:397:227
A,1774,59.1256,-1,0,0,1,X,X,X,X,X,266:195:156:142:296:219:326:225:368:229:398:228
A,1775,59.1572,-1,0,0,1,X,X,X,X,X,266:196:156:142:296:219:326:224:368:229:398:228
A,1776,59.1891,-1,0,0,1,X,X,X,X,X,265:195:157:143:297:219:326:224:369:228:398:228
A,1777,59.2371,-1,0,0,1,X,X,X,X,X,266:195:156:142:296:218:326:224:369:229:398:227
A,1778,59.2691,-1,0,0,1,X,X,X,X,X,266:196:155:142:297:218:326:224:369:229:398:227
A,1779,59.301,-1,0,0,1,X,X,X,X,X,266:195:157:143:297:218:326:224:369:229:398:227
A,1780,59.3334,-1,0,0,1,X,X,X,X,X,266:195:156:143:297:218:326:224:369:229:398:228
A,1781,59.3654,-1,0,0,1,X,X,X,X,X,266:194:157:144:297:218:326:224:369:229:398:227
A,1782,59.397,-1,0,0,1,X,X,X,X,X,267:195:154:143:297:218:327:224:368:229:398:228
A,1783,59.4291,-1,0,0,1,X,X,X,X,X,267:195:156:143:296:218:326:224:368:229:398:227
A,1784,59.4612,-1,0,0,1,X,X,X,X,X,266:195:156:143:297:218:326:224:369:229:398:227
A,1785,59.4932,-1,0,0,1,X,X,X,X,X,267:194:155:144:297:218:327:224:368:228:398:227
A,1786,59.5257,-1,0,0,1,X,X,X,X,X,267:195:154:143:296:218:326:224:369:229:398:228
A,1787,59.5572,-1,0,0,1,X,X,X,X,X,266:195:156:143:296:218:326:224:369:229:399:227
A,1788,59.5892,-1,0,0,1,X,X,X,X,X,267:195:155:143:297:218:326:224:369:229:397:227
A,1789,59.6371,-1,0,0,1,X,X,X,X,X,266:195:157:143:296:218:326:224:368:229:398:228
A,1790,59.6691,-1,0,0,1,X,X,X,X,X,265:195:158:143:296:218:326:224:369:229:398:227
A,1791,59.7011,-1,0,0,1,X,X,X,X,X,267:195:154:144:296:218:326:224:368:229:398:228
A,1792,59.7707,-1,0,0,1,X,X,X,X,X,266:195:156:143:295:218:326:225:368:229:399:227
A,1793,59.7974,-1,0,0,1,X,X,X,X,X,266:195:156:143:296:218:326:224:368:229:398:228
A,1794,59.8294,-1,0,0,1,X,X,X,X,X,267:195:155:143:296:218:326:224:369:229:398:228
A,1795,59.861,-1,0,0,1,X,X,X,X,X,266:195:156:143:296:218:326:225:369:229:399:227
A,1796,59.893,-1,0,0,1,X,X,X,X,X,267:195:155:144:296:218:326:224:369:229:399:228
A,1797,59.9255,-1,0,0,1,X,X,X,X,X,266:194:157:145:296:218:326:224:369:229:399:228
A,1798,59.9572,-1,0,0,1,X,X,X,X,X,266:195:157:143:296:218:326:224:369:229:399:228
A,1799,59.9893,-1,0,0,1,X,X,X,X,X,267:195:156:144:297:218:326:224:369:229:399:227
A,1800,60.021,-1,0,0,1,X,X,X,X,X,267:195:156:143:296:218:326:224:369:229:399:228
A,1801,60.0691,-1,0,0,1,X,X,X,X,X,267:195:156:143:296:218:326:224:369:229:399:228
A,1802,60.1013,-1,0,0,1,X,X,X,X,X,267:195:156:143:296:218:326:224:369:229:399:228
A,1803,60.1332,-1,0,0,1,X,X,X,X,X,267:195:156:143:296:218:326:224:369:229:399:228
A,1804,60.1655,-1,0,0,1,X,X,X,X,X,266:195:157:143:296:218:326:225:369:229:399:228
A,1805,60.1974,-1,0,0,1,X,X,X,X,X,266:194:157:144:297:218:327:224:370:229:400:228
A,1806,60.2293,-1,0,0,1,X,X,X,X,X,267:194:155:144:297:218:327:224:370:229:399:228
A,1807,60.2612,-1,0,0,1,X,X,X,X,X,266:194:156:145:297:218:327:224:369:229:399:228
A,1808,60.2933,-1,0,0,1,X,X,X,X,X,267:194:155:145:296:218:327:224:369:229:399:228
A,1809,60.3254,-1,0,0,1,X,X,X,X,X,267:195:156:143:297:218:326:224:369:229:399:228
A,1810,60.3572,-1,0,0,1,X,X,X,X,X,267:195:156:143:296:218:327:225:370:229:400:228
A,1811,60.3893,-1,0,0,1,X,X,X,X,X,266:195:156:144:296:218:326:225:370:229:399:228
A,1812,60.4212,-1,0,0,1,X,X,X,X,X,266:195:157:144:296:219:327:225:370:229:400:228
A,1813,60.469,-1,0,0,1,X,X,X,X,X,267:194:156:145:297:218:326:224:370:229:400:228
A,1814,60.5013,-1,0,0,1,X,X,X,X,X,267:194:156:145:297:218:327:224:369:229:399:228
A,1815,60.533,-1,0,0,1,X,X,X,X,X,267:195:156:144:297:218:327:225:370:229:399:228
A,1816,60.5652,-1,0,0,1,X,X,X,X,X,267:195:156:144:296:219:327:225:370:230:400:229
A,1817,60.5973,-1,0,0,1,X,X,X,X,X,266:195:157:144:297:218:327:225:370:229:400:228
A,1818,60.6293,-1,0,0,1,X,X,X,X,X,267:195:156:144:296:219:327:224:369:229:400:228
A,1819,60.6612,-1,0,0,1,X,X,X,X,X,267:195:156:144:297:219:327:225:370:229:399:228
A,1820,60.6931,-1,0,0,1,X,X,X,X,X,267:195:155:145:298:219:327:225:370:229:399:228
A,1821,60.7252,-1,0,0,1,X,X,X,X,X,267:194:156:146:297:219:327:225:370:229:400:228
A,1822,60.7571,-1,0,0,1,X,X,X,X,X,267:194:156:145:297:218:327:225:370:229:400:228
A,1823,60.7893,-1,0,0,1,X,X,X,X,X,267:195:156:144:297:219:327:225:370:229:400:228
A,1824,60.8212,-1,0,0,1,X,X,X,X,X,267:195:156:144:297:219:327:225:369:229:400:228
A,1825,60.8532,-1,0,0,1,X,X,X,X,X,267:195:156:145:298:219:327:225:370:229:399:228
A,1826,60.9011,-1,0,0,1,X,X,X,X,X,267:195:156:144:297:219:327:225:370:229:399:228
A,1827,60.9329,-1,0,0,1,X,X,X,X,X,267:194:156:145:297:219:327:225:370:230:400:228
A,1828,60.9651,-1,0,0,1,X,X,X,X,X,267:194:156:145:297:219:327:225:370:229:400:228
A,1829,60.997,-1,0,0,1,X,X,X,X,X,267:194:156:145:297:218:327:225:370:229:399:228
A,1830,61.029,-1,0,0,1,X,X,X,X,X,267:194:156:145:297:218:327:225:370:229:399:228
A,1831,61.0611,-1,0,0,1,X,X,X,X,X,266:194:157:145:297:218:327:225:369:229:399:228
A,1832,61.0934,-1,0,0,1,X,X,X,X,X,267:194:156:145:296:219:327:225:369:229:400:228
A,1833,61.1254,-1,0,0,1,X,X,X,X,X,267:194:157:145:297:218:327:225:369:229:400:228
A,1834,61.1572,14,1,0,1,X,X,X,X,X,267:193:157:146:297:219:327:225:370:230:401:230
A,1835,61.1892,14,1,1,1,X,C,X,C,X,267:194:157:145:297:220:327:226:369:230:400:230
A,1836,61.2213,14,1,1,1,X,C,X,C,X,269:193:155:146:297:219:328:225:370:230:400:230
A,1837,61.2531,14,1,0,1,X,X,X,X,X,267:193:157:146:296:219:326:224:370:229:401:229
A,1838,61.3011,14,1,0,1,X,X,X,X,X,267:193:157:146:297:218:327:224:370:229:400:228
A,1839,61.333,14,1,0,1,X,X,X,X,X,267:194:156:145:296:218:327:224:370:229:400:228
A,1840,61.3652,-1,0,0,1,X,X,X,X,X,267:193:157:147:297:218:327:224:369:229:399:228
A,1841,61.3972,-1,0,0,1,X,X,X,X,X,267:193:156:146:296:218:327:224:370:229:400:228
A,1842,61.4291,-1,0,0,1,X,X,X,X,X,267:194:157:145:296:218:327:224:370:229:400:228
A,1843,61.4613,-1,0,0,1,X,X,X,X,X,267:194:156:145:296:218:327:224:370:229:400:228
A,1844,61.4932,-1,0,0,1,X,X,X,X,X,267:193:156:147:297:218:327:224:370:229:400:228
A,1845,61.5251,-1,0,0,1,X,X,X,X,X,267:194:157:145:297:218:327:224:370:229:400:228
A,1846,61.557,-1,0,0,1,X,X,X,X,X,267:193:157:146:297:218:327:224:370:229:400:228
A,1847,61.589,-1,0,0,1,X,X,X,X,X,267:194:157:145:298:218:327:224:370:229:400:228
A,1848,61.6212,-1,0,0,1,X,X,X,X,X,268:194:156:144:298:218:328:224:370:229:400:228
A,1849,61.6532,-1,0,0,1,X,X,X,X,X,268:193:156:146:298:218:328:224:370:229:400:228
A,1850,61.7009,-1,0,0,1,X,X,X,X,X,267:193:157:146:298:218:327:224:370:228:400:228
A,1851,61.7329,-1,0,0,1,X,X,X,X,X,267:194:157:145:297:218:327:224:370:229:400:228
A,1852,61.765,-1,0,0,1,X,X,X,X,X,267:193:156:146:298:218:327:224:370:228:400:227
A,1853,61.7969,-1,0,0,1,X,X,X,X,X,267:195:156:143:298:218:328:224:370:229:400:228
A,1854,61.8293,-1,0,0,1,X,X,X,X,X,267:194:156:144:298:218:328:224:370:229:399:228
A,1855,61.8613,-1,0,0,1,X,X,X,X,X,267:194:156:144:299:218:328:224:370:229:400:228
A,1856,61.893,-1,0,0,1,X,X,X,X,X,267:194:157:144:298:218:327:224:370:229:399:228
A,1857,61.9252,-1,0,0,1,X,X,X,X,X,267:194:156:144:298:218:328:224:370:229:399:228
A,1858,61.9573,-1,0,0,1,X,X,X,X,X,267:193:157:145:298:218:327:224:370:229:399:228
A,1859,61.989,-1,0,0,1,X,X,X,X,X,267:193:156:144:297:218:327:224:370:228:399:227
A,1860,62.0209,-1,0,0,1,X,X,X,X,X,267:194:156:144:298:218:327:224:369:229:398:228
A,1861,62.0532,-1,0,0,1,X,X,X,X,X,267:195:157:144:297:219:327:225:369:230:398:228
A,1862,62.0851,-1,0,0,1,X,X,X,X,X,267:195:156:143:296:219:326:225:369:229:399:228
A,1863,62.1331,-1,0,0,1,X,X,X,X,X,266:194:157:144:297:219:326:225:369:229:398:228
A,1864,62.1652,-1,0,0,1,X,X,X,X,X,267:195:155:143:296:219:326:225:368:230:398:229
A,1865,62.1971,-1,0,0,1,X,X,X,X,X,267:195:156:143:296:219:325:225:368:230:397:228
A,1866,62.229,-1,0,0,1,X,X,X,X,X,267:195:155:143:296:219:325:225:368:229:397:228
A,1867,62.2613,-1,0,0,1,X,X,X,X,X,266:194:156:144:295:218:325:224:368:229:398:228
A,1868,62.2931,-1,0,0,1,X,X,X,X,X,265:194:158:144:296:218:324:224:367:228:397:228
A,1869,62.3251,-1,0,0,1,X,X,X,X,X,266:194:156:143:295:218:325:224:367:229:397:228
A,1870,62.3572,-1,0,0,1,X,X,X,X,X,266:195:156:143:295:219:324:225:367:229:396:228
A,1871,62.3892,-1,0,0,1,X,X,X,X,X,265:195:158:142:295:218:324:225:367:229:397:228
A,1872,62.4211,-1,0,0,1,X,X,X,X,X,265:194:157:143:294:218:324:224:367:228:396:227
A,1873,62.4532,-1,0,0,1,X,X,X,X,X,266:194:156:145:294:218:323:224:366:229:395:227
A,1874,62.4851,-1,0,0,1,X,X,X,X,X,266:195:156:143:294:219:323:225:366:229:396:228
A,1875,62.5329,-1,0,0,1,X,X,X,X,X,265:194:158:144:293:219:323:225:366:229:396:228
A,1876,62.565,-1,0,0,1,X,X,X,X,X,266:194:156:144:293:218:322:224:365:228:395:228
A,1877,62.5969,-1,0,0,1,X,X,X,X,X,265:193:157:145:292:218:323:224:365:228:395:228
A,1878,62.6291,-1,0,0,1,X,X,X,X,X,264:194:158:144:292:219:322:225:365:229:395:228
A,1879,62.6613,-1,0,0,1,X,X,X,X,X,264:195:158:143:292:219:322:225:365:229:395:228
A,1880,62.693,-1,0,0,1,X,X,X,X,X,263:194:159:144:292:218:322:224:365:229:396:228
A,1881,62.7249,-1,0,0,1,X,X,X,X,X,263:194:159:143:292:218:322:224:365:229:396:228
A,1882,62.7572,-1,0,0,1,X,X,X,X,X,264:194:157:144:292:219:322:225:366:229:396:228
A,1883,62.7891,-1,0,0,1,X,X,X,X,X,264:194:158:144:292:219:322:225:365:229:396:228
A,1884,62.821,-1,0,0,1,X,X,X,X,X,263:194:159:144:292:218:322:224:365:229:396:228
A,1885,62.8532,-1,0,0,1,X,X,X,X,X,265:194:157:144:293:218:323:225:366:229:396:228
A,1886,62.885,-1,0,0,1,X,X,X,X,X,264:194:159:144:293:218:323:225:365:229:396:228
A,1887,62.9329,-1,0,0,1,X,X,X,X,X,264:194:159:144:293:218:322:224:366:229:395:228
A,1888,62.9652,-1,0,0,1,X,X,X,X,X,265:193:158:144:293:218:322:225:366:229:395:228
A,1889,62.9971,-1,0,0,1,X,X,X,X,X,265:194:157:144:293:218:322:224:366:229:396:228
A,1890,63.0291,-1,0,0,1,X,X,X,X,X,264:194:159:144:293:218:323:225:366:229:396:228
A,1891,63.0612,-1,0,0,1,X,X,X,X,X,264:194:158:144:293:218:323:224:366:229:397:227
A,1892,63.093,-1,0,0,1,X,X,X,X,X,265:194:158:143:294:218:323:224:366:229:396:228
A,1893,63.1249,-1,0,0,1,X,X,X,X,X,264:194:158:143:293:218:323:224:366:229:396:228
A,1894,63.1571,-1,0,0,1,X,X,X,X,X,264:194:160:144:294:218:323:225:366:229:396:227
A,1895,63.189,-1,0,0,1,X,X,X,X,X,265:194:157:143:294:218:323:225:366:229:396:228
A,1896,63.2211,-1,0,0,1,X,X,X,X,X,265:195:157:142:294:218:323:225:366:229:395:228
A,1897,63.2532,-1,0,0,1,X,X,X,X,X,264:194:157:144:294:218:323:224:366:229:396:227
A,1898,63.285,-1,0,0,1,X,X,X,X,X,264:194:158:144:293:218:324:225:366:229:397:228
A,1899,63.3172,-1,0,0,1,X,X,X,X,X,265:195:157:143:294:218:323:225:366:229:396:228
A,1900,63.3651,-1,0,0,1,X,X,X,X,X,265:194:157:144:295:218:324:224:366:229:396:227
A,1901,63.3971,-1,0,0,1,X,X,X,X,X,265:195:157:143:294:219:324:225:366:229:397:229
A,1902,63.429,-1,0,0,1,X,X,X,X,X,265:195:157:143:295:219:324:224:367:229:396:229
A,1903,63.4612,-1,0,0,1,X,X,X,X,X,265:194:156:144:295:219:324:225:366:230:396:229
A,1904,63.4929,-1,0,0,1,X,X,X,X,X,266:194:156:144:295:219:324:225:367:229:397:229
A,1905,63.5252,-1,0,0,1,X,X,X,X,X,266:194:156:144:295:219:324:225:367:230:397:229
A,1906,63.557,-1,0,0,1,X,X,X,X,X,266:194:156:144:295:219:324:224:367:229:396:229
A,1907,63.589,-1,0,0,1,X,X,X,X,X,266:194:155:144:294:219:324:225:367:230:397:229
A,1908,63.6213,-1,0,0,1,X,X,X,X,X,266:194:156:144:295:219:325:225:367:230:397:229
A,1909,63.6531,-1,0,0,1,X,X,X,X,X,266:195:156:143:295:219:324:225:367:230:397:229
A,1910,63.6851,-1,0,0,1,X,X,X,X,X,265:195:157:143:294:219:324:225:367:230:397:229
A,1911,63.7173,-1,0,0,1,X,X,X,X,X,266:195:156:143:295:219:324:225:367:230:397:229
A,1912,63.7651,-1,0,0,1,X,X,X,X,X,265:194:157:144:294:219:324:225:367:230:397:229
A,1913,63.7973,-1,0,0,1,X,X,X,X,X,266:195:156:143:294:219:324:225:366:230:396:229
A,1914,63.8292,-1,0,0,1,X,X,X,X,X,266:195:155:143:294:219:323:225:366:230:396:229
A,1915,63.8613,-1,0,0,1,X,X,X,X,X,266:195:156:143:294:219:323:225:366:230:396:229
A,1916,63.8929,-1,0,0,1,X,X,X,X,X,266:195:156:143:294:219:323:225:366:230:396:228
A,1917,63.9252,-1,0,0,1,X,X,X,X,X,265:195:157:143:294:219:323:225:366:230:396:229
A,1918,63.9571,-1,0,0,1,X,X,X,X,X,266:195:156:143:293:219:324:225:366:230:396:229
A,1919,63.9889,-1,0,0,1,X,X,X,X,X,266:195:156:144:294:219:324:225:365:230:396:228
A,1920,64.0212,-1,0,0,1,X,X,X,X,X,266:195:156:144:294:219:324:225:365:230:396:229
A,1921,64.0531,-1,0,0,1,X,X,X,X,X,266:195:155:143:294:219:323:225:365:230:396:229
A,1922,64.0851,-1,0,0,1,X,X,X,X,X,264:195:159:144:293:219:323:225:365:229:396:229
A,1923,64.1172,-1,0,0,1,X,X,X,X,X,265:195:158:143:293:219:323:225:366:230:396:229
A,1924,64.1648,-1,0,0,1,X,X,X,X,X,264:195:158:144:294:219:323:225:366:230:396:229
A,1925,64.1971,-1,0,0,1,X,X,X,X,X,265:195:157:143:293:219:323:225:365:229:396:228
A,1926,64.2292,-1,0,0,1,X,X,X,X,X,265:195:159:143:293:219:323:225:366:230:396:229
A,1927,64.2611,-1,0,0,1,X,X,X,X,X,265:194:158:145:294:219:323:225:366:230:396:229
A,1928,64.2932,-1,0,0,1,X,X,X,X,X,265:195:159:143:293:219:323:225:366:230:396:229
A,1929,64.3251,-1,0,0,1,X,X,X,X,X,265:195:157:144:293:219:323:225:366:230:396:229
A,1930,64.3571,-1,0,0,1,X,X,X,X,X,265:195:157:143:294:219:324:225:366:230:396:229
A,1931,64.3891,-1,0,0,1,X,X,X,X,X,266:195:157:144:294:219:324:225:366:230:396:229
A,1932,64.4215,-1,0,0,1,X,X,X,X,X,265:195:158:144:294:219:324:225:367:230:397:229
A,1933,64.4529,-1,0,0,1,X,X,X,X,X,266:195:156:143:295:219:324:225:366:230:396:229
A,1934,64.4851,-1,0,0,1,X,X,X,X,X,266:195:156:143:295:219:324:225:367:230:397:230
A,1935,64.5169,-1,0,0,1,X,X,X,X,X,266:195:157:143:295:219:325:225:367:230:397:229
A,1936,64.5489,-1,0,0,1,X,X,X,X,X,266:195:156:143:296:219:325:225:367:230:396:229
A,1937,64.597,-1,0,0,1,X,X,X,X,X,266:195:157:144:294:219:324:225:367:230:398:229
A,1938,64.6291,-1,0,0,1,X,X,X,X,X,266:195:157:143:294:219:324:225:367:230:398:229
A,1939,64.6613,-1,0,0,1,X,X,X,X,X,266:195:157:143:294:219:324:225:367:230:397:229
A,1940,64.6929,-1,0,0,1,X,X,X,X,X,266:195:157:143:294:219:324:225:367:230:398:230
A,1941,64.7251,-1,0,0,1,X,X,X,X,X,265:195:158:143:294:219:324:225:367:230:398:229
A,1942,64.7571,-1,0,0,1,X,X,X,X,X,266:195:157:143:294:219:324:225:367:230:397:229
A,1943,64.7888,-1,0,0,1,X,X,X,X,X,265:195:158:143:294:219:324:225:367:230:397:229
A,1944,64.8219,-1,0,0,1,X,X,X,X,X,265:195:158:143:294:219:324:225:368:230:398:229
A,1945,64.8532,-1,0,0,1,X,X,X,X,X,266:195:157:143:294:219:324:225:367:230:398:229
A,1946,64.885,-1,0,0,1,X,X,X,X,X,266:195:155:143:294:219:324:225:367:230:396:229
A,1947,64.9172,-1,0,0,1,X,X,X,X,X,265:194:158:145:294:219:324:225:367:230:397:230
A,1948,64.9491,-1,0,0,1,X,X,X,X,X,266:195:156:143:295:219:325:225:367:230:397:229
A,1949,64.9969,-1,0,0,1,X,X,X,X,X,265:195:158:143:294:219:324:225:367:230:397:229
A,1950,65.0292,-1,0,0,1,X,X,X,X,X,266:195:156:143:294:219:324:225:367:230:397:229
A,1951,65.0618,-1,0,0,1,X,X,X,X,X,265:195:158:143:293:219:324:225:367:230:398:229
A,1952,65.093,-1,0,0,1,X,X,X,X,X,266:195:156:143:294:219:324:225:367:230:398:229
A,1953,65.1249,-1,0,0,1,X,X,X,X,X,266:194:157:144:293:219:324:225:367:230:398:229
A,1954,65.1572,-1,0,0,1,X,X,X,X,X,265:195:158:143:294:219:324:225:367:230:397:229
A,1955,65.1891,-1,0,0,1,X,X,X,X,X,265:195:158:143:293:219:324:225:366:230:397:229
A,1956,65.2212,-1,0,0,1,X,X,X,X,X,266:194:157:144:293:219:324:225:367:230:398:229
A,1957,65.2532,-1,0,0,1,X,X,X,X,X,266:194:157:144:293:219:324:225:367:229:398:229
A,1958,65.2849,-1,0,0,1,X,X,X,X,X,266:194:156:144:293:219:323:225:367:229:397:229
A,1959,65.3171,-1,0,0,1,X,X,X,X,X,265:194:157:144:293:219:323:225:367:229:397:229
A,1960,65.3491,15,1,0,1,X,X,X,X,X,266:195:156:143:293:219:324:225:367:229:398:229
A,1961,65.397,15,1,1,1,X,C,X,C,X,266:194:156:143:294:220:324:226:366:231:397:230
A,1962,65.4288,15,1,1,1,X,C,X,C,X,265:194:157:143:293:220:324:226:366:231:398:231
A,1963,65.4614,15,1,1,1,X,C,X,C,X,266:193:157:145:293:220:324:225:367:231:399:231
A,1964,65.493,15,1,0,1,X,X,X,C,X,265:194:157:144:294:220:324:225:367:230:399:230
A,1965,65.5248,15,1,0,1,X,X,X,X,X,266:195:156:143:293:219:324:225:367:230:398:230
A,1966,65.557,15,1,0,1,X,X,X,X,X,266:195:155:143:294:219:324:224:367:230:397:230
A,1967,65.589,15,1,0,1,X,X,X,X,X,265:194:158:144:294:219:324:225:367:230:398:229
A,1968,65.6213,15,1,0,1,X,X,X,X,X,265:194:157:144:294:218:324:225:367:229:398:229
A,1969,65.6528,15,1,0,1,X,X,X,X,X,266:195:155:142:294:219:324:225:367:230:397:229
A,1970,65.6848,15,1,0,1,X,X,X,X,X,266:195:156:143:295:219:324:224:367:229:396:229
A,1971,65.7169,-1,0,0,1,X,X,X,X,X,266:195:156:142:294:218:324:224:367:229:397:229
A,1972,65.749,-1,0,0,1,X,X,X,X,X,266:194:156:143:295:218:325:224:367:229:397:229
A,1973,65.7815,-1,0,0,1,X,X,X,X,X,266:195:156:143:295:219:324:225:367:229:397:229
A,1974,65.829,-1,0,0,1,X,X,X,X,X,266:195:156:142:294:219:324:225:367:230:397:229
A,1975,65.8615,-1,0,0,1,X,X,X,X,X,266:195:156:142:294:218:324:224:367:229:397:229
A,1976,65.893,-1,0,0,1,X,X,X,X,X,266:194:156:143:294:218:324:224:367:229:397:228
A,1977,65.925,-1,0,0,1,X,X,X,X,X,266:195:156:142:295:219:325:224:367:229:398:228
A,1978,65.9572,-1,0,0,1,X,X,X,X,X,266:194:156:143:295:218:325:224:367:229:397:229
A,1979,65.9891,-1,0,0,1,X,X,X,X,X,266:194:156:143:294:218:324:224:367:229:397:229
A,1980,66.0211,-1,0,0,1,X,X,X,X,X,265:194:157:143:295:218:324:224:368:229:397:228
A,1981,66.053,-1,0,0,1,X,X,X,X,X,265:194:157:143:294:218:324:224:367:229:398:227
A,1982,66.0849,-1,0,0,1,X,X,X,X,X,265:194:157:143:294:218:324:224:367:229:397:228
A,1983,66.1171,-1,0,0,1,X,X,X,X,X,266:195:155:143:293:218:323:224:366:229:397:228
A,1984,66.1491,-1,0,0,1,X,X,X,X,X,264:194:156:143:293:218:323:224:367:229:396:228
A,1985,66.1813,-1,0,0,1,X,X,X,X,X,265:194:156:143:294:218:324:224:366:229:396:228
A,1986,66.2288,-1,0,0,1,X,X,X,X,X,266:194:155:143:293:218:323:224:366:229:397:228
A,1987,66.2612,-1,0,0,1,X,X,X,X,X,265:194:156:143:294:218:323:224:366:229:396:228
A,1988,66.293,-1,0,0,1,X,X,X,X,X,264:194:158:143:294:218:324:224:367:229:397:228
A,1989,66.325,-1,0,0,1,X,X,X,X,X,265:194:156:143:294:218:324:224:367:229:397:228
A,1990,66.3571,-1,0,0,1,X,X,X,X,X,265:194:157:143:294:219:324:224:368:229:397:228
A,1991,66.389,-1,0,0,1,X,X,X,X,X,266:194:157:144:294:218:324:225:368:229:397:228
A,1992,66.4212,-1,0,0,1,X,X,X,X,X,266:194:156:143:294:219:324:224:367:229:396:228
A,1993,66.453,-1,0,0,1,X,X,X,X,X,265:194:157:143:293:219:324:224:367:229:397:229
A,1994,66.485,-1,0,0,1,X,X,X,X,X,266:195:156:143:294:219:324:224:367:229:397:228
A,1995,66.5168,-1,0,0,1,X,X,X,X,X,265:195:157:142:295:218:324:224:367:229:397:228
A,1996,66.5491,-1,0,0,1,X,X,X,X,X,265:194:157:143:294:218:324:224:367:229:397:228
A,1997,66.5811,-1,0,0,1,X,X,X,X,X,266:194:156:143:294:218:324:224:367:229:398:228
A,1998,66.613,-1,0,0,1,X,X,X,X,X,265:194:157:143:295:218:324:223:367:228:397:228
A,1999,66.6613,-1,0,0,1,X,X,X,X,X,266:193:156:144:295:217:325:223:368:228:397:227
A,2000,66.693,-1,0,0,1,X,X,X,X,X,265:192:158:145:295:217:325:223:368:228:398:228
A,2001,66.7248,-1,0,0,1,X,X,X,X,X,267:192:155:144:295:217:325:223:369:227:398:227
A,2002,66.7568,-1,0,0,1,X,X,X,X,X,266:192:156:144:296:216:325:222:368:227:397:227
A,2003,66.7888,-1,0,0,1,X,X,X,X,X,267:191:156:145:297:215:326:222:368:226:398:225
A,2004,66.8212,-1,0,0,1,X,X,X,X,X,267:191:155:144:297:215:326:221:368:226:397:225
A,2005,66.853,-1,0,0,1,X,X,X,X,X,267:191:155:145:298:215:326:221:369:226:397:224
A,2006,66.885,-1,0,0,1,X,X,X,X,X,267:191:155:145:297:215:326:221:368:226:397:224
A,2007,66.9168,-1,0,0,1,X,X,X,X,X,267:191:155:145:297:214:326:221:368:226:398:224
A,2008,66.949,-1,0,0,1,X,X,X,X,X,267:191:155:145:298:215:327:221:368:226:397:224
A,2009,66.981,-1,0,0,1,X,X,X,X,X,267:191:156:145:298:215:327:221:368:226:398:225
A,2010,67.0127,-1,0,0,1,X,X,X,X,X,267:192:155:144:297:215:326:221:368:226:397:225
A,2011,67.0612,-1,0,0,1,X,X,X,X,X,267:192:155:144:298:215:327:222:368:226:398:225
A,2012,67.0928,-1,0,0,1,X,X,X,X,X,267:192:154:144:297:215:327:222:368:226:397:224
A,2013,67.1248,-1,0,0,1,X,X,X,X,X,267:191:155:145:297:215:326:222:368:226:397:224
A,2014,67.157,-1,0,0,1,X,X,X,X,X,267:191:155:145:297:215:326:221:368:226:397:224
A,2015,67.1888,-1,0,0,1,X,X,X,X,X,267:191:155:145:297:215:326:221:368:226:397:224
A,2016,67.2212,-1,0,0,1,X,X,X,X,X,267:191:155:145:298:215:326:222:368:226:397:225
A,2017,67.253,-1,0,0,1,X,X,X,X,X,266:191:156:144:297:215:326:221:368:226:397:224
A,2018,67.285,-1,0,0,1,X,X,X,X,X,266:191:156:144:298:215:326:221:368:226:397:224
A,2019,67.3168,-1,0,0,1,X,X,X,X,X,267:191:155:144:296:215:326:221:368:226:398:224
A,2020,67.349,-1,0,0,1,X,X,X,X,X,267:191:155:144:296:215:326:221:368:226:398:224
A,2021,67.3814,-1,0,0,1,X,X,X,X,X,267:191:156:143:298:215:326:221:368:226:397:224
A,2022,67.4128,-1,0,0,1,X,X,X,X,X,267:191:156:145:296:215:326:221:368:226:398:224
A,2023,67.4611,16,1,0,1,X,X,X,X,X,267:191:156:145:296:215:326:221:368:226:398:226
A,2024,67.493,16,1,1,1,X,C,X,C,X,267:191:156:145:296:217:326:222:368:227:398:227
A,2025,67.5251,16,1,1,1,X,C,X,C,X,267:191:155:145:296:217:327:222:368:227:399:228
A,2026,67.5571,16,1,0,1,X,X,X,X,X,267:191:156:144:295:217:326:222:369:227:399:227
A,2027,67.5891,16,1,0,1,X,X,X,X,X,267:191:155:145:296:217:326:222:369:227:399:227
A,2028,67.6209,-1,0,0,1,X,X,X,X,X,267:192:155:144:297:217:326:222:369:227:398:227
A,2029,67.6531,-1,0,0,1,X,X,X,X,X,267:192:156:144:297:216:326:222:368:227:398:227
A,2030,67.6848,-1,0,0,1,X,X,X,X,X,267:192:156:144:296:217:326:222:368:227:398:227
A,2031,67.7169,-1,0,0,1,X,X,X,X,X,267:192:156:144:296:217:326:222:368:227:398:227
A,2032,67.749,-1,0,0,1,X,X,X,X,X,267:192:156:144:296:217:326:222:369:227:399:227
A,2033,67.7807,-1,0,0,1,X,X,X,X,X,267:192:156:144:296:217:326:222:369:227:399:227
A,2034,67.8127,-1,0,0,1,X,X,X,X,X,267:192:156:144:296:217:326:222:369:227:399:227
A,2035,67.8448,-1,0,0,1,X,X,X,X,X,267:193:155:143:296:217:326:222:368:227:397:227
A,2036,67.8928,-1,0,0,1,X,X,X,X,X,267:192:156:144:296:217:325:222:368:227:397:227
A,2037,67.9247,-1,0,0,1,X,X,X,X,X,267:192:156:144:295:217:325:222:368:227:399:227
A,2038,67.9568,-1,0,0,1,X,X,X,X,X,267:191:156:145:295:217:325:223:368:227:399:227
A,2039,67.9887,-1,0,0,1,X,X,X,X,X,267:192:156:144:295:217:325:223:368:227:399:227
A,2040,68.0209,-1,0,0,1,X,X,X,X,X,267:192:156:144:296:217:325:223:368:227:398:227
A,2041,68.074,-1,0,0,1,X,X,X,X,X,268:193:154:143:296:217:325:223:368:228:397:227
A,2042,68.0851,-1,0,0,1,X,X,X,X,X,267:192:155:144:295:216:325:222:368:227:397:227
A,2043,68.1172,-1,0,0,1,X,X,X,X,X,267:192:156:145:295:217:325:223:368:227:398:227
A,2044,68.155,-1,0,0,1,X,X,X,X,X,267:193:155:143:296:217:326:222:367:227:398:227
A,2045,68.1813,-1,0,0,1,X,X,X,X,X,267:191:155:145:296:217:325:222:368:227:398:227
A,2046,68.2132,-1,0,0,1,X,X,X,X,X,267:192:155:145:296:217:325:223:368:228:398:227
A,2047,68.2449,-1,0,0,1,X,X,X,X,X,267:192:156:145:296:217:326:223:369:227:399:227
A,2048,68.2927,-1,0,0,1,X,X,X,X,X,267:192:156:144:296:217:326:223:368:227:398:227
A,2049,68.325,-1,0,0,1,X,X,X,X,X,267:192:156:144:296:217:326:223:368:227:398:227
A,2050,68.3569,-1,0,0,1,X,X,X,X,X,267:192:155:144:297:217:326:223:368:228:398:227
A,2051,68.3889,-1,0,0,1,X,X,X,X,X,267:191:156:144:296:216:326:222:369:227:398:227
A,2052,68.4211,-1,0,0,1,X,X,X,X,X,266:191:157:144:296:216:326:222:368:226:399:226
A,2053,68.4529,-1,0,0,1,X,X,X,X,X,267:191:155:144:296:215:326:221:368:226:398:225
A,2054,68.4847,-1,0,0,1,X,X,X,X,X,267:190:155:144:297:215:326:220:368:225:397:224
A,2055,68.517,-1,0,0,1,X,X,X,X,X,267:190:154:143:297:214:326:219:368:224:397:224
A,2056,68.5489,-1,0,0,1,X,X,X,X,X,267:189:155:143:297:214:326:219:367:224:396:223
A,2057,68.581,-1,0,0,1,X,X,X,X,X,267:188:153:144:296:213:326:218:367:222:397:222
A,2058,68.6131,-1,0,0,1,X,X,X,X,X,267:187:153:144:296:213:326:218:366:222:396:222
A,2059,68.6447,-1,0,0,1,X,X,X,X,X,267:187:152:143:297:212:326:217:366:221:395:221
A,2060,68.6927,-1,0,0,1,X,X,X,X,X,267:187:154:143:296:212:325:217:367:221:397:221
A,2061,68.7249,-1,0,0,1,X,X,X,X,X,267:187:153:144:296:212:325:217:367:221:396:221
A,2062,68.7569,-1,0,0,1,X,X,X,X,X,267:187:153:144:296:212:326:217:367:221:396:221
A,2063,68.7887,-1,0,0,1,X,X,X,X,X,267:187:153:144:296:212:325:217:367:221:397:221
A,2064,68.8207,-1,0,0,1,X,X,X,X,X,266:187:154:144:295:212:325:217:367:221:397:221
A,2065,68.8529,-1,0,0,1,X,X,X,X,X,266:187:154:144:295:212:325:218:367:222:397:221
A,2066,68.885,-1,0,0,1,X,X,X,X,X,266:187:154:144:295:213:325:218:367:222:397:221
A,2067,68.917,-1,0,0,1,X,X,X,X,X,265:187:155:145:295:213:325:218:367:222:397:222
A,2068,68.949,-1,0,0,1,X,X,X,X,X,266:187:154:146:295:213:325:218:368:222:397:222
A,2069,68.981,-1,0,0,1,X,X,X,X,X,266:188:153:146:294:213:325:218:367:222:397:222
A,2070,69.013,-1,0,0,1,X,X,X,X,X,266:187:154:147:295:213:325:218:367:222:396:222
A,2071,69.045,-1,0,0,1,X,X,X,X,X,266:187:154:147:294:213:324:218:367:222:397:222
A,2072,69.077,-1,0,0,1,X,X,X,X,X,266:187:154:147:295:213:325:217:367:221:397:221
A,2073,69.1247,-1,0,0,1,X,X,X,X,X,266:187:154:147:295:212:325:217:367:221:397:221
A,2074,69.1569,-1,0,0,1,X,X,X,X,X,266:187:154:147:296:212:325:217:367:221:396:221
A,2075,69.1887,-1,0,0,1,X,X,X,X,X,267:186:153:147:296:212:325:217:367:221:396:221
A,2076,69.221,-1,0,0,1,X,X,X,X,X,267:186:152:147:296:212:325:217:367:221:397:221
A,2077,69.2529,-1,0,0,1,X,X,X,X,X,267:187:152:145:296:212:326:217:367:221:396:221
A,2078,69.2849,-1,0,0,1,X,X,X,X,X,268:187:152:145:297:212:325:217:367:221:396:221
A,2079,69.3169,-1,0,0,1,X,X,X,X,X,267:186:152:145:296:212:325:216:367:221:397:221
A,2080,69.3489,-1,0,0,1,X,X,X,X,X,266:186:154:146:296:212:325:217:367:221:396:221
A,2081,69.3807,-1,0,0,1,X,X,X,X,X,267:186:152:145:295:212:324:217:366:221:396:221
A,2082,69.413,-1,0,0,1,X,X,X,X,X,267:187:152:145:295:212:325:217:366:221:396:221
A,2083,69.4447,-1,0,0,1,X,X,X,X,X,267:187:152:145:295:212:324:217:367:221:396:221
A,2084,69.4767,-1,0,0,1,X,X,X,X,X,267:186:153:147:295:212:325:217:366:221:396:221
A,2085,69.5249,-1,0,0,1,X,X,X,X,X,266:187:154:145:295:213:324:217:366:221:396:221
A,2086,69.5567,-1,0,0,1,X,X,X,X,X,266:188:154:144:294:213:324:218:366:222:396:221
A,2087,69.5887,-1,0,0,1,X,X,X,X,X,266:187:153:145:294:212:324:218:366:221:396:221
A,2088,69.621,-1,0,0,1,X,X,X,X,X,266:187:154:145:294:213:324:218:366:222:396:221
A,2089,69.6527,-1,0,0,1,X,X,X,X,X,267:188:153:145:295:213:324:218:366:222:396:222
A,2090,69.6847,-1,0,0,1,X,X,X,X,X,266:188:155:145:294:213:324:218:366:222:396:221
A,2091,69.717,-1,0,0,1,X,X,X,X,X,267:188:153:145:295:213:324:218:366:222:396:222
A,2092,69.7486,-1,0,0,1,X,X,X,X,X,266:188:154:144:295:213:324:218:366:222:396:222
A,2093,69.7809,-1,0,0,1,X,X,X,X,X,266:189:154:143:295:213:324:218:366:222:396:222
A,2094,69.8127,-1,0,0,1,X,X,X,X,X,266:188:154:145:295:214:324:218:367:222:397:223
A,2095,69.8449,-1,0,0,1,X,X,X,X,X,266:188:154:145:295:214:325:219:367:223:397:222
A,2096,69.8769,-1,0,0,1,X,X,X,X,X,266:188:154:145:295:214:325:219:367:223:397:223
A,2097,69.9249,-1,0,0,1,X,X,X,X,X,266:188:155:144:295:214:325:219:367:223:397:223
A,2098,69.9569,-1,0,0,1,X,X,X,X,X,267:189:154:143:296:214:325:219:367:223:396:223
A,2099,69.9889,-1,0,0,1,X,X,X,X,X,266:189:154:144:296:214:325:218:367:223:396:223
A,2100,70.021,-1,0,0,1,X,X,X,X,X,267:189:153:143:296:214:325:218:367:223:396:223
A,2101,70.0529,-1,0,0,1,X,X,X,X,X,266:188:154:144:295:214:325:219:368:223:397:223
A,2102,70.0847,-1,0,0,1,X,X,X,X,X,266:188:155:145:296:214:325:219:368:223:397:223
A,2103,70.117,-1,0,0,1,X,X,X,X,X,267:189:153:144:296:214:326:219:367:223:396:223
A,2104,70.1489,-1,0,0,1,X,X,X,X,X,267:190:153:142:296:214:325:219:367:224:396:224
A,2105,70.1808,-1,0,0,1,X,X,X,X,X,267:189:153:144:296:214:326:219:367:224:397:223
A,2106,70.213,-1,0,0,1,X,X,X,X,X,267:189:154:144:295:214:325:220:368:224:397:223
A,2107,70.2449,-1,0,0,1,X,X,X,X,X,267:189:153:144:296:214:325:219:367:224:396:223
A,2108,70.2766,-1,0,0,1,X,X,X,X,X,267:189:154:144:296:214:325:219:367:224:396:223
A,2109,70.309,-1,0,0,1,X,X,X,X,X,267:189:154:144:295:214:324:219:367:224:396:223
A,2110,70.3567,-1,0,0,1,X,X,X,X,X,267:189:154:144:295:214:325:220:368:224:397:223
A,2111,70.3886,-1,0,0,1,X,X,X,X,X,267:189:154:144:296:214:325:219:367:224:396:223
A,2112,70.4209,-1,0,0,1,X,X,X,X,X,267:189:154:145:296:214:325:220:368:224:398:223
A,2113,70.4527,-1,0,0,1,X,X,X,X,X,267:190:154:143:296:214:325:219:367:224:396:223
A,2114,70.4848,-1,0,0,1,X,X,X,X,X,267:189:154:145:295:214:325:220:368:224:397:223
A,2115,70.5171,-1,0,0,1,X,X,X,X,X,268:190:152:144:296:214:325:220:368:224:397:224
A,2116,70.5487,-1,0,0,1,X,X,X,X,X,267:190:154:143:296:214:325:220:367:224:396:224
A,2117,70.5806,-1,0,0,1,X,X,X,X,X,267:189:154:145:295:214:325:220:367:224:397:223
A,2118,70.613,-1,0,0,1,X,X,X,X,X,266:189:156:144:295:214:325:220:367:224:397:224
A,2119,70.6449,-1,0,0,1,X,X,X,X,X,266:189:156:145:295:214:324:220:367:224:397:224
A,2120,70.6767,-1,0,0,1,X,X,X,X,X,266:189:156:145:295:214:325:220:367:224:397:223
A,2121,70.7089,-1,0,0,1,X,X,X,X,X,266:190:155:144:295:214:324:220:367:224:397:223
A,2122,70.7568,-1,0,0,1,X,X,X,X,X,267:190:152:144:295:215:325:220:367:224:397:224
A,2123,70.7886,-1,0,0,1,X,X,X,X,X,267:190:154:144:294:215:325:220:367:224:397:224
A,2124,70.8211,17,1,0,1,X,X,X,X,X,267:189:154:145:294:215:325:220:367:225:397:224
A,2125,70.8526,17,1,1,1,X,C,X,C,X,266:189:154:145:294:215:325:221:366:226:398:225
A,2126,70.8847,17,1,1,1,X,C,X,C,X,266:189:155:145:294:216:325:221:365:225:397:225
A,2127,70.9172,17,1,1,1,X,C,X,C,X,267:188:154:146:294:216:325:221:366:225:398:225
A,2128,70.9488,17,1,0,1,X,X,X,X,X,266:189:156:145:294:215:325:220:367:225:398:225
A,2129,70.9806,17,1,0,1,X,X,X,X,X,267:189:154:145:294:215:324:220:368:224:398:225
A,2130,71.0129,17,1,0,1,X,X,X,X,X,266:189:155:145:295:215:325:220:367:224:397:224
A,2131,71.045,17,1,0,1,X,X,X,X,X,267:190:154:144:294:214:324:219:368:224:397:224
A,2132,71.0773,-1,0,0,1,X,X,X,X,X,267:190:153:143:295:214:324:219:367:224:396:224
A,2133,71.1089,-1,0,0,1,X,X,X,X,X,266:190:155:143:295:214:324:219:368:224:396:224
A,2134,71.1408,-1,0,0,1,X,X,X,X,X,267:190:154:144:295:214:325:220:368:224:397:223
A,2135,71.1888,-1,0,0,1,X,X,X,X,X,266:190:155:144:295:214:324:219:368:224:397:224
A,2136,71.221,-1,0,0,1,X,X,X,X,X,267:190:154:144:295:214:324:220:367:224:396:224
A,2137,71.2526,-1,0,0,1,X,X,X,X,X,267:190:153:144:296:214:324:220:368:224:396:224
A,2138,71.2848,-1,0,0,1,X,X,X,X,X,267:189:153:145:295:215:324:220:367:224:396:224
A,2139,71.3172,-1,0,0,1,X,X,X,X,X,266:190:154:144:295:215:324:220:367:224:397:224
A,2140,71.3486,-1,0,0,1,X,X,X,X,X,267:190:153:144:295:215:325:220:367:224:397:224
A,2141,71.3809,-1,0,0,1,X,X,X,X,X,267:190:154:144:296:215:325:220:367:225:397:224
A,2142,71.4129,-1,0,0,1,X,X,X,X,X,267:191:154:142:296:215:325:220:367:224:397:224
A,2143,71.4448,-1,0,0,1,X,X,X,X,X,267:190:154:143:296:215:326:220:368:225:398:224
A,2144,71.4772,-1,0,0,1,X,X,X,X,X,267:190:155:143:296:215:326:220:367:225:397:224
A,2145,71.5089,-1,0,0,1,X,X,X,X,X,268:189:154:144:297:214:326:220:368:224:397:224
A,2146,71.5408,-1,0,0,1,X,X,X,X,X,268:190:154:143:297:214:326:219:368:224:397:224
A,2147,71.5888,-1,0,0,1,X,X,X,X,X,267:190:154:143:296:215:326:220:368:225:398:224
A,2148,71.6209,-1,0,0,1,X,X,X,X,X,267:190:154:144:296:215:326:220:368:225:397:224
A,2149,71.6527,-1,0,0,1,X,X,X,X,X,268:189:153:144:296:214:325:220:368:224:397:224
A,2150,71.6846,-1,0,0,1,X,X,X,X,X,268:189:154:144:297:214:325:219:368:224:397:224
A,2151,71.7172,-1,0,0,1,X,X,X,X,X,267:190:155:144:296:215:326:220:367:225:398:225
A,2152,71.7488,-1,0,0,1,X,X,X,X,X,267:190:155:144:296:215:326:220:367:225:398:225
A,2153,71.7806,-1,0,0,1,X,X,X,X,X,268:189:154:144:297:214:326:220:368:224:398:224
A,2154,71.8128,-1,0,0,1,X,X,X,X,X,267:190:155:143:296:214:326:220:367:224:397:224
A,2155,71.8448,-1,0,0,1,X,X,X,X,X,267:190:154:143:296:215:326:220:368:225:398:225
A,2156,71.877,-1,0,0,1,X,X,X,X,X,267:190:155:143:296:214:326:220:368:224:397:224
A,2157,71.9089,-1,0,0,1,X,X,X,X,X,268:189:154:144:297:214:326:220:368:224:398:224
A,2158,71.9408,-1,0,0,1,X,X,X,X,X,268:190:154:144:296:214:326:220:368:224:398:224
A,2159,71.9886,-1,0,0,1,X,X,X,X,X,268:190:154:143:297:215:326:220:368:225:398:224
A,2160,72.0209,-1,0,0,1,X,X,X,X,X,268:189:154:143:297:214:326:219:368:224:397:224
A,2161,72.0528,-1,0,0,1,X,X,X,X,X,268:190:154:142:297:214:326:219:367:224:397:224
A,2162,72.0848,-1,0,0,1,X,X,X,X,X,268:190:154:144:297:214:326:220:368:224:398:224
A,2163,72.1172,-1,0,0,1,X,X,X,X,X,268:190:153:144:297:214:326:219:367:224:397:224
A,2164,72.1488,-1,0,0,1,X,X,X,X,X,268:189:155:144:297:214:326:219:368:224:398:224
A,2165,72.1809,-1,0,0,1,X,X,X,X,X,268:189:154:144:297:214:326:219:368:224:398:224
A,2166,72.2129,-1,0,0,1,X,X,X,X,X,268:189:154:144:297:214:327:220:368:224:397:224
A,2167,72.2449,-1,0,0,1,X,X,X,X,X,268:190:154:143:297:214:327:220:368:224:398:224
A,2168,72.2773,-1,0,0,1,X,X,X,X,X,268:190:154:143:298:214:327:220:367:224:397:223
A,2169,72.3089,-1,0,0,1,X,X,X,X,X,268:189:155:144:297:214:326:219:368:224:397:224
A,2170,72.3408,-1,0,0,1,X,X,X,X,X,268:189:155:145:297:214:326:219:368:224:398:223
A,2171,72.3728,-1,0,0,1,X,X,X,X,X,268:189:154:144:297:214:326:219:368:224:398:223
A,2172,72.4208,-1,0,0,1,X,X,X,X,X,268:189:154:145:297:214:326:219:368:224:397:223
A,2173,72.4526,-1,0,0,1,X,X,X,X,X,267:189:155:144:296:213:326:219:367:223:397:223
A,2174,72.485,-1,0,0,1,X,X,X,X,X,267:189:154:144:296:213:326:219:367:223:397:223
A,2175,72.5175,-1,0,0,1,X,X,X,X,X,267:189:154:144:296:213:325:219:367:223:396:223
A,2176,72.5488,-1,0,0,1,X,X,X,X,X,267:189:155:144:296:213:325:219:367:223:397:222
A,2177,72.5806,-1,0,0,1,X,X,X,X,X,266:189:156:144:296:213:325:219:368:223:397:222
A,2178,72.6126,-1,0,0,1,X,X,X,X,X,267:189:155:144:297:213:326:219:367:223:397:222
A,2179,72.6446,-1,0,0,1,X,X,X,X,X,267:189:154:144:297:213:326:219:367:223:397:222
A,2180,72.6772,-1,0,0,1,X,X,X,X,X,268:189:153:144:297:214:326:219:368:223:397:222
A,2181,72.7086,-1,0,0,1,X,X,X,X,X,268:189:153:144:297:213:327:219:368:223:397:222
A,2182,72.7408,-1,0,0,1,X,X,X,X,X,266:189:155:145:297:213:326:219:368:223:397:222
A,2183,72.7727,-1,0,0,1,X,X,X,X,X,268:190:153:143:297:214:326:219:368:224:397:223
A,2184,72.8206,-1,0,0,1,X,X,X,X,X,268:189:154:144:297:213:326:219:368:224:397:223
A,2185,72.8525,-1,0,0,1,X,X,X,X,X,268:189:153:145:297:213:326:219:368:223:398:222
A,2186,72.8845,-1,0,0,1,X,X,X,X,X,268:189:154:145:297:213:326:219:368:224:398:223
A,2187,72.9173,-1,0,0,1,X,X,X,X,X,268:190:154:144:297:214:326:220:367:224:397:223
A,2188,72.9488,-1,0,0,1,X,X,X,X,X,267:190:154:144:297:214:326:220:367:224:396:223
A,2189,72.9809,-1,0,0,1,X,X,X,X,X,267:190:154:144:297:214:326:220:367:224:397:224
A,2190,73.0129,-1,0,0,1,X,X,X,X,X,268:190:152:144:296:215:326:220:367:224:397:224
A,2191,73.0447,-1,0,0,1,X,X,X,X,X,267:190:154:143:296:215:326:220:367:225:397:224
A,2192,73.0772,-1,0,0,1,X,X,X,X,X,267:190:154:144:296:215:326:220:368:225:398:224
A,2193,73.1089,-1,0,0,1,X,X,X,X,X,267:191:154:143:296:215:326:220:368:225:397:224
A,2194,73.1407,-1,0,0,1,X,X,X,X,X,267:190:154:144:295:215:326:221:368:225:398:225
A,2195,73.1726,-1,0,0,1,X,X,X,X,X,267:191:154:143:296:215:326:221:368:226:398:225
A,2196,73.2207,-1,0,0,1,X,X,X,X,X,268:191:154:144:296:216:326:221:367:225:397:225
A,2197,73.2527,-1,0,0,1,X,X,X,X,X,267:190:154:144:296:215:325:221:367:225:397:224
A,2198,73.2847,-1,0,0,1,X,X,X,X,X,268:190:153:144:296:216:326:221:367:225:397:225
A,2199,73.3172,-1,0,0,1,X,X,X,X,X,267:191:154:144:296:216:326:221:367:225:397:225
A,2200,73.3486,-1,0,0,1,X,X,X,X,X,268:191:154:142:295:216:325:221:367:225:397:225
A,2201,73.3807,-1,0,0,1,X,X,X,X,X,267:190:154:145:296:215:326:221:367:225:398:224
A,2202,73.4129,-1,0,0,1,X,X,X,X,X,267:190:154:145:294:215:325:221:368:225:398:225
A,2203,73.4447,-1,0,0,1,X,X,X,X,X,267:190:154:145:294:215:325:221:368:225:398:225
A,2204,73.477,-1,0,0,1,X,X,X,X,X,267:191:155:145:294:217:325:222:367:226:399:226
A,2205,73.5088,-1,0,0,1,X,X,X,X,X,267:190:155:145:294:216:325:222:368:226:399:226
A,2206,73.5406,-1,0,0,1,X,X,X,X,X,268:190:154:145:294:216:325:221:368:226:398:226
A,2207,73.5727,-1,0,0,1,X,X,X,X,X,267:191:155:145:295:216:325:222:368:227:398:226
A,2208,73.6048,-1,0,0,1,X,X,X,X,X,267:192:155:143:295:217:325:222:368:227:398:226
A,2209,73.6525,-1,0,0,1,X,X,X,X,X,267:191:155:144:295:217:325:222:368:227:398:226
A,2210,73.6881,-1,0,0,1,X,X,X,X,X,267:190:156:145:294:216:325:222:368:226:399:226
A,2211,73.7175,-1,0,0,1,X,X,X,X,X,267:190:156:145:294:216:325:222:368:226:399:226
A,2212,73.7485,-1,0,0,1,X,X,X,X,X,268:192:154:143:296:217:325:222:368:227:398:227
A,2213,73.7807,-1,0,0,1,X,X,X,X,X,267:191:155:145:295:217:326:222:368:227:398:227
A,2214,73.8129,-1,0,0,1,X,X,X,X,X,267:191:155:144:295:216:325:222:368:226:399:226
A,2215,73.8448,-1,0,0,1,X,X,X,X,X,267:191:155:144:295:216:326:222:368:226:399:226
A,2216,73.8771,-1,0,0,1,X,X,X,X,X,267:192:155:143:295:217:325:222:368:227:399:226
A,2217,73.9088,-1,0,0,1,X,X,X,X,X,268:191:153:145:296:218:325:222:368:227:397:227
A,2218,73.9407,-1,0,0,1,X,X,X,X,X,267:191:155:144:295:217:325:222:368:227:398:227
A,2219,73.9727,-1,0,0,1,X,X,X,X,X,268:192:153:144:295:217:325:222:367:226:397:226
A,2220,74.0049,-1,0,0,1,X,X,X,X,X,268:192:154:143:295:217:325:222:367:227:397:227
A,2221,74.0527,-1,0,0,1,X,X,X,X,X,267:191:155:144:295:217:325:222:367:227:398:227
A,2222,74.0847,-1,0,0,1,X,X,X,X,X,267:191:155:144:295:217:325:222:368:227:398:227
A,2223,74.1169,-1,0,0,1,X,X,X,X,X,267:191:155:144:295:217:325:222:368:227:398:226
A,2224,74.1485,-1,0,0,1,X,X,X,X,X,267:192:155:143:295:218:325:223:367:227:397:227
A,2225,74.1808,18,1,1,1,X,C,X,C,X,267:190:154:146:295:218:326:223:368:227:399:227
A,2226,74.2126,18,1,1,1,X,C,X,C,X,267:191:155:144:296:219:327:224:367:228:399:228
A,2227,74.2445,18,1,1,1,X,C,X,C,X,267:191:155:144:296:219:326:224:368:228:399:228
A,2228,74.2766,18,1,1,1,X,C,X,C,X,267:191:155:144:296:218:326:222:368:227:399:228
A,2229,74.3088,18,1,0,1,X,X,X,X,X,267:192:155:143:296:217:326:222:368:227:399:227
A,2230,74.3409,18,1,0,1,X,X,X,X,X,267:192:154:143:296:217:325:222:368:227:397:227
A,2231,74.3725,18,1,0,1,X,X,X,X,X,267:192:154:143:296:216:326:222:368:227:398:226
A,2232,74.4048,18,1,0,1,X,X,X,X,X,267:192:155:144:297:216:326:222:368:227:398:226
A,2233,74.4526,-1,0,0,1,X,X,X,X,X,267:192:155:144:297:216:326:222:368:227:398:226
A,2234,74.4846,-1,0,0,1,X,X,X,X,X,267:192:155:144:297:216:326:222:369:227:399:226
A,2235,74.5166,-1,0,0,1,X,X,X,X,X,267:192:155:143:297:216:326:222:369:226:398:226
A,2236,74.5486,-1,0,0,1,X,X,X,X,X,267:192:155:144:297:216:326:222:369:227:399:226
A,2237,74.5808,-1,0,0,1,X,X,X,X,X,267:192:156:144:297:216:326:222:368:227:398:226
A,2238,74.6129,-1,0,0,1,X,X,X,X,X,267:191:155:145:297:216:326:222:368:226:398:226
A,2239,74.6448,-1,0,0,1,X,X,X,X,X,267:192:155:144:296:216:326:222:368:227:399:226
A,2240,74.6766,-1,0,0,1,X,X,X,X,X,267:192:155:144:297:216:326:222:369:227:399:226
A,2241,74.7087,-1,0,0,1,X,X,X,X,X,267:192:155:144:296:216:326:222:368:227:398:226
A,2242,74.7407,-1,0,0,1,X,X,X,X,X,267:193:155:143:297:216:327:222:368:226:398:226
A,2243,74.7725,-1,0,0,1,X,X,X,X,X,266:191:156:144:295:216:326:222:368:227:399:225
A,2244,74.8048,-1,0,0,1,X,X,X,X,X,267:192:155:144:296:216:326:222:368:227:398:226
A,2245,74.8368,-1,0,0,1,X,X,X,X,X,267:192:155:144:296:216:326:222:368:227:398:226
A,2246,74.8845,-1,0,0,1,X,X,X,X,X,267:192:155:145:297:216:326:222:368:227:398:227
A,2247,74.9168,-1,0,0,1,X,X,X,X,X,267:193:155:143:296:217:326:222:368:227:398:226
A,2248,74.9488,-1,0,0,1,X,X,X,X,X,267:193:154:143:298:217:327:223:369:227:398:227
A,2249,74.9806,-1,0,0,1,X,X,X,X,X,267:193:155:143:297:217:326:223:368:227:397:227
A,2250,75.0129,-1,0,0,1,X,X,X,X,X,267:192:156:144:296:217:326:222:368:227:398:226
A,2251,75.0446,-1,0,0,1,X,X,X,X,X,267:192:156:144:297:217:326:222:369:227:399:227
A,2252,75.0768,-1,0,0,1,X,X,X,X,X,267:193:156:143:297:217:326:223:369:227:399:227
A,2253,75.1089,-1,0,0,1,X,X,X,X,X,268:193:154:143:298:217:326:223:369:227:398:227
A,2254,75.1408,-1,0,0,1,X,X,X,X,X,268:192:155:143:297:217:327:222:370:227:399:227
A,2255,75.1726,-1,0,0,1,X,X,X,X,X,267:192:156:143:297:216:326:222:369:227:399:226
A,2256,75.2048,-1,0,0,1,X,X,X,X,X,268:192:155:142:297:216:327:222:369:227:399:226
A,2257,75.2365,-1,0,0,1,X,X,X,X,X,268:192:155:143:297:216:327:222:369:227:399:226
A,2258,75.2845,-1,0,0,1,X,X,X,X,X,268:192:155:143:297:216:327:222:369:227:399:226
A,2259,75.3167,-1,0,0,1,X,X,X,X,X,268:192:154:143:296:216:326:222:369:227:399:226
A,2260,75.3486,-1,0,0,1,X,X,X,X,X,268:192:155:143:297:216:327:222:368:226:398:226
A,2261,75.3806,-1,0,0,1,X,X,X,X,X,267:191:156:144:297:216:327:222:369:226:399:226
A,2262,75.4128,-1,0,0,1,X,X,X,X,X,268:192:154:144:297:216:327:222:369:227:398:226
A,2263,75.4447,-1,0,0,1,X,X,X,X,X,268:191:154:144:298:216:327:222:369:226:398:226
A,2264,75.4766,-1,0,0,1,X,X,X,X,X,267:192:156:143:298:216:327:221:369:226:399:226
A,2265,75.5087,-1,0,0,1,X,X,X,X,X,267:192:155:143:298:216:327:221:369:226:398:226
A,2266,75.5407,-1,0,0,1,X,X,X,X,X,267:192:156:143:297:215:327:221:369:226:399:225
A,2267,75.5726,-1,0,0,1,X,X,X,X,X,267:191:156:144:299:216:327:221:369:226:398:226
A,2268,75.6048,-1,0,0,1,X,X,X,X,X,267:192:156:143:298:216:327:222:369:226:399:225
A,2269,75.6366,-1,0,0,1,X,X,X,X,X,267:192:156:143:298:216:327:222:369:226:399:225
A,2270,75.6846,-1,0,0,1,X,X,X,X,X,267:192:156:143:298:216:328:221:369:226:398:226
A,2271,75.717,-1,0,0,1,X,X,X,X,X,267:192:155:144:299:216:327:222:369:226:398:226
A,2272,75.7487,-1,0,0,1,X,X,X,X,X,268:193:155:143:298:216:328:222:369:226:399:226
A,2273,75.7809,-1,0,0,1,X,X,X,X,X,268:192:155:144:298:216:327:222:369:226:398:226
A,2274,75.8127,-1,0,0,1,X,X,X,X,X,267:192:156:144:298:216:327:222:370:227:399:226
A,2275,75.8446,-1,0,0,1,X,X,X,X,X,268:192:154:144:298:216:328:221:370:226:399:226
A,2276,75.8766,-1,0,0,1,X,X,X,X,X,268:192:155:143:298:216:328:222:370:226:399:226
A,2277,75.9087,-1,0,0,1,X,X,X,X,X,268:193:154:142:298:216:328:222:370:227:399:227
A,2278,75.9407,-1,0,0,1,X,X,X,X,X,268:192:155:143:298:216:327:222:370:226:399:226
A,2279,75.9726,-1,0,0,1,X,X,X,X,X,267:192:156:143:297:216:327:222:370:226:399:226
A,2280,76.0047,-1,0,0,1,X,X,X,X,X,268:192:155:144:298:216:327:222:370:227:399:226
A,2281,76.0366,-1,0,0,1,X,X,X,X,X,267:192:156:143:298:216:327:222:370:227:399:226
A,2282,76.0686,-1,0,0,1,X,X,X,X,X,268:192:154:143:298:216:327:221:370:226:399:226
A,2283,76.1166,-1,0,0,1,X,X,X,X,X,268:192:155:144:297:216:327:221:369:226:399:225
A,2284,76.1485,-1,0,0,1,X,X,X,X,X,268:193:155:143:298:217:327:222:369:227:399:227
A,2285,76.1808,-1,0,0,1,X,X,X,X,X,267:192:156:143:298:216:327:222:369:227:399:226
A,2286,76.2128,-1,0,0,1,X,X,X,X,X,268:192:155:144:298:216:327:221:370:226:399:226
A,2287,76.2445,-1,0,0,1,X,X,X,X,X,268:192:155:144:297:216:327:222:369:226:399:225
A,2288,76.2767,-1,0,0,1,X,X,X,X,X,267:192:156:143:297:216:327:222:369:227:399:227
A,2289,76.3088,-1,0,0,1,X,X,X,X,X,268:193:155:142:297:216:327:222:369:227:399:227
A,2290,76.3407,-1,0,0,1,X,X,X,X,X,268:192:154:143:297:216:327:222:369:226:399:226
A,2291,76.3733,-1,0,0,1,X,X,X,X,X,268:192:154:144:297:216:327:222:369:226:399:226
A,2292,76.4422,-1,0,0,1,X,X,X,X,X,268:192:155:144:298:217:327:222:369:227:398:226
A,2293,76.4687,-1,0,0,1,X,X,X,X,X,268:192:154:144:298:216:327:222:370:226:399:226
A,2294,76.5165,-1,0,0,1,X,X,X,X,X,267:192:156:143:297:216:328:222:370:226:399:226
A,2295,76.5485,-1,0,0,1,X,X,X,X,X,267:193:156:143:297:216:327:222:369:227:399:227
A,2296,76.5805,-1,0,0,1,X,X,X,X,X,267:192:155:143:297:216:327:222:369:226:398:226
A,2297,76.6128,-1,0,0,1,X,X,X,X,X,268:192:155:144:297:216:326:222:370:226:399:226
A,2298,76.6447,-1,0,0,1,X,X,X,X,X,268:192:155:144:297:216:327:222:369:226:399:226
A,2299,76.6768,-1,0,0,1,X,X,X,X,X,267:193:156:143:297:217:327:222:370:227:400:227
A,2300,76.7086,-1,0,0,1,X,X,X,X,X,268:193:155:143:298:217:327:223:370:227:399:227
A,2301,76.7406,-1,0,0,1,X,X,X,X,X,268:193:154:143:298:217:327:223:370:227:399:226
A,2302,76.7729,-1,0,0,1,X,X,X,X,X,267:193:156:143:298:217:327:223:370:227:398:227
A,2303,76.8046,-1,0,0,1,X,X,X,X,X,268:194:155:142:298:217:327:223:370:227:399:227
A,2304,76.8365,-1,0,0,1,X,X,X,X,X,267:193:155:143:299:217:328:223:370:227:399:227
A,2305,76.8687,-1,0,0,1,X,X,X,X,X,268:193:155:143:298:217:328:223:370:227:400:227
A,2306,76.9008,-1,0,0,1,X,X,X,X,X,267:193:156:142:297:217:327:223:370:227:400:227
A,2307,76.9486,-1,0,0,1,X,X,X,X,X,268:194:156:142:298:217:328:223:370:227:399:227
A,2308,76.9805,-1,0,0,1,X,X,X,X,X,267:194:156:141:298:218:328:223:370:227:399:227
A,2309,77.0127,-1,0,0,1,X,X,X,X,X,267:193:156:143:297:217:327:223:370:227:400:227
A,2310,77.0446,-1,0,0,1,X,X,X,X,X,267:194:156:141:298:217:327:223:370:228:399:227
A,2311,77.0767,-1,0,0,1,X,X,X,X,X,268:193:155:142:298:217:327:222:370:227:399:227
A,2312,77.1086,-1,0,0,1,X,X,X,X,X,268:194:155:142:298:217:327:223:370:228:400:228
A,2313,77.1406,-1,0,0,1,X,X,X,X,X,268:193:155:142:298:217:327:223:371:228:400:228
A,2314,77.1729,-1,0,0,1,X,X,X,X,X,268:193:155:142:298:217:327:223:370:227:399:227
A,2315,77.2046,-1,0,0,1,X,X,X,X,X,268:193:155:142:298:217:327:223:370:227:399:227
A,2316,77.2366,-1,0,0,1,X,X,X,X,X,268:193:154:143:298:217:327:223:370:228:399:228
A,2317,77.2687,-1,0,0,1,X,X,X,X,X,268:194:155:141:298:217:327:223:370:228:399:228
A,2318,77.3006,-1,0,0,1,X,X,X,X,X,268:193:154:142:298:217:327:223:370:227:399:227
A,2319,77.3484,-1,0,0,1,X,X,X,X,X,267:193:155:142:299:217:328:223:372:227:400:228
A,2320,77.3805,-1,0,0,1,X,X,X,X,X,267:194:157:141:298:218:328:223:371:228:400:228
A,2321,77.4126,-1,0,0,1,X,X,X,X,X,268:194:155:141:298:217:328:223:370:228:400:227
A,2322,77.4444,-1,0,0,1,X,X,X,X,X,268:194:155:141:298:217:328:223:370:228:400:227
A,2323,77.4768,-1,0,0,1,X,X,X,X,X,267:193:155:142:298:217:328:223:371:227:400:227
A,2324,77.5086,-1,0,0,1,X,X,X,X,X,267:194:156:142:299:217:328:223:371:227:399:227
A,2325,77.5406,-1,0,0,1,X,X,X,X,X,267:194:157:142:298:217:328:223:371:228:401:227
A,2326,77.573,-1,0,0,1,X,X,X,X,X,268:195:156:140:299:217:328:223:372:228:401:228
A,2327,77.6046,-1,0,0,1,X,X,X,X,X,267:194:156:141:299:217:328:223:371:228:400:227
A,2328,77.6366,-1,0,0,1,X,X,X,X,X,267:194:156:142:299:217:329:223:371:227:400:227
A,2329,77.6687,-1,0,0,1,X,X,X,X,X,268:195:155:141:299:217:328:223:371:228:401:227
A,2330,77.7008,-1,0,0,1,X,X,X,X,X,268:194:156:142:298:217:328:223:371:228:400:227
A,2331,77.7486,-1,0,0,1,X,X,X,X,X,267:194:157:142:298:218:328:223:371:227:400:227
A,2332,77.7806,-1,0,0,1,X,X,X,X,X,268:194:154:142:298:218:328:223:371:228:400:227
A,2333,77.8129,-1,0,0,1,X,X,X,X,X,267:194:156:142:298:217:328:223:371:228:400:227
A,2334,77.8444,-1,0,0,1,X,X,X,X,X,269:195:153:142:298:218:327:223:370:228:399:227
A,2335,77.8765,-1,0,0,1,X,X,X,X,X,269:195:154:140:298:218:327:224:370:228:400:228
A,2336,77.9086,-1,0,0,1,X,X,X,X,X,268:195:154:140:298:218:327:224:370:228:399:228
A,2337,77.9404,-1,0,0,1,X,X,X,X,X,269:195:153:141:298:218:327:224:369:228:398:228
A,2338,77.973,-1,0,0,1,X,X,X,X,X,267:195:154:141:298:218:326:224:370:229:400:228
A,2339,78.0044,-1,0,0,1,X,X,X,X,X,267:196:155:140:297:219:327:224:370:228:400:228
A,2340,78.0365,-1,0,0,1,X,X,X,X,X,267:196:156:140:297:219:327:224:369:229:398:228
A,2341,78.0686,-1,0,0,1,X,X,X,X,X,267:196:155:140:297:219:327:224:369:229:399:228
A,2342,78.1007,-1,0,0,1,X,X,X,X,X,267:196:155:140:297:219:327:224:369:229:398:228
A,2343,78.133,-1,0,0,1,X,X,X,X,X,267:196:155:141:297:219:326:225:369:229:399:228
A,2344,78.1806,-1,0,0,1,X,X,X,X,X,266:196:156:141:297:219:326:225:369:229:398:228
A,2345,78.2136,-1,0,0,1,X,X,X,X,X,267:196:155:142:296:219:326:225:369:229:399:228
A,2346,78.245,-1,0,0,1,X,X,X,X,X,267:196:154:141:297:219:326:225:369:229:398:228
A,2347,78.2767,-1,0,0,1,X,X,X,X,X,267:196:155:141:297:219:326:225:369:229:398:228
A,2348,78.3087,-1,0,0,1,X,X,X,X,X,267:196:155:142:297:219:326:225:369:229:398:228
A,2349,78.3407,-1,0,0,1,X,X,X,X,X,267:196:155:141:296:219:326:225:369:229:398:228
A,2350,78.373,-1,0,0,1,X,X,X,X,X,268:195:155:142:296:219:326:225:368:229:399:228
A,2351,78.4045,-1,0,0,1,X,X,X,X,X,267:196:155:141:297:219:326:225:369:229:399:228
A,2352,78.4367,-1,0,0,1,X,X,X,X,X,267:196:155:141:297:219:326:225:368:229:398:228
A,2353,78.4684,-1,0,0,1,X,X,X,X,X,267:196:155:141:297:219:326:225:368:229:398:229
A,2354,78.5004,-1,0,0,1,X,X,X,X,X,267:196:154:141:296:219:326:225:368:229:397:228
A,2355,78.533,-1,0,0,1,X,X,X,X,X,267:195:155:142:295:219:326:225:368:229:398:228
A,2356,78.5804,-1,0,0,1,X,X,X,X,X,267:196:155:142:296:219:325:225:368:229:398:228
A,2357,78.6127,-1,0,0,1,X,X,X,X,X,267:196:155:141:296:219:326:225:368:229:397:228
A,2358,78.6447,-1,0,0,1,X,X,X,X,X,266:195:156:142:296:219:325:225:368:229:397:228
A,2359,78.6766,-1,0,0,1,X,X,X,X,X,266:195:156:143:296:219:326:225:369:229:399:228
A,2360,78.7085,-1,0,0,1,X,X,X,X,X,266:195:156:143:296:219:325:225:368:229:398:228
A,2361,78.7407,-1,0,0,1,X,X,X,X,X,266:195:155:142:296:219:325:225:368:229:398:228
A,2362,78.7728,-1,0,0,1,X,X,X,X,X,267:195:154:142:296:219:326:225:367:229:397:228
A,2363,78.8045,-1,0,0,1,X,X,X,X,X,267:196:155:141:295:219:326:225:368:229:398:228
A,2364,78.8364,-1,0,0,1,X,X,X,X,X,266:195:156:141:296:218:325:224:368:228:397:227
A,2365,78.8686,-1,0,0,1,X,X,X,X,X,267:195:154:141:295:219:325:224:368:228:397:227
A,2366,78.9006,-1,0,0,1,X,X,X,X,X,266:194:156:143:295:218:325:224:368:228:398:227
A,2367,78.9329,-1,0,0,1,X,X,X,X,X,266:194:156:142:296:217:325:223:368:228:398:227
A,2368,78.9806,-1,0,0,1,X,X,X,X,X,266:193:157:143:295:216:325:223:368:227:398:226
A,2369,79.0128,-1,0,0,1,X,X,X,X,X,266:192:156:144:295:216:325:222:367:227:397:225
A,2370,79.0447,-1,0,0,1,X,X,X,X,X,266:191:156:144:295:216:324:221:366:226:396:225
A,2371,79.0766,-1,0,0,1,X,X,X,X,X,266:190:156:145:294:215:324:221:366:226:396:225
A,2372,79.1086,-1,0,0,1,X,X,X,X,X,264:189:158:146:294:214:323:220:365:224:396:223
A,2373,79.1406,-1,0,0,1,X,X,X,X,X,265:189:157:146:293:214:323:220:366:224:396:224
A,2374,79.1728,-1,0,0,1,X,X,X,X,X,265:188:157:147:293:213:323:219:365:224:395:223
A,2375,79.2045,-1,0,0,1,X,X,X,X,X,265:188:157:146:293:213:323:219:366:224:396:223
A,2376,79.2367,-1,0,0,1,X,X,X,X,X,265:187:156:147:294:212:323:218:365:223:395:222
A,2377,79.2685,-1,0,0,1,X,X,X,X,X,265:187:157:147:293:212:323:218:365:223:396:222
A,2378,79.3005,-1,0,0,1,X,X,X,X,X,265:187:156:148:294:212:323:218:366:223:395:222
A,2379,79.333,-1,0,0,1,X,X,X,X,X,266:186:155:148:294:211:324:218:365:222:395:222
A,2380,79.3646,-1,0,0,1,X,X,X,X,X,266:186:156:148:295:212:324:217:366:222:396:222
A,2381,79.4443,-1,0,0,1,X,X,X,X,X,267:186:156:148:294:212:324:217:367:222:397:222
A,2382,79.4763,-1,0,0,1,X,X,X,X,X,267:185:156:149:295:211:325:217:367:222:397:222
A,2383,79.5083,-1,0,0,1,X,X,X,X,X,267:185:156:148:295:211:325:217:367:221:397:221
A,2384,79.5407,-1,0,0,1,X,X,X,X,X,267:185:157:149:295:211:325:217:367:221:398:221
A,2385,79.5734,-1,0,0,1,X,X,X,X,X,267:185:156:149:295:211:325:217:368:222:397:222
A,2386,79.6044,-1,0,0,1,X,X,X,X,X,267:185:156:149:295:211:325:217:367:222:397:222
A,2387,79.6365,19,1,0,1,X,X,X,X,X,268:184:154:150:295:211:325:217:367:222:397:222
A,2388,79.6687,19,1,1,1,X,C,X,C,X,267:184:157:149:295:212:326:217:366:222:398:224
A,2389,79.7004,19,1,1,1,X,C,X,C,X,267:184:156:150:295:213:325:219:367:224:398:224
A,2390,79.7327,19,1,1,1,X,C,X,C,X,267:184:156:151:295:213:326:218:367:223:399:224
A,2391,79.7646,19,1,1,1,X,C,X,C,X,267:184:156:150:295:212:325:218:368:223:399:224
A,2392,79.8126,19,1,0,1,X,X,X,X,X,267:184:157:150:295:212:325:217:369:222:399:223
A,2393,79.8444,19,1,0,1,X,X,X,X,X,267:184:156:150:295:211:325:216:367:222:397:223
A,2394,79.8767,19,1,0,1,X,X,X,X,X,267:185:156:150:296:211:325:217:367:222:397:222
A,2395,79.9083,19,1,0,1,X,X,X,X,X,267:185:157:149:295:211:325:217:367:222:397:222
A,2396,79.9404,-1,0,0,1,X,X,X,X,X,267:184:156:151:295:211:325:217:368:222:397:222
A,2397,79.9729,-1,0,0,1,X,X,X,X,X,267:185:155:149:295:211:325:217:367:222:397:222
A,2398,80.0044,-1,0,0,1,X,X,X,X,X,267:186:156:149:295:212:325:218:367:222:397:222
A,2399,80.0365,-1,0,0,1,X,X,X,X,X,266:186:157:149:295:212:325:218:367:223:398:222
A,2400,80.0687,-1,0,0,1,X,X,X,X,X,267:186:156:148:295:212:325:218:367:222:397:222
A,2401,80.1005,-1,0,0,1,X,X,X,X,X,267:186:156:149:295:212:325:219:367:223:397:222
A,2402,80.1328,-1,0,0,1,X,X,X,X,X,267:188:155:147:296:213:325:219:367:223:397:223
A,2403,80.1647,-1,0,0,1,X,X,X,X,X,268:187:154:148:296:213:325:219:366:223:397:223
A,2404,80.2126,-1,0,0,1,X,X,X,X,X,267:187:155:147:296:212:325:219:367:223:397:222
A,2405,80.2443,-1,0,0,1,X,X,X,X,X,267:188:156:147:296:213:326:218:368:223:398:222
A,2406,80.2763,-1,0,0,1,X,X,X,X,X,267:188:155:147:296:214:326:219:367:223:398:222
A,2407,80.3083,-1,0,0,1,X,X,X,X,X,267:189:155:146:297:214:326:220:368:224:397:222
A,2408,80.3403,-1,0,0,1,X,X,X,X,X,268:189:154:145:297:214:326:219:367:223:398:222
A,2409,80.3729,-1,0,0,1,X,X,X,X,X,268:189:155:145:297:214:326:219:368:223:398:222
A,2410,80.4043,-1,0,0,1,X,X,X,X,X,267:190:155:145:296:215:326:220:368:224:398:223
A,2411,80.4365,-1,0,0,1,X,X,X,X,X,267:190:155:146:297:215:326:220:369:224:398:223
A,2412,80.4686,-1,0,0,1,X,X,X,X,X,268:190:153:145:297:215:326:221:368:224:397:223
A,2413,80.5004,-1,0,0,1,X,X,X,X,X,267:189:155:146:296:215:326:220:368:224:398:223
A,2414,80.5326,-1,0,0,1,X,X,X,X,X,267:190:156:146:297:215:326:220:368:224:398:223
A,2415,80.5646,-1,0,0,1,X,X,X,X,X,268:190:154:146:296:216:326:221:368:225:397:223
A,2416,80.5966,-1,0,0,1,X,X,X,X,X,267:190:155:146:296:215:326:221:368:224:397:223
A,2417,80.6443,-1,0,0,1,X,X,X,X,X,268:190:154:146:297:215:326:221:368:224:397:223
A,2418,80.6764,-1,0,0,1,X,X,X,X,X,267:190:155:146:296:216:325:221:368:225:397:224
A,2419,80.7086,-1,0,0,1,X,X,X,X,X,267:191:154:145:297:217:326:222:368:225:397:224
A,2420,80.7403,-1,0,0,1,X,X,X,X,X,267:191:155:145:297:216:326:221:368:225:398:224
A,2421,80.7728,-1,0,0,1,X,X,X,X,X,267:191:155:144:296:216:326:222:368:226:398:224
A,2422,80.8043,-1,0,0,1,X,X,X,X,X,267:192:154:144:297:217:326:222:369:226:398:224
A,2423,80.8365,-1,0,0,1,X,X,X,X,X,266:192:156:145:296:217:326:222:368:226:398:225
A,2424,80.8686,-1,0,0,1,X,X,X,X,X,267:192:155:144:296:217:326:222:368:226:398:225
A,2425,80.9005,-1,0,0,1,X,X,X,X,X,268:192:154:144:297:217:327:223:369:226:398:225
A,2426,80.9326,-1,0,0,1,X,X,X,X,X,267:192:156:145:296:217:327:223:369:226:399:225
A,2427,80.9646,-1,0,0,1,X,X,X,X,X,267:192:156:145:297:217:327:223:369:227:399:226
A,2428,80.9966,-1,0,0,1,X,X,X,X,X,267:193:156:144:297:217:327:223:369:227:399:226
A,2429,81.0443,-1,0,0,1,X,X,X,X,X,267:192:156:145:297:217:327:223:369:227:399:226
A,2430,81.0766,-1,0,0,1,X,X,X,X,X,267:193:156:144:297:217:327:223:369:227:399:225
A,2431,81.1086,-1,0,0,1,X,X,X,X,X,267:192:156:145:296:217:326:223:369:227:399:225
A,2432,81.1407,-1,0,0,1,X,X,X,X,X,267:192:156:145:297:217:326:223:369:227:399:225
A,2433,81.1725,-1,0,0,1,X,X,X,X,X,267:192:156:145:297:217:326:223:369:227:399:226
A,2434,81.2046,-1,0,0,1,X,X,X,X,X,267:192:156:145:296:217:326:223:369:227:399:225
A,2435,81.2366,-1,0,0,1,X,X,X,X,X,267:192:155:145:297:217:326:223:369:227:399:226
A,2436,81.2685,-1,0,0,1,X,X,X,X,X,267:192:156:145:296:217:327:223:369:227:399:225
A,2437,81.3006,-1,0,0,1,X,X,X,X,X,267:192:156:145:296:217:326:223:369:227:399:226
A,2438,81.3325,-1,0,0,1,X,X,X,X,X,267:192:156:144:296:217:326:223:369:227:399:226
A,2439,81.3645,-1,0,0,1,X,X,X,X,X,267:192:156:145:296:217:326:223:369:227:399:226
A,2440,81.3966,-1,0,0,1,X,X,X,X,X,268:192:155:145:296:217:326:223:369:227:399:226
A,2441,81.4285,-1,0,0,1,X,X,X,X,X,267:192:156:145:296:217:326:223:369:227:399:226
A,2442,81.4763,-1,0,0,1,X,X,X,X,X,267:192:155:145:297:217:327:223:369:227:399:225
A,2443,81.5087,-1,0,0,1,X,X,X,X,X,267:192:156:145:297:217:327:223:369:227:399:226
A,2444,81.5403,-1,0,0,1,X,X,X,X,X,267:192:156:145:297:217:327:223:369:226:399:226
A,2445,81.5727,-1,0,0,1,X,X,X,X,X,267:192:155:145:297:217:327:223:369:227:399:225
A,2446,81.6046,-1,0,0,1,X,X,X,X,X,268:192:154:145:297:217:327:223:369:226:399:225
A,2447,81.6363,-1,0,0,1,X,X,X,X,X,267:192:155:144:297:216:327:222:369:226:398:225
A,2448,81.6686,-1,0,0,1,X,X,X,X,X,267:191:155:146:296:216:326:222:369:226:398:224
A,2449,81.7005,-1,0,0,1,X,X,X,X,X,267:191:155:145:296:216:326:222:368:226:399:224
A,2450,81.7326,-1,0,0,1,X,X,X,X,X,267:192:155:145:296:217:326:222:368:226:398:225
A,2451,81.7646,-1,0,0,1,X,X,X,X,X,266:192:156:144:296:216:326:222:368:226:398:225
A,2452,81.7965,-1,0,0,1,X,X,X,X,X,267:192:155:145:296:216:326:222:368:226:398:225
A,2453,81.8285,-1,0,0,1,X,X,X,X,X,267:192:155:145:296:216:326:222:369:226:398:224
A,2454,81.8764,-1,0,0,1,X,X,X,X,X,267:192:155:145:296:216:326:222:369:226:398:224
A,2455,81.9083,-1,0,0,1,X,X,X,X,X,268:192:154:145:296:216:326:222:369:226:398:224
A,2456,81.9406,-1,0,0,1,X,X,X,X,X,267:191:155:145:296:216:326:222:368:226:398:224
A,2457,81.9725,-1,0,0,1,X,X,X,X,X,267:192:156:145:296:216:326:222:369:226:399:224
A,2458,82.0045,-1,0,0,1,X,X,X,X,X,267:192:155:145:296:216:326:222:369:226:399:224
A,2459,82.0365,-1,0,0,1,X,X,X,X,X,267:192:155:144:296:216:326:222:369:226:399:224
A,2460,82.0685,-1,0,0,1,X,X,X,X,X,267:191:155:146:296:216:326:222:368:226:399:224
A,2461,82.1006,-1,0,0,1,X,X,X,X,X,267:192:155:145:296:217:326:223:369:227:399:225
A,2462,82.1324,-1,0,0,1,X,X,X,X,X,267:192:156:146:296:217:326:223:370:227:399:226
A,2463,82.1644,-1,0,0,1,X,X,X,X,X,267:192:156:146:297:217:327:223:369:227:399:226
A,2464,82.1965,-1,0,0,1,X,X,X,X,X,268:192:155:146:297:217:327:223:369:227:399:226
A,2465,82.2285,-1,0,0,1,X,X,X,X,X,268:192:155:146:297:217:327:223:370:227:400:226
A,2466,82.2764,-1,0,0,1,X,X,X,X,X,268:192:155:146:297:217:328:223:370:227:400:226
A,2467,82.3082,-1,0,0,1,X,X,X,X,X,268:192:155:146:298:217:328:223:370:227:400:226
A,2468,82.3402,-1,0,0,1,X,X,X,X,X,268:192:155:146:297:217:328:223:370:227:400:226
A,2469,82.3722,-1,0,0,1,X,X,X,X,X,268:192:155:146:298:217:328:223:370:227:400:226
A,2470,82.4046,-1,0,0,1,X,X,X,X,X,268:192:155:145:297:216:328:223:370:227:400:226
A,2471,82.4366,-1,0,0,1,X,X,X,X,X,267:192:156:145:297:216:327:222:370:226:400:225
A,2472,82.4684,-1,0,0,1,X,X,X,X,X,268:192:156:145:297:217:327:223:370:227:400:226
A,2473,82.5005,-1,0,0,1,X,X,X,X,X,268:192:155:146:297:217:327:223:370:227:399:226
A,2474,82.5324,-1,0,0,1,X,X,X,X,X,268:192:155:146:298:217:327:223:370:227:399:226
A,2475,82.5644,-1,0,0,1,X,X,X,X,X,268:192:155:146:297:217:327:223:370:227:401:225
A,2476,82.5963,-1,0,0,1,X,X,X,X,X,267:192:156:146:297:217:328:223:370:227:400:226
A,2477,82.6284,-1,0,0,1,X,X,X,X,X,267:192:156:146:297:217:328:223:370:227:400:226
A,2478,82.6604,-1,0,0,1,X,X,X,X,X,267:192:157:146:298:217:328:223:370:227:400:226
A,2479,82.7084,-1,0,0,1,X,X,X,X,X,267:192:156:146:298:216:328:222:371:227:400:225
A,2480,82.7404,-1,0,0,1,X,X,X,X,X,268:192:155:146:298:216:328:223:370:227:399:225
A,2481,82.7725,-1,0,0,1,X,X,X,X,X,267:192:157:146:299:216:328:223:371:227:400:226
A,2482,82.8044,-1,0,0,1,X,X,X,X,X,268:192:155:145:298:216:328:223:370:227:400:225
A,2483,82.8366,-1,0,0,1,X,X,X,X,X,268:192:156:146:298:216:328:222:371:226:400:225
A,2484,82.8684,-1,0,0,1,X,X,X,X,X,268:192:156:146:298:216:328:222:371:226:400:225
A,2485,82.9004,-1,0,0,1,X,X,X,X,X,268:192:155:146:298:217:328:223:370:227:399:226
A,2486,82.9325,-1,0,0,1,X,X,X,X,X,268:192:155:146:298:217:328:224:370:228:400:226
A,2487,82.9644,-1,0,0,1,X,X,X,X,X,268:192:156:146:298:217:328:223:370:227:400:226
A,2488,82.9965,-1,0,0,1,X,X,X,X,X,268:192:155:146:298:217:328:223:370:227:400:226
A,2489,83.0287,-1,0,0,1,X,X,X,X,X,269:193:154:146:298:217:328:224:371:228:400:227
A,2490,83.0602,-1,0,0,1,X,X,X,X,X,269:193:154:146:299:218:328:224:371:228:400:227
A,2491,83.1084,-1,0,0,1,X,X,X,X,X,267:193:156:145:298:218:328:224:370:228:400:226
A,2492,83.1404,-1,0,0,1,X,X,X,X,X,267:192:156:147:298:217:328:224:370:228:400:226
A,2493,83.1726,20,1,0,1,X,X,X,X,X,268:193:156:146:297:218:328:224:370:228:400:228
A,2494,83.2044,20,1,1,1,X,C,X,C,X,269:192:155:147:298:220:329:225:370:229:401:229
A,2495,83.2365,20,1,1,1,X,C,X,C,X,269:192:155:147:298:220:329:225:370:230:401:230
A,2496,83.2685,20,1,1,1,X,C,X,C,X,268:193:156:146:299:221:329:226:370:230:401:230
A,2497,83.3006,20,1,1,1,X,C,X,C,X,268:192:156:147:298:219:328:224:371:229:401:229
A,2498,83.3323,20,1,0,1,X,X,X,X,X,268:192:156:147:298:219:328:224:370:229:401:229
A,2499,83.3646,20,1,0,1,X,X,X,X,X,269:193:154:147:297:219:328:224:372:229:402:229
A,2500,83.3964,20,1,0,1,X,X,X,X,X,268:193:156:146:298:219:329:224:371:229:401:229
A,2501,83.4284,20,1,0,1,X,X,X,X,X,269:192:155:147:298:218:329:224:371:228:401:229
A,2502,83.4605,-1,0,0,1,X,X,X,X,X,268:193:156:147:298:218:329:224:371:228:400:228
A,2503,83.5083,-1,0,0,1,X,X,X,X,X,269:192:155:147:298:218:328:224:371:228:401:228
A,2504,83.5452,-1,0,0,1,X,X,X,X,X,269:193:155:147:299:218:329:224:371:228:401:227
A,2505,83.5722,-1,0,0,1,X,X,X,X,X,268:193:156:146:299:219:329:224:371:229:401:228
A,2506,83.6042,-1,0,0,1,X,X,X,X,X,269:193:155:147:299:218:329:224:371:228:400:228
A,2507,83.6366,-1,0,0,1,X,X,X,X,X,268:192:155:148:299:218:329:224:371:228:400:228
A,2508,83.6693,-1,0,0,1,X,X,X,X,X,269:192:155:148:299:218:329:224:371:228:400:228
A,2509,83.7006,-1,0,0,1,X,X,X,X,X,268:193:156:146:299:218:328:224:371:229:400:228
A,2510,83.7323,-1,0,0,1,X,X,X,X,X,269:193:155:146:299:219:329:224:371:229:400:228
A,2511,83.7645,-1,0,0,1,X,X,X,X,X,268:193:156:146:298:218:328:224:371:229:401:228
A,2512,83.7964,-1,0,0,1,X,X,X,X,X,268:193:156:146:298:218:329:225:371:229:400:228
A,2513,83.8285,-1,0,0,1,X,X,X,X,X,268:193:156:146:298:218:328:224:371:229:401:228
A,2514,83.8605,-1,0,0,1,X,X,X,X,X,269:193:155:145:298:218:328:224:371:229:401:227
A,2515,83.8925,-1,0,0,1,X,X,X,X,X,268:193:156:146:299:218:329:225:371:229:400:228
A,2516,83.9404,-1,0,0,1,X,X,X,X,X,269:193:154:146:299:218:329:224:371:229:400:228
A,2517,83.9725,-1,0,0,1,X,X,X,X,X,269:193:155:146:299:219:329:224:372:229:401:229
A,2518,84.0042,-1,0,0,1,X,X,X,X,X,269:193:154:146:299:218:329:224:371:229:400:228
A,2519,84.0366,-1,0,0,1,X,X,X,X,X,269:193:155:146:298:218:328:224:371:229:401:228
A,2520,84.0687,-1,0,0,1,X,X,X,X,X,269:193:155:146:299:219:329:224:371:229:400:228
A,2521,84.1004,-1,0,0,1,X,X,X,X,X,269:193:155:146:299:219:329:225:371:229:401:228
A,2522,84.1324,-1,0,0,1,X,X,X,X,X,269:193:155:146:298:218:329:224:371:229:400:228
A,2523,84.1646,-1,0,0,1,X,X,X,X,X,269:193:155:146:299:219:329:225:371:229:400:228
A,2524,84.1964,-1,0,0,1,X,X,X,X,X,268:193:156:146:299:219:329:224:371:229:400:228
A,2525,84.2287,-1,0,0,1,X,X,X,X,X,268:193:156:146:299:218:329:225:371:229:400:228
A,2526,84.2605,-1,0,0,1,X,X,X,X,X,269:193:155:146:299:218:329:225:371:229:400:228
A,2527,84.2924,-1,0,0,1,X,X,X,X,X,269:193:154:146:299:219:329:225:371:229:400:228
A,2528,84.3403,-1,0,0,1,X,X,X,X,X,269:193:155:146:298:218:329:224:371:229:401:228
A,2529,84.3724,-1,0,0,1,X,X,X,X,X,269:193:154:146:299:218:328:224:371:228:400:227
A,2530,84.4045,-1,0,0,1,X,X,X,X,X,269:193:155:145:299:217:329:224:371:228:400:227
A,2531,84.4365,-1,0,0,1,X,X,X,X,X,269:193:154:145:300:217:329:223:371:228:400:226
A,2532,84.4688,-1,0,0,1,X,X,X,X,X,269:193:154:146:300:217:329:223:371:227:400:226
A,2533,84.5005,-1,0,0,1,X,X,X,X,X,268:193:155:145:300:217:329:223:371:228:400:226
A,2534,84.5325,-1,0,0,1,X,X,X,X,X,269:193:155:145:300:217:329:223:371:228:400:227
A,2535,84.5645,-1,0,0,1,X,X,X,X,X,269:193:154:146:300:217:329:223:371:228:400:227
A,2536,84.5964,-1,0,0,1,X,X,X,X,X,268:192:156:147:299:217:329:223:371:228:400:226
A,2537,84.6288,-1,0,0,1,X,X,X,X,X,269:193:154:146:299:217:329:224:371:228:400:227
A,2538,84.6604,-1,0,0,1,X,X,X,X,X,269:193:154:145:299:217:329:223:371:227:400:226
A,2539,84.6924,-1,0,0,1,X,X,X,X,X,268:193:155:145:300:217:329:223:371:227:399:226
A,2540,84.7403,-1,0,0,1,X,X,X,X,X,269:192:154:146:300:217:329:223:371:227:400:226
A,2541,84.7721,-1,0,0,1,X,X,X,X,X,268:192:156:146:299:217:329:223:371:227:401:226
A,2542,84.8045,-1,0,0,1,X,X,X,X,X,269:192:155:146:299:217:329:223:371:227:400:226
A,2543,84.8364,-1,0,0,1,X,X,X,X,X,269:191:155:148:299:217:329:223:371:227:400:226
A,2544,84.8686,-1,0,0,1,X,X,X,X,X,269:192:154:146:300:217:329:223:371:227:400:226
A,2545,84.9002,-1,0,0,1,X,X,X,X,X,269:192:154:146:300:217:329:223:371:227:400:226
A,2546,84.9324,-1,0,0,1,X,X,X,X,X,269:192:154:146:299:217:329:223:371:227:400:226
A,2547,84.9642,-1,0,0,1,X,X,X,X,X,269:192:154:146:299:217:329:223:371:227:400:226
A,2548,84.9965,-1,0,0,1,X,X,X,X,X,269:192:154:146:300:217:330:223:371:227:400:226
A,2549,85.0287,-1,0,0,1,X,X,X,X,X,269:192:154:146:299:216:329:223:371:227:400:225
A,2550,85.0604,-1,0,0,1,X,X,X,X,X,268:192:156:146:299:216:329:223:371:227:400:226
A,2551,85.0923,-1,0,0,1,X,X,X,X,X,268:191:156:147:299:216:329:223:371:227:400:225
A,2552,85.1244,-1,0,0,1,X,X,X,X,X,268:192:156:146:299:216:329:223:371:227:400:226
A,2553,85.1723,-1,0,0,1,X,X,X,X,X,268:191:156:146:299:216:329:223:370:227:400:225
A,2554,85.2043,-1,0,0,1,X,X,X,X,X,268:191:156:147:298:216:329:223:371:227:401:225
A,2555,85.2365,-1,0,0,1,X,X,X,X,X,269:192:154:145:299:216:329:222:370:227:400:226
A,2556,85.2686,-1,0,0,1,X,X,X,X,X,268:191:155:147:299:216:329:223:371:227:400:226
A,2557,85.3004,-1,0,0,1,X,X,X,X,X,269:191:155:147:299:216:328:223:370:227:400:225
A,2558,85.3324,-1,0,0,1,X,X,X,X,X,268:191:155:147:298:216:328:222:370:226:401:225
A,2559,85.3641,-1,0,0,1,X,X,X,X,X,268:191:156:147:298:216:328:222:370:226:399:225
A,2560,85.3961,-1,0,0,1,X,X,X,X,X,268:191:156:147:298:215:328:222:370:226:399:225
A,2561,85.4288,-1,0,0,1,X,X,X,X,X,268:192:156:145:298:216:328:222:370:227:400:225
A,2562,85.4601,-1,0,0,1,X,X,X,X,X,268:192:155:145:298:216:328:222:370:227:399:225
A,2563,85.4921,-1,0,0,1,X,X,X,X,X,268:191:156:146:298:216:328:222:370:226:399:225
A,2564,85.5245,-1,0,0,1,X,X,X,X,X,268:191:155:147:298:216:328:222:370:226:399:225
A,2565,85.5723,-1,0,0,1,X,X,X,X,X,268:191:155:146:298:216:328:222:370:226:399:225
A,2566,85.6042,-1,0,0,1,X,X,X,X,X,268:191:155:147:298:216:328:222:370:226:399:225
A,2567,85.6364,-1,0,0,1,X,X,X,X,X,268:191:155:147:298:215:328:222:370:226:399:225
A,2568,85.6688,-1,0,0,1,X,X,X,X,X,268:191:155:147:298:216:328:222:370:226:400:225
A,2569,85.7002,-1,0,0,1,X,X,X,X,X,268:191:155:146:298:215:328:222:370:226:399:225
A,2570,85.7321,-1,0,0,1,X,X,X,X,X,268:191:155:147:298:215:328:222:370:226:399:225
A,2571,85.7641,-1,0,0,1,X,X,X,X,X,268:191:155:147:298:215:328:222:370:226:399:224
A,2572,85.7961,-1,0,0,1,X,X,X,X,X,268:191:155:147:298:215:328:222:370:226:399:225
A,2573,85.8286,-1,0,0,1,X,X,X,X,X,268:191:155:147:298:216:328:222:370:226:399:225
A,2574,85.8601,-1,0,0,1,X,X,X,X,X,268:191:155:147:298:216:328:222:370:227:400:225
A,2575,85.8921,-1,0,0,1,X,X,X,X,X,268:192:155:146:299:216:328:222:370:227:400:225
A,2576,85.9244,-1,0,0,1,X,X,X,X,X,268:192:156:146:298:216:328:222:370:227:399:225
A,2577,85.9721,-1,0,0,1,X,X,X,X,X,268:192:156:146:298:216:328:222:370:226:400:225
A,2578,86.0041,-1,0,0,1,X,X,X,X,X,268:192:156:146:299:216:328:223:370:227:400:225
A,2579,86.0361,-1,0,0,1,X,X,X,X,X,268:192:155:147:299:217:328:223:370:227:400:226
A,2580,86.0687,-1,0,0,1,X,X,X,X,X,268:191:155:147:298:216:328:223:370:227:400:226
A,2581,86.1003,-1,0,0,1,X,X,X,X,X,268:192:156:146:298:217:328:223:370:227:399:226
A,2582,86.1324,-1,0,0,1,X,X,X,X,X,268:192:154:146:298:217:328:222:370:227:399:226
A,2583,86.1643,-1,0,0,1,X,X,X,X,X,268:191:156:148:298:217:328:223:370:227:399:226
A,2584,86.1963,-1,0,0,1,X,X,X,X,X,268:192:156:147:298:217:328:223:370:227:399:226
A,2585,86.2288,-1,0,0,1,X,X,X,X,X,268:192:155:147:298:217:328:223:370:227:399:226
A,2586,86.2603,-1,0,0,1,X,X,X,X,X,268:192:155:147:298:217:328:223:370:227:400:226
A,2587,86.2923,-1,0,0,1,X,X,X,X,X,268:192:155:147:298:217:328:223:370:227:400:226
A,2588,86.3245,-1,0,0,1,X,X,X,X,X,268:192:155:147:298:217:328:223:371:227:400:226
A,2589,86.3563,-1,0,0,1,X,X,X,X,X,268:192:156:146:299:217:328:223:370:227:400:226
A,2590,86.4043,-1,0,0,1,X,X,X,X,X,268:192:155:146:298:217:328:223:370:227:400:227
A,2591,86.4363,-1,0,0,1,X,X,X,X,X,268:192:156:146:298:217:328:224:370:228:400:226
A,2592,86.4684,-1,0,0,1,X,X,X,X,X,268:192:156:146:298:217:328:223:370:228:400:226
A,2593,86.5003,-1,0,0,1,X,X,X,X,X,268:193:156:146:298:217:328:224:370:228:399:227
A,2594,86.5324,-1,0,0,1,X,X,X,X,X,268:193:156:146:298:218:328:224:370:228:400:227
A,2595,86.5643,-1,0,0,1,X,X,X,X,X,268:193:156:145:299:218:328:224:370:228:400:227
A,2596,86.5965,-1,0,0,1,X,X,X,X,X,268:193:156:146:298:217:328:224:370:228:400:227
A,2597,86.6288,-1,0,0,1,X,X,X,X,X,268:193:156:145:298:217:328:224:371:228:400:227
A,2598,86.6601,-1,0,0,1,X,X,X,X,X,268:192:155:146:298:218:328:224:370:228:400:228
A,2599,86.6924,-1,0,0,1,X,X,X,X,X,268:193:155:146:299:218:328:224:371:228:399:227
A,2600,86.7241,-1,0,0,1,X,X,X,X,X,268:193:156:145:298:218:328:224:371:228:400:227
A,2601,86.7562,-1,0,0,1,X,X,X,X,X,268:192:156:146:298:218:328:224:371:228:400:227
A,2602,86.8043,-1,0,0,1,X,X,X,X,X,268:193:155:145:298:218:327:224:370:228:400:227
A,2603,86.8364,-1,0,0,1,X,X,X,X,X,269:193:155:145:298:218:328:224:371:228:400:227
A,2604,86.8685,-1,0,0,1,X,X,X,X,X,268:193:156:144:298:217:327:224:371:228:400:227
A,2605,86.9003,-1,0,0,1,X,X,X,X,X,268:193:155:145:298:218:328:224:371:228:400:227
A,2606,86.9322,-1,0,0,1,X,X,X,X,X,268:193:156:146:298:218:328:224:371:228:400:227
A,2607,86.9642,-1,0,0,1,X,X,X,X,X,268:193:155:146:298:218:327:225:370:229:400:227
A,2608,86.9963,-1,0,0,1,X,X,X,X,X,267:193:157:145:298:218:327:224:370:228:399:227
A,2609,87.0285,-1,0,0,1,X,X,X,X,X,267:193:156:145:298:217:327:223:371:228:400:227
A,2610,87.0603,-1,0,0,1,X,X,X,X,X,268:193:155:146:298:218:328:224:370:228:400:228
A,2611,87.0921,-1,0,0,1,X,X,X,X,X,267:193:157:147:297:218:328:224:370:229:400:228
A,2612,87.1244,-1,0,0,1,X,X,X,X,X,267:193:156:146:297:218:327:224:370:228:399:227
A,2613,87.1563,-1,0,0,1,X,X,X,X,X,268:193:155:146:297:217:328:224:370:228:400:227
A,2614,87.1883,-1,0,0,1,X,X,X,X,X,268:193:155:146:297:217:327:223:370:228:400:226
A,2615,87.236,-1,0,0,1,X,X,X,X,X,268:193:155:146:298:218:328:224:370:228:400:227
A,2616,87.2681,-1,0,0,1,X,X,X,X,X,267:193:157:146:298:217:328:224:370:228:399:226
A,2617,87.3001,-1,0,0,1,X,X,X,X,X,267:193:156:146:297:217:327:224:370:228:400:226
A,2618,87.3325,-1,0,0,1,X,X,X,X,X,267:193:156:146:297:217:327:224:370:228:399:226
A,2619,87.3643,-1,0,0,1,X,X,X,X,X,267:193:156:146:298:217:327:224:370:228:399:227
A,2620,87.3963,-1,0,0,1,X,X,X,X,X,267:193:156:146:297:217:327:224:370:228:399:227
A,2621,87.4283,-1,0,0,1,X,X,X,X,X,267:193:157:145:296:217:327:223:370:228:400:227
A,2622,87.4603,-1,0,0,1,X,X,X,X,X,267:193:156:146:297:217:327:223:370:227:399:226
A,2623,87.4923,-1,0,0,1,X,X,X,X,X,267:193:156:145:297:217:327:223:369:228:399:227
A,2624,87.5243,-1,0,0,1,X,X,X,X,X,267:193:156:146:297:217:327:223:369:228:399:226
A,2625,87.5563,-1,0,0,1,X,X,X,X,X,267:193:157:146:297:217:327:223:369:227:399:226
A,2626,87.5882,-1,0,0,1,X,X,X,X,X,267:193:156:145:297:217:327:224:369:228:399:226
A,2627,87.6362,-1,0,0,1,X,X,X,X,X,267:193:156:146:298:218:327:223:370:228:399:227
A,2628,87.6681,-1,0,0,1,X,X,X,X,X,267:193:155:145:297:217:326:223:370:228:399:226
A,2629,87.7002,-1,0,0,1,X,X,X,X,X,267:193:156:145:297:217:327:223:369:227:398:226
A,2630,87.7325,-1,0,0,1,X,X,X,X,X,267:193:156:146:298:217:327:224:369:228:399:226
A,2631,87.7644,-1,0,0,1,X,X,X,X,X,267:193:156:145:299:217:327:224:369:228:398:226
A,2632,87.7963,-1,0,0,1,X,X,X,X,X,268:193:155:145:298:217:327:224:369:228:399:226
A,2633,87.8283,-1,0,0,1,X,X,X,X,X,267:193:157:145:298:217:328:224:369:227:398:226
A,2634,87.8601,-1,0,0,1,X,X,X,X,X,267:193:156:145:298:217:327:223:369:227:398:226
A,2635,87.8923,-1,0,0,1,X,X,X,X,X,268:193:155:145:299:217:327:224:369:228:398:226
A,2636,87.9242,-1,0,0,1,X,X,X,X,X,268:193:155:144:298:217:327:223:369:228:398:226
A,2637,87.9561,-1,0,0,1,X,X,X,X,X,267:192:155:146:298:217:327:223:369:228:399:226
A,2638,87.9883,-1,0,0,1,X,X,X,X,X,267:193:155:145:297:217:327:223:369:228:399:226
A,2639,88.0362,-1,0,0,1,X,X,X,X,X,267:193:156:146:298:217:328:223:369:228:399:226
A,2640,88.068,-1,0,0,1,X,X,X,X,X,268:193:154:145:298:217:327:223:369:228:398:226
A,2641,88.1,-1,0,0,1,X,X,X,X,X,267:193:156:145:298:217:328:223:369:228:399:226
A,2642,88.132,-1,0,0,1,X,X,X,X,X,268:192:155:146:299:217:329:223:370:227:399:226
A,2643,88.1642,-1,0,0,1,X,X,X,X,X,268:192:155:146:299:217:329:223:370:227:399:226
A,2644,88.1964,-1,0,0,1,X,X,X,X,X,268:192:155:145:299:217:328:223:370:227:399:226
A,2645,88.2284,-1,0,0,1,X,X,X,X,X,267:192:156:146:298:216:328:223:370:227:400:226
A,2646,88.2605,-1,0,0,1,X,X,X,X,X,267:191:157:146:298:216:328:222:370:226:400:225
A,2647,88.2926,-1,0,0,1,X,X,X,X,X,267:191:157:146:298:216:328:222:370:226:400:225
A,2648,88.3244,-1,0,0,1,X,X,X,X,X,267:191:157:146:297:216:328:223:369:226:400:225
A,2649,88.3563,-1,0,0,1,X,X,X,X,X,268:192:156:145:299:216:328:222:370:227:399:225
A,2650,88.3884,-1,0,0,1,X,X,X,X,X,267:191:156:146:298:216:328:222:370:226:399:225
A,2651,88.4202,-1,0,0,1,X,X,X,X,X,268:191:156:147:297:216:327:223:370:227:400:225
A,2652,88.4682,-1,0,0,1,X,X,X,X,X,268:192:156:146:297:216:327:223:370:227:399:226
A,2653,88.5004,-1,0,0,1,X,X,X,X,X,267:191:157:146:296:216:327:223:369:227:399:226
A,2654,88.5322,-1,0,0,1,X,X,X,X,X,267:191:157:146:296:216:326:223:368:226:399:225
A,2655,88.5642,-1,0,0,1,X,X,X,X,X,267:191:156:146:296:216:326:222:368:226:398:225
A,2656,88.5961,-1,0,0,1,X,X,X,X,X,267:191:156:145:295:216:326:222:368:227:398:225
A,2657,88.6282,-1,0,0,1,X,X,X,X,X,266:191:157:146:294:215:325:222:367:226:398:225
A,2658,88.6602,-1,0,0,1,X,X,X,X,X,267:191:156:145:295:215:325:222:367:226:397:225
A,2659,88.6923,-1,0,0,1,X,X,X,X,X,267:191:157:147:294:216:325:223:368:227:398:225
A,2660,88.7242,-1,0,0,1,X,X,X,X,X,268:192:155:145:295:216:325:223:367:227:398:226
A,2661,88.7562,-1,0,0,1,X,X,X,X,X,267:191:156:146:295:216:325:223:367:227:397:225
A,2662,88.7883,-1,0,0,1,X,X,X,X,X,268:191:155:147:295:216:325:223:367:227:397:225
A,2663,88.8202,-1,0,0,1,X,X,X,X,X,268:192:155:145:295:217:324:223:367:227:397:226
A,2664,88.868,-1,0,0,1,X,X,X,X,X,267:192:156:146:296:217:325:223:367:227:397:226
A,2665,88.9,-1,0,0,1,X,X,X,X,X,268:192:155:145:295:217:324:223:367:227:397:226
A,2666,88.932,-1,0,0,1,X,X,X,X,X,266:192:156:146:295:217:325:223:367:227:397:226
A,2667,88.964,-1,0,0,1,X,X,X,X,X,267:191:155:147:295:217:325:223:368:227:398:226
A,2668,88.9963,-1,0,0,1,X,X,X,X,X,266:192:157:147:294:217:325:223:367:228:398:227
A,2669,89.0281,-1,0,0,1,X,X,X,X,X,267:192:156:148:295:217:325:224:367:228:398:226
A,2670,89.0602,-1,0,0,1,X,X,X,X,X,267:192:156:146:295:217:325:223:367:227:397:226
A,2671,89.0922,-1,0,0,1,X,X,X,X,X,267:192:156:147:296:217:325:223:367:227:397:226
A,2672,89.1242,-1,0,0,1,X,X,X,X,X,267:192:157:148:295:217:325:224:367:228:398:227
A,2673,89.1562,-1,0,0,1,X,X,X,X,X,267:192:156:148:295:217:325:224:368:228:398:227
A,2674,89.1882,-1,0,0,1,X,X,X,X,X,267:192:156:147:295:217:325:222:367:227:397:227
A,2675,89.2202,-1,0,0,1,X,X,X,X,X,267:192:156:147:296:217:325:223:367:227:397:226
A,2676,89.2682,-1,0,0,1,X,X,X,X,X,266:191:158:148:295:217:325:223:367:228:398:227
A,2677,89.3001,-1,0,0,1,X,X,X,X,X,267:192:157:147:295:217:325:224:368:228:399:227
A,2678,89.3322,-1,0,0,1,X,X,X,X,X,267:192:157:147:295:217:325:224:367:228:398:227
A,2679,89.3642,-1,0,0,1,X,X,X,X,X,267:191:157:148:295:217:325:223:368:228:398:227
A,2680,89.3964,-1,0,0,1,X,X,X,X,X,268:192:155:146:296:218:325:224:368:228:398:227
A,2681,89.4282,-1,0,0,1,X,X,X,X,X,267:192:156:146:296:218:326:224:368:229:398:227
A,2682,89.4602,-1,0,0,1,X,X,X,X,X,267:192:156:146:296:218:326:224:368:229:398:227
A,2683,89.4923,-1,0,0,1,X,X,X,X,X,268:193:156:144:296:218:326:224:368:228:398:228
A,2684,89.524,-1,0,0,1,X,X,X,X,X,268:192:156:145:296:218:326:224:369:228:399:227
A,2685,89.5561,-1,0,0,1,X,X,X,X,X,267:192:157:145:295:218:326:224:368:229:399:227
A,2686,89.5882,-1,0,0,1,X,X,X,X,X,268:192:156:145:296:218:326:224:368:229:399:228
A,2687,89.6201,-1,0,0,1,X,X,X,X,X,267:192:155:145:296:217:326:223:369:228:398:228
A,2688,89.652,-1,0,0,1,X,X,X,X,X,268:193:155:144:297:218:326:224:368:229:397:228
A,2689,89.7001,-1,0,0,1,X,X,X,X,X,267:192:157:145:296:218:326:225:368:229:399:228
A,2690,89.7321,-1,0,0,1,X,X,X,X,X,267:193:157:144:295:218:326:225:368:229:398:227
A,2691,89.7644,-1,0,0,1,X,X,X,X,X,268:192:155:145:296:218:326:224:367:228:398:227
A,2692,89.7964,-1,0,0,1,X,X,X,X,X,268:193:155:143:295:218:325:224:368:228:398:227
A,2693,89.8281,-1,0,0,1,X,X,X,X,X,268:193:155:144:296:218:325:224:368:229:398:228
A,2694,89.86,-1,0,0,1,X,X,X,X,X,267:193:156:143:295:218:325:224:368:229:399:227
A,2695,89.8921,-1,0,0,1,X,X,X,X,X,267:192:156:144:295:218:325:224:368:228:398:227
A,2696,89.9241,-1,0,0,1,X,X,X,X,X,267:192:156:144:295:218:325:224:368:228:398:227
A,2697,89.9563,-1,0,0,1,X,X,X,X,X,266:192:158:145:295:218:325:224:368:228:398:227
A,2698,89.9883,-1,0,0,1,X,X,X,X,X,267:193:156:143:296:218:325:224:368:228:397:227
A,2699,90.0202,-1,0,0,1,X,X,X,X,X,266:192:157:144:296:218:325:224:367:228:397:227
A,2700,90.052,-1,0,0,1,X,X,X,X,X,267:193:156:142:296:218:325:224:367:228:397:227
A,2701,90.1001,-1,0,0,1,X,X,X,X,X,267:193:156:142:296:218:326:224:367:228:397:227
A,2702,90.1321,21,1,0,1,X,X,X,X,X,266:192:157:144:295:218:325:224:367:229:398:228
A,2703,90.1643,21,1,1,1,X,C,X,C,X,266:192:158:145:294:219:326:225:367:229:399:229
A,2704,90.1962,21,1,1,1,X,C,X,C,X,266:192:157:144:294:219:326:225:367:229:399:229
A,2705,90.2281,21,1,1,1,X,C,X,C,X,265:192:159:144:294:219:325:224:368:229:399:229
A,2706,90.2601,21,1,0,1,X,X,X,X,X,265:192:158:144:293:219:325:224:368:228:400:229
A,2707,90.2923,21,1,0,1,X,X,X,X,X,266:193:156:142:294:218:325:224:368:228:400:228
A,2708,90.3242,21,1,0,1,X,X,X,X,X,266:192:155:143:294:218:326:224:368:228:399:228
A,2709,90.3561,-1,0,0,1,X,X,X,X,X,266:193:157:143:294:218:325:224:368:229:399:228
A,2710,90.3882,-1,0,0,1,X,X,X,X,X,266:193:157:143:295:218:325:224:368:228:399:228
A,2711,90.42,-1,0,0,1,X,X,X,X,X,266:192:157:144:294:218:325:224:368:228:399:228
A,2712,90.4522,-1,0,0,1,X,X,X,X,X,266:192:157:144:294:218:325:224:368:228:399:228
A,2713,90.5001,-1,0,0,1,X,X,X,X,X,267:193:156:143:295:218:326:224:368:228:398:228
A,2714,90.5321,-1,0,0,1,X,X,X,X,X,266:193:157:143:294:218:325:224:369:228:399:228
A,2715,90.5643,-1,0,0,1,X,X,X,X,X,266:194:157:142:295:218:326:224:368:228:399:228
A,2716,90.5963,-1,0,0,1,X,X,X,X,X,267:193:156:143:295:218:326:224:368:228:398:228
A,2717,90.6283,-1,0,0,1,X,X,X,X,X,266:193:158:144:295:218:326:224:369:228:399:228
A,2718,90.66,-1,0,0,1,X,X,X,X,X,267:193:155:143:295:218:326:224:368:228:399:228
A,2719,90.692,-1,0,0,1,X,X,X,X,X,267:194:156:142:295:218:325:224:369:228:399:228
A,2720,90.7242,-1,0,0,1,X,X,X,X,X,267:193:155:143:296:218:326:224:368:228:398:228
A,2721,90.756,-1,0,0,1,X,X,X,X,X,267:193:156:143:295:218:326:223:367:227:397:227
A,2722,90.788,-1,0,0,1,X,X,X,X,X,266:193:157:143:294:218:325:223:368:228:398:227
A,2723,90.82,-1,0,0,1,X,X,X,X,X,266:193:157:143:295:217:325:223:368:228:398:227
A,2724,90.8522,-1,0,0,1,X,X,X,X,X,266:192:157:145:294:218:325:223:368:228:399:227
A,2725,90.884,-1,0,0,1,X,X,X,X,X,266:193:155:143:295:218:325:223:368:228:397:227
A,2726,90.9322,-1,0,0,1,X,X,X,X,X,265:193:158:144:295:218:325:224:367:228:398:227
A,2727,90.9648,-1,0,0,1,X,X,X,X,X,266:194:156:142:294:218:325:223:368:228:398:228
A,2728,90.9963,-1,0,0,1,X,X,X,X,X,266:193:157:143:295:218:325:224:368:228:398:228
A,2729,91.0283,-1,0,0,1,X,X,X,X,X,266:193:156:143:295:218:326:224:367:228:398:228
A,2730,91.06,-1,0,0,1,X,X,X,X,X,266:193:157:143:294:218:325:224:367:228:398:227
A,2731,91.0922,-1,0,0,1,X,X,X,X,X,265:193:158:143:294:218:325:224:368:228:398:227
A,2732,91.1245,-1,0,0,1,X,X,X,X,X,265:193:158:144:295:218:325:224:368:228:398:227
A,2733,91.1562,-1,0,0,1,X,X,X,X,X,266:193:157:143:294:217:325:224:368:228:398:227
A,2734,91.1881,-1,0,0,1,X,X,X,X,X,265:193:158:144:294:218:325:224:368:228:398:227
A,2735,91.2201,-1,0,0,1,X,X,X,X,X,266:194:156:142:295:218:325:224:367:228:398:227
A,2736,91.2522,-1,0,0,1,X,X,X,X,X,265:193:158:143:294:218:325:224:367:228:398:227
A,2737,91.2843,-1,0,0,1,X,X,X,X,X,266:193:157:144:294:218:325:224:368:228:398:227
A,2738,91.3319,-1,0,0,1,X,X,X,X,X,266:193:157:144:294:218:325:224:368:228:398:227
A,2739,91.3648,-1,0,0,1,X,X,X,X,X,265:193:158:143:294:218:325:224:368:228:398:228
A,2740,91.3961,-1,0,0,1,X,X,X,X,X,267:194:156:142:295:218:326:224:368:228:398:228
A,2741,91.4283,-1,0,0,1,X,X,X,X,X,266:193:157:144:296:217:326:224:368:228:398:227
A,2742,91.4602,-1,0,0,1,X,X,X,X,X,266:193:157:143:295:218:326:224:368:228:398:227
A,2743,91.4921,-1,0,0,1,X,X,X,X,X,266:193:157:143:295:218:326:224:368:228:398:227
A,2744,91.5244,-1,0,0,1,X,X,X,X,X,267:194:155:142:296:218:326:224:368:228:398:228
A,2745,91.556,-1,0,0,1,X,X,X,X,X,267:194:156:142:296:218:327:224:368:228:398:227
A,2746,91.588,-1,0,0,1,X,X,X,X,X,266:194:157:143:296:218:327:224:369:228:400:227
A,2747,91.6199,-1,0,0,1,X,X,X,X,X,267:194:156:142:297:218:328:224:369:228:399:227
A,2748,91.6522,-1,0,0,1,X,X,X,X,X,267:193:156:144:296:218:327:224:369:229:400:227
A,2749,91.6843,-1,0,0,1,X,X,X,X,X,267:194:156:143:297:218:327:224:369:228:399:227
A,2750,91.7321,-1,0,0,1,X,X,X,X,X,267:194:156:142:297:218:327:224:369:228:399:227
A,2751,91.7644,-1,0,0,1,X,X,X,X,X,267:194:156:142:297:218:327:224:369:228:399:227
A,2752,91.796,-1,0,0,1,X,X,X,X,X,267:193:157:144:296:218:326:224:369:229:399:228
A,2753,91.828,-1,0,0,1,X,X,X,X,X,267:193:157:144:296:218:326:224:369:229:399:228
A,2754,91.86,-1,0,0,1,X,X,X,X,X,267:193:156:143:295:218:326:225:369:229:399:228
A,2755,91.892,-1,0,0,1,X,X,X,X,X,267:194:157:143:295:219:326:225:369:229:399:228
A,2756,91.9242,-1,0,0,1,X,X,X,X,X,266:194:157:142:296:219:325:225:369:229:399:228
A,2757,91.9562,-1,0,0,1,X,X,X,X,X,266:194:158:143:295:218:326:225:369:229:399:228
A,2758,91.9881,-1,0,0,1,X,X,X,X,X,268:194:155:142:296:218:326:225:369:229:398:228
A,2759,92.0201,-1,0,0,1,X,X,X,X,X,267:194:155:142:296:219:326:225:368:229:398:228
A,2760,92.052,-1,0,0,1,X,X,X,X,X,267:194:155:143:295:219:326:225:369:229:399:227
A,2761,92.0842,-1,0,0,1,X,X,X,X,X,266:194:157:143:295:218:325:224:369:229:399:228
A,2762,92.116,-1,0,0,1,X,X,X,X,X,266:194:158:143:295:218:325:224:368:229:399:228
A,2763,92.1644,-1,0,0,1,X,X,X,X,X,267:194:156:143:295:219:326:225:368:229:399:228
A,2764,92.196,-1,0,0,1,X,X,X,X,X,267:194:155:142:295:218:326:224:369:229:399:228
A,2765,92.2283,-1,0,0,1,X,X,X,X,X,267:194:156:143:296:219:326:225:369:229:399:228
A,2766,92.2602,-1,0,0,1,X,X,X,X,X,267:194:156:143:296:219:327:225:369:229:399:228
A,2767,92.2919,-1,0,0,1,X,X,X,X,X,266:194:157:143:295:219:326:225:369:229:399:228
A,2768,92.3243,-1,0,0,1,X,X,X,X,X,266:194:157:143:296:219:326:225:369:229:399:228
A,2769,92.3562,-1,0,0,1,X,X,X,X,X,267:194:157:143:295:218:326:225:369:229:399:228
A,2770,92.3881,-1,0,0,1,X,X,X,X,X,266:194:158:143:296:219:327:225:369:229:399:228
A,2771,92.4201,-1,0,0,1,X,X,X,X,X,267:195:157:142:296:219:326:225:369:229:399:228
A,2772,92.4522,-1,0,0,1,X,X,X,X,X,267:194:156:143:296:219:326:225:370:229:400:228
A,2773,92.4844,-1,0,0,1,X,X,X,X,X,267:194:156:143:296:219:327:225:369:229:399:228
A,2774,92.5161,-1,0,0,1,X,X,X,X,X,267:194:156:143:296:219:327:225:368:229:399:228
A,2775,92.5644,-1,0,0,1,X,X,X,X,X,267:194:156:143:296:219:327:225:370:229:399:229
A,2776,92.5959,-1,0,0,1,X,X,X,X,X,267:194:156:144:296:219:327:225:369:229:400:229
A,2777,92.6281,-1,0,0,1,X,X,X,X,X,268:193:155:144:297:219:327:225:369:229:399:229
A,2778,92.6601,-1,0,0,1,X,X,X,X,X,268:194:155:143:297:219:327:225:370:229:399:229
A,2779,92.6921,-1,0,0,1,X,X,X,X,X,268:194:156:144:298:219:328:225:370:229:399:229
A,2780,92.7242,-1,0,0,1,X,X,X,X,X,267:194:157:143:297:219:327:225:370:229:399:229
A,2781,92.7561,-1,0,0,1,X,X,X,X,X,268:194:155:143:297:218:327:225:370:229:399:228
A,2782,92.7881,-1,0,0,1,X,X,X,X,X,268:194:156:144:298:219:327:225:370:229:399:228
A,2783,92.8201,-1,0,0,1,X,X,X,X,X,268:194:156:144:297:218:327:224:370:229:400:228
A,2784,92.8521,-1,0,0,1,X,X,X,X,X,267:194:157:143:297:218:327:225:370:229:399:228
A,2785,92.8842,-1,0,0,1,X,X,X,X,X,267:194:157:144:298:219:327:225:370:229:399:229
A,2786,92.9161,-1,0,0,1,X,X,X,X,X,268:194:155:143:298:218:327:225:370:229:399:228
A,2787,92.9481,-1,0,0,1,X,X,X,X,X,267:194:157:143:298:218:327:224:370:229:399:228
A,2788,92.9959,-1,0,0,1,X,X,X,X,X,268:194:155:143:298:218:328:224:370:229:399:228
A,2789,93.0278,-1,0,0,1,X,X,X,X,X,268:194:156:143:298:218:328:224:370:229:399:228
A,2790,93.0602,-1,0,0,1,X,X,X,X,X,268:194:155:143:298:218:328:225:369:229:399:228
A,2791,93.0922,-1,0,0,1,X,X,X,X,X,267:194:156:143:298:218:328:224:370:229:400:228
A,2792,93.1242,-1,0,0,1,X,X,X,X,X,267:194:157:144:298:218:328:224:370:229:399:228
A,2793,93.1561,-1,0,0,1,X,X,X,X,X,268:194:156:143:298:218:328:225:370:229:399:228
A,2794,93.1879,-1,0,0,1,X,X,X,X,X,267:194:156:143:298:218:328:225:370:229:400:228
A,2795,93.2199,22,1,0,1,X,X,X,X,X,269:193:155:145:298:219:328:225:370:230:401:229
A,2796,93.2519,22,1,1,1,X,C,X,C,X,269:193:155:144:298:220:329:225:370:230:401:230
A,2797,93.2843,22,1,1,1,X,C,X,C,X,269:192:155:145:299:220:330:225:371:229:401:229
A,2798,93.316,22,1,0,1,X,X,X,C,X,268:193:156:144:299:218:330:224:374:228:403:228
A,2799,93.3482,22,1,0,1,X,X,X,X,X,268:192:156:145:301:217:331:223:373:228:403:226
A,2800,93.3958,22,1,0,1,X,X,X,X,X,269:191:155:146:301:216:331:223:374:227:403:225
A,2801,93.4278,-1,0,0,1,X,X,X,X,X,269:191:155:146:301:215:332:222:374:227:403:224
A,2802,93.4599,-1,0,0,1,X,X,X,X,X,269:191:155:146:301:215:332:222:374:226:403:224
A,2803,93.4919,-1,0,0,1,X,X,X,X,X,269:191:155:146:301:215:332:222:374:227:403:224
A,2804,93.5241,-1,0,0,1,X,X,X,X,X,269:191:154:146:301:216:332:222:373:227:403:224
A,2805,93.5561,-1,0,0,1,X,X,X,X,X,269:190:155:147:301:215:332:222:373:227:403:224
A,2806,93.588,-1,0,0,1,X,X,X,X,X,269:190:155:147:301:215:331:222:373:226:403:223
A,2807,93.62,-1,0,0,1,X,X,X,X,X,269:191:155:146:301:215:332:222:373:226:403:223
A,2808,93.6521,-1,0,0,1,X,X,X,X,X,268:190:156:147:300:215:331:222:373:226:403:223
A,2809,93.6843,-1,0,0,1,X,X,X,X,X,268:190:156:147:300:215:331:222:372:226:402:224
A,2810,93.716,-1,0,0,1,X,X,X,X,X,269:191:155:145:300:216:330:222:372:227:401:225
A,2811,93.7481,-1,0,0,1,X,X,X,X,X,268:191:156:146:299:216:330:223:372:227:401:225
A,2812,93.7961,-1,0,0,1,X,X,X,X,X,267:191:157:145:299:216:329:223:372:227:401:225
A,2813,93.8281,-1,0,0,1,X,X,X,X,X,268:191:156:145:299:216:329:223:371:227:400:225
A,2814,93.8601,-1,0,0,1,X,X,X,X,X,268:191:156:145:298:216:329:223:371:227:401:225
A,2815,93.892,-1,0,0,1,X,X,X,X,X,267:191:157:145:298:217:328:223:371:227:400:225
A,2816,93.9241,-1,0,0,1,X,X,X,X,X,267:192:157:144:298:216:328:223:371:227:400:225
A,2817,93.9561,-1,0,0,1,X,X,X,X,X,267:191:156:145:298:217:328:223:371:227:400:225
A,2818,93.988,-1,0,0,1,X,X,X,X,X,267:191:156:145:298:216:328:223:371:227:400:225
A,2819,94.0202,-1,0,0,1,X,X,X,X,X,267:191:157:146:298:216:328:223:371:227:400:225
A,2820,94.0521,-1,0,0,1,X,X,X,X,X,267:191:156:145:298:216:328:223:371:227:400:225
A,2821,94.0841,-1,0,0,1,X,X,X,X,X,266:191:157:145:298:216:328:222:370:226:400:225
A,2822,94.116,-1,0,0,1,X,X,X,X,X,267:191:156:145:298:216:328:222:370:226:400:225
A,2823,94.1479,-1,0,0,1,X,X,X,X,X,267:191:156:145:298:216:327:223:370:226:400:225
A,2824,94.18,23,1,0,1,X,X,X,X,X,267:192:156:144:298:217:328:223:371:227:399:225
A,2825,94.228,23,1,0,1,X,X,X,C,X,268:191:155:144:297:218:328:223:369:227:400:227
A,2826,94.2602,23,1,1,1,X,C,X,C,X,267:191:156:144:297:219:328:224:369:228:400:228
A,2827,94.2919,23,1,1,1,X,C,X,C,X,267:191:156:145:298:220:329:225:369:229:400:228
A,2828,94.3241,23,1,1,1,X,C,X,C,X,267:191:156:145:298:220:329:225:369:229:400:228
A,2829,94.3559,23,1,1,1,X,C,X,C,X,268:191:155:145:297:219:329:224:370:227:401:227
A,2830,94.3879,23,1,0,1,X,X,X,X,X,267:191:157:145:298:219:329:224:371:228:402:228
A,2831,94.42,23,1,0,1,X,X,X,X,X,267:191:156:145:298:218:328:223:371:228:402:227
A,2832,94.4519,23,1,0,1,X,X,X,X,X,267:191:156:145:298:217:329:223:371:227:401:227
A,2833,94.484,23,1,0,1,X,X,X,X,X,267:192:156:144:298:217:328:223:371:227:401:227
A,2834,94.516,-1,0,0,1,X,X,X,X,X,266:192:157:144:299:217:328:223:371:227:400:227
A,2835,94.5479,-1,0,0,1,X,X,X,X,X,268:192:155:144:299:217:329:223:371:227:400:227
A,2836,94.58,-1,0,0,1,X,X,X,X,X,267:193:155:143:299:217:329:223:371:227:400:227
A,2837,94.628,-1,0,0,1,X,X,X,X,X,268:193:154:144:299:217:329:223:370:227:399:227
A,2838,94.6601,-1,0,0,1,X,X,X,X,X,267:193:156:143:298:217:328:223:371:227:400:227
A,2839,94.692,-1,0,0,1,X,X,X,X,X,267:192:156:144:298:218:328:223:371:227:400:227
A,2840,94.724,-1,0,0,1,X,X,X,X,X,267:193:155:143:297:217:328:223:371:227:400:227
A,2841,94.7561,-1,0,0,1,X,X,X,X,X,267:192:155:144:297:217:328:223:370:227:400:227
A,2842,94.788,-1,0,0,1,X,X,X,X,X,267:192:156:144:297:217:327:223:371:227:401:226
A,2843,94.8198,-1,0,0,1,X,X,X,X,X,266:192:157:145:297:218:328:223:370:227:400:227
A,2844,94.8522,-1,0,0,1,X,X,X,X,X,266:192:157:144:298:218:328:223:370:227:400:227
A,2845,94.8842,-1,0,0,1,X,X,X,X,X,266:193:156:144:297:218:327:223:369:228:400:227
A,2846,94.9161,-1,0,0,1,X,X,X,X,X,266:192:157:145:297:218:328:223:370:227:400:227
A,2847,94.9481,-1,0,0,1,X,X,X,X,X,267:193:156:143:297:218:327:223:370:227:399:227
A,2848,94.9799,-1,0,0,1,X,X,X,X,X,267:193:156:143:297:218:327:223:370:228:399:227
A,2849,95.028,-1,0,0,1,X,X,X,X,X,268:193:154:143:297:218:327:223:370:227:400:227
A,2850,95.0601,-1,0,0,1,X,X,X,X,X,268:193:155:144:298:218:328:223:370:228:400:227
A,2851,95.092,-1,0,0,1,X,X,X,X,X,268:193:155:143:298:218:328:223:370:227:400:227
A,2852,95.124,-1,0,0,1,X,X,X,X,X,267:193:156:143:298:218:328:223:370:228:400:227
A,2853,95.1561,-1,0,0,1,X,X,X,X,X,267:193:156:143:298:218:328:223:371:227:400:227
A,2854,95.188,-1,0,0,1,X,X,X,X,X,267:193:156:143:297:218:327:223:370:228:400:227
A,2855,95.2198,-1,0,0,1,X,X,X,X,X,267:193:156:143:298:218:328:223:371:228:400:227
A,2856,95.2521,-1,0,0,1,X,X,X,X,X,267:193:155:143:298:218:328:223:371:227:400:227
A,2857,95.284,-1,0,0,1,X,X,X,X,X,268:194:155:143:297:218:327:224:371:228:400:227
A,2858,95.3158,-1,0,0,1,X,X,X,X,X,267:194:156:143:297:218:327:223:371:228:400:227
A,2859,95.3481,-1,0,0,1,X,X,X,X,X,268:193:155:143:297:218:328:224:370:228:399:227
A,2860,95.3799,-1,0,0,1,X,X,X,X,X,267:193:156:144:297:218:328:224:371:228:400:227
A,2861,95.412,-1,0,0,1,X,X,X,X,X,267:194:156:143:297:218:328:224:370:228:400:227
A,2862,95.46,-1,0,0,1,X,X,X,X,X,267:194:155:143:296:219:327:224:370:228:400:227
A,2863,95.4918,-1,0,0,1,X,X,X,X,X,267:193:156:144:296:218:327:224:370:228:401:227
A,2864,95.5237,-1,0,0,1,X,X,X,X,X,267:193:156:144:296:218:327:224:370:228:400:227
A,2865,95.5558,-1,0,0,1,X,X,X,X,X,267:193:156:145:296:219:327:224:371:228:401:227
A,2866,95.5881,-1,0,0,1,X,X,X,X,X,267:194:156:144:297:218:328:224:370:228:400:227
A,2867,95.62,-1,0,0,1,X,X,X,X,X,267:193:156:144:297:218:327:224:370:228:401:227
A,2868,95.6522,-1,0,0,1,X,X,X,X,X,267:194:156:144:297:218:328:224:371:228:401:227
A,2869,95.684,-1,0,0,1,X,X,X,X,X,267:194:156:144:297:219:328:224:371:229:401:228
A,2870,95.716,-1,0,0,1,X,X,X,X,X,268:194:155:144:298:219:328:225:371:229:401:228
A,2871,95.7479,-1,0,0,1,X,X,X,X,X,267:194:157:144:298:219:328:225:371:229:401:228
A,2872,95.78,-1,0,0,1,X,X,X,X,X,268:194:155:144:298:219:329:224:372:229:402:228
A,2873,95.812,-1,0,0,1,X,X,X,X,X,267:194:155:144:298:219:328:224:373:229:402:229
A,2874,95.86,-1,0,0,1,X,X,X,X,X,268:194:157:144:299:219:329:225:372:229:402:228
A,2875,95.892,-1,0,0,1,X,X,X,X,X,268:194:156:144:299:219:329:225:373:229:402:228
A,2876,95.924,-1,0,0,1,X,X,X,X,X,268:194:156:144:299:219:329:225:373:229:402:228
A,2877,95.956,-1,0,0,1,X,X,X,X,X,268:194:156:144:299:219:329:225:372:229:402:229
A,2878,95.988,-1,0,0,1,X,X,X,X,X,268:194:156:144:299:219:330:225:372:229:402:229
A,2879,96.0198,-1,0,0,1,X,X,X,X,X,268:194:156:143:299:219:330:225:373:229:403:228
A,2880,96.0522,-1,0,0,1,X,X,X,X,X,268:194:156:143:299:219:330:225:372:229:403:228
A,2881,96.0838,-1,0,0,1,X,X,X,X,X,268:194:156:144:299:219:330:225:373:229:403:228
A,2882,96.1157,-1,0,0,1,X,X,X,X,X,268:194:156:144:299:219:330:225:372:229:402:229
A,2883,96.1481,-1,0,0,1,X,X,X,X,X,267:194:157:144:299:219:329:225:372:229:402:229
A,2884,96.18,-1,0,0,1,X,X,X,X,X,267:195:157:143:298:219:329:225:373:229:403:228
A,2885,96.212,-1,0,0,1,X,X,X,X,X,268:194:156:144:299:219:329:225:372:229:401:229
A,2886,96.26,-1,0,0,1,X,X,X,X,X,267:195:156:143:299:219:329:225:372:229:401:228
A,2887,96.2919,-1,0,0,1,X,X,X,X,X,268:195:155:142:298:219:329:225:372:229:401:228
A,2888,96.324,-1,0,0,1,X,X,X,X,X,268:195:155:143:299:219:328:225:372:229:400:229
A,2889,96.356,-1,0,0,1,X,X,X,X,X,268:195:155:143:297:219:328:225:372:229:402:228
A,2890,96.388,-1,0,0,1,X,X,X,X,X,269:195:154:143:299:219:329:225:372:229:401:229
A,2891,96.42,-1,0,0,1,X,X,X,X,X,269:194:154:144:299:219:329:225:372:229:401:229
A,2892,96.4521,-1,0,0,1,X,X,X,X,X,268:195:156:143:298:219:329:225:371:229:401:228
A,2893,96.4838,-1,0,0,1,X,X,X,X,X,268:195:155:143:297:219:329:225:372:230:402:228
A,2894,96.516,-1,0,0,1,X,X,X,X,X,267:194:156:144:297:220:328:225:371:230:401:229
A,2895,96.548,-1,0,0,1,X,X,X,X,X,267:195:156:143:297:219:328:225:371:229:402:228
A,2896,96.58,-1,0,0,1,X,X,X,X,X,268:196:154:142:297:220:328:225:371:230:402:229
A,2897,96.612,-1,0,0,1,X,X,X,X,X,267:195:156:143:297:219:328:225:371:230:401:228
A,2898,96.644,-1,0,0,1,X,X,X,X,X,268:195:154:143:297:220:328:225:370:230:401:228
A,2899,96.6919,-1,0,0,1,X,X,X,X,X,267:195:156:144:298:220:328:225:371:230:400:229
A,2900,96.7239,-1,0,0,1,X,X,X,X,X,267:195:155:143:297:220:328:225:371:230:401:228
A,2901,96.7559,-1,0,0,1,X,X,X,X,X,266:196:156:143:296:220:327:226:371:230:401:229
A,2902,96.7879,-1,0,0,1,X,X,X,X,X,266:196:157:142:297:220:327:225:371:230:401:229
A,2903,96.8199,-1,0,0,1,X,X,X,X,X,266:196:158:142:298:220:328:226:371:230:401:228
A,2904,96.852,-1,0,0,1,X,X,X,X,X,266:196:158:143:297:220:328:226:371:230:401:228
A,2905,96.8838,-1,0,0,1,X,X,X,X,X,267:195:156:144:297:220:327:225:371:230:400:229
A,2906,96.9159,-1,0,0,1,X,X,X,X,X,267:196:156:143:298:220:328:225:371:230:400:229
A,2907,96.9481,-1,0,0,1,X,X,X,X,X,268:196:156:143:298:220:328:226:371:230:400:229
A,2908,96.98,-1,0,0,1,X,X,X,X,X,268:195:156:144:298:220:328:225:371:230:401:229
A,2909,97.0119,-1,0,0,1,X,X,X,X,X,267:195:157:144:298:220:328:225:371:230:401:229
A,2910,97.0441,-1,0,0,1,X,X,X,X,X,267:195:156:144:297:220:328:226:372:230:401:228
A,2911,97.0918,-1,0,0,1,X,X,X,X,X,267:195:157:144:298:220:328:225:372:229:401:229
A,2912,97.1239,-1,0,0,1,X,X,X,X,X,267:196:156:143:298:220:328:226:371:230:400:229
A,2913,97.1561,-1,0,0,1,X,X,X,X,X,267:195:156:144:299:220:329:225:371:230:401:229
A,2914,97.1879,-1,0,0,1,X,X,X,X,X,268:196:155:142:299:220:329:226:371:230:401:229
A,2915,97.22,-1,0,0,1,X,X,X,X,X,267:195:156:143:298:220:328:226:372:230:401:229
A,2916,97.2521,-1,0,0,1,X,X,X,X,X,268:195:156:144:298:220:328:226:372:230:401:229
A,2917,97.2839,-1,0,0,1,X,X,X,X,X,267:195:156:144:299:220:328:225:371:230:401:229
A,2918,97.3159,-1,0,0,1,X,X,X,X,X,267:195:156:144:298:220:329:226:371:230:401:229
A,2919,97.348,-1,0,0,1,X,X,X,X,X,268:196:156:143:298:220:329:226:371:230:401:229
A,2920,97.38,-1,0,0,1,X,X,X,X,X,267:195:156:144:297:220:328:226:371:230:401:229
A,2921,97.4119,-1,0,0,1,X,X,X,X,X,268:196:155:143:297:220:328:225:371:230:401:229
A,2922,97.444,-1,0,0,1,X,X,X,X,X,267:196:156:142:298:220:328:225:371:230:400:229
A,2923,97.4758,-1,0,0,1,X,X,X,X,X,267:196:156:142:297:220:328:226:371:230:402:229
A,2924,97.5238,-1,0,0,1,X,X,X,X,X,267:196:157:142:298:220:328:225:371:230:401:229
A,2925,97.5558,-1,0,0,1,X,X,X,X,X,268:195:155:144:298:220:328:226:371:230:401:229
A,2926,97.5879,-1,0,0,1,X,X,X,X,X,267:196:156:143:298:220:329:225:372:230:401:229
A,2927,97.6207,-1,0,0,1,X,X,X,X,X,268:195:155:143:298:220:329:226:371:230:401:229
A,2928,97.6517,-1,0,0,1,X,X,X,X,X,267:196:156:142:299:220:328:226:372:230:401:229
A,2929,97.6838,-1,0,0,1,X,X,X,X,X,267:195:157:143:298:220:328:226:371:230:400:229
A,2930,97.7161,-1,0,0,1,X,X,X,X,X,267:195:156:143:298:220:328:226:371:230:401:229
A,2931,97.7479,-1,0,0,1,X,X,X,X,X,267:195:156:144:297:220:328:226:371:230:401:229
A,2932,97.7802,-1,0,0,1,X,X,X,X,X,267:196:157:142:298:220:329:226:371:230:400:229
A,2933,97.812,-1,0,0,1,X,X,X,X,X,267:196:157:143:298:220:329:226:371:230:400:229
A,2934,97.8439,-1,0,0,1,X,X,X,X,X,267:195:156:143:298:220:329:226:371:230:400:229
A,2935,97.8759,-1,0,0,1,X,X,X,X,X,268:196:155:142:299:220:328:226:371:230:400:229
A,2936,97.9239,-1,0,0,1,X,X,X,X,X,267:196:156:143:299:220:329:225:372:230:401:229
A,2937,97.9558,-1,0,0,1,X,X,X,X,X,267:196:155:142:298:220:328:226:371:230:400:229
A,2938,97.9879,-1,0,0,1,X,X,X,X,X,267:195:156:143:299:220:329:226:371:230:400:229
A,2939,98.0207,-1,0,0,1,X,X,X,X,X,267:196:157:142:298:220:328:225:371:230:400:228
A,2940,98.0519,-1,0,0,1,X,X,X,X,X,268:196:155:142:299:220:328:226:372:230:400:229
A,2941,98.0837,-1,0,0,1,X,X,X,X,X,268:196:156:142:299:220:328:225:371:230:400:229
A,2942,98.116,-1,0,0,1,X,X,X,X,X,268:195:155:144:299:220:329:226:371:230:400:229
A,2943,98.1478,-1,0,0,1,X,X,X,X,X,267:196:157:142:299:220:328:225:371:230:400:229
A,2944,98.1802,-1,0,0,1,X,X,X,X,X,268:196:156:142:300:220:329:225:371:230:400:229
A,2945,98.212,-1,0,0,1,X,X,X,X,X,267:196:157:142:298:220:329:225:372:230:401:229
A,2946,98.2439,-1,0,0,1,X,X,X,X,X,267:196:156:143:299:220:329:226:372:230:400:229
A,2947,98.2757,-1,0,0,1,X,X,X,X,X,268:196:156:143:299:220:329:226:372:230:401:229
A,2948,98.3242,-1,0,0,1,X,X,X,X,X,267:196:156:142:299:220:329:226:371:230:400:228
A,2949,98.3611,-1,0,0,1,X,X,X,X,X,267:196:157:143:299:220:329:225:371:230:401:229
A,2950,98.3999,-1,0,0,1,X,X,X,X,X,267:196:157:143:299:220:329:226:372:230:401:228
A,2951,98.4209,-1,0,0,1,X,X,X,X,X,268:195:155:143:298:220:328:225:371:230:400:229
A,2952,98.4521,-1,0,0,1,X,X,X,X,X,267:196:156:143:300:220:329:226:372:230:401:229
A,2953,98.4839,-1,0,0,1,X,X,X,X,X,268:196:155:143:300:220:329:226:371:230:400:229
A,2954,98.5161,-1,0,0,1,X,X,X,X,X,268:196:157:143:299:220:330:226:372:230:401:229
A,2955,98.5479,-1,0,0,1,X,X,X,X,X,268:196:156:143:300:220:330:226:372:231:401:230
A,2956,98.5801,-1,0,0,1,X,X,X,X,X,268:196:156:143:301:220:330:226:372:231:401:230
A,2957,98.6118,-1,0,0,1,X,X,X,X,X,268:196:156:143:300:220:330:226:372:230:402:230
A,2958,98.6439,-1,0,0,1,X,X,X,X,X,268:196:156:143:300:220:330:226:372:231:401:230
A,2959,98.6759,-1,0,0,1,X,X,X,X,X,268:196:157:143:300:220:330:226:372:231:401:230
A,2960,98.7079,-1,0,0,1,X,X,X,X,X,268:195:156:144:299:220:329:226:373:231:402:230
A,2961,98.7556,-1,0,0,1,X,X,X,X,X,269:195:155:144:298:220:329:226:372:230:402:230
A,2962,98.7876,-1,0,0,1,X,X,X,X,X,269:196:155:143:298:221:329:226:372:231:402:230
A,2963,98.8202,-1,0,0,1,X,X,X,X,X,269:195:156:144:299:221:329:226:372:230:401:230
A,2964,98.8519,-1,0,0,1,X,X,X,X,X,269:196:156:143:299:221:329:226:372:230:402:230
A,2965,98.8841,-1,0,0,1,X,X,X,X,X,269:196:156:143:299:221:329:226:371:230:401:230
A,2966,98.9161,-1,0,0,1,X,X,X,X,X,269:196:155:143:298:221:329:226:371:230:402:230
A,2967,98.9481,-1,0,0,1,X,X,X,X,X,268:196:156:143:298:220:328:226:371:231:401:230
A,2968,98.9802,-1,0,0,1,X,X,X,X,X,269:195:154:144:298:221:328:226:372:231:401:230
A,2969,99.0119,-1,0,0,1,X,X,X,X,X,268:195:156:144:297:220:328:226:371:230:401:230
A,2970,99.0438,-1,0,0,1,X,X,X,X,X,269:195:154:144:297:221:328:226:371:230:402:230
A,2971,99.0759,-1,0,0,1,X,X,X,X,X,268:195:156:144:297:220:328:226:372:230:401:230
A,2972,99.1077,-1,0,0,1,X,X,X,X,X,269:196:155:143:297:221:328:226:371:230:401:230
A,2973,99.1557,-1,0,0,1,X,X,X,X,X,269:195:154:144:298:221:328:226:371:230:401:229
A,2974,99.1877,-1,0,0,1,X,X,X,X,X,269:195:155:144:297:221:328:226:371:231:402:230
A,2975,99.2202,-1,0,0,1,X,X,X,X,X,268:196:157:143:297:221:328:226:371:231:402:229
A,2976,99.2518,-1,0,0,1,X,X,X,X,X,268:196:156:143:299:221:329:226:373:230:402:229
A,2977,99.2836,-1,0,0,1,X,X,X,X,X,269:196:155:143:299:220:328:226:372:230:401:229
A,2978,99.3158,-1,0,0,1,X,X,X,X,X,268:195:155:144:299:221:329:226:372:230:402:229
A,2979,99.3477,-1,0,0,1,X,X,X,X,X,269:196:155:142:299:220:328:226:372:230:401:229
A,2980,99.3801,-1,0,0,1,X,X,X,X,X,268:196:156:143:299:220:329:226:372:230:401:229
A,2981,99.4117,-1,0,0,1,X,X,X,X,X,268:196:155:143:299:220:328:226:372:230:401:229
A,2982,99.4436,-1,0,0,1,X,X,X,X,X,268:196:156:142:299:220:328:226:372:230:401:229
A,2983,99.4756,-1,0,0,1,X,X,X,X,X,268:196:156:143:299:220:329:226:372:230:401:228
A,2984,99.5079,-1,0,0,1,X,X,X,X,X,268:195:156:143:299:220:328:226:372:230:401:229
A,2985,99.5556,-1,0,0,1,X,X,X,X,X,268:196:156:142:299:220:329:225:372:230:401:228
A,2986,99.588,-1,0,0,1,X,X,X,X,X,269:195:155:143:299:219:329:225:371:229:401:228
A,2987,99.6205,-1,0,0,1,X,X,X,X,X,268:195:156:143:299:219:329:225:371:229:402:228
A,2988,99.6516,-1,0,0,1,X,X,X,X,X,268:195:156:143:298:219:329:225:371:229:401:228
A,2989,99.6837,-1,0,0,1,X,X,X,X,X,268:195:155:142:299:219:329:225:371:229:400:228
A,2990,99.716,-1,0,0,1,X,X,X,X,X,267:195:156:143:299:219:328:225:371:229:400:228
A,2991,99.7479,-1,0,0,1,X,X,X,X,X,267:195:157:143:299:219:328:224:371:229:399:228
A,2992,99.7801,-1,0,0,1,X,X,X,X,X,267:195:157:143:299:219:328:225:370:229:399:228
A,2993,99.812,-1,0,0,1,X,X,X,X,X,267:195:157:143:298:219:328:225:371:229:400:228
A,2994,99.8438,-1,0,0,1,X,X,X,X,X,267:195:156:143:299:219:328:225:371:229:400:228
A,2995,99.8758,-1,0,0,1,X,X,X,X,X,268:195:156:143:299:219:328:225:370:229:399:228
A,2996,99.9079,-1,0,0,1,X,X,X,X,X,267:195:156:143:298:219:328:225:371:229:400:228
A,2997,99.94,-1,0,0,1,X,X,X,X,X,268:194:154:144:298:219:328:224:371:229:400:228
A,2998,99.9878,-1,0,0,1,X,X,X,X,X,267:194:156:144:298:219:328:225:370:229:400:228
A,2999,100.02,-1,0,0,1,X,X,X,X,X,268:195:155:143:299:219:328:225:371:229:400:228
A,3000,100.052,-1,0,0,1,X,X,X,X,X,268:195:156:143:298:219:329:225:371:229:401:228
A,3001,100.084,-1,0,0,1,X,X,X,X,X,267:195:157:143:299:219:329:225:371:229:401:228
A,3002,100.116,-1,0,0,1,X,X,X,X,X,268:194:155:144:299:219:329:225:372:229:401:228
A,3003,100.148,-1,0,0,1,X,X,X,X,X,268:195:156:143:298:219:329:225:371:229:401:228
A,3004,100.18,-1,0,0,1,X,X,X,X,X,268:195:156:143:299:219:329:225:371:229:401:228
A,3005,100.212,-1,0,0,1,X,X,X,X,X,269:195:155:143:299:219:329:224:372:229:401:228
A,3006,100.244,-1,0,0,1,X,X,X,X,X,268:194:156:144:298:219:328:225:371:229:401:229
A,3007,100.276,-1,0,0,1,X,X,X,X,X,268:194:155:144:299:219:329:225:372:229:401:228
A,3008,100.308,-1,0,0,1,X,X,X,X,X,268:194:156:144:298:219:328:225:371:229:400:228
A,3009,100.34,-1,0,0,1,X,X,X,X,X,268:194:156:143:298:218:329:224:370:229:400:227
A,3010,100.388,-1,0,0,1,X,X,X,X,X,267:194:157:143:298:218:328:225:371:229:401:228
A,3011,100.42,-1,0,0,1,X,X,X,X,X,268:194:155:143:298:219:328:224:371:229:400:228
A,3012,100.452,-1,0,0,1,X,X,X,X,X,268:194:156:144:298:219:328:225:370:229:401:228
A,3013,100.484,-1,0,0,1,X,X,X,X,X,268:194:156:144:298:219:328:225:370:229:400:228
A,3014,100.516,-1,0,0,1,X,X,X,X,X,267:194:157:144:298:219:328:225:371:229:400:228
A,3015,100.548,-1,0,0,1,X,X,X,X,X,268:195:156:143:298:220:328:225:371:230:400:229
A,3016,100.58,-1,0,0,1,X,X,X,X,X,268:195:156:143:298:220:328:225:371:230:401:229
A,3017,100.612,-1,0,0,1,X,X,X,X,X,267:195:158:143:298:220:328:225:371:230:402:229
A,3018,100.644,-1,0,0,1,X,X,X,X,X,268:195:157:143:298:220:329:226:371:230:402:229
A,3019,100.676,-1,0,0,1,X,X,X,X,X,268:195:157:143:298:219:329:225:371:230:401:229
A,3020,100.708,-1,0,0,1,X,X,X,X,X,268:194:157:144:298:219:328:225:371:230:402:229
A,3021,100.74,-1,0,0,1,X,X,X,X,X,269:194:155:144:299:219:329:225:371:229:401:228
A,3022,100.788,24,1,0,1,X,X,X,X,X,269:195:156:143:299:220:329:225:371:229:401:229
A,3023,100.82,24,1,1,1,X,C,X,C,X,269:193:156:145:297:220:329:226:370:231:402:230
A,3024,100.852,24,1,1,1,X,C,X,C,X,268:192:157:145:298:221:329:225:370:230:401:229
A,3025,100.884,24,1,1,1,X,C,X,C,X,268:193:157:144:298:220:329:225:370:229:401:229
A,3026,100.916,24,1,1,1,X,C,X,C,X,269:192:155:145:298:218:329:223:370:228:401:228
A,3027,100.948,24,1,0,1,X,X,X,X,X,268:193:156:144:299:218:328:223:372:228:400:228
A,3028,100.98,24,1,0,1,X,X,X,X,X,267:193:156:144:298:217:328:223:370:227:399:226
A,3029,101.012,24,1,0,1,X,X,X,X,X,267:193:155:144:299:217:328:223:369:227:398:226
A,3030,101.044,-1,0,0,1,X,X,X,X,X,269:193:153:144:299:217:328:223:369:227:398:225
A,3031,101.076,-1,0,0,1,X,X,X,X,X,267:193:156:144:298:217:328:223:369:227:399:225
A,3032,101.108,-1,0,0,1,X,X,X,X,X,267:192:156:145:297:217:328:223:369:227:399:225
A,3033,101.14,-1,0,0,1,X,X,X,X,X,268:193:154:144:298:217:328:223:369:227:398:226
A,3034,101.172,-1,0,0,1,X,X,X,X,X,267:193:155:143:298:217:327:223:368:227:398:225
A,3035,101.22,-1,0,0,1,X,X,X,X,X,267:192:155:145:297:217:327:223:368:227:398:226
A,3036,101.252,-1,0,0,1,X,X,X,X,X,266:192:157:145:297:217:327:223:368:227:398:225
A,3037,101.284,-1,0,0,1,X,X,X,X,X,266:192:156:145:296:217:326:223:368:227:398:225
A,3038,101.316,-1,0,0,1,X,X,X,X,X,266:193:156:143:297:217:326:223:368:227:398:225
A,3039,101.348,-1,0,0,1,X,X,X,X,X,265:192:156:144:296:217:326:223:368:227:398:225
A,3040,101.38,-1,0,0,1,X,X,X,X,X,267:192:154:144:297:216:326:222:368:227:398:225
A,3041,101.431,-1,0,0,1,X,X,X,X,X,266:192:156:143:297:216:326:222:368:226:398:225
A,3042,101.445,-1,0,0,1,X,X,X,X,X,267:192:155:143:297:216:327:222:369:226:398:224
A,3043,101.481,-1,0,0,1,X,X,X,X,X,268:191:155:144:298:215:328:221:369:225:399:224
A,3044,101.508,-1,0,0,1,X,X,X,X,X,268:190:154:145:299:215:328:221:370:226:398:225
A,3045,101.54,-1,0,0,1,X,X,X,X,X,269:189:153:145:301:214:329:220:371:226:399:225
A,3046,101.572,-1,0,0,1,X,X,X,X,X,269:188:154:145:302:213:331:219:372:224:400:224
A,3047,101.62,-1,0,0,1,X,X,X,X,X,269:187:153:145:302:212:331:218:373:224:401:224
A,3048,101.652,-1,0,0,1,X,X,X,X,X,268:186:155:146:302:212:331:218:372:224:401:224
A,3049,101.684,-1,0,0,1,X,X,X,X,X,269:186:152:146:301:211:330:218:371:223:400:223
A,3050,101.716,-1,0,0,1,X,X,X,X,X,269:185:152:145:300:210:329:216:370:222:399:221
A,3051,101.748,-1,0,0,1,X,X,X,X,X,268:183:153:147:299:209:328:215:369:220:398:220
A,3052,101.78,-1,0,0,1,X,X,X,X,X,267:184:154:146:298:209:327:215:368:220:397:219
A,3053,101.812,-1,0,0,1,X,X,X,X,X,267:184:152:146:296:210:325:215:366:220:395:219
A,3054,101.844,-1,0,0,1,X,X,X,X,X,266:184:152:145:295:210:324:215:365:219:394:218
A,3055,101.876,-1,0,0,1,X,X,X,X,X,264:183:155:144:293:208:322:214:364:217:393:216
A,3056,101.908,-1,0,0,1,X,X,X,X,X,263:183:157:148:291:209:320:214:360:216:390:213
A,3057,101.94,-1,0,0,1,X,X,X,X,X,262:185:153:143:290:210:318:214:359:216:388:213
A,3058,101.972,-1,0,0,1,X,X,X,X,X,259:185:154:142:287:210:316:214:358:216:387:213
A,3059,102.02,-1,0,0,1,X,X,X,X,X,259:186:152:141:285:210:314:214:356:215:385:212
A,3060,102.052,-1,0,0,1,X,X,X,X,X,260:187:151:141:285:212:313:215:354:216:384:212
A,3061,102.084,-1,0,0,1,X,X,X,X,X,260:187:151:142:283:214:312:218:353:218:383:214
A,3062,102.116,-1,0,0,1,X,X,X,X,X,261:190:149:141:283:216:311:219:352:219:382:215
A,3063,102.148,-1,0,0,1,X,X,X,X,X,261:191:150:140:283:216:311:220:351:220:381:216
A,3064,102.18,-1,0,0,1,X,X,X,X,X,261:192:150:139:283:217:311:221:351:221:381:216
A,3065,102.212,-1,0,0,1,X,X,X,X,X,261:193:149:138:282:219:310:222:351:222:381:217
A,3066,102.244,-1,0,0,1,X,X,X,X,X,261:193:149:139:283:220:311:223:351:223:381:218
A,3067,102.276,-1,0,0,1,X,X,X,X,X,261:193:149:137:283:219:310:222:350:222:380:217
A,3068,102.308,-1,0,0,1,X,X,X,X,X,260:193:149:138:282:218:310:222:351:222:380:217
A,3069,102.34,-1,0,0,1,X,X,X,X,X,260:193:149:138:281:219:309:223:350:222:380:217
A,3070,102.372,-1,0,0,1,X,X,X,X,X,260:192:149:139:281:219:309:223:349:222:379:217
A,3071,102.404,-1,0,0,1,X,X,X,X,X,259:193:150:138:281:220:308:223:349:223:378:217
A,3072,102.452,-1,0,0,1,X,X,X,X,X,259:193:149:138:280:220:308:223:348:223:378:217
A,3073,102.484,-1,0,0,1,X,X,X,X,X,259:193:148:138:279:219:308:223:348:223:378:217
A,3074,102.516,-1,0,0,1,X,X,X,X,X,258:194:149:137:279:220:307:223:347:223:377:217
A,3075,102.548,-1,0,0,1,X,X,X,X,X,257:194:151:137:279:219:307:223:348:222:377:217
A,3076,102.58,-1,0,0,1,X,X,X,X,X,257:194:151:137:279:220:307:223:347:222:377:217
A,3077,102.612,-1,0,0,1,X,X,X,X,X,258:193:150:138:280:219:307:223:348:222:377:217
A,3078,102.644,-1,0,0,1,X,X,X,X,X,258:193:150:138:280:219:308:223:348:222:377:217
A,3079,102.676,-1,0,0,1,X,X,X,X,X,258:194:150:137:280:220:308:223:349:222:378:218
A,3080,102.708,-1,0,0,1,X,X,X,X,X,260:193:149:138:281:220:310:223:349:222:379:217
A,3081,102.74,-1,0,0,1,X,X,X,X,X,260:194:150:137:282:220:310:223:350:222:380:218
A,3082,102.772,-1,0,0,1,X,X,X,X,X,259:193:151:138:282:219:311:222:351:222:381:217
A,3083,102.804,-1,0,0,1,X,X,X,X,X,260:193:151:138:283:219:311:222:352:222:382:217
A,3084,102.852,-1,0,0,1,X,X,X,X,X,261:194:149:136:284:219:312:223:352:222:382:217
A,3085,102.884,-1,0,0,1,X,X,X,X,X,261:194:151:137:283:219:312:222:352:222:382:217
A,3086,102.916,-1,0,0,1,X,X,X,X,X,262:194:150:136:284:218:313:222:353:222:383:217
A,3087,102.948,-1,0,0,1,X,X,X,X,X,263:194:149:137:286:219:314:223:354:223:384:218
A,3088,102.98,-1,0,0,1,X,X,X,X,X,264:195:149:136:287:218:315:223:356:223:385:218
A,3089,103.012,-1,0,0,1,X,X,X,X,X,265:195:150:136:288:219:317:223:357:223:387:219
A,3090,103.044,-1,0,0,1,X,X,X,X,X,266:195:150:136:289:218:318:222:359:223:389:218
A,3091,103.076,-1,0,0,1,X,X,X,X,X,266:195:150:136:290:218:319:222:360:223:389:219
A,3092,103.108,-1,0,0,1,X,X,X,X,X,266:195:151:136:290:218:319:222:360:223:389:218
A,3093,103.14,-1,0,0,1,X,X,X,X,X,267:194:149:137:291:218:319:222:360:223:389:218
A,3094,103.172,-1,0,0,1,X,X,X,X,X,266:194:151:137:290:218:320:222:360:223:390:218
A,3095,103.204,-1,0,0,1,X,X,X,X,X,267:195:150:136:292:218:320:222:361:223:390:218
A,3096,103.236,-1,0,0,1,X,X,X,X,X,266:194:150:137:291:218:320:222:361:223:390:218
A,3097,103.284,-1,0,0,1,X,X,X,X,X,265:195:151:136:291:218:320:222:360:223:390:218
A,3098,103.316,-1,0,0,1,X,X,X,X,X,265:194:151:137:291:218:320:222:360:222:389:217
A,3099,103.348,-1,0,0,1,X,X,X,X,X,264:194:150:137:290:218:320:222:360:222:389:217
A,3100,103.38,-1,0,0,1,X,X,X,X,X,262:193:151:138:289:218:319:221:359:222:388:217
A,3101,103.412,-1,0,0,1,X,X,X,X,X,261:193:151:136:288:217:317:221:358:221:387:216
A,3102,103.444,-1,0,0,1,X,X,X,X,X,260:192:152:138:288:217:316:221:357:221:386:216
A,3103,103.477,-1,0,0,1,X,X,X,X,X,258:192:152:138:287:217:315:221:357:221:385:216
A,3104,103.508,-1,0,0,1,X,X,X,X,X,256:191:153:139:285:217:315:220:355:220:385:215
A,3105,103.54,-1,0,0,1,X,X,X,X,X,255:190:153:139:285:216:314:219:355:219:383:215
A,3106,103.572,-1,0,0,1,X,X,X,X,X,256:191:151:138:284:215:313:219:354:219:382:214
A,3107,103.604,-1,0,0,1,X,X,X,X,X,256:190:150:138:283:215:313:219:353:219:382:214
A,3108,103.636,-1,0,0,1,X,X,X,X,X,255:189:152:139:283:215:313:218:353:218:382:214
A,3109,103.684,-1,0,0,1,X,X,X,X,X,256:189:152:139:284:214:314:217:354:217:383:214
A,3110,103.716,-1,0,0,1,X,X,X,X,X,258:189:150:139:286:213:315:217:356:218:384:214
A,3111,103.748,-1,0,0,1,X,X,X,X,X,258:189:151:139:288:213:316:217:357:218:385:214
A,3112,103.78,-1,0,0,1,X,X,X,X,X,260:188:150:140:291:212:318:216:359:217:387:214
A,3113,103.812,-1,0,0,1,X,X,X,X,X,260:187:151:141:292:211:320:215:362:217:389:215
A,3114,103.844,-1,0,0,1,X,X,X,X,X,262:187:149:141:294:211:323:215:363:218:390:215
A,3115,103.876,-1,0,0,1,X,X,X,X,X,262:186:150:142:295:210:324:215:365:218:393:216
A,3116,103.908,-1,0,0,1,X,X,X,X,X,263:186:151:142:296:210:326:215:366:218:394:216
A,3117,103.94,-1,0,0,1,X,X,X,X,X,265:186:149:143:299:211:327:216:368:219:394:217
A,3118,103.972,-1,0,0,1,X,X,X,X,X,265:187:149:141:300:211:328:216:369:219:395:217
A,3119,104.004,-1,0,0,1,X,X,X,X,X,266:187:149:143:301:211:329:217:370:220:397:218
A,3120,104.036,-1,0,0,1,X,X,X,X,X,267:188:149:141:301:212:331:217:370:221:398:219
A,3121,104.083,-1,0,0,1,X,X,X,X,X,267:187:150:142:302:212:332:217:372:221:400:219
A,3122,104.116,-1,0,0,1,X,X,X,X,X,268:187:151:142:303:211:332:217:373:221:401:219
A,3123,104.148,-1,0,0,1,X,X,X,X,X,268:187:151:142:303:211:333:217:373:221:400:220
A,3124,104.18,-1,0,0,1,X,X,X,X,X,269:187:150:143:304:212:333:218:374:222:401:220
A,3125,104.212,-1,0,0,1,X,X,X,X,X,269:188:151:142:304:212:333:218:374:222:401:220
A,3126,104.244,-1,0,0,1,X,X,X,X,X,269:188:151:143:304:213:333:218:374:222:401:221
A,3127,104.276,-1,0,0,1,X,X,X,X,X,269:189:151:142:304:213:333:219:374:223:401:221
A,3128,104.308,-1,0,0,1,X,X,X,X,X,269:189:151:142:304:213:333:219:374:223:402:222
A,3129,104.34,-1,0,0,1,X,X,X,X,X,270:190:151:141:304:213:334:219:374:223:402:222
A,3130,104.372,-1,0,0,1,X,X,X,X,X,270:190:152:142:304:214:335:220:375:224:404:222
A,3131,104.404,-1,0,0,1,X,X,X,X,X,271:190:151:143:307:214:335:220:375:225:402:223
A,3132,104.436,-1,0,0,1,X,X,X,X,X,271:191:152:141:307:214:336:220:376:225:403:223
A,3133,104.468,-1,0,0,1,X,X,X,X,X,272:190:151:142:308:214:336:220:377:225:403:223
A,3134,104.516,-1,0,0,1,X,X,X,X,X,272:190:151:142:308:214:337:221:377:225:403:224
A,3135,104.548,-1,0,0,1,X,X,X,X,X,272:190:152:142:307:214:336:221:377:225:404:223
A,3136,104.58,-1,0,0,1,X,X,X,X,X,272:190:151:143:308:214:337:221:377:225:404:224
A,3137,104.612,-1,0,0,1,X,X,X,X,X,272:190:152:143:308:214:337:221:377:225:404:224
A,3138,104.644,-1,0,0,1,X,X,X,X,X,272:190:153:142:308:214:337:221:377:225:405:224
A,3139,104.676,-1,0,0,1,X,X,X,X,X,272:190:152:143:307:215:336:221:377:225:404:224
A,3140,104.708,-1,0,0,1,X,X,X,X,X,272:191:151:142:307:215:337:221:377:226:404:224
A,3141,104.74,-1,0,0,1,X,X,X,X,X,272:191:152:143:307:215:336:221:377:226:405:224
A,3142,104.772,-1,0,0,1,X,X,X,X,X,272:191:152:143:307:215:336:221:377:226:404:224
A,3143,104.804,-1,0,0,1,X,X,X,X,X,272:191:152:143:307:215:336:221:377:226:404:224
A,3144,104.836,-1,0,0,1,X,X,X,X,X,271:192:153:141:308:215:336:221:377:226:404:224
A,3145,104.868,-1,0,0,1,X,X,X,X,X,272:191:151:143:308:215:337:221:377:226:405:224
A,3146,104.916,-1,0,0,1,X,X,X,X,X,272:191:153:143:307:215:336:221:377:226:405:224
A,3147,104.948,-1,0,0,1,X,X,X,X,X,272:191:152:143:307:215:337:221:376:226:404:224
A,3148,104.98,-1,0,0,1,X,X,X,X,X,273:192:151:142:307:216:337:222:377:226:404:224
A,3149,105.012,-1,0,0,1,X,X,X,X,X,273:192:150:142:308:216:337:222:377:226:404:224
A,3150,105.044,-1,0,0,1,X,X,X,X,X,272:192:152:142:308:215:337:222:378:226:405:224
A,3151,105.076,-1,0,0,1,X,X,X,X,X,273:191:151:143:307:215:337:221:377:226:405:224
A,3152,105.108,-1,0,0,1,X,X,X,X,X,272:191:151:142:307:215:336:221:377:226:404:224
A,3153,105.14,-1,0,0,1,X,X,X,X,X,273:190:150:143:307:214:336:220:377:225:404:223
A,3154,105.172,-1,0,0,1,X,X,X,X,X,272:190:151:142:307:214:336:220:376:225:403:223
A,3155,105.204,-1,0,0,1,X,X,X,X,X,272:190:151:142:306:214:335:220:376:224:404:223
A,3156,105.236,-1,0,0,1,X,X,X,X,X,272:189:151:142:306:214:335:219:375:224:404:222
A,3157,105.268,-1,0,0,1,X,X,X,X,X,272:189:151:142:306:213:335:219:375:224:404:222
A,3158,105.316,-1,0,0,1,X,X,X,X,X,272:189:149:141:306:213:335:219:375:224:403:222
A,3159,105.348,-1,0,0,1,X,X,X,X,X,272:188:150:142:306:212:335:218:375:223:403:221
A,3160,105.38,-1,0,0,1,X,X,X,X,X,272:189:150:141:306:212:335:218:375:223:402:221
A,3161,105.412,-1,0,0,1,X,X,X,X,X,271:188:151:142:305:212:335:218:375:222:403:220
A,3162,105.444,-1,0,0,1,X,X,X,X,X,271:188:150:142:305:212:334:218:374:222:402:220
A,3163,105.476,-1,0,0,1,X,X,X,X,X,271:188:150:142:304:212:333:218:374:222:402:220
A,3164,105.508,-1,0,0,1,X,X,X,X,X,270:189:150:141:303:212:333:218:373:222:401:220
A,3165,105.54,-1,0,0,1,X,X,X,X,X,270:189:150:141:304:213:333:218:373:222:401:220
A,3166,105.572,-1,0,0,1,X,X,X,X,X,271:189:149:142:303:213:333:218:373:222:401:221
A,3167,105.604,-1,0,0,1,X,X,X,X,X,270:189:151:142:303:214:333:219:373:223:401:221
A,3168,105.636,-1,0,0,1,X,X,X,X,X,270:190:150:141:304:214:333:219:373:223:401:221
A,3169,105.668,-1,0,0,1,X,X,X,X,X,270:190:151:141:304:213:333:219:374:222:402:220
A,3170,105.699,-1,0,0,1,X,X,X,X,X,270:189:151:142:304:214:334:219:374:222:402:221
A,3171,105.748,-1,0,0,1,X,X,X,X,X,271:190:151:142:305:214:334:220:375:223:402:221
A,3172,105.78,-1,0,0,1,X,X,X,X,X,271:190:151:142:304:214:334:220:374:223:402:221
A,3173,105.812,-1,0,0,1,X,X,X,X,X,272:189:150:142:305:213:335:218:374:222:402:220
A,3174,105.844,-1,0,0,1,X,X,X,X,X,272:189:150:142:305:213:335:218:375:222:403:220
A,3175,105.876,-1,0,0,1,X,X,X,X,X,272:190:150:142:306:214:335:219:375:223:403:221
A,3176,105.908,-1,0,0,1,X,X,X,X,X,272:190:151:142:307:214:336:220:375:223:403:222
A,3177,105.94,-1,0,0,1,X,X,X,X,X,272:189:151:141:307:212:336:218:376:222:404:220
A,3178,105.972,-1,0,0,1,X,X,X,X,X,272:188:151:143:307:212:336:218:376:222:404:220
A,3179,106.004,-1,0,0,1,X,X,X,X,X,273:190:151:142:307:214:336:220:376:223:404:221
A,3180,106.036,-1,0,0,1,X,X,X,X,X,273:191:151:142:306:215:336:220:376:224:403:223
A,3181,106.068,-1,0,0,1,X,X,X,X,X,273:191:151:141:307:215:336:220:377:224:404:222
A,3182,106.099,-1,0,0,1,X,X,X,X,X,273:190:151:142:307:214:336:220:376:223:404:222
A,3183,106.147,-1,0,0,1,X,X,X,X,X,274:190:151:142:307:214:336:220:377:224:404:222
A,3184,106.18,-1,0,0,1,X,X,X,X,X,274:190:150:142:307:214:336:220:376:224:404:222
A,3185,106.212,-1,0,0,1,X,X,X,X,X,274:190:151:141:306:214:336:219:377:223:405:221
A,3186,106.244,-1,0,0,1,X,X,X,X,X,274:190:150:142:307:214:336:219:376:223:404:221
A,3187,106.276,-1,0,0,1,X,X,X,X,X,273:190:151:141:306:214:336:219:376:223:404:221
A,3188,106.307,-1,0,0,1,X,X,X,X,X,273:189:151:143:306:214:335:219:376:223:403:221
A,3189,106.339,-1,0,0,1,X,X,X,X,X,273:190:150:142:306:214:335:219:375:223:403:221
A,3190,106.372,-1,0,0,1,X,X,X,X,X,272:190:151:141:306:214:335:219:375:223:403:221
A,3191,106.404,-1,0,0,1,X,X,X,X,X,272:189:151:142:305:213:334:219:375:223:403:221
A,3192,106.436,-1,0,0,1,X,X,X,X,X,272:190:151:142:304:214:333:219:374:223:402:222
A,3193,106.468,-1,0,0,1,X,X,X,X,X,272:190:151:143:304:214:333:220:374:223:402:222
A,3194,106.5,-1,0,0,1,X,X,X,X,X,270:191:153:141:304:214:333:220:374:223:401:221
A,3195,106.547,-1,0,0,1,X,X,X,X,X,270:190:152:142:303:214:332:220:373:223:401:221
A,3196,106.579,-1,0,0,1,X,X,X,X,X,270:190:152:143:303:214:332:220:373:223:401:221
A,3197,106.611,-1,0,0,1,X,X,X,X,X,270:190:152:142:303:215:332:220:372:223:400:222
A,3198,106.643,-1,0,0,1,X,X,X,X,X,270:190:152:142:303:214:332:220:372:224:400:221
A,3199,106.676,-1,0,0,1,X,X,X,X,X,269:190:153:143:301:214:331:220:372:223:401:221
A,3200,106.708,25,1,0,1,X,X,X,X,X,270:191:151:142:302:215:331:220:371:224:399:223
A,3201,106.74,25,1,1,1,X,C,X,C,X,269:190:152:143:301:217:331:221:371:225:401:224
A,3202,106.772,25,1,1,1,X,C,X,C,X,269:190:152:143:302:217:331:221:370:225:400:225
A,3203,106.803,25,1,1,1,X,C,X,C,X,270:189:151:144:300:216:330:220:371:225:402:224
A,3204,106.836,25,1,1,1,X,C,X,C,X,269:190:152:144:300:215:331:220:371:224:400:224
A,3205,106.867,25,1,0,1,X,X,X,X,X,269:191:151:142:301:215:331:220:372:224:401:223
A,3206,106.899,25,1,0,1,X,X,X,X,X,269:190:152:142:301:214:330:219:371:223:399:222
A,3207,106.931,25,1,0,1,X,X,X,X,X,268:190:152:143:301:214:330:220:371:224:399:222
A,3208,107.011,25,1,0,1,X,X,X,X,X,268:190:152:142:300:214:329:220:370:224:399:221
A,3209,107.043,-1,0,0,1,X,X,X,X,X,268:190:152:142:300:214:329:220:369:223:398:221
A,3210,107.076,-1,0,0,1,X,X,X,X,X,267:191:152:141:300:215:329:220:369:223:397:221
A,3211,107.107,-1,0,0,1,X,X,X,X,X,266:191:153:142:298:214:328:220:368:223:397:221
A,3212,107.14,-1,0,0,1,X,X,X,X,X,267:191:152:142:298:214:327:220:368:223:396:221
A,3213,107.172,-1,0,0,1,X,X,X,X,X,267:191:151:141:298:215:327:220:368:223:396:221
A,3214,107.203,-1,0,0,1,X,X,X,X,X,266:191:152:141:298:215:326:220:367:223:396:221
A,3215,107.236,-1,0,0,1,X,X,X,X,X,267:191:151:142:298:215:327:220:368:223:396:221
A,3216,107.268,-1,0,0,1,X,X,X,X,X,267:190:150:142:298:214:327:220:368:223:396:221
A,3217,107.299,-1,0,0,1,X,X,X,X,X,267:190:151:142:298:214:327:220:367:223:396:220
A,3218,107.331,26,1,0,1,X,X,X,X,X,267:190:150:142:298:215:326:220:367:223:396:221
A,3219,107.379,26,1,0,1,X,X,X,X,X,266:190:152:142:297:215:325:219:367:223:395:222
A,3220,107.412,26,1,0,1,X,X,X,C,X,266:190:153:142:295:215:325:219:367:223:396:222
A,3221,107.444,26,1,0,1,X,X,X,C,X,265:189:154:144:294:215:325:219:366:222:396:222
A,3222,107.476,26,1,0,1,X,X,X,X,X,265:189:153:143:295:214:324:219:365:222:394:221
A,3223,107.508,26,1,0,1,X,X,X,X,X,264:189:153:143:293:213:323:218:364:221:393:219
A,3224,107.54,26,1,0,1,X,X,X,X,X,263:189:154:143:293:213:322:218:363:221:391:218
A,3225,107.572,-1,0,0,1,X,X,X,X,X,264:189:152:142:292:213:321:218:362:221:392:218
A,3226,107.604,-1,0,0,1,X,X,X,X,X,265:190:151:142:292:213:321:219:362:221:390:218
A,3227,107.635,-1,0,0,1,X,X,X,X,X,263:189:153:143:292:213:321:218:362:221:391:218
A,3228,107.667,-1,0,0,1,X,X,X,X,X,262:189:154:142:291:213:321:218:361:221:390:218
A,3229,107.7,-1,0,0,1,X,X,X,X,X,264:189:152:143:291:213:321:218:361:221:391:218
A,3230,107.731,-1,0,0,1,X,X,X,X,X,263:189:153:143:291:213:321:218:361:221:390:218
A,3231,107.764,-1,0,0,1,X,X,X,X,X,263:189:153:143:292:213:321:219:361:221:390:218
A,3232,107.811,-1,0,0,1,X,X,X,X,X,263:190:152:142:291:214:320:219:361:221:389:219
A,3233,107.844,-1,0,0,1,X,X,X,X,X,265:190:150:141:292:213:320:219:360:221:389:219
A,3234,107.875,-1,0,0,1,X,X,X,X,X,262:190:153:142:291:214:320:219:360:222:389:219
A,3235,107.908,-1,0,0,1,X,X,X,X,X,263:190:151:143:290:214:319:220:360:222:389:219
A,3236,107.939,-1,0,0,1,X,X,X,X,X,263:190:151:142:290:215:319:220:360:223:389:220
A,3237,107.971,-1,0,0,1,X,X,X,X,X,263:191:152:141:290:215:318:220:359:222:388:220
A,3238,108.004,-1,0,0,1,X,X,X,X,X,262:191:152:141:289:215:318:220:358:222:388:219
A,3239,108.035,-1,0,0,1,X,X,X,X,X,262:191:151:141:288:215:317:220:358:222:387:219
A,3240,108.068,-1,0,0,1,X,X,X,X,X,261:191:152:141:288:215:317:220:357:223:387:219
A,3241,108.1,-1,0,0,1,X,X,X,X,X,261:190:151:142:287:214:316:220:357:222:386:219
A,3242,108.132,-1,0,0,1,X,X,X,X,X,260:190:152:141:286:214:315:219:357:222:386:220
A,3243,108.164,-1,0,0,1,X,X,X,X,X,260:189:152:142:286:214:315:219:356:222:386:220
A,3244,108.211,-1,0,0,1,X,X,X,X,X,260:189:152:142:286:214:315:219:356:222:385:220
A,3245,108.244,-1,0,0,1,X,X,X,X,X,259:189:153:143:285:213:315:219:355:222:385:219
A,3246,108.276,-1,0,0,1,X,X,X,X,X,259:188:153:143:285:213:314:219:355:222:385:220
A,3247,108.308,-1,0,0,1,X,X,X,X,X,258:188:153:143:284:213:314:219:355:222:384:220
A,3248,108.34,-1,0,0,1,X,X,X,X,X,259:189:151:142:285:214:313:219:353:222:383:220
A,3249,108.372,-1,0,0,1,X,X,X,X,X,258:190:153:142:284:214:313:220:354:222:383:220
A,3250,108.404,-1,0,0,1,X,X,X,X,X,258:190:153:142:284:214:313:219:354:222:384:220
A,3251,108.436,-1,0,0,1,X,X,X,X,X,257:190:153:142:284:214:313:219:355:222:384:220
A,3252,108.468,-1,0,0,1,X,X,X,X,X,259:191:152:142:285:215:313:220:354:222:383:220
A,3253,108.5,-1,0,0,1,X,X,X,X,X,259:191:151:142:285:215:314:220:354:222:383:220
A,3254,108.532,-1,0,0,1,X,X,X,X,X,258:191:152:141:284:215:314:220:354:222:384:219
A,3255,108.564,-1,0,0,1,X,X,X,X,X,258:190:153:142:285:215:314:220:355:222:385:219
A,3256,108.611,-1,0,0,1,X,X,X,X,X,258:192:153:140:285:216:315:220:355:222:385:219
A,3257,108.643,-1,0,0,1,X,X,X,X,X,258:192:153:140:285:216:314:220:355:222:385:219
A,3258,108.676,-1,0,0,1,X,X,X,X,X,258:191:152:141:285:216:314:220:355:221:385:218
A,3259,108.708,-1,0,0,1,X,X,X,X,X,257:191:154:140:284:215:314:219:355:220:386:217
A,3260,108.739,-1,0,0,1,X,X,X,X,X,257:191:154:141:284:215:314:219:355:220:385:217
A,3261,108.772,-1,0,0,1,X,X,X,X,X,257:192:154:140:285:215:315:220:355:221:386:217
A,3262,108.803,-1,0,0,1,X,X,X,X,X,256:192:154:140:285:215:315:220:355:220:385:217
A,3263,108.836,-1,0,0,1,X,X,X,X,X,257:191:154:140:286:215:315:219:356:220:385:216
A,3264,108.868,-1,0,0,1,X,X,X,X,X,257:191:153:141:286:215:315:218:356:219:385:216
A,3265,108.9,-1,0,0,1,X,X,X,X,X,258:191:152:140:286:215:315:219:356:220:386:217
A,3266,108.931,-1,0,0,1,X,X,X,X,X,258:191:152:140:287:215:316:219:356:220:385:216
A,3267,108.964,-1,0,0,1,X,X,X,X,X,258:190:153:141:286:214:316:218:357:219:386:215
A,3268,108.995,-1,0,0,1,X,X,X,X,X,259:190:153:140:287:214:316:218:356:219:386:215
A,3269,109.043,-1,0,0,1,X,X,X,X,X,259:190:152:141:287:214:316:218:356:219:385:216
A,3270,109.076,-1,0,0,1,X,X,X,X,X,258:191:154:140:287:214:315:218:356:219:385:216
A,3271,109.108,-1,0,0,1,X,X,X,X,X,259:190:152:141:287:214:315:218:356:219:385:216
A,3272,109.14,-1,0,0,1,X,X,X,X,X,259:190:151:140:287:214:315:218:356:219:385:216
A,3273,109.172,-1,0,0,1,X,X,X,X,X,258:190:152:141:286:214:315:218:356:219:385:216
A,3274,109.203,-1,0,0,1,X,X,X,X,X,259:191:152:140:286:214:315:218:356:220:384:216
A,3275,109.235,-1,0,0,1,X,X,X,X,X,258:190:152:141:286:214:315:218:355:219:384:215
A,3276,109.268,-1,0,0,1,X,X,X,X,X,259:190:151:141:287:214:315:218:356:219:384:215
A,3277,109.3,-1,0,0,1,X,X,X,X,X,257:190:152:141:286:214:314:218:356:219:384:215
A,3278,109.331,-1,0,0,1,X,X,X,X,X,257:190:153:141:285:214:314:218:355:219:384:215
A,3279,109.364,-1,0,0,1,X,X,X,X,X,256:191:154:139:285:214:314:218:355:219:384:215
A,3280,109.396,-1,0,0,1,X,X,X,X,X,256:191:154:140:285:214:314:218:355:219:384:215
A,3281,109.443,-1,0,0,1,X,X,X,X,X,256:191:154:140:285:214:314:218:355:219:384:215
A,3282,109.475,-1,0,0,1,X,X,X,X,X,257:191:153:140:284:214:314:218:355:220:384:216
A,3283,109.507,-1,0,0,1,X,X,X,X,X,256:191:154:140:285:214:314:219:355:220:385:216
A,3284,109.539,-1,0,0,1,X,X,X,X,X,257:190:153:141:285:214:314:219:355:220:385:216
A,3285,109.572,-1,0,0,1,X,X,X,X,X,257:191:153:140:285:214:314:219:355:220:384:217
A,3286,109.604,27,1,0,1,X,X,X,X,X,258:191:153:141:285:215:314:219:355:220:385:218
A,3287,109.636,27,1,0,1,X,X,X,C,X,258:191:152:140:284:217:314:220:354:222:385:220
A,3288,109.668,27,1,1,1,X,C,X,C,X,257:190:153:141:285:218:315:221:355:223:386:220
A,3289,109.699,27,1,1,1,X,C,X,C,X,257:191:154:140:285:218:316:221:356:222:386:220
A,3290,109.731,27,1,1,1,X,C,X,C,X,258:191:153:140:285:217:315:220:356:222:386:220
A,3291,109.764,27,1,0,1,X,X,X,C,X,257:191:154:141:285:216:315:219:357:221:387:220
A,3292,109.796,27,1,0,1,X,X,X,X,X,258:191:152:141:286:215:315:219:356:221:386:218
A,3293,109.844,27,1,0,1,X,X,X,X,X,258:191:152:141:286:215:315:219:356:220:385:217
A,3294,109.875,27,1,0,1,X,X,X,X,X,258:191:153:140:286:215:315:219:356:220:385:217
A,3295,109.908,-1,0,0,1,X,X,X,X,X,258:191:153:141:286:215:315:219:356:220:385:217
A,3296,109.939,-1,0,0,1,X,X,X,X,X,260:191:151:140:287:215:316:219:356:221:385:217
A,3297,109.972,-1,0,0,1,X,X,X,X,X,259:191:151:141:286:215:315:220:356:221:385:217
A,3298,110.003,-1,0,0,1,X,X,X,X,X,259:191:151:141:286:215:316:219:356:221:385:217
A,3299,110.036,-1,0,0,1,X,X,X,X,X,258:191:153:141:286:215:316:219:356:220:386:217
A,3300,110.068,-1,0,0,1,X,X,X,X,X,259:191:150:141:287:215:316:220:356:221:385:218
A,3301,110.099,28,1,0,1,X,X,X,X,X,259:191:152:141:286:215:315:220:356:221:385:218
A,3302,110.132,28,1,0,1,X,X,X,X,X,260:191:151:142:285:217:315:220:356:222:386:219
A,3303,110.164,28,1,0,1,X,X,X,X,X,258:191:153:141:285:217:315:220:356:222:387:220
A,3304,110.196,28,1,0,1,X,X,X,X,X,259:192:150:140:286:215:315:220:356:221:385:219
A,3305,110.228,28,1,0,1,X,X,X,X,X,259:191:152:141:286:215:315:219:356:221:385:218
A,3306,110.275,-1,0,0,1,X,X,X,X,X,259:191:151:140:286:214:315:219:356:221:385:217
A,3307,110.307,-1,0,0,1,X,X,X,X,X,259:191:151:141:286:214:315:219:356:221:385:218
A,3308,110.34,-1,0,0,1,X,X,X,X,X,260:191:151:140:287:215:315:219:356:221:385:217
A,3309,110.372,-1,0,0,1,X,X,X,X,X,259:191:151:140:286:214:315:219:356:221:385:217
A,3310,110.404,-1,0,0,1,X,X,X,X,X,260:192:150:140:287:214:316:219:356:221:385:217
A,3311,110.436,-1,0,0,1,X,X,X,X,X,259:192:153:140:287:214:315:219:356:221:385:217
A,3312,110.468,-1,0,0,1,X,X,X,X,X,259:191:152:141:286:214:315:219:356:221:386:217
A,3313,110.5,-1,0,0,1,X,X,X,X,X,259:191:152:141:286:215:316:219:357:221:386:217
A,3314,110.532,-1,0,0,1,X,X,X,X,X,259:192:152:139:287:215:315:219:356:221:386:217
A,3315,110.563,-1,0,0,1,X,X,X,X,X,259:192:152:140:286:215:315:219:356:221:386:217
A,3316,110.595,-1,0,0,1,X,X,X,X,X,258:191:153:141:286:215:315:219:356:221:386:217
A,3317,110.628,-1,0,0,1,X,X,X,X,X,261:192:151:140:287:215:316:220:356:221:386:218
A,3318,110.675,-1,0,0,1,X,X,X,X,X,260:192:151:140:287:215:316:220:356:221:386:218
A,3319,110.707,29,1,0,1,X,X,X,X,X,260:191:151:141:287:215:316:220:356:222:385:218
A,3320,110.74,29,1,1,1,X,C,X,C,X,260:191:152:141:286:217:316:220:357:223:388:221
A,3321,110.771,29,1,1,1,X,C,X,C,X,260:192:152:141:287:219:316:221:357:223:388:222
A,3322,110.803,29,1,1,1,X,C,X,C,X,259:191:153:142:286:218:316:221:357:224:388:222
A,3323,110.836,29,1,1,1,X,C,X,C,X,259:191:153:142:286:217:316:221:358:223:389:221
A,3324,110.867,29,1,0,1,X,X,X,X,X,260:192:151:140:287:217:316:220:358:223:388:221
A,3325,110.899,29,1,0,1,X,X,X,X,X,259:192:153:141:287:217:317:221:358:223:388:221
A,3326,110.932,29,1,0,1,X,X,X,X,X,260:191:151:142:288:217:317:221:359:223:388:221
A,3327,110.963,29,1,0,1,X,X,X,X,X,260:193:152:140:289:217:317:221:358:223:387:220
A,3328,110.995,-1,0,0,1,X,X,X,X,X,260:192:152:140:289:217:317:221:359:223:387:220
A,3329,111.028,-1,0,0,1,X,X,X,X,X,261:193:152:139:289:216:317:221:359:223:388:220
A,3330,111.075,-1,0,0,1,X,X,X,X,X,260:192:152:141:288:216:317:221:359:223:388:220
A,3331,111.107,-1,0,0,1,X,X,X,X,X,259:192:153:141:288:217:317:221:359:223:388:221
A,3332,111.139,-1,0,0,1,X,X,X,X,X,260:192:152:141:288:217:317:221:359:223:388:220
A,3333,111.172,-1,0,0,1,X,X,X,X,X,260:193:151:140:288:217:317:221:359:223:388:221
A,3334,111.203,-1,0,0,1,X,X,X,X,X,259:193:153:140:288:217:317:221:359:223:388:220
A,3335,111.236,-1,0,0,1,X,X,X,X,X,261:193:151:140:288:217:317:221:358:223:388:220
A,3336,111.267,-1,0,0,1,X,X,X,X,X,260:193:151:140:288:217:317:221:359:223:389:220
A,3337,111.3,-1,0,0,1,X,X,X,X,X,259:193:154:140:288:217:317:221:358:223:388:221
A,3338,111.332,-1,0,0,1,X,X,X,X,X,261:193:151:140:288:217:317:221:359:223:388:220
A,3339,111.363,-1,0,0,1,X,X,X,X,X,261:193:151:140:287:217:317:221:359:223:389:220
A,3340,111.395,-1,0,0,1,X,X,X,X,X,261:193:152:140:289:217:317:221:359:223:388:220
A,3341,111.428,-1,0,0,1,X,X,X,X,X,260:193:152:140:288:217:317:221:358:223:387:220
A,3342,111.459,-1,0,0,1,X,X,X,X,X,260:193:152:140:288:217:317:221:358:223:387:220
A,3343,111.507,-1,0,0,1,X,X,X,X,X,259:193:153:140:288:217:317:221:358:223:388:220
A,3344,111.54,-1,0,0,1,X,X,X,X,X,261:193:151:140:288:217:317:221:358:223:387:220
A,3345,111.572,-1,0,0,1,X,X,X,X,X,260:194:153:139:288:217:317:221:358:223:388:220
A,3346,111.603,-1,0,0,1,X,X,X,X,X,261:194:151:139:288:217:317:221:358:223:387:220
A,3347,111.636,-1,0,0,1,X,X,X,X,X,259:193:154:140:288:217:317:221:359:223:388:220
A,3348,111.667,-1,0,0,1,X,X,X,X,X,261:194:151:139:287:217:317:221:359:223:388:220
A,3349,111.699,-1,0,0,1,X,X,X,X,X,260:194:152:139:287:217:316:221:358:223:388:220
A,3350,111.732,-1,0,0,1,X,X,X,X,X,260:194:153:139:288:217:316:221:359:223:387:220
A,3351,111.763,-1,0,0,1,X,X,X,X,X,259:193:153:140:287:217:316:221:358:223:387:220
A,3352,111.795,-1,0,0,1,X,X,X,X,X,259:194:153:140:288:217:317:222:359:223:388:221
A,3353,111.828,-1,0,0,1,X,X,X,X,X,260:193:153:140:288:218:317:221:359:223:388:221
A,3354,111.859,-1,0,0,1,X,X,X,X,X,260:194:152:139:289:218:317:222:359:223:388:221
A,3355,111.907,-1,0,0,1,X,X,X,X,X,260:194:153:139:288:218:317:222:359:224:388:221
A,3356,111.939,-1,0,0,1,X,X,X,X,X,260:194:153:139:288:218:317:222:359:223:388:221
A,3357,111.972,-1,0,0,1,X,X,X,X,X,260:194:153:139:288:218:318:222:359:224:388:221
A,3358,112.003,-1,0,0,1,X,X,X,X,X,260:194:153:139:288:218:317:222:359:224:388:221
A,3359,112.036,-1,0,0,1,X,X,X,X,X,259:195:154:139:288:218:317:222:359:224:389:221
A,3360,112.067,-1,0,0,1,X,X,X,X,X,260:195:153:139:288:218:317:222:359:224:388:221
A,3361,112.099,-1,0,0,1,X,X,X,X,X,260:194:153:140:289:218:318:222:359:224:388:221
A,3362,112.132,-1,0,0,1,X,X,X,X,X,259:194:153:139:289:218:318:222:359:224:389:221
A,3363,112.163,-1,0,0,1,X,X,X,X,X,260:194:153:139:289:218:318:222:359:224:388:221
A,3364,112.195,-1,0,0,1,X,X,X,X,X,260:195:153:138:289:218:318:222:359:224:388:221
A,3365,112.227,-1,0,0,1,X,X,X,X,X,261:195:152:138:288:218:317:222:359:224:388:221
A,3366,112.259,-1,0,0,1,X,X,X,X,X,260:195:154:138:288:218:317:222:359:224:389:221
A,3367,112.307,-1,0,0,1,X,X,X,X,X,259:194:154:139:288:218:318:222:359:224:388:221
A,3368,112.339,-1,0,0,1,X,X,X,X,X,260:195:154:138:289:218:318:222:359:224:388:221
A,3369,112.372,-1,0,0,1,X,X,X,X,X,260:195:153:139:288:218:317:222:359:224:389:222
A,3370,112.403,-1,0,0,1,X,X,X,X,X,260:194:153:140:289:218:318:222:359:224:389:222
A,3371,112.436,-1,0,0,1,X,X,X,X,X,261:195:152:138:289:218:317:222:359:224:388:221
A,3372,112.467,-1,0,0,1,X,X,X,X,X,260:195:153:138:289:218:318:222:359:224:388:222
A,3373,112.499,-1,0,0,1,X,X,X,X,X,260:195:154:139:289:218:317:222:359:224:388:222
A,3374,112.532,-1,0,0,1,X,X,X,X,X,261:195:152:138:288:218:317:222:359:224:388:222
A,3375,112.563,-1,0,0,1,X,X,X,X,X,261:195:151:139:289:218:318:222:359:224:388:221
A,3376,112.595,-1,0,0,1,X,X,X,X,X,261:194:153:140:289:218:318:222:359:224:388:222
A,3377,112.627,-1,0,0,1,X,X,X,X,X,261:195:152:138:289:218:318:223:359:224:389:222
A,3378,112.659,-1,0,0,1,X,X,X,X,X,261:195:152:139:288:218:318:223:359:225:388:222
A,3379,112.692,-1,0,0,1,X,X,X,X,X,260:195:154:139:289:218:318:222:359:224:388:222
A,3380,112.739,-1,0,0,1,X,X,X,X,X,260:195:154:139:289:218:318:222:359:224:388:222
A,3381,112.772,-1,0,0,1,X,X,X,X,X,261:195:153:139:289:218:318:223:360:225:389:222
A,3382,112.803,-1,0,0,1,X,X,X,X,X,261:195:153:139:290:218:318:223:360:224:389:222
A,3383,112.835,-1,0,0,1,X,X,X,X,X,260:195:154:138:290:218:318:223:360:225:389:222
A,3384,112.867,-1,0,0,1,X,X,X,X,X,260:195:154:139:289:218:318:223:361:225:390:223
A,3385,112.9,-1,0,0,1,X,X,X,X,X,261:195:153:139:290:218:319:223:360:225:389:223
A,3386,112.932,-1,0,0,1,X,X,X,X,X,260:195:155:138:290:219:319:223:360:225:389:223
A,3387,112.963,-1,0,0,1,X,X,X,X,X,260:195:154:139:290:218:319:223:360:225:389:222
A,3388,112.995,-1,0,0,1,X,X,X,X,X,260:195:154:139:290:218:319:223:361:225:389:223
A,3389,113.028,-1,0,0,1,X,X,X,X,X,262:195:152:138:290:219:319:223:361:225:389:223
A,3390,113.059,-1,0,0,1,X,X,X,X,X,260:195:155:139:289:218:319:223:361:225:391:222
A,3391,113.092,-1,0,0,1,X,X,X,X,X,261:195:153:139:290:218:319:223:361:225:389:223
A,3392,113.139,-1,0,0,1,X,X,X,X,X,261:195:154:139:289:219:318:223:361:225:390:223
A,3393,113.172,-1,0,0,1,X,X,X,X,X,261:195:153:139:289:219:318:223:361:225:390:223
A,3394,113.203,-1,0,0,1,X,X,X,X,X,260:195:155:139:290:219:319:223:361:225:390:222
A,3395,113.235,-1,0,0,1,X,X,X,X,X,261:195:153:139:290:219:319:223:361:226:390:223
A,3396,113.267,-1,0,0,1,X,X,X,X,X,261:195:153:140:290:219:319:223:361:226:390:223
A,3397,113.299,-1,0,0,1,X,X,X,X,X,260:196:155:138:290:219:319:223:361:225:390:223
A,3398,113.331,-1,0,0,1,X,X,X,X,X,262:195:153:140:290:219:320:223:361:225:390:223
A,3399,113.363,-1,0,0,1,X,X,X,X,X,262:196:153:139:291:219:320:223:361:226:390:223
A,3400,113.395,-1,0,0,1,X,X,X,X,X,261:196:154:138:290:219:319:223:361:226:391:223
A,3401,113.427,-1,0,0,1,X,X,X,X,X,261:195:154:139:290:219:319:223:361:226:391:223
A,3402,113.459,-1,0,0,1,X,X,X,X,X,261:196:154:139:291:219:320:223:361:226:390:223
A,3403,113.491,-1,0,0,1,X,X,X,X,X,261:196:154:138:291:219:320:223:361:226:390:223
A,3404,113.523,-1,0,0,1,X,X,X,X,X,262:196:153:138:291:219:320:223:361:226:391:223
A,3405,113.572,-1,0,0,1,X,X,X,X,X,261:196:154:138:291:219:320:223:361:226:391:224
A,3406,113.603,-1,0,0,1,X,X,X,X,X,262:196:153:139:291:219:320:223:361:226:391:223
A,3407,113.635,-1,0,0,1,X,X,X,X,X,261:196:154:139:290:219:320:223:362:226:391:223
A,3408,113.667,-1,0,0,1,X,X,X,X,X,261:195:156:140:291:219:320:223:362:226:390:223
A,3409,113.699,-1,0,0,1,X,X,X,X,X,261:196:154:139:290:219:320:223:361:226:390:224
A,3410,113.731,-1,0,0,1,X,X,X,X,X,261:196:155:139:291:219:320:223:361:226:390:224
A,3411,113.763,-1,0,0,1,X,X,X,X,X,262:195:154:140:290:219:320:223:362:226:391:224
A,3412,113.795,-1,0,0,1,X,X,X,X,X,262:195:153:140:291:219:320:224:361:226:391:224
A,3413,113.827,-1,0,0,1,X,X,X,X,X,262:195:154:140:291:219:320:223:362:226:392:224
A,3414,113.859,-1,0,0,1,X,X,X,X,X,261:196:154:139:291:220:320:224:361:226:390:224
A,3415,113.891,-1,0,0,1,X,X,X,X,X,261:196:155:139:290:220:320:224:362:226:391:224
A,3416,113.923,-1,0,0,1,X,X,X,X,X,262:196:153:139:291:220:320:224:362:226:391:224
A,3417,113.971,-1,0,0,1,X,X,X,X,X,262:196:154:139:290:219:319:224:362:226:391:224
A,3418,114.003,-1,0,0,1,X,X,X,X,X,261:196:154:139:290:220:319:224:361:226:391:224
A,3419,114.035,-1,0,0,1,X,X,X,X,X,261:197:155:138:290:220:320:224:361:227:392:224
A,3420,114.067,-1,0,0,1,X,X,X,X,X,261:196:155:139:290:220:319:224:362:226:392:224
A,3421,114.099,-1,0,0,1,X,X,X,X,X,261:196:155:139:290:219:319:224:361:226:391:224
A,3422,114.132,-1,0,0,1,X,X,X,X,X,260:196:155:139:290:220:320:224:361:227:391:224
A,3423,114.164,-1,0,0,1,X,X,X,X,X,262:196:153:139:290:220:319:224:361:226:390:224
A,3424,114.195,-1,0,0,1,X,X,X,X,X,262:196:154:139:290:220:319:224:362:227:391:225
A,3425,114.227,-1,0,0,1,X,X,X,X,X,261:196:154:139:291:220:320:224:361:227:390:225
A,3426,114.259,-1,0,0,1,X,X,X,X,X,262:196:153:140:290:220:319:224:361:227:390:225
A,3427,114.291,-1,0,0,1,X,X,X,X,X,260:196:156:140:290:220:320:224:361:227:390:225
A,3428,114.323,-1,0,0,1,X,X,X,X,X,261:196:155:140:290:220:319:225:361:227:391:225
A,3429,114.371,-1,0,0,1,X,X,X,X,X,262:196:152:140:289:220:319:224:361:227:391:224
A,3430,114.403,-1,0,0,1,X,X,X,X,X,261:196:155:139:289:220:319:225:361:227:391:224
A,3431,114.435,-1,0,0,1,X,X,X,X,X,261:196:155:140:289:220:319:224:361:227:391:224
A,3432,114.467,-1,0,0,1,X,X,X,X,X,261:196:155:140:290:220:319:224:362:227:391:225
A,3433,114.499,-1,0,0,1,X,X,X,X,X,260:196:156:139:290:220:319:224:361:226:391:225
A,3434,114.531,-1,0,0,1,X,X,X,X,X,261:196:155:140:290:220:319:224:361:227:391:225
A,3435,114.563,-1,0,0,1,X,X,X,X,X,261:197:154:138:290:220:319:224:361:227:390:225
A,3436,114.595,-1,0,0,1,X,X,X,X,X,261:196:153:140:289:220:319:224:361:227:391:225
A,3437,114.627,-1,0,0,1,X,X,X,X,X,260:197:155:138:289:220:319:224:361:227:391:224
A,3438,114.659,-1,0,0,1,X,X,X,X,X,261:197:154:138:290:220:319:224:361:227:391:225
A,3439,114.691,-1,0,0,1,X,X,X,X,X,260:196:155:139:290:220:319:225:362:227:391:225
A,3440,114.723,-1,0,0,1,X,X,X,X,X,260:197:156:139:290:220:319:225:362:227:391:225
A,3441,114.756,-1,0,0,1,X,X,X,X,X,261:196:154:140:290:220:319:225:362:227:391:225
A,3442,114.803,-1,0,0,1,X,X,X,X,X,261:196:155:140:290:220:319:225:361:227:391:225
A,3443,114.835,-1,0,0,1,X,X,X,X,X,261:197:154:139:290:221:320:225:361:227:391:225
A,3444,114.867,-1,0,0,1,X,X,X,X,X,260:196:155:139:290:221:320:225:362:227:391:225
A,3445,114.9,-1,0,0,1,X,X,X,X,X,261:196:155:139:290:220:319:225:362:227:392:225
A,3446,114.931,-1,0,0,1,X,X,X,X,X,261:196:156:140:290:220:320:225:362:227:392:225
A,3447,114.963,-1,0,0,1,X,X,X,X,X,261:197:155:139:290:220:320:225:362:227:392:225
A,3448,114.995,-1,0,0,1,X,X,X,X,X,260:197:156:139:290:221:320:225:362:227:391:226
A,3449,115.027,-1,0,0,1,X,X,X,X,X,260:196:155:139:290:220:320:225:362:227:391:225
A,3450,115.059,-1,0,0,1,X,X,X,X,X,260:196:155:139:290:220:320:224:362:227:391:226
A,3451,115.091,-1,0,0,1,X,X,X,X,X,261:196:156:140:290:220:320:224:362:227:392:225
A,3452,115.123,-1,0,0,1,X,X,X,X,X,260:197:156:138:290:220:320:225:362:227:392:225
A,3453,115.155,-1,0,0,1,X,X,X,X,X,260:196:156:140:290:220:320:224:362:227:391:225
A,3454,115.203,-1,0,0,1,X,X,X,X,X,261:196:154:139:290:220:320:225:362:227:391:225
A,3455,115.235,-1,0,0,1,X,X,X,X,X,260:197:156:138:291:221:320:225:362:227:391:226
A,3456,115.267,-1,0,0,1,X,X,X,X,X,261:196:155:140:289:220:320:225:362:227:392:225
A,3457,115.299,30,1,0,1,X,X,X,X,X,261:196:155:140:290:221:320:225:362:227:391:226
A,3458,115.331,30,1,1,1,X,C,X,C,X,261:196:155:139:289:222:320:226:361:228:392:227
A,3459,115.363,30,1,1,1,X,C,X,C,X,261:196:155:139:289:222:320:226:361:229:392:227
A,3460,115.395,30,1,1,1,X,C,X,C,X,261:196:154:139:289:221:320:225:361:228:392:227
A,3461,115.427,30,1,0,1,X,X,X,X,X,260:197:156:139:289:221:320:225:362:228:392:226
A,3462,115.459,30,1,0,1,X,X,X,X,X,261:196:154:139:288:220:319:225:361:227:392:226
A,3463,115.491,30,1,0,1,X,X,X,X,X,261:197:154:139:289:220:319:224:361:227:391:225
A,3464,115.523,30,1,0,1,X,X,X,X,X,261:196:155:139:289:220:319:225:361:227:391:225
A,3465,115.555,-1,0,0,1,X,X,X,X,X,261:196:155:139:289:220:320:225:361:227:391:225
A,3466,115.603,-1,0,0,1,X,X,X,X,X,261:197:155:138:289:220:319:225:361:227:391:225
A,3467,115.635,-1,0,0,1,X,X,X,X,X,261:197:154:138:289:220:319:224:360:227:390:225
A,3468,115.667,-1,0,0,1,X,X,X,X,X,262:197:153:138:290:220:319:224:361:227:390:225
A,3469,115.7,-1,0,0,1,X,X,X,X,X,261:196:154:139:289:220:319:224:361:227:390:225
A,3470,115.731,-1,0,0,1,X,X,X,X,X,261:196:155:139:289:220:319:225:361:227:391:224
A,3471,115.763,-1,0,0,1,X,X,X,X,X,261:196:154:139:289:220:319:225:361:227:391:224
A,3472,115.795,-1,0,0,1,X,X,X,X,X,261:196:155:139:289:219:319:224:361:227:391:224
A,3473,115.827,-1,0,0,1,X,X,X,X,X,261:196:154:139:289:219:319:224:361:226:391:224
A,3474,115.859,-1,0,0,1,X,X,X,X,X,261:196:155:139:290:219:319:224:362:227:391:225
A,3475,115.891,-1,0,0,1,X,X,X,X,X,261:196:155:139:290:219:320:224:361:227:391:225
A,3476,115.923,-1,0,0,1,X,X,X,X,X,261:195:155:140:289:220:320:225:361:227:391:225
A,3477,115.955,-1,0,0,1,X,X,X,X,X,261:195:155:141:290:219:320:225:362:227:391:225
A,3478,115.987,-1,0,0,1,X,X,X,X,X,261:196:155:140:290:220:320:225:361:227:391:225
A,3479,116.035,-1,0,0,1,X,X,X,X,X,261:195:155:140:290:220:320:225:362:227:391:225
A,3480,116.069,-1,0,0,1,X,X,X,X,X,262:196:153:140:290:219:320:224:362:227:391:225
A,3481,116.099,-1,0,0,1,X,X,X,X,X,262:196:154:140:291:220:320:225:362:227:391:225
A,3482,116.131,-1,0,0,1,X,X,X,X,X,261:195:155:140:290:219:320:225:362:227:391:225
A,3483,116.163,-1,0,0,1,X,X,X,X,X,260:195:156:140:290:219:320:225:361:227:391:225
A,3484,116.196,-1,0,0,1,X,X,X,X,X,262:195:154:140:290:219:320:224:363:227:392:225
A,3485,116.227,-1,0,0,1,X,X,X,X,X,261:195:155:140:291:219:320:224:362:227:391:224
A,3486,116.259,-1,0,0,1,X,X,X,X,X,261:195:155:140:291:219:320:224:362:227:391:224
A,3487,116.291,-1,0,0,1,X,X,X,X,X,261:195:155:141:291:219:320:224:362:227:391:224
A,3488,116.323,-1,0,0,1,X,X,X,X,X,261:196:155:139:291:219:320:224:362:227:391:224
A,3489,116.355,-1,0,0,1,X,X,X,X,X,262:195:154:140:290:219:320:224:362:227:392:224
A,3490,116.387,-1,0,0,1,X,X,X,X,X,262:195:153:140:292:219:320:224:362:227:391:225
A,3491,116.435,-1,0,0,1,X,X,X,X,X,261:195:155:140:291:219:320:224:362:226:392:224
A,3492,116.467,-1,0,0,1,X,X,X,X,X,262:195:154:140:291:218:320:224:362:226:392:224
A,3493,116.499,-1,0,0,1,X,X,X,X,X,262:195:154:140:291:218:320:223:362:226:392:224
A,3494,116.531,-1,0,0,1,X,X,X,X,X,261:195:154:140:291:219:320:223:362:226:391:224
A,3495,116.563,-1,0,0,1,X,X,X,X,X,262:195:154:140:291:219:321:223:362:227:391:224
A,3496,116.595,-1,0,0,1,X,X,X,X,X,263:195:153:140:291:219:321:223:363:226:391:224
A,3497,116.627,-1,0,0,1,X,X,X,X,X,263:194:153:141:292:219:321:223:362:227:391:224
A,3498,116.659,-1,0,0,1,X,X,X,X,X,262:195:154:141:292:218:321:224:362:226:392:224
A,3499,116.691,-1,0,0,1,X,X,X,X,X,262:195:154:140:291:218:320:223:362:226:391:223
A,3500,116.723,-1,0,0,1,X,X,X,X,X,263:195:153:140:291:218:320:223:362:226:391:224
A,3501,116.755,-1,0,0,1,X,X,X,X,X,261:194:155:141:291:218:320:223:362:226:391:224
A,3502,116.787,-1,0,0,1,X,X,X,X,X,263:195:152:140:291:218:320:223:362:226:391:224
A,3503,116.835,-1,0,0,1,X,X,X,X,X,262:195:154:140:291:218:320:223:361:226:391:224
A,3504,116.867,-1,0,0,1,X,X,X,X,X,263:195:152:140:290:218:320:223:361:226:391:224
A,3505,116.899,-1,0,0,1,X,X,X,X,X,261:194:154:141:291:218:320:223:361:226:391:223
A,3506,116.931,-1,0,0,1,X,X,X,X,X,260:194:155:141:291:218:320:223:361:225:390:223
A,3507,116.963,-1,0,0,1,X,X,X,X,X,262:194:153:141:290:218:319:223:361:226:390:223
A,3508,116.995,-1,0,0,1,X,X,X,X,X,260:194:156:141:290:218:319:223:361:225:390:223
A,3509,117.027,-1,0,0,1,X,X,X,X,X,260:194:155:140:289:218:319:223:361:225:391:223
A,3510,117.059,-1,0,0,1,X,X,X,X,X,262:194:153:141:290:218:319:223:362:226:390:223
A,3511,117.091,-1,0,0,1,X,X,X,X,X,262:194:154:140:289:218:319:223:361:225:390:223
A,3512,117.123,-1,0,0,1,X,X,X,X,X,263:194:152:140:291:218:319:223:361:226:390:223
A,3513,117.155,-1,0,0,1,X,X,X,X,X,262:195:153:140:290:218:319:223:362:226:391:224
A,3514,117.188,-1,0,0,1,X,X,X,X,X,261:194:155:140:290:218:319:223:361:225:391:223
A,3515,117.219,-1,0,0,1,X,X,X,X,X,261:194:155:141:290:218:320:223:361:225:391:223
A,3516,117.267,-1,0,0,1,X,X,X,X,X,261:194:155:141:290:218:320:223:361:225:391:223
A,3517,117.299,-1,0,0,1,X,X,X,X,X,261:194:155:141:290:218:319:223:361:225:391:223
A,3518,117.331,-1,0,0,1,X,X,X,X,X,261:194:155:141:290:218:320:223:361:226:392:223
A,3519,117.363,-1,0,0,1,X,X,X,X,X,261:194:155:141:291:218:320:223:362:225:391:223
A,3520,117.395,-1,0,0,1,X,X,X,X,X,262:194:153:141:291:218:320:223:362:225:391:223
A,3521,117.427,-1,0,0,1,X,X,X,X,X,261:194:155:141:290:218:320:223:362:225:391:223
A,3522,117.459,-1,0,0,1,X,X,X,X,X,260:194:155:141:291:218:320:223:362:225:391:223
A,3523,117.491,-1,0,0,1,X,X,X,X,X,262:194:152:140:291:218:321:223:362:225:391:223
A,3524,117.523,-1,0,0,1,X,X,X,X,X,262:194:152:140:291:218:320:223:362:226:391:223
A,3525,117.555,-1,0,0,1,X,X,X,X,X,263:194:153:140:291:217:320:222:362:225:391:222
A,3526,117.588,-1,0,0,1,X,X,X,X,X,263:194:152:141:291:218:320:222:362:225:391:223
A,3527,117.619,-1,0,0,1,X,X,X,X,X,262:194:154:140:291:217:320:222:362:225:391:222
A,3528,117.667,-1,0,0,1,X,X,X,X,X,262:193:153:141:291:218:320:223:362:225:391:222
A,3529,117.699,-1,0,0,1,X,X,X,X,X,262:193:153:141:291:217:320:222:362:225:390:222
A,3530,117.731,-1,0,0,1,X,X,X,X,X,262:193:153:141:291:217:320:222:362:225:391:222
A,3531,117.763,-1,0,0,1,X,X,X,X,X,262:193:153:141:291:217:320:222:361:224:390:222
A,3532,117.795,-1,0,0,1,X,X,X,X,X,262:193:153:141:291:217:320:222:362:225:391:222
A,3533,117.828,-1,0,0,1,X,X,X,X,X,261:193:155:141:290:216:320:222:361:224:391:222
A,3534,117.859,-1,0,0,1,X,X,X,X,X,261:193:154:141:291:217:320:221:361:224:390:222
A,3535,117.891,-1,0,0,1,X,X,X,X,X,262:193:153:142:291:217:320:222:362:224:390:222
A,3536,117.923,-1,0,0,1,X,X,X,X,X,262:193:153:140:291:216:320:222:361:224:391:221
A,3537,117.955,-1,0,0,1,X,X,X,X,X,261:193:154:141:291:216:320:221:361:224:390:221
A,3538,117.987,-1,0,0,1,X,X,X,X,X,261:193:154:141:291:216:320:221:361:224:390:221
A,3539,118.019,-1,0,0,1,X,X,X,X,X,261:193:154:140:291:216:320:221:362:224:390:221
A,3540,118.067,-1,0,0,1,X,X,X,X,X,261:192:154:141:291:216:320:221:362:224:390:222
A,3541,118.099,-1,0,0,1,X,X,X,X,X,262:193:153:140:291:217:320:221:361:224:390:222
A,3542,118.163,-1,0,0,1,X,X,X,X,X,262:193:153:140:291:217:320:221:362:224:390:221
A,3543,118.195,-1,0,0,1,X,X,X,X,X,262:193:153:141:290:217:320:222:361:224:391:221
A,3544,118.227,-1,0,0,1,X,X,X,X,X,262:192:153:141:291:217:320:221:361:224:390:222
A,3545,118.259,-1,0,0,1,X,X,X,X,X,262:192:153:140:291:217:320:221:362:224:390:222
A,3546,118.291,-1,0,0,1,X,X,X,X,X,262:193:153:140:291:217:320:222:361:224:391:222
A,3547,118.323,-1,0,0,1,X,X,X,X,X,262:193:153:140:291:216:320:221:362:224:390:222
A,3548,118.355,-1,0,0,1,X,X,X,X,X,262:192:153:141:291:217:320:222:362:224:391:221
A,3549,118.388,-1,0,0,1,X,X,X,X,X,262:193:152:140:291:217:320:221:361:224:389:222
A,3550,118.419,-1,0,0,1,X,X,X,X,X,262:192:152:141:291:216:320:221:361:224:389:221
A,3551,118.451,-1,0,0,1,X,X,X,X,X,262:192:152:141:291:216:320:221:361:224:389:221
A,3552,118.5,-1,0,0,1,X,X,X,X,X,262:193:153:140:291:217:320:222:361:224:390:222
A,3553,118.531,-1,0,0,1,X,X,X,X,X,262:193:153:140:291:217:320:222:361:224:390:221
A,3554,118.563,-1,0,0,1,X,X,X,X,X,262:192:153:141:291:217:320:221:361:224:389:222
A,3555,118.595,-1,0,0,1,X,X,X,X,X,262:192:153:141:290:217:320:221:361:224:391:222
A,3556,118.627,-1,0,0,1,X,X,X,X,X,262:193:153:140:291:217:320:221:361:224:390:221
A,3557,118.659,-1,0,0,1,X,X,X,X,X,261:193:154:140:291:217:320:222:361:224:391:222
A,3558,118.691,-1,0,0,1,X,X,X,X,X,261:193:154:140:291:217:320:221:361:224:390:221
A,3559,118.723,-1,0,0,1,X,X,X,X,X,261:192:154:140:291:216:320:221:361:224:390:222
A,3560,118.755,-1,0,0,1,X,X,X,X,X,262:192:153:141:291:217:320:221:361:224:390:222
A,3561,118.788,-1,0,0,1,X,X,X,X,X,262:192:153:141:291:217:320:221:361:224:390:222
A,3562,118.819,-1,0,0,1,X,X,X,X,X,261:193:154:140:291:217:320:222:361:224:390:222
A,3563,118.851,-1,0,0,1,X,X,X,X,X,261:192:154:141:290:216:320:222:361:224:391:221
A,3564,118.899,-1,0,0,1,X,X,X,X,X,261:192:154:141:290:217:320:222:361:224:391:222
A,3565,118.931,-1,0,0,1,X,X,X,X,X,262:193:153:141:291:217:320:222:361:224:390:222
A,3566,118.963,-1,0,0,1,X,X,X,X,X,262:193:153:141:291:217:320:222:362:224:390:222
A,3567,118.995,-1,0,0,1,X,X,X,X,X,262:193:153:141:291:217:320:222:361:224:390:222
A,3568,119.027,-1,0,0,1,X,X,X,X,X,262:193:153:140:291:217:320:221:361:224:390:222
A,3569,119.059,-1,0,0,1,X,X,X,X,X,262:193:153:140:291:217:320:222:361:224:390:222
A,3570,119.091,-1,0,0,1,X,X,X,X,X,261:192:154:141:290:217:320:222:362:225:391:222
A,3571,119.123,-1,0,0,1,X,X,X,X,X,261:193:155:140:291:217:320:222:362:225:391:223
A,3572,119.155,-1,0,0,1,X,X,X,X,X,261:193:155:140:291:217:320:222:362:225:391:222
A,3573,119.188,-1,0,0,1,X,X,X,X,X,262:193:153:140:291:217:320:222:362:225:392:223
A,3574,119.219,-1,0,0,1,X,X,X,X,X,262:193:153:140:291:218:320:222:362:225:391:223
A,3575,119.251,-1,0,0,1,X,X,X,X,X,261:193:155:140:290:218:320:222:362:225:392:223
A,3576,119.283,-1,0,0,1,X,X,X,X,X,262:194:153:140:291:218:320:222:362:225:391:223
A,3577,119.331,-1,0,0,1,X,X,X,X,X,262:193:153:141:292:218:320:222:362:225:391:223
A,3578,119.363,-1,0,0,1,X,X,X,X,X,261:193:154:140:290:217:320:222:362:225:392:223
A,3579,119.395,-1,0,0,1,X,X,X,X,X,262:193:154:140:291:217:320:222:362:225:391:223
A,3580,119.427,31,1,0,1,X,X,X,X,X,262:193:154:140:291:217:320:222:362:225:391:223
A,3581,119.459,31,1,1,1,X,C,X,C,X,261:193:154:140:290:220:320:223:362:225:392:224
A,3582,119.491,31,1,1,1,X,C,X,C,X,261:193:155:141:290:219:320:223:362:225:393:224
A,3583,119.523,31,1,0,1,X,X,X,X,X,261:193:155:141:290:219:320:223:362:225:393:224
A,3584,119.555,31,1,0,1,X,X,X,X,X,263:193:153:141:290:218:320:222:362:225:392:224
A,3585,119.587,31,1,0,1,X,X,X,X,X,261:193:155:141:290:218:320:222:362:225:392:223
A,3586,119.619,-1,0,0,1,X,X,X,X,X,261:193:155:141:291:218:320:222:362:225:392:223
A,3587,119.651,-1,0,0,1,X,X,X,X,X,262:193:155:141:291:218:320:222:363:225:392:224
A,3588,119.683,-1,0,0,1,X,X,X,X,X,263:193:154:141:291:217:321:222:363:225:392:223
A,3589,119.731,-1,0,0,1,X,X,X,X,X,263:193:154:142:292:218:321:223:363:225:392:224
A,3590,119.763,-1,0,0,1,X,X,X,X,X,263:194:154:141:292:218:321:223:363:225:393:224
A,3591,119.795,-1,0,0,1,X,X,X,X,X,264:194:153:140:292:218:322:222:363:225:392:224
A,3592,119.827,-1,0,0,1,X,X,X,X,X,264:194:153:140:292:218:322:223:364:226:393:224
A,3593,119.859,-1,0,0,1,X,X,X,X,X,263:194:153:141:291:218:321:223:364:226:394:224
A,3594,119.891,-1,0,0,1,X,X,X,X,X,263:194:154:141:291:218:322:223:364:226:393:224
A,3595,119.923,-1,0,0,1,X,X,X,X,X,264:194:153:140:292:218:321:223:364:226:393:225
A,3596,119.955,-1,0,0,1,X,X,X,X,X,263:194:154:140:292:218:322:223:364:226:393:224
A,3597,119.987,-1,0,0,1,X,X,X,X,X,263:195:154:139:292:219:321:223:364:226:392:224
A,3598,120.019,-1,0,0,1,X,X,X,X,X,263:195:154:139:292:218:321:223:364:226:393:224
A,3599,120.051,-1,0,0,1,X,X,X,X,X,263:194:154:140:292:218:321:223:363:226:392:225
A,3600,120.083,-1,0,0,1,X,X,X,X,X,263:195:154:140:292:218:321:223:364:227:393:224
A,3601,120.131,-1,0,0,1,X,X,X,X,X,263:195:154:140:292:218:321:223:363:226:393:225
A,3602,120.163,-1,0,0,1,X,X,X,X,X,264:194:152:140:291:219:321:223:364:226:393:224
A,3603,120.195,-1,0,0,1,X,X,X,X,X,263:195:154:140:292:218:321:223:364:226:392:224
A,3604,120.227,-1,0,0,1,X,X,X,X,X,263:195:153:140:292:218:322:223:364:226:393:224
A,3605,120.259,-1,0,0,1,X,X,X,X,X,263:195:153:140:292:218:322:223:363:226:392:224
A,3606,120.291,-1,0,0,1,X,X,X,X,X,264:195:152:139:292:218:322:223:363:226:393:224
A,3607,120.323,-1,0,0,1,X,X,X,X,X,263:195:153:140:292:218:322:223:363:226:392:224
A,3608,120.355,-1,0,0,1,X,X,X,X,X,264:195:152:140:292:218:322:223:364:226:393:224
A,3609,120.387,-1,0,0,1,X,X,X,X,X,264:194:153:141:293:218:322:223:364:226:393:224
A,3610,120.419,-1,0,0,1,X,X,X,X,X,263:195:154:140:293:218:322:223:364:226:392:224
A,3611,120.451,-1,0,0,1,X,X,X,X,X,264:195:153:140:293:218:322:223:364:226:393:224
A,3612,120.483,-1,0,0,1,X,X,X,X,X,264:194:153:141:293:218:322:223:364:226:393:224
A,3613,120.515,-1,0,0,1,X,X,X,X,X,264:195:152:140:293:218:322:223:364:226:393:224
A,3614,120.563,-1,0,0,1,X,X,X,X,X,264:194:152:141:292:218:322:223:364:226:394:224
A,3615,120.595,-1,0,0,1,X,X,X,X,X,264:194:153:141:293:218:323:223:364:226:393:224
A,3616,120.627,-1,0,0,1,X,X,X,X,X,263:194:153:140:293:218:323:223:364:226:393:224
A,3617,120.659,-1,0,0,1,X,X,X,X,X,264:194:152:141:293:218:322:223:364:226:393:224
A,3618,120.691,-1,0,0,1,X,X,X,X,X,264:194:152:141:293:218:322:223:364:226:393:224
A,3619,120.723,-1,0,0,1,X,X,X,X,X,263:194:153:141:292:218:322:223:364:226:393:224
A,3620,120.755,-1,0,0,1,X,X,X,X,X,264:194:152:141:293:218:322:223:364:226:393:224
A,3621,120.787,-1,0,0,1,X,X,X,X,X,264:194:153:141:292:218:322:223:363:226:393:224
A,3622,120.819,-1,0,0,1,X,X,X,X,X,264:194:153:141:292:219:322:223:364:226:393:225
A,3623,120.851,-1,0,0,1,X,X,X,X,X,263:194:153:141:292:218:322:223:364:227:393:224
A,3624,120.883,-1,0,0,1,X,X,X,X,X,263:194:153:141:292:219:321:223:364:227:392:225
A,3625,120.915,-1,0,0,1,X,X,X,X,X,263:195:153:140:292:219:322:224:363:227:392:225
A,3626,120.963,-1,0,0,1,X,X,X,X,X,263:195:154:140:293:219:322:223:363:226:392:225
A,3627,120.995,-1,0,0,1,X,X,X,X,X,263:194:153:141:292:219:322:224:363:227:393:225
A,3628,121.027,-1,0,0,1,X,X,X,X,X,263:195:153:141:291:219:321:223:364:227:393:225
A,3629,121.059,-1,0,0,1,X,X,X,X,X,264:195:153:140:292:219:321:223:364:226:393:225
A,3630,121.091,-1,0,0,1,X,X,X,X,X,263:195:155:140:291:219:321:223:363:226:393:225
A,3631,121.123,-1,0,0,1,X,X,X,X,X,264:195:152:140:292:219:322:224:363:227:392:225
A,3632,121.155,-1,0,0,1,X,X,X,X,X,263:195:153:140:291:219:321:224:364:227:393:225
A,3633,121.187,-1,0,0,1,X,X,X,X,X,263:194:154:141:291:219:321:224:363:227:393:225
A,3634,121.219,-1,0,0,1,X,X,X,X,X,263:195:155:140:292:219:321:224:363:227:393:225
A,3635,121.251,-1,0,0,1,X,X,X,X,X,263:194:153:141:291:219:321:224:363:227:393:225
A,3636,121.283,-1,0,0,1,X,X,X,X,X,263:195:153:140:292:219:321:224:363:227:392:225
A,3637,121.315,-1,0,0,1,X,X,X,X,X,263:195:153:140:291:219:321:224:363:227:393:224
A,3638,121.363,-1,0,0,1,X,X,X,X,X,262:195:154:140:291:219:321:224:363:227:393:225
A,3639,121.395,-1,0,0,1,X,X,X,X,X,263:194:153:141:292:219:322:224:363:227:393:225
A,3640,121.427,-1,0,0,1,X,X,X,X,X,263:195:153:140:292:219:321:224:363:227:392:225
A,3641,121.459,-1,0,0,1,X,X,X,X,X,262:195:154:140:292:219:321:224:363:227:392:225
A,3642,121.491,-1,0,0,1,X,X,X,X,X,263:195:154:140:292:219:321:224:364:227:393:225
A,3643,121.523,-1,0,0,1,X,X,X,X,X,262:195:155:140:292:219:321:223:364:226:392:225
A,3644,121.555,-1,0,0,1,X,X,X,X,X,263:195:154:140:292:219:321:224:364:227:393:225
A,3645,121.587,-1,0,0,1,X,X,X,X,X,263:195:154:140:291:219:321:224:363:226:392:225
A,3646,121.619,-1,0,0,1,X,X,X,X,X,263:195:154:140:291:219:322:224:363:227:392:225
A,3647,121.651,-1,0,0,1,X,X,X,X,X,263:195:154:140:292:219:322:224:363:227:392:225
A,3648,121.683,-1,0,0,1,X,X,X,X,X,263:195:154:140:291:219:321:224:363:227:392:225
A,3649,121.715,-1,0,0,1,X,X,X,X,X,263:194:154:141:291:219:321:224:363:227:392:225
A,3650,121.747,-1,0,0,1,X,X,X,X,X,263:195:155:140:292:219:321:224:363:226:391:225
A,3651,121.795,-1,0,0,1,X,X,X,X,X,263:195:154:140:292:219:321:223:363:226:392:224
A,3652,121.827,-1,0,0,1,X,X,X,X,X,263:195:153:139:291:219:321:223:363:226:392:224
A,3653,121.859,-1,0,0,1,X,X,X,X,X,263:195:154:140:292:219:321:223:363:226:392:224
A,3654,121.891,-1,0,0,1,X,X,X,X,X,263:195:154:139:291:219:321:224:363:226:392:224
A,3655,121.923,-1,0,0,1,X,X,X,X,X,263:195:154:139:292:219:321:224:363:226:391:224
A,3656,121.955,-1,0,0,1,X,X,X,X,X,262:195:154:140:291:218:321:223:363:226:392:224
A,3657,121.987,-1,0,0,1,X,X,X,X,X,263:195:154:139:292:218:321:223:362:226:392:224
A,3658,122.019,-1,0,0,1,X,X,X,X,X,263:195:154:139:291:218:321:223:362:226:392:224
A,3659,122.051,-1,0,0,1,X,X,X,X,X,263:195:154:139:291:218:321:223:362:226:392:224
A,3660,122.083,-1,0,0,1,X,X,X,X,X,262:195:155:139:291:218:321:223:363:226:392:224
A,3661,122.115,-1,0,0,1,X,X,X,X,X,262:195:155:139:291:218:321:223:363:226:392:224
A,3662,122.147,-1,0,0,1,X,X,X,X,X,263:195:154:140:291:218:320:223:363:226:392:224
A,3663,122.195,-1,0,0,1,X,X,X,X,X,263:195:154:140:291:218:320:223:363:226:392:224
A,3664,122.227,-1,0,0,1,X,X,X,X,X,262:195:154:140:291:218:321:223:362:226:392:224
A,3665,122.259,-1,0,0,1,X,X,X,X,X,263:194:153:140:291:218:321:223:362:226:391:224
A,3666,122.291,-1,0,0,1,X,X,X,X,X,263:195:153:140:290:219:321:224:363:226:392:224
A,3667,122.323,-1,0,0,1,X,X,X,X,X,263:195:154:140:291:219:321:224:362:226:392:225
A,3668,122.355,-1,0,0,1,X,X,X,X,X,263:195:154:140:291:219:321:224:363:226:392:225
A,3669,122.387,-1,0,0,1,X,X,X,X,X,262:195:156:139:291:219:321:224:364:227:394:225
A,3670,122.419,-1,0,0,1,X,X,X,X,X,261:195:156:139:291:219:321:224:364:227:393:225
A,3671,122.451,-1,0,0,1,X,X,X,X,X,263:195:154:140:292:219:322:224:363:226:393:225
A,3672,122.483,-1,0,0,1,X,X,X,X,X,263:195:154:139:291:219:321:224:364:227:393:225
A,3673,122.515,-1,0,0,1,X,X,X,X,X,263:195:154:139:292:219:321:224:364:227:393:225
A,3674,122.547,-1,0,0,1,X,X,X,X,X,263:195:154:139:292:219:321:224:364:227:393:225
A,3675,122.595,-1,0,0,1,X,X,X,X,X,263:195:154:139:291:219:321:224:364:227:393:225
A,3676,122.627,-1,0,0,1,X,X,X,X,X,263:195:153:139:291:219:321:224:363:227:393:225
A,3677,122.659,-1,0,0,1,X,X,X,X,X,263:195:154:139:292:219:321:224:364:227:393:225
A,3678,122.691,-1,0,0,1,X,X,X,X,X,264:195:152:139:291:219:321:224:364:227:393:225
A,3679,122.723,-1,0,0,1,X,X,X,X,X,264:195:152:139:292:219:322:224:364:227:393:225
A,3680,122.755,-1,0,0,1,X,X,X,X,X,263:195:154:140:291:219:321:224:364:226:393:225
A,3681,122.787,-1,0,0,1,X,X,X,X,X,264:195:153:139:292:219:322:224:364:227:393:225
A,3682,122.819,-1,0,0,1,X,X,X,X,X,263:195:154:140:291:219:322:224:364:227:394:224
A,3683,122.851,-1,0,0,1,X,X,X,X,X,263:195:154:140:292:219:322:224:364:227:394:225
A,3684,122.883,-1,0,0,1,X,X,X,X,X,263:196:154:139:292:219:322:224:365:227:394:225
A,3685,122.915,-1,0,0,1,X,X,X,X,X,264:195:153:140:293:219:322:224:365:227:393:225
A,3686,122.947,-1,0,0,1,X,X,X,X,X,264:195:152:140:292:219:322:224:364:227:394:225
A,3687,122.979,-1,0,0,1,X,X,X,X,X,263:195:154:140:293:219:322:224:365:227:393:225
A,3688,123.027,-1,0,0,1,X,X,X,X,X,264:195:152:140:293:219:322:224:365:227:393:225
A,3689,123.059,-1,0,0,1,X,X,X,X,X,264:195:153:140:293:219:322:224:364:227:393:225
A,3690,123.091,-1,0,0,1,X,X,X,X,X,264:196:153:139:293:219:322:224:364:227:393:225
A,3691,123.124,-1,0,0,1,X,X,X,X,X,264:195:153:140:292:219:322:224:364:227:393:225
A,3692,123.155,-1,0,0,1,X,X,X,X,X,264:195:152:140:291:219:322:224:364:227:394:225
A,3693,123.187,-1,0,0,1,X,X,X,X,X,264:195:153:140:291:219:322:224:364:227:394:225
A,3694,123.219,-1,0,0,1,X,X,X,X,X,264:195:153:140:291:219:321:224:364:227:393:225
A,3695,123.251,-1,0,0,1,X,X,X,X,X,264:195:153:139:292:219:321:224:363:227:392:224
A,3696,123.284,-1,0,0,1,X,X,X,X,X,263:195:155:139:291:219:321:224:364:227:393:225
A,3697,123.315,-1,0,0,1,X,X,X,X,X,264:195:152:140:291:219:321:224:364:227:393:225
A,3698,123.347,-1,0,0,1,X,X,X,X,X,264:195:152:140:292:219:321:224:364:227:393:225
A,3699,123.379,-1,0,0,1,X,X,X,X,X,264:195:153:140:292:219:322:224:364:227:393:225
A,3700,123.427,-1,0,0,1,X,X,X,X,X,263:195:154:140:291:219:321:224:364:227:393:225
A,3701,123.459,-1,0,0,1,X,X,X,X,X,263:195:154:140:291:219:321:224:364:227:393:225
A,3702,123.491,-1,0,0,1,X,X,X,X,X,263:195:154:140:291:219:322:224:364:227:393:226
A,3703,123.523,-1,0,0,1,X,X,X,X,X,263:195:153:140:291:219:321:224:363:227:393:225
A,3704,123.555,-1,0,0,1,X,X,X,X,X,264:195:153:140:292:219:322:224:363:227:393:225
A,3705,123.587,-1,0,0,1,X,X,X,X,X,263:195:154:140:292:219:322:224:364:227:393:226
A,3706,123.619,-1,0,0,1,X,X,X,X,X,264:195:153:140:293:219:322:224:364:227:393:226
A,3707,123.651,-1,0,0,1,X,X,X,X,X,263:195:154:140:293:219:323:224:364:227:393:225
A,3708,123.683,-1,0,0,1,X,X,X,X,X,264:195:153:140:293:219:322:224:365:227:394:225
A,3709,123.715,-1,0,0,1,X,X,X,X,X,264:195:153:140:292:219:322:224:364:227:393:225
A,3710,123.747,-1,0,0,1,X,X,X,X,X,263:194:154:140:292:219:322:224:365:227:394:225
A,3711,123.779,-1,0,0,1,X,X,X,X,X,264:195:153:140:293:219:322:224:364:227:393:225
A,3713,123.859,-1,0,0,1,X,X,X,X,X,264:195:153:139:293:219:322:224:364:227:393:225
A,3715,123.923,-1,0,0,1,X,X,X,X,X,263:195:154:140:293:219:322:224:365:227:394:225
A,3716,123.955,32,1,0,1,X,X,X,X,X,264:194:154:141:293:220:323:224:365:227:394:226
A,3717,123.987,32,1,1,1,X,C,X,C,X,263:195:154:140:293:219:322:224:365:227:394:225
A,3718,124.019,32,1,1,1,X,C,X,C,X,263:194:154:140:291:220:322:224:364:228:395:227
A,3719,124.051,32,1,1,1,X,C,X,C,X,263:194:155:140:292:220:323:224:364:227:395:226
A,3720,124.083,32,1,0,1,X,X,X,X,X,264:195:153:139:293:221:323:224:364:228:395:227
A,3721,124.115,32,1,0,1,X,X,X,X,X,264:194:153:139:292:218:323:223:365:226:396:225
A,3722,124.147,-1,0,0,1,X,X,X,X,X,264:193:153:140:293:217:323:222:365:225:395:224
A,3723,124.179,-1,0,0,1,X,X,X,X,X,265:193:152:139:293:217:323:221:365:225:395:224
A,3724,124.211,-1,0,0,1,X,X,X,X,X,265:191:152:141:293:217:323:221:366:224:395:223
A,3725,124.259,-1,0,0,1,X,X,X,X,X,264:190:154:141:295:215:324:219:366:223:395:222
A,3726,124.291,-1,0,0,1,X,X,X,X,X,265:188:153:142:294:213:325:217:367:221:397:221
A,3727,124.324,-1,0,0,1,X,X,X,X,X,265:186:154:144:297:212:326:216:368:220:397:220
A,3728,124.355,-1,0,0,1,X,X,X,X,X,265:186:154:144:297:212:326:216:368:220:397:220
A,3729,124.387,-1,0,0,1,X,X,X,X,X,267:183:153:145:299:209:328:213:370:218:399:218
A,3731,124.451,-1,0,0,1,X,X,X,X,X,268:182:152:143:299:207:329:212:372:216:401:216
A,3732,124.483,-1,0,0,1,X,X,X,X,X,268:182:152:143:299:207:329:212:372:216:401:216
A,3733,124.515,-1,0,0,1,X,X,X,X,X,269:180:151:144:299:206:330:210:373:215:402:215
A,3734,124.547,-1,0,0,1,X,X,X,X,X,269:180:152:144:300:206:330:211:372:215:401:215
A,3735,124.579,-1,0,0,1,X,X,X,X,X,268:182:152:143:299:207:329:212:371:216:401:216
A,3736,124.611,-1,0,0,1,X,X,X,X,X,268:184:152:144:299:210:328:214:371:218:399:218
A,3737,124.659,-1,0,0,1,X,X,X,X,X,267:187:152:144:298:213:327:217:370:221:398:220
A,3738,124.691,-1,0,0,1,X,X,X,X,X,267:189:152:143:297:215:327:219:369:222:398:222
A,3739,124.723,-1,0,0,1,X,X,X,X,X,266:190:153:143:296:216:326:220:369:223:398:222
A,3740,124.755,-1,0,0,1,X,X,X,X,X,267:190:151:143:296:215:326:220:368:223:396:222
A,3741,124.787,-1,0,0,1,X,X,X,X,X,267:190:151:143:296:215:326:220:368:223:396:222
A,3742,124.82,-1,0,0,1,X,X,X,X,X,267:190:150:142:296:214:326:219:367:222:396:221
A,3743,124.851,-1,0,0,1,X,X,X,X,X,265:189:153:144:295:214:325:219:367:222:397:221
A,3744,124.883,-1,0,0,1,X,X,X,X,X,265:189:152:144:295:214:325:219:367:222:396:221
A,3745,124.915,-1,0,0,1,X,X,X,X,X,266:191:152:143:296:215:325:219:367:222:395:221
A,3746,124.947,-1,0,0,1,X,X,X,X,X,266:190:151:144:296:215:325:219:366:222:395:221
A,3747,124.979,-1,0,0,1,X,X,X,X,X,265:191:152:143:296:216:324:220:366:223:394:222
A,3748,125.011,-1,0,0,1,X,X,X,X,X,265:194:152:142:295:217:324:222:367:225:396:223
A,3749,125.043,-1,0,0,1,X,X,X,X,X,265:194:152:142:294:218:324:222:366:226:395:224
A,3750,125.091,-1,0,0,1,X,X,X,X,X,265:195:152:141:295:219:324:223:366:226:395:224
A,3751,125.123,-1,0,0,1,X,X,X,X,X,264:196:153:140:294:219:323:224:365:227:395:224
A,3752,125.155,-1,0,0,1,X,X,X,X,X,264:195:153:141:294:219:323:224:366:227:394:224
A,3753,125.187,-1,0,0,1,X,X,X,X,X,264:195:153:141:294:219:323:224:366:227:394:224
A,3754,125.219,-1,0,0,1,X,X,X,X,X,263:196:154:140:294:219:323:224:365:227:395:224
A,3755,125.251,-1,0,0,1,X,X,X,X,X,263:196:154:140:293:219:323:224:365:227:394:224
A,3756,125.283,-1,0,0,1,X,X,X,X,X,264:196:154:140:294:219:323:224:365:227:394:225
A,3757,125.315,-1,0,0,1,X,X,X,X,X,263:196:154:140:293:220:323:225:365:227:394:225
A,3758,125.347,-1,0,0,1,X,X,X,X,X,265:197:152:140:292:220:323:225:365:227:394:226
A,3759,125.379,-1,0,0,1,X,X,X,X,X,263:196:154:141:293:220:322:225:365:228:394:226
A,3760,125.411,-1,0,0,1,X,X,X,X,X,263:197:154:140:292:221:322:226:364:228:395:226
A,3761,125.443,-1,0,0,1,X,X,X,X,X,262:197:155:140:293:221:322:226:364:229:394:226
A,3762,125.491,-1,0,0,1,X,X,X,X,X,262:198:156:139:292:221:322:226:364:229:394:226
A,3763,125.523,-1,0,0,1,X,X,X,X,X,263:198:154:139:292:221:322:226:364:228:394:226
A,3764,125.555,-1,0,0,1,X,X,X,X,X,263:198:154:139:292:221:322:226:364:229:394:227
A,3765,125.587,-1,0,0,1,X,X,X,X,X,263:199:154:139:292:222:322:227:364:229:393:227
A,3766,125.619,-1,0,0,1,X,X,X,X,X,262:198:155:140:292:222:322:227:364:230:394:227
A,3767,125.651,-1,0,0,1,X,X,X,X,X,262:198:155:140:292:222:322:227:364:230:394:227
A,3768,125.684,-1,0,0,1,X,X,X,X,X,263:199:153:139:292:222:322:227:364:230:393:228
A,3769,125.715,-1,0,0,1,X,X,X,X,X,263:199:153:139:291:222:322:227:363:230:394:227
A,3770,125.747,-1,0,0,1,X,X,X,X,X,262:199:155:139:292:222:322:227:364:230:394:228
A,3771,125.779,-1,0,0,1,X,X,X,X,X,263:199:154:139:293:222:323:227:365:230:394:228
A,3772,125.811,-1,0,0,1,X,X,X,X,X,262:199:154:139:293:222:323:228:365:230:394:228
A,3773,125.843,-1,0,0,1,X,X,X,X,X,263:199:154:139:293:221:323:227:365:230:395:227
A,3774,125.891,-1,0,0,1,X,X,X,X,X,262:199:155:139:294:222:324:227:365:230:394:228
A,3775,125.923,-1,0,0,1,X,X,X,X,X,263:198:154:140:294:221:324:227:365:230:394:228
A,3776,125.955,-1,0,0,1,X,X,X,X,X,263:198:153:140:294:221:323:227:365:230:395:228
A,3777,125.987,-1,0,0,1,X,X,X,X,X,263:198:154:140:295:221:324:226:365:230:394:228
A,3778,126.019,-1,0,0,1,X,X,X,X,X,263:198:154:140:294:221:324:226:366:230:395:227
A,3779,126.051,-1,0,0,1,X,X,X,X,X,263:198:153:140:294:221:324:226:366:230:394:228
A,3780,126.083,-1,0,0,1,X,X,X,X,X,263:198:154:140:294:221:324:226:366:230:395:227
A,3781,126.115,-1,0,0,1,X,X,X,X,X,263:198:154:140:294:221:324:226:366:230:395:228
A,3782,126.147,-1,0,0,1,X,X,X,X,X,263:197:152:140:294:221:324:226:366:230:395:227
A,3783,126.179,-1,0,0,1,X,X,X,X,X,264:197:153:141:294:221:324:226:366:229:395:227
A,3784,126.211,-1,0,0,1,X,X,X,X,X,264:197:152:141:295:220:324:226:366:230:394:228
A,3785,126.243,-1,0,0,1,X,X,X,X,X,264:198:152:140:295:221:324:226:366:230:394:228
A,3786,126.275,-1,0,0,1,X,X,X,X,X,263:198:154:140:294:221:324:226:366:230:395:228
A,3787,126.323,-1,0,0,1,X,X,X,X,X,263:198:154:141:294:221:324:227:365:230:395:228
A,3788,126.355,-1,0,0,1,X,X,X,X,X,263:198:154:140:294:221:324:227:366:230:395:228
A,3789,126.387,-1,0,0,1,X,X,X,X,X,263:198:154:140:294:221:324:227:365:230:395:228
A,3790,126.419,-1,0,0,1,X,X,X,X,X,263:198:154:141:294:221:324:227:365:230:395:228
A,3791,126.451,-1,0,0,1,X,X,X,X,X,263:198:154:140:294:221:324:227:366:230:395:228
A,3792,126.487,-1,0,0,1,X,X,X,X,X,263:198:154:140:294:221:324:226:366:230:395:227
A,3793,126.515,-1,0,0,1,X,X,X,X,X,264:198:152:139:295:221:324:226:366:230:394:228
A,3794,126.547,-1,0,0,1,X,X,X,X,X,263:198:154:140:295:221:324:226:366:230:395:227
A,3795,126.579,-1,0,0,1,X,X,X,X,X,264:198:153:140:295:221:324:226:366:230:394:227
A,3796,126.611,-1,0,0,1,X,X,X,X,X,264:198:152:140:295:221:324:226:366:230:395:227
A,3797,126.643,-1,0,0,1,X,X,X,X,X,263:197:154:141:294:220:324:226:366:229:395:227
A,3798,126.675,-1,0,0,1,X,X,X,X,X,263:197:154:140:294:220:324:226:366:229:395:226
A,3799,126.723,-1,0,0,1,X,X,X,X,X,263:196:155:141:294:220:324:225:365:229:395:226
A,3800,126.755,-1,0,0,1,X,X,X,X,X,264:196:152:140:294:219:324:225:365:228:394:226
A,3801,126.787,-1,0,0,1,X,X,X,X,X,264:195:152:141:294:218:323:223:365:227:394:225
A,3802,126.819,-1,0,0,1,X,X,X,X,X,265:195:151:140:294:218:324:224:365:227:394:225
A,3803,126.851,-1,0,0,1,X,X,X,X,X,264:194:153:141:294:217:324:222:365:226:394:224
A,3804,126.883,-1,0,0,1,X,X,X,X,X,264:193:153:141:294:217:324:222:365:225:395:223
A,3805,126.915,-1,0,0,1,X,X,X,X,X,264:193:153:141:295:216:324:222:365:225:394:223
A,3806,126.947,-1,0,0,1,X,X,X,X,X,265:192:152:141:295:216:324:221:365:224:394:223
A,3807,126.979,-1,0,0,1,X,X,X,X,X,264:192:154:140:295:216:324:220:366:223:394:222
A,3808,127.011,-1,0,0,1,X,X,X,X,X,265:191:152:141:295:215:324:220:366:223:394:222
A,3809,127.043,-1,0,0,1,X,X,X,X,X,266:190:151:141:295:214:324:219:365:222:393:220
A,3810,127.075,-1,0,0,1,X,X,X,X,X,265:189:152:142:295:213:324:218:365:220:394:218
A,3811,127.123,-1,0,0,1,X,X,X,X,X,266:188:150:141:294:213:324:217:365:219:394:217
A,3812,127.155,-1,0,0,1,X,X,X,X,X,266:188:150:142:294:212:323:216:364:219:393:217
A,3813,127.187,-1,0,0,1,X,X,X,X,X,266:188:151:141:293:212:323:216:364:218:393:216
A,3814,127.219,-1,0,0,1,X,X,X,X,X,266:187:150:142:294:212:323:216:363:218:393:216
A,3815,127.251,-1,0,0,1,X,X,X,X,X,267:188:149:141:295:212:323:216:364:218:393:216
A,3816,127.283,-1,0,0,1,X,X,X,X,X,266:188:151:142:294:213:323:216:364:219:392:217
A,3817,127.315,-1,0,0,1,X,X,X,X,X,267:188:151:142:294:213:323:217:365:219:394:217
A,3818,127.347,-1,0,0,1,X,X,X,X,X,266:189:151:141:294:214:323:217:364:219:394:217
A,3819,127.379,-1,0,0,1,X,X,X,X,X,266:189:151:141:294:214:324:218:365:220:394:218
A,3820,127.411,-1,0,0,1,X,X,X,X,X,267:190:151:141:295:214:324:218:365:220:394:219
A,3821,127.443,-1,0,0,1,X,X,X,X,X,265:190:154:142:295:215:324:219:365:221:394:219
A,3822,127.475,-1,0,0,1,X,X,X,X,X,265:190:154:142:295:215:324:219:365:221:394:219
A,3823,127.507,-1,0,0,1,X,X,X,X,X,266:191:152:141:295:215:324:219:364:221:394:219
A,3824,127.555,-1,0,0,1,X,X,X,X,X,266:191:152:141:295:216:324:220:365:222:394:220
A,3825,127.587,-1,0,0,1,X,X,X,X,X,265:192:155:141:295:216:324:220:365:222:394:221
A,3826,127.619,-1,0,0,1,X,X,X,X,X,266:193:152:140:295:217:324:221:365:223:394:221
A,3827,127.651,-1,0,0,1,X,X,X,X,X,266:193:152:140:295:217:324:221:365:224:395:222
A,3828,127.683,-1,0,0,1,X,X,X,X,X,266:193:152:140:294:218:324:222:365:224:394:222
A,3829,127.715,-1,0,0,1,X,X,X,X,X,266:193:152:141:294:218:324:222:366:224:394:222
A,3830,127.747,-1,0,0,1,X,X,X,X,X,266:194:151:140:294:218:324:222:365:225:394:223
A,3831,127.779,-1,0,0,1,X,X,X,X,X,266:194:151:140:294:219:324:223:366:225:395:223
A,3832,127.811,-1,0,0,1,X,X,X,X,X,266:194:152:141:294:219:324:223:366:225:395:223
A,3833,127.843,-1,0,0,1,X,X,X,X,X,266:194:152:140:294:219:324:223:366:225:395:222
A,3834,127.875,-1,0,0,1,X,X,X,X,X,266:194:151:141:294:219:324:223:367:225:395:223
A,3835,127.907,-1,0,0,1,X,X,X,X,X,266:194:152:140:294:218:324:223:366:225:395:223
A,3836,127.955,-1,0,0,1,X,X,X,X,X,265:194:153:139:295:218:324:222:365:225:394:223
A,3837,127.987,-1,0,0,1,X,X,X,X,X,266:194:152:140:295:219:324:223:366:225:394:223
A,3838,128.019,-1,0,0,1,X,X,X,X,X,265:195:153:140:294:219:324:223:366:225:396:222
A,3839,128.051,-1,0,0,1,X,X,X,X,X,265:194:153:141:294:218:323:223:366:225:395:222
A,3840,128.083,-1,0,0,1,X,X,X,X,X,266:195:151:140:294:219:324:223:365:225:395:222
A,3841,128.115,-1,0,0,1,X,X,X,X,X,266:195:151:140:294:219:324:223:366:225:395:223
A,3842,128.147,-1,0,0,1,X,X,X,X,X,266:195:151:140:294:219:324:223:366:225:395:223
A,3843,128.179,-1,0,0,1,X,X,X,X,X,266:195:151:140:294:219:323:223:366:225:394:223
A,3844,128.211,-1,0,0,1,X,X,X,X,X,266:195:152:140:294:219:324:223:365:225:394:223
A,3845,128.243,-1,0,0,1,X,X,X,X,X,266:195:152:141:294:219:323:223:366:225:395:223
A,3846,128.275,-1,0,0,1,X,X,X,X,X,266:194:151:142:293:219:323:223:366:225:395:223
A,3847,128.307,-1,0,0,1,X,X,X,X,X,265:194:153:141:293:219:323:223:366:225:395:223
A,3848,128.355,-1,0,0,1,X,X,X,X,X,266:194:150:141:293:219:323:223:366:225:396:223
A,3849,128.387,-1,0,0,1,X,X,X,X,X,265:194:152:141:293:219:323:223:365:225:394:223
A,3850,128.419,-1,0,0,1,X,X,X,X,X,266:194:151:141:294:219:323:223:365:225:394:223
A,3851,128.451,33,1,0,1,X,X,X,X,X,265:194:152:141:292:220:323:223:364:226:395:224
A,3852,128.483,33,1,1,1,X,C,X,C,X,264:194:154:140:294:221:324:224:364:226:394:224
A,3853,128.515,33,1,1,1,X,C,X,C,X,265:193:152:141:293:220:323:222:364:225:396:224
A,3854,128.547,33,1,1,1,X,C,X,C,X,265:193:151:141:292:219:323:222:365:225:395:223
A,3855,128.579,33,1,0,1,X,X,X,X,X,265:193:151:141:293:219:323:222:364:224:394:223
A,3856,128.611,33,1,0,1,X,X,X,X,X,265:193:152:141:294:218:323:222:365:224:394:223
A,3857,128.643,33,1,0,1,X,X,X,X,X,264:193:153:140:294:217:323:221:365:224:394:222
A,3858,128.675,-1,0,0,1,X,X,X,X,X,265:193:152:141:295:217:323:221:366:224:393:222
A,3859,128.707,-1,0,0,1,X,X,X,X,X,265:193:152:141:295:217:324:222:365:224:393:222
A,3860,128.739,-1,0,0,1,X,X,X,X,X,265:193:151:140:294:217:323:221:365:224:394:222
A,3861,128.787,-1,0,0,1,X,X,X,X,X,265:193:152:141:294:217:324:221:365:224:394:222
A,3862,128.819,-1,0,0,1,X,X,X,X,X,264:193:153:140:295:217:324:221:365:224:393:222
A,3863,128.851,-1,0,0,1,X,X,X,X,X,265:193:151:140:295:217:324:221:365:224:394:222
A,3864,128.883,-1,0,0,1,X,X,X,X,X,265:193:151:140:294:217:324:221:365:223:393:221
A,3865,128.915,-1,0,0,1,X,X,X,X,X,265:193:151:141:295:217:324:221:365:223:394:222
A,3866,128.947,-1,0,0,1,X,X,X,X,X,264:192:153:140:295:217:324:221:365:223:394:221
A,3867,128.979,-1,0,0,1,X,X,X,X,X,265:193:152:140:295:217:324:221:365:223:394:221
A,3868,129.011,-1,0,0,1,X,X,X,X,X,265:192:152:141:295:217:324:221:365:223:394:221
A,3869,129.043,-1,0,0,1,X,X,X,X,X,265:193:152:140:295:217:324:221:366:223:394:221
A,3870,129.075,-1,0,0,1,X,X,X,X,X,265:192:152:141:295:217:324:221:366:223:394:221
A,3871,129.107,-1,0,0,1,X,X,X,X,X,264:192:153:141:294:217:324:221:366:223:396:221
A,3872,129.139,-1,0,0,1,X,X,X,X,X,266:192:151:140:295:217:324:221:366:223:394:222
A,3873,129.187,-1,0,0,1,X,X,X,X,X,267:193:150:139:296:217:325:221:366:223:394:221
A,3874,129.219,-1,0,0,1,X,X,X,X,X,265:193:152:140:295:217:324:221:366:223:395:221
A,3875,129.251,-1,0,0,1,X,X,X,X,X,265:193:152:140:295:217:324:221:366:223:395:221
A,3876,129.283,-1,0,0,1,X,X,X,X,X,266:193:151:140:296:217:325:221:366:223:395:222
A,3877,129.315,-1,0,0,1,X,X,X,X,X,266:193:151:140:296:217:325:221:366:223:395:222
A,3878,129.347,-1,0,0,1,X,X,X,X,X,266:193:151:140:296:217:324:221:366:224:395:222
A,3879,129.379,-1,0,0,1,X,X,X,X,X,265:193:152:140:295:217:324:221:366:223:394:222
A,3880,129.411,-1,0,0,1,X,X,X,X,X,265:193:152:140:295:217:324:221:366:224:394:222
A,3881,129.443,-1,0,0,1,X,X,X,X,X,265:193:152:141:294:217:324:221:366:224:395:222
A,3882,129.475,-1,0,0,1,X,X,X,X,X,265:192:152:141:294:217:323:221:366:224:394:222
A,3883,129.507,-1,0,0,1,X,X,X,X,X,266:193:151:141:294:217:324:221:366:224:394:222
A,3884,129.539,-1,0,0,1,X,X,X,X,X,265:194:152:140:294:218:323:222:366:224:395:223
A,3885,129.571,-1,0,0,1,X,X,X,X,X,266:193:151:141:294:218:323:222:365:224:394:223
A,3886,129.619,-1,0,0,1,X,X,X,X,X,265:194:152:140:294:217:323:222:365:224:394:222
A,3887,129.651,-1,0,0,1,X,X,X,X,X,265:193:152:141:294:218:323:222:365:224:394:223
A,3888,129.683,-1,0,0,1,X,X,X,X,X,265:194:152:140:293:218:323:222:364:224:393:223
A,3889,129.715,-1,0,0,1,X,X,X,X,X,265:193:152:141:294:218:323:222:364:224:393:223
A,3890,129.747,-1,0,0,1,X,X,X,X,X,264:194:152:140:293:218:322:222:364:224:393:223
A,3891,129.779,-1,0,0,1,X,X,X,X,X,265:193:152:142:292:218:322:222:365:224:393:223
A,3892,129.811,-1,0,0,1,X,X,X,X,X,264:194:152:141:294:218:323:222:364:224:393:223
A,3893,129.843,-1,0,0,1,X,X,X,X,X,265:194:151:141:294:218:323:222:365:224:393:223
A,3894,129.875,-1,0,0,1,X,X,X,X,X,265:194:152:141:293:218:323:222:364:225:393:223
A,3895,129.907,-1,0,0,1,X,X,X,X,X,265:194:152:141:293:218:323:222:364:225:393:223
A,3896,129.939,-1,0,0,1,X,X,X,X,X,264:194:152:141:293:218:322:222:364:225:393:223
A,3897,129.971,-1,0,0,1,X,X,X,X,X,265:194:151:141:294:218:322:222:364:224:392:223
A,3898,130.019,-1,0,0,1,X,X,X,X,X,265:194:152:141:293:218:323:223:365:225:394:222
A,3899,130.051,-1,0,0,1,X,X,X,X,X,265:194:151:141:294:218:323:222:365:225:393:223
A,3900,130.083,-1,0,0,1,X,X,X,X,X,265:194:153:141:295:218:323:222:365:225:393:223
A,3901,130.115,-1,0,0,1,X,X,X,X,X,266:194:150:141:295:218:323:222:365:225:394:223
A,3902,130.147,-1,0,0,1,X,X,X,X,X,265:194:151:141:294:218:324:222:365:225:394:223
A,3903,130.18,-1,0,0,1,X,X,X,X,X,265:194:152:141:295:218:324:222:365:225:393:223
A,3904,130.211,-1,0,0,1,X,X,X,X,X,266:194:150:141:295:218:324:222:365:224:393:223
A,3905,130.243,-1,0,0,1,X,X,X,X,X,265:194:151:141:294:218:323:222:365:224:393:223
A,3906,130.275,-1,0,0,1,X,X,X,X,X,265:194:151:141:294:218:324:222:365:224:394:223
A,3907,130.307,-1,0,0,1,X,X,X,X,X,265:194:152:140:295:218:324:222:365:224:394:223
A,3908,130.339,-1,0,0,1,X,X,X,X,X,265:194:151:141:294:218:323:222:365:224:393:223
A,3909,130.371,-1,0,0,1,X,X,X,X,X,265:194:152:141:294:218:323:222:365:224:393:222
A,3910,130.419,-1,0,0,1,X,X,X,X,X,265:194:152:140:294:218:323:222:365:224:394:223
A,3911,130.451,-1,0,0,1,X,X,X,X,X,265:194:152:141:295:218:323:222:365:224:393:223
A,3912,130.483,-1,0,0,1,X,X,X,X,X,265:194:152:141:294:218:323:222:365:224:394:223
A,3913,130.515,-1,0,0,1,X,X,X,X,X,264:195:153:139:294:218:323:222:365:225:394:223
A,3914,130.547,-1,0,0,1,X,X,X,X,X,265:194:152:141:295:218:324:222:366:224:394:223
A,3915,130.579,-1,0,0,1,X,X,X,X,X,265:194:152:141:295:218:324:222:366:225:394:223
A,3916,130.611,-1,0,0,1,X,X,X,X,X,265:194:151:141:295:218:324:222:365:225:394:223
A,3917,130.643,-1,0,0,1,X,X,X,X,X,264:194:152:140:294:218:323:222:365:225:394:223
A,3918,130.675,-1,0,0,1,X,X,X,X,X,265:194:152:141:294:218:324:222:366:225:394:223
A,3919,130.707,-1,0,0,1,X,X,X,X,X,265:194:153:141:293:218:323:223:366:225:395:223
A,3920,130.739,-1,0,0,1,X,X,X,X,X,265:194:153:141:294:218:323:223:365:225:395:224
A,3921,130.771,-1,0,0,1,X,X,X,X,X,265:194:152:142:294:219:324:223:365:226:394:224
A,3922,130.803,-1,0,0,1,X,X,X,X,X,265:195:152:139:293:218:324:223:365:225:395:223
A,3923,130.851,-1,0,0,1,X,X,X,X,X,265:195:152:140:294:219:324:223:365:226:395:224
A,3924,130.883,-1,0,0,1,X,X,X,X,X,265:195:152:140:294:219:324:223:365:226:394:224
A,3925,130.915,-1,0,0,1,X,X,X,X,X,265:195:152:140:294:219:324:223:366:226:395:224
A,3926,130.947,-1,0,0,1,X,X,X,X,X,265:194:152:141:295:219:324:223:366:225:395:224
A,3927,130.979,-1,0,0,1,X,X,X,X,X,265:195:152:141:294:219:324:223:365:226:394:224
A,3928,131.011,-1,0,0,1,X,X,X,X,X,265:195:152:140:293:219:323:223:365:226:394:224
A,3929,131.043,-1,0,0,1,X,X,X,X,X,265:195:152:140:294:219:323:223:366:226:394:224
A,3930,131.075,-1,0,0,1,X,X,X,X,X,264:195:153:140:294:219:323:223:365:225:395:224
A,3931,131.107,-1,0,0,1,X,X,X,X,X,265:195:152:140:293:219:323:223:365:226:395:224
A,3932,131.139,-1,0,0,1,X,X,X,X,X,264:195:154:140:294:219:324:223:365:226:395:224
A,3933,131.171,-1,0,0,1,X,X,X,X,X,264:195:153:140:294:219:323:223:365:226:394:224
A,3934,131.203,-1,0,0,1,X,X,X,X,X,265:195:152:140:294:219:324:223:366:226:396:224
A,3935,131.251,-1,0,0,1,X,X,X,X,X,265:196:152:139:294:219:323:223:367:226:395:225
A,3936,131.283,-1,0,0,1,X,X,X,X,X,265:195:152:139:293:219:324:223:366:226:395:224
A,3937,131.315,-1,0,0,1,X,X,X,X,X,265:196:152:139:294:219:324:224:366:226:395:225
A,3938,131.347,-1,0,0,1,X,X,X,X,X,265:196:152:139:294:219:324:224:365:226:395:225
A,3939,131.379,-1,0,0,1,X,X,X,X,X,266:196:151:140:295:219:324:224:366:227:395:225
A,3940,131.411,-1,0,0,1,X,X,X,X,X,265:196:152:139:294:220:324:224:366:227:395:225
A,3941,131.443,-1,0,0,1,X,X,X,X,X,265:196:152:140:295:220:324:224:366:227:394:225
A,3942,131.475,-1,0,0,1,X,X,X,X,X,265:196:151:139:294:220:324:224:366:227:395:225
A,3943,131.507,-1,0,0,1,X,X,X,X,X,265:196:152:140:295:220:324:224:366:227:395:225
A,3944,131.539,-1,0,0,1,X,X,X,X,X,265:196:152:140:294:220:324:224:366:227:394:225
A,3945,131.571,-1,0,0,1,X,X,X,X,X,265:196:152:140:294:220:323:224:366:227:394:225
A,3946,131.603,-1,0,0,1,X,X,X,X,X,263:196:155:140:294:220:323:224:366:227:395:225
A,3947,131.65,-1,0,0,1,X,X,X,X,X,264:196:154:140:294:220:323:224:366:227:395:225
A,3948,131.682,-1,0,0,1,X,X,X,X,X,264:197:154:138:294:220:323:224:365:226:394:224
A,3949,131.714,-1,0,0,1,X,X,X,X,X,264:196:154:139:294:220:323:224:365:227:394:225
A,3950,131.747,-1,0,0,1,X,X,X,X,X,263:196:155:139:293:220:323:224:365:227:394:224
A,3951,131.779,-1,0,0,1,X,X,X,X,X,265:197:152:139:294:220:323:224:365:227:394:225
A,3952,131.811,-1,0,0,1,X,X,X,X,X,264:196:153:140:293:220:323:224:365:226:393:225
A,3953,131.843,-1,0,0,1,X,X,X,X,X,263:197:155:139:293:220:323:224:365:227:395:224
A,3954,131.875,-1,0,0,1,X,X,X,X,X,263:197:155:139:293:220:322:225:365:227:394:225
A,3955,131.907,-1,0,0,1,X,X,X,X,X,264:197:153:139:293:220:322:225:365:227:394:225
A,3956,131.939,-1,0,0,1,X,X,X,X,X,263:196:154:140:292:220:322:225:365:227:394:224
A,3957,131.971,-1,0,0,1,X,X,X,X,X,265:197:151:139:292:220:323:225:365:227:394:225
A,3958,132.003,-1,0,0,1,X,X,X,X,X,264:196:153:140:292:220:322:225:364:227:393:225
A,3959,132.035,-1,0,0,1,X,X,X,X,X,264:196:153:140:293:220:322:225:364:227:393:225
A,3960,132.083,-1,0,0,1,X,X,X,X,X,264:197:153:139:292:220:322:225:364:227:394:225
A,3961,132.115,-1,0,0,1,X,X,X,X,X,264:196:153:140:292:220:322:225:364:227:393:225
A,3962,132.147,-1,0,0,1,X,X,X,X,X,264:197:153:139:292:220:322:225:363:227:393:224
A,3963,132.179,-1,0,0,1,X,X,X,X,X,264:197:152:139:292:221:322:225:365:227:394:225
A,3964,132.211,-1,0,0,1,X,X,X,X,X,265:197:152:139:292:220:322:225:364:227:393:225
A,3965,132.243,-1,0,0,1,X,X,X,X,X,263:196:154:140:292:220:322:225:364:227:393:225
A,3966,132.275,-1,0,0,1,X,X,X,X,X,263:196:154:141:292:221:322:225:364:227:393:225
A,3967,132.307,34,1,0,1,X,X,X,X,X,263:197:154:139:292:222:322:226:364:228:394:226
A,3968,132.339,34,1,1,1,X,C,X,C,X,265:197:152:139:292:222:323:225:363:228:393:227
A,3969,132.371,34,1,1,1,X,C,X,C,X,263:196:154:141:293:223:323:226:364:228:395:227
A,3970,132.403,34,1,1,1,X,C,X,C,X,262:196:155:142:292:222:323:226:364:228:395:227
A,3971,132.435,34,1,0,1,X,X,X,X,X,264:196:153:141:293:221:323:225:364:228:394:227
A,3972,132.483,34,1,0,1,X,X,X,X,X,263:196:154:141:292:221:323:225:364:227:394:226
A,3973,132.515,34,1,0,1,X,X,X,X,X,264:196:153:141:291:221:322:225:364:227:395:225
A,3974,132.547,-1,0,0,1,X,X,X,X,X,264:196:153:141:292:220:322:225:364:227:394:226
A,3975,132.579,-1,0,0,1,X,X,X,X,X,263:196:154:141:292:220:322:225:364:227:394:226
A,3976,132.61,-1,0,0,1,X,X,X,X,X,263:196:154:141:292:220:322:225:364:227:393:226
A,3977,132.642,-1,0,0,1,X,X,X,X,X,263:196:154:141:292:220:322:225:364:227:394:226
A,3978,132.674,-1,0,0,1,X,X,X,X,X,264:196:152:141:291:220:321:225:364:227:393:226
A,3979,132.707,-1,0,0,1,X,X,X,X,X,263:196:154:141:292:220:322:225:364:227:394:226
A,3980,132.739,-1,0,0,1,X,X,X,X,X,264:196:153:141:292:221:322:225:364:227:394:225
A,3981,132.77,-1,0,0,1,X,X,X,X,X,263:196:154:142:292:221:322:225:364:227:393:226
A,3982,132.803,-1,0,0,1,X,X,X,X,X,263:197:154:141:293:221:322:225:364:227:393:225
A,3983,132.835,-1,0,0,1,X,X,X,X,X,264:196:152:142:292:221:322:225:364:227:393:226
A,3984,132.883,-1,0,0,1,X,X,X,X,X,263:196:153:141:292:221:322:225:364:227:392:226
A,3985,132.915,-1,0,0,1,X,X,X,X,X,263:196:153:141:292:220:322:225:364:227:393:225
A,3986,132.947,-1,0,0,1,X,X,X,X,X,263:196:153:141:291:220:321:225:364:227:394:225
A,3987,132.979,-1,0,0,1,X,X,X,X,X,263:196:153:141:291:220:321:224:363:227:393:225
A,3988,133.011,-1,0,0,1,X,X,X,X,X,263:196:153:141:291:220:321:224:363:227:393:225
A,3989,133.043,-1,0,0,1,X,X,X,X,X,263:196:154:141:292:220:321:224:363:226:392:224
A,3990,133.075,-1,0,0,1,X,X,X,X,X,263:196:153:140:291:220:321:224:362:226:391:224
A,3991,133.107,-1,0,0,1,X,X,X,X,X,263:196:154:141:291:219:320:224:363:226:391:224
A,3992,133.139,-1,0,0,1,X,X,X,X,X,263:196:153:141:291:220:320:224:362:226:391:224
A,3993,133.171,-1,0,0,1,X,X,X,X,X,262:196:154:141:291:220:320:224:362:226:390:224
A,3994,133.203,-1,0,0,1,X,X,X,X,X,262:196:154:140:290:220:320:224:363:226:392:224
A,3995,133.235,-1,0,0,1,X,X,X,X,X,262:196:154:141:291:220:320:224:362:226:391:224
A,3996,133.267,-1,0,0,1,X,X,X,X,X,263:196:152:141:291:220:320:224:361:226:391:224
A,3997,133.315,-1,0,0,1,X,X,X,X,X,261:196:154:141:291:220:320:224:362:226:391:224
A,3998,133.346,-1,0,0,1,X,X,X,X,X,262:196:154:140:290:220:320:224:361:226:391:224
A,3999,133.379,-1,0,0,1,X,X,X,X,X,261:196:154:141:291:220:320:224:362:227:391:224
A,4000,133.411,-1,0,0,1,X,X,X,X,X,261:196:155:141:290:220:320:225:362:227:391:224
A,4001,133.443,-1,0,0,1,X,X,X,X,X,262:196:154:141:291:220:320:225:362:227:392:224
A,4002,133.475,-1,0,0,1,X,X,X,X,X,263:196:153:142:291:221:320:225:363:227:392:225
A,4003,133.506,-1,0,0,1,X,X,X,X,X,263:196:153:141:291:221:320:225:362:227:391:225
A,4004,133.539,-1,0,0,1,X,X,X,X,X,263:197:153:141:291:221:321:225:362:227:392:225
A,4005,133.571,-1,0,0,1,X,X,X,X,X,264:197:152:140:292:221:321:225:363:227:391:225
A,4006,133.602,-1,0,0,1,X,X,X,X,X,263:197:153:140:292:221:321:225:363:227:392:225
A,4007,133.635,-1,0,0,1,X,X,X,X,X,263:197:153:140:292:221:322:225:362:227:392:226
A,4008,133.667,-1,0,0,1,X,X,X,X,X,263:197:153:140:290:221:321:225:363:227:393:225
A,4009,133.714,-1,0,0,1,X,X,X,X,X,263:197:153:141:291:221:321:225:363:228:392:226
A,4010,133.747,-1,0,0,1,X,X,X,X,X,264:197:152:141:292:221:321:225:363:228:392:226
A,4011,133.778,-1,0,0,1,X,X,X,X,X,262:197:155:141:291:221:321:226:364:228:393:226
A,4012,133.81,-1,0,0,1,X,X,X,X,X,263:197:153:141:292:221:321:226:363:228:393:226
A,4013,133.843,-1,0,0,1,X,X,X,X,X,263:197:152:141:291:221:321:225:363:228:393:226
A,4014,133.874,-1,0,0,1,X,X,X,X,X,263:197:154:141:291:221:321:226:364:228:393:226
A,4015,133.907,-1,0,0,1,X,X,X,X,X,264:198:153:139:292:221:321:225:364:228:393:226
A,4016,133.939,-1,0,0,1,X,X,X,X,X,263:198:154:139:292:221:322:225:364:228:393:226
A,4017,133.971,-1,0,0,1,X,X,X,X,X,264:198:152:140:291:221:322:226:364:228:394:226
A,4018,134.003,-1,0,0,1,X,X,X,X,X,263:198:153:140:291:222:321:226:364:228:394:226
A,4019,134.035,-1,0,0,1,X,X,X,X,X,262:198:154:140:291:222:322:226:365:228:394:226
A,4020,134.067,-1,0,0,1,X,X,X,X,X,263:198:154:140:292:221:322:226:365:228:394:226
A,4021,134.114,-1,0,0,1,X,X,X,X,X,263:198:154:140:292:221:322:225:365:228:394:226
A,4022,134.149,-1,0,0,1,X,X,X,X,X,263:198:153:140:292:221:321:226:365:228:394:226
A,4023,134.179,-1,0,0,1,X,X,X,X,X,263:198:154:140:292:222:321:225:364:228:393:226
A,4024,134.21,-1,0,0,1,X,X,X,X,X,263:197:154:141:291:221:321:225:364:228:394:226
A,4025,134.243,-1,0,0,1,X,X,X,X,X,263:197:153:141:291:221:321:225:364:228:393:226
A,4026,134.274,-1,0,0,1,X,X,X,X,X,263:198:154:140:292:221:321:226:363:228:393:226
A,4027,134.307,-1,0,0,1,X,X,X,X,X,263:198:155:140:291:221:321:225:363:228:393:225
A,4028,134.338,-1,0,0,1,X,X,X,X,X,262:198:154:140:291:221:321:225:364:228:393:225
A,4029,134.37,-1,0,0,1,X,X,X,X,X,262:198:155:140:291:221:322:226:363:228:393:225
A,4030,134.403,-1,0,0,1,X,X,X,X,X,263:198:154:139:291:221:321:225:363:228:393:225
A,4031,134.435,-1,0,0,1,X,X,X,X,X,262:198:154:140:291:221:321:225:363:228:393:225
A,4032,134.467,-1,0,0,1,X,X,X,X,X,264:198:152:140:291:221:321:225:363:228:393:225
A,4033,134.498,-1,0,0,1,X,X,X,X,X,263:198:154:139:291:221:321:226:363:228:393:226
A,4034,134.578,-1,0,0,1,X,X,X,X,X,263:198:154:140:291:221:322:225:364:228:393:225
A,4035,134.61,-1,0,0,1,X,X,X,X,X,263:198:154:139:292:221:322:225:364:228:393:226
A,4036,134.643,-1,0,0,1,X,X,X,X,X,264:197:153:141:291:221:322:225:364:228:394:225
A,4037,134.675,-1,0,0,1,X,X,X,X,X,264:197:153:141:292:221:322:225:364:228:393:226
A,4038,134.707,-1,0,0,1,X,X,X,X,X,263:198:154:140:292:221:322:225:364:228:394:225
A,4039,134.739,-1,0,0,1,X,X,X,X,X,264:197:153:140:292:221:322:225:364:228:394:225
A,4040,134.771,-1,0,0,1,X,X,X,X,X,264:198:153:139:292:221:322:225:365:228:394:225
A,4041,134.803,-1,0,0,1,X,X,X,X,X,264:197:153:141:292:221:322:226:365:228:394:226
A,4042,134.835,-1,0,0,1,X,X,X,X,X,264:198:153:140:292:221:322:226:365:228:394:226
A,4043,134.866,-1,0,0,1,X,X,X,X,X,264:197:153:141:293:221:322:225:364:228:394:225
A,4044,134.899,-1,0,0,1,X,X,X,X,X,264:198:153:140:293:221:322:225:366:228:394:226
A,4045,134.947,-1,0,0,1,X,X,X,X,X,262:198:156:139:293:221:322:225:365:228:394:226
A,4046,134.979,-1,0,0,1,X,X,X,X,X,264:198:153:140:293:221:322:225:365:228:394:226
A,4047,135.011,-1,0,0,1,X,X,X,X,X,264:197:153:140:293:221:323:225:365:228:394:226
A,4048,135.043,-1,0,0,1,X,X,X,X,X,262:197:154:140:293:221:323:225:365:228:394:226
A,4049,135.075,-1,0,0,1,X,X,X,X,X,264:197:153:140:292:221:322:225:365:227:394:226
A,4050,135.106,-1,0,0,1,X,X,X,X,X,264:198:153:139:293:221:323:225:365:228:394:226
A,4051,135.138,-1,0,0,1,X,X,X,X,X,264:198:153:139:293:221:323:225:365:228:393:226
A,4052,135.17,-1,0,0,1,X,X,X,X,X,264:197:152:140:293:221:323:225:365:227:394:225
A,4053,135.202,-1,0,0,1,X,X,X,X,X,263:197:154:140:293:221:322:225:365:228:394:226
A,4054,135.234,-1,0,0,1,X,X,X,X,X,264:197:153:140:293:221:323:225:365:228:394:225
A,4055,135.266,-1,0,0,1,X,X,X,X,X,264:197:153:140:293:221:322:225:364:228:393:226
A,4056,135.298,-1,0,0,1,X,X,X,X,X,264:197:153:140:293:221:323:225:364:228:393:226
A,4057,135.33,-1,0,0,1,X,X,X,X,X,264:197:152:140:293:221:322:225:364:228:393:226
A,4058,135.378,-1,0,0,1,X,X,X,X,X,264:197:153:140:293:221:323:225:365:228:393:226
A,4059,135.411,-1,0,0,1,X,X,X,X,X,264:197:153:141:293:221:323:225:365:228:394:226
A,4060,135.443,-1,0,0,1,X,X,X,X,X,263:197:154:141:293:221:323:226:365:228:394:226
A,4061,135.475,-1,0,0,1,X,X,X,X,X,263:198:154:140:293:221:323:225:364:228:393:226
A,4062,135.506,-1,0,0,1,X,X,X,X,X,263:197:154:141:293:221:323:225:365:228:394:226
A,4063,135.538,-1,0,0,1,X,X,X,X,X,264:198:153:139:293:221:323:225:365:228:394:226
A,4064,135.571,-1,0,0,1,X,X,X,X,X,264:197:153:141:293:221:323:225:365:228:394:227
A,4065,135.602,-1,0,0,1,X,X,X,X,X,264:197:153:141:294:221:323:225:365:228:394:226
A,4066,135.635,-1,0,0,1,X,X,X,X,X,263:197:154:140:293:221:323:225:365:228:394:225
A,4067,135.667,-1,0,0,1,X,X,X,X,X,264:197:153:141:293:221:323:225:365:228:394:226
A,4068,135.698,-1,0,0,1,X,X,X,X,X,263:197:155:140:293:221:323:225:365:228:394:226
A,4069,135.73,-1,0,0,1,X,X,X,X,X,264:197:153:141:293:221:323:225:364:228:394:226
A,4070,135.778,-1,0,0,1,X,X,X,X,X,265:197:152:141:293:221:323:225:365:228:394:226
A,4071,135.81,-1,0,0,1,X,X,X,X,X,263:197:154:141:293:221:323:225:365:228:394:226
A,4072,135.842,-1,0,0,1,X,X,X,X,X,264:197:153:141:293:221:323:225:365:228:395:225
A,4073,135.88,-1,0,0,1,X,X,X,X,X,264:197:153:141:293:221:323:225:365:228:394:226
A,4074,135.907,-1,0,0,1,X,X,X,X,X,264:197:153:140:293:221:323:226:364:228:394:226
A,4075,135.939,-1,0,0,1,X,X,X,X,X,264:197:153:141:294:221:323:225:365:228:394:226
A,4076,135.971,-1,0,0,1,X,X,X,X,X,264:198:153:140:293:221:322:225:365:228:394:226
A,4077,136.003,-1,0,0,1,X,X,X,X,X,265:197:152:140:293:221:322:225:365:228:393:226
A,4078,136.034,-1,0,0,1,X,X,X,X,X,264:198:153:140:293:221:323:226:365:228:393:226
A,4079,136.066,-1,0,0,1,X,X,X,X,X,265:197:151:141:294:221:323:226:365:228:394:226
A,4080,136.098,-1,0,0,1,X,X,X,X,X,265:197:153:141:293:221:323:225:365:228:394:226
A,4081,136.131,-1,0,0,1,X,X,X,X,X,264:197:153:141:293:221:323:225:365:228:394:226
A,4082,136.179,35,1,0,1,X,X,X,X,X,264:197:153:141:293:221:323:225:365:228:394:227
A,4083,136.21,35,1,1,1,X,C,X,C,X,264:196:153:141:293:222:323:226:364:229:394:228
A,4084,136.243,35,1,1,1,X,C,X,C,X,264:196:154:141:293:222:323:226:364:229:394:228
A,4085,136.275,35,1,1,1,X,C,X,C,X,264:196:152:141:291:222:323:226:364:229:395:228
A,4086,136.307,35,1,0,1,X,X,X,X,X,263:196:155:142:292:222:322:225:365:228:394:227
A,4087,136.339,35,1,0,1,X,X,X,X,X,263:197:155:140:293:221:322:225:364:228:394:227
A,4088,136.371,35,1,0,1,X,X,X,X,X,262:197:155:140:293:221:322:225:364:228:393:226
A,4089,136.403,35,1,0,1,X,X,X,X,X,263:197:154:140:293:221:322:225:364:228:393:226
A,4090,136.435,-1,0,0,1,X,X,X,X,X,262:197:155:141:292:221:322:226:364:228:393:226
A,4091,136.467,-1,0,0,1,X,X,X,X,X,263:197:154:140:292:221:322:225:364:228:393:225
A,4092,136.499,-1,0,0,1,X,X,X,X,X,262:197:155:140:293:221:322:225:364:228:393:226
A,4093,136.531,-1,0,0,1,X,X,X,X,X,262:197:155:141:293:221:322:225:364:228:393:225
A,4094,136.562,-1,0,0,1,X,X,X,X,X,262:197:155:141:292:221:322:225:364:228:393:226
A,4095,136.61,-1,0,0,1,X,X,X,X,X,263:197:154:141:293:221:322:225:364:228:393:226
A,4096,136.643,-1,0,0,1,X,X,X,X,X,263:197:154:141:293:221:323:225:364:228:393:226
A,4097,136.674,-1,0,0,1,X,X,X,X,X,263:197:155:140:293:221:322:226:364:228:394:226
A,4098,136.706,-1,0,0,1,X,X,X,X,X,263:197:155:141:293:221:322:226:364:228:393:226
A,4099,136.739,-1,0,0,1,X,X,X,X,X,263:197:154:141:292:221:322:226:364:229:394:226
A,4100,136.77,-1,0,0,1,X,X,X,X,X,263:197:154:140:293:221:322:226:364:228:394:226
A,4101,136.803,-1,0,0,1,X,X,X,X,X,263:197:154:140:293:221:323:226:365:228:394:226
A,4102,136.835,-1,0,0,1,X,X,X,X,X,263:197:155:141:292:222:322:226:364:228:394:226
A,4103,136.867,-1,0,0,1,X,X,X,X,X,264:198:153:140:292:221:323:226:364:228:395:226
A,4104,136.898,-1,0,0,1,X,X,X,X,X,262:197:156:141:293:221:323:226:365:229:394:226
A,4105,136.931,-1,0,0,1,X,X,X,X,X,264:197:153:141:293:222:322:226:365:228:394:227
A,4106,136.963,-1,0,0,1,X,X,X,X,X,262:197:156:141:292:222:323:226:365:229:395:227
A,4107,137.01,-1,0,0,1,X,X,X,X,X,262:197:156:141:292:222:322:226:365:228:395:227
A,4108,137.048,-1,0,0,1,X,X,X,X,X,263:197:154:141:292:222:322:226:365:229:394:226
A,4109,137.077,-1,0,0,1,X,X,X,X,X,263:197:154:141:293:221:322:226:365:228:394:226
A,4110,137.115,-1,0,0,1,X,X,X,X,X,263:197:155:141:293:222:323:226:365:229:394:227
A,4111,137.139,-1,0,0,1,X,X,X,X,X,263:198:154:140:293:222:323:226:365:229:395:227
A,4112,137.171,-1,0,0,1,X,X,X,X,X,263:197:154:141:293:222:322:226:364:228:394:226
A,4113,137.203,-1,0,0,1,X,X,X,X,X,264:197:153:141:293:221:322:226:364:228:394:226
A,4114,137.235,-1,0,0,1,X,X,X,X,X,263:197:155:141:292:222:322:226:364:228:394:226
A,4115,137.266,-1,0,0,1,X,X,X,X,X,262:197:155:141:292:221:322:226:365:229:394:227
A,4116,137.298,-1,0,0,1,X,X,X,X,X,263:197:155:141:292:221:322:226:364:229:394:226
A,4117,137.331,-1,0,0,1,X,X,X,X,X,263:197:155:141:292:221:322:226:365:229:394:226
A,4118,137.362,-1,0,0,1,X,X,X,X,X,263:198:155:140:292:221:322:226:364:228:394:226
A,4119,137.41,-1,0,0,1,X,X,X,X,X,263:197:155:140:293:221:322:226:364:228:394:226
A,4120,137.442,-1,0,0,1,X,X,X,X,X,263:197:155:140:293:221:322:226:364:228:394:226
A,4121,137.475,-1,0,0,1,X,X,X,X,X,262:198:156:140:292:221:322:226:364:228:394:226
A,4122,137.507,-1,0,0,1,X,X,X,X,X,264:197:153:140:293:221:322:226:365:228:394:226
A,4123,137.539,-1,0,0,1,X,X,X,X,X,264:197:153:141:292:221:322:226:365:228:395:226
A,4124,137.57,-1,0,0,1,X,X,X,X,X,263:198:155:139:292:221:322:226:364:228:394:226
A,4125,137.602,-1,0,0,1,X,X,X,X,X,263:198:155:139:293:221:323:226:364:228:394:226
A,4126,137.635,-1,0,0,1,X,X,X,X,X,263:197:155:140:293:221:323:226:365:228:394:226
A,4127,137.667,-1,0,0,1,X,X,X,X,X,263:197:154:140:293:221:323:226:364:228:394:226
A,4128,137.698,-1,0,0,1,X,X,X,X,X,263:197:154:141:294:221:323:226:365:228:394:226
A,4129,137.731,-1,0,0,1,X,X,X,X,X,263:198:154:140:294:221:323:226:365:229:394:226
A,4130,137.763,-1,0,0,1,X,X,X,X,X,263:197:154:140:293:221:323:226:365:228:394:226
A,4131,137.795,-1,0,0,1,X,X,X,X,X,263:198:154:140:294:221:323:226:365:228:394:226
A,4132,137.842,-1,0,0,1,X,X,X,X,X,263:197:155:141:294:221:323:226:365:228:394:226
A,4133,137.875,-1,0,0,1,X,X,X,X,X,262:198:155:139:293:221:323:226:365:228:394:226
A,4134,137.907,-1,0,0,1,X,X,X,X,X,263:197:155:140:294:220:323:226:365:228:394:225
A,4135,137.939,-1,0,0,1,X,X,X,X,X,263:197:155:140:293:220:323:226:365:228:394:225
A,4136,137.97,-1,0,0,1,X,X,X,X,X,263:197:154:140:293:220:323:226:365:228:394:225
A,4137,138.003,-1,0,0,1,X,X,X,X,X,263:197:155:141:294:221:323:225:365:228:394:225
A,4138,138.035,-1,0,0,1,X,X,X,X,X,263:197:154:140:293:220:323:225:365:228:394:225
A,4139,138.066,-1,0,0,1,X,X,X,X,X,264:197:153:141:294:220:323:226:365:228:394:225
A,4140,138.099,-1,0,0,1,X,X,X,X,X,265:197:152:141:294:220:323:226:365:228:394:226
A,4141,138.131,-1,0,0,1,X,X,X,X,X,264:197:153:141:294:221:324:226:365:228:394:226
A,4142,138.162,-1,0,0,1,X,X,X,X,X,264:197:153:141:294:221:324:226:365:228:395:226
A,4143,138.195,-1,0,0,1,X,X,X,X,X,263:197:155:140:294:221:323:226:365:228:394:226
A,4144,138.242,-1,0,0,1,X,X,X,X,X,264:197:154:140:294:221:323:226:365:228:394:226
A,4145,138.275,-1,0,0,1,X,X,X,X,X,264:197:153:141:294:221:323:226:365:228:395:226
A,4146,138.306,-1,0,0,1,X,X,X,X,X,264:197:154:140:293:220:323:226:365:228:394:226
A,4147,138.338,-1,0,0,1,X,X,X,X,X,265:197:153:140:294:221:323:226:365:228:394:226
A,4148,138.37,-1,0,0,1,X,X,X,X,X,264:197:154:140:294:221:324:226:365:228:394:226
A,4149,138.402,-1,0,0,1,X,X,X,X,X,264:197:153:140:294:221:324:226:365:228:394:226
A,4150,138.435,-1,0,0,1,X,X,X,X,X,264:197:153:140:293:221:323:226:365:228:394:226
A,4151,138.466,-1,0,0,1,X,X,X,X,X,264:197:154:140:294:221:324:226:365:229:394:226
A,4152,138.499,-1,0,0,1,X,X,X,X,X,264:197:154:140:294:221:323:226:365:229:394:226
A,4153,138.53,-1,0,0,1,X,X,X,X,X,264:197:154:141:294:221:323:226:365:229:394:226
A,4154,138.562,-1,0,0,1,X,X,X,X,X,264:197:154:140:294:221:323:226:365:229:394:226
A,4155,138.595,-1,0,0,1,X,X,X,X,X,264:197:154:140:293:221:323:226:364:229:394:226
A,4156,138.643,-1,0,0,1,X,X,X,X,X,264:197:153:140:294:221:323:226:365:228:394:226
A,4157,138.675,-1,0,0,1,X,X,X,X,X,263:197:154:140:293:221:323:226:364:228:394:226
A,4158,138.706,-1,0,0,1,X,X,X,X,X,263:197:154:140:293:221:323:226:364:228:394:226
A,4159,138.739,-1,0,0,1,X,X,X,X,X,264:197:154:141:293:221:323:226:364:228:394:226
A,4160,138.77,-1,0,0,1,X,X,X,X,X,264:197:153:141:293:221:322:226:364:229:394:226
A,4161,138.802,-1,0,0,1,X,X,X,X,X,263:197:155:141:292:221:322:226:364:228:394:226
A,4162,138.835,-1,0,0,1,X,X,X,X,X,263:197:154:141:293:221:322:226:364:229:394:226
A,4163,138.866,-1,0,0,1,X,X,X,X,X,263:197:155:141:293:221:322:226:364:228:393:226
A,4164,138.898,-1,0,0,1,X,X,X,X,X,263:197:155:141:293:221:322:226:364:229:394:226
A,4165,138.931,-1,0,0,1,X,X,X,X,X,263:198:155:140:292:221:322:226:364:229:394:226
A,4166,138.962,-1,0,0,1,X,X,X,X,X,263:198:155:140:292:221:322:226:364:229:394:226
A,4167,138.995,-1,0,0,1,X,X,X,X,X,264:198:152:140:292:221:322:226:364:229:394:227
A,4168,139.027,-1,0,0,1,X,X,X,X,X,263:198:155:140:292:221:323:226:364:229:394:226
A,4169,139.075,-1,0,0,1,X,X,X,X,X,264:198:153:141:292:222:323:226:364:229:394:226
A,4170,139.106,-1,0,0,1,X,X,X,X,X,264:198:153:140:292:222:323:227:364:229:394:227
A,4171,139.139,-1,0,0,1,X,X,X,X,X,264:198:153:140:292:221:322:227:364:229:394:226
A,4172,139.17,-1,0,0,1,X,X,X,X,X,264:198:154:141:292:222:323:227:364:229:394:227
A,4173,139.202,-1,0,0,1,X,X,X,X,X,263:198:155:140:292:222:323:227:364:229:394:227
A,4174,139.235,-1,0,0,1,X,X,X,X,X,264:198:153:140:292:222:323:227:364:229:394:227
A,4175,139.267,-1,0,0,1,X,X,X,X,X,264:198:153:141:293:222:323:227:364:229:394:227
A,4176,139.298,-1,0,0,1,X,X,X,X,X,264:198:154:140:292:222:323:227:364:229:394:227
A,4177,139.33,-1,0,0,1,X,X,X,X,X,263:198:155:140:293:222:323:227:364:230:393:227
A,4178,139.362,-1,0,0,1,X,X,X,X,X,263:199:154:138:292:222:322:227:364:229:393:227
A,4179,139.395,-1,0,0,1,X,X,X,X,X,263:199:154:139:293:222:322:227:364:230:393:227
A,4180,139.426,-1,0,0,1,X,X,X,X,X,263:199:154:139:292:222:322:227:364:229:393:227
A,4181,139.475,-1,0,0,1,X,X,X,X,X,263:199:154:139:292:222:322:227:364:230:393:227
A,4182,139.506,-1,0,0,1,X,X,X,X,X,263:198:154:140:293:222:323:227:364:230:394:227
A,4183,139.538,-1,0,0,1,X,X,X,X,X,263:198:154:140:293:222:322:227:364:229:394:227
A,4184,139.571,-1,0,0,1,X,X,X,X,X,262:198:155:140:293:222:323:227:364:229:393:227
A,4185,139.602,-1,0,0,1,X,X,X,X,X,262:198:155:140:293:222:323:227:364:230:393:227
A,4186,139.635,-1,0,0,1,X,X,X,X,X,262:198:155:140:293:222:323:227:364:229:394:226
A,4187,139.667,-1,0,0,1,X,X,X,X,X,263:199:154:139:293:222:322:227:364:229:393:226
A,4188,139.699,-1,0,0,1,X,X,X,X,X,262:199:155:139:292:222:323:227:364:229:394:226
A,4189,139.73,-1,0,0,1,X,X,X,X,X,262:198:155:140:293:222:323:227:364:229:394:227
A,4190,139.763,-1,0,0,1,X,X,X,X,X,263:198:154:140:292:222:322:227:364:229:393:227
A,4191,139.795,-1,0,0,1,X,X,X,X,X,262:198:155:140:292:221:322:227:364:229:393:226
A,4192,139.826,-1,0,0,1,X,X,X,X,X,263:198:154:141:292:222:322:227:364:230:393:227
A,4193,139.858,-1,0,0,1,X,X,X,X,X,263:198:154:141:293:222:322:227:364:230:393:227
A,4194,139.906,-1,0,0,1,X,X,X,X,X,263:198:154:141:292:222:322:227:364:230:393:227
A,4195,139.938,-1,0,0,1,X,X,X,X,X,263:198:154:141:293:222:323:227:364:230:393:227
A,4196,139.97,-1,0,0,1,X,X,X,X,X,263:198:154:142:293:222:322:227:364:229:393:227
A,4197,140.002,-1,0,0,1,X,X,X,X,X,263:199:154:142:293:222:322:227:364:230:393:227
A,4198,140.035,-1,0,0,1,X,X,X,X,X,262:198:155:143:292:222:322:227:364:230:393:227
A,4199,140.067,-1,0,0,1,X,X,X,X,X,263:198:153:144:292:222:322:227:363:230:393:227
A,4200,140.099,-1,0,0,1,X,X,X,X,X,263:198:154:144:292:222:322:227:364:230:393:227
A,4201,140.13,-1,0,0,1,X,X,X,X,X,263:199:153:144:293:222:322:227:363:230:392:227
A,4202,140.163,36,1,0,1,X,X,X,X,X,263:199:154:144:293:223:322:228:363:232:392:230
A,4203,140.194,36,1,1,1,X,C,X,C,X,261:198:156:144:293:224:322:229:363:232:392:230
A,4204,140.227,36,1,1,1,X,C,X,C,X,263:198:154:144:292:224:322:229:363:232:393:230
A,4205,140.259,36,1,1,1,X,C,X,C,X,262:198:154:143:291:224:322:229:363:232:393:230
A,4206,140.306,36,1,0,1,X,X,X,X,X,263:198:153:143:291:224:322:228:364:232:395:230
A,4207,140.338,36,1,0,1,X,X,X,X,X,262:198:155:143:291:223:321:228:364:231:394:229
A,4208,140.37,36,1,0,1,X,X,X,X,X,262:199:155:142:291:223:321:228:364:231:393:229
A,4209,140.402,36,1,0,1,X,X,X,X,X,263:199:153:143:291:223:321:228:364:231:393:229
A,4210,140.434,36,1,0,1,X,X,X,X,X,263:199:153:144:291:222:321:228:364:230:393:228
A,4211,140.466,-1,0,0,1,X,X,X,X,X,263:199:153:143:292:222:321:228:364:230:392:228
A,4212,140.498,-1,0,0,1,X,X,X,X,X,262:199:153:143:291:222:321:228:364:231:393:228
A,4213,140.53,-1,0,0,1,X,X,X,X,X,262:199:155:144:292:222:321:227:364:230:392:227
A,4214,140.562,-1,0,0,1,X,X,X,X,X,263:199:153:145:291:222:321:228:365:230:393:227
A,4215,140.594,-1,0,0,1,X,X,X,X,X,263:199:153:144:291:222:322:228:364:230:393:227
A,4216,140.626,-1,0,0,1,X,X,X,X,X,263:199:154:144:292:222:321:228:365:230:393:227
A,4217,140.659,-1,0,0,1,X,X,X,X,X,264:199:152:143:292:222:322:228:364:230:393:227
A,4218,140.706,-1,0,0,1,X,X,X,X,X,262:199:154:143:291:223:322:228:364:230:394:227
A,4219,140.738,-1,0,0,1,X,X,X,X,X,262:199:154:143:292:222:322:228:364:230:393:227
A,4220,140.771,-1,0,0,1,X,X,X,X,X,263:199:153:142:292:222:321:228:365:230:393:227
A,4221,140.802,-1,0,0,1,X,X,X,X,X,262:199:154:142:292:222:322:227:364:230:393:227
A,4222,140.834,-1,0,0,1,X,X,X,X,X,262:198:155:141:292:222:322:228:364:230:394:227
A,4223,140.867,-1,0,0,1,X,X,X,X,X,262:199:154:142:291:222:322:227:364:229:394:227
A,4224,140.898,-1,0,0,1,X,X,X,X,X,263:198:154:141:292:222:322:227:364:229:393:226
A,4225,140.93,-1,0,0,1,X,X,X,X,X,262:197:155:142:292:221:322:227:364:229:394:226
A,4226,140.963,-1,0,0,1,X,X,X,X,X,263:198:154:142:292:221:322:227:364:229:393:226
A,4227,140.994,-1,0,0,1,X,X,X,X,X,264:198:152:142:292:222:323:227:364:229:394:226
A,4228,141.026,-1,0,0,1,X,X,X,X,X,264:197:151:143:292:221:322:227:365:229:393:226
A,4229,141.058,-1,0,0,1,X,X,X,X,X,264:198:152:141:292:222:322:227:364:229:394:226
A,4230,141.09,-1,0,0,1,X,X,X,X,X,262:197:154:142:292:221:322:227:364:229:394:226
A,4231,141.138,-1,0,0,1,X,X,X,X,X,263:197:154:143:292:221:322:227:364:229:394:226
A,4232,141.17,-1,0,0,1,X,X,X,X,X,262:197:155:143:292:221:322:226:364:229:394:226
A,4233,141.202,-1,0,0,1,X,X,X,X,X,263:197:153:142:292:221:322:226:364:229:394:226
A,4234,141.234,-1,0,0,1,X,X,X,X,X,263:197:154:142:292:221:322:226:364:228:394:225
A,4235,141.267,-1,0,0,1,X,X,X,X,X,263:197:153:142:292:221:322:226:364:228:393:225
A,4236,141.299,-1,0,0,1,X,X,X,X,X,264:197:152:142:292:221:322:226:364:228:394:225
A,4237,141.331,-1,0,0,1,X,X,X,X,X,263:197:153:142:292:221:322:226:363:228:393:225
A,4238,141.363,-1,0,0,1,X,X,X,X,X,264:197:152:141:292:221:322:226:364:228:393:225
A,4239,141.394,-1,0,0,1,X,X,X,X,X,264:198:151:141:292:221:322:226:365:228:393:225
A,4240,141.426,-1,0,0,1,X,X,X,X,X,264:197:152:142:291:221:322:226:364:228:393:225
A,4241,141.459,-1,0,0,1,X,X,X,X,X,263:197:153:141:291:220:322:226:363:228:393:225
A,4242,141.49,-1,0,0,1,X,X,X,X,X,264:197:151:141:292:221:322:226:364:228:393:225
A,4243,141.538,-1,0,0,1,X,X,X,X,X,263:196:153:143:292:221:322:226:364:228:393:225
A,4244,141.571,-1,0,0,1,X,X,X,X,X,263:196:153:143:292:221:322:226:364:228:393:225
A,4245,141.602,-1,0,0,1,X,X,X,X,X,263:196:153:143:292:221:322:226:364:228:394:225
A,4246,141.634,-1,0,0,1,X,X,X,X,X,264:196:152:144:292:221:322:226:364:228:393:225
A,4247,141.667,-1,0,0,1,X,X,X,X,X,264:197:152:142:293:221:323:226:364:228:394:225
A,4248,141.698,-1,0,0,1,X,X,X,X,X,263:197:154:142:293:221:323:226:364:228:394:225
A,4249,141.73,-1,0,0,1,X,X,X,X,X,264:197:152:142:293:221:323:226:364:228:394:226
A,4250,141.763,-1,0,0,1,X,X,X,X,X,262:197:155:141:292:221:323:226:364:228:394:226
A,4251,141.794,-1,0,0,1,X,X,X,X,X,263:197:153:141:293:221:322:226:364:228:394:225
A,4252,141.826,-1,0,0,1,X,X,X,X,X,263:197:153:141:293:221:323:226:364:228:394:225
A,4253,141.858,-1,0,0,1,X,X,X,X,X,263:197:153:140:293:221:323:226:364:228:394:225
A,4254,141.89,-1,0,0,1,X,X,X,X,X,264:197:152:141:293:221:322:226:365:228:394:226
A,4255,141.938,-1,0,0,1,X,X,X,X,X,263:196:153:141:292:221:322:226:365:228:394:226
A,4256,141.971,-1,0,0,1,X,X,X,X,X,263:197:154:140:293:221:322:226:364:228:394:226
A,4257,142.002,-1,0,0,1,X,X,X,X,X,263:197:154:140:292:221:322:226:364:228:394:225
A,4258,142.035,-1,0,0,1,X,X,X,X,X,263:196:154:141:292:221:322:226:364:228:394:226
A,4259,142.066,-1,0,0,1,X,X,X,X,X,263:197:153:141:292:221:322:226:364:228:394:226
A,4260,142.098,-1,0,0,1,X,X,X,X,X,263:197:154:140:293:221:322:226:364:228:394:226
A,4261,142.13,-1,0,0,1,X,X,X,X,X,264:197:152:141:293:221:322:226:364:229:394:226
A,4262,142.162,-1,0,0,1,X,X,X,X,X,264:197:152:140:292:221:322:226:365:229:394:226
A,4263,142.194,-1,0,0,1,X,X,X,X,X,263:197:154:142:292:221:322:226:364:228:394:226
A,4264,142.226,-1,0,0,1,X,X,X,X,X,265:197:151:141:292:221:322:226:364:229:394:227
A,4265,142.258,-1,0,0,1,X,X,X,X,X,264:197:152:141:292:221:323:226:364:228:394:226
A,4266,142.29,-1,0,0,1,X,X,X,X,X,264:197:152:141:292:221:323:226:364:228:394:226
A,4267,142.322,-1,0,0,1,X,X,X,X,X,263:198:153:140:293:221:323:226:365:229:394:226
A,4268,142.37,-1,0,0,1,X,X,X,X,X,264:197:152:141:294:222:323:226:365:229:393:227
A,4269,142.402,-1,0,0,1,X,X,X,X,X,264:198:153:141:294:222:323:226:364:229:393:227
A,4270,142.434,-1,0,0,1,X,X,X,X,X,264:198:153:141:294:222:323:226:364:229:393:227
A,4271,142.466,-1,0,0,1,X,X,X,X,X,263:197:154:142:293:222:323:226:364:229:394:227
A,4272,142.499,-1,0,0,1,X,X,X,X,X,263:198:153:140:293:221:323:226:365:229:394:227
A,4273,142.53,-1,0,0,1,X,X,X,X,X,263:198:154:140:293:221:323:226:364:229:394:226
A,4274,142.562,-1,0,0,1,X,X,X,X,X,263:198:154:141:293:222:323:227:364:229:394:226
A,4275,142.595,-1,0,0,1,X,X,X,X,X,263:198:154:140:293:221:323:226:364:229:394:226
A,4276,142.626,-1,0,0,1,X,X,X,X,X,263:198:154:141:293:222:323:227:364:229:394:227
A,4277,142.658,-1,0,0,1,X,X,X,X,X,263:198:154:141:293:222:323:227:364:230:394:227
A,4278,142.691,-1,0,0,1,X,X,X,X,X,262:198:155:141:293:222:323:227:364:229:394:227
A,4279,142.722,-1,0,0,1,X,X,X,X,X,263:198:154:142:293:222:323:227:364:230:394:227
A,4280,142.77,-1,0,0,1,X,X,X,X,X,264:198:153:141:292:222:322:227:364:230:394:227
A,4281,142.802,-1,0,0,1,X,X,X,X,X,264:198:154:142:293:222:323:227:364:230:394:227
A,4282,142.834,-1,0,0,1,X,X,X,X,X,262:198:156:141:293:222:323:227:364:230:394:227
A,4283,142.866,-1,0,0,1,X,X,X,X,X,263:198:154:142:293:222:323:227:364:230:393:228
A,4284,142.898,37,1,0,1,X,X,X,X,X,263:198:154:141:293:223:323:228:364:231:394:229
A,4285,142.93,37,1,1,1,X,C,X,C,X,263:198:155:142:292:224:323:229:364:232:395:230
A,4286,142.962,37,1,1,1,X,C,X,C,X,264:197:153:143:292:224:323:228:364:231:394:230
A,4287,142.995,37,1,0,1,X,X,X,C,X,264:198:154:142:293:223:323:228:364:231:394:230
A,4288,143.026,37,1,0,1,X,X,X,X,X,264:198:153:142:292:223:322:228:365:230:395:229
A,4289,143.058,37,1,0,1,X,X,X,X,X,263:198:154:142:293:222:323:227:364:230:394:229
A,4290,143.091,37,1,0,1,X,X,X,X,X,263:199:153:141:292:222:322:227:364:230:394:228
A,4291,143.122,37,1,0,1,X,X,X,X,X,263:198:154:142:293:222:323:227:364:230:394:228
A,4292,143.17,-1,0,0,1,X,X,X,X,X,263:198:154:142:293:222:323:227:365:230:394:228
A,4293,143.202,-1,0,0,1,X,X,X,X,X,263:198:154:142:293:222:323:227:365:230:393:228
A,4294,143.234,-1,0,0,1,X,X,X,X,X,263:198:154:141:293:222:322:227:364:230:393:228
A,4295,143.266,-1,0,0,1,X,X,X,X,X,263:198:154:142:293:222:322:227:365:230:393:228
A,4296,143.298,-1,0,0,1,X,X,X,X,X,264:198:153:141:293:222:322:227:364:230:393:228
A,4297,143.33,-1,0,0,1,X,X,X,X,X,263:198:154:142:293:222:322:227:364:230:393:228
A,4298,143.362,-1,0,0,1,X,X,X,X,X,263:198:153:142:292:222:322:227:364:229:393:227
A,4299,143.394,-1,0,0,1,X,X,X,X,X,263:198:154:142:292:222:322:227:364:229:393:227
A,4300,143.426,-1,0,0,1,X,X,X,X,X,263:199:154:141:292:222:322:227:364:229:393:227
A,4301,143.458,-1,0,0,1,X,X,X,X,X,262:198:155:142:292:222:322:227:364:229:394:227
A,4302,143.491,-1,0,0,1,X,X,X,X,X,263:198:155:142:292:222:322:227:364:229:393:227
A,4303,143.522,-1,0,0,1,X,X,X,X,X,263:198:154:141:292:222:322:227:364:229:393:227
A,4304,143.554,-1,0,0,1,X,X,X,X,X,263:198:154:141:294:222:323:227:365:229:393:227
A,4305,143.602,-1,0,0,1,X,X,X,X,X,263:198:154:141:294:222:323:227:365:229:393:227
A,4306,143.634,-1,0,0,1,X,X,X,X,X,262:198:155:141:293:222:323:227:364:230:394:227
A,4307,143.666,-1,0,0,1,X,X,X,X,X,263:198:154:142:293:222:323:227:364:230:394:227
A,4308,143.698,-1,0,0,1,X,X,X,X,X,263:198:154:140:293:222:323:227:365:230:394:227
A,4309,143.73,-1,0,0,1,X,X,X,X,X,262:198:155:141:293:222:323:227:364:230:394:227
A,4310,143.762,-1,0,0,1,X,X,X,X,X,262:198:155:140:293:222:323:227:365:229:394:227
A,4311,143.794,-1,0,0,1,X,X,X,X,X,263:198:154:141:293:222:323:227:365:229:394:227
A,4312,143.826,-1,0,0,1,X,X,X,X,X,263:198:154:141:293:221:323:226:364:229:394:226
A,4313,143.858,-1,0,0,1,X,X,X,X,X,262:198:155:141:293:221:323:226:365:229:394:227
A,4314,143.891,-1,0,0,1,X,X,X,X,X,263:198:154:141:293:222:323:227:365:229:394:226
A,4315,143.922,-1,0,0,1,X,X,X,X,X,263:198:153:141:293:221:323:226:365:229:394:226
A,4316,143.954,-1,0,0,1,X,X,X,X,X,263:198:154:141:293:222:323:227:365:229:394:227
A,4317,144.002,-1,0,0,1,X,X,X,X,X,263:198:154:141:293:222:323:227:365:229:394:227
A,4318,144.034,-1,0,0,1,X,X,X,X,X,262:198:155:141:293:222:323:227:365:229:394:227
A,4319,144.066,-1,0,0,1,X,X,X,X,X,262:198:155:141:292:222:322:227:365:230:394:228
A,4320,144.098,-1,0,0,1,X,X,X,X,X,263:198:154:141:293:222:323:227:365:229:394:228
A,4321,144.131,-1,0,0,1,X,X,X,X,X,262:198:155:141:292:222:322:227:365:230:394:228
A,4322,144.162,-1,0,0,1,X,X,X,X,X,263:198:154:141:292:222:322:227:365:230:394:228
A,4323,144.195,-1,0,0,1,X,X,X,X,X,263:199:155:140:293:222:323:227:365:230:394:228
A,4324,144.226,-1,0,0,1,X,X,X,X,X,262:199:155:140:292:223:323:228:365:230:394:228
A,4325,144.258,-1,0,0,1,X,X,X,X,X,262:198:155:141:292:223:323:228:365:230:394:228
A,4326,144.291,-1,0,0,1,X,X,X,X,X,263:198:154:141:293:223:323:228:364:230:394:228
A,4327,144.322,-1,0,0,1,X,X,X,X,X,262:199:155:140:292:222:322:227:364:230:394:227
A,4328,144.354,-1,0,0,1,X,X,X,X,X,263:199:154:140:292:222:322:227:364:230:393:227
A,4329,144.402,-1,0,0,1,X,X,X,X,X,262:199:155:140:292:222:322:227:364:230:393:227
A,4330,144.434,-1,0,0,1,X,X,X,X,X,263:199:154:140:292:222:322:227:364:230:393:227
A,4331,144.466,-1,0,0,1,X,X,X,X,X,262:199:155:140:292:223:322:228:364:230:393:227
A,4332,144.498,-1,0,0,1,X,X,X,X,X,262:198:155:141:292:222:322:227:364:230:394:227
A,4333,144.531,-1,0,0,1,X,X,X,X,X,264:199:153:140:292:223:322:227:364:230:394:227
A,4334,144.562,-1,0,0,1,X,X,X,X,X,263:199:154:140:293:223:323:227:364:230:394:227
A,4335,144.594,-1,0,0,1,X,X,X,X,X,263:199:154:140:293:222:322:227:364:230:393:227
A,4336,144.626,-1,0,0,1,X,X,X,X,X,263:199:154:140:293:222:323:227:365:230:393:227
A,4337,144.658,-1,0,0,1,X,X,X,X,X,262:199:155:140:293:222:323:227:364:230:393:227
A,4338,144.69,-1,0,0,1,X,X,X,X,X,263:199:154:140:293:222:323:227:364:230:393:227
A,4339,144.722,-1,0,0,1,X,X,X,X,X,263:199:154:140:293:223:323:227:365:230:393:228
A,4340,144.754,-1,0,0,1,X,X,X,X,X,263:199:154:140:293:223:323:228:365:230:393:227
A,4341,144.786,-1,0,0,1,X,X,X,X,X,263:199:154:140:293:222:323:227:365:230:394:227
A,4342,144.834,-1,0,0,1,X,X,X,X,X,263:199:154:140:293:223:323:228:364:230:394:227
A,4343,144.866,-1,0,0,1,X,X,X,X,X,263:199:154:141:293:222:323:227:365:230:394:227
A,4344,144.898,-1,0,0,1,X,X,X,X,X,263:199:154:140:293:222:323:227:365:230:394:227
A,4345,144.931,-1,0,0,1,X,X,X,X,X,263:199:154:140:293:222:323:227:365:230:394:227
A,4346,144.962,-1,0,0,1,X,X,X,X,X,263:199:154:140:293:222:323:227:365:230:394:227
A,4347,144.994,-1,0,0,1,X,X,X,X,X,263:199:154:140:293:222:323:227:365:230:394:227
A,4348,145.026,-1,0,0,1,X,X,X,X,X,262:199:156:140:293:222:323:227:365:230:394:227
A,4349,145.058,-1,0,0,1,X,X,X,X,X,263:199:154:140:292:222:323:227:365:230:394:227
A,4350,145.091,-1,0,0,1,X,X,X,X,X,263:199:154:140:293:222:323:228:364:230:394:227
A,4351,145.122,-1,0,0,1,X,X,X,X,X,263:199:154:140:294:222:323:227:365:230:394:227
A,4352,145.154,-1,0,0,1,X,X,X,X,X,263:199:154:141:293:222:323:228:365:230:394:227
A,4353,145.186,-1,0,0,1,X,X,X,X,X,262:199:155:141:293:222:323:228:365:230:394:228
A,4354,145.234,-1,0,0,1,X,X,X,X,X,263:199:154:141:294:222:324:228:365:230:394:227
A,4355,145.266,-1,0,0,1,X,X,X,X,X,264:199:153:141:293:222:323:227:365:230:394:228
A,4356,145.298,-1,0,0,1,X,X,X,X,X,263:199:154:141:294:222:323:228:365:230:394:228
A,4357,145.331,-1,0,0,1,X,X,X,X,X,263:199:155:141:294:223:323:228:365:230:394:228
A,4358,145.362,-1,0,0,1,X,X,X,X,X,263:199:155:142:293:223:323:228:365:230:394:228
A,4359,145.394,-1,0,0,1,X,X,X,X,X,263:199:155:141:294:223:324:228:365:231:394:228
A,4360,145.426,-1,0,0,1,X,X,X,X,X,263:199:155:141:294:223:324:228:365:230:394:228
A,4361,145.458,-1,0,0,1,X,X,X,X,X,262:200:155:140:293:223:324:228:365:231:395:228
A,4362,145.491,-1,0,0,1,X,X,X,X,X,263:199:155:141:293:223:323:228:365:231:394:228
A,4363,145.522,-1,0,0,1,X,X,X,X,X,264:199:154:141:294:223:324:228:365:231:394:228
A,4364,145.554,-1,0,0,1,X,X,X,X,X,262:199:156:141:293:222:323:228:365:230:394:228
A,4365,145.586,-1,0,0,1,X,X,X,X,X,263:199:154:141:294:223:324:228:365:231:394:228
A,4366,145.618,-1,0,0,1,X,X,X,X,X,263:199:154:141:293:223:323:228:365:230:394:228
A,4367,145.666,-1,0,0,1,X,X,X,X,X,262:199:155:141:293:223:323:228:365:230:394:228
A,4368,145.698,-1,0,0,1,X,X,X,X,X,263:199:154:141:293:223:323:228:365:231:394:228
A,4369,145.73,-1,0,0,1,X,X,X,X,X,263:199:154:141:293:223:323:228:365:230:394:228
A,4370,145.762,-1,0,0,1,X,X,X,X,X,263:199:154:141:293:223:323:228:364:231:394:228
A,4371,145.794,-1,0,0,1,X,X,X,X,X,263:199:154:141:293:223:323:228:365:231:394:228
A,4372,145.826,-1,0,0,1,X,X,X,X,X,264:199:153:142:293:223:323:228:364:231:394:228
A,4373,145.858,-1,0,0,1,X,X,X,X,X,263:199:154:141:293:223:323:228:364:231:394:228
A,4374,145.891,-1,0,0,1,X,X,X,X,X,263:199:154:141:293:223:323:228:364:231:394:228
A,4375,145.922,-1,0,0,1,X,X,X,X,X,263:199:154:142:293:223:323:228:365:230:394:228
A,4376,145.954,-1,0,0,1,X,X,X,X,X,262:199:155:141:293:223:323:228:365:230:394:228
A,4377,145.986,-1,0,0,1,X,X,X,X,X,263:199:154:141:293:223:323:228:365:230:394:228
A,4378,146.018,-1,0,0,1,X,X,X,X,X,262:199:155:141:293:222:323:228:365:230:394:228
A,4379,146.066,-1,0,0,1,X,X,X,X,X,263:199:154:141:293:222:323:227:365:230:394:227
A,4380,146.098,-1,0,0,1,X,X,X,X,X,263:199:154:141:294:222:323:227:365:230:394:227
A,4381,146.13,-1,0,0,1,X,X,X,X,X,263:199:154:141:294:222:323:227:365:230:394:227
A,4382,146.162,-1,0,0,1,X,X,X,X,X,263:199:154:141:293:222:323:227:365:230:395:227
A,4383,146.194,-1,0,0,1,X,X,X,X,X,264:199:153:141:293:222:323:227:365:230:394:227
A,4384,146.226,-1,0,0,1,X,X,X,X,X,263:199:154:141:293:222:323:227:365:230:394:227
A,4385,146.258,-1,0,0,1,X,X,X,X,X,264:199:153:141:293:222:323:227:365:230:394:228
A,4386,146.291,-1,0,0,1,X,X,X,X,X,263:199:154:141:294:222:323:227:365:230:394:227
A,4387,146.322,-1,0,0,1,X,X,X,X,X,263:199:154:141:293:222:323:228:365:230:394:227
A,4388,146.354,-1,0,0,1,X,X,X,X,X,263:199:154:140:293:222:323:227:365:230:394:227
A,4389,146.386,-1,0,0,1,X,X,X,X,X,262:199:155:141:293:222:323:227:365:230:394:227
A,4390,146.418,-1,0,0,1,X,X,X,X,X,263:199:154:141:293:222:323:227:364:230:394:227
A,4391,146.466,-1,0,0,1,X,X,X,X,X,263:199:154:141:292:222:323:227:364:230:395:227
A,4392,146.498,-1,0,0,1,X,X,X,X,X,262:199:155:141:293:222:323:227:365:230:394:227
A,4393,146.53,-1,0,0,1,X,X,X,X,X,263:199:154:141:293:222:323:227:365:230:394:227
A,4394,146.562,-1,0,0,1,X,X,X,X,X,263:199:155:141:293:222:323:227:365:230:394:227
A,4395,146.594,38,1,0,1,X,X,X,X,X,263:199:154:141:292:223:322:228:365:230:395:228
A,4396,146.626,38,1,1,1,X,C,X,C,X,263:198:155:142:293:224:323:228:364:232:394:230
A,4397,146.658,38,1,1,1,X,C,X,C,X,263:198:155:143:293:225:323:229:364:232:394:230
A,4398,146.691,38,1,1,1,X,C,X,C,X,263:198:155:143:292:225:323:230:363:233:394:231
A,4399,146.722,38,1,1,1,X,C,X,C,X,263:198:155:142:293:224:323:229:364:232:394:231
A,4400,146.754,38,1,1,1,X,C,X,C,X,263:198:155:142:292:223:323:228:364:231:395:230
A,4401,146.786,38,1,0,1,X,X,X,X,X,262:198:156:143:292:223:323:227:365:230:395:229
A,4402,146.818,38,1,0,1,X,X,X,X,X,263:198:155:143:293:223:323:227:365:230:396:229
A,4403,146.85,38,1,0,1,X,X,X,X,X,263:197:154:144:293:222:323:227:365:230:395:228
A,4404,146.898,38,1,0,1,X,X,X,X,X,262:198:156:143:292:222:323:227:365:230:395:227
A,4405,146.93,38,1,0,1,X,X,X,X,X,263:198:154:143:293:222:323:227:365:230:395:228
A,4406,146.962,38,1,0,1,X,X,X,X,X,264:198:153:142:293:222:323:227:365:230:394:227
A,4407,146.994,-1,0,0,1,X,X,X,X,X,263:198:154:143:293:222:323:227:365:230:395:227
A,4408,147.026,-1,0,0,1,X,X,X,X,X,262:198:155:142:293:222:323:227:365:230:395:227
A,4409,147.058,-1,0,0,1,X,X,X,X,X,263:199:154:142:294:222:323:227:365:230:394:227
A,4410,147.09,-1,0,0,1,X,X,X,X,X,263:198:154:143:293:222:323:227:365:230:394:228
A,4411,147.122,-1,0,0,1,X,X,X,X,X,263:198:154:142:293:222:323:227:365:230:395:227
A,4412,147.154,-1,0,0,1,X,X,X,X,X,263:198:154:142:293:222:323:227:365:230:394:228
A,4413,147.186,-1,0,0,1,X,X,X,X,X,263:198:154:143:293:222:323:227:365:230:394:227
A,4414,147.218,-1,0,0,1,X,X,X,X,X,262:198:155:142:293:222:323:227:365:230:395:227
A,4415,147.25,-1,0,0,1,X,X,X,X,X,263:199:154:141:294:222:324:227:365:230:394:227
A,4416,147.298,-1,0,0,1,X,X,X,X,X,264:198:153:143:293:222:323:227:365:230:394:227
A,4417,147.33,-1,0,0,1,X,X,X,X,X,263:198:154:143:293:222:323:227:365:230:394:227
A,4418,147.362,-1,0,0,1,X,X,X,X,X,263:199:155:142:293:222:324:227:365:230:394:227
A,4419,147.394,-1,0,0,1,X,X,X,X,X,263:198:154:142:293:222:323:227:365:230:395:227
A,4420,147.426,-1,0,0,1,X,X,X,X,X,263:198:154:142:294:222:324:227:365:230:394:227
A,4421,147.458,-1,0,0,1,X,X,X,X,X,263:198:155:142:293:222:323:227:365:230:394:227
A,4422,147.49,-1,0,0,1,X,X,X,X,X,263:198:154:142:293:222:323:227:365:230:394:227
A,4423,147.522,-1,0,0,1,X,X,X,X,X,263:198:154:141:293:222:323:227:364:230:394:227
A,4424,147.554,-1,0,0,1,X,X,X,X,X,263:198:155:142:294:222:323:227:365:230:394:228
A,4425,147.586,-1,0,0,1,X,X,X,X,X,263:198:155:142:293:222:323:227:365:230:394:228
A,4426,147.618,-1,0,0,1,X,X,X,X,X,263:198:154:142:293:222:323:227:365:230:394:228
A,4427,147.65,-1,0,0,1,X,X,X,X,X,263:198:154:142:293:223:323:227:364:230:395:227
A,4428,147.698,-1,0,0,1,X,X,X,X,X,263:198:154:142:293:223:323:227:364:230:395:227
A,4429,147.73,-1,0,0,1,X,X,X,X,X,263:198:154:142:293:222:323:227:365:230:394:227
A,4430,147.762,-1,0,0,1,X,X,X,X,X,263:198:155:142:293:222:323:227:365:229:394:227
A,4431,147.794,-1,0,0,1,X,X,X,X,X,262:198:155:142:292:222:322:227:364:229:394:227
A,4432,147.826,-1,0,0,1,X,X,X,X,X,263:198:154:141:292:222:322:227:364:229:394:227
A,4433,147.858,-1,0,0,1,X,X,X,X,X,262:198:155:141:293:222:323:227:364:229:394:226
A,4434,147.89,-1,0,0,1,X,X,X,X,X,263:198:154:141:293:222:323:227:364:229:394:226
A,4435,147.922,-1,0,0,1,X,X,X,X,X,263:198:154:141:293:222:323:227:364:229:394:226
A,4436,147.954,-1,0,0,1,X,X,X,X,X,263:198:154:141:293:222:323:227:364:229:393:226
A,4437,147.986,-1,0,0,1,X,X,X,X,X,263:198:154:142:293:222:322:227:365:229:394:226
A,4438,148.018,-1,0,0,1,X,X,X,X,X,263:197:154:142:293:221:322:226:364:228:393:226
A,4439,148.05,-1,0,0,1,X,X,X,X,X,263:197:155:142:293:221:322:226:364:228:393:226
A,4440,148.082,-1,0,0,1,X,X,X,X,X,264:197:153:142:292:221:322:226:364:228:393:226
A,4441,148.13,-1,0,0,1,X,X,X,X,X,263:197:154:142:292:221:322:226:364:228:393:225
A,4442,148.162,-1,0,0,1,X,X,X,X,X,263:197:154:142:292:221:322:226:364:228:393:225
A,4443,148.194,-1,0,0,1,X,X,X,X,X,262:197:155:142:293:221:322:226:364:228:392:225
A,4444,148.226,-1,0,0,1,X,X,X,X,X,263:197:154:141:292:221:322:225:364:228:393:225
A,4445,148.258,-1,0,0,1,X,X,X,X,X,262:197:155:141:292:221:322:225:363:227:392:225
A,4446,148.29,-1,0,0,1,X,X,X,X,X,263:197:154:141:293:221:322:225:364:227:392:225
A,4447,148.322,-1,0,0,1,X,X,X,X,X,263:196:154:142:292:220:322:225:363:227:392:225
A,4448,148.354,-1,0,0,1,X,X,X,X,X,262:197:155:141:292:220:322:225:363:227:392:225
A,4449,148.386,-1,0,0,1,X,X,X,X,X,262:197:154:141:292:221:322:225:363:227:392:225
A,4450,148.418,-1,0,0,1,X,X,X,X,X,262:196:155:142:292:220:322:225:363:227:392:225
A,4451,148.45,-1,0,0,1,X,X,X,X,X,262:197:154:141:292:221:321:225:363:227:392:225
A,4452,148.482,-1,0,0,1,X,X,X,X,X,262:197:154:142:292:221:321:226:363:228:392:225
A,4453,148.53,-1,0,0,1,X,X,X,X,X,262:197:154:141:291:221:321:225:363:227:392:225
A,4454,148.562,-1,0,0,1,X,X,X,X,X,262:197:154:142:292:221:321:226:363:228:392:225
A,4455,148.594,-1,0,0,1,X,X,X,X,X,262:197:154:142:291:221:321:226:363:228:393:225
A,4456,148.626,-1,0,0,1,X,X,X,X,X,262:197:154:141:292:221:321:226:363:228:392:225
A,4457,148.658,-1,0,0,1,X,X,X,X,X,262:197:155:141:291:221:321:226:363:228:392:225
A,4458,148.69,-1,0,0,1,X,X,X,X,X,261:197:155:141:291:221:321:226:363:228:392:225
A,4459,148.722,-1,0,0,1,X,X,X,X,X,262:197:154:142:292:221:321:226:363:228:392:225
A,4460,148.754,-1,0,0,1,X,X,X,X,X,262:196:154:142:291:221:321:226:363:228:392:225
A,4461,148.786,-1,0,0,1,X,X,X,X,X,261:197:155:142:291:221:321:226:362:228:392:226
A,4462,148.818,-1,0,0,1,X,X,X,X,X,262:196:154:142:291:221:321:226:363:228:392:225
A,4463,148.85,-1,0,0,1,X,X,X,X,X,261:197:155:142:291:221:321:226:362:228:392:226
A,4464,148.882,-1,0,0,1,X,X,X,X,X,261:197:155:142:291:221:321:226:362:228:392:225
A,4465,148.93,-1,0,0,1,X,X,X,X,X,261:197:155:142:291:221:321:226:362:228:392:226
A,4466,148.962,-1,0,0,1,X,X,X,X,X,261:197:155:142:290:221:320:226:362:228:392:225
A,4467,148.994,-1,0,0,1,X,X,X,X,X,261:197:155:142:290:221:320:226:362:228:392:225
A,4468,149.026,-1,0,0,1,X,X,X,X,X,261:197:155:142:290:221:320:226:362:228:391:226
A,4469,149.058,-1,0,0,1,X,X,X,X,X,260:197:156:142:290:221:320:226:361:228:391:226
A,4470,149.09,-1,0,0,1,X,X,X,X,X,261:197:154:142:290:221:320:226:361:228:391:226
A,4471,149.122,-1,0,0,1,X,X,X,X,X,261:197:154:142:291:221:320:226:361:228:391:226
A,4472,149.154,-1,0,0,1,X,X,X,X,X,261:197:155:143:290:221:320:226:362:228:391:226
A,4473,149.186,-1,0,0,1,X,X,X,X,X,261:197:155:142:290:221:320:226:362:228:391:226
A,4474,149.218,-1,0,0,1,X,X,X,X,X,261:197:155:142:291:221:320:226:362:228:391:226
A,4475,149.25,-1,0,0,1,X,X,X,X,X,261:197:155:142:291:221:320:226:362:229:391:226
A,4476,149.282,-1,0,0,1,X,X,X,X,X,261:197:155:142:291:222:320:226:362:228:391:226
A,4477,149.314,-1,0,0,1,X,X,X,X,X,261:198:155:141:291:222:321:226:362:229:391:226
A,4478,149.362,-1,0,0,1,X,X,X,X,X,262:197:154:143:292:222:321:227:362:229:391:226
A,4479,149.394,-1,0,0,1,X,X,X,X,X,261:197:156:143:291:222:320:226:362:228:391:226
A,4480,149.426,-1,0,0,1,X,X,X,X,X,261:197:156:142:291:221:320:226:362:229:391:226
A,4481,149.458,-1,0,0,1,X,X,X,X,X,261:197:156:142:291:222:320:227:361:229:391:226
A,4482,149.49,-1,0,0,1,X,X,X,X,X,261:197:156:143:291:222:321:227:362:229:391:226
A,4483,149.522,39,1,0,1,X,X,X,X,X,261:197:156:143:290:223:320:227:362:229:392:227
A,4484,149.554,39,1,1,1,X,C,X,C,X,261:197:156:143:291:224:321:228:362:230:392:228
A,4485,149.586,39,1,1,1,X,C,X,C,X,262:196:154:143:290:224:321:227:361:229:392:228
A,4486,149.618,39,1,1,1,X,C,X,C,X,261:195:155:144:290:222:321:226:363:228:393:227
A,4487,149.65,39,1,0,1,X,X,X,X,X,260:193:156:145:289:219:320:223:363:226:393:224
A,4488,149.682,39,1,0,1,X,X,X,X,X,261:191:155:145:290:217:320:221:361:223:392:222
A,4489,149.714,-1,0,0,1,X,X,X,X,X,260:189:156:146:289:215:319:219:361:221:391:219
A,4490,149.762,-1,0,0,1,X,X,X,X,X,260:186:155:148:289:213:318:217:360:219:389:218
A,4491,149.794,-1,0,0,1,X,X,X,X,X,260:183:155:150:288:211:318:214:360:216:389:215
A,4492,149.826,-1,0,0,1,X,X,X,X,X,260:180:155:151:288:208:318:212:359:214:389:213
A,4493,149.858,-1,0,0,1,X,X,X,X,X,260:178:155:152:287:207:317:210:359:211:389:210
A,4494,149.89,-1,0,0,1,X,X,X,X,X,261:176:153:152:287:206:317:208:359:210:389:209
A,4495,149.922,-1,0,0,1,X,X,X,X,X,260:175:154:153:287:204:316:207:358:208:389:208
A,4496,149.954,-1,0,0,1,X,X,X,X,X,259:173:155:154:286:204:316:206:358:207:388:207
A,4497,149.986,-1,0,0,1,X,X,X,X,X,260:173:153:153:286:203:316:205:357:206:388:206
A,4498,150.018,-1,0,0,1,X,X,X,X,X,257:172:156:154:286:203:315:205:356:206:386:206
A,4499,150.05,-1,0,0,1,X,X,X,X,X,259:172:154:153:285:203:315:204:356:205:387:204
A,4500,150.082,-1,0,0,1,X,X,X,X,X,258:172:154:153:285:203:314:204:356:205:387:204
A,4501,150.114,-1,0,0,1,X,X,X,X,X,258:172:154:153:284:203:314:204:356:205:386:204
A,4502,150.146,-1,0,0,1,X,X,X,X,X,257:171:154:153:284:203:314:204:355:204:385:204
A,4503,150.194,-1,0,0,1,X,X,X,X,X,258:172:153:152:284:203:314:204:356:204:386:203
A,4504,150.226,-1,0,0,1,X,X,X,X,X,258:172:153:151:284:203:314:204:355:204:386:203
A,4505,150.258,-1,0,0,1,X,X,X,X,X,258:173:153:149:283:204:314:204:355:204:386:202
A,4506,150.29,-1,0,0,1,X,X,X,X,X,255:172:155:151:283:204:313:204:355:204:385:202
A,4507,150.322,-1,0,0,1,X,X,X,X,X,258:172:153:150:284:204:313:204:355:204:385:202
A,4508,150.354,-1,0,0,1,X,X,X,X,X,257:173:152:148:283:205:313:205:354:204:384:202
A,4509,150.387,-1,0,0,1,X,X,X,X,X,257:174:152:147:284:205:313:206:354:205:383:202
A,4510,150.418,-1,0,0,1,X,X,X,X,X,258:175:151:147:283:206:313:207:354:206:383:203
A,4511,150.45,-1,0,0,1,X,X,X,X,X,256:176:151:146:284:207:313:208:353:206:382:203
A,4512,150.482,-1,0,0,1,X,X,X,X,X,257:177:150:144:283:208:312:209:353:207:382:204
A,4513,150.514,-1,0,0,1,X,X,X,X,X,258:177:147:144:283:208:313:209:352:208:381:205
A,4514,150.546,-1,0,0,1,X,X,X,X,X,257:178:148:143:283:209:312:210:352:208:381:205
A,4515,150.594,-1,0,0,1,X,X,X,X,X,257:178:147:144:282:209:311:210:351:209:380:206
A,4516,150.626,-1,0,0,1,X,X,X,X,X,257:178:147:144:283:210:311:211:350:209:379:206
A,4517,150.658,-1,0,0,1,X,X,X,X,X,256:180:148:142:282:210:311:211:351:209:379:206
A,4518,150.69,-1,0,0,1,X,X,X,X,X,255:180:149:142:281:210:310:211:350:210:379:206
A,4519,150.722,-1,0,0,1,X,X,X,X,X,256:181:148:141:282:211:310:212:350:211:379:207
A,4520,150.754,-1,0,0,1,X,X,X,X,X,256:181:148:141:282:211:311:212:351:211:380:207
A,4521,150.786,-1,0,0,1,X,X,X,X,X,255:182:148:141:282:212:311:213:351:211:380:208
A,4522,150.818,-1,0,0,1,X,X,X,X,X,256:182:147:141:282:212:310:213:350:212:378:209
A,4523,150.85,-1,0,0,1,X,X,X,X,X,255:183:148:141:282:213:311:214:350:212:379:209
A,4524,150.882,-1,0,0,1,X,X,X,X,X,255:183:149:141:281:213:310:214:351:213:380:209
A,4525,150.914,-1,0,0,1,X,X,X,X,X,255:183:149:143:282:213:311:214:350:213:379:209
A,4526,150.946,-1,0,0,1,X,X,X,X,X,256:184:147:142:282:213:310:215:351:214:379:210
A,4527,150.994,-1,0,0,1,X,X,X,X,X,255:184:149:141:282:214:311:215:351:214:379:210
A,4528,151.026,-1,0,0,1,X,X,X,X,X,255:185:148:141:282:214:310:216:350:214:378:210
A,4529,151.058,-1,0,0,1,X,X,X,X,X,257:185:146:141:282:215:311:216:350:215:379:211
A,4530,151.09,-1,0,0,1,X,X,X,X,X,255:185:148:142:282:214:310:216:351:215:379:211
A,4531,151.122,-1,0,0,1,X,X,X,X,X,255:186:149:140:282:215:310:217:350:215:378:211
A,4532,151.154,-1,0,0,1,X,X,X,X,X,255:186:148:141:282:215:310:216:351:215:379:211
A,4533,151.186,-1,0,0,1,X,X,X,X,X,256:186:147:141:282:215:310:217:351:216:379:212
A,4534,151.218,-1,0,0,1,X,X,X,X,X,255:186:149:141:282:215:310:217:351:216:379:212
A,4535,151.25,-1,0,0,1,X,X,X,X,X,256:187:147:141:282:215:310:217:350:216:379:212
A,4536,151.282,-1,0,0,1,X,X,X,X,X,256:187:148:141:282:216:311:218:350:217:379:213
A,4537,151.314,-1,0,0,1,X,X,X,X,X,257:187:148:141:282:216:311:218:351:217:380:213
A,4538,151.346,-1,0,0,1,X,X,X,X,X,256:188:148:141:283:216:311:218:351:217:379:214
A,4539,151.378,-1,0,0,1,X,X,X,X,X,256:188:149:140:283:216:311:218:351:217:380:213
A,4540,151.426,-1,0,0,1,X,X,X,X,X,256:188:148:141:283:216:311:218:351:217:379:214
A,4541,151.462,-1,0,0,1,X,X,X,X,X,256:189:149:140:283:217:311:218:351:217:379:214
A,4542,151.516,-1,0,0,1,X,X,X,X,X,257:188:149:141:284:216:312:218:351:217:380:214
A,4543,151.526,-1,0,0,1,X,X,X,X,X,257:188:148:141:283:216:311:218:351:217:380:214
A,4544,151.554,-1,0,0,1,X,X,X,X,X,256:189:149:140:283:217:312:219:351:218:380:214
A,4545,151.587,-1,0,0,1,X,X,X,X,X,256:189:149:140:283:216:312:219:352:218:381:214
A,4546,151.618,-1,0,0,1,X,X,X,X,X,257:189:147:140:283:217:312:219:351:218:380:214
A,4547,151.65,-1,0,0,1,X,X,X,X,X,256:190:149:139:283:217:312:219:351:218:380:214
A,4548,151.682,-1,0,0,1,X,X,X,X,X,256:189:148:140:283:217:312:219:351:218:380:215
A,4549,151.714,-1,0,0,1,X,X,X,X,X,256:190:148:139:282:217:311:219:351:218:380:215
A,4550,151.746,-1,0,0,1,X,X,X,X,X,256:189:149:141:282:217:311:219:351:218:380:214
A,4551,151.778,-1,0,0,1,X,X,X,X,X,257:191:148:138:283:217:312:219:350:218:379:215
A,4552,151.826,-1,0,0,1,X,X,X,X,X,256:190:149:139:283:217:311:219:351:218:380:214
A,4553,151.858,-1,0,0,1,X,X,X,X,X,257:189:148:141:283:217:312:220:351:218:380:214
A,4554,151.89,-1,0,0,1,X,X,X,X,X,256:190:149:140:283:218:311:220:352:219:380:215
A,4555,151.922,-1,0,0,1,X,X,X,X,X,257:190:148:140:282:218:311:219:352:219:380:215
A,4556,151.954,-1,0,0,1,X,X,X,X,X,255:189:150:141:283:218:312:220:351:219:380:215
A,4557,151.986,-1,0,0,1,X,X,X,X,X,257:191:149:139:283:218:312:220:352:219:381:215
A,4558,152.018,-1,0,0,1,X,X,X,X,X,256:190:150:140:283:218:312:220:352:219:381:216
A,4559,152.05,-1,0,0,1,X,X,X,X,X,257:191:148:139:283:218:312:220:352:219:381:216
A,4560,152.082,-1,0,0,1,X,X,X,X,X,258:191:148:139:283:218:312:220:352:219:382:216
A,4561,152.114,-1,0,0,1,X,X,X,X,X,257:190:149:140:284:218:313:220:353:219:381:216
A,4562,152.146,-1,0,0,1,X,X,X,X,X,258:191:150:139:284:218:313:220:352:219:382:216
A,4563,152.178,-1,0,0,1,X,X,X,X,X,257:190:149:141:284:218:312:220:352:219:381:216
A,4564,152.226,-1,0,0,1,X,X,X,X,X,256:191:150:140:285:218:313:220:353:219:381:216
A,4565,152.258,-1,0,0,1,X,X,X,X,X,257:191:150:140:284:218:313:220:353:219:382:216
A,4566,152.29,-1,0,0,1,X,X,X,X,X,257:191:150:141:284:218:313:220:353:220:382:216
A,4567,152.322,-1,0,0,1,X,X,X,X,X,256:191:153:141:285:218:313:220:353:220:382:216
A,4568,152.354,-1,0,0,1,X,X,X,X,X,256:192:151:140:284:217:313:220:353:219:382:216
A,4569,152.386,-1,0,0,1,X,X,X,X,X,257:191:149:141:284:218:313:220:353:219:382:216
A,4570,152.418,-1,0,0,1,X,X,X,X,X,256:192:151:140:285:218:313:220:354:219:382:216
A,4571,152.45,-1,0,0,1,X,X,X,X,X,257:191:150:141:285:218:313:220:354:220:383:217
A,4572,152.482,-1,0,0,1,X,X,X,X,X,257:191:151:141:285:218:313:220:354:220:383:217
A,4573,152.514,-1,0,0,1,X,X,X,X,X,257:192:153:140:285:218:314:220:354:220:383:216
A,4574,152.546,-1,0,0,1,X,X,X,X,X,258:192:149:140:285:218:313:220:354:220:383:216
A,4575,152.578,-1,0,0,1,X,X,X,X,X,257:191:150:141:284:218:313:220:354:220:383:217
A,4576,152.61,-1,0,0,1,X,X,X,X,X,257:192:150:140:285:218:314:221:354:221:383:217
A,4577,152.658,-1,0,0,1,X,X,X,X,X,257:193:151:139:284:218:313:221:354:220:384:217
A,4578,152.69,-1,0,0,1,X,X,X,X,X,257:192:150:140:285:218:314:221:354:220:383:217
A,4579,152.722,-1,0,0,1,X,X,X,X,X,257:193:151:139:285:218:314:221:355:221:383:217
A,4580,152.754,-1,0,0,1,X,X,X,X,X,257:192:151:140:285:218:314:221:355:221:384:217
A,4581,152.786,-1,0,0,1,X,X,X,X,X,257:192:151:140:285:218:314:221:355:221:383:217
A,4582,152.818,-1,0,0,1,X,X,X,X,X,257:192:151:140:285:218:314:221:355:221:384:217
A,4583,152.85,-1,0,0,1,X,X,X,X,X,257:192:151:140:285:219:314:221:354:221:383:217
A,4584,152.882,-1,0,0,1,X,X,X,X,X,257:193:151:139:285:219:314:221:355:221:384:217
A,4585,152.914,-1,0,0,1,X,X,X,X,X,258:193:149:139:285:218:314:221:355:221:383:217
A,4586,152.946,-1,0,0,1,X,X,X,X,X,257:192:151:140:285:218:314:221:355:221:383:217
A,4587,152.978,-1,0,0,1,X,X,X,X,X,257:193:151:139:285:218:314:221:355:221:383:217
A,4588,153.01,-1,0,0,1,X,X,X,X,X,257:193:151:139:284:218:314:221:354:221:384:217
A,4589,153.058,-1,0,0,1,X,X,X,X,X,256:193:152:139:285:218:314:221:355:220:384:217
A,4590,153.09,-1,0,0,1,X,X,X,X,X,258:193:150:139:285:218:314:221:355:221:383:217
A,4591,153.122,-1,0,0,1,X,X,X,X,X,257:193:151:139:285:218:314:221:355:221:383:217
A,4592,153.154,-1,0,0,1,X,X,X,X,X,257:193:151:140:285:218:314:221:355:221:384:217
A,4593,153.186,-1,0,0,1,X,X,X,X,X,257:193:151:139:285:218:314:221:355:221:384:217
A,4594,153.218,-1,0,0,1,X,X,X,X,X,259:193:149:140:286:218:314:221:355:221:383:218
A,4595,153.25,-1,0,0,1,X,X,X,X,X,259:194:150:139:285:218:314:221:355:221:384:218
A,4596,153.282,-1,0,0,1,X,X,X,X,X,258:193:150:140:285:218:314:221:355:221:383:218
A,4597,153.314,-1,0,0,1,X,X,X,X,X,259:193:149:140:285:218:314:221:354:221:383:217
A,4598,153.346,-1,0,0,1,X,X,X,X,X,258:194:150:139:285:218:314:222:355:221:384:217
A,4599,153.378,-1,0,0,1,X,X,X,X,X,258:194:150:139:286:219:314:222:355:221:383:218
A,4600,153.41,-1,0,0,1,X,X,X,X,X,258:194:150:139:286:219:314:222:355:221:383:218
A,4601,153.458,-1,0,0,1,X,X,X,X,X,257:194:152:139:285:219:314:222:355:221:383:218
A,4602,153.49,-1,0,0,1,X,X,X,X,X,258:194:150:139:285:219:314:222:354:222:384:218
A,4603,153.522,-1,0,0,1,X,X,X,X,X,257:194:151:139:285:219:314:222:354:222:383:218
A,4604,153.554,-1,0,0,1,X,X,X,X,X,258:194:151:139:285:219:314:222:354:221:384:218
A,4605,153.594,-1,0,0,1,X,X,X,X,X,258:194:150:139:285:219:314:222:355:222:384:218
A,4606,153.618,-1,0,0,1,X,X,X,X,X,257:194:152:139:284:219:313:222:354:222:383:218
A,4607,153.65,-1,0,0,1,X,X,X,X,X,257:194:152:139:284:219:313:222:354:222:383:218
A,4608,153.682,-1,0,0,1,X,X,X,X,X,257:194:151:140:284:219:313:222:354:222:383:218
A,4609,153.714,-1,0,0,1,X,X,X,X,X,258:194:151:139:285:219:313:222:354:222:383:218
A,4610,153.746,-1,0,0,1,X,X,X,X,X,258:195:150:138:285:219:314:222:354:222:383:218
A,4611,153.778,-1,0,0,1,X,X,X,X,X,259:195:151:138:285:219:313:222:354:222:383:218
A,4612,153.81,-1,0,0,1,X,X,X,X,X,257:194:152:140:284:219:313:222:354:222:383:218
A,4613,153.842,-1,0,0,1,X,X,X,X,X,258:194:151:139:285:219:313:222:354:222:383:218
A,4614,153.89,-1,0,0,1,X,X,X,X,X,257:195:151:138:284:219:313:222:354:222:383:218
A,4615,153.922,-1,0,0,1,X,X,X,X,X,258:195:151:138:285:219:313:222:354:222:383:218
A,4616,153.954,-1,0,0,1,X,X,X,X,X,258:195:151:138:285:219:314:222:354:222:383:218
A,4617,153.986,-1,0,0,1,X,X,X,X,X,259:195:150:138:285:219:314:223:354:223:384:218
A,4618,154.018,-1,0,0,1,X,X,X,X,X,259:195:149:138:286:220:314:223:355:222:383:218
A,4619,154.05,-1,0,0,1,X,X,X,X,X,259:195:150:139:285:220:314:223:355:222:384:219
A,4620,154.082,-1,0,0,1,X,X,X,X,X,258:195:150:138:285:220:314:223:354:223:384:219
A,4621,154.114,-1,0,0,1,X,X,X,X,X,259:195:150:139:286:220:314:223:355:223:384:219
A,4622,154.146,-1,0,0,1,X,X,X,X,X,258:195:152:139:286:220:314:223:355:223:384:219
A,4623,154.178,-1,0,0,1,X,X,X,X,X,259:195:151:138:286:220:314:223:355:223:384:219
A,4624,154.21,40,1,0,1,X,X,X,X,X,260:195:149:139:285:220:314:223:355:223:385:220
A,4625,154.242,40,1,1,1,X,C,X,C,X,258:195:151:138:285:221:315:224:355:224:386:221
A,4626,154.29,40,1,0,1,X,X,X,C,X,257:195:153:139:285:221:315:223:356:223:386:221
A,4627,154.322,40,1,0,1,X,X,X,X,X,258:195:152:139:286:220:315:223:357:223:386:220
A,4628,154.354,40,1,0,1,X,X,X,X,X,259:195:150:139:286:221:315:223:356:224:386:221
A,4629,154.386,40,1,0,1,X,X,X,X,X,259:195:150:139:287:220:315:223:356:223:385:220
A,4630,154.418,40,1,0,1,X,X,X,X,X,258:194:151:139:287:219:315:222:356:223:384:219
A,4631,154.45,40,1,0,1,X,X,X,X,X,258:196:151:137:287:219:315:222:356:222:385:218
A,4632,154.482,-1,0,0,1,X,X,X,X,X,259:195:150:138:286:220:315:223:355:222:384:219
A,4633,154.514,-1,0,0,1,X,X,X,X,X,259:195:151:139:287:219:315:222:356:222:384:219
A,4634,154.546,-1,0,0,1,X,X,X,X,X,258:195:151:139:286:219:315:222:355:222:384:219
A,4635,154.578,-1,0,0,1,X,X,X,X,X,258:195:151:139:286:219:315:222:355:222:384:219
A,4636,154.61,-1,0,0,1,X,X,X,X,X,258:195:151:138:286:219:315:222:355:222:384:218
A,4637,154.642,-1,0,0,1,X,X,X,X,X,259:195:153:138:287:219:315:222:355:222:383:219
A,4638,154.69,-1,0,0,1,X,X,X,X,X,259:195:150:138:286:219:315:222:355:222:384:219
A,4639,154.722,-1,0,0,1,X,X,X,X,X,259:194:150:139:286:219:315:222:355:222:384:218
A,4640,154.754,-1,0,0,1,X,X,X,X,X,258:195:151:139:286:219:314:222:355:222:384:218
A,4641,154.786,-1,0,0,1,X,X,X,X,X,259:195:150:138:286:219:315:222:355:222:384:218
A,4642,154.818,-1,0,0,1,X,X,X,X,X,259:195:150:138:286:219:315:222:355:222:384:218
A,4643,154.85,-1,0,0,1,X,X,X,X,X,257:195:153:138:286:219:315:222:356:222:384:218
A,4644,154.882,-1,0,0,1,X,X,X,X,X,258:194:151:139:286:219:315:222:355:222:384:218
A,4645,154.914,-1,0,0,1,X,X,X,X,X,259:195:150:138:286:219:314:222:356:222:384:219
A,4646,154.946,-1,0,0,1,X,X,X,X,X,259:194:151:139:286:219:315:223:355:223:384:219
A,4647,154.978,-1,0,0,1,X,X,X,X,X,259:194:151:139:286:219:315:223:355:223:384:219
A,4648,155.01,-1,0,0,1,X,X,X,X,X,259:195:150:138:286:219:315:223:355:223:384:219
A,4649,155.042,-1,0,0,1,X,X,X,X,X,258:196:151:138:286:220:314:223:355:223:384:219
A,4650,155.074,-1,0,0,1,X,X,X,X,X,259:195:151:139:286:219:314:223:355:223:383:219
A,4651,155.122,-1,0,0,1,X,X,X,X,X,257:195:151:138:286:219:314:223:354:223:383:219
A,4652,155.154,-1,0,0,1,X,X,X,X,X,257:195:151:138:285:220:314:223:354:223:383:219
A,4653,155.186,-1,0,0,1,X,X,X,X,X,258:196:151:138:285:220:314:223:354:223:383:219
A,4654,155.218,-1,0,0,1,X,X,X,X,X,258:196:152:138:285:220:314:223:354:223:383:219
A,4655,155.25,-1,0,0,1,X,X,X,X,X,258:196:151:138:285:220:314:223:354:223:383:219
A,4656,155.282,-1,0,0,1,X,X,X,X,X,258:196:152:138:285:220:314:223:354:223:383:219
A,4657,155.314,-1,0,0,1,X,X,X,X,X,258:196:151:138:284:220:314:224:354:224:384:220
A,4658,155.346,-1,0,0,1,X,X,X,X,X,258:196:151:137:285:220:313:224:354:223:383:219
A,4659,155.378,-1,0,0,1,X,X,X,X,X,257:196:152:138:285:220:313:224:354:224:383:219
A,4660,155.41,-1,0,0,1,X,X,X,X,X,257:196:152:138:286:220:314:223:354:224:383:220
A,4661,155.442,-1,0,0,1,X,X,X,X,X,258:196:151:138:286:220:314:223:355:224:384:220
A,4662,155.474,-1,0,0,1,X,X,X,X,X,257:196:152:137:285:221:314:223:354:223:384:220
A,4663,155.522,-1,0,0,1,X,X,X,X,X,258:196:151:138:286:220:314:223:355:223:384:219
A,4664,155.554,-1,0,0,1,X,X,X,X,X,258:197:151:137:286:221:314:224:355:224:384:220
A,4665,155.586,-1,0,0,1,X,X,X,X,X,258:197:151:137:286:221:314:224:355:224:384:220
A,4666,155.618,-1,0,0,1,X,X,X,X,X,258:197:151:137:286:221:314:224:355:224:383:220
A,4667,155.65,-1,0,0,1,X,X,X,X,X,258:197:152:137:286:221:314:224:355:224:383:220
A,4668,155.682,-1,0,0,1,X,X,X,X,X,257:196:152:138:286:221:314:224:355:224:383:220
A,4669,155.714,-1,0,0,1,X,X,X,X,X,258:197:151:137:285:221:314:224:355:224:384:220
A,4670,155.746,-1,0,0,1,X,X,X,X,X,257:197:152:137:286:220:314:224:355:224:384:220
A,4671,155.778,-1,0,0,1,X,X,X,X,X,256:196:154:139:285:221:314:224:355:224:384:220
A,4672,155.81,-1,0,0,1,X,X,X,X,X,258:197:151:137:286:220:314:224:355:224:384:220
A,4673,155.842,-1,0,0,1,X,X,X,X,X,259:197:150:137:286:220:314:224:355:224:384:220
A,4674,155.874,-1,0,0,1,X,X,X,X,X,259:196:150:138:286:220:314:223:355:224:384:220
A,4675,155.906,-1,0,0,1,X,X,X,X,X,259:197:150:137:285:220:314:223:355:224:384:220
A,4676,155.954,-1,0,0,1,X,X,X,X,X,259:197:150:137:285:220:314:223:355:224:384:220
A,4677,155.986,-1,0,0,1,X,X,X,X,X,259:197:150:137:286:221:314:224:355:224:384:220
A,4678,156.018,-1,0,0,1,X,X,X,X,X,258:197:152:137:286:220:314:224:355:224:384:220
A,4679,156.05,-1,0,0,1,X,X,X,X,X,257:197:153:138:286:221:315:224:356:224:385:220
A,4680,156.082,-1,0,0,1,X,X,X,X,X,259:197:151:137:286:221:314:224:355:224:384:220
A,4681,156.114,-1,0,0,1,X,X,X,X,X,259:197:151:137:286:221:314:224:355:224:384:220
A,4682,156.146,-1,0,0,1,X,X,X,X,X,258:197:151:138:287:220:315:224:356:224:385:220
A,4683,156.178,-1,0,0,1,X,X,X,X,X,259:197:150:137:287:221:315:224:356:224:384:220
A,4684,156.21,-1,0,0,1,X,X,X,X,X,259:197:150:137:287:221:315:224:356:224:384:220
A,4685,156.242,-1,0,0,1,X,X,X,X,X,259:197:151:137:287:221:315:224:357:224:385:220
A,4686,156.274,-1,0,0,1,X,X,X,X,X,259:197:152:137:287:220:315:224:357:224:385:220
A,4687,156.306,-1,0,0,1,X,X,X,X,X,259:197:152:137:287:220:315:224:357:224:385:220
A,4688,156.354,-1,0,0,1,X,X,X,X,X,259:197:151:138:286:221:315:224:356:224:385:220
A,4689,156.386,-1,0,0,1,X,X,X,X,X,259:197:151:137:287:221:316:224:357:224:385:220
A,4690,156.418,-1,0,0,1,X,X,X,X,X,259:197:151:137:287:221:316:224:357:224:385:220
A,4691,156.45,-1,0,0,1,X,X,X,X,X,259:197:152:137:287:221:316:224:357:224:385:220
A,4692,156.482,-1,0,0,1,X,X,X,X,X,259:197:151:138:287:221:316:224:356:224:385:221
A,4693,156.514,-1,0,0,1,X,X,X,X,X,259:197:151:138:287:221:316:224:356:224:385:221
A,4694,156.546,-1,0,0,1,X,X,X,X,X,260:196:151:139:288:221:316:224:357:224:385:221
A,4695,156.578,-1,0,0,1,X,X,X,X,X,259:197:151:138:287:221:316:224:357:224:386:220
A,4696,156.61,-1,0,0,1,X,X,X,X,X,259:197:151:138:287:221:316:224:357:224:386:220
A,4697,156.642,-1,0,0,1,X,X,X,X,X,258:196:153:139:287:221:316:224:356:224:386:221
A,4698,156.674,-1,0,0,1,X,X,X,X,X,259:196:152:139:287:220:316:224:356:224:385:220
A,4699,156.706,-1,0,0,1,X,X,X,X,X,258:197:153:138:288:220:316:224:356:224:385:220
A,4700,156.754,-1,0,0,1,X,X,X,X,X,258:197:155:137:287:220:316:224:356:224:385:221
A,4701,156.786,-1,0,0,1,X,X,X,X,X,259:196:152:138:287:220:316:224:357:224:385:220
A,4702,156.818,-1,0,0,1,X,X,X,X,X,258:196:154:138:287:220:316:224:356:224:385:220
A,4703,156.85,-1,0,0,1,X,X,X,X,X,258:196:153:139:287:220:316:224:356:224:385:220
A,4704,156.882,-1,0,0,1,X,X,X,X,X,259:197:151:137:287:220:316:224:356:224:385:220
A,4705,156.914,-1,0,0,1,X,X,X,X,X,259:196:151:138:287:220:316:224:356:224:385:220
A,4706,156.946,-1,0,0,1,X,X,X,X,X,259:197:151:137:287:220:316:224:356:224:385:220
A,4707,156.978,-1,0,0,1,X,X,X,X,X,259:196:152:138:288:220:316:224:357:224:385:220
A,4708,157.01,-1,0,0,1,X,X,X,X,X,258:197:152:138:287:221:316:224:356:224:385:220
A,4709,157.042,-1,0,0,1,X,X,X,X,X,259:196:151:138:287:220:316:224:357:224:386:220
A,4710,157.074,-1,0,0,1,X,X,X,X,X,259:196:152:138:288:220:316:224:357:224:386:220
A,4711,157.106,-1,0,0,1,X,X,X,X,X,259:196:151:138:288:220:315:224:357:224:385:220
A,4712,157.138,-1,0,0,1,X,X,X,X,X,259:196:151:138:288:220:316:223:358:224:386:220
A,4713,157.186,-1,0,0,1,X,X,X,X,X,259:196:151:138:288:220:316:223:357:223:385:220
A,4714,157.218,-1,0,0,1,X,X,X,X,X,259:196:152:138:288:220:316:223:357:224:386:220
A,4715,157.25,-1,0,0,1,X,X,X,X,X,259:196:151:138:287:220:316:223:357:224:386:220
A,4716,157.282,-1,0,0,1,X,X,X,X,X,260:197:151:138:287:220:316:223:357:224:386:220
A,4717,157.314,-1,0,0,1,X,X,X,X,X,259:196:152:138:288:220:316:223:357:224:386:220
A,4718,157.346,-1,0,0,1,X,X,X,X,X,258:196:153:138:288:220:316:224:357:223:385:220
A,4719,157.378,-1,0,0,1,X,X,X,X,X,258:197:152:137:287:220:316:223:357:224:385:220
A,4720,157.41,-1,0,0,1,X,X,X,X,X,259:196:152:138:288:220:316:223:357:224:386:219
A,4721,157.442,-1,0,0,1,X,X,X,X,X,259:196:152:138:288:220:316:223:357:224:385:220
A,4722,157.474,-1,0,0,1,X,X,X,X,X,259:196:152:138:288:220:316:223:357:224:386:220
A,4723,157.506,41,1,0,1,X,X,X,X,X,259:196:152:138:288:220:316:223:357:224:386:220
A,4724,157.538,41,1,0,1,X,X,X,X,X,259:196:151:138:287:221:317:224:357:224:387:222
A,4725,157.586,41,1,1,1,X,C,X,C,X,259:195:151:139:287:222:317:224:356:225:387:223
A,4726,157.618,41,1,1,1,X,C,X,C,X,260:195:151:139:287:221:316:224:357:225:387:223
A,4727,157.65,41,1,0,1,X,X,X,X,X,258:195:152:139:286:221:316:224:357:224:388:222
A,4728,157.682,41,1,0,1,X,X,X,X,X,258:196:154:138:286:221:316:224:357:224:387:222
A,4729,157.714,41,1,0,1,X,X,X,X,X,259:196:152:138:287:220:316:223:357:224:385:221
A,4730,157.746,41,1,0,1,X,X,X,X,X,258:196:153:138:287:220:316:224:357:224:385:221
A,4731,157.778,-1,0,0,1,X,X,X,X,X,258:196:153:138:287:220:315:224:356:224:385:221
A,4732,157.81,-1,0,0,1,X,X,X,X,X,260:196:151:139:287:220:315:223:356:224:385:221
A,4733,157.844,-1,0,0,1,X,X,X,X,X,259:196:152:138:286:220:316:224:356:224:386:221
A,4734,157.874,-1,0,0,1,X,X,X,X,X,260:196:151:138:287:220:315:223:356:224:385:221
A,4735,157.906,-1,0,0,1,X,X,X,X,X,259:196:152:138:287:220:315:224:356:224:385:221
A,4736,157.938,-1,0,0,1,X,X,X,X,X,259:196:152:138:286:220:316:224:356:224:386:220
A,4737,157.986,-1,0,0,1,X,X,X,X,X,259:196:151:138:286:220:315:223:356:224:386:221
A,4738,158.018,-1,0,0,1,X,X,X,X,X,258:196:153:139:286:220:315:223:356:224:385:221
A,4739,158.05,-1,0,0,1,X,X,X,X,X,259:196:152:138:287:220:315:224:356:224:385:221
A,4740,158.082,-1,0,0,1,X,X,X,X,X,259:196:152:139:287:220:316:224:356:224:386:221
A,4741,158.114,-1,0,0,1,X,X,X,X,X,259:196:153:139:287:221:316:224:357:224:386:221
A,4742,158.146,-1,0,0,1,X,X,X,X,X,259:196:152:138:287:220:316:224:357:224:385:221
A,4743,158.178,-1,0,0,1,X,X,X,X,X,259:197:153:138:287:221:316:224:357:224:385:221
A,4744,158.21,-1,0,0,1,X,X,X,X,X,259:196:151:138:287:220:316:224:357:225:385:221
A,4745,158.242,-1,0,0,1,X,X,X,X,X,258:197:153:138:287:221:316:224:357:225:386:221
A,4746,158.274,-1,0,0,1,X,X,X,X,X,259:196:152:139:287:220:316:224:357:225:385:221
A,4747,158.306,-1,0,0,1,X,X,X,X,X,258:197:153:138:287:220:316:224:357:225:386:221
A,4748,158.338,-1,0,0,1,X,X,X,X,X,259:196:153:139:288:221:316:224:357:225:386:221
A,4749,158.37,-1,0,0,1,X,X,X,X,X,259:197:152:138:287:221:315:224:357:225:386:221
A,4750,158.418,-1,0,0,1,X,X,X,X,X,259:196:152:139:288:221:316:224:357:225:386:222
A,4751,158.45,-1,0,0,1,X,X,X,X,X,258:197:152:138:287:221:316:224:357:225:386:221
A,4752,158.482,-1,0,0,1,X,X,X,X,X,259:197:153:138:288:221:316:224:358:225:387:221
A,4753,158.514,-1,0,0,1,X,X,X,X,X,259:197:152:139:288:221:317:224:358:225:387:221
A,4754,158.546,-1,0,0,1,X,X,X,X,X,260:196:151:139:288:221:317:224:357:225:387:221
A,4755,158.578,-1,0,0,1,X,X,X,X,X,259:196:153:139:288:221:317:224:358:225:386:221
A,4756,158.61,-1,0,0,1,X,X,X,X,X,261:196:151:139:288:221:317:224:357:225:386:221
A,4757,158.642,-1,0,0,1,X,X,X,X,X,260:197:152:138:288:221:317:224:358:225:387:221
A,4758,158.674,-1,0,0,1,X,X,X,X,X,259:196:153:139:288:220:317:224:358:225:387:221
A,4759,158.706,-1,0,0,1,X,X,X,X,X,258:196:154:139:288:220:317:223:358:225:386:221
A,4760,158.738,-1,0,0,1,X,X,X,X,X,259:196:153:139:288:220:317:224:357:224:386:221
A,4761,158.77,-1,0,0,1,X,X,X,X,X,260:196:152:139:288:220:318:224:358:225:387:221
A,4762,158.818,-1,0,0,1,X,X,X,X,X,260:196:152:139:289:220:318:224:359:224:387:221
A,4763,158.85,-1,0,0,1,X,X,X,X,X,260:196:152:139:289:220:318:224:358:224:388:221
A,4764,158.882,-1,0,0,1,X,X,X,X,X,260:196:152:138:290:219:319:223:359:224:388:220
A,4765,158.914,-1,0,0,1,X,X,X,X,X,260:195:153:139:291:219:320:223:360:224:389:220
A,4766,158.946,-1,0,0,1,X,X,X,X,X,261:194:151:139:292:219:321:223:361:223:390:220
A,4767,158.978,-1,0,0,1,X,X,X,X,X,261:194:153:140:293:218:323:222:363:222:392:219
A,4768,159.01,-1,0,0,1,X,X,X,X,X,263:193:151:140:294:218:324:221:364:222:392:219
A,4769,159.042,-1,0,0,1,X,X,X,X,X,263:193:150:139:296:217:325:221:365:221:393:218
A,4770,159.074,-1,0,0,1,X,X,X,X,X,266:191:148:141:298:217:326:221:367:221:394:219
A,4771,159.106,-1,0,0,1,X,X,X,X,X,265:191:150:140:298:217:327:220:367:221:395:218
A,4772,159.138,-1,0,0,1,X,X,X,X,X,265:191:149:140:298:216:328:220:367:221:395:218
A,4773,159.17,-1,0,0,1,X,X,X,X,X,265:190:150:141:297:216:327:219:367:220:396:218
A,4774,159.218,-1,0,0,1,X,X,X,X,X,265:190:151:141:299:216:328:219:368:220:396:218
A,4775,159.25,-1,0,0,1,X,X,X,X,X,264:190:152:141:298:216:327:219:368:220:396:218
A,4776,159.282,-1,0,0,1,X,X,X,X,X,266:189:150:141:299:215:328:219:368:220:395:218
A,4777,159.314,-1,0,0,1,X,X,X,X,X,266:189:150:141:299:215:328:218:368:220:395:218
A,4778,159.346,-1,0,0,1,X,X,X,X,X,267:188:149:142:299:215:328:218:369:220:396:218
A,4779,159.378,-1,0,0,1,X,X,X,X,X,266:189:150:141:298:215:328:218:368:220:396:218
A,4780,159.41,-1,0,0,1,X,X,X,X,X,265:188:151:141:298:214:327:217:367:219:395:218
A,4781,159.442,-1,0,0,1,X,X,X,X,X,265:187:151:142:297:213:326:217:367:218:394:217
A,4782,159.474,-1,0,0,1,X,X,X,X,X,265:186:150:142:295:213:325:216:365:217:394:215
A,4783,159.506,-1,0,0,1,X,X,X,X,X,263:185:151:142:295:211:324:215:364:216:393:214
A,4784,159.538,42,1,0,1,X,X,X,X,X,262:183:151:142:294:211:324:213:363:215:392:213
A,4785,159.57,42,1,1,1,X,C,X,C,X,261:179:150:143:293:208:323:210:361:212:390:211
A,4786,159.602,42,1,1,1,X,C,X,C,X,260:175:150:144:293:205:323:207:361:207:390:206
A,4787,159.65,42,1,1,1,X,C,X,C,X,260:170:147:146:293:201:324:201:362:203:391:203
A,4788,159.682,42,1,1,1,X,C,X,C,X,259:166:148:147:295:197:325:198:364:199:391:199
A,4789,159.714,42,1,0,1,X,X,X,X,X,259:164:147:146:296:195:326:196:365:197:392:196
A,4790,159.746,42,1,0,1,X,X,X,X,X,259:162:146:149:298:193:328:194:366:195:391:194
A,4791,159.778,-1,0,0,1,X,X,X,X,X,259:162:145:147:301:192:328:193:367:194:391:193
A,4792,159.81,-1,0,0,1,X,X,X,X,X,262:161:144:146:301:191:331:192:368:193:392:192
A,4793,159.842,-1,0,0,1,X,X,X,X,X,261:160:145:146:303:191:332:192:369:193:393:192
A,4794,159.874,-1,0,0,1,X,X,X,X,X,263:159:144:147:304:190:333:192:370:193:393:193
A,4795,159.906,-1,0,0,1,X,X,X,X,X,263:159:146:146:307:189:336:190:372:192:394:193
A,4796,159.938,-1,0,0,1,X,X,X,X,X,263:159:146:146:307:189:336:190:372:192:394:193
A,4797,159.97,-1,0,0,1,X,X,X,X,X,267:157:143:146:310:187:337:189:374:191:396:192
A,4798,160.002,-1,0,0,1,X,X,X,X,X,268:156:143:145:312:186:340:187:376:190:398:191
A,4799,160.05,-1,0,0,1,X,X,X,X,X,270:155:142:145:313:184:341:186:378:189:399:190
A,4800,160.082,-1,0,0,1,X,X,X,X,X,271:154:143:146:315:184:343:186:379:189:401:190
A,4801,160.114,-1,0,0,1,X,X,X,X,X,274:154:143:148:316:183:344:186:380:189:402:190
A,4802,160.146,-1,0,0,1,X,X,X,X,X,274:154:143:148:314:184:343:186:380:189:403:190
A,4803,160.178,-1,0,0,1,X,X,X,X,X,275:154:142:148:313:184:341:187:379:189:402:190
A,4804,160.21,-1,0,0,1,X,X,X,X,X,274:155:142:147:310:185:338:187:377:189:401:190
A,4805,160.242,-1,0,0,1,X,X,X,X,X,274:156:141:147:306:187:335:188:373:189:398:190
A,4806,160.274,-1,0,0,1,X,X,X,X,X,272:158:143:147:303:189:330:189:369:191:395:192
A,4807,160.306,-1,0,0,1,X,X,X,X,X,271:160:143:147:298:192:325:192:365:193:391:194
A,4808,160.338,-1,0,0,1,X,X,X,X,X,269:162:143:147:294:194:321:195:361:195:388:195
A,4809,160.37,-1,0,0,1,X,X,X,X,X,267:165:145:145:290:196:317:197:357:198:385:197
A,4810,160.402,-1,0,0,1,X,X,X,X,X,266:167:143:145:287:199:314:200:353:200:381:199
A,4811,160.45,-1,0,0,1,X,X,X,X,X,266:169:144:146:284:201:310:203:350:202:378:200
A,4812,160.482,-1,0,0,1,X,X,X,X,X,265:172:145:145:281:203:308:205:347:205:377:203
A,4813,160.514,-1,0,0,1,X,X,X,X,X,263:174:146:146:280:205:306:207:345:207:375:205
A,4814,160.546,-1,0,0,1,X,X,X,X,X,262:177:148:144:279:206:305:209:345:209:374:207
A,4815,160.578,-1,0,0,1,X,X,X,X,X,261:179:149:144:277:208:304:210:343:211:374:209
A,4816,160.61,-1,0,0,1,X,X,X,X,X,261:181:148:143:276:208:303:211:343:212:374:210
A,4817,160.642,-1,0,0,1,X,X,X,X,X,261:181:149:144:277:209:304:212:343:213:374:211
A,4818,160.674,-1,0,0,1,X,X,X,X,X,261:182:149:143:277:209:305:213:344:214:375:211
A,4819,160.706,-1,0,0,1,X,X,X,X,X,261:182:149:143:277:209:305:212:345:214:376:212
A,4820,160.738,-1,0,0,1,X,X,X,X,X,262:183:148:142:279:209:306:213:346:215:376:212
A,4821,160.77,-1,0,0,1,X,X,X,X,X,262:182:148:144:280:210:307:213:346:215:376:212
A,4822,160.802,-1,0,0,1,X,X,X,X,X,262:183:148:143:280:210:308:214:347:215:377:213
A,4823,160.834,-1,0,0,1,X,X,X,X,X,262:184:150:142:282:210:308:214:348:215:378:213
A,4824,160.881,-1,0,0,1,X,X,X,X,X,263:183:150:143:282:210:310:214:349:215:379:213
A,4825,160.914,-1,0,0,1,X,X,X,X,X,263:183:149:143:283:210:310:213:349:215:380:213
A,4826,160.946,-1,0,0,1,X,X,X,X,X,264:184:149:142:283:210:310:214:350:215:380:213
A,4827,160.978,-1,0,0,1,X,X,X,X,X,264:184:150:142:283:210:310:214:350:216:381:214
A,4828,161.009,-1,0,0,1,X,X,X,X,X,264:184:149:142:283:210:310:214:350:216:380:214
A,4829,161.042,-1,0,0,1,X,X,X,X,X,265:184:149:142:283:210:310:214:350:216:380:214
A,4830,161.074,-1,0,0,1,X,X,X,X,X,264:184:153:141:283:209:311:213:351:215:381:213
A,4831,161.106,-1,0,0,1,X,X,X,X,X,264:183:149:142:283:209:310:213:351:215:381:213
A,4832,161.138,-1,0,0,1,X,X,X,X,X,263:183:153:142:283:209:311:213:352:214:383:212
A,4833,161.17,-1,0,0,1,X,X,X,X,X,263:183:153:142:283:209:311:213:352:214:383:212
A,4834,161.202,-1,0,0,1,X,X,X,X,X,264:184:151:141:284:210:312:213:354:214:385:212
A,4835,161.234,-1,0,0,1,X,X,X,X,X,264:185:152:140:284:210:313:213:354:214:385:212
A,4836,161.282,-1,0,0,1,X,X,X,X,X,264:184:149:141:286:210:313:213:355:215:385:212
A,4837,161.314,-1,0,0,1,X,X,X,X,X,264:185:150:140:286:210:314:213:356:214:386:212
A,4838,161.346,-1,0,0,1,X,X,X,X,X,265:184:152:141:286:210:314:213:356:214:386:212
A,4839,161.378,-1,0,0,1,X,X,X,X,X,263:185:151:140:285:210:314:213:356:214:387:211
A,4840,161.41,-1,0,0,1,X,X,X,X,X,264:184:150:140:284:210:314:213:355:214:386:211
A,4841,161.442,-1,0,0,1,X,X,X,X,X,263:184:150:140:284:210:313:213:355:213:385:210
A,4842,161.474,-1,0,0,1,X,X,X,X,X,261:183:150:140:283:210:312:212:354:212:385:209
A,4843,161.506,-1,0,0,1,X,X,X,X,X,260:182:150:141:283:210:311:212:354:211:383:208
A,4844,161.538,-1,0,0,1,X,X,X,X,X,259:181:149:142:282:210:311:212:353:211:383:208
A,4845,161.57,-1,0,0,1,X,X,X,X,X,258:180:147:142:281:210:310:212:351:211:381:207
A,4846,161.601,-1,0,0,1,X,X,X,X,X,256:180:149:142:279:210:308:211:350:210:380:207
A,4847,161.634,-1,0,0,1,X,X,X,X,X,255:180:147:142:278:211:307:212:349:210:378:206
A,4848,161.666,-1,0,0,1,X,X,X,X,X,253:180:148:142:277:211:306:212:348:210:377:206
A,4849,161.714,-1,0,0,1,X,X,X,X,X,253:180:147:141:276:211:305:212:346:210:376:206
A,4850,161.746,-1,0,0,1,X,X,X,X,X,253:179:146:143:275:211:303:212:345:211:375:207
A,4851,161.778,-1,0,0,1,X,X,X,X,X,252:180:147:142:274:212:303:212:345:211:375:207
A,4852,161.81,-1,0,0,1,X,X,X,X,X,253:179:147:143:275:212:303:212:344:211:374:207
A,4853,161.842,-1,0,0,1,X,X,X,X,X,253:181:146:140:274:212:303:213:345:212:375:208
A,4854,161.874,-1,0,0,1,X,X,X,X,X,253:182:148:143:274:214:303:215:345:214:375:210
A,4855,161.906,-1,0,0,1,X,X,X,X,X,252:185:149:141:275:215:304:216:346:215:376:212
A,4856,161.938,-1,0,0,1,X,X,X,X,X,253:185:148:142:277:215:305:217:347:216:377:212
A,4857,161.97,-1,0,0,1,X,X,X,X,X,254:187:147:141:279:216:306:218:348:217:378:214
A,4858,162.002,-1,0,0,1,X,X,X,X,X,255:187:147:142:278:217:307:219:350:218:379:215
A,4859,162.034,-1,0,0,1,X,X,X,X,X,255:189:148:140:279:217:308:219:350:219:380:215
A,4860,162.066,-1,0,0,1,X,X,X,X,X,255:188:148:142:279:218:308:219:351:219:381:215
A,4861,162.113,-1,0,0,1,X,X,X,X,X,255:189:148:141:280:218:309:220:351:220:380:216
A,4862,162.146,-1,0,0,1,X,X,X,X,X,257:190:148:140:280:218:309:220:351:220:381:216
A,4863,162.178,-1,0,0,1,X,X,X,X,X,257:191:148:140:281:218:309:220:351:220:381:217
A,4864,162.21,-1,0,0,1,X,X,X,X,X,257:191:150:140:281:219:310:221:352:221:382:217
A,4865,162.241,-1,0,0,1,X,X,X,X,X,256:192:151:139:282:219:311:221:354:221:383:218
A,4866,162.274,-1,0,0,1,X,X,X,X,X,258:193:150:138:283:219:312:222:354:222:384:218
A,4867,162.306,-1,0,0,1,X,X,X,X,X,258:194:150:138:284:220:313:222:355:222:384:219
A,4868,162.338,-1,0,0,1,X,X,X,X,X,258:195:150:138:285:220:314:223:356:223:385:220
A,4869,162.37,-1,0,0,1,X,X,X,X,X,259:196:150:138:286:221:314:224:357:224:386:221
A,4870,162.402,-1,0,0,1,X,X,X,X,X,259:197:150:138:285:221:315:224:356:225:386:222
A,4871,162.434,-1,0,0,1,X,X,X,X,X,258:197:151:138:286:221:315:224:356:225:385:222
A,4872,162.465,-1,0,0,1,X,X,X,X,X,257:198:152:137:285:222:314:225:356:226:386:223
A,4873,162.514,-1,0,0,1,X,X,X,X,X,257:199:151:137:285:222:314:225:357:226:385:223
A,4874,162.546,-1,0,0,1,X,X,X,X,X,257:198:151:139:285:222:313:225:356:226:385:223
A,4875,162.578,-1,0,0,1,X,X,X,X,X,257:198:150:139:283:223:312:226:355:227:384:224
A,4876,162.61,-1,0,0,1,X,X,X,X,X,255:199:152:138:282:223:311:226:354:227:383:224
A,4877,162.641,-1,0,0,1,X,X,X,X,X,254:200:152:136:281:223:310:226:353:227:382:224
A,4878,162.674,-1,0,0,1,X,X,X,X,X,256:199:149:139:281:223:310:226:352:227:381:224
A,4879,162.706,-1,0,0,1,X,X,X,X,X,254:199:150:138:280:222:309:225:351:227:381:224
A,4880,162.738,-1,0,0,1,X,X,X,X,X,253:200:151:138:280:223:308:226:350:227:379:224
A,4881,162.769,-1,0,0,1,X,X,X,X,X,252:200:152:138:278:225:308:228:350:228:379:225
A,4882,162.802,-1,0,0,1,X,X,X,X,X,253:201:150:140:279:226:307:228:350:229:379:226
A,4883,162.834,-1,0,0,1,X,X,X,X,X,253:201:150:139:278:226:307:229:348:229:378:226
A,4884,162.866,-1,0,0,1,X,X,X,X,X,253:201:150:139:278:226:307:229:349:229:379:226
A,4885,162.898,-1,0,0,1,X,X,X,X,X,252:201:151:137:278:225:306:228:349:228:378:225
A,4886,162.977,-1,0,0,1,X,X,X,X,X,252:200:151:138:278:224:307:227:349:227:379:224
A,4887,163.009,-1,0,0,1,X,X,X,X,X,251:200:152:138:278:224:307:227:350:228:379:224
A,4888,163.041,-1,0,0,1,X,X,X,X,X,251:200:153:139:279:225:308:228:350:228:380:225
A,4889,163.074,-1,0,0,1,X,X,X,X,X,253:201:150:138:278:225:308:228:350:229:380:225
A,4890,163.106,-1,0,0,1,X,X,X,X,X,251:200:153:140:279:225:308:228:350:229:380:225
A,4891,163.139,-1,0,0,1,X,X,X,X,X,251:201:153:139:278:225:307:228:350:229:380:226
A,4892,163.17,-1,0,0,1,X,X,X,X,X,250:202:152:138:278:226:307:228:350:229:380:226
A,4893,163.201,-1,0,0,1,X,X,X,X,X,251:201:152:140:278:226:307:229:349:229:379:226
A,4894,163.234,-1,0,0,1,X,X,X,X,X,250:201:154:140:277:226:306:229:349:229:379:226
A,4895,163.266,-1,0,0,1,X,X,X,X,X,250:202:153:139:277:227:306:229:349:230:378:227
A,4896,163.298,-1,0,0,1,X,X,X,X,X,249:203:154:138:277:227:305:230:348:230:378:227
A,4897,163.345,-1,0,0,1,X,X,X,X,X,250:203:153:138:277:227:306:230:348:230:378:227
A,4898,163.378,-1,0,0,1,X,X,X,X,X,250:203:154:138:276:227:306:230:348:231:378:227
A,4899,163.41,-1,0,0,1,X,X,X,X,X,250:203:153:138:277:227:306:230:348:230:378:227
A,4900,163.441,-1,0,0,1,X,X,X,X,X,250:203:154:139:276:227:306:231:349:231:378:227
A,4901,163.473,-1,0,0,1,X,X,X,X,X,251:203:152:140:278:228:307:231:349:231:379:228
A,4902,163.506,-1,0,0,1,X,X,X,X,X,252:204:152:138:278:228:307:231:350:231:379:228
A,4903,163.538,-1,0,0,1,X,X,X,X,X,253:204:152:138:279:228:308:230:349:231:379:228
A,4904,163.57,-1,0,0,1,X,X,X,X,X,253:204:151:138:279:228:308:231:350:232:379:228
A,4905,163.601,-1,0,0,1,X,X,X,X,X,253:204:152:138:279:228:308:230:350:231:379:228
A,4906,163.634,-1,0,0,1,X,X,X,X,X,253:204:151:138:279:228:309:230:349:231:379:228
A,4907,163.666,-1,0,0,1,X,X,X,X,X,253:204:152:139:279:228:308:231:351:232:380:229
A,4908,163.698,-1,0,0,1,X,X,X,X,X,253:204:152:138:279:228:308:231:350:231:379:229
A,4909,163.745,-1,0,0,1,X,X,X,X,X,254:204:151:139:279:227:308:231:350:232:380:228
A,4910,163.778,-1,0,0,1,X,X,X,X,X,252:204:153:139:279:228:308:231:350:231:379:228
A,4911,163.81,-1,0,0,1,X,X,X,X,X,254:203:151:139:279:228:309:231:350:232:381:229
A,4912,163.842,-1,0,0,1,X,X,X,X,X,253:204:152:138:279:228:309:231:349:232:379:229
A,4913,163.873,-1,0,0,1,X,X,X,X,X,253:204:152:138:279:228:308:231:349:232:378:229
A,4914,163.905,-1,0,0,1,X,X,X,X,X,254:204:152:138:279:228:309:231:350:232:379:229
A,4915,163.938,-1,0,0,1,X,X,X,X,X,253:204:152:138:279:228:308:231:350:232:380:229
A,4916,163.97,-1,0,0,1,X,X,X,X,X,253:204:153:139:279:228:309:231:351:232:381:230
A,4917,164.002,-1,0,0,1,X,X,X,X,X,253:204:154:139:280:228:309:231:351:232:381:229
A,4918,164.034,-1,0,0,1,X,X,X,X,X,255:204:151:139:279:229:309:231:352:232:382:230
A,4919,164.066,-1,0,0,1,X,X,X,X,X,254:204:152:139:280:228:309:231:351:232:382:230
A,4920,164.098,43,1,0,1,X,X,X,X,X,254:204:152:139:279:229:309:231:351:232:383:230
A,4921,164.13,43,1,1,1,X,C,X,C,X,254:203:152:140:279:229:311:232:351:234:383:231
A,4922,164.178,43,1,1,1,X,C,X,C,X,254:203:152:140:280:230:311:232:351:234:384:232
A,4923,164.21,43,1,1,1,X,C,X,C,X,253:203:155:140:279:229:311:232:352:233:385:231
A,4924,164.242,43,1,0,1,X,X,X,C,X,255:203:152:140:279:229:310:231:352:233:384:231
A,4925,164.274,43,1,0,1,X,X,X,X,X,254:203:153:140:281:229:310:232:352:233:383:231
A,4926,164.305,43,1,0,1,X,X,X,X,X,255:203:151:139:279:228:310:231:353:232:384:230
A,4927,164.338,43,1,0,1,X,X,X,X,X,255:203:152:139:280:228:310:231:352:232:383:229
A,4928,164.37,43,1,0,1,X,X,X,X,X,255:204:151:138:281:228:310:231:352:232:382:230
A,4929,164.401,-1,0,0,1,X,X,X,X,X,255:203:152:139:280:228:311:231:352:232:383:229
A,4930,164.433,-1,0,0,1,X,X,X,X,X,255:203:152:139:281:228:311:231:353:232:383:230
A,4931,164.465,-1,0,0,1,X,X,X,X,X,254:202:153:139:280:227:310:230:353:231:383:229
A,4932,164.498,-1,0,0,1,X,X,X,X,X,255:202:152:140:281:227:310:230:352:232:383:229
A,4933,164.529,-1,0,0,1,X,X,X,X,X,254:203:153:138:281:227:310:230:353:232:383:229
A,4934,164.578,-1,0,0,1,X,X,X,X,X,254:202:153:139:281:227:310:230:353:231:384:229
A,4935,164.61,-1,0,0,1,X,X,X,X,X,254:202:153:138:281:226:310:230:353:231:383:228
A,4936,164.642,-1,0,0,1,X,X,X,X,X,254:202:153:138:281:226:310:230:353:231:383:228
A,4937,164.674,-1,0,0,1,X,X,X,X,X,253:202:155:138:281:227:310:230:353:231:382:228
A,4938,164.706,-1,0,0,1,X,X,X,X,X,253:202:154:138:281:226:310:230:353:231:383:228
A,4939,164.738,-1,0,0,1,X,X,X,X,X,253:201:154:138:280:226:310:229:352:230:383:228
A,4940,164.769,-1,0,0,1,X,X,X,X,X,253:201:155:138:281:225:311:229:353:230:383:228
A,4941,164.802,-1,0,0,1,X,X,X,X,X,253:201:154:138:280:226:310:229:352:230:383:228
A,4942,164.834,-1,0,0,1,X,X,X,X,X,254:201:153:138:281:225:310:229:353:230:383:228
A,4943,164.865,-1,0,0,1,X,X,X,X,X,255:200:152:140:282:225:311:228:354:229:383:227
A,4944,164.898,-1,0,0,1,X,X,X,X,X,254:201:153:138:282:225:311:229:353:230:382:227
A,4945,164.93,-1,0,0,1,X,X,X,X,X,254:200:153:139:282:224:311:228:354:229:383:226
A,4946,164.978,-1,0,0,1,X,X,X,X,X,255:200:152:138:284:223:312:227:354:229:383:226
A,4947,165.01,-1,0,0,1,X,X,X,X,X,256:199:151:140:284:223:312:227:355:228:383:226
A,4948,165.042,-1,0,0,1,X,X,X,X,X,255:199:153:140:284:223:313:226:355:228:383:226
A,4949,165.074,-1,0,0,1,X,X,X,X,X,256:199:151:139:284:223:313:226:355:228:384:226
A,4950,165.106,-1,0,0,1,X,X,X,X,X,257:199:151:139:285:223:314:227:355:228:384:226
A,4951,165.138,-1,0,0,1,X,X,X,X,X,255:199:152:139:286:223:313:226:355:228:383:226
A,4952,165.17,-1,0,0,1,X,X,X,X,X,255:199:153:139:285:223:313:226:355:228:384:226
A,4953,165.202,-1,0,0,1,X,X,X,X,X,256:199:152:139:285:223:314:226:355:228:384:226
A,4954,165.234,-1,0,0,1,X,X,X,X,X,257:199:150:139:285:223:313:226:356:228:384:225
A,4955,165.266,-1,0,0,1,X,X,X,X,X,257:199:150:139:285:223:313:226:356:228:384:225
A,4956,165.298,-1,0,0,1,X,X,X,X,X,257:199:150:138:286:223:313:226:355:228:383:226
A,4957,165.33,-1,0,0,1,X,X,X,X,X,258:198:150:139:285:222:314:226:355:228:384:226
A,4958,165.362,-1,0,0,1,X,X,X,X,X,256:199:151:138:286:223:313:226:355:228:383:226
A,4959,165.409,-1,0,0,1,X,X,X,X,X,256:199:151:138:286:223:313:226:355:228:383:226
A,4960,165.442,-1,0,0,1,X,X,X,X,X,256:199:151:139:285:222:313:226:354:228:382:226
A,4961,165.473,-1,0,0,1,X,X,X,X,X,255:199:152:139:285:223:313:226:355:228:382:226
A,4962,165.506,-1,0,0,1,X,X,X,X,X,256:199:150:139:284:223:313:227:354:228:382:226
A,4963,165.538,-1,0,0,1,X,X,X,X,X,256:198:150:140:283:223:313:226:355:228:383:226
A,4964,165.57,-1,0,0,1,X,X,X,X,X,256:199:151:138:284:223:313:226:354:228:383:226
A,4965,165.602,-1,0,0,1,X,X,X,X,X,256:199:151:139:285:222:313:226:354:227:382:225
A,4966,165.634,-1,0,0,1,X,X,X,X,X,256:199:150:139:285:222:313:226:354:227:382:225
A,4967,165.666,-1,0,0,1,X,X,X,X,X,257:198:149:140:285:222:313:226:355:227:383:224
A,4968,165.698,-1,0,0,1,X,X,X,X,X,256:198:150:139:285:222:314:225:355:227:383:224
A,4969,165.73,-1,0,0,1,X,X,X,X,X,256:199:151:139:285:221:313:226:355:227:382:224
A,4970,165.761,-1,0,0,1,X,X,X,X,X,256:198:151:139:285:222:314:225:354:227:382:224
A,4971,165.809,-1,0,0,1,X,X,X,X,X,257:198:150:140:285:221:313:225:355:227:382:224
A,4972,165.842,-1,0,0,1,X,X,X,X,X,255:198:151:140:285:221:313:225:355:227:382:224
A,4973,165.874,-1,0,0,1,X,X,X,X,X,256:198:151:139:286:221:314:225:355:227:383:223
A,4974,165.906,-1,0,0,1,X,X,X,X,X,258:199:148:138:286:221:314:225:354:226:383:224
A,4975,165.938,-1,0,0,1,X,X,X,X,X,257:198:150:139:285:221:313:225:355:227:383:224
A,4976,165.97,-1,0,0,1,X,X,X,X,X,257:198:150:139:285:221:313:225:355:227:383:224
A,4977,166.002,-1,0,0,1,X,X,X,X,X,257:198:150:139:285:221:313:225:355:227:383:224
A,4978,166.034,-1,0,0,1,X,X,X,X,X,257:198:150:140:285:221:314:225:354:226:383:223
A,4979,166.065,-1,0,0,1,X,X,X,X,X,256:198:151:140:286:221:314:225:355:227:383:224
A,4980,166.098,-1,0,0,1,X,X,X,X,X,257:198:150:140:286:221:314:225:355:227:383:224
A,4981,166.13,-1,0,0,1,X,X,X,X,X,257:199:150:139:286:221:314:225:354:226:383:224
A,4982,166.161,-1,0,0,1,X,X,X,X,X,257:198:150:140:285:221:313:225:355:227:383:224
A,4983,166.194,-1,0,0,1,X,X,X,X,X,257:198:150:140:286:221:314:225:355:227:383:223
A,4984,166.241,-1,0,0,1,X,X,X,X,X,257:198:150:139:286:221:314:225:354:227:383:224
A,4985,166.273,-1,0,0,1,X,X,X,X,X,257:198:150:140:285:221:314:225:355:227:383:224
A,4986,166.305,-1,0,0,1,X,X,X,X,X,257:198:150:140:285:221:314:225:355:226:383:224
A,4987,166.338,-1,0,0,1,X,X,X,X,X,257:198:150:140:286:221:314:225:355:227:383:224
A,4988,166.369,-1,0,0,1,X,X,X,X,X,257:198:150:140:286:221:314:225:355:227:383:224
A,4989,166.402,-1,0,0,1,X,X,X,X,X,257:198:150:140:285:221:314:225:355:227:384:223
A,4990,166.434,-1,0,0,1,X,X,X,X,X,257:198:150:140:285:221:314:225:355:226:383:224
A,4991,166.466,-1,0,0,1,X,X,X,X,X,256:198:151:140:285:221:314:225:355:227:383:224
A,4992,166.498,-1,0,0,1,X,X,X,X,X,257:198:149:139:286:221:314:225:355:227:383:224
A,4993,166.529,-1,0,0,1,X,X,X,X,X,257:198:150:139:285:221:313:225:355:226:383:224
A,4994,166.562,-1,0,0,1,X,X,X,X,X,256:198:151:139:285:220:314:225:355:226:383:224
A,4995,166.594,-1,0,0,1,X,X,X,X,X,257:197:150:140:285:220:314:224:355:226:383:223
A,4996,166.641,-1,0,0,1,X,X,X,X,X,256:197:151:140:285:220:314:224:355:226:383:223
A,4997,166.674,-1,0,0,1,X,X,X,X,X,257:198:149:140:285:221:313:225:355:226:383:224
A,4998,166.706,-1,0,0,1,X,X,X,X,X,257:198:149:139:285:221:313:225:355:226:383:224
A,4999,166.738,-1,0,0,1,X,X,X,X,X,257:198:150:139:285:221:313:224:354:226:383:224
A,5000,166.77,-1,0,0,1,X,X,X,X,X,256:197:151:140:285:220:313:224:355:226:383:223
A,5001,166.802,-1,0,0,1,X,X,X,X,X,258:197:149:140:285:221:313:224:354:226:383:224
A,5002,166.834,-1,0,0,1,X,X,X,X,X,258:197:149:140:285:221:313:224:355:226:383:224
A,5003,166.866,-1,0,0,1,X,X,X,X,X,257:197:150:140:285:220:314:225:354:226:383:223
A,5004,166.897,-1,0,0,1,X,X,X,X,X,258:197:149:141:286:220:314:224:354:226:383:224
A,5005,166.93,-1,0,0,1,X,X,X,X,X,258:197:149:140:286:220:314:225:355:226:383:224
A,5006,166.962,-1,0,0,1,X,X,X,X,X,259:197:148:140:286:220:314:224:355:226:383:224
A,5007,166.993,-1,0,0,1,X,X,X,X,X,258:197:149:140:286:220:314:224:355:226:383:224
A,5008,167.042,-1,0,0,1,X,X,X,X,X,258:197:149:141:286:220:314:224:355:226:384:224
A,5009,167.073,-1,0,0,1,X,X,X,X,X,258:197:149:141:287:220:314:224:355:226:383:224
A,5010,167.105,-1,0,0,1,X,X,X,X,X,258:197:150:141:286:221:314:224:355:226:384:224
A,5011,167.138,-1,0,0,1,X,X,X,X,X,258:197:149:140:287:220:315:224:355:226:383:224
A,5012,167.17,-1,0,0,1,X,X,X,X,X,258:197:149:140:286:220:314:224:355:226:384:224
A,5013,167.201,-1,0,0,1,X,X,X,X,X,258:197:149:141:286:220:314:224:355:226:383:224
A,5014,167.234,-1,0,0,1,X,X,X,X,X,258:197:149:140:287:220:315:224:355:226:383:224
A,5015,167.265,-1,0,0,1,X,X,X,X,X,259:197:148:140:287:220:315:225:355:226:383:224
A,5016,167.297,-1,0,0,1,X,X,X,X,X,259:197:148:141:286:220:314:224:355:226:384:224
A,5017,167.329,44,1,0,1,X,X,X,X,X,259:197:148:141:286:220:314:224:355:226:384:224
A,5018,167.361,44,1,1,1,X,C,X,C,X,258:197:149:141:286:222:315:224:356:227:385:226
A,5019,167.393,44,1,1,1,X,C,X,C,X,257:196:150:142:286:221:315:224:356:227:385:226
A,5020,167.426,44,1,0,1,X,X,X,X,X,258:196:150:141:286:221:314:224:355:226:384:225
A,5021,167.473,44,1,0,1,X,X,X,X,X,259:196:148:141:287:221:315:224:355:226:383:225
A,5022,167.505,44,1,0,1,X,X,X,X,X,259:196:149:141:287:220:315:224:355:226:383:224
A,5023,167.538,-1,0,0,1,X,X,X,X,X,259:196:149:141:287:220:315:224:355:226:384:224
A,5024,167.569,-1,0,0,1,X,X,X,X,X,259:196:148:141:287:220:315:224:355:226:384:224
A,5025,167.602,-1,0,0,1,X,X,X,X,X,259:196:149:140:287:220:315:224:355:226:384:224
A,5026,167.634,-1,0,0,1,X,X,X,X,X,258:196:149:141:287:219:315:224:355:226:384:224
A,5027,167.665,-1,0,0,1,X,X,X,X,X,260:196:148:141:287:220:315:224:356:226:384:224
A,5028,167.698,-1,0,0,1,X,X,X,X,X,260:196:148:141:287:219:315:224:355:226:384:224
A,5029,167.73,-1,0,0,1,X,X,X,X,X,259:195:150:142:286:219:315:224:355:226:384:224
A,5030,167.761,-1,0,0,1,X,X,X,X,X,259:195:148:142:286:219:315:224:355:226:384:223
A,5031,167.794,-1,0,0,1,X,X,X,X,X,259:196:149:141:286:220:314:224:355:226:383:224
A,5032,167.826,-1,0,0,1,X,X,X,X,X,258:195:150:142:285:220:314:225:354:226:383:224
A,5033,167.873,-1,0,0,1,X,X,X,X,X,259:195:148:142:286:220:314:224:355:226:383:224
A,5034,167.905,-1,0,0,1,X,X,X,X,X,259:196:149:141:286:220:314:224:355:226:383:224
A,5035,167.938,-1,0,0,1,X,X,X,X,X,258:196:150:141:285:221:314:225:355:227:384:225
A,5036,167.969,-1,0,0,1,X,X,X,X,X,258:196:151:141:286:221:314:225:355:227:384:224
A,5037,168.001,-1,0,0,1,X,X,X,X,X,259:196:149:140:286:221:314:225:355:226:383:225
A,5038,168.034,-1,0,0,1,X,X,X,X,X,258:196:150:140:286:220:314:225:355:227:383:225
A,5039,168.065,-1,0,0,1,X,X,X,X,X,259:196:149:141:286:221:314:225:355:227:383:225
A,5040,168.097,-1,0,0,1,X,X,X,X,X,259:195:149:142:286:220:314:225:355:226:383:225
A,5041,168.13,-1,0,0,1,X,X,X,X,X,259:196:149:141:285:220:314:224:355:226:384:225
A,5042,168.162,-1,0,0,1,X,X,X,X,X,259:196:150:140:286:220:314:225:354:227:384:225
A,5043,168.193,-1,0,0,1,X,X,X,X,X,259:195:148:142:285:220:315:224:355:226:384:224
A,5044,168.226,-1,0,0,1,X,X,X,X,X,259:196:149:140:286:221:315:224:355:226:384:225
A,5045,168.273,-1,0,0,1,X,X,X,X,X,259:196:150:140:285:221:314:225:356:227:385:225
A,5046,168.305,-1,0,0,1,X,X,X,X,X,258:196:150:141:285:221:314:225:355:227:384:225
A,5047,168.337,-1,0,0,1,X,X,X,X,X,259:195:149:141:286:221:315:225:355:227:384:224
A,5048,168.369,-1,0,0,1,X,X,X,X,X,258:196:150:140:286:221:314:225:355:227:384:225
A,5049,168.402,-1,0,0,1,X,X,X,X,X,259:196:149:141:285:221:314:225:355:227:384:225
A,5050,168.433,-1,0,0,1,X,X,X,X,X,259:196:149:141:285:221:314:225:356:227:384:225
A,5051,168.465,-1,0,0,1,X,X,X,X,X,259:195:150:142:285:220:314:224:355:226:385:224
A,5052,168.498,-1,0,0,1,X,X,X,X,X,259:196:149:141:285:220:315:224:355:226:384:224
A,5053,168.529,-1,0,0,1,X,X,X,X,X,259:196:149:140:286:220:315:224:355:226:384:225
A,5054,168.562,-1,0,0,1,X,X,X,X,X,259:195:149:141:286:219:315:224:355:226:383:224
A,5055,168.594,-1,0,0,1,X,X,X,X,X,259:195:149:141:287:219:315:223:355:225:383:224
A,5056,168.625,-1,0,0,1,X,X,X,X,X,259:195:148:141:288:219:315:223:356:225:383:223
A,5057,168.657,-1,0,0,1,X,X,X,X,X,260:195:148:141:288:219:316:223:355:225:384:223
A,5058,168.705,-1,0,0,1,X,X,X,X,X,260:195:148:141:288:219:316:223:355:225:384:222
A,5059,168.737,-1,0,0,1,X,X,X,X,X,260:195:147:140:288:218:316:223:356:225:384:222
A,5060,168.769,-1,0,0,1,X,X,X,X,X,260:195:148:141:288:218:316:223:356:225:384:222
A,5061,168.807,-1,0,0,1,X,X,X,X,X,260:195:149:141:288:218:316:223:356:225:385:222
A,5062,168.84,-1,0,0,1,X,X,X,X,X,260:195:148:141:288:218:316:223:357:225:385:222
A,5063,168.88,-1,0,0,1,X,X,X,X,X,260:195:149:140:288:218:316:223:356:225:385:223
A,5064,168.898,-1,0,0,1,X,X,X,X,X,259:195:149:141:288:218:316:223:357:225:384:223
A,5065,168.93,-1,0,0,1,X,X,X,X,X,260:194:149:141:289:218:317:223:357:225:384:222
A,5066,168.961,-1,0,0,1,X,X,X,X,X,259:194:151:141:289:218:317:222:357:224:385:222
A,5067,168.994,-1,0,0,1,X,X,X,X,X,260:194:149:142:288:218:316:223:356:225:385:222
A,5068,169.025,-1,0,0,1,X,X,X,X,X,260:194:148:141:288:218:316:222:356:225:385:222
A,5069,169.057,-1,0,0,1,X,X,X,X,X,259:194:149:140:288:217:316:222:355:224:384:222
A,5070,169.105,-1,0,0,1,X,X,X,X,X,260:195:148:140:288:217:316:222:356:224:384:222
A,5071,169.137,-1,0,0,1,X,X,X,X,X,260:194:149:142:288:218:316:222:356:225:385:222
A,5072,169.169,-1,0,0,1,X,X,X,X,X,260:194:149:141:288:218:317:223:357:225:385:222
A,5073,169.201,-1,0,0,1,X,X,X,X,X,260:194:149:142:289:218:317:222:357:225:386:222
A,5074,169.233,-1,0,0,1,X,X,X,X,X,260:195:150:141:290:218:318:223:358:226:386:223
A,5075,169.265,-1,0,0,1,X,X,X,X,X,259:195:151:142:289:219:318:224:358:226:387:224
A,5076,169.298,-1,0,0,1,X,X,X,X,X,259:195:151:141:290:218:319:223:358:225:386:223
A,5077,169.329,-1,0,0,1,X,X,X,X,X,260:193:150:142:290:217:318:222:359:224:387:222
A,5078,169.361,-1,0,0,1,X,X,X,X,X,260:194:150:142:289:217:318:222:358:224:387:222
A,5079,169.394,-1,0,0,1,X,X,X,X,X,260:194:150:142:289:218:318:223:358:225:387:223
A,5080,169.425,-1,0,0,1,X,X,X,X,X,259:194:150:142:289:217:318:222:358:225:387:222
A,5081,169.457,-1,0,0,1,X,X,X,X,X,260:194:150:142:289:218:318:223:358:225:387:222
A,5082,169.505,-1,0,0,1,X,X,X,X,X,260:195:150:141:290:218:319:223:359:225:387:223
A,5083,169.537,-1,0,0,1,X,X,X,X,X,260:194:151:142:289:218:318:223:359:225:387:223
A,5084,169.569,-1,0,0,1,X,X,X,X,X,261:195:149:141:290:218:318:223:359:225:387:223
A,5085,169.601,-1,0,0,1,X,X,X,X,X,260:195:150:141:290:218:319:223:359:226:387:223
A,5086,169.633,-1,0,0,1,X,X,X,X,X,260:195:151:141:290:218:319:223:359:225:387:223
A,5087,169.665,-1,0,0,1,X,X,X,X,X,261:194:149:142:290:218:319:223:359:225:387:223
A,5088,169.698,45,1,0,1,X,X,X,X,X,262:194:148:142:289:219:318:223:358:226:387:225
A,5089,169.73,45,1,1,1,X,C,X,C,X,259:194:152:142:289:221:318:225:358:227:388:227
A,5090,169.761,45,1,1,1,X,C,X,C,X,260:194:151:142:289:221:318:225:359:228:388:227
A,5091,169.794,45,1,1,1,X,C,X,C,X,260:194:151:142:288:220:318:224:359:227:390:226
A,5092,169.825,45,1,0,1,X,X,X,X,X,260:194:151:143:288:220:318:224:359:227:389:226
A,5093,169.857,45,1,0,1,X,X,X,X,X,259:195:152:142:289:221:318:224:359:227:389:226
A,5094,169.889,45,1,0,1,X,X,X,X,X,260:195:151:142:289:220:318:224:359:227:388:226
A,5095,169.937,45,1,0,1,X,X,X,X,X,259:195:152:142:289:220:319:224:359:227:388:226
A,5096,169.969,45,1,0,1,X,X,X,X,X,259:195:151:142:290:220:318:224:359:227:387:226
A,5097,170.002,-1,0,0,1,X,X,X,X,X,261:195:150:142:289:220:318:225:359:227:388:226
A,5098,170.033,-1,0,0,1,X,X,X,X,X,260:195:151:142:289:220:318:225:359:227:388:226
A,5099,170.065,-1,0,0,1,X,X,X,X,X,260:195:151:142:289:220:318:224:359:227:388:226
A,5100,170.098,-1,0,0,1,X,X,X,X,X,260:195:151:142:288:220:318:225:359:227:388:226
A,5101,170.129,-1,0,0,1,X,X,X,X,X,260:196:151:141:289:221:319:225:359:228:388:226
A,5102,170.161,-1,0,0,1,X,X,X,X,X,260:196:150:142:290:221:318:225:359:228:387:226
A,5103,170.194,-1,0,0,1,X,X,X,X,X,260:196:150:142:289:220:318:225:359:227:388:226
A,5104,170.225,-1,0,0,1,X,X,X,X,X,260:195:151:142:289:220:319:225:359:227:388:226
A,5105,170.257,-1,0,0,1,X,X,X,X,X,261:196:150:142:290:220:318:225:359:228:388:226
A,5106,170.289,-1,0,0,1,X,X,X,X,X,261:196:150:142:290:221:319:225:359:228:387:226
A,5107,170.337,-1,0,0,1,X,X,X,X,X,260:196:151:142:289:220:318:225:359:228:388:226
A,5108,170.369,-1,0,0,1,X,X,X,X,X,261:196:150:142:290:220:319:225:359:228:387:226
A,5109,170.401,-1,0,0,1,X,X,X,X,X,260:196:151:142:290:220:319:225:359:227:388:225
A,5110,170.434,-1,0,0,1,X,X,X,X,X,260:196:151:142:290:220:319:225:359:228:388:225
A,5111,170.465,-1,0,0,1,X,X,X,X,X,261:196:150:141:291:220:319:225:359:228:387:225
A,5112,170.498,-1,0,0,1,X,X,X,X,X,261:195:150:142:290:220:319:225:359:227:388:225
A,5113,170.529,-1,0,0,1,X,X,X,X,X,260:196:152:141:290:219:319:225:359:227:388:225
A,5114,170.562,-1,0,0,1,X,X,X,X,X,261:196:150:141:290:220:319:225:359:227:388:225
A,5115,170.594,-1,0,0,1,X,X,X,X,X,260:196:151:141:290:219:319:225:359:227:388:225
A,5116,170.625,-1,0,0,1,X,X,X,X,X,260:195:151:142:290:219:319:224:359:227:387:225
A,5117,170.657,-1,0,0,1,X,X,X,X,X,260:196:151:142:290:219:319:224:359:227:387:225
A,5118,170.689,-1,0,0,1,X,X,X,X,X,261:196:150:141:291:219:319:225:360:227:387:225
A,5119,170.737,-1,0,0,1,X,X,X,X,X,260:196:151:141:291:219:319:224:360:227:387:224
A,5120,170.77,-1,0,0,1,X,X,X,X,X,261:195:150:141:291:219:320:224:360:226:388:224
A,5121,170.801,-1,0,0,1,X,X,X,X,X,261:195:151:142:290:219:320:224:360:226:388:224
A,5122,170.834,-1,0,0,1,X,X,X,X,X,261:195:150:141:292:219:320:224:360:226:388:225
A,5123,170.865,-1,0,0,1,X,X,X,X,X,261:195:151:142:291:219:320:224:360:226:388:224
A,5124,170.897,-1,0,0,1,X,X,X,X,X,261:195:151:142:291:218:320:224:360:226:388:224
A,5125,170.929,-1,0,0,1,X,X,X,X,X,261:195:151:141:291:219:320:224:360:226:388:224
A,5126,170.961,-1,0,0,1,X,X,X,X,X,261:195:151:142:291:219:320:224:360:227:388:224
A,5127,170.994,-1,0,0,1,X,X,X,X,X,260:195:151:142:291:219:320:224:360:227:388:224
A,5128,171.025,-1,0,0,1,X,X,X,X,X,261:195:151:142:291:219:320:224:360:226:388:224
A,5129,171.057,-1,0,0,1,X,X,X,X,X,261:195:151:142:290:219:320:224:359:226:388:224
A,5130,171.089,-1,0,0,1,X,X,X,X,X,260:195:151:141:291:219:320:224:359:226:388:224
A,5131,171.121,-1,0,0,1,X,X,X,X,X,260:195:151:141:291:218:320:224:360:226:388:224
A,5132,171.169,-1,0,0,1,X,X,X,X,X,261:195:151:141:291:219:320:224:359:226:388:224
A,5133,171.201,-1,0,0,1,X,X,X,X,X,261:195:151:141:290:219:320:224:359:226:388:224
A,5134,171.234,-1,0,0,1,X,X,X,X,X,261:195:150:142:290:219:320:224:359:227:388:224
A,5135,171.265,-1,0,0,1,X,X,X,X,X,260:195:151:142:290:219:320:224:359:226:388:224
A,5136,171.297,-1,0,0,1,X,X,X,X,X,260:195:151:141:290:219:319:224:359:226:388:224
A,5137,171.329,-1,0,0,1,X,X,X,X,X,260:195:151:141:290:219:319:224:359:226:387:224
A,5138,171.361,-1,0,0,1,X,X,X,X,X,260:195:151:141:291:218:319:224:359:226:388:224
A,5139,171.394,-1,0,0,1,X,X,X,X,X,260:195:152:142:290:219:319:224:359:226:388:224
A,5140,171.425,-1,0,0,1,X,X,X,X,X,259:195:153:142:290:218:319:224:359:226:387:223
A,5141,171.457,-1,0,0,1,X,X,X,X,X,260:195:151:141:290:219:319:224:359:226:387:224
A,5142,171.489,-1,0,0,1,X,X,X,X,X,260:195:151:141:290:218:319:224:359:226:387:224
A,5143,171.521,-1,0,0,1,X,X,X,X,X,260:194:151:142:290:218:319:224:359:226:387:224
A,5144,171.569,-1,0,0,1,X,X,X,X,X,260:195:151:141:289:218:319:224:359:226:388:223
A,5145,171.601,-1,0,0,1,X,X,X,X,X,260:195:151:141:290:218:319:224:359:226:387:224
A,5146,171.634,-1,0,0,1,X,X,X,X,X,260:195:152:141:290:218:319:224:359:226:387:224
A,5147,171.665,-1,0,0,1,X,X,X,X,X,260:195:151:141:291:219:319:224:359:226:387:224
A,5148,171.697,-1,0,0,1,X,X,X,X,X,260:195:151:141:290:218:319:224:359:226:387:224
A,5149,171.729,-1,0,0,1,X,X,X,X,X,260:195:151:141:291:219:319:224:360:226:387:224
A,5150,171.761,-1,0,0,1,X,X,X,X,X,260:195:151:141:290:218:319:224:359:226:388:224
A,5151,171.794,-1,0,0,1,X,X,X,X,X,260:195:152:141:291:218:320:224:360:226:388:224
A,5152,171.825,-1,0,0,1,X,X,X,X,X,260:195:151:141:291:218:320:224:360:226:388:224
A,5153,171.857,-1,0,0,1,X,X,X,X,X,262:195:150:140:292:219:320:223:360:226:388:224
A,5154,171.889,-1,0,0,1,X,X,X,X,X,261:195:150:141:291:218:320:224:360:226:387:224
A,5155,171.921,-1,0,0,1,X,X,X,X,X,260:195:151:141:292:218:320:223:360:226:387:223
A,5156,171.953,-1,0,0,1,X,X,X,X,X,260:195:151:141:291:218:320:224:360:226:388:224
A,5157,172.001,-1,0,0,1,X,X,X,X,X,261:195:150:141:291:218:320:224:360:226:388:224
A,5158,172.033,-1,0,0,1,X,X,X,X,X,261:195:151:141:291:218:320:223:359:226:388:223
A,5159,172.065,-1,0,0,1,X,X,X,X,X,261:195:150:141:291:219:320:224:360:226:388:224
A,5160,172.097,-1,0,0,1,X,X,X,X,X,261:195:151:142:291:219:320:224:360:227:388:225
A,5161,172.129,-1,0,0,1,X,X,X,X,X,262:195:150:142:291:219:319:224:360:227:388:225
A,5162,172.161,-1,0,0,1,X,X,X,X,X,262:195:149:141:291:220:320:225:360:227:389:225
A,5163,172.194,-1,0,0,1,X,X,X,X,X,262:195:150:142:291:219:320:225:360:227:389:225
A,5164,172.225,-1,0,0,1,X,X,X,X,X,262:196:149:141:292:220:321:225:360:227:388:225
A,5165,172.257,-1,0,0,1,X,X,X,X,X,262:196:149:141:291:220:320:225:360:227:388:225
A,5166,172.289,-1,0,0,1,X,X,X,X,X,262:195:150:141:292:220:320:225:360:227:388:225
A,5167,172.321,-1,0,0,1,X,X,X,X,X,261:195:151:142:291:220:320:225:360:228:388:226
A,5168,172.354,-1,0,0,1,X,X,X,X,X,260:195:152:142:290:220:319:225:360:228:389:226
A,5169,172.401,-1,0,0,1,X,X,X,X,X,261:195:151:142:291:220:320:225:360:228:389:226
A,5170,172.433,-1,0,0,1,X,X,X,X,X,261:195:151:142:290:220:320:225:360:227:388:226
A,5171,172.465,-1,0,0,1,X,X,X,X,X,260:195:152:142:290:220:320:225:360:228:388:226
A,5172,172.497,-1,0,0,1,X,X,X,X,X,260:195:152:142:290:220:320:225:359:228:388:226
A,5173,172.529,-1,0,0,1,X,X,X,X,X,260:195:151:142:290:220:319:225:360:228:388:226
A,5174,172.561,-1,0,0,1,X,X,X,X,X,261:195:151:141:290:220:319:224:360:227:389:226
A,5175,172.594,-1,0,0,1,X,X,X,X,X,260:194:152:142:290:219:319:224:360:227:389:226
A,5176,172.625,-1,0,0,1,X,X,X,X,X,261:195:150:142:290:220:319:224:360:227:388:225
A,5177,172.657,-1,0,0,1,X,X,X,X,X,260:196:151:142:291:220:320:225:360:227:388:226
A,5178,172.689,-1,0,0,1,X,X,X,X,X,260:195:152:142:290:220:320:224:359:227:388:225
A,5179,172.721,-1,0,0,1,X,X,X,X,X,260:195:152:141:291:219:320:224:360:226:388:224
A,5180,172.753,-1,0,0,1,X,X,X,X,X,260:195:152:142:290:219:319:224:360:227:388:225
A,5181,172.801,-1,0,0,1,X,X,X,X,X,260:195:151:142:290:220:319:225:359:227:388:225
A,5182,172.833,-1,0,0,1,X,X,X,X,X,260:196:151:141:290:220:319:225:359:227:387:225
A,5183,172.865,-1,0,0,1,X,X,X,X,X,260:195:152:142:290:219:319:225:359:227:388:225
A,5184,172.897,-1,0,0,1,X,X,X,X,X,260:195:151:141:289:220:319:225:359:227:387:225
A,5185,172.929,-1,0,0,1,X,X,X,X,X,261:196:150:141:289:220:318:224:358:227:387:225
A,5186,172.961,-1,0,0,1,X,X,X,X,X,260:195:151:142:289:220:317:225:358:227:386:225
A,5187,172.994,-1,0,0,1,X,X,X,X,X,260:195:151:141:289:219:317:224:358:226:386:224
A,5188,173.025,-1,0,0,1,X,X,X,X,X,259:194:152:143:288:219:317:224:357:226:386:224
A,5189,173.057,-1,0,0,1,X,X,X,X,X,259:196:152:142:287:220:316:225:357:227:386:225
A,5190,173.089,-1,0,0,1,X,X,X,X,X,259:196:151:141:287:220:316:225:357:227:386:225
A,5191,173.121,-1,0,0,1,X,X,X,X,X,260:195:151:142:287:220:316:225:357:227:386:225
A,5192,173.153,-1,0,0,1,X,X,X,X,X,259:195:151:142:287:220:316:225:357:227:386:226
A,5193,173.185,-1,0,0,1,X,X,X,X,X,259:195:151:143:286:221:316:226:356:228:386:226
A,5194,173.233,-1,0,0,1,X,X,X,X,X,259:196:151:141:287:221:315:226:356:228:385:227
A,5195,173.265,-1,0,0,1,X,X,X,X,X,259:196:151:141:286:221:315:226:356:228:385:226
A,5196,173.297,-1,0,0,1,X,X,X,X,X,258:196:152:141:286:221:315:225:356:227:385:226
A,5197,173.329,-1,0,0,1,X,X,X,X,X,258:196:152:142:286:221:315:226:356:228:385:227
A,5198,173.361,-1,0,0,1,X,X,X,X,X,258:197:152:141:286:222:315:226:355:228:385:227
A,5199,173.393,-1,0,0,1,X,X,X,X,X,258:196:152:141:286:221:315:226:356:228:385:226
A,5200,173.425,-1,0,0,1,X,X,X,X,X,259:196:150:141:286:221:315:226:355:228:385:226
A,5201,173.457,-1,0,0,1,X,X,X,X,X,259:196:151:142:285:221:315:226:356:228:385:226
A,5202,173.489,-1,0,0,1,X,X,X,X,X,258:197:152:140:286:222:315:226:356:228:385:227
A,5203,173.521,-1,0,0,1,X,X,X,X,X,258:197:152:140:285:222:315:226:356:228:385:226
A,5204,173.553,-1,0,0,1,X,X,X,X,X,258:196:151:141:285:221:315:226:356:228:386:226
A,5205,173.585,-1,0,0,1,X,X,X,X,X,258:196:152:142:285:222:315:226:356:228:385:226
A,5206,173.633,-1,0,0,1,X,X,X,X,X,257:197:153:141:286:222:315:226:356:228:385:227
A,5207,173.665,-1,0,0,1,X,X,X,X,X,258:197:152:140:285:222:315:226:356:228:385:227
A,5208,173.697,-1,0,0,1,X,X,X,X,X,259:196:150:140:286:221:314:225:355:228:384:226
A,5209,173.729,-1,0,0,1,X,X,X,X,X,259:196:150:141:286:221:315:225:356:228:385:226
A,5210,173.761,-1,0,0,1,X,X,X,X,X,258:196:151:142:285:222:315:226:355:228:384:227
A,5211,173.793,-1,0,0,1,X,X,X,X,X,258:197:152:140:286:222:315:226:356:228:386:227
A,5212,173.825,-1,0,0,1,X,X,X,X,X,259:195:150:142:286:221:315:226:356:228:385:226
A,5213,173.857,-1,0,0,1,X,X,X,X,X,259:196:151:141:285:221:315:226:356:228:386:226
A,5214,173.889,-1,0,0,1,X,X,X,X,X,258:197:152:141:286:222:315:227:356:229:385:227
A,5215,173.921,-1,0,0,1,X,X,X,X,X,258:197:152:141:286:222:315:226:356:228:385:227
A,5216,173.953,-1,0,0,1,X,X,X,X,X,258:196:152:142:286:221:316:226:356:228:386:226
A,5217,173.985,-1,0,0,1,X,X,X,X,X,258:196:152:142:286:222:315:226:356:228:386:226
A,5218,174.033,-1,0,0,1,X,X,X,X,X,259:197:151:141:286:222:316:227:356:229:386:227
A,5219,174.065,-1,0,0,1,X,X,X,X,X,259:197:151:141:286:222:316:227:356:228:385:227
A,5220,174.097,-1,0,0,1,X,X,X,X,X,258:197:152:141:286:222:315:226:356:228:385:227
A,5221,174.129,-1,0,0,1,X,X,X,X,X,258:197:152:141:286:222:316:227:356:229:385:227
A,5222,174.161,-1,0,0,1,X,X,X,X,X,259:197:151:140:286:222:315:227:356:229:386:227
A,5223,174.193,-1,0,0,1,X,X,X,X,X,259:197:151:141:286:222:316:227:357:229:386:227
A,5224,174.225,-1,0,0,1,X,X,X,X,X,259:197:151:141:286:222:316:226:356:228:385:227
A,5225,174.257,-1,0,0,1,X,X,X,X,X,258:197:152:140:286:222:315:226:356:228:385:227
A,5226,174.289,-1,0,0,1,X,X,X,X,X,258:196:152:142:287:222:316:226:356:228:385:227
A,5227,174.321,-1,0,0,1,X,X,X,X,X,259:196:151:142:287:221:316:226:357:228:385:226
A,5228,174.353,-1,0,0,1,X,X,X,X,X,259:197:151:140:288:220:316:226:356:228:385:225
A,5229,174.385,-1,0,0,1,X,X,X,X,X,259:197:150:140:288:220:316:225:357:228:385:225
A,5230,174.417,-1,0,0,1,X,X,X,X,X,258:197:152:141:287:220:316:226:357:228:386:225
A,5231,174.465,-1,0,0,1,X,X,X,X,X,259:197:151:140:287:220:316:225:356:227:385:225
A,5232,174.497,-1,0,0,1,X,X,X,X,X,258:196:152:141:287:220:316:225:356:227:385:225
A,5233,174.529,-1,0,0,1,X,X,X,X,X,259:196:151:141:287:220:316:226:357:228:386:225
A,5234,174.561,-1,0,0,1,X,X,X,X,X,258:197:152:141:287:220:316:226:356:228:386:225
A,5235,174.593,-1,0,0,1,X,X,X,X,X,258:196:152:141:287:220:316:225:357:228:386:225
A,5236,174.625,-1,0,0,1,X,X,X,X,X,258:196:152:142:287:220:317:225:357:227:386:225
A,5237,174.657,-1,0,0,1,X,X,X,X,X,258:197:152:141:287:220:317:225:357:228:385:225
A,5238,174.689,-1,0,0,1,X,X,X,X,X,260:197:150:141:288:220:317:226:357:228:386:225
A,5239,174.721,-1,0,0,1,X,X,X,X,X,258:196:152:141:287:220:317:226:357:228:386:225
A,5240,174.753,-1,0,0,1,X,X,X,X,X,258:196:152:141:287:220:317:225:357:227:385:225
A,5241,174.785,-1,0,0,1,X,X,X,X,X,258:196:152:141:286:220:316:226:356:228:386:225
A,5242,174.817,-1,0,0,1,X,X,X,X,X,259:197:151:140:287:220:316:225:356:228:384:225
A,5243,174.865,-1,0,0,1,X,X,X,X,X,258:197:152:140:287:220:316:226:357:228:385:226
A,5244,174.897,-1,0,0,1,X,X,X,X,X,259:196:151:141:287:221:316:226:356:228:385:226
A,5245,174.929,-1,0,0,1,X,X,X,X,X,259:197:151:141:287:221:316:226:356:228:385:226
A,5246,174.961,-1,0,0,1,X,X,X,X,X,258:197:151:141:287:221:315:226:356:228:385:226
A,5247,174.993,-1,0,0,1,X,X,X,X,X,259:197:150:141:288:221:316:226:356:228:385:226
A,5248,175.025,-1,0,0,1,X,X,X,X,X,258:197:151:141:286:221:316:226:356:228:385:226
A,5249,175.057,-1,0,0,1,X,X,X,X,X,259:197:151:140:287:221:316:226:357:228:385:226
A,5250,175.089,-1,0,0,1,X,X,X,X,X,259:197:150:140:287:221:316:226:356:228:385:227
A,5251,175.121,-1,0,0,1,X,X,X,X,X,258:197:152:140:287:221:316:226:356:228:386:227
A,5252,175.153,-1,0,0,1,X,X,X,X,X,259:197:151:140:288:221:316:226:356:228:385:226
A,5253,175.185,-1,0,0,1,X,X,X,X,X,258:197:152:140:288:221:317:226:356:228:385:226
A,5254,175.217,-1,0,0,1,X,X,X,X,X,259:197:150:140:287:221:316:226:356:228:385:226
A,5255,175.265,-1,0,0,1,X,X,X,X,X,259:197:151:141:287:221:316:226:356:228:385:226
A,5256,175.297,-1,0,0,1,X,X,X,X,X,258:196:152:142:287:221:316:226:356:228:385:226
A,5257,175.329,-1,0,0,1,X,X,X,X,X,258:197:152:140:287:220:316:226:356:228:385:226
A,5258,175.361,-1,0,0,1,X,X,X,X,X,258:197:152:141:287:221:316:226:356:228:385:226
A,5259,175.393,-1,0,0,1,X,X,X,X,X,259:197:151:140:287:220:316:226:356:228:385:225
A,5260,175.425,-1,0,0,1,X,X,X,X,X,259:197:150:140:287:221:316:226:356:228:385:226
A,5261,175.457,-1,0,0,1,X,X,X,X,X,258:197:152:141:286:221:316:226:356:228:385:226
A,5262,175.489,-1,0,0,1,X,X,X,X,X,258:197:152:141:286:221:316:226:356:228:385:226
A,5263,175.521,-1,0,0,1,X,X,X,X,X,258:197:152:141:287:221:316:226:356:228:385:226
A,5264,175.553,-1,0,0,1,X,X,X,X,X,258:197:152:141:287:221:316:226:356:228:385:226
A,5265,175.585,-1,0,0,1,X,X,X,X,X,257:197:153:141:287:221:316:226:356:229:385:226
A,5266,175.617,-1,0,0,1,X,X,X,X,X,258:197:152:140:287:221:316:226:356:228:385:227
A,5267,175.649,-1,0,0,1,X,X,X,X,X,258:197:152:140:287:221:316:226:356:228:385:226
A,5268,175.697,-1,0,0,1,X,X,X,X,X,258:197:152:140:286:221:316:226:356:228:385:226
A,5269,175.729,-1,0,0,1,X,X,X,X,X,258:197:151:141:287:221:316:226:356:228:385:226
A,5270,175.761,-1,0,0,1,X,X,X,X,X,258:197:152:141:287:221:316:226:356:229:386:226
A,5271,175.796,-1,0,0,1,X,X,X,X,X,259:197:151:141:287:221:317:226:357:228:386:226
A,5272,175.825,-1,0,0,1,X,X,X,X,X,258:197:152:141:287:221:317:226:357:228:386:226
A,5273,175.857,-1,0,0,1,X,X,X,X,X,259:197:151:141:288:221:317:226:357:229:386:226
A,5274,175.89,-1,0,0,1,X,X,X,X,X,258:197:152:141:289:221:317:226:357:228:386:226
A,5275,175.921,-1,0,0,1,X,X,X,X,X,259:197:151:140:289:221:317:226:357:229:386:226
A,5276,175.953,-1,0,0,1,X,X,X,X,X,259:197:151:141:288:221:317:226:358:229:386:226
A,5277,175.985,-1,0,0,1,X,X,X,X,X,260:197:151:141:288:221:317:226:358:229:387:226
A,5278,176.017,-1,0,0,1,X,X,X,X,X,260:197:151:141:288:221:317:226:358:229:387:226
A,5279,176.049,-1,0,0,1,X,X,X,X,X,259:197:152:142:288:221:317:226:358:229:387:226
A,5280,176.097,-1,0,0,1,X,X,X,X,X,260:197:151:141:288:221:317:226:358:229:386:227
A,5281,176.129,-1,0,0,1,X,X,X,X,X,260:197:151:141:288:221:317:226:358:229:387:227
A,5282,176.161,-1,0,0,1,X,X,X,X,X,260:197:151:141:288:221:318:226:358:229:387:226
A,5283,176.193,-1,0,0,1,X,X,X,X,X,260:197:151:141:288:221:318:226:358:229:387:226
A,5284,176.225,-1,0,0,1,X,X,X,X,X,259:197:152:141:288:221:317:226:358:229:387:226
A,5285,176.257,-1,0,0,1,X,X,X,X,X,259:197:152:141:288:221:317:226:358:229:387:226
A,5286,176.29,-1,0,0,1,X,X,X,X,X,260:197:151:142:288:221:317:226:358:229:387:226
A,5287,176.321,-1,0,0,1,X,X,X,X,X,259:197:152:141:287:221:317:226:358:229:388:226
A,5288,176.353,46,1,0,1,X,X,X,X,X,259:197:151:142:288:221:318:226:358:229:387:227
A,5289,176.385,46,1,1,1,X,C,X,C,X,260:197:152:142:288:223:318:227:358:230:388:229
A,5290,176.417,46,1,1,1,X,C,X,C,X,261:196:150:142:289:223:318:227:358:230:387:229
A,5291,176.45,46,1,1,1,X,C,X,C,X,260:196:151:142:288:224:318:228:357:230:388:229
A,5292,176.515,46,1,1,1,X,C,X,C,X,260:196:151:142:288:224:318:227:358:230:388:229
A,5293,176.53,46,1,1,1,X,C,X,C,X,260:197:151:142:290:223:318:227:359:230:387:229
A,5294,176.561,46,1,0,1,X,X,X,X,X,260:197:151:142:288:222:318:226:359:229:389:228
A,5295,176.593,46,1,0,1,X,X,X,X,X,260:197:151:142:289:222:318:226:359:229:388:228
A,5296,176.625,46,1,0,1,X,X,X,X,X,259:197:152:142:288:221:318:226:359:229:388:228
A,5297,176.657,46,1,0,1,X,X,X,X,X,260:197:151:142:289:221:318:226:359:229:388:227
A,5298,176.69,46,1,0,1,X,X,X,X,X,261:197:151:142:289:221:318:226:359:229:389:227
A,5299,176.721,-1,0,0,1,X,X,X,X,X,260:197:152:141:288:221:318:226:359:229:388:227
A,5300,176.753,-1,0,0,1,X,X,X,X,X,260:197:151:141:289:221:318:226:359:229:388:227
A,5301,176.785,-1,0,0,1,X,X,X,X,X,260:197:152:141:289:221:319:226:360:229:389:227
A,5302,176.817,-1,0,0,1,X,X,X,X,X,260:197:151:142:289:221:319:226:360:229:388:226
A,5303,176.849,-1,0,0,1,X,X,X,X,X,260:197:152:141:289:221:319:226:359:229:389:226
A,5304,176.881,-1,0,0,1,X,X,X,X,X,259:197:153:142:290:221:319:226:360:229:388:227
A,5305,176.929,-1,0,0,1,X,X,X,X,X,260:197:151:141:290:221:319:226:359:229:388:227
A,5306,176.961,-1,0,0,1,X,X,X,X,X,261:197:151:142:290:221:319:227:359:229:387:227
A,5307,176.993,-1,0,0,1,X,X,X,X,X,260:197:151:141:290:221:319:226:360:229:388:227
A,5308,177.025,-1,0,0,1,X,X,X,X,X,260:197:151:141:290:221:319:226:360:229:388:226
A,5309,177.057,-1,0,0,1,X,X,X,X,X,260:197:151:141:290:221:319:227:360:229:388:227
A,5310,177.089,-1,0,0,1,X,X,X,X,X,260:197:151:141:290:221:319:226:360:229:388:227
A,5311,177.121,-1,0,0,1,X,X,X,X,X,260:197:151:140:290:221:319:226:359:228:388:226
A,5312,177.153,-1,0,0,1,X,X,X,X,X,261:197:150:141:290:220:319:226:359:228:387:226
A,5313,177.185,-1,0,0,1,X,X,X,X,X,260:197:151:140:290:220:319:225:359:228:388:226
A,5314,177.217,-1,0,0,1,X,X,X,X,X,260:196:151:141:290:220:319:225:359:228:388:226
A,5315,177.249,-1,0,0,1,X,X,X,X,X,260:196:151:140:290:220:319:225:359:227:388:225
A,5316,177.281,-1,0,0,1,X,X,X,X,X,260:197:151:140:290:220:319:225:359:228:388:225
A,5317,177.329,-1,0,0,1,X,X,X,X,X,260:197:151:141:290:221:320:226:359:228:388:226
A,5318,177.361,-1,0,0,1,X,X,X,X,X,261:197:151:141:290:221:319:226:360:228:389:227
A,5319,177.393,-1,0,0,1,X,X,X,X,X,261:197:151:140:291:220:320:225:361:228:389:226
A,5320,177.425,-1,0,0,1,X,X,X,X,X,261:196:151:141:291:220:321:225:361:228:389:226
A,5321,177.457,-1,0,0,1,X,X,X,X,X,262:197:150:139:292:220:321:225:361:228:390:226
A,5322,177.489,-1,0,0,1,X,X,X,X,X,261:195:151:142:293:220:321:225:361:227:389:226
A,5323,177.521,-1,0,0,1,X,X,X,X,X,261:196:151:141:291:220:321:225:361:227:390:225
A,5324,177.553,-1,0,0,1,X,X,X,X,X,261:196:151:140:292:219:320:224:361:227:389:225
A,5325,177.585,-1,0,0,1,X,X,X,X,X,261:196:151:140:291:219:320:225:361:227:390:224
A,5326,177.617,-1,0,0,1,X,X,X,X,X,262:195:150:140:292:219:321:224:361:227:389:224
A,5327,177.65,-1,0,0,1,X,X,X,X,X,262:196:150:140:292:220:321:224:361:227:389:225
A,5328,177.681,-1,0,0,1,X,X,X,X,X,261:196:152:141:292:220:322:225:362:228:390:226
A,5329,177.713,-1,0,0,1,X,X,X,X,X,262:196:151:141:293:220:322:225:362:228:390:226
A,5330,177.761,-1,0,0,1,X,X,X,X,X,263:196:150:140:294:219:323:224:363:228:390:226
A,5331,177.793,-1,0,0,1,X,X,X,X,X,263:195:150:141:294:219:323:224:363:227:391:225
A,5332,177.825,-1,0,0,1,X,X,X,X,X,263:195:150:141:294:219:323:224:363:227:391:225
A,5333,177.857,-1,0,0,1,X,X,X,X,X,263:196:150:141:293:219:323:225:363:228:391:226
A,5334,177.889,-1,0,0,1,X,X,X,X,X,262:195:151:141:293:219:322:224:362:227:390:226
A,5335,177.921,-1,0,0,1,X,X,X,X,X,262:195:150:140:293:218:322:223:362:226:390:225
A,5336,177.953,-1,0,0,1,X,X,X,X,X,262:195:151:142:294:219:322:224:363:227:390:226
A,5337,177.985,-1,0,0,1,X,X,X,X,X,263:196:150:141:293:220:322:225:363:228:391:226
A,5338,178.017,-1,0,0,1,X,X,X,X,X,262:196:150:141:293:220:322:225:362:228:390:226
A,5339,178.05,-1,0,0,1,X,X,X,X,X,262:195:151:141:293:219:322:224:362:227:390:226
A,5340,178.081,-1,0,0,1,X,X,X,X,X,262:195:151:141:293:219:322:224:362:227:390:225
A,5341,178.113,-1,0,0,1,X,X,X,X,X,261:195:152:142:293:219:322:225:362:228:389:226
A,5342,178.161,-1,0,0,1,X,X,X,X,X,262:196:151:141:293:219:322:225:362:228:390:226
A,5343,178.193,-1,0,0,1,X,X,X,X,X,261:196:151:142:293:220:322:225:362:228:390:225
A,5344,178.225,-1,0,0,1,X,X,X,X,X,261:196:151:141:293:220:322:225:362:228:390:226
A,5345,178.257,-1,0,0,1,X,X,X,X,X,261:196:152:142:293:220:322:225:362:228:390:227
A,5346,178.289,-1,0,0,1,X,X,X,X,X,261:196:152:142:293:220:322:225:362:228:390:227
A,5347,178.321,-1,0,0,1,X,X,X,X,X,262:196:150:142:292:220:321:225:362:228:390:226
A,5348,178.353,-1,0,0,1,X,X,X,X,X,262:195:151:143:293:220:322:225:362:228:389:226
A,5349,178.385,-1,0,0,1,X,X,X,X,X,261:196:151:142:293:220:321:225:362:228:389:227
A,5350,178.417,-1,0,0,1,X,X,X,X,X,262:196:150:142:293:220:321:225:362:228:389:227
A,5351,178.449,-1,0,0,1,X,X,X,X,X,261:196:151:141:292:220:320:225:362:228:389:227
A,5352,178.481,-1,0,0,1,X,X,X,X,X,261:195:152:143:292:220:321:225:362:228:390:226
A,5353,178.513,-1,0,0,1,X,X,X,X,X,262:195:151:143:292:220:321:225:361:228:390:226
A,5354,178.561,-1,0,0,1,X,X,X,X,X,261:196:151:142:292:220:321:225:361:229:390:227
A,5355,178.593,-1,0,0,1,X,X,X,X,X,262:196:150:142:292:220:321:225:361:228:389:226
A,5356,178.625,-1,0,0,1,X,X,X,X,X,261:196:151:142:293:219:321:225:362:228:389:226
A,5357,178.657,-1,0,0,1,X,X,X,X,X,262:196:151:141:292:220:321:225:362:228:390:226
A,5358,178.69,-1,0,0,1,X,X,X,X,X,263:194:150:142:293:218:322:224:362:227:390:225
A,5359,178.721,-1,0,0,1,X,X,X,X,X,262:194:151:142:293:217:322:223:362:226:390:224
A,5360,178.753,-1,0,0,1,X,X,X,X,X,262:193:151:144:293:217:322:223:362:226:390:225
A,5361,178.785,-1,0,0,1,X,X,X,X,X,263:194:151:142:294:217:322:223:362:226:391:224
A,5362,178.817,-1,0,0,1,X,X,X,X,X,263:194:150:143:294:218:323:223:363:226:391:224
A,5363,178.85,-1,0,0,1,X,X,X,X,X,262:193:150:143:294:217:322:223:363:226:390:224
A,5364,178.881,-1,0,0,1,X,X,X,X,X,262:193:150:143:294:217:322:222:363:226:391:224
A,5365,178.913,-1,0,0,1,X,X,X,X,X,262:193:149:143:294:217:322:223:362:226:390:224
A,5366,178.945,-1,0,0,1,X,X,X,X,X,260:193:150:143:293:217:322:222:362:226:389:224
A,5367,178.993,-1,0,0,1,X,X,X,X,X,259:192:149:143:292:217:321:222:361:225:388:223
A,5368,179.025,-1,0,0,1,X,X,X,X,X,258:192:149:142:290:216:320:222:359:224:388:222
A,5369,179.057,-1,0,0,1,X,X,X,X,X,257:193:148:142:289:216:318:222:358:225:386:222
A,5370,179.089,-1,0,0,1,X,X,X,X,X,255:193:149:142:288:216:317:222:357:224:384:222
A,5371,179.121,-1,0,0,1,X,X,X,X,X,254:193:149:141:287:217:316:222:355:224:382:222
A,5372,179.153,-1,0,0,1,X,X,X,X,X,253:193:151:142:286:217:316:223:356:225:383:222
A,5373,179.185,-1,0,0,1,X,X,X,X,X,254:194:149:141:286:218:314:223:355:226:382:223
A,5374,179.217,-1,0,0,1,X,X,X,X,X,255:194:148:141:286:217:315:223:356:226:383:223
A,5375,179.249,-1,0,0,1,X,X,X,X,X,256:194:147:141:288:217:316:223:356:226:383:223
A,5376,179.281,-1,0,0,1,X,X,X,X,X,257:193:148:141:288:217:318:222:356:225:384:223
A,5377,179.313,-1,0,0,1,X,X,X,X,X,258:193:149:140:291:216:319:222:358:225:385:223
A,5378,179.345,-1,0,0,1,X,X,X,X,X,260:192:147:141:292:215:319:220:359:224:386:223
A,5379,179.393,-1,0,0,1,X,X,X,X,X,259:191:150:142:292:215:321:221:360:224:388:222
A,5380,179.425,-1,0,0,1,X,X,X,X,X,259:191:150:142:292:214:321:220:361:224:388:222
A,5381,179.457,-1,0,0,1,X,X,X,X,X,260:191:148:141:293:215:321:221:361:224:387:222
A,5382,179.489,-1,0,0,1,X,X,X,X,X,259:191:148:141:292:215:320:220:360:224:386:222
A,5383,179.521,-1,0,0,1,X,X,X,X,X,258:191:149:141:290:215:319:221:359:224:386:222
A,5384,179.553,-1,0,0,1,X,X,X,X,X,258:191:149:141:291:215:319:221:358:224:386:223
A,5385,179.585,-1,0,0,1,X,X,X,X,X,256:192:151:141:290:215:319:221:358:224:386:223
A,5386,179.617,-1,0,0,1,X,X,X,X,X,256:191:150:143:289:215:318:221:358:225:385:223
A,5387,179.649,-1,0,0,1,X,X,X,X,X,256:192:149:141:288:216:317:222:357:225:385:223
A,5388,179.681,-1,0,0,1,X,X,X,X,X,255:192:149:142:288:216:317:222:356:225:384:223
A,5389,179.713,-1,0,0,1,X,X,X,X,X,255:193:149:141:287:216:316:222:356:225:384:223
A,5390,179.745,-1,0,0,1,X,X,X,X,X,254:193:149:141:286:217:315:222:355:225:383:223
A,5391,179.793,-1,0,0,1,X,X,X,X,X,254:193:149:141:286:217:315:222:355:225:382:223
A,5392,179.825,-1,0,0,1,X,X,X,X,X,253:193:149:141:285:217:314:222:355:226:383:224
A,5393,179.857,-1,0,0,1,X,X,X,X,X,253:194:150:140:284:217:314:223:353:226:381:224
A,5394,179.889,-1,0,0,1,X,X,X,X,X,253:194:149:140:284:218:313:223:355:226:383:224
A,5395,179.921,-1,0,0,1,X,X,X,X,X,253:193:149:142:284:218:314:223:353:226:381:224
A,5396,179.953,-1,0,0,1,X,X,X,X,X,254:194:149:141:284:218:314:223:353:226:381:225
A,5397,179.985,-1,0,0,1,X,X,X,X,X,254:194:149:141:284:218:314:223:354:226:382:224
A,5398,180.017,-1,0,0,1,X,X,X,X,X,253:194:151:141:285:217:314:223:354:226:382:224
A,5399,180.049,-1,0,0,1,X,X,X,X,X,254:193:150:142:285:217:315:223:355:226:383:224
A,5400,180.081,-1,0,0,1,X,X,X,X,X,253:194:152:141:286:218:315:223:355:226:383:225
A,5401,180.113,-1,0,0,1,X,X,X,X,X,254:194:151:141:287:218:316:224:356:227:384:225
A,5402,180.145,-1,0,0,1,X,X,X,X,X,254:194:151:142:287:218:316:224:356:227:383:225
A,5403,180.177,-1,0,0,1,X,X,X,X,X,253:194:152:141:287:218:316:223:356:227:384:225
A,5404,180.225,-1,0,0,1,X,X,X,X,X,253:194:152:141:287:218:316:223:356:227:383:225
A,5405,180.257,-1,0,0,1,X,X,X,X,X,254:194:151:141:287:217:316:223:356:226:384:225
A,5406,180.289,-1,0,0,1,X,X,X,X,X,254:194:151:141:287:218:316:224:356:227:384:225
A,5407,180.321,-1,0,0,1,X,X,X,X,X,253:194:152:142:287:218:316:224:356:227:384:225
A,5408,180.353,-1,0,0,1,X,X,X,X,X,253:194:152:142:287:218:316:224:356:227:384:225
A,5409,180.385,-1,0,0,1,X,X,X,X,X,253:194:152:142:287:218:316:224:356:227:384:225
A,5410,180.417,-1,0,0,1,X,X,X,X,X,253:194:152:141:287:218:316:224:356:227:384:225
A,5411,180.449,-1,0,0,1,X,X,X,X,X,254:195:150:140:287:218:316:224:356:227:384:225
A,5412,180.481,-1,0,0,1,X,X,X,X,X,255:194:149:142:287:218:316:224:356:227:384:226
A,5413,180.513,-1,0,0,1,X,X,X,X,X,255:195:149:140:287:218:316:224:356:227:384:225
A,5414,180.545,-1,0,0,1,X,X,X,X,X,254:194:152:142:287:218:317:224:357:228:385:226
A,5415,180.577,-1,0,0,1,X,X,X,X,X,254:194:151:142:287:218:316:224:357:228:385:226
A,5416,180.625,-1,0,0,1,X,X,X,X,X,255:194:151:142:288:218:317:224:357:228:385:226
A,5417,180.657,-1,0,0,1,X,X,X,X,X,254:194:152:142:287:218:317:224:357:228:385:226
A,5418,180.689,-1,0,0,1,X,X,X,X,X,254:195:151:140:287:219:317:224:356:227:384:226
A,5419,180.721,-1,0,0,1,X,X,X,X,X,254:195:152:141:287:218:316:224:356:228:384:226
A,5420,180.753,-1,0,0,1,X,X,X,X,X,253:195:153:140:286:219:316:224:356:228:384:226
A,5421,180.785,-1,0,0,1,X,X,X,X,X,254:195:150:141:287:219:316:225:356:228:383:226
A,5422,180.817,-1,0,0,1,X,X,X,X,X,253:195:152:141:286:219:316:225:356:228:384:226
A,5423,180.849,-1,0,0,1,X,X,X,X,X,253:195:152:141:285:219:315:225:355:228:383:226
A,5424,180.881,-1,0,0,1,X,X,X,X,X,253:195:153:141:285:219:315:225:356:228:384:226
A,5425,180.913,-1,0,0,1,X,X,X,X,X,254:195:150:141:286:219:315:225:355:228:382:226
A,5426,180.945,-1,0,0,1,X,X,X,X,X,252:195:153:141:286:219:315:224:355:228:383:226
A,5427,180.977,-1,0,0,1,X,X,X,X,X,253:195:152:141:286:219:315:225:355:228:383:226
A,5428,181.025,-1,0,0,1,X,X,X,X,X,254:195:151:141:286:219:316:225:356:228:384:226
A,5429,181.057,-1,0,0,1,X,X,X,X,X,254:195:151:141:286:219:316:225:356:228:384:226
A,5430,181.089,-1,0,0,1,X,X,X,X,X,254:195:151:141:286:219:316:224:356:228:384:226
A,5431,181.121,-1,0,0,1,X,X,X,X,X,253:195:152:141:286:219:315:225:356:228:384:226
A,5432,181.153,-1,0,0,1,X,X,X,X,X,253:195:152:141:286:219:316:225:356:228:384:226
A,5433,181.185,-1,0,0,1,X,X,X,X,X,253:195:152:141:286:219:316:225:356:228:384:226
A,5434,181.217,-1,0,0,1,X,X,X,X,X,253:195:153:141:286:219:315:225:355:228:384:226
A,5435,181.249,-1,0,0,1,X,X,X,X,X,253:195:152:141:287:219:316:225:356:228:384:227
A,5436,181.281,-1,0,0,1,X,X,X,X,X,253:195:152:141:286:219:316:225:356:228:384:226
A,5437,181.313,-1,0,0,1,X,X,X,X,X,253:195:152:141:286:218:316:225:355:228:384:226
A,5438,181.345,-1,0,0,1,X,X,X,X,X,253:195:152:141:286:219:316:224:356:228:384:226
A,5439,181.377,-1,0,0,1,X,X,X,X,X,254:194:151:142:286:219:315:225:356:228:384:226
A,5440,181.409,-1,0,0,1,X,X,X,X,X,254:194:151:142:286:218:315:224:356:228:384:226
A,5441,181.457,-1,0,0,1,X,X,X,X,X,253:194:153:142:286:218:316:224:356:228:384:226
A,5442,181.489,-1,0,0,1,X,X,X,X,X,254:194:152:142:286:218:316:224:357:228:385:226
A,5443,181.521,-1,0,0,1,X,X,X,X,X,254:194:152:142:286:218:316:224:356:228:385:226
A,5444,181.553,-1,0,0,1,X,X,X,X,X,256:194:149:142:287:218:316:224:357:228:385:226
A,5445,181.585,-1,0,0,1,X,X,X,X,X,255:195:152:141:288:218:317:224:357:228:384:226
A,5446,181.617,-1,0,0,1,X,X,X,X,X,255:194:152:142:288:218:317:224:357:228:385:226
A,5447,181.649,-1,0,0,1,X,X,X,X,X,256:194:151:142:289:218:317:224:358:228:385:226
A,5448,181.681,-1,0,0,1,X,X,X,X,X,257:194:150:142:289:218:318:224:358:227:386:226
A,5449,181.713,-1,0,0,1,X,X,X,X,X,258:194:149:141:290:218:318:224:359:227:386:226
A,5450,181.745,-1,0,0,1,X,X,X,X,X,259:193:149:142:291:218:319:223:359:227:387:226
A,5451,181.777,-1,0,0,1,X,X,X,X,X,259:194:150:141:291:217:320:223:360:227:387:226
A,5452,181.809,47,1,0,1,X,X,X,X,X,261:193:148:142:291:217:320:223:359:227:387:227
A,5453,181.857,47,1,1,1,X,C,X,C,X,261:191:150:144:292:219:321:224:360:228:389:228
A,5454,181.889,47,1,1,1,X,C,X,C,X,261:192:150:143:291:219:321:224:360:229:390:229
A,5455,181.921,47,1,1,1,X,C,X,C,X,261:191:151:144:292:219:322:224:361:229:390:229
A,5456,181.953,47,1,1,1,X,C,X,C,X,263:192:149:143:293:218:322:222:362:227:391:229
A,5457,181.985,47,1,0,1,X,X,X,C,X,263:192:150:142:293:217:323:222:363:227:393:228
A,5458,182.017,47,1,0,1,X,X,X,X,X,264:192:149:143:294:217:323:222:364:227:393:228
A,5459,182.049,47,1,0,1,X,X,X,X,X,265:192:149:143:295:217:324:222:364:227:392:227
A,5460,182.081,47,1,0,1,X,X,X,X,X,265:191:148:144:296:216:325:222:365:226:392:227
A,5461,182.113,-1,0,0,1,X,X,X,X,X,265:190:149:144:296:215:325:221:365:226:393:226
A,5462,182.145,-1,0,0,1,X,X,X,X,X,265:189:148:145:296:214:325:220:365:225:393:225
A,5463,182.177,-1,0,0,1,X,X,X,X,X,265:188:148:145:298:214:326:220:366:224:393:224
A,5464,182.209,-1,0,0,1,X,X,X,X,X,263:188:151:145:297:214:326:219:366:223:394:223
A,5465,182.241,-1,0,0,1,X,X,X,X,X,261:188:152:146:296:214:326:220:366:224:393:224
A,5466,182.289,-1,0,0,1,X,X,X,X,X,261:189:151:146:295:215:324:220:365:224:392:224
A,5467,182.321,-1,0,0,1,X,X,X,X,X,259:190:151:146:293:216:322:221:362:224:391:224
A,5468,182.353,-1,0,0,1,X,X,X,X,X,257:191:154:145:290:217:321:221:361:224:389:224
A,5469,182.385,-1,0,0,1,X,X,X,X,X,256:192:153:145:289:217:319:222:360:225:388:224
A,5470,182.417,-1,0,0,1,X,X,X,X,X,256:193:154:145:288:218:318:222:359:225:388:224
A,5471,182.449,-1,0,0,1,X,X,X,X,X,256:193:155:145:288:218:318:223:359:226:388:224
A,5472,182.481,-1,0,0,1,X,X,X,X,X,259:194:152:144:289:219:318:223:359:226:388:225
A,5473,182.513,-1,0,0,1,X,X,X,X,X,258:194:154:144:290:220:319:224:360:226:389:225
A,5474,182.545,-1,0,0,1,X,X,X,X,X,260:192:154:145:291:218:321:223:362:226:391:225
A,5475,182.577,-1,0,0,1,X,X,X,X,X,260:191:155:145:291:217:321:221:363:224:392:223
A,5476,182.609,-1,0,0,1,X,X,X,X,X,261:189:154:145:292:215:322:220:364:223:392:222
A,5477,182.641,-1,0,0,1,X,X,X,X,X,261:187:154:146:292:213:321:218:362:221:392:220
A,5478,182.689,-1,0,0,1,X,X,X,X,X,262:186:153:145:292:212:322:217:363:220:391:219
A,5479,182.721,-1,0,0,1,X,X,X,X,X,261:186:154:145:292:212:322:216:363:220:392:219
A,5480,182.753,-1,0,0,1,X,X,X,X,X,261:186:155:145:292:211:322:216:363:219:392:219
A,5481,182.785,-1,0,0,1,X,X,X,X,X,261:185:155:147:291:211:321:216:362:219:392:218
A,5482,182.817,-1,0,0,1,X,X,X,X,X,260:185:156:146:290:211:321:216:361:219:392:218
A,5483,182.849,-1,0,0,1,X,X,X,X,X,261:186:154:146:289:211:320:217:361:220:392:219
A,5484,182.881,-1,0,0,1,X,X,X,X,X,261:186:153:146:290:212:319:217:361:220:391:219
A,5485,182.913,-1,0,0,1,X,X,X,X,X,260:186:155:147:289:212:319:218:361:221:391:219
A,5486,182.945,-1,0,0,1,X,X,X,X,X,261:188:154:145:289:213:319:218:360:222:391:220
A,5487,182.977,-1,0,0,1,X,X,X,X,X,260:188:155:146:289:214:319:219:360:222:390:221
A,5488,183.009,-1,0,0,1,X,X,X,X,X,260:188:156:146:289:214:319:219:361:222:390:220
A,5489,183.041,-1,0,0,1,X,X,X,X,X,261:188:154:145:290:213:319:219:361:222:390:221
A,5490,183.089,-1,0,0,1,X,X,X,X,X,261:188:153:145:289:213:319:218:360:221:390:220
A,5491,183.121,-1,0,0,1,X,X,X,X,X,260:188:156:145:289:213:319:218:361:221:391:220
A,5492,183.153,-1,0,0,1,X,X,X,X,X,260:187:155:146:290:213:320:218:361:221:390:220
A,5493,183.185,-1,0,0,1,X,X,X,X,X,262:187:154:146:290:213:320:218:362:221:391:220
A,5494,183.217,-1,0,0,1,X,X,X,X,X,262:189:154:144:291:213:321:219:361:222:391:221
A,5495,183.249,-1,0,0,1,X,X,X,X,X,262:188:155:146:291:213:321:218:362:222:391:221
A,5496,183.281,-1,0,0,1,X,X,X,X,X,262:188:154:146:291:213:321:219:362:222:392:221
A,5497,183.313,-1,0,0,1,X,X,X,X,X,262:189:153:145:291:214:320:219:362:222:391:221
A,5498,183.345,-1,0,0,1,X,X,X,X,X,262:189:153:145:290:214:321:219:362:223:392:222
A,5499,183.377,-1,0,0,1,X,X,X,X,X,262:189:155:145:290:214:321:219:362:223:392:221
A,5500,183.409,-1,0,0,1,X,X,X,X,X,261:189:156:147:291:214:321:219:362:223:391:222
A,5501,183.441,-1,0,0,1,X,X,X,X,X,261:189:154:146:291:215:320:220:362:223:391:222
A,5502,183.473,-1,0,0,1,X,X,X,X,X,261:190:155:147:291:215:320:220:362:224:391:222
A,5503,183.521,-1,0,0,1,X,X,X,X,X,260:190:155:146:291:215:321:220:361:223:391:222
A,5504,183.553,-1,0,0,1,X,X,X,X,X,260:190:155:147:291:215:320:220:361:223:390:222
A,5505,183.585,-1,0,0,1,X,X,X,X,X,260:190:155:147:290:215:320:220:361:224:390:222
A,5506,183.617,-1,0,0,1,X,X,X,X,X,260:190:154:147:290:216:320:221:361:224:390:222
A,5507,183.649,-1,0,0,1,X,X,X,X,X,260:191:154:146:290:216:319:221:360:224:389:223
A,5508,183.681,-1,0,0,1,X,X,X,X,X,260:190:154:147:290:216:319:221:360:224:389:222
A,5509,183.713,-1,0,0,1,X,X,X,X,X,260:191:154:146:289:216:319:221:360:224:390:223
A,5510,183.745,-1,0,0,1,X,X,X,X,X,259:191:156:146:289:217:319:222:360:225:390:224
A,5511,183.777,-1,0,0,1,X,X,X,X,X,260:192:154:145:289:217:319:222:360:225:389:224
A,5512,183.809,-1,0,0,1,X,X,X,X,X,260:192:154:146:288:218:319:223:360:225:389:225
A,5513,183.841,-1,0,0,1,X,X,X,X,X,259:193:155:145:289:219:318:223:359:226:389:225
A,5514,183.873,-1,0,0,1,X,X,X,X,X,259:194:154:144:288:219:318:224:360:227:389:226
A,5515,183.921,-1,0,0,1,X,X,X,X,X,259:194:155:145:288:219:318:224:359:227:389:226
A,5516,183.953,-1,0,0,1,X,X,X,X,X,259:194:154:145:288:220:318:225:360:228:389:227
A,5517,183.985,-1,0,0,1,X,X,X,X,X,258:195:155:146:287:220:318:225:359:229:389:228
A,5518,184.017,-1,0,0,1,X,X,X,X,X,258:196:156:144:287:221:317:226:359:229:389:228
A,5519,184.049,-1,0,0,1,X,X,X,X,X,259:195:154:146:287:221:317:226:359:229:389:228
A,5520,184.081,-1,0,0,1,X,X,X,X,X,259:196:154:145:287:222:317:226:359:229:388:228
A,5521,184.113,-1,0,0,1,X,X,X,X,X,259:197:153:144:288:222:317:227:358:229:388:228
A,5522,184.145,-1,0,0,1,X,X,X,X,X,258:196:155:145:286:222:317:227:358:230:389:228
A,5523,184.177,-1,0,0,1,X,X,X,X,X,259:196:154:145:287:222:317:227:358:229:388:228
A,5524,184.209,-1,0,0,1,X,X,X,X,X,258:196:155:144:287:222:317:226:359:229:388:228
A,5525,184.241,-1,0,0,1,X,X,X,X,X,258:196:154:145:287:222:317:226:359:229:388:228
A,5526,184.273,-1,0,0,1,X,X,X,X,X,258:196:154:145:288:222:318:226:359:229:388:228
A,5527,184.321,-1,0,0,1,X,X,X,X,X,259:196:154:144:288:221:318:226:360:229:389:227
A,5528,184.353,-1,0,0,1,X,X,X,X,X,259:196:153:144:289:221:318:226:359:228:388:227
A,5529,184.386,-1,0,0,1,X,X,X,X,X,259:195:153:144:288:221:318:225:359:228:388:227
A,5530,184.417,-1,0,0,1,X,X,X,X,X,259:194:153:146:289:220:318:225:359:228:388:227
A,5531,184.449,-1,0,0,1,X,X,X,X,X,259:194:154:145:288:220:318:224:359:227:388:226
A,5532,184.481,-1,0,0,1,X,X,X,X,X,259:193:154:145:289:219:318:223:359:226:389:225
A,5533,184.513,-1,0,0,1,X,X,X,X,X,259:192:154:146:288:218:318:223:359:226:388:225
A,5534,184.545,-1,0,0,1,X,X,X,X,X,260:192:152:146:289:218:318:223:359:225:388:225
A,5535,184.577,-1,0,0,1,X,X,X,X,X,259:191:153:146:288:218:317:222:358:224:388:224
A,5536,184.609,-1,0,0,1,X,X,X,X,X,259:191:153:146:287:217:317:221:358:224:388:223
A,5537,184.641,-1,0,0,1,X,X,X,X,X,259:191:153:146:288:217:317:221:358:223:387:223
A,5538,184.673,-1,0,0,1,X,X,X,X,X,259:191:153:145:288:217:317:221:357:223:387:223
A,5539,184.705,-1,0,0,1,X,X,X,X,X,260:190:151:146:288:217:317:221:357:223:386:223
A,5540,184.753,-1,0,0,1,X,X,X,X,X,259:191:152:146:287:217:316:221:357:223:386:222
A,5541,184.788,-1,0,0,1,X,X,X,X,X,259:190:151:146:287:217:316:221:356:223:385:222
A,5542,184.841,-1,0,0,1,X,X,X,X,X,258:191:152:145:287:217:316:220:356:223:385:222
A,5543,184.854,-1,0,0,1,X,X,X,X,X,259:190:151:146:287:217:316:220:356:223:385:222
A,5544,184.881,-1,0,0,1,X,X,X,X,X,259:190:151:146:287:216:316:220:356:222:385:222
A,5545,184.913,-1,0,0,1,X,X,X,X,X,259:190:151:145:287:216:316:220:355:222:384:221
A,5546,184.945,-1,0,0,1,X,X,X,X,X,258:190:152:145:287:216:316:220:355:222:385:221
A,5547,184.977,-1,0,0,1,X,X,X,X,X,258:190:151:145:286:216:315:220:355:222:384:221
A,5548,185.009,-1,0,0,1,X,X,X,X,X,257:190:151:146:286:216:315:220:355:222:384:221
A,5549,185.041,-1,0,0,1,X,X,X,X,X,257:190:152:145:287:216:315:220:355:222:384:221
A,5550,185.073,-1,0,0,1,X,X,X,X,X,258:190:151:145:286:216:315:220:355:222:383:221
A,5551,185.105,-1,0,0,1,X,X,X,X,X,257:190:152:145:286:216:315:220:355:222:383:220
A,5552,185.153,-1,0,0,1,X,X,X,X,X,258:191:150:144:286:217:315:220:355:222:383:221
A,5553,185.185,-1,0,0,1,X,X,X,X,X,258:191:151:144:286:217:314:220:354:222:383:221
A,5554,185.217,48,1,0,1,X,X,X,X,X,257:191:151:145:286:218:314:221:354:223:384:223
A,5555,185.249,48,1,1,1,X,C,X,C,X,257:191:152:144:285:219:315:221:355:224:386:223
A,5556,185.281,48,1,1,1,X,C,X,C,X,257:191:152:144:286:219:315:221:354:223:386:223
A,5557,185.313,48,1,1,1,X,C,X,C,X,258:191:150:145:286:219:315:221:356:223:385:223
A,5558,185.345,48,1,0,1,X,X,X,X,X,258:191:151:144:286:218:315:220:356:222:386:222
A,5559,185.377,48,1,0,1,X,X,X,X,X,258:191:150:144:287:217:315:220:356:222:385:222
A,5560,185.409,48,1,0,1,X,X,X,X,X,258:192:150:143:287:217:316:220:356:222:385:221
A,5561,185.441,48,1,0,1,X,X,X,X,X,257:192:152:143:287:217:315:220:356:223:385:221
A,5562,185.473,-1,0,0,1,X,X,X,X,X,257:192:152:143:286:218:315:221:354:223:384:221
A,5563,185.505,-1,0,0,1,X,X,X,X,X,259:192:149:143:287:217:315:221:355:223:384:221
A,5564,185.553,-1,0,0,1,X,X,X,X,X,258:191:150:144:286:217:315:221:355:223:384:221
A,5565,185.585,-1,0,0,1,X,X,X,X,X,258:191:150:143:286:217:315:220:355:223:385:221
A,5566,185.617,-1,0,0,1,X,X,X,X,X,259:191:150:144:286:217:315:221:355:223:384:221
A,5567,185.649,-1,0,0,1,X,X,X,X,X,258:192:151:143:286:217:315:221:354:223:384:221
A,5568,185.681,-1,0,0,1,X,X,X,X,X,259:191:150:144:286:217:315:221:355:223:384:221
A,5569,185.713,-1,0,0,1,X,X,X,X,X,258:192:150:143:287:217:315:221:355:223:384:221
A,5570,185.745,-1,0,0,1,X,X,X,X,X,258:191:150:144:286:217:314:221:354:223:384:221
A,5571,185.777,-1,0,0,1,X,X,X,X,X,258:191:150:145:286:217:315:220:355:222:384:221
A,5572,185.809,-1,0,0,1,X,X,X,X,X,258:191:149:144:286:217:314:221:354:223:384:221
A,5573,185.841,-1,0,0,1,X,X,X,X,X,257:191:151:144:286:217:314:220:354:222:384:221
A,5574,185.873,-1,0,0,1,X,X,X,X,X,258:191:150:144:286:217:315:220:355:222:384:220
A,5575,185.905,-1,0,0,1,X,X,X,X,X,257:192:152:143:287:217:315:220:355:222:384:221
A,5576,185.937,-1,0,0,1,X,X,X,X,X,257:191:151:143:286:217:315:220:355:222:384:221
A,5577,185.985,-1,0,0,1,X,X,X,X,X,259:192:150:142:286:217:315:221:355:222:384:221
A,5578,186.017,-1,0,0,1,X,X,X,X,X,256:191:152:144:286:217:315:220:354:222:384:221
A,5579,186.049,-1,0,0,1,X,X,X,X,X,258:191:150:144:286:217:315:220:355:222:384:221
A,5580,186.081,-1,0,0,1,X,X,X,X,X,259:190:150:144:287:217:316:220:355:222:384:220
A,5581,186.113,-1,0,0,1,X,X,X,X,X,257:191:152:143:287:217:316:220:355:222:384:220
A,5582,186.145,-1,0,0,1,X,X,X,X,X,258:190:151:145:287:216:316:219:356:221:385:220
A,5583,186.177,-1,0,0,1,X,X,X,X,X,260:189:149:145:287:215:316:219:357:221:385:219
A,5584,186.209,-1,0,0,1,X,X,X,X,X,260:189:150:145:289:214:317:218:357:220:385:219
A,5585,186.241,-1,0,0,1,X,X,X,X,X,259:188:150:145:289:214:317:217:357:219:385:217
A,5586,186.273,-1,0,0,1,X,X,X,X,X,260:188:150:145:289:212:317:217:357:219:385:216
A,5587,186.305,-1,0,0,1,X,X,X,X,X,261:186:149:146:290:212:318:216:358:218:386:216
A,5588,186.337,-1,0,0,1,X,X,X,X,X,260:187:150:145:289:212:318:216:358:218:386:216
A,5589,186.385,-1,0,0,1,X,X,X,X,X,261:187:149:145:290:212:318:216:358:218:386:216
A,5590,186.417,-1,0,0,1,X,X,X,X,X,261:187:148:145:289:212:318:216:358:218:386:216
A,5591,186.449,-1,0,0,1,X,X,X,X,X,261:187:149:145:289:212:318:216:358:218:386:216
A,5592,186.481,-1,0,0,1,X,X,X,X,X,260:186:150:146:290:212:318:217:358:218:385:216
A,5593,186.513,-1,0,0,1,X,X,X,X,X,261:187:148:145:290:212:318:217:358:219:386:216
A,5594,186.545,-1,0,0,1,X,X,X,X,X,261:187:149:146:289:212:318:216:358:219:386:216
A,5595,186.577,-1,0,0,1,X,X,X,X,X,261:187:148:146:289:212:318:217:358:218:386:216
A,5596,186.609,-1,0,0,1,X,X,X,X,X,261:187:148:146:289:212:317:217:358:219:386:217
A,5597,186.641,-1,0,0,1,X,X,X,X,X,261:188:149:145:290:213:318:217:357:219:386:217
A,5598,186.673,-1,0,0,1,X,X,X,X,X,261:187:148:146:288:214:317:218:357:220:387:218
A,5599,186.705,-1,0,0,1,X,X,X,X,X,261:188:149:146:289:214:317:218:357:220:386:219
A,5600,186.737,-1,0,0,1,X,X,X,X,X,259:188:151:145:288:214:317:218:357:220:386:219
A,5601,186.785,-1,0,0,1,X,X,X,X,X,259:189:151:144:288:215:317:218:357:221:386:219
A,5602,186.817,-1,0,0,1,X,X,X,X,X,260:189:150:144:288:215:317:218:357:220:385:219
A,5603,186.849,-1,0,0,1,X,X,X,X,X,259:189:151:145:287:215:317:219:357:221:386:219
A,5604,186.881,-1,0,0,1,X,X,X,X,X,258:189:151:145:288:215:317:219:357:221:386:220
A,5605,186.913,-1,0,0,1,X,X,X,X,X,259:189:150:146:288:215:317:219:357:221:386:220
A,5606,186.945,-1,0,0,1,X,X,X,X,X,259:190:151:145:288:215:317:219:357:221:385:220
A,5607,186.977,-1,0,0,1,X,X,X,X,X,258:190:153:144:288:215:317:219:357:222:386:220
A,5608,187.009,-1,0,0,1,X,X,X,X,X,258:190:152:144:288:215:316:219:357:221:386:220
A,5609,187.041,-1,0,0,1,X,X,X,X,X,258:190:152:144:288:216:317:220:357:222:386:220
A,5610,187.073,-1,0,0,1,X,X,X,X,X,259:190:150:144:288:216:317:220:357:222:386:220
A,5611,187.105,-1,0,0,1,X,X,X,X,X,260:191:149:143:288:216:317:219:357:222:386:220
A,5612,187.137,-1,0,0,1,X,X,X,X,X,259:190:150:144:288:215:317:220:357:222:386:220
A,5613,187.169,-1,0,0,1,X,X,X,X,X,260:190:150:144:289:215:317:219:357:221:385:220
A,5614,187.217,-1,0,0,1,X,X,X,X,X,259:191:151:144:289:215:317:219:357:221:386:220
A,5615,187.249,-1,0,0,1,X,X,X,X,X,259:190:151:145:289:215:317:220:357:221:386:219
A,5616,187.281,-1,0,0,1,X,X,X,X,X,260:190:150:145:288:215:317:219:357:221:386:219
A,5617,187.313,-1,0,0,1,X,X,X,X,X,260:190:150:144:288:215:317:220:357:221:386:220
A,5618,187.345,-1,0,0,1,X,X,X,X,X,260:190:151:145:289:215:317:219:358:222:386:220
A,5619,187.377,-1,0,0,1,X,X,X,X,X,259:191:152:144:288:216:316:220:357:222:386:220
A,5620,187.409,-1,0,0,1,X,X,X,X,X,259:190:151:145:288:216:317:220:357:222:387:221
A,5621,187.441,-1,0,0,1,X,X,X,X,X,259:190:151:145:288:216:317:220:357:222:386:221
A,5622,187.473,-1,0,0,1,X,X,X,X,X,259:191:151:145:287:216:317:220:357:222:386:220
A,5623,187.505,-1,0,0,1,X,X,X,X,X,259:191:151:144:288:216:317:221:358:223:386:221
A,5624,187.537,-1,0,0,1,X,X,X,X,X,259:191:151:144:288:216:317:221:357:223:386:221
A,5625,187.569,-1,0,0,1,X,X,X,X,X,260:191:150:144:288:217:317:221:357:223:386:221
A,5626,187.617,-1,0,0,1,X,X,X,X,X,259:191:152:145:289:217:317:221:357:223:385:222
A,5627,187.649,-1,0,0,1,X,X,X,X,X,258:191:152:145:288:217:317:221:357:223:387:221
A,5628,187.681,-1,0,0,1,X,X,X,X,X,259:191:151:145:288:217:317:221:358:223:386:222
A,5629,187.713,-1,0,0,1,X,X,X,X,X,258:192:152:144:288:217:317:221:357:224:386:222
A,5630,187.745,-1,0,0,1,X,X,X,X,X,260:191:150:144:288:217:316:221:357:224:386:222
A,5631,187.777,-1,0,0,1,X,X,X,X,X,259:192:152:143:288:217:317:221:357:223:386:222
A,5632,187.809,-1,0,0,1,X,X,X,X,X,259:191:152:145:288:217:317:221:358:223:387:222
A,5633,187.841,-1,0,0,1,X,X,X,X,X,259:191:152:145:289:217:318:221:358:223:387:222
A,5634,187.873,49,1,0,1,X,X,X,X,X,260:191:152:145:289:218:318:221:359:223:388:223
A,5635,187.905,49,1,1,1,X,C,X,C,X,260:190:152:145:289:218:319:222:359:224:389:224
A,5636,187.937,49,1,1,1,X,C,X,C,X,261:190:151:144:290:218:319:221:359:224:390:224
A,5637,187.969,49,1,1,1,X,C,X,C,X,262:189:150:146:291:217:320:220:360:223:389:223
A,5638,188.001,49,1,0,1,X,X,X,X,X,260:189:152:146:291:216:320:220:361:223:389:223
A,5639,188.049,49,1,0,1,X,X,X,X,X,260:189:151:146:292:214:320:219:360:222:388:221
A,5640,188.081,49,1,0,1,X,X,X,X,X,260:189:151:146:291:214:320:218:360:221:388:220
A,5641,188.113,49,1,0,1,X,X,X,X,X,262:189:149:145:291:214:319:218:360:221:388:219
A,5642,188.145,-1,0,0,1,X,X,X,X,X,261:188:150:146:291:214:320:218:360:221:388:220
A,5643,188.177,-1,0,0,1,X,X,X,X,X,261:189:150:144:291:213:320:218:360:221:388:219
A,5644,188.209,-1,0,0,1,X,X,X,X,X,262:189:148:145:291:214:320:218:360:221:388:219
A,5645,188.241,-1,0,0,1,X,X,X,X,X,261:189:150:144:291:213:320:218:360:221:388:219
A,5646,188.273,-1,0,0,1,X,X,X,X,X,261:188:150:145:291:212:320:217:360:220:389:218
A,5647,188.305,-1,0,0,1,X,X,X,X,X,262:188:149:145:291:213:320:217:361:220:389:218
A,5648,188.337,-1,0,0,1,X,X,X,X,X,261:189:151:145:290:213:320:218:360:221:389:219
A,5649,188.369,-1,0,0,1,X,X,X,X,X,262:188:150:145:291:213:320:218:360:221:389:219
A,5650,188.401,-1,0,0,1,X,X,X,X,X,261:188:150:145:292:212:320:217:361:220:389:218
A,5651,188.449,-1,0,0,1,X,X,X,X,X,261:188:150:145:292:212:320:217:361:220:389:218
A,5652,188.481,-1,0,0,1,X,X,X,X,X,261:188:150:145:291:213:319:218:360:221:388:219
A,5653,188.513,-1,0,0,1,X,X,X,X,X,261:188:149:145:291:213:319:218:360:221:388:219
A,5654,188.545,-1,0,0,1,X,X,X,X,X,260:188:151:144:290:212:320:218:359:220:388:218
A,5655,188.577,-1,0,0,1,X,X,X,X,X,259:188:152:145:290:212:319:217:359:220:388:218
A,5656,188.609,-1,0,0,1,X,X,X,X,X,262:189:148:144:290:213:319:218:360:221:388:219
A,5657,188.641,-1,0,0,1,X,X,X,X,X,260:190:150:143:291:213:319:219:359:221:387:219
A,5658,188.673,-1,0,0,1,X,X,X,X,X,260:189:152:143:291:213:320:218:360:221:388:219
A,5659,188.705,-1,0,0,1,X,X,X,X,X,260:189:152:143:291:213:320:218:360:221:388:219
A,5660,188.737,-1,0,0,1,X,X,X,X,X,259:188:152:145:290:213:320:218:359:221:388:219
A,5661,188.769,-1,0,0,1,X,X,X,X,X,261:189:150:144:291:213:319:218:360:221:388:219
A,5662,188.801,-1,0,0,1,X,X,X,X,X,262:189:149:145:291:213:319:218:360:221:388:219
A,5663,188.849,-1,0,0,1,X,X,X,X,X,261:189:150:144:291:213:320:218:360:221:388:219
A,5664,188.881,-1,0,0,1,X,X,X,X,X,261:189:150:144:291:213:319:218:360:221:388:219
A,5665,188.913,-1,0,0,1,X,X,X,X,X,262:190:148:144:291:213:320:218:360:221:388:219
A,5666,188.945,-1,0,0,1,X,X,X,X,X,261:189:150:144:291:213:320:218:360:221:388:219
A,5667,188.977,-1,0,0,1,X,X,X,X,X,260:189:151:144:291:213:320:218:360:221:388:219
A,5668,189.009,-1,0,0,1,X,X,X,X,X,263:188:148:145:291:213:320:218:360:221:389:219
A,5669,189.041,-1,0,0,1,X,X,X,X,X,262:189:149:144:291:213:320:218:360:221:388:219
A,5670,189.073,-1,0,0,1,X,X,X,X,X,262:189:149:144:291:213:320:218:360:221:388:219
A,5671,189.105,-1,0,0,1,X,X,X,X,X,262:189:149:144:292:213:320:218:360:221:388:219
A,5672,189.137,-1,0,0,1,X,X,X,X,X,261:189:150:144:292:213:320:218:360:221:388:219
A,5673,189.169,-1,0,0,1,X,X,X,X,X,261:189:149:144:291:213:319:218:360:221:388:219
A,5674,189.201,-1,0,0,1,X,X,X,X,X,260:189:151:144:291:213:319:218:360:221:387:219
A,5675,189.233,-1,0,0,1,X,X,X,X,X,262:189:149:144:291:213:319:218:360:221:387:219
A,5676,189.281,-1,0,0,1,X,X,X,X,X,262:189:149:144:291:213:319:218:359:221:387:219
A,5677,189.313,-1,0,0,1,X,X,X,X,X,261:189:149:145:290:213:319:218:359:221:388:219
A,5678,189.345,-1,0,0,1,X,X,X,X,X,262:189:148:144:290:213:319:218:359:221:387:219
A,5679,189.377,-1,0,0,1,X,X,X,X,X,260:189:151:144:290:213:319:218:359:221:388:219
A,5680,189.409,-1,0,0,1,X,X,X,X,X,260:189:151:144:290:213:320:218:359:221:388:219
A,5681,189.441,-1,0,0,1,X,X,X,X,X,260:189:151:144:291:213:319:218:359:221:388:219
A,5682,189.473,-1,0,0,1,X,X,X,X,X,261:189:150:144:291:213:319:218:360:221:388:219
A,5683,189.505,-1,0,0,1,X,X,X,X,X,260:189:150:143:291:213:319:218:359:221:388:219
A,5684,189.537,-1,0,0,1,X,X,X,X,X,261:189:150:144:291:213:319:218:359:221:387:219
A,5685,189.569,-1,0,0,1,X,X,X,X,X,260:189:151:144:290:213:319:218:359:221:387:219
A,5686,189.601,-1,0,0,1,X,X,X,X,X,260:189:152:144:290:213:319:218:359:221:387:219
A,5687,189.633,-1,0,0,1,X,X,X,X,X,260:189:151:144:290:213:319:218:359:221:387:219
A,5688,189.681,-1,0,0,1,X,X,X,X,X,262:189:148:144:290:213:318:218:359:221:387:219
A,5689,189.713,-1,0,0,1,X,X,X,X,X,260:189:150:144:290:214:318:218:358:221:386:219
A,5690,189.745,-1,0,0,1,X,X,X,X,X,261:189:150:144:290:214:318:218:358:221:387:219
A,5691,189.777,-1,0,0,1,X,X,X,X,X,260:189:150:144:290:214:318:218:358:221:386:219
A,5692,189.809,-1,0,0,1,X,X,X,X,X,260:189:150:144:290:214:318:218:358:221:386:219
A,5693,189.841,-1,0,0,1,X,X,X,X,X,261:189:150:144:290:214:318:218:359:221:386:219
A,5694,189.873,-1,0,0,1,X,X,X,X,X,260:189:150:144:290:214:318:218:358:221:386:219
A,5695,189.905,-1,0,0,1,X,X,X,X,X,260:189:151:144:289:213:318:218:358:221:386:219
A,5696,189.937,-1,0,0,1,X,X,X,X,X,261:189:150:144:290:213:318:218:358:221:386:219
A,5697,189.969,-1,0,0,1,X,X,X,X,X,260:189:151:144:290:213:318:218:358:221:387:219
A,5698,190.001,-1,0,0,1,X,X,X,X,X,260:189:150:144:290:214:318:218:358:221:386:219
A,5699,190.033,-1,0,0,1,X,X,X,X,X,259:189:151:144:290:214:318:218:358:221:387:219
A,5700,190.081,-1,0,0,1,X,X,X,X,X,261:189:150:144:290:214:318:219:358:222:386:219
A,5701,190.113,-1,0,0,1,X,X,X,X,X,261:189:150:144:290:214:318:219:358:221:386:219
A,5702,190.145,-1,0,0,1,X,X,X,X,X,260:190:151:144:290:214:318:219:358:222:386:219
A,5703,190.177,-1,0,0,1,X,X,X,X,X,260:189:151:144:289:214:318:219:358:222:387:219
A,5704,190.209,-1,0,0,1,X,X,X,X,X,260:190:150:144:290:214:318:219:358:222:386:220
A,5705,190.241,-1,0,0,1,X,X,X,X,X,260:190:150:144:289:214:318:219:358:222:387:220
A,5706,190.273,-1,0,0,1,X,X,X,X,X,260:190:149:144:289:214:318:219:358:222:386:220
A,5707,190.305,-1,0,0,1,X,X,X,X,X,260:190:151:144:289:214:318:219:357:222:386:220
A,5708,190.337,-1,0,0,1,X,X,X,X,X,260:190:149:144:289:214:317:219:357:222:386:220
A,5709,190.368,-1,0,0,1,X,X,X,X,X,260:190:151:144:288:214:318:219:358:222:387:220
A,5710,190.401,-1,0,0,1,X,X,X,X,X,261:190:148:144:289:214:318:219:357:222:387:221
A,5711,190.433,-1,0,0,1,X,X,X,X,X,260:190:150:144:289:214:318:220:358:222:387:220
A,5712,190.465,-1,0,0,1,X,X,X,X,X,260:190:150:144:289:215:318:220:358:222:386:221
A,5713,190.545,-1,0,0,1,X,X,X,X,X,261:190:150:143:289:214:318:220:357:223:386:220
A,5714,190.577,-1,0,0,1,X,X,X,X,X,260:190:150:144:289:215:318:220:358:223:387:221
A,5715,190.609,-1,0,0,1,X,X,X,X,X,260:190:150:144:289:215:318:220:358:223:386:221
A,5716,190.641,-1,0,0,1,X,X,X,X,X,260:190:150:144:289:215:318:220:358:223:387:221
A,5717,190.673,-1,0,0,1,X,X,X,X,X,260:191:150:143:289:215:318:220:358:223:387:221
A,5718,190.705,-1,0,0,1,X,X,X,X,X,260:190:149:145:289:215:317:220:357:223:386:221
A,5719,190.737,-1,0,0,1,X,X,X,X,X,260:191:149:144:289:215:317:220:358:223:385:221
A,5720,190.769,-1,0,0,1,X,X,X,X,X,259:191:151:144:289:215:317:220:358:223:386:221
A,5721,190.801,-1,0,0,1,X,X,X,X,X,260:190:150:145:288:215:318:220:357:223:387:221
A,5722,190.833,-1,0,0,1,X,X,X,X,X,260:191:150:144:289:215:318:220:358:223:387:222
A,5723,190.865,-1,0,0,1,X,X,X,X,X,260:191:150:143:289:215:317:220:358:223:386:221
A,5724,190.913,-1,0,0,1,X,X,X,X,X,260:190:150:144:289:215:317:220:357:223:385:221
A,5725,190.945,-1,0,0,1,X,X,X,X,X,260:191:150:144:288:215:317:220:357:223:386:221
A,5726,190.977,-1,0,0,1,X,X,X,X,X,260:191:149:143:288:215:317:220:357:223:386:221
A,5727,191.009,-1,0,0,1,X,X,X,X,X,259:191:151:143:288:215:317:220:357:223:385:221
A,5728,191.041,-1,0,0,1,X,X,X,X,X,260:190:150:144:289:215:317:220:357:223:385:221
A,5729,191.073,-1,0,0,1,X,X,X,X,X,259:190:150:144:289:215:317:220:357:223:385:221
A,5730,191.105,-1,0,0,1,X,X,X,X,X,259:191:150:143:289:215:317:220:357:223:385:221
A,5731,191.137,-1,0,0,1,X,X,X,X,X,260:190:150:144:288:215:317:220:357:223:386:221
A,5732,191.169,-1,0,0,1,X,X,X,X,X,259:190:151:144:289:215:317:220:357:223:385:221
A,5733,191.201,-1,0,0,1,X,X,X,X,X,260:190:150:144:289:215:317:220:357:223:385:221
A,5734,191.233,-1,0,0,1,X,X,X,X,X,261:190:149:145:289:215:317:220:358:223:386:220
A,5735,191.265,-1,0,0,1,X,X,X,X,X,260:190:151:144:288:215:317:220:358:223:386:221
A,5736,191.312,-1,0,0,1,X,X,X,X,X,260:190:150:145:289:215:317:220:358:223:386:221
A,5737,191.345,-1,0,0,1,X,X,X,X,X,258:191:152:144:289:215:317:220:357:223:385:221
A,5738,191.377,-1,0,0,1,X,X,X,X,X,260:191:150:144:289:215:317:220:358:223:385:221
A,5739,191.408,-1,0,0,1,X,X,X,X,X,261:191:149:144:289:215:317:220:357:223:385:221
A,5740,191.441,-1,0,0,1,X,X,X,X,X,260:190:150:145:288:215:317:220:357:223:386:221
A,5741,191.473,-1,0,0,1,X,X,X,X,X,260:190:150:145:288:215:317:220:358:223:386:221
A,5742,191.505,-1,0,0,1,X,X,X,X,X,260:191:150:144:289:215:317:220:357:223:385:221
A,5743,191.537,-1,0,0,1,X,X,X,X,X,260:190:151:144:288:215:317:220:358:223:386:222
A,5744,191.569,-1,0,0,1,X,X,X,X,X,260:190:150:145:287:215:317:220:358:223:387:221
A,5745,191.601,-1,0,0,1,X,X,X,X,X,260:190:150:145:289:215:317:220:358:223:386:221
A,5746,191.633,-1,0,0,1,X,X,X,X,X,260:190:151:145:289:215:318:220:358:223:386:221
A,5747,191.665,-1,0,0,1,X,X,X,X,X,260:190:151:145:289:215:318:220:358:223:387:221
A,5748,191.696,-1,0,0,1,X,X,X,X,X,261:190:150:145:289:215:318:220:358:223:387:221
A,5749,191.744,-1,0,0,1,X,X,X,X,X,260:190:151:145:289:215:318:220:358:223:387:221
A,5750,191.784,-1,0,0,1,X,X,X,X,X,260:190:150:144:289:215:317:220:358:223:386:221
A,5751,191.813,-1,0,0,1,X,X,X,X,X,259:190:152:144:290:215:318:220:358:223:386:221
A,5752,191.849,-1,0,0,1,X,X,X,X,X,260:190:150:144:289:215:318:219:358:222:386:221
A,5753,191.873,-1,0,0,1,X,X,X,X,X,260:190:151:145:289:215:317:219:358:222:386:221
A,5754,191.905,-1,0,0,1,X,X,X,X,X,260:190:151:144:290:215:318:219:358:222:386:221
A,5755,191.937,-1,0,0,1,X,X,X,X,X,260:190:151:144:289:214:317:219:358:222:386:220
A,5756,191.969,-1,0,0,1,X,X,X,X,X,260:190:151:144:289:214:318:219:358:222:387:220
A,5757,192.001,-1,0,0,1,X,X,X,X,X,260:190:150:144:289:214:317:219:357:222:386:220
A,5758,192.033,-1,0,0,1,X,X,X,X,X,261:190:150:144:289:214:318:219:359:222:387:221
A,5759,192.065,-1,0,0,1,X,X,X,X,X,260:190:151:144:289:214:318:220:358:222:387:221
A,5760,192.097,-1,0,0,1,X,X,X,X,X,260:190:151:145:289:214:318:220:359:222:387:221
A,5761,192.144,-1,0,0,1,X,X,X,X,X,261:190:150:144:290:214:318:220:358:223:386:221
A,5762,192.177,-1,0,0,1,X,X,X,X,X,261:190:150:145:289:214:318:220:359:223:387:221
A,5763,192.208,-1,0,0,1,X,X,X,X,X,260:190:151:145:290:214:318:220:359:222:387:221
A,5764,192.241,-1,0,0,1,X,X,X,X,X,261:190:150:144:290:214:318:219:359:223:386:220
A,5765,192.273,-1,0,0,1,X,X,X,X,X,261:190:150:145:290:215:318:220:358:223:386:221
A,5766,192.305,-1,0,0,1,X,X,X,X,X,261:190:150:144:289:214:318:219:359:222:387:221
A,5767,192.337,-1,0,0,1,X,X,X,X,X,259:190:151:145:290:214:319:220:358:222:386:221
A,5768,192.369,-1,0,0,1,X,X,X,X,X,259:190:152:144:289:214:318:219:358:223:387:221
A,5769,192.401,-1,0,0,1,X,X,X,X,X,260:190:151:144:288:215:318:220:358:223:387:221
A,5770,192.432,-1,0,0,1,X,X,X,X,X,260:190:151:145:289:214:318:220:359:222:387:220
A,5771,192.465,-1,0,0,1,X,X,X,X,X,260:190:151:145:289:215:317:220:358:223:386:221
A,5772,192.496,-1,0,0,1,X,X,X,X,X,261:190:150:144:289:215:317:220:358:223:387:221
A,5773,192.545,-1,0,0,1,X,X,X,X,X,260:191:150:143:289:215:318:220:358:223:386:221
A,5774,192.577,-1,0,0,1,X,X,X,X,X,260:190:152:145:290:215:318:220:358:223:386:221
A,5775,192.609,-1,0,0,1,X,X,X,X,X,259:190:152:145:289:215:318:220:358:223:386:221
A,5776,192.641,-1,0,0,1,X,X,X,X,X,260:190:150:145:289:215:317:220:358:223:386:221
A,5777,192.673,-1,0,0,1,X,X,X,X,X,260:190:152:145:290:215:318:220:358:223:387:222
A,5778,192.705,-1,0,0,1,X,X,X,X,X,260:191:151:144:290:215:318:220:358:223:386:222
A,5779,192.737,-1,0,0,1,X,X,X,X,X,260:190:151:145:289:215:318:220:358:223:386:221
A,5780,192.768,-1,0,0,1,X,X,X,X,X,261:190:150:145:289:215:318:220:358:223:386:221
A,5781,192.801,-1,0,0,1,X,X,X,X,X,260:190:152:145:289:215:318:220:358:223:387:221
A,5782,192.833,-1,0,0,1,X,X,X,X,X,260:191:151:143:289:215:318:220:358:223:386:221
A,5783,192.865,-1,0,0,1,X,X,X,X,X,259:191:152:143:289:215:318:220:358:223:387:221
A,5784,192.897,-1,0,0,1,X,X,X,X,X,261:190:150:144:289:216:318:221:358:223:387:222
A,5785,192.929,50,1,0,1,X,X,X,X,X,261:190:151:145:290:216:318:221:358:224:386:224
A,5786,192.976,50,1,1,1,X,C,X,C,X,260:190:151:145:288:217:318:221:358:225:388:225
A,5787,193.008,50,1,1,1,X,C,X,C,X,260:190:152:145:288:218:318:222:357:225:388:224
A,5788,193.04,50,1,1,1,X,C,X,C,X,260:191:152:144:289:220:319:223:357:226:387:225
A,5789,193.072,50,1,1,1,X,C,X,C,X,260:190:152:145:289:219:318:223:358:226:388:226
A,5790,193.105,50,1,1,1,X,C,X,C,X,260:190:152:145:288:218:318:222:358:225:389:225
A,5791,193.137,50,1,1,1,X,C,X,C,X,260:190:151:145:289:217:318:221:358:224:387:225
A,5792,193.169,50,1,0,1,X,X,X,X,X,260:190:152:145:288:217:318:221:358:224:387:224
A,5793,193.2,50,1,0,1,X,X,X,X,X,261:190:150:145:289:217:318:221:358:224:387:224
A,5794,193.232,50,1,0,1,X,X,X,X,X,261:190:150:145:289:216:318:220:358:224:387:224
A,5795,193.264,50,1,0,1,X,X,X,X,X,260:190:151:145:289:216:318:220:358:224:387:223
A,5796,193.296,-1,0,0,1,X,X,X,X,X,261:190:149:145:290:216:318:221:358:224:387:224
A,5797,193.328,-1,0,0,1,X,X,X,X,X,261:190:150:145:289:216:318:220:359:223:387:223
A,5798,193.376,-1,0,0,1,X,X,X,X,X,260:190:151:145:290:215:318:220:358:223:386:222
A,5799,193.409,-1,0,0,1,X,X,X,X,X,260:190:151:144:290:215:318:220:358:223:386:222
A,5800,193.44,-1,0,0,1,X,X,X,X,X,261:190:150:144:290:214:318:220:358:222:386:221
A,5801,193.473,-1,0,0,1,X,X,X,X,X,259:190:152:144:290:214:318:219:358:222:386:220
A,5802,193.505,-1,0,0,1,X,X,X,X,X,261:189:150:145:289:213:318:219:358:222:387:220
A,5803,193.536,-1,0,0,1,X,X,X,X,X,261:189:150:145:290:214:318:219:358:222:386:220
A,5804,193.568,-1,0,0,1,X,X,X,X,X,261:190:150:145:290:214:318:220:359:223:387:221
A,5805,193.601,-1,0,0,1,X,X,X,X,X,260:190:152:145:290:214:318:220:358:223:386:221
A,5806,193.633,-1,0,0,1,X,X,X,X,X,261:189:151:146:290:214:318:219:358:222:387:221
A,5807,193.665,-1,0,0,1,X,X,X,X,X,260:190:151:145:290:214:318:219:359:223:387:221
A,5808,193.697,-1,0,0,1,X,X,X,X,X,261:191:150:145:290:215:318:220:359:224:387:222
A,5809,193.728,-1,0,0,1,X,X,X,X,X,261:192:151:145:289:216:318:222:359:225:388:223
A,5810,193.761,-1,0,0,1,X,X,X,X,X,261:191:150:145:289:215:318:221:359:224:387:222
A,5811,193.809,-1,0,0,1,X,X,X,X,X,261:191:150:144:289:215:318:221:358:224:387:222
A,5812,193.841,-1,0,0,1,X,X,X,X,X,261:192:151:144:289:216:317:221:358:224:386:223
A,5813,193.873,-1,0,0,1,X,X,X,X,X,261:193:149:144:289:216:317:222:358:225:386:223
A,5814,193.905,-1,0,0,1,X,X,X,X,X,260:192:150:144:289:216:317:221:358:225:386:223
A,5815,193.937,-1,0,0,1,X,X,X,X,X,259:191:152:145:288:215:317:221:358:224:387:222
A,5816,193.969,-1,0,0,1,X,X,X,X,X,260:192:150:144:289:215:317:221:357:224:385:222
A,5817,194.001,-1,0,0,1,X,X,X,X,X,259:192:152:144:288:216:317:222:358:225:386:223
A,5818,194.033,-1,0,0,1,X,X,X,X,X,260:192:151:145:288:216:317:222:358:225:386:223
A,5819,194.065,-1,0,0,1,X,X,X,X,X,259:191:151:145:288:215:317:221:357:224:386:223
A,5820,194.097,-1,0,0,1,X,X,X,X,X,260:190:151:145:289:214:317:220:358:223:386:221
A,5821,194.129,-1,0,0,1,X,X,X,X,X,260:191:151:145:288:216:317:221:358:224:387:223
A,5822,194.161,-1,0,0,1,X,X,X,X,X,260:192:151:145:289:216:318:222:358:225:387:224
A,5823,194.209,-1,0,0,1,X,X,X,X,X,261:191:151:145:289:215:318:221:359:225:388:223
A,5824,194.241,-1,0,0,1,X,X,X,X,X,260:192:151:145:289:216:318:222:358:225:387:224
A,5825,194.273,-1,0,0,1,X,X,X,X,X,261:191:151:145:289:215:318:220:359:224:388:222
A,5826,194.305,-1,0,0,1,X,X,X,X,X,259:192:153:145:290:216:319:222:360:225:388:224
A,5827,194.337,-1,0,0,1,X,X,X,X,X,261:193:151:145:290:217:319:223:360:227:389:225
A,5828,194.369,-1,0,0,1,X,X,X,X,X,261:191:150:144:290:214:319:220:360:224:388:223
A,5829,194.401,-1,0,0,1,X,X,X,X,X,261:190:150:145:290:214:319:220:359:224:387:223
A,5830,194.433,-1,0,0,1,X,X,X,X,X,260:191:152:145:290:215:319:221:359:225:388:224
A,5831,194.465,-1,0,0,1,X,X,X,X,X,260:191:152:145:290:216:319:222:360:226:389:224
A,5832,194.497,-1,0,0,1,X,X,X,X,X,260:191:151:145:290:216:320:222:360:226:389:225
A,5833,194.528,-1,0,0,1,X,X,X,X,X,261:192:151:144:290:216:320:222:360:226:389:225
A,5834,194.56,-1,0,0,1,X,X,X,X,X,261:193:151:143:292:216:320:223:361:227:389:226
A,5835,194.609,-1,0,0,1,X,X,X,X,X,262:192:150:145:292:217:321:222:362:227:390:226
A,5836,194.64,-1,0,0,1,X,X,X,X,X,262:192:150:145:292:216:321:223:362:227:390:226
A,5837,194.672,-1,0,0,1,X,X,X,X,X,262:192:152:145:293:216:321:222:362:227:390:226
A,5838,194.704,-1,0,0,1,X,X,X,X,X,261:192:152:146:293:217:322:223:362:228:391:227
A,5839,194.737,-1,0,0,1,X,X,X,X,X,262:193:152:146:293:217:322:224:363:228:391:227
A,5840,194.769,-1,0,0,1,X,X,X,X,X,262:193:152:146:293:218:322:224:363:228:391:228
A,5841,194.801,-1,0,0,1,X,X,X,X,X,262:193:151:145:293:218:322:224:363:229:391:228
A,5842,194.832,-1,0,0,1,X,X,X,X,X,263:193:150:146:292:218:322:224:363:229:391:229
A,5843,194.864,-1,0,0,1,X,X,X,X,X,263:194:151:146:292:219:322:226:363:231:392:230
A,5844,194.897,-1,0,0,1,X,X,X,X,X,263:196:150:144:292:220:322:226:363:231:391:231
A,5845,194.929,-1,0,0,1,X,X,X,X,X,262:196:152:144:293:220:322:227:362:232:391:231
A,5846,194.96,-1,0,0,1,X,X,X,X,X,263:196:151:144:292:220:322:227:363:231:392:231
A,5847,194.993,-1,0,0,1,X,X,X,X,X,263:196:152:144:292:221:322:227:362:232:391:231
A,5848,195.04,-1,0,0,1,X,X,X,X,X,263:195:152:145:293:220:322:227:363:232:391:231
A,5849,195.073,-1,0,0,1,X,X,X,X,X,263:195:152:144:293:219:322:226:363:231:392:231
A,5850,195.105,-1,0,0,1,X,X,X,X,X,263:195:152:144:293:220:322:226:363:231:392:231
A,5851,195.137,-1,0,0,1,X,X,X,X,X,263:194:152:145:293:219:323:226:363:231:392:230
A,5852,195.169,-1,0,0,1,X,X,X,X,X,263:195:152:144:293:219:323:226:363:231:392:231
A,5853,195.201,-1,0,0,1,X,X,X,X,X,263:193:151:145:293:218:323:225:363:230:392:230
A,5854,195.233,-1,0,0,1,X,X,X,X,X,263:193:152:144:293:218:323:225:363:230:392:229
A,5855,195.265,-1,0,0,1,X,X,X,X,X,263:193:152:145:294:217:323:224:364:229:392:229
A,5856,195.297,-1,0,0,1,X,X,X,X,X,264:193:150:145:293:217:323:224:363:228:392:228
A,5857,195.329,-1,0,0,1,X,X,X,X,X,263:192:151:145:294:216:323:222:363:228:392:227
A,5858,195.36,-1,0,0,1,X,X,X,X,X,264:191:151:146:294:216:323:222:363:227:392:226
A,5859,195.393,-1,0,0,1,X,X,X,X,X,264:191:150:145:294:216:323:222:364:226:392:226
A,5860,195.441,-1,0,0,1,X,X,X,X,X,264:191:150:145:294:215:323:222:364:226:392:225
A,5861,195.472,-1,0,0,1,X,X,X,X,X,264:189:151:147:293:214:323:221:364:225:393:224
A,5862,195.505,-1,0,0,1,X,X,X,X,X,263:189:152:146:294:214:323:220:363:225:392:224
A,5863,195.537,-1,0,0,1,X,X,X,X,X,264:190:151:145:293:215:323:220:363:225:392:224
A,5864,195.568,-1,0,0,1,X,X,X,X,X,264:190:151:144:294:214:323:220:363:224:392:223
A,5865,195.6,-1,0,0,1,X,X,X,X,X,264:188:151:146:294:213:323:219:363:223:392:222
A,5866,195.632,-1,0,0,1,X,X,X,X,X,264:188:150:146:294:213:322:219:362:223:391:222
A,5867,195.665,-1,0,0,1,X,X,X,X,X,264:189:149:145:294:213:323:219:362:222:391:222
A,5868,195.697,-1,0,0,1,X,X,X,X,X,263:187:151:146:293:213:323:218:362:221:391:221
A,5869,195.729,-1,0,0,1,X,X,X,X,X,263:187:150:146:293:212:322:217:362:221:390:220
A,5870,195.76,-1,0,0,1,X,X,X,X,X,263:187:151:146:294:212:322:217:362:221:390:220
A,5871,195.793,-1,0,0,1,X,X,X,X,X,263:187:150:147:292:212:322:217:361:221:391:220
A,5872,195.84,-1,0,0,1,X,X,X,X,X,262:187:151:147:293:212:321:217:361:221:390:220
A,5873,195.872,-1,0,0,1,X,X,X,X,X,263:186:150:149:293:212:322:217:361:220:390:220
A,5874,195.905,-1,0,0,1,X,X,X,X,X,263:186:150:149:292:212:321:217:361:221:390:220
A,5875,195.938,-1,0,0,1,X,X,X,X,X,263:187:150:149:292:213:320:217:361:221:390:221
A,5876,195.969,-1,0,0,1,X,X,X,X,X,263:187:149:149:292:213:320:217:360:220:389:221
A,5877,196.001,-1,0,0,1,X,X,X,X,X,261:187:153:148:292:213:321:218:361:221:390:221
A,5878,196.033,-1,0,0,1,X,X,X,X,X,262:188:152:148:292:213:321:218:361:221:389:221
A,5879,196.065,-1,0,0,1,X,X,X,X,X,262:188:151:149:292:214:321:219:361:222:389:222
A,5880,196.097,-1,0,0,1,X,X,X,X,X,262:189:151:148:292:215:321:219:361:223:389:223
A,5881,196.129,-1,0,0,1,X,X,X,X,X,263:189:150:148:292:215:321:220:361:223:390:223
A,5882,196.16,-1,0,0,1,X,X,X,X,X,263:189:150:147:293:215:322:220:361:223:390:223
A,5883,196.192,-1,0,0,1,X,X,X,X,X,263:190:151:146:292:215:321:220:362:224:391:223
A,5884,196.224,-1,0,0,1,X,X,X,X,X,264:190:149:145:293:216:322:220:362:224:391:224
A,5885,196.272,-1,0,0,1,X,X,X,X,X,263:190:151:145:293:215:322:220:362:224:391:223
A,5886,196.304,-1,0,0,1,X,X,X,X,X,264:190:150:145:293:214:323:220:363:223:391:222
A,5887,196.336,-1,0,0,1,X,X,X,X,X,263:189:151:144:293:214:323:219:363:223:391:222
A,5888,196.368,-1,0,0,1,X,X,X,X,X,263:189:151:145:293:214:322:219:363:223:392:222
A,5889,196.401,-1,0,0,1,X,X,X,X,X,263:189:151:145:293:213:322:219:362:223:390:222
A,5890,196.433,-1,0,0,1,X,X,X,X,X,263:189:150:145:293:214:322:220:363:223:391:222
A,5891,196.465,-1,0,0,1,X,X,X,X,X,263:190:151:143:293:214:322:220:362:223:391:222
A,5892,196.497,-1,0,0,1,X,X,X,X,X,264:189:150:145:294:214:323:219:362:223:391:222
A,5893,196.529,-1,0,0,1,X,X,X,X,X,263:189:151:145:293:214:322:219:362:223:391:221
A,5894,196.56,-1,0,0,1,X,X,X,X,X,264:190:149:144:293:214:322:220:362:223:391:222
A,5895,196.593,-1,0,0,1,X,X,X,X,X,263:190:151:144:293:214:322:220:362:224:391:222
A,5896,196.624,-1,0,0,1,X,X,X,X,X,264:190:150:143:294:214:323:220:363:223:391:222
A,5897,196.672,-1,0,0,1,X,X,X,X,X,265:190:149:143:294:214:323:219:363:223:392:222
A,5898,196.704,-1,0,0,1,X,X,X,X,X,264:191:151:143:294:215:324:220:363:224:393:223
A,5899,196.737,-1,0,0,1,X,X,X,X,X,264:191:152:144:294:215:324:221:364:225:393:223
A,5900,196.768,-1,0,0,1,X,X,X,X,X,265:190:149:144:295:215:324:221:364:225:392:223
A,5901,196.801,-1,0,0,1,X,X,X,X,X,265:190:149:144:294:214:323:220:364:224:392:223
A,5902,196.832,-1,0,0,1,X,X,X,X,X,265:190:149:143:294:215:323:220:364:225:393:223
A,5903,196.864,-1,0,0,1,X,X,X,X,X,264:190:152:145:294:215:323:221:364:225:393:223
A,5904,196.897,-1,0,0,1,X,X,X,X,X,264:190:151:144:294:215:323:221:364:225:393:223
A,5905,196.929,-1,0,0,1,X,X,X,X,X,263:190:152:144:294:215:323:221:364:225:393:223
A,5906,196.96,-1,0,0,1,X,X,X,X,X,264:191:151:144:294:215:323:221:363:225:392:224
A,5907,196.993,-1,0,0,1,X,X,X,X,X,262:191:153:143:294:215:323:221:363:225:392:223
A,5908,197.025,-1,0,0,1,X,X,X,X,X,264:190:151:144:293:215:323:221:363:225:392:223
A,5909,197.072,-1,0,0,1,X,X,X,X,X,263:190:153:143:294:215:323:221:363:225:392:223
A,5910,197.104,-1,0,0,1,X,X,X,X,X,263:190:153:144:293:215:323:221:364:225:393:223
A,5911,197.137,-1,0,0,1,X,X,X,X,X,263:190:153:143:293:215:323:221:363:225:392:223
A,5912,197.169,-1,0,0,1,X,X,X,X,X,264:190:152:144:293:215:323:221:364:225:393:223
A,5913,197.2,-1,0,0,1,X,X,X,X,X,263:190:152:144:294:215:323:221:364:225:393:223
A,5914,197.233,-1,0,0,1,X,X,X,X,X,265:190:150:144:294:214:323:221:363:225:392:223
A,5915,197.265,-1,0,0,1,X,X,X,X,X,264:191:151:143:293:215:323:221:364:225:392:223
A,5916,197.297,-1,0,0,1,X,X,X,X,X,264:191:151:143:294:215:323:221:363:225:392:223
A,5917,197.328,-1,0,0,1,X,X,X,X,X,264:191:151:142:294:215:323:221:364:225:392:224
A,5918,197.36,-1,0,0,1,X,X,X,X,X,265:190:151:144:294:215:323:221:363:225:392:223
A,5919,197.392,51,1,0,1,X,X,X,X,X,263:190:152:144:294:215:323:221:364:225:392:224
A,5920,197.424,51,1,0,1,X,X,X,X,X,264:190:151:143:293:216:322:221:363:226:392:226
A,5921,197.457,51,1,1,1,X,C,X,C,X,263:190:152:144:293:217:322:221:363:226:393:227
A,5922,197.504,51,1,1,1,X,C,X,C,X,263:190:152:144:293:217:322:221:363:225:392:227
A,5923,197.537,51,1,0,1,X,X,X,X,X,265:190:150:144:294:216:323:221:364:225:393:226
A,5924,197.568,51,1,0,1,X,X,X,X,X,264:190:150:144:293:215:322:220:364:225:393:225
A,5925,197.601,51,1,0,1,X,X,X,X,X,263:191:151:143:294:215:322:221:363:225:391:224
A,5926,197.632,51,1,0,1,X,X,X,X,X,263:191:152:143:293:215:322:221:363:225:391:223
A,5927,197.665,-1,0,0,1,X,X,X,X,X,264:190:150:144:292:215:321:221:363:225:391:224
A,5928,197.697,-1,0,0,1,X,X,X,X,X,263:190:151:145:292:215:321:221:363:225:391:224
A,5929,197.728,-1,0,0,1,X,X,X,X,X,264:191:150:144:292:215:321:221:363:225:391:224
A,5930,197.76,-1,0,0,1,X,X,X,X,X,263:191:151:144:293:215:321:221:362:225:390:224
A,5931,197.792,-1,0,0,1,X,X,X,X,X,262:191:152:144:292:215:322:221:362:225:391:224
A,5932,197.825,-1,0,0,1,X,X,X,X,X,262:191:152:144:292:216:321:221:362:225:390:224
A,5933,197.857,-1,0,0,1,X,X,X,X,X,263:191:151:145:292:217:321:222:362:226:390:225
A,5934,197.904,-1,0,0,1,X,X,X,X,X,262:192:151:143:292:217:321:222:362:226:390:226
A,5935,197.937,-1,0,0,1,X,X,X,X,X,263:192:151:144:293:217:321:222:361:226:390:226
A,5936,197.968,-1,0,0,1,X,X,X,X,X,262:192:152:143:292:217:321:223:361:226:390:226
A,5937,198.0,-1,0,0,1,X,X,X,X,X,263:192:151:144:292:217:321:223:361:227:390:226
A,5938,198.032,-1,0,0,1,X,X,X,X,X,262:192:152:144:292:218:321:223:361:227:390:226
A,5939,198.064,-1,0,0,1,X,X,X,X,X,262:192:152:144:292:218:321:223:361:227:389:226
A,5940,198.097,-1,0,0,1,X,X,X,X,X,262:192:152:144:292:218:321:223:361:227:389:226
A,5941,198.129,-1,0,0,1,X,X,X,X,X,262:193:152:144:291:218:321:223:361:227:390:227
A,5942,198.16,-1,0,0,1,X,X,X,X,X,262:193:152:143:291:219:321:224:361:228:390:227
A,5943,198.192,-1,0,0,1,X,X,X,X,X,262:193:152:144:291:218:320:224:361:228:390:227
A,5944,198.225,-1,0,0,1,X,X,X,X,X,262:193:152:144:291:219:321:224:361:228:390:227
A,5945,198.257,-1,0,0,1,X,X,X,X,X,262:193:152:144:291:218:320:224:361:228:390:227
A,5946,198.289,-1,0,0,1,X,X,X,X,X,263:193:150:144:291:218:320:224:361:228:389:227
A,5947,198.337,-1,0,0,1,X,X,X,X,X,262:194:151:143:291:218:320:224:361:228:390:227
A,5948,198.369,-1,0,0,1,X,X,X,X,X,262:193:151:144:291:219:320:224:361:228:390:227
A,5949,198.401,-1,0,0,1,X,X,X,X,X,262:194:153:143:290:219:320:224:361:228:391:227
A,5950,198.433,-1,0,0,1,X,X,X,X,X,262:193:153:144:290:219:320:224:362:228:391:227
A,5951,198.464,-1,0,0,1,X,X,X,X,X,262:194:153:143:290:219:320:224:362:228:391:227
A,5952,198.497,-1,0,0,1,X,X,X,X,X,262:194:152:143:291:219:320:224:361:228:391:227
A,5953,198.528,-1,0,0,1,X,X,X,X,X,262:193:152:144:290:219:320:224:362:228:391:227
A,5954,198.56,-1,0,0,1,X,X,X,X,X,262:193:153:144:290:219:320:224:362:228:392:227
A,5955,198.592,-1,0,0,1,X,X,X,X,X,262:194:153:143:290:219:320:225:362:228:392:227
A,5956,198.624,-1,0,0,1,X,X,X,X,X,262:194:153:143:291:219:321:224:362:228:392:228
A,5957,198.657,-1,0,0,1,X,X,X,X,X,262:194:153:142:290:219:320:224:362:228:392:228
A,5958,198.688,-1,0,0,1,X,X,X,X,X,263:194:151:142:291:219:320:224:361:228:391:227
A,5959,198.736,-1,0,0,1,X,X,X,X,X,262:193:153:144:290:219:320:224:362:228:391:227
A,5960,198.768,-1,0,0,1,X,X,X,X,X,262:193:153:144:290:219:320:224:362:228:391:228
A,5961,198.8,-1,0,0,1,X,X,X,X,X,262:194:153:143:290:219:320:224:362:228:391:228
A,5962,198.832,-1,0,0,1,X,X,X,X,X,261:194:154:142:291:219:321:224:362:228:391:228
A,5963,198.865,-1,0,0,1,X,X,X,X,X,261:194:154:143:290:219:320:224:362:228:391:227
A,5964,198.897,-1,0,0,1,X,X,X,X,X,262:193:153:144:290:219:320:224:362:228:392:228
A,5965,198.929,-1,0,0,1,X,X,X,X,X,263:194:152:143:291:219:321:224:361:228:391:227
A,5966,198.96,-1,0,0,1,X,X,X,X,X,263:194:151:142:291:219:320:224:361:228:390:228
A,5967,198.992,-1,0,0,1,X,X,X,X,X,262:194:153:143:291:219:320:224:361:228:391:228
A,5968,199.024,-1,0,0,1,X,X,X,X,X,262:194:153:143:290:219:320:224:362:228:391:227
A,5969,199.056,-1,0,0,1,X,X,X,X,X,261:194:154:142:291:219:320:224:361:228:390:228
A,5970,199.089,-1,0,0,1,X,X,X,X,X,262:194:153:143:291:219:321:224:361:228:391:227
A,5971,199.137,-1,0,0,1,X,X,X,X,X,262:194:153:142:290:219:320:224:361:228:391:228
A,5972,199.168,-1,0,0,1,X,X,X,X,X,262:193:153:143:291:219:321:224:361:228:390:227
A,5973,199.2,-1,0,0,1,X,X,X,X,X,262:193:152:143:291:219:321:224:361:228:390:227
A,5974,199.232,-1,0,0,1,X,X,X,X,X,264:193:151:143:291:218:320:223:361:227:390:227
A,5975,199.264,-1,0,0,1,X,X,X,X,X,263:193:152:142:291:218:320:223:361:227:390:227
A,5976,199.297,-1,0,0,1,X,X,X,X,X,262:193:152:142:290:218:320:223:360:227:390:226
A,5977,199.328,-1,0,0,1,X,X,X,X,X,263:193:151:142:291:217:320:223:361:227:390:226
A,5978,199.36,-1,0,0,1,X,X,X,X,X,263:193:150:143:291:217:320:223:360:227:389:226
A,5979,199.393,-1,0,0,1,X,X,X,X,X,262:192:153:143:290:218:320:223:361:227:390:226
A,5980,199.425,-1,0,0,1,X,X,X,X,X,262:192:152:143:291:218:320:223:361:226:390:226
A,5981,199.456,-1,0,0,1,X,X,X,X,X,263:193:150:141:291:217:320:222:361:226:390:225
A,5982,199.488,-1,0,0,1,X,X,X,X,X,263:193:151:142:292:218:321:223:361:227:389:226
A,5983,199.52,-1,0,0,1,X,X,X,X,X,263:194:151:140:292:218:321:223:361:226:390:226
A,5984,199.568,-1,0,0,1,X,X,X,X,X,264:193:150:142:293:218:322:223:362:226:391:225
A,5985,199.601,-1,0,0,1,X,X,X,X,X,263:194:151:140:293:218:322:223:363:227:391:225
A,5986,199.633,-1,0,0,1,X,X,X,X,X,264:194:150:140:294:218:323:223:363:226:391:225
A,5987,199.665,-1,0,0,1,X,X,X,X,X,264:194:150:141:294:218:323:223:363:226:391:225
A,5988,199.697,-1,0,0,1,X,X,X,X,X,264:194:150:141:294:218:323:223:363:226:391:225
A,5989,199.728,-1,0,0,1,X,X,X,X,X,264:194:150:141:294:218:324:223:363:226:392:224
A,5990,199.76,-1,0,0,1,X,X,X,X,X,264:194:150:140:294:218:323:223:363:226:391:224
A,5991,199.792,-1,0,0,1,X,X,X,X,X,263:194:152:141:294:218:323:223:364:226:392:225
A,5992,199.824,-1,0,0,1,X,X,X,X,X,264:194:150:140:293:218:323:223:363:226:391:225
A,5993,199.857,-1,0,0,1,X,X,X,X,X,263:194:152:141:293:218:323:223:363:226:392:225
A,5994,199.888,-1,0,0,1,X,X,X,X,X,263:194:151:140:293:218:323:223:363:226:391:225
A,5995,199.92,-1,0,0,1,X,X,X,X,X,264:195:150:139:294:218:323:223:363:226:391:225
A,5996,199.968,-1,0,0,1,X,X,X,X,X,263:195:151:139:293:219:322:223:362:226:391:225
A,5997,200.007,-1,0,0,1,X,X,X,X,X,263:195:151:139:293:218:323:223:363:226:391:225
A,5998,200.039,-1,0,0,1,X,X,X,X,X,262:195:152:140:293:219:322:224:362:226:391:224
A,5999,200.068,-1,0,0,1,X,X,X,X,X,263:196:151:138:293:219:322:224:362:226:391:225
A,6000,200.097,-1,0,0,1,X,X,X,X,X,263:196:150:139:294:219:322:224:362:227:389:225
A,6001,200.129,-1,0,0,1,X,X,X,X,X,262:196:151:139:293:220:322:225:362:227:390:225
A,6002,200.165,-1,0,0,1,X,X,X,X,X,262:196:152:138:292:220:321:224:362:227:390:225
A,6003,200.192,-1,0,0,1,X,X,X,X,X,263:196:150:139:292:220:321:224:362:227:390:225
A,6004,200.224,-1,0,0,1,X,X,X,X,X,262:196:151:138:292:220:321:224:362:227:390:225
A,6005,200.256,-1,0,0,1,X,X,X,X,X,263:196:150:139:293:220:321:224:362:227:389:225
A,6006,200.288,-1,0,0,1,X,X,X,X,X,262:196:151:139:293:219:321:224:362:227:390:225
A,6007,200.32,-1,0,0,1,X,X,X,X,X,263:196:150:138:293:220:322:224:362:227:389:224
A,6008,200.368,-1,0,0,1,X,X,X,X,X,263:196:150:138:293:220:321:224:362:227:390:225
A,6009,200.4,-1,0,0,1,X,X,X,X,X,263:196:150:138:292:219:321:224:362:227:390:225
A,6010,200.432,-1,0,0,1,X,X,X,X,X,263:195:150:139:292:219:322:224:361:227:390:225
A,6011,200.464,-1,0,0,1,X,X,X,X,X,263:196:150:138:293:220:322:224:362:227:390:225
A,6012,200.496,-1,0,0,1,X,X,X,X,X,263:196:150:139:293:219:322:224:361:226:389:224
A,6013,200.528,-1,0,0,1,X,X,X,X,X,262:195:151:140:293:219:322:224:362:226:390:225
A,6014,200.56,-1,0,0,1,X,X,X,X,X,262:195:152:140:293:219:321:223:361:226:390:224
A,6015,200.592,-1,0,0,1,X,X,X,X,X,262:195:152:139:293:218:322:223:362:226:390:225
A,6016,200.624,-1,0,0,1,X,X,X,X,X,262:195:152:139:293:218:321:223:362:226:390:224
A,6017,200.656,-1,0,0,1,X,X,X,X,X,261:194:153:140:293:218:322:223:362:226:390:224
A,6018,200.688,-1,0,0,1,X,X,X,X,X,263:194:151:140:293:218:321:223:362:225:390:223
A,6019,200.72,-1,0,0,1,X,X,X,X,X,263:194:151:140:293:218:322:223:362:225:390:224
A,6020,200.752,-1,0,0,1,X,X,X,X,X,264:194:150:140:293:218:322:222:363:225:391:224
A,6021,200.8,-1,0,0,1,X,X,X,X,X,263:193:151:141:293:218:322:222:363:225:390:224
A,6022,200.832,-1,0,0,1,X,X,X,X,X,264:193:150:142:293:217:322:222:363:225:391:224
A,6023,200.864,-1,0,0,1,X,X,X,X,X,263:193:151:141:293:217:322:222:362:225:391:223
A,6024,200.896,-1,0,0,1,X,X,X,X,X,264:193:150:141:294:217:323:222:363:225:391:224
A,6025,200.928,-1,0,0,1,X,X,X,X,X,264:192:150:142:293:217:323:222:363:225:392:224
A,6026,200.96,-1,0,0,1,X,X,X,X,X,264:193:150:142:294:217:323:222:363:225:391:224
A,6027,200.992,-1,0,0,1,X,X,X,X,X,263:193:151:141:293:217:322:222:363:225:391:224
A,6028,201.024,-1,0,0,1,X,X,X,X,X,265:193:149:141:294:217:323:222:363:225:392:224
A,6029,201.056,-1,0,0,1,X,X,X,X,X,264:193:150:142:294:217:323:222:363:226:391:225
A,6030,201.088,-1,0,0,1,X,X,X,X,X,264:193:150:142:294:218:322:223:363:226:391:225
A,6031,201.12,-1,0,0,1,X,X,X,X,X,263:194:152:141:294:218:322:223:363:226:391:224
A,6032,201.152,-1,0,0,1,X,X,X,X,X,263:194:152:141:294:218:322:223:363:226:391:225
A,6033,201.2,-1,0,0,1,X,X,X,X,X,264:194:150:141:294:218:323:223:363:226:391:225
A,6034,201.232,-1,0,0,1,X,X,X,X,X,263:194:151:141:293:218:322:223:363:226:391:225
A,6035,201.264,-1,0,0,1,X,X,X,X,X,263:194:151:141:294:218:322:223:362:226:390:225
A,6036,201.296,-1,0,0,1,X,X,X,X,X,264:194:150:142:293:219:322:223:363:226:391:225
A,6037,201.328,-1,0,0,1,X,X,X,X,X,263:195:151:140:293:218:323:223:362:226:391:225
A,6038,201.36,-1,0,0,1,X,X,X,X,X,263:194:151:141:293:219:322:223:362:226:390:225
A,6039,201.392,-1,0,0,1,X,X,X,X,X,264:194:149:142:293:218:322:223:362:226:390:225
A,6040,201.424,-1,0,0,1,X,X,X,X,X,263:194:151:141:293:218:322:223:362:227:390:225
A,6041,201.456,-1,0,0,1,X,X,X,X,X,263:195:151:140:293:218:322:223:362:226:390:225
A,6042,201.517,-1,0,0,1,X,X,X,X,X,264:194:150:141:293:219:322:223:362:226:390:225
A,6043,201.528,-1,0,0,1,X,X,X,X,X,263:194:151:142:294:218:322:223:362:226:390:225
A,6044,201.555,-1,0,0,1,X,X,X,X,X,264:194:149:141:294:218:322:223:362:227:390:225
A,6045,201.6,-1,0,0,1,X,X,X,X,X,263:194:151:141:293:218:321:223:362:227:390:225
A,6046,201.632,-1,0,0,1,X,X,X,X,X,263:194:151:141:293:218:322:223:362:227:390:225
A,6047,201.664,-1,0,0,1,X,X,X,X,X,262:194:152:141:293:218:322:223:362:226:390:225
A,6048,201.696,-1,0,0,1,X,X,X,X,X,263:194:151:142:293:218:322:223:362:226:389:225
A,6049,201.728,-1,0,0,1,X,X,X,X,X,262:194:152:141:293:218:322:223:362:226:389:225
A,6050,201.76,-1,0,0,1,X,X,X,X,X,263:194:151:142:293:218:322:223:362:226:390:225
A,6051,201.793,-1,0,0,1,X,X,X,X,X,262:194:151:141:292:218:321:223:362:226:390:225
A,6052,201.824,-1,0,0,1,X,X,X,X,X,262:194:152:140:293:218:322:223:362:226:390:225
A,6053,201.856,-1,0,0,1,X,X,X,X,X,263:193:151:142:292:218:321:223:361:225:390:224
A,6054,201.888,-1,0,0,1,X,X,X,X,X,263:193:151:141:292:218:321:222:362:225:391:224
A,6055,201.92,-1,0,0,1,X,X,X,X,X,262:193:152:142:292:217:321:222:362:225:390:223
A,6056,201.952,-1,0,0,1,X,X,X,X,X,262:193:152:141:292:217:321:222:361:224:390:223
A,6057,201.984,-1,0,0,1,X,X,X,X,X,262:193:153:141:291:217:321:222:361:224:390:222
A,6058,202.032,-1,0,0,1,X,X,X,X,X,261:192:153:142:291:217:320:222:361:224:390:222
A,6059,202.064,-1,0,0,1,X,X,X,X,X,260:192:154:141:290:217:320:221:361:224:389:222
A,6060,202.096,-1,0,0,1,X,X,X,X,X,261:192:152:141:290:216:319:221:360:223:389:222
A,6061,202.128,-1,0,0,1,X,X,X,X,X,261:192:152:142:290:217:320:221:360:224:389:222
A,6062,202.16,-1,0,0,1,X,X,X,X,X,260:192:153:141:290:216:320:221:360:223:389:221
A,6063,202.192,-1,0,0,1,X,X,X,X,X,261:192:152:141:291:217:320:221:360:223:388:222
A,6064,202.224,-1,0,0,1,X,X,X,X,X,260:192:153:141:290:216:319:221:360:223:389:221
A,6065,202.256,-1,0,0,1,X,X,X,X,X,261:192:152:141:290:217:320:221:360:223:389:222
A,6066,202.288,-1,0,0,1,X,X,X,X,X,261:192:152:141:290:217:319:221:360:223:389:221
A,6067,202.32,-1,0,0,1,X,X,X,X,X,261:192:152:142:291:217:320:221:360:223:389:221
A,6068,202.352,-1,0,0,1,X,X,X,X,X,261:192:152:141:290:217:320:221:360:223:389:222
A,6069,202.384,-1,0,0,1,X,X,X,X,X,261:192:152:141:290:217:320:221:360:223:389:222
A,6070,202.432,-1,0,0,1,X,X,X,X,X,261:192:152:141:290:217:320:221:360:223:389:221
A,6071,202.464,-1,0,0,1,X,X,X,X,X,260:192:153:141:289:217:319:221:360:223:390:222
A,6072,202.496,-1,0,0,1,X,X,X,X,X,261:192:152:141:290:217:320:221:360:224:389:222
A,6073,202.528,-1,0,0,1,X,X,X,X,X,261:192:152:142:290:217:320:222:361:224:390:222
A,6074,202.56,-1,0,0,1,X,X,X,X,X,261:192:153:142:290:217:320:222:360:224:389:222
A,6075,202.592,-1,0,0,1,X,X,X,X,X,260:193:153:141:290:217:320:222:360:224:389:222
A,6076,202.624,-1,0,0,1,X,X,X,X,X,262:193:151:141:290:217:320:222:360:224:389:222
A,6077,202.656,-1,0,0,1,X,X,X,X,X,261:193:152:141:291:217:320:221:360:224:389:222
A,6078,202.688,-1,0,0,1,X,X,X,X,X,262:193:151:140:290:218:320:222:360:224:389:222
A,6079,202.72,-1,0,0,1,X,X,X,X,X,261:193:153:141:290:217:319:222:360:224:389:222
A,6080,202.752,-1,0,0,1,X,X,X,X,X,260:193:154:141:289:218:319:222:360:224:389:222
A,6081,202.784,-1,0,0,1,X,X,X,X,X,260:193:153:141:289:217:319:222:360:224:389:222
A,6082,202.832,-1,0,0,1,X,X,X,X,X,260:193:154:141:290:217:319:222:360:224:389:222
A,6083,202.864,-1,0,0,1,X,X,X,X,X,261:193:151:141:290:217:319:222:359:224:388:223
A,6084,202.896,-1,0,0,1,X,X,X,X,X,260:193:152:141:289:217:319:222:359:224:389:222
A,6085,202.928,-1,0,0,1,X,X,X,X,X,260:193:153:141:289:217:319:222:359:224:389:222
A,6086,202.96,-1,0,0,1,X,X,X,X,X,259:192:154:141:289:217:319:222:359:224:389:222
A,6087,202.992,-1,0,0,1,X,X,X,X,X,260:193:153:141:289:218:319:222:359:224:389:222
A,6088,203.024,-1,0,0,1,X,X,X,X,X,260:193:153:140:289:218:318:222:359:224:388:223
A,6089,203.056,-1,0,0,1,X,X,X,X,X,261:193:151:141:289:218:318:222:359:224:388:223
A,6090,203.088,-1,0,0,1,X,X,X,X,X,260:193:152:141:289:218:318:222:359:224:388:222
A,6091,203.12,-1,0,0,1,X,X,X,X,X,260:193:152:142:289:218:319:222:359:224:388:223
A,6092,203.152,-1,0,0,1,X,X,X,X,X,261:193:151:141:290:217:319:222:359:224:388:223
A,6093,203.184,-1,0,0,1,X,X,X,X,X,261:193:152:141:289:218:318:222:359:224:387:223
A,6094,203.216,52,1,0,1,X,X,X,X,X,260:192:153:142:288:218:318:222:359:224:388:223
A,6095,203.264,52,1,1,1,X,C,X,C,X,261:192:152:142:289:220:319:223:359:225:389:225
A,6096,203.296,52,1,1,1,X,C,X,C,X,261:192:152:142:289:220:319:223:359:225:389:225
A,6097,203.328,52,1,0,1,X,X,X,X,X,260:192:153:142:288:219:318:223:359:225:389:224
A,6098,203.36,52,1,0,1,X,X,X,X,X,260:192:153:142:288:218:318:222:359:224:389:224
A,6099,203.393,52,1,0,1,X,X,X,X,X,260:192:152:142:288:218:318:222:359:225:388:224
A,6100,203.424,52,1,0,1,X,X,X,X,X,260:193:153:141:288:218:318:222:358:224:388:223
A,6101,203.456,52,1,0,1,X,X,X,X,X,260:192:153:142:289:217:318:222:358:224:387:223
A,6102,203.488,-1,0,0,1,X,X,X,X,X,260:193:153:141:288:217:318:222:358:224:388:222
A,6103,203.52,-1,0,0,1,X,X,X,X,X,260:193:153:141:288:218:318:222:359:224:388:223
A,6104,203.553,-1,0,0,1,X,X,X,X,X,260:192:153:142:288:217:318:222:358:224:388:223
A,6105,203.584,-1,0,0,1,X,X,X,X,X,260:192:152:142:289:217:318:222:358:224:388:222
A,6106,203.616,-1,0,0,1,X,X,X,X,X,260:192:152:142:289:217:318:222:358:224:388:222
A,6107,203.664,-1,0,0,1,X,X,X,X,X,260:192:153:142:289:217:318:222:358:224:387:223
A,6108,203.696,-1,0,0,1,X,X,X,X,X,260:193:153:141:288:217:318:222:358:224:388:223
A,6109,203.728,-1,0,0,1,X,X,X,X,X,259:193:154:141:288:217:318:222:358:224:388:223
A,6110,203.76,-1,0,0,1,X,X,X,X,X,260:193:152:141:288:217:318:222:358:225:388:223
A,6111,203.793,-1,0,0,1,X,X,X,X,X,260:192:153:142:289:217:319:222:359:224:388:223
A,6112,203.824,-1,0,0,1,X,X,X,X,X,260:192:153:142:288:217:318:222:358:225:388:223
A,6113,203.856,-1,0,0,1,X,X,X,X,X,260:193:153:141:289:217:319:222:359:224:388:223
A,6114,203.888,-1,0,0,1,X,X,X,X,X,260:192:153:142:289:217:319:222:358:224:388:223
A,6115,203.92,-1,0,0,1,X,X,X,X,X,260:192:153:142:289:217:319:222:359:224:388:223
A,6116,203.952,-1,0,0,1,X,X,X,X,X,260:193:153:141:289:217:319:222:359:224:389:223
A,6117,203.984,-1,0,0,1,X,X,X,X,X,260:192:153:142:289:217:319:222:359:224:389:223
A,6118,204.016,-1,0,0,1,X,X,X,X,X,260:193:153:141:290:217:319:222:359:224:389:223
A,6119,204.048,-1,0,0,1,X,X,X,X,X,260:192:153:142:290:217:319:222:359:224:389:223
A,6120,204.096,-1,0,0,1,X,X,X,X,X,260:192:153:142:289:217:319:222:359:224:389:223
A,6121,204.128,-1,0,0,1,X,X,X,X,X,260:192:153:142:289:217:319:222:359:224:389:223
A,6122,204.16,-1,0,0,1,X,X,X,X,X,261:192:152:142:289:217:319:221:359:224:389:223
A,6123,204.192,-1,0,0,1,X,X,X,X,X,261:192:152:142:289:217:318:221:359:224:389:223
A,6124,204.224,-1,0,0,1,X,X,X,X,X,261:192:152:142:289:217:318:221:359:224:389:223
A,6125,204.256,-1,0,0,1,X,X,X,X,X,260:192:153:142:289:217:318:222:360:224:389:223
A,6126,204.288,-1,0,0,1,X,X,X,X,X,261:192:152:142:289:217:319:222:360:224:389:223
A,6127,204.32,-1,0,0,1,X,X,X,X,X,261:192:152:142:290:217:319:222:360:224:389:223
A,6128,204.352,-1,0,0,1,X,X,X,X,X,261:192:152:142:289:217:319:222:360:224:389:223
A,6129,204.384,-1,0,0,1,X,X,X,X,X,260:192:153:142:289:217:319:222:360:224:389:223
A,6130,204.416,-1,0,0,1,X,X,X,X,X,260:192:154:142:290:217:319:221:360:224:389:223
A,6131,204.448,-1,0,0,1,X,X,X,X,X,261:192:152:143:290:217:320:222:360:224:389:223
A,6132,204.496,-1,0,0,1,X,X,X,X,X,261:192:152:142:290:217:319:221:360:224:389:223
A,6133,204.528,-1,0,0,1,X,X,X,X,X,261:192:153:143:289:217:319:222:360:224:389:223
A,6134,204.56,-1,0,0,1,X,X,X,X,X,261:192:152:143:289:217:319:222:359:224:389:223
A,6135,204.592,-1,0,0,1,X,X,X,X,X,260:192:154:142:290:217:320:222:359:224:389:223
A,6136,204.624,-1,0,0,1,X,X,X,X,X,260:192:154:143:290:217:319:222:359:224:389:223
A,6137,204.656,-1,0,0,1,X,X,X,X,X,261:192:152:143:290:217:320:222:360:224:389:223
A,6138,204.688,-1,0,0,1,X,X,X,X,X,261:193:152:141:290:217:319:222:359:224:388:223
A,6139,204.72,-1,0,0,1,X,X,X,X,X,261:193:151:141:290:217:319:222:359:225:388:223
A,6140,204.752,-1,0,0,1,X,X,X,X,X,260:192:154:143:289:217:319:222:360:225:389:223
A,6141,204.784,-1,0,0,1,X,X,X,X,X,260:192:154:143:289:217:319:222:360:225:389:223
A,6142,204.816,-1,0,0,1,X,X,X,X,X,261:192:152:143:289:217:319:222:360:225:389:223
A,6143,204.848,-1,0,0,1,X,X,X,X,X,261:193:151:142:290:218:319:223:359:225:388:224
A,6144,204.896,-1,0,0,1,X,X,X,X,X,260:193:153:142:290:218:319:222:359:225:388:224
A,6145,204.928,-1,0,0,1,X,X,X,X,X,261:193:151:142:291:218:319:222:358:225:387:224
A,6146,204.96,-1,0,0,1,X,X,X,X,X,261:194:152:141:290:218:319:222:359:225:388:224
A,6147,204.992,-1,0,0,1,X,X,X,X,X,260:193:154:142:290:218:319:222:360:225:389:223
A,6148,205.024,-1,0,0,1,X,X,X,X,X,260:193:154:142:290:217:319:222:359:225:388:224
A,6149,205.056,-1,0,0,1,X,X,X,X,X,259:193:155:142:289:217:319:222:360:225:389:223
A,6150,205.088,-1,0,0,1,X,X,X,X,X,260:193:153:142:290:217:319:222:360:225:389:223
A,6151,205.12,-1,0,0,1,X,X,X,X,X,260:193:154:141:290:217:319:222:360:225:389:223
A,6152,205.152,-1,0,0,1,X,X,X,X,X,261:193:152:141:290:217:318:222:360:225:388:224
A,6153,205.184,-1,0,0,1,X,X,X,X,X,260:193:154:141:290:217:319:222:359:225:389:223
A,6154,205.216,-1,0,0,1,X,X,X,X,X,261:193:151:141:291:217:319:222:359:225:388:223
A,6155,205.248,-1,0,0,1,X,X,X,X,X,260:193:153:141:290:217:319:222:359:225:388:223
A,6156,205.28,-1,0,0,1,X,X,X,X,X,260:193:153:141:290:217:319:222:359:225:388:223
A,6157,205.328,-1,0,0,1,X,X,X,X,X,262:193:151:141:291:217:319:221:359:224:388:223
A,6158,205.36,-1,0,0,1,X,X,X,X,X,262:193:151:141:291:217:319:221:359:224:388:223
A,6159,205.393,-1,0,0,1,X,X,X,X,X,262:192:151:142:291:217:319:221:360:224:388:223
A,6160,205.424,-1,0,0,1,X,X,X,X,X,261:192:152:143:290:217:319:221:359:224:388:223
A,6161,205.456,-1,0,0,1,X,X,X,X,X,262:192:150:142:290:217:319:222:359:224:388:223
A,6162,205.488,-1,0,0,1,X,X,X,X,X,262:192:150:142:290:217:319:222:359:224:388:223
A,6163,205.52,-1,0,0,1,X,X,X,X,X,261:192:152:142:290:217:319:222:360:224:389:223
A,6164,205.552,-1,0,0,1,X,X,X,X,X,262:192:151:142:290:217:319:222:359:224:388:223
A,6165,205.584,-1,0,0,1,X,X,X,X,X,261:193:153:141:291:217:319:222:359:224:387:223
A,6166,205.616,-1,0,0,1,X,X,X,X,X,261:193:152:141:290:217:319:222:359:224:388:223
A,6167,205.648,-1,0,0,1,X,X,X,X,X,261:193:153:141:291:217:319:222:359:224:387:223
A,6168,205.68,-1,0,0,1,X,X,X,X,X,261:193:152:141:290:217:319:222:359:224:388:223
A,6169,205.728,-1,0,0,1,X,X,X,X,X,261:193:152:141:290:217:319:222:359:224:388:223
A,6170,205.76,-1,0,0,1,X,X,X,X,X,260:193:153:142:290:217:319:222:359:224:388:223
A,6171,205.792,-1,0,0,1,X,X,X,X,X,260:192:154:142:290:217:319:222:360:225:388:223
A,6172,205.824,-1,0,0,1,X,X,X,X,X,261:193:152:141:290:217:319:222:360:225:389:223
A,6173,205.856,-1,0,0,1,X,X,X,X,X,260:193:153:141:290:217:319:222:360:225:389:223
A,6174,205.888,-1,0,0,1,X,X,X,X,X,261:193:153:141:290:217:320:222:360:225:389:223
A,6175,205.92,-1,0,0,1,X,X,X,X,X,261:193:153:141:290:217:319:222:360:225:389:223
A,6176,205.952,-1,0,0,1,X,X,X,X,X,262:193:153:142:291:217:320:222:360:225:389:223
A,6177,205.984,-1,0,0,1,X,X,X,X,X,262:193:151:142:291:218:319:222:360:225:388:224
A,6178,206.016,-1,0,0,1,X,X,X,X,X,263:193:150:142:292:217:320:222:360:225:388:224
A,6179,206.048,-1,0,0,1,X,X,X,X,X,262:193:151:141:291:217:320:222:360:225:389:224
A,6180,206.08,-1,0,0,1,X,X,X,X,X,262:193:151:141:291:217:320:222:360:225:388:224
A,6181,206.128,-1,0,0,1,X,X,X,X,X,262:193:151:142:291:217:320:222:361:225:389:224
A,6182,206.16,-1,0,0,1,X,X,X,X,X,262:193:152:142:291:217:320:222:361:225:390:223
A,6183,206.192,-1,0,0,1,X,X,X,X,X,262:193:152:143:291:217:320:222:360:225:389:224
A,6184,206.224,-1,0,0,1,X,X,X,X,X,263:193:149:142:291:217:320:222:360:225:389:224
A,6185,206.256,-1,0,0,1,X,X,X,X,X,263:193:150:142:291:218:320:223:360:226:389:224
A,6186,206.288,-1,0,0,1,X,X,X,X,X,263:193:150:142:291:218:320:223:360:226:389:224
A,6187,206.32,-1,0,0,1,X,X,X,X,X,263:194:151:141:292:218:320:222:360:226:389:225
A,6188,206.352,-1,0,0,1,X,X,X,X,X,262:193:152:142:292:217:320:222:360:226:389:224
A,6189,206.384,-1,0,0,1,X,X,X,X,X,262:193:151:142:291:217:320:223:360:226:389:225
A,6190,206.416,-1,0,0,1,X,X,X,X,X,262:193:151:142:291:217:319:222:360:226:389:224
A,6191,206.448,-1,0,0,1,X,X,X,X,X,263:194:150:141:291:217:320:222:361:226:389:225
A,6192,206.48,-1,0,0,1,X,X,X,X,X,262:193:151:142:291:217:320:223:360:226:390:224
A,6193,206.512,-1,0,0,1,X,X,X,X,X,262:193:151:142:291:217:320:223:360:226:390:224
A,6194,206.56,-1,0,0,1,X,X,X,X,X,264:193:149:143:292:217:320:222:360:226:389:224
A,6195,206.592,-1,0,0,1,X,X,X,X,X,263:193:150:142:293:218:320:222:361:226:388:225
A,6196,206.624,-1,0,0,1,X,X,X,X,X,262:193:152:143:292:217:320:222:361:226:389:224
A,6197,206.656,-1,0,0,1,X,X,X,X,X,262:193:152:142:292:218:320:223:361:226:389:225
A,6198,206.688,-1,0,0,1,X,X,X,X,X,262:194:151:142:292:218:320:223:361:226:389:224
A,6199,206.72,-1,0,0,1,X,X,X,X,X,262:193:152:142:291:217:320:223:361:226:389:225
A,6200,206.752,-1,0,0,1,X,X,X,X,X,263:194:150:141:291:217:320:223:360:226:389:225
A,6201,206.784,-1,0,0,1,X,X,X,X,X,262:193:152:142:291:217:320:223:361:226:390:225
A,6202,206.816,-1,0,0,1,X,X,X,X,X,262:193:151:143:291:217:320:223:361:226:389:225
A,6203,206.848,-1,0,0,1,X,X,X,X,X,262:193:151:143:291:218:320:223:360:226:388:224
A,6204,206.88,-1,0,0,1,X,X,X,X,X,263:193:150:142:291:218:320:222:360:226:389:224
A,6205,206.912,-1,0,0,1,X,X,X,X,X,261:193:153:142:291:217:320:223:360:226:389:224
A,6206,206.96,-1,0,0,1,X,X,X,X,X,262:194:151:141:291:217:319:222:360:226:388:224
A,6207,206.992,-1,0,0,1,X,X,X,X,X,262:194:151:141:292:218:319:223:360:226:388:224
A,6208,207.024,-1,0,0,1,X,X,X,X,X,262:194:151:141:291:218:319:223:360:226:388:225
A,6209,207.056,-1,0,0,1,X,X,X,X,X,260:193:154:142:291:217:320:223:361:226:389:224
A,6210,207.088,-1,0,0,1,X,X,X,X,X,261:193:153:142:291:217:320:223:361:226:389:224
A,6211,207.12,-1,0,0,1,X,X,X,X,X,261:193:153:142:291:217:320:223:361:226:389:225
A,6212,207.152,-1,0,0,1,X,X,X,X,X,262:194:152:142:291:218:320:223:361:226:389:225
A,6213,207.184,-1,0,0,1,X,X,X,X,X,262:193:151:142:291:218:320:223:361:226:389:225
A,6214,207.216,-1,0,0,1,X,X,X,X,X,263:193:150:142:292:218:320:223:359:226:388:225
A,6215,207.248,-1,0,0,1,X,X,X,X,X,261:193:153:142:291:218:320:223:361:226:389:225
A,6216,207.28,-1,0,0,1,X,X,X,X,X,261:193:153:143:291:218:320:223:361:226:389:225
A,6217,207.312,-1,0,0,1,X,X,X,X,X,261:193:153:142:291:218:320:223:360:226:389:225
A,6218,207.36,-1,0,0,1,X,X,X,X,X,262:194:151:141:291:218:319:223:359:226:388:225
A,6219,207.392,-1,0,0,1,X,X,X,X,X,261:194:152:141:291:218:320:223:360:226:388:225
A,6220,207.424,-1,0,0,1,X,X,X,X,X,262:194:151:141:291:218:319:223:359:226:388:225
A,6221,207.456,-1,0,0,1,X,X,X,X,X,261:193:152:142:290:218:319:223:360:226:388:225
A,6222,207.488,-1,0,0,1,X,X,X,X,X,262:193:151:143:291:218:319:223:359:226:388:225
A,6223,207.52,-1,0,0,1,X,X,X,X,X,262:194:151:141:291:218:319:223:359:226:388:225
A,6224,207.552,-1,0,0,1,X,X,X,X,X,263:193:150:142:291:218:319:223:360:226:389:225
A,6225,207.584,-1,0,0,1,X,X,X,X,X,262:194:150:141:291:218:319:223:360:226:388:225
A,6226,207.616,-1,0,0,1,X,X,X,X,X,262:194:151:141:290:218:319:223:359:226:388:225
A,6227,207.648,-1,0,0,1,X,X,X,X,X,263:194:150:141:291:218:319:223:359:226:388:225
A,6228,207.68,-1,0,0,1,X,X,X,X,X,263:194:150:142:291:218:320:223:359:226:388:225
A,6229,207.712,-1,0,0,1,X,X,X,X,X,262:194:151:141:291:218:319:223:360:226:388:225
A,6230,207.744,-1,0,0,1,X,X,X,X,X,263:194:150:141:291:218:319:223:359:226:388:225
A,6231,207.792,-1,0,0,1,X,X,X,X,X,262:194:151:141:290:218:319:223:359:226:388:224
A,6232,207.824,-1,0,0,1,X,X,X,X,X,262:194:150:141:290:218:319:223:359:226:388:225
A,6233,207.856,-1,0,0,1,X,X,X,X,X,263:194:149:141:291:218:320:223:359:226:388:225
A,6234,207.888,-1,0,0,1,X,X,X,X,X,262:194:151:141:290:218:319:223:359:226:388:225
A,6235,207.92,-1,0,0,1,X,X,X,X,X,263:194:150:140:290:218:319:223:359:226:388:225
A,6236,207.952,-1,0,0,1,X,X,X,X,X,263:194:150:141:291:218:319:223:359:226:388:225
A,6237,207.984,-1,0,0,1,X,X,X,X,X,263:194:150:141:291:218:320:223:359:226:389:225
A,6238,208.016,-1,0,0,1,X,X,X,X,X,263:194:149:141:291:218:320:223:360:226:388:225
A,6239,208.048,-1,0,0,1,X,X,X,X,X,262:194:151:141:291:218:319:223:359:226:388:225
A,6240,208.08,-1,0,0,1,X,X,X,X,X,263:194:150:141:291:218:319:223:360:226:388:225
A,6241,208.112,-1,0,0,1,X,X,X,X,X,263:194:150:141:291:218:320:223:359:226:388:225
A,6242,208.144,-1,0,0,1,X,X,X,X,X,262:194:151:141:290:218:319:223:359:226:388:225
A,6243,208.192,-1,0,0,1,X,X,X,X,X,263:194:150:141:291:218:320:223:360:226:388:225
A,6244,208.224,-1,0,0,1,X,X,X,X,X,262:194:150:141:291:218:319:223:360:226:388:225
A,6245,208.256,-1,0,0,1,X,X,X,X,X,263:194:150:141:292:218:319:223:360:226:388:225
A,6246,208.288,-1,0,0,1,X,X,X,X,X,261:193:152:142:290:218:319:223:360:226:389:225
A,6247,208.32,-1,0,0,1,X,X,X,X,X,262:194:152:141:290:218:320:223:360:226:389:225
A,6248,208.352,-1,0,0,1,X,X,X,X,X,263:194:150:142:291:218:319:223:360:226:388:225
A,6249,208.384,-1,0,0,1,X,X,X,X,X,263:194:150:141:291:218:320:223:360:226:388:225
A,6250,208.416,-1,0,0,1,X,X,X,X,X,261:193:153:142:291:218:320:223:360:226:389:225
A,6251,208.448,-1,0,0,1,X,X,X,X,X,262:193:152:143:291:218:320:223:360:226:389:225
A,6252,208.48,-1,0,0,1,X,X,X,X,X,262:194:152:141:291:218:320:223:360:226:389:225
A,6253,208.512,-1,0,0,1,X,X,X,X,X,262:194:153:141:291:218:320:223:360:227:389:225
A,6254,208.544,-1,0,0,1,X,X,X,X,X,263:194:150:141:291:218:320:223:360:226:389:225
A,6255,208.576,-1,0,0,1,X,X,X,X,X,263:194:151:142:291:218:320:223:360:226:389:225
A,6256,208.624,-1,0,0,1,X,X,X,X,X,263:194:150:141:292:218:320:223:361:226:389:225
A,6257,208.656,-1,0,0,1,X,X,X,X,X,263:193:150:142:292:218:321:223:361:226:389:225
A,6258,208.688,-1,0,0,1,X,X,X,X,X,263:194:150:142:292:218:320:223:361:227:389:225
A,6259,208.72,-1,0,0,1,X,X,X,X,X,263:194:151:142:292:218:320:223:361:226:389:225
A,6260,208.752,-1,0,0,1,X,X,X,X,X,263:194:150:141:292:218:320:223:361:226:389:225
A,6261,208.784,-1,0,0,1,X,X,X,X,X,264:194:149:141:291:218:321:223:361:226:390:225
A,6262,208.816,-1,0,0,1,X,X,X,X,X,263:194:150:142:291:218:320:223:361:226:389:225
A,6263,208.848,-1,0,0,1,X,X,X,X,X,264:194:150:141:292:218:320:223:361:226:389:225
A,6264,208.88,-1,0,0,1,X,X,X,X,X,263:194:151:142:292:218:321:223:361:226:389:225
A,6265,208.912,-1,0,0,1,X,X,X,X,X,263:194:152:142:292:218:321:223:361:226:390:225
A,6266,208.944,-1,0,0,1,X,X,X,X,X,262:194:152:141:291:218:320:223:361:226:390:225
A,6267,208.976,-1,0,0,1,X,X,X,X,X,263:194:151:141:292:218:320:223:361:226:389:225
A,6268,209.024,-1,0,0,1,X,X,X,X,X,263:193:151:142:292:218:320:223:361:226:389:225
A,6269,209.056,-1,0,0,1,X,X,X,X,X,262:193:153:143:292:218:321:223:361:226:390:225
A,6270,209.088,-1,0,0,1,X,X,X,X,X,263:193:150:142:292:218:320:223:361:226:389:225
A,6271,209.123,-1,0,0,1,X,X,X,X,X,262:193:152:143:292:218:320:223:361:226:389:225
A,6272,209.153,-1,0,0,1,X,X,X,X,X,263:193:150:143:292:218:320:223:361:226:389:225
A,6273,209.184,-1,0,0,1,X,X,X,X,X,263:194:151:142:292:218:321:223:361:226:390:225
A,6274,209.218,-1,0,0,1,X,X,X,X,X,263:193:150:143:292:218:321:223:361:226:389:225
A,6275,209.249,-1,0,0,1,X,X,X,X,X,263:194:151:141:292:218:320:223:361:226:389:226
A,6276,209.28,-1,0,0,1,X,X,X,X,X,263:194:150:141:291:218:320:223:361:226:389:226
A,6277,209.312,-1,0,0,1,X,X,X,X,X,263:194:151:142:292:218:320:223:361:226:389:225
A,6278,209.344,-1,0,0,1,X,X,X,X,X,263:193:150:142:292:218:320:223:360:226:389:225
A,6279,209.376,-1,0,0,1,X,X,X,X,X,264:194:149:141:292:218:320:223:361:226:389:225
A,6280,209.424,-1,0,0,1,X,X,X,X,X,263:194:150:141:292:218:320:223:361:226:389:225
A,6281,209.456,-1,0,0,1,X,X,X,X,X,263:193:151:142:292:218:320:223:361:226:389:225
A,6282,209.488,-1,0,0,1,X,X,X,X,X,262:194:152:141:292:218:320:223:361:226:389:225
A,6283,209.52,-1,0,0,1,X,X,X,X,X,263:194:151:141:292:218:320:223:361:226:389:225
A,6284,209.552,-1,0,0,1,X,X,X,X,X,263:194:150:141:292:218:320:223:361:226:389:226
A,6285,209.584,-1,0,0,1,X,X,X,X,X,263:194:151:141:292:218:320:223:361:226:389:225
A,6286,209.616,-1,0,0,1,X,X,X,X,X,264:194:150:141:292:218:320:223:361:226:389:226
A,6287,209.648,-1,0,0,1,X,X,X,X,X,262:194:152:142:291:218:320:223:361:226:390:225
A,6288,209.68,-1,0,0,1,X,X,X,X,X,262:194:151:141:292:218:320:223:361:226:389:225
A,6289,209.712,-1,0,0,1,X,X,X,X,X,262:194:152:141:291:218:320:223:361:227:389:225
A,6290,209.744,-1,0,0,1,X,X,X,X,X,264:194:149:141:292:218:320:223:361:226:389:226
A,6291,209.776,-1,0,0,1,X,X,X,X,X,262:194:152:141:291:218:320:223:361:226:389:225
A,6292,209.84,-1,0,0,1,X,X,X,X,X,262:194:152:142:291:218:320:223:361:226:389:225
A,6293,209.856,-1,0,0,1,X,X,X,X,X,262:194:152:141:291:218:320:223:361:226:389:225
A,6294,209.888,-1,0,0,1,X,X,X,X,X,262:194:152:141:291:218:320:223:361:226:389:225
A,6295,209.92,-1,0,0,1,X,X,X,X,X,262:194:152:142:291:218:320:223:361:226:389:225
A,6296,209.952,53,1,0,1,X,X,X,X,X,262:194:152:142:291:218:320:223:361:227:389:226
A,6297,209.984,53,1,0,1,X,X,X,C,X,262:193:152:143:291:219:320:224:360:227:389:228
A,6298,210.016,53,1,1,1,X,C,X,C,X,263:194:151:142:291:220:320:225:360:228:390:228
A,6299,210.048,53,1,0,1,X,X,X,C,X,262:194:153:142:291:220:320:224:361:228:391:228
A,6300,210.08,53,1,0,1,X,X,X,X,X,262:194:152:143:290:219:320:224:361:227:391:227
A,6301,210.112,53,1,0,1,X,X,X,X,X,262:194:153:142:291:219:320:224:361:227:390:228
A,6302,210.144,53,1,0,1,X,X,X,X,X,262:194:153:142:291:219:321:224:361:227:391:227
A,6303,210.176,53,1,0,1,X,X,X,X,X,263:194:151:142:292:219:320:224:360:227:389:227
A,6304,210.208,53,1,0,1,X,X,X,X,X,263:194:151:142:293:219:321:223:361:227:389:227
A,6305,210.256,-1,0,0,1,X,X,X,X,X,264:194:151:143:292:218:321:223:361:227:390:227
A,6306,210.288,-1,0,0,1,X,X,X,X,X,264:194:150:143:292:219:321:223:361:227:390:227
A,6307,210.32,-1,0,0,1,X,X,X,X,X,263:195:152:141:292:219:321:223:361:227:389:227
A,6308,210.352,-1,0,0,1,X,X,X,X,X,263:194:151:142:292:219:321:223:361:227:389:227
A,6309,210.384,-1,0,0,1,X,X,X,X,X,262:194:153:142:292:218:321:224:361:227:390:226
A,6310,210.416,-1,0,0,1,X,X,X,X,X,262:194:153:142:291:218:321:224:361:227:390:226
A,6311,210.448,-1,0,0,1,X,X,X,X,X,261:194:153:142:291:219:320:224:361:227:390:227
A,6312,210.48,-1,0,0,1,X,X,X,X,X,262:194:152:142:292:219:321:224:361:227:390:226
A,6313,210.512,-1,0,0,1,X,X,X,X,X,262:194:152:143:292:219:321:224:361:227:389:227
A,6314,210.544,-1,0,0,1,X,X,X,X,X,262:194:152:142:291:219:320:224:361:227:389:227
A,6315,210.576,-1,0,0,1,X,X,X,X,X,261:194:154:143:291:219:320:224:361:227:390:226
A,6316,210.608,-1,0,0,1,X,X,X,X,X,262:194:152:143:291:219:320:225:361:228:390:227
A,6317,210.656,-1,0,0,1,X,X,X,X,X,262:195:152:142:291:219:320:224:360:227:389:227
A,6318,210.688,-1,0,0,1,X,X,X,X,X,262:194:152:143:291:219:320:224:361:227:389:227
A,6319,210.72,-1,0,0,1,X,X,X,X,X,262:195:152:142:291:220:320:224:361:228:390:227
A,6320,210.752,-1,0,0,1,X,X,X,X,X,262:195:152:141:291:219:320:224:361:228:390:226
A,6321,210.784,-1,0,0,1,X,X,X,X,X,261:194:153:142:291:219:320:224:361:227:390:227
A,6322,210.816,-1,0,0,1,X,X,X,X,X,262:194:152:143:291:219:320:224:361:228:390:227
A,6323,210.848,-1,0,0,1,X,X,X,X,X,262:194:152:142:291:219:320:224:361:227:390:227
A,6324,210.88,-1,0,0,1,X,X,X,X,X,262:194:152:142:291:219:321:224:361:227:390:226
A,6325,210.912,-1,0,0,1,X,X,X,X,X,262:194:152:142:291:219:320:224:361:227:390:226
A,6326,210.944,-1,0,0,1,X,X,X,X,X,262:194:152:142:291:219:320:224:361:228:390:227
A,6327,210.976,-1,0,0,1,X,X,X,X,X,263:195:150:141:291:219:320:224:361:228:390:227
A,6328,211.008,-1,0,0,1,X,X,X,X,X,261:194:154:142:291:219:320:224:361:227:390:227
A,6329,211.04,-1,0,0,1,X,X,X,X,X,263:195:151:141:292:219:320:224:361:227:389:226
A,6330,211.088,-1,0,0,1,X,X,X,X,X,262:195:152:141:291:219:320:224:361:227:390:226
A,6331,211.12,-1,0,0,1,X,X,X,X,X,262:194:152:142:292:219:320:224:361:227:389:226
A,6332,211.152,-1,0,0,1,X,X,X,X,X,262:195:153:142:290:219:320:224:361:227:390:226
A,6333,211.184,-1,0,0,1,X,X,X,X,X,262:195:152:141:291:219:320:224:361:227:390:226
A,6334,211.216,-1,0,0,1,X,X,X,X,X,263:195:152:141:292:218:320:223:361:227:390:226
A,6335,211.249,-1,0,0,1,X,X,X,X,X,262:194:153:142:291:219:321:224:361:227:390:226
A,6336,211.28,-1,0,0,1,X,X,X,X,X,263:194:151:143:291:219:320:224:361:227:389:226
A,6337,211.312,-1,0,0,1,X,X,X,X,X,263:194:151:143:292:219:320:224:361:227:390:226
A,6338,211.344,-1,0,0,1,X,X,X,X,X,263:195:150:141:292:219:320:224:361:227:390:226
A,6339,211.376,-1,0,0,1,X,X,X,X,X,263:194:151:143:291:219:320:224:360:227:390:226
A,6340,211.408,-1,0,0,1,X,X,X,X,X,263:194:151:143:292:219:320:223:362:227:390:226
A,6341,211.44,-1,0,0,1,X,X,X,X,X,263:194:151:143:292:219:320:224:362:227:390:226
A,6342,211.488,-1,0,0,1,X,X,X,X,X,264:194:150:143:293:219:321:223:362:227:390:226
A,6343,211.52,-1,0,0,1,X,X,X,X,X,263:194:151:143:292:219:320:223:362:227:390:226
A,6344,211.552,-1,0,0,1,X,X,X,X,X,263:194:150:143:292:219:320:223:361:227:389:226
A,6345,211.584,-1,0,0,1,X,X,X,X,X,263:194:152:143:292:219:320:223:362:227:390:226
A,6346,211.616,-1,0,0,1,X,X,X,X,X,262:194:152:143:291:219:320:223:361:227:389:226
A,6347,211.648,-1,0,0,1,X,X,X,X,X,263:194:150:143:291:219:320:223:361:227:390:226
A,6348,211.68,-1,0,0,1,X,X,X,X,X,263:194:151:143:291:219:320:223:361:227:390:226
A,6349,211.712,-1,0,0,1,X,X,X,X,X,263:194:151:143:291:219:320:223:361:227:390:226
A,6350,211.744,-1,0,0,1,X,X,X,X,X,263:194:151:144:292:219:320:223:361:227:390:226
A,6351,211.776,-1,0,0,1,X,X,X,X,X,264:194:150:144:291:219:320:223:361:227:390:226
A,6352,211.808,-1,0,0,1,X,X,X,X,X,263:194:152:144:292:219:321:223:361:227:390:226
A,6353,211.84,-1,0,0,1,X,X,X,X,X,263:194:152:144:292:218:320:223:362:226:390:225
A,6354,211.888,-1,0,0,1,X,X,X,X,X,264:194:150:143:292:218:320:223:361:227:389:226
A,6355,211.92,-1,0,0,1,X,X,X,X,X,263:194:151:143:291:218:320:223:362:227:390:226
A,6356,211.952,-1,0,0,1,X,X,X,X,X,263:194:152:144:292:218:320:223:361:227:389:226
A,6357,211.984,-1,0,0,1,X,X,X,X,X,264:194:150:143:292:218:321:223:361:227:390:225
A,6358,212.016,-1,0,0,1,X,X,X,X,X,263:194:151:143:292:218:320:223:361:227:389:225
A,6359,212.048,-1,0,0,1,X,X,X,X,X,262:194:153:143:292:218:320:223:361:226:390:225
A,6360,212.08,-1,0,0,1,X,X,X,X,X,263:194:152:142:291:218:320:223:361:226:390:225
A,6361,212.112,-1,0,0,1,X,X,X,X,X,263:194:151:143:291:218:320:223:361:227:390:225
A,6362,212.144,-1,0,0,1,X,X,X,X,X,263:194:151:143:292:218:320:223:361:226:390:226
A,6363,212.176,-1,0,0,1,X,X,X,X,X,262:194:153:143:291:218:320:224:361:227:390:225
A,6364,212.208,-1,0,0,1,X,X,X,X,X,262:194:152:144:291:218:320:224:361:227:390:225
A,6365,212.24,-1,0,0,1,X,X,X,X,X,262:194:152:144:292:218:321:224:361:227:390:226
A,6366,212.272,-1,0,0,1,X,X,X,X,X,263:194:151:145:292:218:320:223:361:227:390:225
A,6367,212.32,-1,0,0,1,X,X,X,X,X,263:194:152:145:292:218:321:223:361:227:390:226
A,6368,212.352,-1,0,0,1,X,X,X,X,X,263:195:150:144:292:218:321:224:361:227:390:225
A,6369,212.384,-1,0,0,1,X,X,X,X,X,263:194:152:146:292:218:321:223:361:227:390:226
A,6370,212.416,-1,0,0,1,X,X,X,X,X,264:194:149:146:292:218:320:223:361:227:389:226
A,6371,212.448,-1,0,0,1,X,X,X,X,X,263:194:151:146:292:218:320:224:360:227:389:226
A,6372,212.48,-1,0,0,1,X,X,X,X,X,263:194:150:145:292:218:321:224:361:227:389:226
A,6373,212.512,-1,0,0,1,X,X,X,X,X,264:194:149:145:293:218:320:223:361:227:389:226
A,6374,212.544,-1,0,0,1,X,X,X,X,X,263:194:150:146:292:218:320:224:361:227:390:226
A,6375,212.576,-1,0,0,1,X,X,X,X,X,264:194:150:146:292:219:320:224:361:227:389:226
A,6376,212.608,-1,0,0,1,X,X,X,X,X,262:195:152:144:292:218:320:224:361:227:389:226
A,6377,212.64,-1,0,0,1,X,X,X,X,X,264:194:149:145:292:218:320:224:361:227:389:225
A,6378,212.672,-1,0,0,1,X,X,X,X,X,264:195:149:145:292:218:320:224:361:227:389:226
A,6379,212.72,-1,0,0,1,X,X,X,X,X,264:194:150:146:291:218:320:223:361:227:390:226
A,6380,212.752,-1,0,0,1,X,X,X,X,X,262:194:151:147:292:218:320:224:362:227:389:226
A,6381,212.784,-1,0,0,1,X,X,X,X,X,264:194:150:146:292:218:320:224:361:227:390:226
A,6382,212.816,-1,0,0,1,X,X,X,X,X,264:194:149:147:291:218:320:224:362:227:390:226
A,6383,212.848,-1,0,0,1,X,X,X,X,X,262:194:152:145:291:219:320:224:361:227:390:226
A,6384,212.88,-1,0,0,1,X,X,X,X,X,263:194:151:146:292:218:320:224:361:227:390:226
A,6385,212.912,-1,0,0,1,X,X,X,X,X,264:194:149:147:292:218:320:224:361:227:390:226
A,6386,212.944,-1,0,0,1,X,X,X,X,X,263:194:150:147:292:219:320:224:362:227:390:226
A,6387,212.976,-1,0,0,1,X,X,X,X,X,263:194:150:147:292:219:320:224:362:227:390:226
A,6388,213.008,-1,0,0,1,X,X,X,X,X,264:195:150:146:292:218:321:224:362:227:390:226
A,6389,213.04,-1,0,0,1,X,X,X,X,X,264:194:149:148:292:218:320:224:362:227:390:226
A,6390,213.072,-1,0,0,1,X,X,X,X,X,264:194:149:148:292:218:321:224:362:227:389:226
A,6391,213.12,-1,0,0,1,X,X,X,X,X,263:194:151:148:292:219:321:224:361:227:389:226
A,6392,213.152,-1,0,0,1,X,X,X,X,X,264:194:151:148:292:219:321:225:362:228:391:226
A,6393,213.184,-1,0,0,1,X,X,X,X,X,264:195:150:147:292:219:321:224:362:227:390:226
A,6394,213.216,-1,0,0,1,X,X,X,X,X,264:194:150:147:292:218:321:224:362:227:390:226
A,6395,213.248,-1,0,0,1,X,X,X,X,X,264:195:150:147:292:218:321:224:362:228:391:226
A,6396,213.28,-1,0,0,1,X,X,X,X,X,263:195:151:147:292:219:321:224:362:228:390:227
A,6397,213.312,-1,0,0,1,X,X,X,X,X,263:195:151:146:292:219:321:224:362:228:390:226
A,6398,213.344,-1,0,0,1,X,X,X,X,X,264:195:150:146:293:218:321:224:362:228:391:227
A,6399,213.376,-1,0,0,1,X,X,X,X,X,264:195:150:146:292:219:321:224:362:228:390:227
A,6400,213.408,-1,0,0,1,X,X,X,X,X,263:195:151:146:292:219:321:225:362:228:391:227
A,6401,213.44,-1,0,0,1,X,X,X,X,X,264:195:150:146:293:219:321:224:362:228:390:227
A,6402,213.472,-1,0,0,1,X,X,X,X,X,264:195:150:146:292:219:321:225:362:228:391:227
A,6403,213.504,-1,0,0,1,X,X,X,X,X,263:195:151:146:293:219:321:225:362:228:391:227
A,6404,213.552,-1,0,0,1,X,X,X,X,X,264:195:150:146:292:219:321:225:362:228:391:227
A,6405,213.584,-1,0,0,1,X,X,X,X,X,262:195:152:146:292:219:320:225:362:228:390:227
A,6406,213.616,-1,0,0,1,X,X,X,X,X,265:195:149:145:293:219:321:225:362:228:390:227
A,6407,213.648,-1,0,0,1,X,X,X,X,X,265:195:149:146:292:219:321:225:362:228:391:227
A,6408,213.68,-1,0,0,1,X,X,X,X,X,264:195:150:144:292:219:321:225:362:228:390:227
A,6409,213.712,-1,0,0,1,X,X,X,X,X,265:195:149:145:292:219:321:225:362:228:390:226
A,6410,213.744,-1,0,0,1,X,X,X,X,X,264:195:150:144:293:219:321:225:362:228:390:227
A,6411,213.776,-1,0,0,1,X,X,X,X,X,264:195:151:145:293:219:321:225:361:228:390:227
A,6412,213.808,-1,0,0,1,X,X,X,X,X,264:195:150:146:293:219:320:225:362:228:390:227
A,6413,213.84,-1,0,0,1,X,X,X,X,X,264:195:150:146:293:219:321:225:362:228:390:227
A,6414,213.872,-1,0,0,1,X,X,X,X,X,264:195:150:146:293:220:321:225:362:228:390:227
A,6415,213.904,-1,0,0,1,X,X,X,X,X,264:195:150:145:292:219:321:225:362:228:390:227
A,6416,213.952,-1,0,0,1,X,X,X,X,X,263:195:151:146:291:219:321:225:362:228:391:227
A,6417,213.984,-1,0,0,1,X,X,X,X,X,264:195:150:145:293:220:321:225:362:228:390:227
A,6418,214.016,-1,0,0,1,X,X,X,X,X,264:195:150:146:293:219:321:225:362:228:390:227
A,6419,214.048,-1,0,0,1,X,X,X,X,X,264:195:150:146:292:219:321:225:362:228:390:227
A,6420,214.08,-1,0,0,1,X,X,X,X,X,263:195:151:146:293:219:321:225:362:228:390:227
A,6421,214.112,-1,0,0,1,X,X,X,X,X,264:195:150:146:292:219:321:225:362:228:390:227
A,6422,214.144,-1,0,0,1,X,X,X,X,X,264:195:150:146:293:219:321:225:362:228:390:227
A,6423,214.176,-1,0,0,1,X,X,X,X,X,264:195:150:146:292:219:321:225:362:228:390:227
A,6424,214.208,-1,0,0,1,X,X,X,X,X,264:195:150:146:292:220:321:225:361:228:390:227
A,6425,214.24,-1,0,0,1,X,X,X,X,X,264:195:150:146:292:219:321:225:362:228:390:227
A,6426,214.272,-1,0,0,1,X,X,X,X,X,264:195:150:146:292:219:321:225:362:228:390:227
A,6427,214.304,-1,0,0,1,X,X,X,X,X,264:195:150:146:292:219:321:225:362:228:390:227
A,6428,214.336,-1,0,0,1,X,X,X,X,X,264:195:150:146:292:219:321:225:362:228:390:227
A,6429,214.384,-1,0,0,1,X,X,X,X,X,264:195:150:146:292:220:321:225:362:228:390:227
A,6430,214.416,-1,0,0,1,X,X,X,X,X,264:195:150:146:292:220:321:225:362:228:390:227
A,6431,214.448,-1,0,0,1,X,X,X,X,X,264:195:150:146:292:220:321:225:361:228:390:227
A,6432,214.48,-1,0,0,1,X,X,X,X,X,264:195:150:147:292:219:321:225:361:228:390:227
A,6433,214.512,-1,0,0,1,X,X,X,X,X,264:195:150:146:292:219:321:225:362:228:390:227
A,6434,214.544,-1,0,0,1,X,X,X,X,X,264:196:150:146:292:219:321:225:362:228:389:227
A,6435,214.576,-1,0,0,1,X,X,X,X,X,264:195:149:146:292:219:321:225:362:228:390:227
A,6436,214.608,-1,0,0,1,X,X,X,X,X,264:196:149:145:292:220:321:225:362:228:390:227
A,6437,214.64,-1,0,0,1,X,X,X,X,X,264:196:150:145:292:219:321:225:362:228:389:227
A,6438,214.672,54,1,0,1,X,X,X,X,X,265:195:149:147:292:220:321:225:362:229:390:228
A,6439,214.704,54,1,0,1,X,X,X,C,X,264:195:150:147:292:220:321:225:363:229:391:229
A,6440,214.736,54,1,0,1,X,X,X,X,X,264:194:149:147:292:220:321:224:362:229:391:229
A,6441,214.784,54,1,0,1,X,X,X,X,X,264:195:150:146:292:220:321:225:363:228:391:228
A,6442,214.816,54,1,0,1,X,X,X,X,X,264:195:149:146:292:219:321:224:363:228:391:227
A,6443,214.848,54,1,0,1,X,X,X,X,X,265:195:149:145:293:219:321:224:363:228:391:227
A,6444,214.88,-1,0,0,1,X,X,X,X,X,264:195:150:146:292:219:320:224:363:228:391:227
A,6445,214.912,-1,0,0,1,X,X,X,X,X,264:195:149:146:292:219:321:224:362:228:391:227
A,6446,214.944,-1,0,0,1,X,X,X,X,X,263:195:152:146:292:219:322:225:362:228:391:227
A,6447,214.976,-1,0,0,1,X,X,X,X,X,264:195:149:145:292:219:321:224:362:228:391:227
A,6448,215.008,-1,0,0,1,X,X,X,X,X,264:196:149:144:293:219:321:225:363:228:390:226
A,6449,215.04,-1,0,0,1,X,X,X,X,X,262:195:152:146:292:219:321:225:362:228:390:227
A,6450,215.072,-1,0,0,1,X,X,X,X,X,264:195:150:145:292:219:321:224:362:228:390:226
A,6451,215.104,-1,0,0,1,X,X,X,X,X,264:195:150:145:292:219:321:224:362:228:390:226
A,6452,215.136,-1,0,0,1,X,X,X,X,X,264:195:150:145:293:219:322:224:362:227:391:226
A,6453,215.184,-1,0,0,1,X,X,X,X,X,265:195:148:145:292:219:321:224:362:227:390:226
A,6454,215.216,-1,0,0,1,X,X,X,X,X,264:195:150:145:293:219:322:224:362:227:390:226
A,6455,215.248,-1,0,0,1,X,X,X,X,X,264:195:150:145:292:219:321:224:362:227:390:226
A,6456,215.28,-1,0,0,1,X,X,X,X,X,264:194:150:146:293:219:321:224:362:227:390:226
A,6457,215.312,-1,0,0,1,X,X,X,X,X,264:195:150:145:292:219:321:224:362:227:390:226
A,6458,215.344,-1,0,0,1,X,X,X,X,X,264:195:150:145:292:219:321:224:362:227:390:226
A,6459,215.376,-1,0,0,1,X,X,X,X,X,264:195:149:145:292:219:321:224:362:227:390:226
A,6460,215.408,-1,0,0,1,X,X,X,X,X,264:195:150:145:293:219:321:224:362:227:391:226
A,6461,215.44,-1,0,0,1,X,X,X,X,X,264:195:149:144:292:219:321:224:362:227:390:226
A,6462,215.472,-1,0,0,1,X,X,X,X,X,265:195:149:144:293:219:322:224:362:227:390:227
A,6463,215.504,-1,0,0,1,X,X,X,X,X,264:194:149:145:293:219:321:224:362:228:391:227
A,6464,215.536,-1,0,0,1,X,X,X,X,X,264:195:150:144:292:219:322:224:362:227:391:226
A,6465,215.568,-1,0,0,1,X,X,X,X,X,264:195:150:144:293:219:322:224:362:227:390:227
A,6466,215.616,-1,0,0,1,X,X,X,X,X,264:195:150:144:293:219:322:224:362:227:390:226
A,6467,215.648,-1,0,0,1,X,X,X,X,X,265:195:149:144:293:219:322:224:362:227:391:226
A,6468,215.68,-1,0,0,1,X,X,X,X,X,265:195:148:144:293:219:322:224:362:227:390:226
A,6469,215.712,-1,0,0,1,X,X,X,X,X,264:195:150:145:292:219:321:224:362:227:391:226
A,6470,215.745,-1,0,0,1,X,X,X,X,X,264:195:150:144:292:219:322:224:362:227:391:226
A,6471,215.776,-1,0,0,1,X,X,X,X,X,264:195:150:144:293:219:322:224:362:227:391:226
A,6472,215.808,-1,0,0,1,X,X,X,X,X,265:195:149:144:293:219:322:224:362:227:390:226
A,6473,215.84,-1,0,0,1,X,X,X,X,X,265:195:149:144:292:219:322:224:362:227:391:226
A,6474,215.872,-1,0,0,1,X,X,X,X,X,265:195:149:144:293:219:321:224:362:227:391:226
A,6475,215.904,-1,0,0,1,X,X,X,X,X,264:195:150:143:292:219:321:224:362:227:391:226
A,6476,215.936,-1,0,0,1,X,X,X,X,X,265:195:149:143:292:219:321:224:362:227:390:226
A,6477,215.968,-1,0,0,1,X,X,X,X,X,264:195:150:143:292:219:321:224:362:227:391:226
A,6478,216.016,-1,0,0,1,X,X,X,X,X,265:195:150:143:292:219:321:224:362:227:390:226
A,6479,216.048,-1,0,0,1,X,X,X,X,X,265:195:149:143:292:219:321:224:362:227:390:226
A,6480,216.08,-1,0,0,1,X,X,X,X,X,264:195:150:143:292:219:322:224:361:227:390:226
A,6481,216.112,-1,0,0,1,X,X,X,X,X,264:195:149:143:293:219:321:224:362:227:390:226
A,6482,216.144,-1,0,0,1,X,X,X,X,X,264:195:150:144:292:219:321:224:362:227:390:227
A,6483,216.176,-1,0,0,1,X,X,X,X,X,264:195:150:143:292:219:321:224:361:227:390:226
A,6484,216.208,-1,0,0,1,X,X,X,X,X,264:195:150:143:292:219:321:224:362:227:390:226
A,6485,216.24,-1,0,0,1,X,X,X,X,X,264:195:150:143:293:219:321:224:361:227:390:226
A,6486,216.272,-1,0,0,1,X,X,X,X,X,264:195:150:143:292:219:322:224:361:227:391:226
A,6487,216.304,-1,0,0,1,X,X,X,X,X,264:195:150:144:292:219:321:224:362:227:391:226
A,6488,216.336,-1,0,0,1,X,X,X,X,X,264:195:150:143:292:219:321:224:362:227:391:226
A,6489,216.368,-1,0,0,1,X,X,X,X,X,263:194:152:144:292:219:321:224:362:227:391:227
A,6490,216.416,-1,0,0,1,X,X,X,X,X,263:195:152:144:292:219:321:224:362:227:391:227
A,6491,216.448,-1,0,0,1,X,X,X,X,X,264:195:150:143:292:219:321:224:362:227:391:226
A,6492,216.48,-1,0,0,1,X,X,X,X,X,264:195:151:143:292:219:321:224:362:227:391:226
A,6493,216.512,-1,0,0,1,X,X,X,X,X,265:196:150:142:293:219:321:224:362:227:390:227
A,6494,216.544,-1,0,0,1,X,X,X,X,X,264:196:150:142:292:219:322:224:362:228:391:226
A,6495,216.576,-1,0,0,1,X,X,X,X,X,265:196:149:142:293:219:322:224:363:228:392:227
A,6496,216.608,-1,0,0,1,X,X,X,X,X,264:195:150:143:293:219:321:224:362:228:391:226
A,6497,216.64,-1,0,0,1,X,X,X,X,X,264:196:151:142:293:219:322:224:363:228:391:226
A,6498,216.672,-1,0,0,1,X,X,X,X,X,263:195:151:144:292:219:321:224:362:228:391:227
A,6499,216.704,-1,0,0,1,X,X,X,X,X,262:195:153:143:293:219:322:224:363:228:392:226
A,6500,216.736,-1,0,0,1,X,X,X,X,X,264:195:151:143:293:219:322:225:363:228:391:227
A,6501,216.768,-1,0,0,1,X,X,X,X,X,264:196:151:143:293:219:322:224:363:228:392:227
A,6502,216.8,-1,0,0,1,X,X,X,X,X,264:195:150:144:293:219:322:225:363:228:392:227
A,6503,216.848,-1,0,0,1,X,X,X,X,X,264:195:151:144:293:219:322:225:363:228:392:227
A,6504,216.88,-1,0,0,1,X,X,X,X,X,264:195:152:144:293:219:322:225:363:228:392:227
A,6505,216.912,-1,0,0,1,X,X,X,X,X,265:195:150:144:293:219:322:225:363:228:391:227
A,6506,216.944,-1,0,0,1,X,X,X,X,X,265:196:150:143:293:219:322:224:363:228:391:226
A,6507,216.976,-1,0,0,1,X,X,X,X,X,265:195:150:144:294:219:322:224:362:228:391:227
A,6508,217.008,-1,0,0,1,X,X,X,X,X,264:196:151:143:292:219:322:225:362:228:391:227
A,6509,217.04,-1,0,0,1,X,X,X,X,X,265:196:149:143:293:219:322:225:363:228:391:227
A,6510,217.072,-1,0,0,1,X,X,X,X,X,263:195:152:144:292:219:322:225:362:228:391:227
A,6511,217.104,-1,0,0,1,X,X,X,X,X,263:196:152:143:293:220:322:225:362:228:391:227
A,6512,217.136,-1,0,0,1,X,X,X,X,X,263:195:151:144:293:220:322:225:362:228:391:228
A,6513,217.168,-1,0,0,1,X,X,X,X,X,264:196:150:143:293:219:322:225:362:228:391:227
A,6514,217.2,-1,0,0,1,X,X,X,X,X,264:196:150:143:292:219:321:225:362:228:391:227
A,6515,217.248,-1,0,0,1,X,X,X,X,X,263:196:151:143:293:219:322:225:362:228:391:227
A,6516,217.28,-1,0,0,1,X,X,X,X,X,264:195:150:144:292:219:321:225:362:228:391:227
A,6517,217.312,-1,0,0,1,X,X,X,X,X,263:196:152:144:293:220:322:225:362:228:390:228
A,6518,217.345,-1,0,0,1,X,X,X,X,X,264:195:150:144:292:219:321:225:362:228:390:227
A,6519,217.376,-1,0,0,1,X,X,X,X,X,263:196:151:143:293:220:321:225:362:228:390:227
A,6520,217.408,-1,0,0,1,X,X,X,X,X,264:196:150:144:292:220:321:225:362:228:390:227
A,6521,217.44,-1,0,0,1,X,X,X,X,X,264:196:150:143:292:220:321:225:362:228:390:227
A,6522,217.472,-1,0,0,1,X,X,X,X,X,264:196:150:143:292:220:321:225:362:228:390:227
A,6523,217.504,-1,0,0,1,X,X,X,X,X,264:196:150:143:292:219:321:225:362:228:390:227
A,6524,217.536,-1,0,0,1,X,X,X,X,X,263:196:152:143:292:220:321:225:362:228:391:227
A,6525,217.568,-1,0,0,1,X,X,X,X,X,263:195:151:144:292:219:321:225:362:228:390:227
A,6526,217.6,-1,0,0,1,X,X,X,X,X,263:195:151:144:292:220:321:225:361:228:390:227
A,6527,217.648,-1,0,0,1,X,X,X,X,X,263:195:152:145:292:220:321:225:362:228:390:227
A,6528,217.68,-1,0,0,1,X,X,X,X,X,263:195:151:144:292:220:321:225:362:228:390:227
A,6529,217.712,-1,0,0,1,X,X,X,X,X,264:196:151:144:292:219:321:224:362:228:390:227
A,6530,217.744,55,1,0,1,X,X,X,X,X,262:195:153:145:291:221:321:225:362:229:391:229
A,6531,217.776,55,1,1,1,X,C,X,C,X,263:195:152:145:291:222:321:226:362:230:391:230
A,6532,217.808,55,1,1,1,X,C,X,C,X,263:195:153:145:291:222:321:226:362:229:392:230
A,6533,217.84,55,1,1,1,X,C,X,C,X,263:195:152:145:291:221:321:226:362:229:392:229
A,6534,217.872,55,1,0,1,X,X,X,X,X,263:195:152:145:291:220:321:225:362:229:392:229
A,6535,217.904,55,1,0,1,X,X,X,X,X,263:195:152:145:291:220:321:225:362:228:391:228
A,6536,217.936,55,1,0,1,X,X,X,X,X,263:196:152:144:290:220:320:224:362:228:390:228
A,6537,217.968,55,1,0,1,X,X,X,X,X,263:195:151:145:291:220:321:225:361:228:390:228
A,6538,218.0,-1,0,0,1,X,X,X,X,X,262:195:152:145:291:220:320:225:361:228:390:227
A,6539,218.032,-1,0,0,1,X,X,X,X,X,262:195:152:144:291:220:320:225:361:228:390:227
A,6540,218.112,-1,0,0,1,X,X,X,X,X,262:195:152:145:291:220:320:225:360:228:389:227
A,6541,218.168,-1,0,0,1,X,X,X,X,X,262:195:152:145:291:220:320:225:360:228:389:227
A,6542,218.198,-1,0,0,1,X,X,X,X,X,262:195:151:144:291:220:320:225:361:228:389:227
A,6543,218.238,-1,0,0,1,X,X,X,X,X,262:195:152:144:291:220:320:225:360:228:389:227
A,6544,218.251,-1,0,0,1,X,X,X,X,X,261:195:153:144:291:220:320:225:360:228:389:227
A,6545,218.278,-1,0,0,1,X,X,X,X,X,263:195:150:144:291:220:320:225:360:228:389:227
A,6546,218.304,-1,0,0,1,X,X,X,X,X,261:195:152:144:290:220:320:224:360:228:389:227
A,6547,218.336,-1,0,0,1,X,X,X,X,X,262:195:151:144:291:220:320:224:360:227:389:227
A,6548,218.368,-1,0,0,1,X,X,X,X,X,262:195:152:144:291:219:320:224:360:227:389:226
A,6549,218.4,-1,0,0,1,X,X,X,X,X,261:195:153:144:291:219:320:224:360:227:389:227
A,6550,218.432,-1,0,0,1,X,X,X,X,X,262:195:152:144:291:219:320:224:360:227:389:226
A,6551,218.48,-1,0,0,1,X,X,X,X,X,263:195:151:144:291:219:320:224:360:227:389:226
A,6552,218.512,-1,0,0,1,X,X,X,X,X,262:195:152:144:291:219:320:224:361:227:389:226
A,6553,218.544,-1,0,0,1,X,X,X,X,X,262:195:152:143:291:219:320:224:361:227:389:226
A,6554,218.576,-1,0,0,1,X,X,X,X,X,262:194:152:145:291:219:320:224:360:227:389:226
A,6555,218.608,-1,0,0,1,X,X,X,X,X,262:194:152:144:291:219:320:224:360:227:389:226
A,6556,218.64,-1,0,0,1,X,X,X,X,X,262:194:152:145:291:219:320:224:360:227:390:226
A,6557,218.672,-1,0,0,1,X,X,X,X,X,262:195:152:143:291:219:320:224:360:227:390:226
A,6558,218.704,-1,0,0,1,X,X,X,X,X,262:195:151:143:291:219:320:224:360:227:389:226
A,6559,218.736,-1,0,0,1,X,X,X,X,X,262:195:152:143:292:219:320:224:360:227:389:226
A,6560,218.768,-1,0,0,1,X,X,X,X,X,262:194:152:144:291:219:320:224:360:227:389:226
A,6561,218.8,-1,0,0,1,X,X,X,X,X,262:194:152:144:291:219:320:224:360:227:389:226
A,6562,218.832,-1,0,0,1,X,X,X,X,X,262:195:152:143:291:219:320:224:360:227:390:226
A,6563,218.864,-1,0,0,1,X,X,X,X,X,263:194:151:144:291:219:320:224:361:227:390:226
A,6564,218.911,-1,0,0,1,X,X,X,X,X,263:195:150:143:291:219:320:224:361:227:389:226
A,6565,218.944,-1,0,0,1,X,X,X,X,X,262:194:152:144:291:219:320:224:361:227:390:226
A,6566,218.976,-1,0,0,1,X,X,X,X,X,262:195:152:143:291:219:320:224:361:227:390:226
A,6567,219.008,-1,0,0,1,X,X,X,X,X,263:194:151:144:291:219:320:224:361:227:390:226
A,6568,219.039,-1,0,0,1,X,X,X,X,X,263:194:151:144:291:219:320:224:361:227:390:226
A,6569,219.071,-1,0,0,1,X,X,X,X,X,263:194:151:144:291:219:320:224:361:227:390:226
A,6570,219.104,-1,0,0,1,X,X,X,X,X,262:194:152:144:291:219:320:224:361:227:390:226
A,6571,219.136,-1,0,0,1,X,X,X,X,X,263:195:151:143:291:219:320:224:361:227:390:226
A,6572,219.168,-1,0,0,1,X,X,X,X,X,263:194:152:144:291:219:320:224:361:227:390:226
A,6573,219.2,-1,0,0,1,X,X,X,X,X,262:195:152:143:291:219:320:224:361:227:390:226
A,6574,219.236,-1,0,0,1,X,X,X,X,X,263:194:152:144:291:219:320:224:361:227:390:226
A,6575,219.264,-1,0,0,1,X,X,X,X,X,262:195:152:143:291:219:320:224:361:227:390:226
A,6576,219.312,-1,0,0,1,X,X,X,X,X,264:195:149:143:291:219:320:224:361:227:390:226
A,6577,219.344,-1,0,0,1,X,X,X,X,X,264:195:150:143:291:219:320:224:362:227:390:226
A,6578,219.376,-1,0,0,1,X,X,X,X,X,264:195:150:143:291:219:320:223:361:227:390:225
A,6579,219.408,-1,0,0,1,X,X,X,X,X,263:194:151:144:292:219:321:224:361:227:390:226
A,6580,219.44,-1,0,0,1,X,X,X,X,X,263:195:151:142:292:219:321:224:361:227:390:226
A,6581,219.472,-1,0,0,1,X,X,X,X,X,264:194:149:144:292:219:321:224:361:227:389:226
A,6582,219.504,-1,0,0,1,X,X,X,X,X,263:195:152:143:291:219:321:224:361:227:390:226
A,6583,219.536,-1,0,0,1,X,X,X,X,X,264:195:149:143:292:219:320:224:361:227:389:226
A,6584,219.568,-1,0,0,1,X,X,X,X,X,263:195:151:143:291:219:320:224:361:227:390:226
A,6585,219.6,-1,0,0,1,X,X,X,X,X,263:195:151:143:291:219:320:224:361:227:390:226
A,6586,219.632,-1,0,0,1,X,X,X,X,X,262:195:152:143:291:219:320:224:360:227:389:226
A,6587,219.664,-1,0,0,1,X,X,X,X,X,263:195:151:143:291:219:320:224:361:227:389:226
A,6588,219.711,-1,0,0,1,X,X,X,X,X,262:194:152:144:291:219:320:224:360:227:389:226
A,6589,219.744,-1,0,0,1,X,X,X,X,X,262:195:152:143:291:219:320:224:360:227:389:226
A,6590,219.776,-1,0,0,1,X,X,X,X,X,263:194:150:144:291:219:320:224:360:227:389:226
A,6591,219.807,-1,0,0,1,X,X,X,X,X,262:195:152:143:291:219:320:224:360:227:389:226
A,6592,219.84,-1,0,0,1,X,X,X,X,X,262:195:152:143:291:219:320:224:360:227:389:226
A,6593,219.872,-1,0,0,1,X,X,X,X,X,262:195:152:143:291:219:320:224:361:227:389:226
A,6594,219.904,-1,0,0,1,X,X,X,X,X,262:195:152:143:290:219:320:224:360:227:389:226
A,6595,219.935,-1,0,0,1,X,X,X,X,X,262:195:152:143:291:219:320:224:360:227:389:226
A,6596,219.968,-1,0,0,1,X,X,X,X,X,262:195:152:143:291:219:320:224:360:227:389:226
A,6597,220.0,-1,0,0,1,X,X,X,X,X,263:195:151:143:291:219:320:224:360:227:389:226
A,6598,220.032,-1,0,0,1,X,X,X,X,X,263:194:151:144:291:219:320:224:360:227:389:226
A,6599,220.064,-1,0,0,1,X,X,X,X,X,263:194:150:144:290:219:320:224:360:227:389:226
A,6600,220.095,-1,0,0,1,X,X,X,X,X,263:195:150:143:291:219:320:224:360:227:389:226
A,6601,220.144,-1,0,0,1,X,X,X,X,X,262:195:151:143:291:219:320:224:360:227:389:226
A,6602,220.176,-1,0,0,1,X,X,X,X,X,261:195:152:143:290:219:319:224:360:227:389:226
A,6603,220.208,-1,0,0,1,X,X,X,X,X,263:195:150:143:291:219:319:224:360:227:388:226
A,6604,220.239,-1,0,0,1,X,X,X,X,X,262:195:151:143:291:219:320:224:360:227:388:226
A,6605,220.272,-1,0,0,1,X,X,X,X,X,262:195:151:143:290:219:319:224:360:227:388:226
A,6606,220.304,-1,0,0,1,X,X,X,X,X,262:195:152:143:290:219:319:224:360:227:389:226
A,6607,220.335,-1,0,0,1,X,X,X,X,X,262:195:151:144:290:219:319:224:360:227:389:226
A,6608,220.368,-1,0,0,1,X,X,X,X,X,262:195:152:144:290:219:319:224:360:227:388:226
A,6609,220.4,-1,0,0,1,X,X,X,X,X,262:195:152:144:290:219:319:224:360:227:388:226
A,6610,220.431,-1,0,0,1,X,X,X,X,X,262:195:152:144:290:219:319:224:360:227:388:226
A,6611,220.464,-1,0,0,1,X,X,X,X,X,262:195:151:144:290:219:319:224:359:227:388:226
A,6612,220.495,-1,0,0,1,X,X,X,X,X,262:195:152:144:290:219:319:224:360:227:388:226
A,6613,220.543,-1,0,0,1,X,X,X,X,X,262:195:151:144:290:219:319:224:360:227:388:226
A,6614,220.576,-1,0,0,1,X,X,X,X,X,262:195:151:144:290:219:319:224:359:227:389:226
A,6615,220.608,-1,0,0,1,X,X,X,X,X,262:195:151:145:290:219:319:224:359:227:388:226
A,6616,220.639,-1,0,0,1,X,X,X,X,X,262:195:152:145:291:219:319:224:360:227:388:226
A,6617,220.672,-1,0,0,1,X,X,X,X,X,262:195:151:146:290:219:319:224:359:227:388:226
A,6618,220.704,-1,0,0,1,X,X,X,X,X,262:195:151:146:290:219:319:224:360:227:388:226
A,6619,220.736,-1,0,0,1,X,X,X,X,X,262:195:152:146:290:219:319:224:359:227:388:226
A,6620,220.767,-1,0,0,1,X,X,X,X,X,261:195:153:146:290:220:318:224:360:227:388:226
A,6621,220.799,-1,0,0,1,X,X,X,X,X,261:195:152:145:290:219:318:224:359:227:387:226
A,6622,220.831,-1,0,0,1,X,X,X,X,X,261:195:152:145:290:220:319:224:359:227:388:226
A,6623,220.864,-1,0,0,1,X,X,X,X,X,261:195:152:144:290:219:318:224:359:227:387:226
A,6624,220.895,-1,0,0,1,X,X,X,X,X,261:195:152:145:289:219:318:224:359:227:387:225
A,6625,220.943,-1,0,0,1,X,X,X,X,X,260:195:152:144:289:220:318:224:358:226:387:225
A,6626,220.976,-1,0,0,1,X,X,X,X,X,260:195:152:144:288:219:317:224:358:226:387:224
A,6627,221.008,-1,0,0,1,X,X,X,X,X,259:195:153:144:288:220:317:224:358:226:387:224
A,6628,221.04,-1,0,0,1,X,X,X,X,X,260:194:151:145:288:219:317:223:357:225:385:223
A,6629,221.072,-1,0,0,1,X,X,X,X,X,258:194:153:145:287:219:316:223:357:225:386:223
A,6630,221.104,-1,0,0,1,X,X,X,X,X,260:194:151:146:287:219:316:223:356:225:386:223
A,6631,221.136,-1,0,0,1,X,X,X,X,X,258:194:153:147:286:219:315:222:356:224:385:223
A,6632,221.168,-1,0,0,1,X,X,X,X,X,260:194:150:146:288:219:316:222:355:224:385:222
A,6633,221.2,-1,0,0,1,X,X,X,X,X,259:193:150:146:287:218:315:222:355:224:384:222
A,6634,221.232,-1,0,0,1,X,X,X,X,X,259:193:151:146:287:218:315:222:356:224:385:223
A,6635,221.264,-1,0,0,1,X,X,X,X,X,259:193:150:145:286:218:315:222:356:224:385:223
A,6636,221.296,-1,0,0,1,X,X,X,X,X,258:193:151:144:286:218:315:222:355:224:385:222
A,6637,221.328,-1,0,0,1,X,X,X,X,X,259:193:151:143:286:218:315:222:356:224:385:222
A,6638,221.376,-1,0,0,1,X,X,X,X,X,260:194:150:142:286:218:315:222:356:225:386:223
A,6639,221.407,-1,0,0,1,X,X,X,X,X,259:194:151:141:287:218:315:223:356:225:385:223
A,6640,221.44,-1,0,0,1,X,X,X,X,X,259:194:151:142:286:218:315:223:356:225:386:223
A,6641,221.472,-1,0,0,1,X,X,X,X,X,259:194:151:142:286:218:315:223:356:225:386:223
A,6642,221.503,-1,0,0,1,X,X,X,X,X,258:194:152:143:286:219:315:223:356:225:386:223
A,6643,221.536,-1,0,0,1,X,X,X,X,X,259:194:150:142:287:219:315:223:356:225:385:223
A,6644,221.568,-1,0,0,1,X,X,X,X,X,259:194:151:143:287:219:315:223:357:225:385:223
A,6645,221.6,-1,0,0,1,X,X,X,X,X,259:194:151:142:287:219:316:223:357:225:385:223
A,6646,221.632,-1,0,0,1,X,X,X,X,X,259:194:151:142:287:219:316:223:357:225:385:223
A,6647,221.664,-1,0,0,1,X,X,X,X,X,259:193:152:144:287:219:316:223:357:225:386:223
A,6648,221.695,-1,0,0,1,X,X,X,X,X,259:194:151:143:287:218:316:222:357:224:386:222
A,6649,221.728,-1,0,0,1,X,X,X,X,X,260:194:150:143:287:218:317:222:357:225:386:223
A,6650,221.775,-1,0,0,1,X,X,X,X,X,259:194:151:143:288:219:317:222:357:224:386:223
A,6651,221.807,-1,0,0,1,X,X,X,X,X,259:193:152:144:287:218:317:223:358:225:387:223
A,6652,221.839,-1,0,0,1,X,X,X,X,X,258:194:152:143:288:218:316:222:358:224:386:222
A,6653,221.874,-1,0,0,1,X,X,X,X,X,260:194:150:143:288:218:316:223:358:225:386:223
A,6654,221.903,-1,0,0,1,X,X,X,X,X,260:193:151:144:287:219:316:223:358:225:386:223
A,6655,221.936,-1,0,0,1,X,X,X,X,X,260:193:151:144:288:219:317:223:357:225:387:223
A,6656,221.968,-1,0,0,1,X,X,X,X,X,259:194:151:143:289:218:317:223:358:225:387:223
A,6657,221.999,-1,0,0,1,X,X,X,X,X,260:193:151:145:289:219:317:223:358:225:386:223
A,6658,222.031,-1,0,0,1,X,X,X,X,X,260:193:151:144:288:219:317:223:358:225:387:223
A,6659,222.064,-1,0,0,1,X,X,X,X,X,260:194:150:143:288:219:317:223:358:225:387:223
A,6660,222.096,-1,0,0,1,X,X,X,X,X,260:194:151:143:288:219:317:223:358:225:387:223
A,6661,222.128,-1,0,0,1,X,X,X,X,X,259:194:152:143:287:219:316:223:358:225:387:223
A,6662,222.176,-1,0,0,1,X,X,X,X,X,260:194:151:143:288:219:317:223:358:225:386:224
A,6663,222.208,-1,0,0,1,X,X,X,X,X,259:194:152:144:287:219:316:223:358:225:387:224
A,6664,222.24,-1,0,0,1,X,X,X,X,X,260:194:152:143:288:219:316:223:358:225:386:224
A,6665,222.272,-1,0,0,1,X,X,X,X,X,260:194:151:143:288:219:317:223:358:225:387:224
A,6666,222.304,-1,0,0,1,X,X,X,X,X,260:194:151:143:288:219:317:223:358:226:387:224
A,6667,222.336,-1,0,0,1,X,X,X,X,X,260:194:151:143:288:219:317:223:358:226:387:224
A,6668,222.367,-1,0,0,1,X,X,X,X,X,260:194:151:143:288:219:317:223:358:225:386:224
A,6669,222.4,-1,0,0,1,X,X,X,X,X,259:194:152:143:288:219:317:223:358:225:387:224
A,6670,222.432,-1,0,0,1,X,X,X,X,X,260:194:151:142:288:219:317:223:358:226:387:224
A,6671,222.464,-1,0,0,1,X,X,X,X,X,259:194:152:143:288:219:316:223:358:226:387:224
A,6672,222.496,-1,0,0,1,X,X,X,X,X,260:194:151:143:288:219:317:224:358:226:386:224
A,6673,222.528,-1,0,0,1,X,X,X,X,X,260:195:151:142:288:219:317:223:358:226:387:224
A,6674,222.56,-1,0,0,1,X,X,X,X,X,259:194:152:143:288:220:317:224:357:226:386:224
A,6675,222.607,-1,0,0,1,X,X,X,X,X,260:194:151:143:287:219:316:223:357:226:386:224
A,6676,222.639,-1,0,0,1,X,X,X,X,X,260:194:152:143:288:220:316:224:357:226:386:224
A,6677,222.676,-1,0,0,1,X,X,X,X,X,261:195:150:141:288:219:316:224:358:226:386:224
A,6678,222.703,-1,0,0,1,X,X,X,X,X,260:194:151:143:287:219:316:224:358:226:386:224
A,6679,222.736,-1,0,0,1,X,X,X,X,X,259:195:152:142:288:220:316:224:358:226:386:224
A,6680,222.768,-1,0,0,1,X,X,X,X,X,260:194:151:142:287:219:316:224:358:226:386:224
A,6681,222.8,-1,0,0,1,X,X,X,X,X,260:195:152:142:288:220:316:224:358:226:386:225
A,6682,222.832,-1,0,0,1,X,X,X,X,X,259:195:153:142:288:220:317:224:358:226:387:224
A,6683,222.864,-1,0,0,1,X,X,X,X,X,260:195:152:142:287:220:317:224:358:226:387:224
A,6684,222.896,-1,0,0,1,X,X,X,X,X,260:195:150:141:288:220:317:224:358:226:387:224
A,6685,222.928,-1,0,0,1,X,X,X,X,X,259:194:152:143:288:220:317:224:358:226:386:224
A,6686,222.96,-1,0,0,1,X,X,X,X,X,260:194:151:142:288:220:317:224:358:226:387:225
A,6687,223.008,-1,0,0,1,X,X,X,X,X,260:194:151:143:288:220:317:224:358:226:386:224
A,6688,223.04,-1,0,0,1,X,X,X,X,X,260:195:151:142:287:220:316:224:358:226:387:225
A,6689,223.072,-1,0,0,1,X,X,X,X,X,260:195:151:142:288:220:317:224:358:226:386:225
A,6690,223.104,-1,0,0,1,X,X,X,X,X,260:195:150:142:288:220:316:224:357:227:386:225
A,6691,223.136,-1,0,0,1,X,X,X,X,X,260:195:151:142:288:220:317:224:358:226:387:225
A,6692,223.168,-1,0,0,1,X,X,X,X,X,260:195:151:142:287:220:317:224:358:226:387:225
A,6693,223.2,-1,0,0,1,X,X,X,X,X,260:196:151:142:288:220:316:224:358:226:387:225
A,6694,223.232,-1,0,0,1,X,X,X,X,X,260:195:150:142:288:220:317:224:358:226:386:225
A,6695,223.264,-1,0,0,1,X,X,X,X,X,260:195:150:142:288:220:317:224:358:227:387:225
A,6696,223.295,-1,0,0,1,X,X,X,X,X,260:195:151:142:288:220:316:224:358:226:387:225
A,6697,223.327,-1,0,0,1,X,X,X,X,X,260:195:151:142:288:220:317:224:358:227:387:225
A,6698,223.36,-1,0,0,1,X,X,X,X,X,260:195:151:142:287:220:317:224:358:226:387:225
A,6699,223.408,-1,0,0,1,X,X,X,X,X,261:195:150:142:288:220:317:224:358:226:387:225
A,6700,223.44,-1,0,0,1,X,X,X,X,X,259:195:151:141:287:220:316:224:358:226:387:225
A,6701,223.472,-1,0,0,1,X,X,X,X,X,260:195:151:141:288:220:316:224:358:226:387:225
A,6702,223.504,-1,0,0,1,X,X,X,X,X,261:195:150:142:288:220:317:224:358:226:386:225
A,6703,223.536,-1,0,0,1,X,X,X,X,X,260:196:151:141:288:221:316:224:358:226:387:225
A,6704,223.568,-1,0,0,1,X,X,X,X,X,260:195:150:142:288:220:316:224:359:226:388:225
A,6705,223.6,-1,0,0,1,X,X,X,X,X,260:195:150:141:288:220:316:224:358:226:387:225
A,6706,223.632,-1,0,0,1,X,X,X,X,X,260:196:150:140:288:220:316:224:359:226:387:225
A,6707,223.664,-1,0,0,1,X,X,X,X,X,260:195:150:141:288:219:317:223:359:225:388:224
A,6708,223.696,-1,0,0,1,X,X,X,X,X,261:194:150:141:288:219:317:222:359:224:388:223
A,6709,223.728,-1,0,0,1,X,X,X,X,X,261:193:150:142:289:218:317:222:359:224:388:223
A,6710,223.76,-1,0,0,1,X,X,X,X,X,260:192:151:142:288:217:317:221:359:223:388:222
A,6711,223.792,-1,0,0,1,X,X,X,X,X,260:191:150:142:288:217:317:220:359:223:388:222
A,6712,223.84,-1,0,0,1,X,X,X,X,X,261:191:152:141:289:215:318:219:360:222:389:220
A,6713,223.872,-1,0,0,1,X,X,X,X,X,261:190:151:141:290:214:319:218:360:220:389:220
A,6714,223.903,-1,0,0,1,X,X,X,X,X,262:188:150:142:290:213:319:217:361:220:390:218
A,6715,223.936,-1,0,0,1,X,X,X,X,X,262:187:151:141:290:212:319:216:362:218:390:217
A,6716,223.968,-1,0,0,1,X,X,X,X,X,263:186:150:141:291:211:320:214:362:217:390:216
A,6717,224.0,-1,0,0,1,X,X,X,X,X,262:185:151:141:291:209:320:213:362:215:390:215
A,6718,224.032,-1,0,0,1,X,X,X,X,X,262:184:152:141:291:209:320:212:362:215:391:214
A,6719,224.064,-1,0,0,1,X,X,X,X,X,263:183:151:142:291:208:320:212:362:214:391:213
A,6720,224.096,-1,0,0,1,X,X,X,X,X,262:184:151:141:291:208:321:212:363:215:392:214
A,6721,224.128,-1,0,0,1,X,X,X,X,X,263:183:151:143:292:209:321:212:363:215:391:215
A,6722,224.16,-1,0,0,1,X,X,X,X,X,263:184:151:142:292:209:321:213:363:215:392:214
A,6723,224.191,-1,0,0,1,X,X,X,X,X,262:185:153:141:292:209:321:213:363:216:392:215
A,6724,224.24,-1,0,0,1,X,X,X,X,X,264:185:150:142:292:210:321:214:364:217:393:216
A,6725,224.272,-1,0,0,1,X,X,X,X,X,264:185:150:142:293:210:322:214:364:217:393:216
A,6726,224.304,-1,0,0,1,X,X,X,X,X,263:186:150:140:292:210:321:214:364:217:392:217
A,6727,224.335,-1,0,0,1,X,X,X,X,X,263:186:151:140:294:210:322:214:364:217:392:216
A,6728,224.368,-1,0,0,1,X,X,X,X,X,263:186:151:141:293:210:322:214:364:217:392:216
A,6729,224.4,-1,0,0,1,X,X,X,X,X,264:185:150:142:292:210:322:214:365:217:393:216
A,6730,224.432,-1,0,0,1,X,X,X,X,X,264:186:150:141:292:210:322:214:364:218:393:217
A,6731,224.463,-1,0,0,1,X,X,X,X,X,264:186:151:142:292:211:322:215:365:218:394:217
A,6732,224.495,-1,0,0,1,X,X,X,X,X,264:187:151:142:292:211:322:216:365:219:394:218
A,6733,224.527,-1,0,0,1,X,X,X,X,X,265:187:150:142:293:212:323:216:365:219:394:219
A,6734,224.56,-1,0,0,1,X,X,X,X,X,265:187:150:142:294:212:322:216:366:219:394:219
A,6735,224.592,-1,0,0,1,X,X,X,X,X,265:188:150:141:295:212:323:217:366:220:394:219
A,6736,224.623,-1,0,0,1,X,X,X,X,X,264:188:152:142:294:212:323:217:366:220:394:219
A,6737,224.671,-1,0,0,1,X,X,X,X,X,264:188:151:142:294:212:323:217:366:220:394:219
A,6738,224.703,-1,0,0,1,X,X,X,X,X,265:188:151:142:294:213:324:217:366:221:394:220
A,6739,224.735,-1,0,0,1,X,X,X,X,X,264:187:151:143:294:213:323:217:366:221:394:220
A,6740,224.767,-1,0,0,1,X,X,X,X,X,264:188:151:143:295:213:324:217:366:221:394:220
A,6741,224.8,-1,0,0,1,X,X,X,X,X,264:188:151:142:295:213:324:217:366:221:394:220
A,6742,224.832,-1,0,0,1,X,X,X,X,X,265:188:150:142:294:213:323:217:366:220:394:221
A,6743,224.864,-1,0,0,1,X,X,X,X,X,264:188:152:143:295:213:324:217:366:220:394:220
A,6744,224.895,-1,0,0,1,X,X,X,X,X,264:187:151:144:295:213:324:217:366:221:394:220
A,6745,224.927,-1,0,0,1,X,X,X,X,X,264:187:151:143:294:213:324:217:366:220:394:220
A,6746,224.96,-1,0,0,1,X,X,X,X,X,264:187:151:143:294:213:324:217:366:220:394:220
A,6747,224.992,-1,0,0,1,X,X,X,X,X,264:187:152:144:294:214:324:218:366:221:395:220
A,6748,225.024,-1,0,0,1,X,X,X,X,X,265:188:150:144:294:214:324:218:365:222:394:221
A,6749,225.071,-1,0,0,1,X,X,X,X,X,264:187:151:145:294:214:324:219:366:222:395:221
A,6750,225.103,-1,0,0,1,X,X,X,X,X,264:188:152:145:294:215:324:219:366:222:394:222
A,6751,225.135,-1,0,0,1,X,X,X,X,X,264:189:152:145:294:215:324:220:366:223:395:222
A,6752,225.168,-1,0,0,1,X,X,X,X,X,264:188:152:145:295:215:325:220:366:223:395:222
A,6753,225.2,-1,0,0,1,X,X,X,X,X,263:190:153:144:294:215:324:220:366:223:395:222
A,6754,225.231,-1,0,0,1,X,X,X,X,X,264:189:151:145:295:215:324:219:366:223:395:222
A,6755,225.264,-1,0,0,1,X,X,X,X,X,263:190:154:143:295:215:325:220:366:223:395:221
A,6756,225.295,-1,0,0,1,X,X,X,X,X,264:189:152:144:295:215:325:219:366:223:395:221
A,6757,225.327,-1,0,0,1,X,X,X,X,X,264:190:151:143:295:214:325:220:366:223:395:221
A,6758,225.36,-1,0,0,1,X,X,X,X,X,264:190:152:144:295:215:325:220:367:223:395:221
A,6759,225.391,-1,0,0,1,X,X,X,X,X,264:190:152:144:296:214:325:220:366:223:395:221
A,6760,225.424,-1,0,0,1,X,X,X,X,X,264:190:152:143:295:214:325:220:366:223:395:221
A,6761,225.471,-1,0,0,1,X,X,X,X,X,265:190:151:144:295:215:325:220:366:223:395:221
A,6762,225.503,-1,0,0,1,X,X,X,X,X,265:190:150:144:296:215:325:220:366:223:395:222
A,6763,225.535,-1,0,0,1,X,X,X,X,X,264:190:152:143:295:215:325:220:366:223:395:221
A,6764,225.568,-1,0,0,1,X,X,X,X,X,266:190:149:144:295:214:324:219:366:223:394:222
A,6765,225.6,-1,0,0,1,X,X,X,X,X,265:189:150:145:296:214:325:220:366:223:394:221
A,6766,225.631,-1,0,0,1,X,X,X,X,X,264:190:151:143:295:214:325:220:365:223:394:221
A,6767,225.664,56,1,0,1,X,X,X,X,X,265:189:150:145:294:216:324:220:365:223:394:223
A,6768,225.695,56,1,1,1,X,C,X,C,X,265:189:151:144:294:216:324:220:365:223:395:224
A,6769,225.727,56,1,1,1,X,C,X,C,X,265:189:151:144:294:217:324:221:365:224:395:224
A,6770,225.76,56,1,1,1,X,C,X,C,X,264:190:151:144:293:217:323:220:365:224:394:224
A,6771,225.791,56,1,0,1,X,X,X,X,X,264:189:151:146:293:217:323:220:365:224:395:223
A,6772,225.823,56,1,0,1,X,X,X,X,X,263:190:152:144:293:216:323:220:364:223:393:223
A,6773,225.855,56,1,0,1,X,X,X,X,X,264:190:149:144:293:216:322:220:364:224:393:223
A,6774,225.903,-1,0,0,1,X,X,X,X,X,264:191:149:144:293:216:322:220:364:223:392:223
A,6775,225.935,-1,0,0,1,X,X,X,X,X,263:190:151:145:293:216:322:220:364:223:392:223
A,6776,225.967,-1,0,0,1,X,X,X,X,X,264:190:149:145:293:216:322:220:364:223:392:223
A,6777,225.999,-1,0,0,1,X,X,X,X,X,264:190:149:145:293:216:322:220:363:223:391:222
A,6778,226.031,-1,0,0,1,X,X,X,X,X,263:191:150:144:292:216:322:220:363:223:391:222
A,6779,226.064,-1,0,0,1,X,X,X,X,X,262:191:152:144:292:215:322:220:363:223:391:221
A,6780,226.095,-1,0,0,1,X,X,X,X,X,263:191:150:144:293:216:322:220:363:223:391:222
A,6781,226.127,-1,0,0,1,X,X,X,X,X,262:191:151:144:292:215:322:220:363:223:391:221
A,6782,226.16,-1,0,0,1,X,X,X,X,X,263:191:148:146:293:216:321:220:362:223:390:222
A,6783,226.191,-1,0,0,1,X,X,X,X,X,263:191:148:146:293:216:321:220:362:223:390:222
A,6784,226.223,-1,0,0,1,X,X,X,X,X,262:191:151:145:292:215:321:220:362:223:391:221
A,6785,226.256,-1,0,0,1,X,X,X,X,X,262:191:151:145:292:215:321:220:362:222:391:221
A,6786,226.303,-1,0,0,1,X,X,X,X,X,263:191:149:146:292:215:321:220:362:223:391:222
A,6787,226.335,-1,0,0,1,X,X,X,X,X,263:191:150:146:292:215:321:220:363:223:391:222
A,6788,226.368,-1,0,0,1,X,X,X,X,X,263:190:149:147:292:215:321:220:362:223:391:222
A,6789,226.399,-1,0,0,1,X,X,X,X,X,263:191:149:146:292:215:321:220:362:223:390:222
A,6790,226.431,-1,0,0,1,X,X,X,X,X,263:191:150:145:292:215:321:220:362:223:391:221
A,6791,226.464,-1,0,0,1,X,X,X,X,X,262:191:151:145:291:215:321:220:362:223:391:222
A,6792,226.496,-1,0,0,1,X,X,X,X,X,263:190:149:146:291:215:320:220:361:223:390:222
A,6793,226.528,-1,0,0,1,X,X,X,X,X,262:190:151:146:291:216:320:220:361:223:390:222
A,6794,226.56,-1,0,0,1,X,X,X,X,X,261:190:152:145:290:216:319:220:360:223:389:222
A,6795,226.592,-1,0,0,1,X,X,X,X,X,263:190:149:146:291:216:319:220:360:223:389:222
A,6796,226.623,-1,0,0,1,X,X,X,X,X,262:191:149:145:290:216:318:220:360:223:389:222
A,6797,226.655,-1,0,0,1,X,X,X,X,X,261:190:150:147:290:216:318:220:359:222:388:222
A,6798,226.703,-1,0,0,1,X,X,X,X,X,261:191:151:148:289:217:318:220:359:223:388:222
A,6799,226.75,-1,0,0,1,X,X,X,X,X,261:191:149:150:290:217:318:220:359:223:387:222
A,6800,226.786,-1,0,0,1,X,X,X,X,X,261:192:149:151:289:217:317:220:358:223:387:223
A,6801,226.8,-1,0,0,1,X,X,X,X,X,260:192:151:150:289:217:318:221:359:224:388:223
A,6802,226.832,-1,0,0,1,X,X,X,X,X,260:192:152:150:288:218:317:221:358:224:387:222
A,6803,226.864,-1,0,0,1,X,X,X,X,X,260:191:152:152:289:217:317:221:359:224:387:223
A,6804,226.896,-1,0,0,1,X,X,X,X,X,259:191:153:152:288:217:317:221:359:224:388:223
A,6805,226.927,-1,0,0,1,X,X,X,X,X,261:191:150:151:289:218:317:221:358:224:387:223
A,6806,226.959,-1,0,0,1,X,X,X,X,X,260:191:151:151:290:218:317:221:359:223:386:223
A,6807,226.991,-1,0,0,1,X,X,X,X,X,259:192:153:150:289:218:317:221:359:224:388:223
A,6808,227.024,-1,0,0,1,X,X,X,X,X,260:192:152:150:289:218:318:222:359:224:388:223
A,6809,227.055,-1,0,0,1,X,X,X,X,X,260:193:152:150:289:219:318:222:360:224:388:223
A,6810,227.088,-1,0,0,1,X,X,X,X,X,261:193:151:150:289:219:318:223:360:225:388:224
A,6811,227.135,-1,0,0,1,X,X,X,X,X,261:194:152:149:289:219:319:223:360:225:389:224
A,6812,227.167,-1,0,0,1,X,X,X,X,X,261:193:152:150:290:219:319:223:361:225:390:224
A,6813,227.199,-1,0,0,1,X,X,X,X,X,262:192:152:150:290:218:320:222:361:225:390:224
A,6814,227.232,-1,0,0,1,X,X,X,X,X,262:191:152:150:291:218:320:221:361:224:391:223
A,6815,227.263,-1,0,0,1,X,X,X,X,X,262:191:152:149:291:218:320:222:361:224:390:223
A,6816,227.296,-1,0,0,1,X,X,X,X,X,262:191:151:148:291:218:320:220:361:223:390:223
A,6817,227.327,-1,0,0,1,X,X,X,X,X,261:191:153:148:291:217:320:221:361:223:390:222
A,6818,227.359,-1,0,0,1,X,X,X,X,X,262:191:152:147:291:217:320:221:361:223:391:222
A,6819,227.391,-1,0,0,1,X,X,X,X,X,262:191:151:146:290:217:320:220:361:223:391:222
A,6820,227.424,-1,0,0,1,X,X,X,X,X,263:190:151:147:291:217:320:220:361:223:390:222
A,6821,227.455,-1,0,0,1,X,X,X,X,X,263:190:151:148:290:217:320:220:361:223:390:223
A,6822,227.487,-1,0,0,1,X,X,X,X,X,263:191:150:147:291:217:320:221:361:223:390:222
A,6823,227.535,-1,0,0,1,X,X,X,X,X,262:191:151:147:290:217:320:221:360:224:390:223
A,6824,227.567,-1,0,0,1,X,X,X,X,X,262:191:150:147:291:217:319:221:360:223:389:223
A,6825,227.599,-1,0,0,1,X,X,X,X,X,262:191:149:148:290:217:319:221:360:224:388:223
A,6826,227.631,-1,0,0,1,X,X,X,X,X,262:192:149:146:290:217:318:221:359:224:388:223
A,6827,227.663,-1,0,0,1,X,X,X,X,X,262:191:150:147:288:217:318:221:360:224:390:223
A,6828,227.696,-1,0,0,1,X,X,X,X,X,262:191:149:146:289:217:318:221:359:225:388:224
A,6829,227.728,-1,0,0,1,X,X,X,X,X,262:192:151:145:290:217:319:222:360:225:388:224
A,6830,227.759,-1,0,0,1,X,X,X,X,X,262:192:149:145:290:218:319:222:360:225:388:224
A,6831,227.792,-1,0,0,1,X,X,X,X,X,262:192:149:144:290:218:318:222:359:225:388:224
A,6832,227.823,-1,0,0,1,X,X,X,X,X,261:192:150:144:290:218:318:222:359:225:388:224
A,6833,227.855,-1,0,0,1,X,X,X,X,X,261:192:150:145:290:218:319:222:359:225:388:224
A,6834,227.888,-1,0,0,1,X,X,X,X,X,261:192:150:145:290:218:318:222:360:225:388:224
A,6835,227.935,-1,0,0,1,X,X,X,X,X,262:192:150:145:290:218:319:222:360:225:389:225
A,6836,227.967,-1,0,0,1,X,X,X,X,X,262:192:149:145:290:218:319:222:360:225:389:225
A,6837,227.999,-1,0,0,1,X,X,X,X,X,261:192:151:145:290:218:318:222:360:225:388:225
A,6838,228.031,-1,0,0,1,X,X,X,X,X,262:192:151:145:290:218:319:222:360:225:389:225
A,6839,228.063,-1,0,0,1,X,X,X,X,X,262:192:150:145:290:218:319:222:360:225:388:225
A,6840,228.095,-1,0,0,1,X,X,X,X,X,262:192:149:145:290:218:319:222:360:225:388:225
A,6841,228.127,-1,0,0,1,X,X,X,X,X,261:193:151:143:290:218:319:222:360:225:389:225
A,6842,228.159,-1,0,0,1,X,X,X,X,X,261:193:150:143:290:218:319:223:360:226:389:225
A,6843,228.191,-1,0,0,1,X,X,X,X,X,262:192:149:145:289:218:319:223:360:226:389:225
A,6844,228.223,-1,0,0,1,X,X,X,X,X,262:192:150:144:289:218:319:223:359:226:389:225
A,6845,228.255,-1,0,0,1,X,X,X,X,X,261:193:151:144:290:218:319:223:360:226:389:225
A,6846,228.287,-1,0,0,1,X,X,X,X,X,261:193:150:144:290:218:319:222:360:225:388:225
A,6847,228.319,-1,0,0,1,X,X,X,X,X,262:193:150:144:290:218:319:223:360:226:389:225
A,6848,228.367,-1,0,0,1,X,X,X,X,X,262:193:150:144:290:218:319:222:360:226:389:225
A,6849,228.399,-1,0,0,1,X,X,X,X,X,261:193:150:144:290:218:319:223:359:226:388:225
A,6850,228.431,-1,0,0,1,X,X,X,X,X,262:193:150:144:290:218:319:223:360:226:389:225
A,6851,228.463,-1,0,0,1,X,X,X,X,X,262:193:150:144:289:218:319:223:360:226:389:225
A,6852,228.496,-1,0,0,1,X,X,X,X,X,262:193:150:144:290:219:319:223:360:226:388:225
A,6853,228.527,-1,0,0,1,X,X,X,X,X,261:193:151:144:289:219:319:222:360:226:389:225
A,6854,228.56,-1,0,0,1,X,X,X,X,X,261:193:150:144:290:219:319:223:360:226:389:225
A,6855,228.591,-1,0,0,1,X,X,X,X,X,262:193:149:144:290:219:320:223:360:226:389:225
A,6856,228.623,-1,0,0,1,X,X,X,X,X,261:193:151:145:290:219:320:223:360:226:389:225
A,6857,228.656,-1,0,0,1,X,X,X,X,X,261:193:151:144:290:219:319:223:359:226:388:225
A,6858,228.687,-1,0,0,1,X,X,X,X,X,261:193:151:143:289:219:319:223:360:226:389:225
A,6859,228.719,-1,0,0,1,X,X,X,X,X,262:193:150:144:290:219:319:223:360:226:389:225
A,6860,228.767,-1,0,0,1,X,X,X,X,X,261:193:151:143:290:219:319:223:360:226:389:225
A,6861,228.799,-1,0,0,1,X,X,X,X,X,261:193:151:143:290:218:319:223:359:226:389:225
A,6862,228.831,-1,0,0,1,X,X,X,X,X,261:193:151:143:290:219:319:223:360:226:389:225
A,6863,228.863,-1,0,0,1,X,X,X,X,X,262:193:150:144:290:219:319:223:360:226:389:225
A,6864,228.895,-1,0,0,1,X,X,X,X,X,261:193:151:144:290:219:320:223:361:226:390:225
A,6865,228.927,-1,0,0,1,X,X,X,X,X,261:193:150:144:291:219:319:223:361:226:389:225
A,6866,228.959,-1,0,0,1,X,X,X,X,X,263:193:149:144:290:219:319:223:360:226:389:226
A,6867,228.991,-1,0,0,1,X,X,X,X,X,261:193:152:144:290:219:319:223:360:226:389:225
A,6868,229.023,-1,0,0,1,X,X,X,X,X,262:194:150:143:291:220:320:224:360:226:389:226
A,6869,229.056,-1,0,0,1,X,X,X,X,X,262:194:150:142:291:219:320:223:360:226:389:226
A,6870,229.087,-1,0,0,1,X,X,X,X,X,263:194:149:143:291:219:320:223:361:226:389:225
A,6871,229.119,-1,0,0,1,X,X,X,X,X,263:193:150:144:291:219:320:223:361:226:390:225
A,6872,229.167,-1,0,0,1,X,X,X,X,X,263:193:150:144:290:219:320:223:361:226:390:225
A,6873,229.199,-1,0,0,1,X,X,X,X,X,262:193:152:144:292:219:321:223:362:226:391:225
A,6874,229.231,-1,0,0,1,X,X,X,X,X,262:193:152:144:291:219:321:223:362:226:391:225
A,6875,229.264,-1,0,0,1,X,X,X,X,X,263:193:150:144:292:219:321:223:362:226:391:226
A,6876,229.295,-1,0,0,1,X,X,X,X,X,263:193:151:144:293:219:321:223:363:226:391:226
A,6877,229.327,-1,0,0,1,X,X,X,X,X,263:194:151:144:292:219:322:223:363:227:391:226
A,6878,229.359,-1,0,0,1,X,X,X,X,X,263:193:151:145:293:219:322:223:363:227:391:226
A,6879,229.391,-1,0,0,1,X,X,X,X,X,263:193:151:145:293:219:322:223:363:227:392:226
A,6880,229.423,-1,0,0,1,X,X,X,X,X,262:193:153:145:293:219:322:223:363:227:392:226
A,6881,229.456,-1,0,0,1,X,X,X,X,X,264:193:150:145:292:219:322:223:363:227:392:227
A,6882,229.487,-1,0,0,1,X,X,X,X,X,263:194:151:144:293:219:322:223:364:227:392:226
A,6883,229.519,-1,0,0,1,X,X,X,X,X,264:194:150:144:293:219:322:223:364:227:392:226
A,6884,229.551,-1,0,0,1,X,X,X,X,X,263:193:150:145:294:219:322:223:364:227:392:227
A,6885,229.599,-1,0,0,1,X,X,X,X,X,262:194:153:144:293:219:322:224:364:227:392:227
A,6886,229.631,-1,0,0,1,X,X,X,X,X,263:194:152:144:293:219:322:224:364:228:392:227
A,6887,229.663,-1,0,0,1,X,X,X,X,X,263:194:151:145:293:220:323:224:363:228:392:227
A,6888,229.696,-1,0,0,1,X,X,X,X,X,263:194:151:144:293:219:322:224:363:228:392:227
A,6889,229.727,-1,0,0,1,X,X,X,X,X,263:195:151:143:292:220:322:224:363:227:392:227
A,6890,229.759,-1,0,0,1,X,X,X,X,X,263:194:151:144:293:219:322:224:363:227:392:226
A,6891,229.791,-1,0,0,1,X,X,X,X,X,263:194:151:144:292:220:322:224:363:228:392:227
A,6892,229.823,-1,0,0,1,X,X,X,X,X,263:195:151:144:293:220:321:224:363:228:391:227
A,6893,229.856,-1,0,0,1,X,X,X,X,X,263:195:151:144:293:220:322:224:363:228:392:227
A,6894,229.887,-1,0,0,1,X,X,X,X,X,263:195:151:144:292:220:322:225:363:228:392:228
A,6895,229.919,-1,0,0,1,X,X,X,X,X,263:195:150:144:292:220:321:225:363:228:391:228
A,6896,229.951,-1,0,0,1,X,X,X,X,X,261:195:153:144:292:220:322:225:363:229:392:228
A,6897,229.999,-1,0,0,1,X,X,X,X,X,263:195:150:144:293:220:321:225:363:229:391:228
A,6898,230.031,-1,0,0,1,X,X,X,X,X,262:195:152:144:292:220:322:225:363:229:392:228
A,6899,230.063,-1,0,0,1,X,X,X,X,X,262:195:152:144:293:220:322:226:363:229:392:228
A,6900,230.096,-1,0,0,1,X,X,X,X,X,262:195:152:144:292:220:322:225:362:228:391:228
A,6901,230.127,-1,0,0,1,X,X,X,X,X,262:195:153:144:292:221:322:225:363:229:392:228
A,6902,230.159,-1,0,0,1,X,X,X,X,X,262:195:153:144:292:220:322:225:363:229:392:228
A,6903,230.191,-1,0,0,1,X,X,X,X,X,262:195:152:144:292:220:322:225:363:229:392:228
A,6904,230.223,-1,0,0,1,X,X,X,X,X,262:195:152:144:292:220:322:225:363:228:392:227
A,6905,230.256,-1,0,0,1,X,X,X,X,X,262:195:152:145:292:221:322:225:363:229:392:228
A,6906,230.287,-1,0,0,1,X,X,X,X,X,263:195:151:145:292:221:322:225:363:229:391:228
A,6907,230.319,-1,0,0,1,X,X,X,X,X,262:195:153:144:292:220:321:225:363:229:392:228
A,6908,230.351,-1,0,0,1,X,X,X,X,X,262:195:153:144:292:220:321:225:362:229:392:227
A,6909,230.383,-1,0,0,1,X,X,X,X,X,264:195:149:144:292:220:321:225:363:229:392:228
A,6910,230.431,-1,0,0,1,X,X,X,X,X,263:195:150:143:292:220:321:225:363:229:392:228
A,6911,230.463,-1,0,0,1,X,X,X,X,X,263:195:151:144:293:220:322:225:362:229:391:228
A,6912,230.496,-1,0,0,1,X,X,X,X,X,263:195:151:143:293:220:322:225:363:228:391:228
A,6913,230.527,-1,0,0,1,X,X,X,X,X,263:195:150:143:292:220:322:225:363:229:392:228
A,6914,230.559,-1,0,0,1,X,X,X,X,X,263:195:151:143:293:220:322:225:363:229:392:228
A,6915,230.591,-1,0,0,1,X,X,X,X,X,264:195:150:143:293:220:322:225:363:229:391:228
A,6916,230.623,-1,0,0,1,X,X,X,X,X,262:196:152:142:293:220:322:225:363:229:391:228
A,6917,230.656,-1,0,0,1,X,X,X,X,X,264:195:150:143:293:220:322:225:363:229:392:228
A,6918,230.687,-1,0,0,1,X,X,X,X,X,263:195:151:143:293:220:322:225:363:229:391:228
A,6919,230.719,-1,0,0,1,X,X,X,X,X,263:195:151:143:292:220:322:225:362:229:391:228
A,6920,230.751,-1,0,0,1,X,X,X,X,X,263:195:150:143:292:220:321:225:363:229:391:228
A,6921,230.783,-1,0,0,1,X,X,X,X,X,263:195:150:142:292:220:321:225:362:229:391:228
A,6922,230.831,-1,0,0,1,X,X,X,X,X,263:195:150:143:293:220:321:225:363:228:391:228
A,6923,230.863,-1,0,0,1,X,X,X,X,X,263:195:150:142:292:220:321:225:362:229:391:228
A,6924,230.896,-1,0,0,1,X,X,X,X,X,262:196:151:141:292:220:321:225:363:229:390:228
A,6925,230.927,-1,0,0,1,X,X,X,X,X,263:196:150:142:292:220:321:225:362:229:391:228
A,6926,230.959,-1,0,0,1,X,X,X,X,X,263:195:150:142:293:220:321:225:362:229:390:228
A,6927,230.991,-1,0,0,1,X,X,X,X,X,263:196:150:141:293:220:321:225:362:228:390:228
A,6928,231.023,-1,0,0,1,X,X,X,X,X,262:196:152:141:292:220:321:225:362:228:390:228
A,6929,231.056,-1,0,0,1,X,X,X,X,X,262:195:151:142:292:220:321:225:362:228:391:227
A,6930,231.087,-1,0,0,1,X,X,X,X,X,262:195:152:142:292:220:321:225:363:228:391:227
A,6931,231.119,-1,0,0,1,X,X,X,X,X,263:195:150:142:292:220:321:225:363:229:391:228
A,6932,231.151,-1,0,0,1,X,X,X,X,X,262:195:151:143:293:220:321:225:363:228:391:228
A,6933,231.183,-1,0,0,1,X,X,X,X,X,263:195:150:142:292:220:321:225:363:229:391:228
A,6934,231.231,-1,0,0,1,X,X,X,X,X,263:196:150:142:292:220:321:225:362:229:391:228
A,6935,231.263,-1,0,0,1,X,X,X,X,X,263:195:149:143:293:220:321:225:363:228:391:228
A,6936,231.295,-1,0,0,1,X,X,X,X,X,263:196:150:142:292:221:321:225:363:229:392:227
A,6937,231.327,-1,0,0,1,X,X,X,X,X,262:196:151:142:292:220:321:225:363:229:391:228
A,6938,231.359,-1,0,0,1,X,X,X,X,X,263:196:150:141:292:220:321:225:362:229:391:228
A,6939,231.391,-1,0,0,1,X,X,X,X,X,263:195:150:143:292:221:321:225:362:229:390:228
A,6940,231.423,-1,0,0,1,X,X,X,X,X,263:195:150:143:292:220:321:225:362:229:390:228
A,6941,231.456,-1,0,0,1,X,X,X,X,X,263:196:150:141:291:221:321:225:362:229:391:228
A,6942,231.487,-1,0,0,1,X,X,X,X,X,262:196:152:141:292:221:321:226:362:229:391:228
A,6943,231.519,-1,0,0,1,X,X,X,X,X,262:196:152:141:292:221:321:226:362:229:391:228
A,6944,231.551,-1,0,0,1,X,X,X,X,X,262:196:152:141:292:221:321:226:362:229:391:228
A,6945,231.583,-1,0,0,1,X,X,X,X,X,262:196:152:141:292:221:321:226:362:229:391:228
A,6946,231.616,-1,0,0,1,X,X,X,X,X,263:196:150:141:292:221:321:226:362:229:390:228
A,6947,231.663,-1,0,0,1,X,X,X,X,X,262:196:152:141:291:221:321:226:362:229:392:228
A,6948,231.696,-1,0,0,1,X,X,X,X,X,263:196:150:141:292:221:321:226:362:229:391:228
A,6949,231.727,-1,0,0,1,X,X,X,X,X,262:197:151:140:292:221:321:226:362:229:391:228
A,6950,231.759,-1,0,0,1,X,X,X,X,X,262:196:152:141:292:221:321:226:362:229:391:228
A,6951,231.791,-1,0,0,1,X,X,X,X,X,263:196:150:141:292:221:321:226:362:229:391:228
A,6952,231.823,-1,0,0,1,X,X,X,X,X,262:196:151:141:292:221:321:226:362:229:391:228
A,6953,231.856,-1,0,0,1,X,X,X,X,X,262:196:152:141:292:221:321:226:362:229:391:228
A,6954,231.887,-1,0,0,1,X,X,X,X,X,262:196:152:141:292:221:321:226:363:229:391:228
A,6955,231.919,-1,0,0,1,X,X,X,X,X,264:196:149:141:292:221:321:226:362:229:391:228
A,6956,231.951,-1,0,0,1,X,X,X,X,X,262:196:151:141:292:221:321:226:362:229:391:228
A,6957,231.983,-1,0,0,1,X,X,X,X,X,263:196:150:141:293:221:321:226:363:229:391:228
A,6958,232.015,-1,0,0,1,X,X,X,X,X,263:196:150:141:292:221:321:226:362:229:391:228
A,6959,232.063,-1,0,0,1,X,X,X,X,X,263:196:150:142:292:221:321:226:362:229:391:228
A,6960,232.095,-1,0,0,1,X,X,X,X,X,262:196:152:141:292:221:321:226:362:229:392:228
A,6961,232.127,-1,0,0,1,X,X,X,X,X,262:196:152:141:292:221:321:226:362:229:391:228
A,6962,232.159,-1,0,0,1,X,X,X,X,X,262:196:152:141:292:221:321:226:363:229:391:228
A,6963,232.191,-1,0,0,1,X,X,X,X,X,262:196:151:141:292:221:321:226:363:229:391:228
A,6964,232.223,-1,0,0,1,X,X,X,X,X,263:196:150:142:292:221:321:225:362:229:391:228
A,6965,232.255,-1,0,0,1,X,X,X,X,X,263:196:151:141:292:221:321:226:362:229:391:228
A,6966,232.287,-1,0,0,1,X,X,X,X,X,262:196:152:142:292:221:321:226:362:229:391:228
A,6967,232.319,-1,0,0,1,X,X,X,X,X,262:196:152:141:292:221:321:226:362:229:391:228
A,6968,232.351,-1,0,0,1,X,X,X,X,X,262:196:152:141:291:220:321:226:362:229:391:228
A,6969,232.383,-1,0,0,1,X,X,X,X,X,262:196:152:141:292:221:321:226:362:229:392:228
A,6970,232.415,-1,0,0,1,X,X,X,X,X,262:196:152:141:291:221:321:226:362:229:391:228
A,6971,232.463,-1,0,0,1,X,X,X,X,X,262:196:152:141:291:221:321:226:363:229:391:228
A,6972,232.495,-1,0,0,1,X,X,X,X,X,262:196:152:141:292:220:321:226:362:229:391:228
A,6973,232.527,-1,0,0,1,X,X,X,X,X,262:196:152:142:292:221:321:226:362:229:391:228
A,6974,232.559,-1,0,0,1,X,X,X,X,X,262:196:152:141:292:220:321:226:362:229:391:228
A,6975,232.591,-1,0,0,1,X,X,X,X,X,262:196:152:141:292:221:321:226:362:229:391:228
A,6976,232.623,-1,0,0,1,X,X,X,X,X,262:196:151:141:292:221:321:226:362:229:391:228
A,6977,232.655,-1,0,0,1,X,X,X,X,X,262:196:151:141:292:221:321:226:362:229:391:228
A,6978,232.687,-1,0,0,1,X,X,X,X,X,262:196:151:141:291:221:321:226:363:229:391:228
A,6979,232.719,-1,0,0,1,X,X,X,X,X,262:196:152:141:292:221:321:226:363:229:391:228
A,6980,232.751,-1,0,0,1,X,X,X,X,X,262:195:152:142:292:220:321:225:362:229:390:228
A,6981,232.783,-1,0,0,1,X,X,X,X,X,263:196:150:141:291:221:321:225:362:229:390:228
A,6982,232.815,-1,0,0,1,X,X,X,X,X,263:196:150:141:292:221:321:226:362:229:391:228
A,6983,232.847,-1,0,0,1,X,X,X,X,X,262:195:152:142:291:220:320:226:362:229:391:228
A,6984,232.895,-1,0,0,1,X,X,X,X,X,262:195:152:142:292:220:321:225:362:229:391:228
A,6985,232.927,-1,0,0,1,X,X,X,X,X,263:195:150:142:292:220:320:226:362:229:391:228
A,6986,232.959,-1,0,0,1,X,X,X,X,X,262:195:152:142:292:220:321:225:362:229:391:228
A,6987,232.991,-1,0,0,1,X,X,X,X,X,262:196:152:141:291:220:321:226:362:229:391:228
A,6988,233.023,-1,0,0,1,X,X,X,X,X,262:196:152:141:292:221:321:225:362:229:391:228
A,6989,233.055,-1,0,0,1,X,X,X,X,X,262:196:152:141:292:220:321:225:362:229:391:228
A,6990,233.087,-1,0,0,1,X,X,X,X,X,262:196:151:141:292:220:321:226:362:229:391:228
A,6991,233.119,-1,0,0,1,X,X,X,X,X,262:196:152:141:292:220:321:226:362:229:391:228
A,6992,233.151,57,1,0,1,X,X,X,X,X,263:196:151:141:292:221:321:226:362:229:391:228
A,6993,233.183,57,1,1,1,X,C,X,C,X,263:195:151:143:291:222:321:226:362:230:392:230
A,6994,233.215,57,1,1,1,X,C,X,C,X,263:196:151:141:292:224:322:228:362:230:391:230
A,6995,233.247,57,1,1,1,X,C,X,C,X,263:195:152:142:292:224:322:227:361:230:392:230
A,6996,233.295,57,1,1,1,X,C,X,C,X,263:195:151:142:291:223:320:227:362:230:392:230
A,6997,233.327,57,1,1,1,X,C,X,C,X,263:195:151:142:291:222:321:226:363:230:393:230
A,6998,233.359,57,1,0,1,X,X,X,X,X,262:195:152:142:291:221:321:226:363:229:393:229
A,6999,233.391,57,1,0,1,X,X,X,X,X,263:195:152:142:291:221:321:225:363:229:393:228
A,7000,233.423,57,1,0,1,X,X,X,X,X,263:195:151:142:292:221:321:225:362:229:391:229
A,7001,233.455,57,1,0,1,X,X,X,X,X,263:195:151:142:292:220:321:225:362:229:391:229
A,7002,233.487,-1,0,0,1,X,X,X,X,X,263:196:151:141:292:220:321:225:362:229:391:229
A,7003,233.519,-1,0,0,1,X,X,X,X,X,263:196:151:141:292:221:321:225:363:229:391:228
A,7004,233.551,-1,0,0,1,X,X,X,X,X,263:195:151:142:292:221:321:225:362:229:391:228
A,7005,233.583,-1,0,0,1,X,X,X,X,X,263:196:151:141:292:221:321:225:363:229:391:228
A,7006,233.615,-1,0,0,1,X,X,X,X,X,264:195:150:142:292:221:321:225:363:229:391:228
A,7007,233.647,-1,0,0,1,X,X,X,X,X,264:195:150:142:292:220:321:225:363:229:391:228
A,7008,233.695,-1,0,0,1,X,X,X,X,X,264:195:150:142:292:221:321:226:362:229:391:228
A,7009,233.727,-1,0,0,1,X,X,X,X,X,264:195:150:142:292:220:321:225:362:229:391:228
A,7010,233.759,-1,0,0,1,X,X,X,X,X,263:195:151:142:292:221:321:226:362:229:391:228
A,7011,233.791,-1,0,0,1,X,X,X,X,X,263:196:151:141:292:221:321:226:363:229:391:228
A,7012,233.823,-1,0,0,1,X,X,X,X,X,263:195:151:142:292:220:321:226:362:229:391:228
A,7013,233.855,-1,0,0,1,X,X,X,X,X,263:196:150:141:292:220:321:225:362:229:391:228
A,7014,233.887,-1,0,0,1,X,X,X,X,X,263:196:151:141:293:220:321:225:363:229:391:228
A,7015,233.919,-1,0,0,1,X,X,X,X,X,263:195:151:142:292:220:321:225:362:229:391:228
A,7016,233.951,-1,0,0,1,X,X,X,X,X,264:196:149:141:292:220:321:225:363:229:391:228
A,7017,233.983,-1,0,0,1,X,X,X,X,X,264:195:150:142:292:220:322:225:362:229:391:228
A,7018,234.015,-1,0,0,1,X,X,X,X,X,263:196:151:141:292:220:322:225:362:229:391:228
A,7019,234.047,-1,0,0,1,X,X,X,X,X,263:195:151:142:293:220:322:226:363:229:391:228
A,7020,234.079,-1,0,0,1,X,X,X,X,X,263:195:151:142:293:220:322:226:362:229:391:228
A,7021,234.127,-1,0,0,1,X,X,X,X,X,263:195:151:142:292:220:322:225:362:229:391:228
A,7022,234.159,-1,0,0,1,X,X,X,X,X,262:195:152:142:292:220:321:225:362:229:391:228
A,7023,234.191,-1,0,0,1,X,X,X,X,X,263:195:151:142:292:220:321:226:362:229:391:228
A,7024,234.223,-1,0,0,1,X,X,X,X,X,263:195:151:142:293:220:321:225:362:229:390:228
A,7025,234.255,-1,0,0,1,X,X,X,X,X,263:196:150:141:292:220:321:225:362:229:390:228
A,7026,234.287,-1,0,0,1,X,X,X,X,X,263:196:151:141:292:220:321:225:362:229:391:228
A,7027,234.319,-1,0,0,1,X,X,X,X,X,264:195:150:143:292:220:321:225:363:229:391:228
A,7028,234.351,-1,0,0,1,X,X,X,X,X,263:196:151:141:292:221:321:226:362:229:391:228
A,7029,234.383,-1,0,0,1,X,X,X,X,X,263:195:151:142:292:220:321:226:363:229:391:228
A,7030,234.415,-1,0,0,1,X,X,X,X,X,263:195:151:142:292:220:321:226:363:229:391:228
A,7031,234.447,-1,0,0,1,X,X,X,X,X,263:195:151:142:292:220:321:225:363:229:391:228
A,7032,234.479,-1,0,0,1,X,X,X,X,X,263:195:151:142:292:221:321:226:362:229:391:228
A,7033,234.527,-1,0,0,1,X,X,X,X,X,263:196:151:141:292:220:321:226:363:229:391:228
A,7034,234.559,-1,0,0,1,X,X,X,X,X,263:195:151:142:292:220:321:225:363:229:391:228
A,7035,234.591,-1,0,0,1,X,X,X,X,X,264:195:150:142:292:220:322:225:363:229:391:228
A,7036,234.623,-1,0,0,1,X,X,X,X,X,263:195:151:141:292:220:321:225:362:229:391:228
A,7037,234.655,-1,0,0,1,X,X,X,X,X,264:195:149:142:292:220:322:225:362:229:391:228
A,7038,234.687,-1,0,0,1,X,X,X,X,X,263:196:151:140:292:220:321:225:363:229:391:228
A,7039,234.719,-1,0,0,1,X,X,X,X,X,263:195:151:141:292:220:322:225:362:229:391:228
A,7040,234.751,-1,0,0,1,X,X,X,X,X,263:196:150:141:292:220:321:225:363:229:391:228
A,7041,234.783,-1,0,0,1,X,X,X,X,X,263:195:150:141:292:220:321:226:363:229:391:228
A,7042,234.815,-1,0,0,1,X,X,X,X,X,263:195:151:142:292:220:321:225:363:229:391:228
A,7043,234.847,-1,0,0,1,X,X,X,X,X,263:195:151:142:292:221:322:225:363:229:392:228
A,7044,234.879,-1,0,0,1,X,X,X,X,X,264:195:150:142:293:221:322:226:363:229:392:228
A,7045,234.911,-1,0,0,1,X,X,X,X,X,262:195:152:142:292:220:322:226:363:229:392:228
A,7046,234.959,-1,0,0,1,X,X,X,X,X,264:196:150:141:293:220:322:225:363:229:391:228
A,7047,234.991,-1,0,0,1,X,X,X,X,X,263:195:150:141:292:220:321:225:363:229:392:228
A,7048,235.023,-1,0,0,1,X,X,X,X,X,263:195:151:141:292:220:321:225:363:229:391:228
A,7049,235.055,-1,0,0,1,X,X,X,X,X,263:196:151:140:293:220:322:226:363:229:391:228
A,7050,235.087,-1,0,0,1,X,X,X,X,X,263:195:151:141:293:220:322:225:363:228:391:228
A,7051,235.119,-1,0,0,1,X,X,X,X,X,262:195:152:142:293:220:322:225:363:228:391:228
A,7052,235.151,-1,0,0,1,X,X,X,X,X,263:195:151:142:293:220:322:225:363:229:392:228
A,7053,235.183,-1,0,0,1,X,X,X,X,X,264:195:150:141:293:220:322:225:363:229:391:228
A,7054,235.215,-1,0,0,1,X,X,X,X,X,263:196:151:141:293:220:322:226:363:229:392:228
A,7055,235.247,-1,0,0,1,X,X,X,X,X,264:195:151:142:293:220:322:226:363:229:392:228
A,7056,235.279,-1,0,0,1,X,X,X,X,X,264:196:150:141:293:220:322:226:364:229:392:228
A,7057,235.311,-1,0,0,1,X,X,X,X,X,263:195:151:142:293:220:322:226:363:229:392:228
A,7058,235.359,-1,0,0,1,X,X,X,X,X,263:195:152:142:293:220:322:225:363:229:392:228
A,7059,235.391,-1,0,0,1,X,X,X,X,X,263:196:152:141:293:220:322:225:363:229:391:228
A,7060,235.423,-1,0,0,1,X,X,X,X,X,263:196:151:141:293:221:322:226:363:229:392:228
A,7061,235.455,-1,0,0,1,X,X,X,X,X,262:196:153:141:293:220:323:226:363:229:392:228
A,7062,235.487,-1,0,0,1,X,X,X,X,X,263:195:151:142:293:220:322:225:363:229:392:228
A,7063,235.519,-1,0,0,1,X,X,X,X,X,263:195:152:142:293:220:322:225:363:229:392:228
A,7064,235.551,-1,0,0,1,X,X,X,X,X,263:195:152:142:294:220:323:226:364:229:392:228
A,7065,235.583,-1,0,0,1,X,X,X,X,X,263:195:152:142:294:220:323:226:364:229:392:228
A,7066,235.615,-1,0,0,1,X,X,X,X,X,264:195:151:142:294:220:323:226:363:229:392:228
A,7067,235.647,-1,0,0,1,X,X,X,X,X,264:195:151:142:294:220:323:226:364:229:392:228
A,7068,235.679,-1,0,0,1,X,X,X,X,X,264:196:151:141:294:220:323:225:364:229:391:228
A,7069,235.711,-1,0,0,1,X,X,X,X,X,263:196:152:141:294:220:323:226:363:229:391:228
A,7070,235.759,-1,0,0,1,X,X,X,X,X,263:196:151:141:293:220:322:226:363:229:392:228
A,7071,235.791,-1,0,0,1,X,X,X,X,X,263:196:152:141:293:220:322:225:363:229:392:228
A,7072,235.823,-1,0,0,1,X,X,X,X,X,263:196:152:141:293:220:323:225:363:229:392:228
A,7073,235.855,-1,0,0,1,X,X,X,X,X,264:195:151:142:293:220:323:225:363:229:392:228
A,7074,235.887,-1,0,0,1,X,X,X,X,X,264:196:151:140:293:220:323:225:363:229:392:228
A,7075,235.919,-1,0,0,1,X,X,X,X,X,264:195:151:142:293:220:323:225:363:229:392:228
A,7076,235.952,-1,0,0,1,X,X,X,X,X,264:196:151:141:294:220:323:225:364:229:391:228
A,7077,235.983,-1,0,0,1,X,X,X,X,X,263:196:152:141:294:220:323:226:364:229:391:228
A,7078,236.015,-1,0,0,1,X,X,X,X,X,263:196:152:141:293:220:323:225:363:229:392:228
A,7079,236.047,-1,0,0,1,X,X,X,X,X,264:196:151:140:293:220:323:225:363:229:392:228
A,7080,236.079,-1,0,0,1,X,X,X,X,X,263:196:152:141:293:220:322:226:364:229:393:227
A,7081,236.111,-1,0,0,1,X,X,X,X,X,264:196:151:141:293:220:322:226:364:229:392:228
A,7082,236.143,-1,0,0,1,X,X,X,X,X,263:196:152:141:293:220:322:225:363:229:392:228
A,7083,236.191,-1,0,0,1,X,X,X,X,X,264:196:151:141:293:220:322:225:363:229:392:228
A,7084,236.223,-1,0,0,1,X,X,X,X,X,264:196:151:141:293:220:322:225:364:229:392:228
A,7085,236.255,-1,0,0,1,X,X,X,X,X,264:195:151:142:293:220:322:225:363:229:392:228
A,7086,236.287,-1,0,0,1,X,X,X,X,X,264:196:150:141:294:220:323:226:364:229:392:228
A,7087,236.319,-1,0,0,1,X,X,X,X,X,264:196:151:141:293:221:323:226:364:229:392:228
A,7088,236.352,-1,0,0,1,X,X,X,X,X,264:196:150:141:293:220:323:225:363:229:392:228
A,7089,236.383,-1,0,0,1,X,X,X,X,X,264:196:151:141:294:221:323:226:364:229:392:228
A,7090,236.415,-1,0,0,1,X,X,X,X,X,264:196:150:141:293:220:322:226:363:229:391:228
A,7091,236.447,-1,0,0,1,X,X,X,X,X,264:195:151:143:294:220:323:225:363:229:391:228
A,7092,236.479,-1,0,0,1,X,X,X,X,X,264:196:151:141:294:221:323:226:364:229:392:228
A,7093,236.511,-1,0,0,1,X,X,X,X,X,264:196:151:142:294:220:323:226:364:229:392:228
A,7094,236.543,-1,0,0,1,X,X,X,X,X,264:196:150:142:294:220:323:226:363:229:392:228
A,7095,236.591,-1,0,0,1,X,X,X,X,X,264:196:151:141:293:220:322:226:363:229:392:229
A,7096,236.623,-1,0,0,1,X,X,X,X,X,263:196:151:141:293:220:322:226:363:229:392:228
A,7097,236.655,-1,0,0,1,X,X,X,X,X,264:196:150:141:293:220:322:226:363:229:391:228
A,7098,236.687,-1,0,0,1,X,X,X,X,X,263:196:151:141:293:220:322:226:363:229:392:229
A,7099,236.719,-1,0,0,1,X,X,X,X,X,263:196:151:142:293:221:322:226:363:229:392:228
A,7100,236.751,-1,0,0,1,X,X,X,X,X,263:195:151:142:293:220:322:226:363:229:391:228
A,7101,236.783,-1,0,0,1,X,X,X,X,X,263:196:152:142:293:221:322:226:363:229:392:228
A,7102,236.815,-1,0,0,1,X,X,X,X,X,263:196:152:141:293:221:322:226:362:229:391:228
A,7103,236.847,-1,0,0,1,X,X,X,X,X,263:196:152:142:293:221:322:226:363:230:391:229
A,7104,236.879,-1,0,0,1,X,X,X,X,X,263:196:151:142:292:221:322:226:363:230:392:228
A,7105,236.912,-1,0,0,1,X,X,X,X,X,263:197:151:140:293:221:322:226:362:230:391:229
A,7106,236.943,-1,0,0,1,X,X,X,X,X,263:196:152:142:292:220:322:226:363:229:392:229
A,7107,236.991,-1,0,0,1,X,X,X,X,X,263:196:151:141:293:221:322:226:363:229:391:229
A,7108,237.023,-1,0,0,1,X,X,X,X,X,263:196:151:142:293:221:322:226:363:229:391:229
A,7109,237.055,-1,0,0,1,X,X,X,X,X,263:196:151:141:293:221:322:226:363:230:391:229
A,7110,237.087,-1,0,0,1,X,X,X,X,X,263:196:152:141:293:221:322:226:363:229:392:228
A,7111,237.119,-1,0,0,1,X,X,X,X,X,263:196:152:141:292:220:322:226:362:229:391:228
A,7112,237.152,-1,0,0,1,X,X,X,X,X,263:196:151:141:293:221:322:226:362:229:391:229
A,7113,237.183,-1,0,0,1,X,X,X,X,X,263:196:151:141:293:221:322:226:363:229:391:229
A,7114,237.215,-1,0,0,1,X,X,X,X,X,264:196:150:142:293:221:322:226:362:230:391:228
A,7115,237.247,-1,0,0,1,X,X,X,X,X,263:197:151:140:293:221:322:226:362:230:391:229
A,7116,237.279,-1,0,0,1,X,X,X,X,X,262:196:152:141:292:221:322:226:362:230:391:229
A,7117,237.311,-1,0,0,1,X,X,X,X,X,263:196:152:142:292:221:322:226:362:230:391:229
A,7118,237.343,-1,0,0,1,X,X,X,X,X,263:196:152:142:292:221:322:226:362:230:391:229
A,7119,237.375,-1,0,0,1,X,X,X,X,X,263:196:152:142:292:221:322:226:362:230:391:229
A,7120,237.423,-1,0,0,1,X,X,X,X,X,263:196:152:142:292:221:322:226:362:230:392:229
A,7121,237.461,-1,0,0,1,X,X,X,X,X,263:196:152:142:292:221:322:226:362:230:392:229
A,7122,237.49,-1,0,0,1,X,X,X,X,X,263:196:151:142:293:221:322:226:362:230:391:229
A,7123,237.522,-1,0,0,1,X,X,X,X,X,263:196:151:142:293:221:322:226:362:230:391:229
A,7124,237.552,-1,0,0,1,X,X,X,X,X,263:196:151:142:292:221:322:226:362:229:392:229
A,7125,237.583,-1,0,0,1,X,X,X,X,X,263:196:151:142:292:221:322:226:363:229:391:228
A,7126,237.615,-1,0,0,1,X,X,X,X,X,263:196:151:141:292:221:322:226:362:229:391:229
A,7127,237.647,-1,0,0,1,X,X,X,X,X,264:196:150:142:292:221:322:226:362:230:392:229
A,7128,237.679,-1,0,0,1,X,X,X,X,X,263:196:151:142:292:221:322:226:362:230:391:229
A,7129,237.711,-1,0,0,1,X,X,X,X,X,263:197:152:141:293:221:322:226:362:230:391:229
A,7130,237.743,-1,0,0,1,X,X,X,X,X,263:197:152:141:292:221:322:226:363:230:392:228
A,7131,237.775,-1,0,0,1,X,X,X,X,X,263:196:152:142:292:221:322:227:363:230:391:229
A,7132,237.823,-1,0,0,1,X,X,X,X,X,264:196:150:142:292:221:321:226:363:230:391:229
A,7133,237.855,-1,0,0,1,X,X,X,X,X,263:196:151:142:292:221:321:226:363:230:392:229
A,7134,237.887,-1,0,0,1,X,X,X,X,X,263:197:152:141:292:221:321:226:362:230:392:228
A,7135,237.919,-1,0,0,1,X,X,X,X,X,263:196:152:142:292:221:322:227:363:230:392:228
A,7136,237.951,-1,0,0,1,X,X,X,X,X,264:196:151:142:292:221:322:227:363:230:392:228
A,7137,237.983,-1,0,0,1,X,X,X,X,X,264:197:151:141:292:221:322:227:363:230:392:229
A,7138,238.015,-1,0,0,1,X,X,X,X,X,264:196:150:142:292:221:322:226:363:230:392:228
A,7139,238.047,-1,0,0,1,X,X,X,X,X,263:196:152:142:293:221:322:226:363:230:392:228
A,7140,238.079,-1,0,0,1,X,X,X,X,X,264:196:151:142:292:221:322:227:363:230:392:229
A,7141,238.112,-1,0,0,1,X,X,X,X,X,264:197:151:141:293:221:323:226:363:230:392:229
A,7142,238.143,-1,0,0,1,X,X,X,X,X,264:196:151:142:293:221:323:226:363:230:392:229
A,7143,238.175,-1,0,0,1,X,X,X,X,X,264:196:151:142:293:221:322:226:363:230:392:228
A,7144,238.223,-1,0,0,1,X,X,X,X,X,264:196:151:142:293:221:322:227:363:230:392:228
A,7145,238.255,-1,0,0,1,X,X,X,X,X,264:196:151:142:293:221:322:226:363:229:392:228
A,7146,238.287,-1,0,0,1,X,X,X,X,X,264:197:151:141:293:221:322:226:363:230:392:229
A,7147,238.319,-1,0,0,1,X,X,X,X,X,263:196:152:142:292:221:322:226:363:230:392:229
A,7148,238.351,-1,0,0,1,X,X,X,X,X,264:196:151:142:293:221:323:226:363:230:392:228
A,7149,238.383,-1,0,0,1,X,X,X,X,X,263:196:152:142:293:221:323:226:363:230:392:229
A,7150,238.415,-1,0,0,1,X,X,X,X,X,264:196:151:142:293:221:322:226:363:230:392:229
A,7151,238.447,-1,0,0,1,X,X,X,X,X,264:196:151:142:293:221:323:226:363:230:392:229
A,7152,238.479,-1,0,0,1,X,X,X,X,X,264:197:151:140:293:221:323:226:363:230:392:229
A,7153,238.511,-1,0,0,1,X,X,X,X,X,263:196:152:142:293:221:323:226:364:230:392:229
A,7154,238.543,-1,0,0,1,X,X,X,X,X,264:196:151:142:294:221:323:226:364:230:392:229
A,7155,238.575,-1,0,0,1,X,X,X,X,X,264:196:151:142:293:221:323:226:363:229:392:228
A,7156,238.607,-1,0,0,1,X,X,X,X,X,264:197:151:141:293:221:323:226:363:230:392:229
A,7157,238.655,-1,0,0,1,X,X,X,X,X,264:196:151:142:294:221:323:226:364:230:392:229
A,7158,238.687,-1,0,0,1,X,X,X,X,X,264:196:151:142:293:221:323:226:363:230:392:229
A,7159,238.719,-1,0,0,1,X,X,X,X,X,264:196:151:142:293:221:322:226:364:229:392:228
A,7160,238.751,-1,0,0,1,X,X,X,X,X,263:196:152:141:293:221:323:226:364:229:392:229
A,7161,238.783,-1,0,0,1,X,X,X,X,X,264:196:152:142:293:221:323:226:363:229:392:228
A,7162,238.815,-1,0,0,1,X,X,X,X,X,264:196:152:141:293:221:323:226:363:229:392:228
A,7163,238.847,-1,0,0,1,X,X,X,X,X,265:196:150:141:294:220:323:226:363:229:391:228
A,7164,238.879,-1,0,0,1,X,X,X,X,X,264:195:151:142:294:221:323:226:364:229:392:228
A,7165,238.911,-1,0,0,1,X,X,X,X,X,264:196:151:141:293:221:323:226:364:229:392:228
A,7166,238.943,-1,0,0,1,X,X,X,X,X,264:195:151:141:294:221:323:226:364:229:392:228
A,7167,238.975,-1,0,0,1,X,X,X,X,X,264:195:151:142:293:221:323:226:364:229:393:228
A,7168,239.007,-1,0,0,1,X,X,X,X,X,265:195:151:142:294:220:323:226:364:229:393:228
A,7169,239.055,-1,0,0,1,X,X,X,X,X,264:195:151:143:294:221:323:226:364:229:392:228
A,7170,239.087,-1,0,0,1,X,X,X,X,X,264:195:151:142:294:221:323:226:364:229:392:228
A,7171,239.119,-1,0,0,1,X,X,X,X,X,264:196:152:141:294:221:323:226:364:229:393:228
A,7172,239.151,-1,0,0,1,X,X,X,X,X,264:195:152:142:294:221:323:226:364:229:392:228
A,7173,239.183,-1,0,0,1,X,X,X,X,X,264:196:151:141:294:221:323:226:364:229:393:229
A,7174,239.215,-1,0,0,1,X,X,X,X,X,264:195:151:142:294:220:323:226:363:229:392:228
A,7175,239.247,-1,0,0,1,X,X,X,X,X,264:195:152:142:294:220:323:226:364:229:393:228
A,7176,239.279,-1,0,0,1,X,X,X,X,X,264:195:151:142:294:220:323:226:363:229:392:228
A,7177,239.311,-1,0,0,1,X,X,X,X,X,264:195:151:142:294:221:323:226:363:229:392:228
A,7178,239.355,-1,0,0,1,X,X,X,X,X,265:196:149:141:293:221:322:225:363:229:391:228
A,7179,239.379,-1,0,0,1,X,X,X,X,X,264:196:151:141:294:221:323:226:364:229:392:228
A,7180,239.411,-1,0,0,1,X,X,X,X,X,264:196:151:141:294:221:323:226:364:229:392:228
A,7181,239.455,-1,0,0,1,X,X,X,X,X,264:196:151:141:294:221:323:226:364:229:392:229
A,7182,239.487,-1,0,0,1,X,X,X,X,X,264:196:151:141:293:221:323:226:364:229:392:228
A,7183,239.519,-1,0,0,1,X,X,X,X,X,264:196:151:141:293:221:323:226:364:229:392:228
A,7184,239.551,-1,0,0,1,X,X,X,X,X,264:195:151:142:294:221:323:226:364:229:392:228
A,7185,239.583,-1,0,0,1,X,X,X,X,X,264:195:151:142:294:221:323:226:364:229:392:228
A,7186,239.615,-1,0,0,1,X,X,X,X,X,264:195:151:142:294:221:323:226:364:229:393:228
A,7187,239.647,-1,0,0,1,X,X,X,X,X,264:196:151:142:293:221:323:226:364:229:393:228
A,7188,239.679,-1,0,0,1,X,X,X,X,X,264:196:152:142:294:221:323:226:364:229:392:228
A,7189,239.711,-1,0,0,1,X,X,X,X,X,265:196:151:141:294:221:323:226:364:229:391:229
A,7190,239.743,-1,0,0,1,X,X,X,X,X,264:196:151:142:294:221:323:226:364:229:392:228
A,7191,239.775,-1,0,0,1,X,X,X,X,X,264:196:152:142:293:221:323:226:363:229:392:228
A,7192,239.807,-1,0,0,1,X,X,X,X,X,263:196:153:141:293:221:323:226:364:230:393:228
A,7193,239.839,-1,0,0,1,X,X,X,X,X,264:196:152:142:293:221:323:226:364:229:393:228
A,7194,239.887,-1,0,0,1,X,X,X,X,X,265:196:151:141:294:221:323:226:364:229:392:228
A,7195,239.919,-1,0,0,1,X,X,X,X,X,265:196:150:141:294:221:323:226:364:229:392:229
A,7196,239.951,-1,0,0,1,X,X,X,X,X,264:196:151:141:294:220:323:226:364:229:392:228
A,7197,239.983,-1,0,0,1,X,X,X,X,X,264:195:151:142:293:220:323:226:364:229:392:228
A,7198,240.015,-1,0,0,1,X,X,X,X,X,264:195:151:142:294:221:323:226:364:229:392:228
A,7199,240.047,-1,0,0,1,X,X,X,X,X,264:196:151:141:293:221:323:226:364:229:392:228
A,7200,240.079,-1,0,0,1,X,X,X,X,X,264:195:151:142:293:221:322:225:363:229:392:228
A,7201,240.111,-1,0,0,1,X,X,X,X,X,263:196:152:141:293:221:322:226:363:229:391:228
A,7202,240.143,58,1,0,1,X,X,X,X,X,263:195:152:142:292:221:322:226:363:229:392:228
A,7203,240.175,58,1,1,1,X,C,X,C,X,264:195:151:142:291:222:322:227:362:230:392:229
A,7204,240.207,58,1,1,1,X,C,X,C,X,263:196:152:141:291:222:322:227:361:229:392:229
A,7205,240.239,58,1,1,1,X,C,X,C,X,263:195:152:142:292:222:322:226:362:229:393:229
A,7206,240.287,58,1,0,1,X,X,X,X,X,263:195:152:142:291:221:321:226:363:229:393:229
A,7207,240.319,58,1,0,1,X,X,X,X,X,262:195:153:142:291:221:321:225:362:229:393:229
A,7208,240.351,58,1,0,1,X,X,X,X,X,263:196:151:141:291:221:321:225:362:229:392:229
A,7209,240.383,58,1,0,1,X,X,X,X,X,263:195:152:142:291:221:321:225:362:229:392:228
A,7210,240.415,58,1,0,1,X,X,X,X,X,263:195:151:141:291:220:321:225:362:229:391:228
A,7211,240.447,-1,0,0,1,X,X,X,X,X,264:195:151:142:292:220:321:225:362:228:391:228
A,7212,240.479,-1,0,0,1,X,X,X,X,X,263:195:151:142:292:220:321:225:362:229:391:228
A,7213,240.511,-1,0,0,1,X,X,X,X,X,263:195:151:142:292:220:321:225:362:228:391:228
A,7214,240.543,-1,0,0,1,X,X,X,X,X,262:195:153:142:292:220:321:225:362:228:391:228
A,7215,240.575,-1,0,0,1,X,X,X,X,X,263:196:151:141:292:220:321:225:362:228:390:228
A,7216,240.607,-1,0,0,1,X,X,X,X,X,263:196:150:141:291:220:320:225:361:229:390:228
A,7217,240.639,-1,0,0,1,X,X,X,X,X,262:195:152:141:291:220:320:225:362:229:391:227
A,7218,240.671,-1,0,0,1,X,X,X,X,X,264:196:150:141:291:220:320:225:361:229:390:228
A,7219,240.719,-1,0,0,1,X,X,X,X,X,263:196:151:141:291:220:320:225:361:229:389:228
A,7220,240.751,-1,0,0,1,X,X,X,X,X,262:196:151:141:292:220:320:225:361:229:390:228
A,7221,240.783,-1,0,0,1,X,X,X,X,X,263:196:150:142:292:220:321:225:362:228:390:228
A,7222,240.815,-1,0,0,1,X,X,X,X,X,263:195:150:142:291:220:321:225:361:229:390:228
A,7223,240.847,-1,0,0,1,X,X,X,X,X,263:195:151:142:291:220:320:225:361:228:390:228
A,7224,240.879,-1,0,0,1,X,X,X,X,X,263:195:151:142:291:220:321:225:361:228:390:227
A,7225,240.911,-1,0,0,1,X,X,X,X,X,262:195:152:142:292:220:321:225:361:229:390:228
A,7226,240.943,-1,0,0,1,X,X,X,X,X,262:195:152:142:291:221:321:225:362:228:391:228
A,7227,240.975,-1,0,0,1,X,X,X,X,X,263:195:150:142:292:220:320:225:361:228:390:227
A,7228,241.007,-1,0,0,1,X,X,X,X,X,263:196:151:141:292:220:321:225:361:229:390:228
A,7229,241.039,-1,0,0,1,X,X,X,X,X,263:195:151:142:293:221:321:225:362:229:389:228
A,7230,241.071,-1,0,0,1,X,X,X,X,X,262:195:152:142:291:221:321:226:361:229:391:228
A,7231,241.119,-1,0,0,1,X,X,X,X,X,262:196:152:142:292:221:321:226:361:229:390:228
A,7232,241.151,-1,0,0,1,X,X,X,X,X,263:196:151:141:292:221:321:226:362:229:390:228
A,7233,241.183,-1,0,0,1,X,X,X,X,X,261:196:153:141:292:221:321:226:362:229:390:228
A,7234,241.215,-1,0,0,1,X,X,X,X,X,262:196:152:141:292:221:321:226:362:229:390:228
A,7235,241.247,-1,0,0,1,X,X,X,X,X,263:195:151:142:292:220:321:226:361:229:390:228
A,7236,241.279,-1,0,0,1,X,X,X,X,X,263:196:151:141:292:221:321:226:362:229:391:228
A,7237,241.311,-1,0,0,1,X,X,X,X,X,263:196:151:141:292:221:321:226:362:229:390:228
A,7238,241.343,-1,0,0,1,X,X,X,X,X,263:196:151:141:292:221:322:226:362:229:391:228
A,7239,241.375,-1,0,0,1,X,X,X,X,X,263:195:151:143:292:221:321:226:362:229:391:228
A,7240,241.407,-1,0,0,1,X,X,X,X,X,262:195:153:142:292:221:322:226:362:229:391:229
A,7241,241.439,-1,0,0,1,X,X,X,X,X,262:195:152:143:292:221:321:226:362:229:391:229
A,7242,241.471,-1,0,0,1,X,X,X,X,X,263:196:152:142:292:221:321:226:362:229:391:229
A,7243,241.519,-1,0,0,1,X,X,X,X,X,263:197:152:141:293:221:322:226:362:229:390:228
A,7244,241.551,-1,0,0,1,X,X,X,X,X,262:196:153:142:293:221:322:226:362:229:391:229
A,7245,241.583,-1,0,0,1,X,X,X,X,X,263:196:151:142:293:221:322:226:362:229:391:228
A,7246,241.615,-1,0,0,1,X,X,X,X,X,263:196:151:142:293:221:322:225:362:229:390:229
A,7247,241.647,-1,0,0,1,X,X,X,X,X,264:196:151:142:293:221:322:225:362:229:391:229
A,7248,241.679,-1,0,0,1,X,X,X,X,X,263:196:152:142:293:221:322:226:362:229:391:229
A,7249,241.711,-1,0,0,1,X,X,X,X,X,264:196:151:141:293:221:322:226:362:229:391:228
A,7250,241.743,-1,0,0,1,X,X,X,X,X,263:196:151:142:292:221:322:226:363:229:391:228
A,7251,241.775,-1,0,0,1,X,X,X,X,X,264:196:150:142:293:221:322:226:363:229:391:229
A,7252,241.807,-1,0,0,1,X,X,X,X,X,263:196:151:141:292:221:321:226:362:229:391:228
A,7253,241.839,-1,0,0,1,X,X,X,X,X,263:196:151:142:292:221:322:226:363:229:391:228
A,7254,241.871,-1,0,0,1,X,X,X,X,X,263:196:152:142:293:221:322:226:363:229:392:228
A,7255,241.903,-1,0,0,1,X,X,X,X,X,263:196:152:142:292:221:322:226:363:229:392:228
A,7256,241.951,-1,0,0,1,X,X,X,X,X,263:197:152:141:293:221:322:226:363:229:392:229
A,7257,241.983,-1,0,0,1,X,X,X,X,X,263:196:152:142:293:221:322:226:363:229:392:229
A,7258,242.015,-1,0,0,1,X,X,X,X,X,263:196:152:142:293:221:322:226:364:229:392:229
A,7259,242.047,-1,0,0,1,X,X,X,X,X,264:196:150:142:293:221:322:226:363:230:392:229
A,7260,242.079,-1,0,0,1,X,X,X,X,X,263:196:152:142:292:221:322:226:363:229:392:229
A,7261,242.111,-1,0,0,1,X,X,X,X,X,263:196:152:142:293:221:322:226:363:230:392:229
A,7262,242.143,-1,0,0,1,X,X,X,X,X,264:196:151:141:292:221:322:226:363:229:392:229
A,7263,242.175,-1,0,0,1,X,X,X,X,X,263:196:152:142:293:221:322:226:363:229:392:228
A,7264,242.207,-1,0,0,1,X,X,X,X,X,263:196:152:142:294:221:323:226:364:229:392:229
A,7265,242.239,-1,0,0,1,X,X,X,X,X,264:196:151:142:293:221:323:226:363:230:392:228
A,7266,242.271,-1,0,0,1,X,X,X,X,X,264:196:151:142:293:221:323:226:363:230:393:229
A,7267,242.303,-1,0,0,1,X,X,X,X,X,263:196:152:141:293:221:323:226:363:229:392:228
A,7268,242.351,-1,0,0,1,X,X,X,X,X,264:196:151:141:293:221:323:226:364:230:392:229
A,7269,242.383,-1,0,0,1,X,X,X,X,X,264:196:151:141:293:221:323:226:364:229:392:228
A,7270,242.415,-1,0,0,1,X,X,X,X,X,264:196:151:142:294:221:323:227:364:230:392:229
A,7271,242.447,-1,0,0,1,X,X,X,X,X,264:196:151:141:294:221:323:226:364:230:393:229
A,7272,242.479,-1,0,0,1,X,X,X,X,X,263:196:153:141:294:221:323:226:364:230:392:229
A,7273,242.511,-1,0,0,1,X,X,X,X,X,264:196:152:142:293:221:323:226:364:230:392:229
A,7274,242.543,-1,0,0,1,X,X,X,X,X,263:196:152:141:293:221:323:226:364:229:392:229
A,7275,242.575,-1,0,0,1,X,X,X,X,X,264:196:152:142:293:221:323:226:364:229:393:228
A,7276,242.607,-1,0,0,1,X,X,X,X,X,264:196:151:141:294:221:323:226:364:229:393:228
A,7277,242.639,-1,0,0,1,X,X,X,X,X,263:196:152:142:293:221:323:226:364:230:392:229
A,7278,242.671,-1,0,0,1,X,X,X,X,X,264:196:151:141:294:221:323:226:364:230:392:229
A,7279,242.703,-1,0,0,1,X,X,X,X,X,263:196:153:142:294:221:324:226:364:230:392:229
A,7280,242.751,-1,0,0,1,X,X,X,X,X,264:196:152:141:294:221:323:226:364:230:392:229
A,7281,242.783,-1,0,0,1,X,X,X,X,X,264:197:151:140:294:221:323:226:364:230:392:229
A,7282,242.815,-1,0,0,1,X,X,X,X,X,264:196:151:141:294:221:323:226:364:229:393:228
A,7283,242.847,-1,0,0,1,X,X,X,X,X,264:196:152:142:293:221:323:226:364:230:392:229
A,7284,242.879,-1,0,0,1,X,X,X,X,X,264:196:152:141:294:221:323:226:364:230:393:228
A,7285,242.911,-1,0,0,1,X,X,X,X,X,264:196:152:141:294:221:323:226:364:230:392:229
A,7286,242.943,-1,0,0,1,X,X,X,X,X,265:196:151:141:293:221:323:226:364:230:393:229
A,7287,242.975,-1,0,0,1,X,X,X,X,X,264:196:151:141:294:221:323:226:364:230:392:229
A,7288,243.007,-1,0,0,1,X,X,X,X,X,264:196:152:142:294:221:323:226:364:230:393:229
A,7289,243.039,-1,0,0,1,X,X,X,X,X,264:196:151:141:293:221:323:226:363:230:393:228
A,7290,243.071,-1,0,0,1,X,X,X,X,X,264:196:151:142:294:221:323:226:364:230:392:229
A,7291,243.103,-1,0,0,1,X,X,X,X,X,263:196:152:142:294:221:323:226:363:230:392:229
A,7292,243.16,-1,0,0,1,X,X,X,X,X,263:196:152:141:293:221:322:226:363:230:392:229
A,7293,243.183,-1,0,0,1,X,X,X,X,X,264:196:151:141:293:221:323:226:363:230:392:229
A,7294,243.215,-1,0,0,1,X,X,X,X,X,264:197:150:140:294:221:323:226:363:229:391:229
A,7295,243.247,-1,0,0,1,X,X,X,X,X,263:197:153:141:293:221:323:226:364:230:392:229
A,7296,243.279,-1,0,0,1,X,X,X,X,X,265:197:149:140:293:221:322:226:363:230:391:229
A,7297,243.311,-1,0,0,1,X,X,X,X,X,264:197:152:141:294:221:323:226:363:230:392:229
A,7298,243.343,-1,0,0,1,X,X,X,X,X,264:197:152:141:294:221:323:226:363:230:392:229
A,7299,243.375,-1,0,0,1,X,X,X,X,X,264:196:151:142:294:221:323:226:363:230:392:229
A,7300,243.408,-1,0,0,1,X,X,X,X,X,264:197:150:141:294:221:322:226:363:230:391:229
A,7301,243.439,-1,0,0,1,X,X,X,X,X,265:197:150:141:294:221:323:226:364:230:391:230
A,7302,243.471,-1,0,0,1,X,X,X,X,X,264:197:151:141:294:221:323:227:364:230:392:229
A,7303,243.503,-1,0,0,1,X,X,X,X,X,264:197:151:141:294:222:323:227:364:230:392:229
A,7304,243.535,-1,0,0,1,X,X,X,X,X,264:197:152:141:293:221:323:227:364:230:393:229
A,7305,243.583,-1,0,0,1,X,X,X,X,X,264:197:151:141:293:221:323:227:363:230:392:229
A,7306,243.615,-1,0,0,1,X,X,X,X,X,265:196:150:142:293:221:323:227:364:230:393:229
A,7307,243.647,-1,0,0,1,X,X,X,X,X,263:196:152:142:293:221:323:227:363:230:392:229
A,7308,243.679,-1,0,0,1,X,X,X,X,X,263:197:153:142:293:222:323:227:364:230:393:229
A,7309,243.711,-1,0,0,1,X,X,X,X,X,264:197:152:141:294:222:323:227:363:230:392:229
A,7310,243.743,-1,0,0,1,X,X,X,X,X,264:196:151:143:294:222:323:227:363:230:392:230
A,7311,243.775,-1,0,0,1,X,X,X,X,X,265:197:149:141:295:221:323:226:363:230:390:230
A,7312,243.807,-1,0,0,1,X,X,X,X,X,264:197:151:141:294:222:323:227:364:230:392:230
A,7313,243.839,-1,0,0,1,X,X,X,X,X,264:197:152:141:294:222:323:227:363:230:392:229
A,7314,243.871,-1,0,0,1,X,X,X,X,X,265:197:150:141:294:222:322:227:363:230:391:229
A,7315,243.903,-1,0,0,1,X,X,X,X,X,263:197:152:141:293:222:322:227:363:230:392:230
A,7316,243.935,-1,0,0,1,X,X,X,X,X,264:197:151:141:294:222:323:227:364:230:392:229
A,7317,243.983,-1,0,0,1,X,X,X,X,X,263:197:152:141:294:222:323:227:363:230:391:230
A,7318,244.015,-1,0,0,1,X,X,X,X,X,264:197:151:140:293:222:323:226:363:230:392:229
A,7319,244.047,-1,0,0,1,X,X,X,X,X,264:197:151:141:293:222:322:226:363:230:392:229
A,7320,244.079,-1,0,0,1,X,X,X,X,X,265:197:149:141:294:221:323:226:363:230:391:229
A,7321,244.111,-1,0,0,1,X,X,X,X,X,263:197:153:141:293:222:322:227:364:230:392:230
A,7322,244.143,-1,0,0,1,X,X,X,X,X,263:196:153:142:293:222:322:227:363:230:392:229
A,7323,244.175,-1,0,0,1,X,X,X,X,X,263:196:153:142:293:222:322:227:363:230:392:229
A,7324,244.207,-1,0,0,1,X,X,X,X,X,263:197:152:141:293:222:322:227:363:230:392:229
A,7325,244.239,-1,0,0,1,X,X,X,X,X,264:197:151:141:293:222:322:227:363:230:392:230
A,7326,244.271,-1,0,0,1,X,X,X,X,X,264:197:151:141:294:221:322:227:363:230:391:230
A,7327,244.303,-1,0,0,1,X,X,X,X,X,264:196:151:142:293:222:322:227:364:230:392:230
A,7328,244.335,-1,0,0,1,X,X,X,X,X,264:197:151:141:292:222:322:227:363:230:393:230
A,7329,244.368,-1,0,0,1,X,X,X,X,X,264:197:151:141:293:222:322:227:363:230:392:230
A,7330,244.415,-1,0,0,1,X,X,X,X,X,264:197:151:141:293:222:322:227:363:230:392:230
A,7331,244.447,-1,0,0,1,X,X,X,X,X,264:196:151:142:293:222:322:227:363:230:392:230
A,7332,244.479,-1,0,0,1,X,X,X,X,X,264:196:151:142:293:222:322:227:363:230:392:229
A,7333,244.511,-1,0,0,1,X,X,X,X,X,264:196:151:142:293:222:322:227:363:230:392:229
A,7334,244.543,-1,0,0,1,X,X,X,X,X,264:197:151:141:293:222:322:227:363:230:392:229
A,7335,244.575,-1,0,0,1,X,X,X,X,X,263:197:153:141:293:222:322:227:363:230:392:229
A,7336,244.607,-1,0,0,1,X,X,X,X,X,264:197:151:141:293:222:322:227:363:230:390:230
A,7337,244.639,-1,0,0,1,X,X,X,X,X,264:197:152:141:293:222:322:226:363:230:392:230
A,7338,244.671,-1,0,0,1,X,X,X,X,X,264:197:151:141:293:222:322:227:363:230:391:230
A,7339,244.703,-1,0,0,1,X,X,X,X,X,264:197:151:141:293:222:322:227:363:230:392:230
A,7340,244.735,-1,0,0,1,X,X,X,X,X,264:197:151:141:293:222:322:227:363:230:392:230
A,7341,244.767,-1,0,0,1,X,X,X,X,X,264:197:150:142:294:222:322:226:363:230:391:230
A,7342,244.815,-1,0,0,1,X,X,X,X,X,265:197:150:141:294:222:323:227:363:230:392:230
A,7343,244.847,-1,0,0,1,X,X,X,X,X,265:197:150:142:295:222:322:227:364:230:391:230
A,7344,244.879,-1,0,0,1,X,X,X,X,X,264:197:152:141:294:222:323:227:364:230:392:230
A,7345,244.911,-1,0,0,1,X,X,X,X,X,264:197:151:141:294:222:322:227:363:230:391:230
A,7346,244.943,-1,0,0,1,X,X,X,X,X,264:197:152:142:293:222:322:227:364:231:393:230
A,7347,244.975,-1,0,0,1,X,X,X,X,X,265:197:151:142:294:222:323:227:364:231:392:229
A,7348,245.007,-1,0,0,1,X,X,X,X,X,264:197:152:142:294:222:323:227:364:231:392:229
A,7349,245.039,-1,0,0,1,X,X,X,X,X,265:197:151:142:294:222:323:227:364:231:392:229
A,7350,245.071,-1,0,0,1,X,X,X,X,X,264:197:152:141:293:222:323:227:364:230:393:229
A,7351,245.103,-1,0,0,1,X,X,X,X,X,265:197:151:141:293:222:323:227:364:230:393:229
A,7352,245.135,-1,0,0,1,X,X,X,X,X,264:197:152:141:293:222:323:227:364:230:393:229
A,7353,245.167,-1,0,0,1,X,X,X,X,X,264:197:152:141:293:222:323:227:364:230:393:229
A,7354,245.215,-1,0,0,1,X,X,X,X,X,264:197:152:142:293:222:322:227:364:230:393:229
A,7355,245.247,-1,0,0,1,X,X,X,X,X,264:197:152:142:294:222:323:227:364:230:392:230
A,7356,245.279,-1,0,0,1,X,X,X,X,X,263:197:153:142:293:222:322:227:364:230:393:229
A,7357,245.311,-1,0,0,1,X,X,X,X,X,264:198:151:140:294:222:322:227:364:230:392:230
A,7358,245.343,-1,0,0,1,X,X,X,X,X,264:197:151:142:293:222:322:227:363:230:391:230
A,7359,245.375,-1,0,0,1,X,X,X,X,X,264:198:151:141:294:222:323:227:364:231:392:230
A,7360,245.407,-1,0,0,1,X,X,X,X,X,264:197:152:141:293:222:323:227:363:230:392:230
A,7361,245.439,-1,0,0,1,X,X,X,X,X,263:197:153:141:293:222:322:227:363:231:392:230
A,7362,245.471,-1,0,0,1,X,X,X,X,X,263:197:153:141:293:222:322:227:363:231:392:230
A,7363,245.503,-1,0,0,1,X,X,X,X,X,263:197:153:141:293:222:322:227:363:230:392:229
A,7364,245.535,-1,0,0,1,X,X,X,X,X,263:197:153:142:293:222:322:227:363:230:391:230
A,7365,245.567,-1,0,0,1,X,X,X,X,X,263:197:153:141:293:222:322:227:363:230:392:230
A,7366,245.599,-1,0,0,1,X,X,X,X,X,264:197:150:142:293:222:321:227:363:230:391:230
A,7367,245.647,-1,0,0,1,X,X,X,X,X,263:197:152:141:293:222:321:227:363:230:391:230
A,7368,245.679,-1,0,0,1,X,X,X,X,X,263:197:152:141:292:222:321:227:362:230:391:229
A,7369,245.711,-1,0,0,1,X,X,X,X,X,263:197:151:141:292:222:321:227:363:230:391:229
A,7370,245.743,-1,0,0,1,X,X,X,X,X,263:197:151:142:292:222:321:227:362:230:391:230
A,7371,245.775,-1,0,0,1,X,X,X,X,X,263:197:152:141:292:222:321:227:362:230:391:230
A,7372,245.807,-1,0,0,1,X,X,X,X,X,263:197:151:141:292:222:321:227:362:230:391:229
A,7373,245.839,-1,0,0,1,X,X,X,X,X,263:197:152:141:292:222:322:227:363:230:392:229
A,7374,245.871,-1,0,0,1,X,X,X,X,X,263:197:151:141:292:221:321:227:363:230:391:229
A,7375,245.903,-1,0,0,1,X,X,X,X,X,264:196:151:142:292:221:322:226:363:230:392:229
A,7376,245.935,-1,0,0,1,X,X,X,X,X,263:196:151:141:293:221:322:226:363:230:392:229
A,7377,245.967,-1,0,0,1,X,X,X,X,X,263:196:151:141:293:221:322:226:363:230:392:229
A,7378,245.999,-1,0,0,1,X,X,X,X,X,264:196:152:142:293:221:322:226:363:229:392:229
A,7379,246.047,-1,0,0,1,X,X,X,X,X,264:196:151:141:293:221:322:226:363:229:392:229
A,7380,246.079,-1,0,0,1,X,X,X,X,X,265:196:150:141:293:221:322:226:363:230:391:229
A,7381,246.111,-1,0,0,1,X,X,X,X,X,264:196:152:141:293:221:323:226:364:230:393:229
A,7382,246.143,-1,0,0,1,X,X,X,X,X,264:196:152:141:294:220:323:226:364:229:393:229
A,7383,246.175,-1,0,0,1,X,X,X,X,X,265:196:151:141:293:220:323:226:364:230:393:229
A,7384,246.207,-1,0,0,1,X,X,X,X,X,265:196:151:141:294:220:323:226:364:230:392:229
A,7385,246.239,-1,0,0,1,X,X,X,X,X,265:196:151:141:294:220:323:226:364:229:392:229
A,7386,246.271,-1,0,0,1,X,X,X,X,X,265:196:151:141:295:220:323:226:364:230:392:229
A,7387,246.303,-1,0,0,1,X,X,X,X,X,265:196:151:141:294:220:323:226:364:230:393:229
A,7388,246.335,-1,0,0,1,X,X,X,X,X,265:196:152:141:295:221:324:226:365:230:394:229
A,7389,246.367,-1,0,0,1,X,X,X,X,X,265:196:151:141:295:220:325:226:365:230:394:229
A,7390,246.399,-1,0,0,1,X,X,X,X,X,266:196:151:142:295:220:325:226:365:230:394:229
A,7391,246.431,-1,0,0,1,X,X,X,X,X,266:196:150:142:296:221:325:227:366:231:394:230
A,7392,246.479,-1,0,0,1,X,X,X,X,X,266:196:151:142:296:221:325:227:366:230:394:230
A,7393,246.511,-1,0,0,1,X,X,X,X,X,266:196:151:142:296:221:325:226:366:230:394:230
A,7394,246.543,-1,0,0,1,X,X,X,X,X,266:196:151:142:296:221:325:227:366:230:395:230
A,7395,246.575,-1,0,0,1,X,X,X,X,X,267:196:151:142:297:221:326:227:366:231:395:230
A,7396,246.607,-1,0,0,1,X,X,X,X,X,267:196:151:142:296:221:326:227:366:231:395:230
A,7397,246.639,-1,0,0,1,X,X,X,X,X,267:196:151:143:297:221:326:227:366:231:395:231
A,7398,246.671,-1,0,0,1,X,X,X,X,X,266:197:152:142:297:222:326:227:366:232:394:232
A,7399,246.703,-1,0,0,1,X,X,X,X,X,266:199:151:141:297:223:326:228:366:233:395:233
A,7400,246.735,-1,0,0,1,X,X,X,X,X,267:199:151:141:297:223:326:229:367:234:395:233
A,7401,246.767,-1,0,0,1,X,X,X,X,X,266:199:151:142:296:223:326:229:366:234:395:233
A,7402,246.799,-1,0,0,1,X,X,X,X,X,266:199:152:142:296:223:326:230:366:234:395:233
A,7403,246.831,-1,0,0,1,X,X,X,X,X,266:200:151:142:296:224:325:230:366:234:395:233
A,7404,246.91,-1,0,0,1,X,X,X,X,X,265:200:152:142:295:225:324:231:366:235:394:234
A,7405,246.942,-1,0,0,1,X,X,X,X,X,265:200:152:141:294:224:324:230:366:234:394:233
A,7406,246.975,-1,0,0,1,X,X,X,X,X,264:200:153:141:295:225:324:231:366:235:395:233
A,7407,247.007,-1,0,0,1,X,X,X,X,X,264:200:152:142:295:225:324:231:364:235:393:234
A,7408,247.039,-1,0,0,1,X,X,X,X,X,265:200:151:141:294:224:324:230:365:234:394:233
A,7409,247.071,-1,0,0,1,X,X,X,X,X,264:200:153:141:294:224:324:230:365:234:394:233
A,7410,247.103,-1,0,0,1,X,X,X,X,X,265:200:151:141:295:224:324:230:365:234:393:233
A,7411,247.135,-1,0,0,1,X,X,X,X,X,265:200:152:141:295:224:325:230:365:234:394:233
A,7412,247.167,-1,0,0,1,X,X,X,X,X,265:200:151:140:295:224:324:230:365:234:394:233
A,7413,247.199,-1,0,0,1,X,X,X,X,X,265:200:151:141:295:224:325:230:366:234:394:233
A,7414,247.231,-1,0,0,1,X,X,X,X,X,265:199:152:142:295:224:325:230:365:234:395:233
A,7415,247.279,-1,0,0,1,X,X,X,X,X,265:200:151:141:295:224:325:230:365:234:394:233
A,7416,247.311,-1,0,0,1,X,X,X,X,X,265:200:152:142:295:224:325:230:366:234:394:234
A,7417,247.343,-1,0,0,1,X,X,X,X,X,266:200:151:141:296:224:324:230:365:234:394:233
A,7418,247.375,-1,0,0,1,X,X,X,X,X,265:200:152:141:296:224:325:230:366:234:394:233
A,7419,247.407,-1,0,0,1,X,X,X,X,X,266:200:151:141:295:224:324:230:366:234:394:233
A,7420,247.439,-1,0,0,1,X,X,X,X,X,265:200:152:141:295:224:325:230:366:234:394:233
A,7421,247.471,-1,0,0,1,X,X,X,X,X,266:200:151:141:295:224:325:230:365:234:394:233
A,7422,247.503,-1,0,0,1,X,X,X,X,X,266:200:151:141:295:224:325:230:365:234:394:233
A,7423,247.535,-1,0,0,1,X,X,X,X,X,264:200:154:141:295:224:325:230:366:234:394:233
A,7424,247.567,-1,0,0,1,X,X,X,X,X,265:200:153:141:295:224:325:230:366:234:395:232
A,7425,247.599,-1,0,0,1,X,X,X,X,X,265:200:152:141:295:224:325:230:365:234:395:233
A,7426,247.631,-1,0,0,1,X,X,X,X,X,266:200:150:141:295:225:324:230:365:234:394:233
A,7427,247.663,-1,0,0,1,X,X,X,X,X,265:200:151:140:295:224:324:230:364:234:393:233
A,7428,247.711,-1,0,0,1,X,X,X,X,X,265:200:151:140:295:224:324:229:365:233:392:233
A,7429,247.743,-1,0,0,1,X,X,X,X,X,264:200:152:141:294:224:323:230:364:234:393:233
A,7430,247.775,-1,0,0,1,X,X,X,X,X,264:200:152:141:295:224:323:230:364:234:393:233
A,7431,247.807,-1,0,0,1,X,X,X,X,X,264:200:152:141:294:224:323:230:364:234:393:232
A,7432,247.839,-1,0,0,1,X,X,X,X,X,264:200:151:140:294:224:322:230:364:234:392:232
A,7433,247.871,-1,0,0,1,X,X,X,X,X,264:200:152:141:293:224:323:230:364:234:392:233
A,7434,247.903,-1,0,0,1,X,X,X,X,X,264:200:152:140:293:224:322:230:364:233:392:232
A,7435,247.935,-1,0,0,1,X,X,X,X,X,264:200:151:141:294:224:322:229:364:233:392:232
A,7436,247.967,-1,0,0,1,X,X,X,X,X,264:200:151:141:293:224:322:229:363:233:391:232
A,7437,247.999,-1,0,0,1,X,X,X,X,X,264:200:151:141:293:224:322:229:364:233:392:232
A,7438,248.031,-1,0,0,1,X,X,X,X,X,263:200:152:140:292:224:322:230:363:233:392:232
A,7439,248.063,-1,0,0,1,X,X,X,X,X,263:200:152:139:294:224:323:230:364:233:392:232
A,7440,248.111,-1,0,0,1,X,X,X,X,X,264:200:152:140:293:223:322:229:364:233:392:232
A,7441,248.145,-1,0,0,1,X,X,X,X,X,264:199:151:140:293:223:323:229:364:233:392:232
A,7442,248.183,-1,0,0,1,X,X,X,X,X,263:199:153:141:293:224:323:229:364:233:393:232
A,7443,248.206,-1,0,0,1,X,X,X,X,X,263:200:153:139:293:223:322:229:364:233:392:232
A,7444,248.239,-1,0,0,1,X,X,X,X,X,264:199:152:141:294:224:323:229:364:233:392:232
A,7445,248.271,-1,0,0,1,X,X,X,X,X,263:199:153:141:293:223:323:229:363:233:392:232
A,7446,248.305,-1,0,0,1,X,X,X,X,X,264:200:151:139:294:223:323:229:364:232:392:231
A,7447,248.335,-1,0,0,1,X,X,X,X,X,265:199:150:141:294:224:322:229:364:233:392:232
A,7448,248.367,-1,0,0,1,X,X,X,X,X,264:199:151:140:293:223:323:229:364:232:392:231
A,7449,248.399,-1,0,0,1,X,X,X,X,X,264:199:152:140:293:223:322:228:364:232:392:231
A,7450,248.431,-1,0,0,1,X,X,X,X,X,264:199:152:141:294:223:323:229:364:232:392:231
A,7451,248.463,-1,0,0,1,X,X,X,X,X,263:199:153:140:293:223:322:228:364:232:392:231
A,7452,248.511,-1,0,0,1,X,X,X,X,X,264:199:151:140:293:223:322:228:363:232:392:231
A,7453,248.543,-1,0,0,1,X,X,X,X,X,264:199:151:139:293:223:322:228:363:232:392:231
A,7454,248.575,-1,0,0,1,X,X,X,X,X,263:199:152:139:293:222:322:228:363:232:391:231
A,7455,248.607,-1,0,0,1,X,X,X,X,X,264:199:151:140:293:223:322:228:363:232:391:231
A,7456,248.639,-1,0,0,1,X,X,X,X,X,263:198:152:141:292:223:322:228:362:231:392:230
A,7457,248.671,-1,0,0,1,X,X,X,X,X,263:199:151:139:292:223:321:228:363:232:391:230
A,7458,248.703,-1,0,0,1,X,X,X,X,X,263:199:152:140:293:223:322:228:363:231:391:230
A,7459,248.735,-1,0,0,1,X,X,X,X,X,263:198:151:141:293:223:322:228:362:231:390:231
A,7460,248.767,-1,0,0,1,X,X,X,X,X,263:198:152:141:292:223:322:228:362:231:391:231
A,7461,248.799,-1,0,0,1,X,X,X,X,X,263:198:152:141:292:223:321:228:362:231:391:231
A,7462,248.831,-1,0,0,1,X,X,X,X,X,263:198:152:141:292:223:322:228:362:231:392:231
A,7463,248.863,-1,0,0,1,X,X,X,X,X,263:199:152:140:292:222:321:228:362:232:391:231
A,7464,248.895,-1,0,0,1,X,X,X,X,X,264:198:150:141:293:223:321:228:362:232:390:231
A,7465,248.943,-1,0,0,1,X,X,X,X,X,263:198:151:140:293:223:322:228:362:232:391:230
A,7466,248.978,59,1,0,1,X,X,X,X,X,263:198:152:141:292:223:322:228:363:231:391:231
A,7467,249.006,59,1,0,1,X,X,X,X,X,263:197:152:142:292:224:321:229:363:232:393:231
A,7468,249.038,59,1,1,1,X,C,X,C,X,263:197:152:142:291:224:321:228:363:232:393:231
A,7469,249.071,59,1,0,1,X,X,X,C,X,263:197:152:142:292:224:322:228:363:232:393:231
A,7470,249.103,59,1,0,1,X,X,X,X,X,263:197:152:142:292:223:322:228:363:232:392:232
A,7471,249.136,59,1,0,1,X,X,X,X,X,263:198:151:141:292:223:322:228:363:232:392:231
A,7472,249.167,59,1,0,1,X,X,X,X,X,263:198:152:140:292:223:322:228:363:231:393:230
A,7473,249.199,-1,0,0,1,X,X,X,X,X,263:198:152:141:293:223:322:228:363:232:391:231
A,7474,249.231,-1,0,0,1,X,X,X,X,X,263:198:152:141:292:223:322:228:363:232:392:230
A,7475,249.263,-1,0,0,1,X,X,X,X,X,264:198:150:141:293:222:322:228:363:232:391:231
A,7476,249.295,-1,0,0,1,X,X,X,X,X,263:198:152:141:293:223:322:228:363:232:392:231
A,7477,249.343,-1,0,0,1,X,X,X,X,X,264:198:151:141:293:222:322:228:363:231:391:230
A,7478,249.375,-1,0,0,1,X,X,X,X,X,263:197:152:142:292:223:322:228:363:232:392:231
A,7479,249.407,-1,0,0,1,X,X,X,X,X,263:198:152:140:293:222:322:228:363:232:392:230
A,7480,249.439,-1,0,0,1,X,X,X,X,X,263:197:152:141:293:223:322:228:363:231:392:230
A,7481,249.471,-1,0,0,1,X,X,X,X,X,263:198:152:141:293:222:322:228:363:231:391:230
A,7482,249.503,-1,0,0,1,X,X,X,X,X,263:198:152:140:293:223:322:228:363:232:392:231
A,7483,249.535,-1,0,0,1,X,X,X,X,X,264:197:151:142:293:222:322:228:363:231:392:230
A,7484,249.567,-1,0,0,1,X,X,X,X,X,264:197:152:141:294:223:323:228:364:232:392:231
A,7485,249.599,-1,0,0,1,X,X,X,X,X,263:197:153:142:293:222:323:228:363:231:392:230
A,7486,249.631,-1,0,0,1,X,X,X,X,X,263:197:152:142:293:223:322:228:363:232:392:231
A,7487,249.663,-1,0,0,1,X,X,X,X,X,263:198:152:141:293:223:323:228:363:231:392:230
A,7488,249.695,-1,0,0,1,X,X,X,X,X,263:198:153:141:294:223:323:228:364:232:392:231
A,7489,249.743,-1,0,0,1,X,X,X,X,X,264:198:151:141:293:222:322:228:363:232:392:231
A,7490,249.775,-1,0,0,1,X,X,X,X,X,264:198:152:141:293:222:323:228:363:231:392:230
A,7491,249.807,-1,0,0,1,X,X,X,X,X,264:199:151:140:294:223:322:228:363:232:392:231
A,7492,249.839,-1,0,0,1,X,X,X,X,X,263:199:153:140:293:223:323:228:363:232:392:231
A,7493,249.87,-1,0,0,1,X,X,X,X,X,264:198:150:141:293:222:322:228:363:232:392:230
A,7494,249.903,-1,0,0,1,X,X,X,X,X,263:198:152:141:293:223:322:228:363:231:392:230
A,7495,249.935,-1,0,0,1,X,X,X,X,X,264:198:151:141:293:223:322:228:363:232:392:231
A,7496,249.966,-1,0,0,1,X,X,X,X,X,263:198:152:141:292:223:322:228:363:231:393:230
A,7497,249.999,-1,0,0,1,X,X,X,X,X,263:198:152:141:292:223:322:228:363:232:392:230
A,7498,250.031,-1,0,0,1,X,X,X,X,X,264:198:151:141:293:223:322:228:362:232:391:231
A,7499,250.063,-1,0,0,1,X,X,X,X,X,263:199:152:140:293:223:322:228:362:231:390:231
A,7500,250.095,-1,0,0,1,X,X,X,X,X,264:199:150:140:292:223:322:228:362:232:391:231
A,7501,250.127,-1,0,0,1,X,X,X,X,X,264:199:151:141:293:223:322:228:363:232:391:231
A,7502,250.174,-1,0,0,1,X,X,X,X,X,264:199:150:141:292:223:321:228:362:232:391:231
A,7503,250.206,-1,0,0,1,X,X,X,X,X,263:199:152:141:292:223:322:228:362:232:392:231
A,7504,250.238,-1,0,0,1,X,X,X,X,X,263:199:152:140:293:223:322:228:362:232:391:231
A,7505,250.27,-1,0,0,1,X,X,X,X,X,263:199:151:141:293:223:322:228:363:232:392:231
A,7506,250.303,-1,0,0,1,X,X,X,X,X,264:199:150:140:293:223:322:229:362:232:391:231
A,7507,250.334,-1,0,0,1,X,X,X,X,X,264:199:151:140:293:223:322:229:362:232:391:231
A,7508,250.367,-1,0,0,1,X,X,X,X,X,264:199:151:141:292:223:322:229:362:232:391:231
A,7509,250.399,-1,0,0,1,X,X,X,X,X,263:199:152:141:293:223:322:228:362:232:391:231
A,7510,250.43,-1,0,0,1,X,X,X,X,X,262:199:153:141:293:223:322:228:363:232:391:231
A,7511,250.463,-1,0,0,1,X,X,X,X,X,263:199:151:141:293:223:322:228:362:232:391:231
A,7512,250.495,-1,0,0,1,X,X,X,X,X,262:199:153:141:293:223:321:228:362:232:391:231
A,7513,250.527,-1,0,0,1,X,X,X,X,X,263:199:151:141:292:223:321:228:363:232:392:231
A,7514,250.574,-1,0,0,1,X,X,X,X,X,264:199:150:141:292:223:321:228:362:232:391:231
A,7515,250.606,-1,0,0,1,X,X,X,X,X,262:199:153:140:291:223:321:228:361:232:391:230
A,7516,250.638,-1,0,0,1,X,X,X,X,X,263:199:152:140:291:223:321:228:361:232:391:231
A,7517,250.671,-1,0,0,1,X,X,X,X,X,263:199:151:141:291:223:320:228:361:232:390:231
A,7518,250.703,-1,0,0,1,X,X,X,X,X,263:199:151:140:292:223:320:228:361:232:390:231
A,7519,250.735,-1,0,0,1,X,X,X,X,X,262:199:153:141:290:223:320:228:361:232:391:231
A,7520,250.767,-1,0,0,1,X,X,X,X,X,262:199:153:141:290:223:320:228:361:232:391:231
A,7521,250.799,-1,0,0,1,X,X,X,X,X,262:199:153:141:290:223:320:228:361:232:390:231
A,7522,250.83,-1,0,0,1,X,X,X,X,X,262:199:153:140:290:223:320:229:361:232:391:231
A,7523,250.863,-1,0,0,1,X,X,X,X,X,262:199:152:141:290:223:320:229:361:232:391:231
A,7524,250.894,-1,0,0,1,X,X,X,X,X,262:199:152:141:291:223:320:229:360:232:389:231
A,7525,250.926,-1,0,0,1,X,X,X,X,X,262:199:152:141:290:224:319:229:361:232:390:231
A,7526,250.959,-1,0,0,1,X,X,X,X,X,262:199:152:141:290:223:320:229:360:232:390:231
A,7527,251.007,-1,0,0,1,X,X,X,X,X,262:199:152:141:290:224:319:229:360:233:390:231
A,7528,251.039,-1,0,0,1,X,X,X,X,X,262:199:152:141:290:224:319:229:361:232:390:231
A,7529,251.071,-1,0,0,1,X,X,X,X,X,262:199:152:141:289:224:319:229:360:232:390:231
A,7530,251.103,-1,0,0,1,X,X,X,X,X,262:199:152:141:290:224:319:229:361:232:390:231
A,7531,251.135,-1,0,0,1,X,X,X,X,X,262:199:152:141:290:224:319:229:360:232:389:231
A,7532,251.167,-1,0,0,1,X,X,X,X,X,262:199:152:141:290:224:319:229:360:233:389:231
A,7533,251.198,-1,0,0,1,X,X,X,X,X,262:199:152:141:290:224:319:229:361:232:390:231
A,7534,251.231,-1,0,0,1,X,X,X,X,X,262:199:152:141:290:224:319:229:360:232:390:232
A,7535,251.263,-1,0,0,1,X,X,X,X,X,262:199:152:141:290:224:319:229:360:233:389:232
A,7536,251.295,-1,0,0,1,X,X,X,X,X,262:199:152:141:290:224:319:229:361:232:390:231
A,7537,251.327,-1,0,0,1,X,X,X,X,X,262:199:152:141:290:223:319:229:360:232:390:231
A,7538,251.359,-1,0,0,1,X,X,X,X,X,262:199:152:141:290:224:319:229:360:232:390:231
A,7539,251.407,-1,0,0,1,X,X,X,X,X,263:199:151:141:290:224:319:229:360:233:389:232
A,7540,251.439,-1,0,0,1,X,X,X,X,X,263:199:151:141:290:224:319:229:360:232:390:231
A,7541,251.477,-1,0,0,1,X,X,X,X,X,262:199:152:140:290:224:319:229:360:232:390:231
A,7542,251.542,-1,0,0,1,X,X,X,X,X,262:199:152:140:290:224:319:229:360:232:390:231
A,7543,251.567,-1,0,0,1,X,X,X,X,X,262:199:152:141:290:224:319:229:361:232:390:231
A,7544,251.599,-1,0,0,1,X,X,X,X,X,262:199:152:141:290:223:319:229:361:232:389:231
A,7545,251.631,-1,0,0,1,X,X,X,X,X,262:199:152:141:290:224:319:229:361:232:390:230
A,7546,251.663,-1,0,0,1,X,X,X,X,X,261:199:153:141:290:224:319:229:361:232:390:231
A,7547,251.695,-1,0,0,1,X,X,X,X,X,262:199:151:141:290:224:319:229:361:232:389:231
A,7548,251.727,-1,0,0,1,X,X,X,X,X,262:199:152:141:290:224:319:229:361:232:390:230
A,7549,251.759,-1,0,0,1,X,X,X,X,X,263:199:151:141:291:224:320:229:361:232:390:231
A,7550,251.807,-1,0,0,1,X,X,X,X,X,262:199:152:141:291:224:319:229:361:232:389:231
A,7551,251.839,-1,0,0,1,X,X,X,X,X,262:199:152:141:291:224:320:229:361:232:390:231
A,7552,251.87,-1,0,0,1,X,X,X,X,X,263:199:151:140:290:224:320:229:361:232:390:231
A,7553,251.903,-1,0,0,1,X,X,X,X,X,262:200:152:139:290:224:320:229:362:232:390:231
A,7554,251.934,-1,0,0,1,X,X,X,X,X,263:199:151:140:290:224:320:229:362:232:391:230
A,7555,251.967,-1,0,0,1,X,X,X,X,X,261:200:153:140:291:224:320:228:362:232:390:231
A,7556,251.999,-1,0,0,1,X,X,X,X,X,263:199:151:141:291:223:320:228:362:232:391:230
A,7557,252.03,-1,0,0,1,X,X,X,X,X,263:199:151:141:291:223:320:228:362:232:391:231
A,7558,252.063,-1,0,0,1,X,X,X,X,X,263:199:151:140:291:223:320:228:362:232:390:231
A,7559,252.094,-1,0,0,1,X,X,X,X,X,263:199:151:140:291:223:320:228:362:232:391:230
A,7560,252.127,-1,0,0,1,X,X,X,X,X,263:199:151:140:291:223:320:228:362:232:391:230
A,7561,252.159,-1,0,0,1,X,X,X,X,X,264:199:150:141:291:223:320:228:362:232:391:231
A,7562,252.191,-1,0,0,1,X,X,X,X,X,264:199:151:141:291:223:320:228:362:232:391:231
A,7563,252.239,-1,0,0,1,X,X,X,X,X,263:199:152:140:292:223:320:228:362:232:391:231
A,7564,252.271,-1,0,0,1,X,X,X,X,X,263:199:151:140:291:223:320:228:362:232:390:231
A,7565,252.303,-1,0,0,1,X,X,X,X,X,263:198:151:141:291:223:320:228:362:232:390:231
A,7566,252.335,-1,0,0,1,X,X,X,X,X,264:199:151:140:292:223:320:228:362:232:390:231
A,7567,252.367,-1,0,0,1,X,X,X,X,X,263:199:151:140:291:223:320:228:362:232:390:231
A,7568,252.399,-1,0,0,1,X,X,X,X,X,264:199:150:140:291:223:320:228:362:231:391:231
A,7569,252.431,-1,0,0,1,X,X,X,X,X,263:199:151:140:292:223:320:228:362:232:390:231
A,7570,252.463,-1,0,0,1,X,X,X,X,X,264:199:150:140:291:223:320:228:362:232:391:231
A,7571,252.495,-1,0,0,1,X,X,X,X,X,264:199:150:140:291:223:320:228:362:232:391:231
A,7572,252.526,-1,0,0,1,X,X,X,X,X,264:199:150:140:291:223:320:228:362:232:391:231
A,7573,252.559,-1,0,0,1,X,X,X,X,X,263:199:151:140:291:223:320:228:362:232:391:231
A,7574,252.591,-1,0,0,1,X,X,X,X,X,264:199:150:140:291:223:320:228:362:232:391:231
A,7575,252.638,-1,0,0,1,X,X,X,X,X,264:199:150:140:291:223:320:228:362:232:391:231
A,7576,252.671,-1,0,0,1,X,X,X,X,X,264:199:150:140:291:223:320:228:362:232:391:231
A,7577,252.702,-1,0,0,1,X,X,X,X,X,263:199:151:140:291:223:320:228:362:232:391:231
A,7578,252.735,-1,0,0,1,X,X,X,X,X,263:199:151:140:291:223:320:228:362:232:391:231
A,7579,252.767,-1,0,0,1,X,X,X,X,X,263:199:151:140:291:223:320:228:362:232:391:231
A,7580,252.799,-1,0,0,1,X,X,X,X,X,263:199:151:140:291:223:320:228:362:232:391:231
A,7581,252.831,-1,0,0,1,X,X,X,X,X,264:199:150:140:291:223:320:228:362:232:391:231
A,7582,252.863,-1,0,0,1,X,X,X,X,X,264:199:150:140:291:223:320:228:362:232:390:231
A,7583,252.895,-1,0,0,1,X,X,X,X,X,263:199:151:140:291:223:320:228:362:232:391:231
A,7584,252.927,-1,0,0,1,X,X,X,X,X,263:199:151:140:291:223:320:228:362:232:390:231
A,7585,252.959,-1,0,0,1,X,X,X,X,X,263:199:151:140:291:223:320:228:362:232:391:231
A,7586,252.991,-1,0,0,1,X,X,X,X,X,263:199:151:140:291:223:320:228:362:232:391:231
A,7587,253.038,-1,0,0,1,X,X,X,X,X,263:199:151:140:291:223:320:228:362:232:390:231
A,7588,253.071,-1,0,0,1,X,X,X,X,X,264:199:150:140:291:223:320:228:362:232:390:231
A,7589,253.102,-1,0,0,1,X,X,X,X,X,263:199:151:140:291:223:320:228:362:232:391:231
A,7590,253.135,-1,0,0,1,X,X,X,X,X,263:199:151:140:291:223:320:228:362:232:391:231
A,7591,253.167,-1,0,0,1,X,X,X,X,X,264:199:150:140:291:223:320:228:362:232:390:231
A,7592,253.199,-1,0,0,1,X,X,X,X,X,263:200:151:139:291:223:320:228:362:232:390:231
A,7593,253.231,-1,0,0,1,X,X,X,X,X,264:199:150:140:291:223:320:229:362:232:391:231
A,7594,253.262,-1,0,0,1,X,X,X,X,X,264:199:150:140:291:223:320:229:361:232:390:231
A,7595,253.294,-1,0,0,1,X,X,X,X,X,263:199:152:140:291:224:320:229:362:232:391:231
A,7596,253.327,-1,0,0,1,X,X,X,X,X,262:200:152:140:291:224:320:229:362:232:390:231
A,7597,253.358,-1,0,0,1,X,X,X,X,X,262:200:152:139:291:224:320:229:362:232:391:231
A,7598,253.39,-1,0,0,1,X,X,X,X,X,263:199:152:140:291:224:320:229:362:232:390:231
A,7599,253.423,-1,0,0,1,X,X,X,X,X,263:199:151:140:292:224:320:229:362:232:391:231
A,7600,253.47,-1,0,0,1,X,X,X,X,X,264:199:150:140:291:224:320:229:362:232:391:231
A,7601,253.502,-1,0,0,1,X,X,X,X,X,264:199:150:140:291:223:321:229:362:232:391:231
A,7602,253.535,-1,0,0,1,X,X,X,X,X,264:199:150:140:291:223:320:229:362:232:391:231
A,7603,253.567,-1,0,0,1,X,X,X,X,X,264:200:151:139:291:224:320:229:362:233:391:232
A,7604,253.598,-1,0,0,1,X,X,X,X,X,264:199:150:140:291:223:320:229:363:232:391:232
A,7605,253.631,-1,0,0,1,X,X,X,X,X,264:199:151:141:292:224:321:229:363:233:391:232
A,7606,253.662,-1,0,0,1,X,X,X,X,X,264:199:151:141:292:224:320:229:362:233:391:232
A,7607,253.695,-1,0,0,1,X,X,X,X,X,264:199:151:141:292:224:321:229:362:233:391:232
A,7608,253.727,-1,0,0,1,X,X,X,X,X,265:199:149:141:291:224:320:229:363:233:391:232
A,7609,253.758,-1,0,0,1,X,X,X,X,X,265:199:150:141:292:224:321:229:363:233:391:232
A,7610,253.791,-1,0,0,1,X,X,X,X,X,264:200:151:140:293:224:321:229:363:232:390:232
A,7611,253.822,-1,0,0,1,X,X,X,X,X,264:199:150:141:292:224:321:229:362:232:391:232
A,7612,253.87,-1,0,0,1,X,X,X,X,X,263:199:151:141:291:223:320:229:362:232:391:232
A,7613,253.903,-1,0,0,1,X,X,X,X,X,264:199:150:141:291:224:321:229:362:232:391:231
A,7614,253.934,-1,0,0,1,X,X,X,X,X,264:199:151:140:291:223:321:229:363:232:391:231
A,7615,253.966,-1,0,0,1,X,X,X,X,X,263:199:151:141:291:224:321:229:362:232:391:232
A,7616,253.998,-1,0,0,1,X,X,X,X,X,263:199:152:141:291:224:320:229:362:232:391:231
A,7617,254.03,-1,0,0,1,X,X,X,X,X,263:199:151:141:291:223:320:229:362:232:391:231
A,7618,254.062,-1,0,0,1,X,X,X,X,X,264:199:151:141:292:223:321:229:362:232:391:231
A,7619,254.094,-1,0,0,1,X,X,X,X,X,264:198:151:142:291:223:320:228:362:232:391:231
A,7620,254.127,-1,0,0,1,X,X,X,X,X,264:199:150:141:292:223:321:229:362:232:391:231
A,7621,254.158,-1,0,0,1,X,X,X,X,X,263:199:151:141:291:223:321:229:362:232:392:231
A,7622,254.19,-1,0,0,1,X,X,X,X,X,264:199:150:140:292:224:321:229:363:232:391:231
A,7623,254.223,-1,0,0,1,X,X,X,X,X,263:199:152:141:291:223:321:229:362:232:392:231
A,7624,254.27,-1,0,0,1,X,X,X,X,X,263:199:151:140:291:223:321:229:362:232:392:231
A,7625,254.303,-1,0,0,1,X,X,X,X,X,263:199:151:140:291:224:321:229:362:232:391:231
A,7626,254.334,-1,0,0,1,X,X,X,X,X,263:199:152:140:291:224:321:229:362:232:392:231
A,7627,254.366,-1,0,0,1,X,X,X,X,X,264:199:150:140:292:224:321:229:362:232:391:232
A,7628,254.398,-1,0,0,1,X,X,X,X,X,264:199:150:141:292:224:321:229:362:232:391:231
A,7629,254.431,-1,0,0,1,X,X,X,X,X,264:199:151:141:292:224:321:229:363:233:391:232
A,7630,254.462,-1,0,0,1,X,X,X,X,X,264:200:150:140:292:224:321:229:363:233:391:232
A,7631,254.494,-1,0,0,1,X,X,X,X,X,264:199:150:141:292:224:321:229:363:233:392:232
A,7632,254.527,-1,0,0,1,X,X,X,X,X,264:200:150:140:292:224:321:229:363:233:392:231
A,7633,254.558,-1,0,0,1,X,X,X,X,X,263:200:152:139:292:223:321:229:362:233:391:231
A,7634,254.59,-1,0,0,1,X,X,X,X,X,264:200:151:140:291:224:321:229:362:233:392:231
A,7635,254.623,-1,0,0,1,X,X,X,X,X,264:199:151:140:291:224:321:229:362:233:391:232
A,7636,254.654,-1,0,0,1,X,X,X,X,X,264:199:150:141:292:224:321:229:363:233:391:232
A,7637,254.702,-1,0,0,1,X,X,X,X,X,264:200:150:140:292:224:321:229:363:233:391:232
A,7638,254.735,-1,0,0,1,X,X,X,X,X,263:199:152:141:291:224:321:230:363:233:391:231
A,7639,254.766,-1,0,0,1,X,X,X,X,X,264:200:150:140:292:224:321:229:362:233:392:231
A,7640,254.799,-1,0,0,1,X,X,X,X,X,264:200:151:140:292:224:321:230:362:233:391:232
A,7641,254.83,-1,0,0,1,X,X,X,X,X,264:200:151:140:291:224:321:229:362:233:392:231
A,7642,254.862,-1,0,0,1,X,X,X,X,X,263:200:152:140:291:224:321:229:362:233:391:231
A,7643,254.894,-1,0,0,1,X,X,X,X,X,263:200:152:140:292:224:321:229:362:233:391:231
A,7644,254.927,-1,0,0,1,X,X,X,X,X,263:199:151:141:291:224:321:229:362:233:391:231
A,7645,254.959,-1,0,0,1,X,X,X,X,X,264:200:150:140:292:224:321:229:362:233:391:231
A,7646,254.99,-1,0,0,1,X,X,X,X,X,263:199:151:141:291:224:320:229:362:233:391:231
A,7647,255.023,-1,0,0,1,X,X,X,X,X,263:199:152:140:291:224:320:229:362:233:391:231
A,7648,255.055,-1,0,0,1,X,X,X,X,X,263:199:151:141:291:224:321:229:362:233:391:232
A,7649,255.102,-1,0,0,1,X,X,X,X,X,263:199:152:141:291:224:320:230:362:233:391:232
A,7650,255.134,-1,0,0,1,X,X,X,X,X,263:200:151:140:291:224:320:229:362:233:391:231
A,7651,255.166,-1,0,0,1,X,X,X,X,X,263:200:152:139:292:224:321:229:362:233:391:231
A,7652,255.198,-1,0,0,1,X,X,X,X,X,262:200:153:139:291:224:320:229:362:233:391:232
A,7653,255.231,-1,0,0,1,X,X,X,X,X,264:200:150:139:291:224:320:229:362:233:391:232
A,7654,255.262,-1,0,0,1,X,X,X,X,X,262:199:153:141:291:224:320:229:363:233:391:232
A,7655,255.295,-1,0,0,1,X,X,X,X,X,264:199:150:141:291:224:320:229:362:232:391:232
A,7656,255.327,-1,0,0,1,X,X,X,X,X,264:200:151:140:291:224:320:229:362:233:392:231
A,7657,255.358,-1,0,0,1,X,X,X,X,X,264:200:150:140:291:224:320:229:362:233:392:232
A,7658,255.39,-1,0,0,1,X,X,X,X,X,263:199:152:140:291:224:320:229:362:233:391:232
A,7659,255.423,-1,0,0,1,X,X,X,X,X,263:200:151:139:291:224:320:229:362:233:391:232
A,7660,255.454,-1,0,0,1,X,X,X,X,X,263:199:152:140:291:224:320:229:362:233:391:232
A,7661,255.502,-1,0,0,1,X,X,X,X,X,264:199:150:140:291:224:320:229:362:232:390:232
A,7662,255.534,-1,0,0,1,X,X,X,X,X,264:199:150:140:290:224:320:229:361:232:391:231
A,7663,255.566,-1,0,0,1,X,X,X,X,X,263:199:152:140:291:224:320:229:362:232:391:232
A,7664,255.598,-1,0,0,1,X,X,X,X,X,263:199:152:140:290:224:320:229:361:232:391:231
A,7665,255.631,-1,0,0,1,X,X,X,X,X,263:199:151:140:291:224:320:229:362:232:391:231
A,7666,255.662,-1,0,0,1,X,X,X,X,X,264:199:151:140:291:223:320:229:362:232:390:231
A,7667,255.694,-1,0,0,1,X,X,X,X,X,263:199:151:140:291:223:320:229:362:232:391:230
A,7668,255.727,-1,0,0,1,X,X,X,X,X,263:199:151:140:292:223:321:228:362:232:391:231
A,7669,255.759,-1,0,0,1,X,X,X,X,X,263:200:151:139:291:223:321:228:362:232:391:231
A,7670,255.79,-1,0,0,1,X,X,X,X,X,263:199:151:140:291:223:321:228:362:232:390:231
A,7671,255.823,-1,0,0,1,X,X,X,X,X,263:199:151:140:291:223:320:228:362:232:391:231
A,7672,255.854,-1,0,0,1,X,X,X,X,X,264:199:151:140:292:223:321:228:362:232:390:231
A,7673,255.886,-1,0,0,1,X,X,X,X,X,263:200:151:139:293:223:321:228:362:232:391:231
A,7674,255.934,-1,0,0,1,X,X,X,X,X,262:200:153:139:292:223:321:228:362:232:391:231
A,7675,255.966,-1,0,0,1,X,X,X,X,X,263:200:151:139:292:223:321:229:362:232:390:230
A,7676,255.999,-1,0,0,1,X,X,X,X,X,264:200:150:139:293:223:321:228:362:232:390:231
A,7677,256.03,-1,0,0,1,X,X,X,X,X,263:200:151:139:291:223:320:228:362:231:390:230
A,7678,256.062,-1,0,0,1,X,X,X,X,X,264:199:150:140:292:223:321:228:362:232:390:231
A,7679,256.094,-1,0,0,1,X,X,X,X,X,263:200:151:138:292:223:321:228:362:231:389:230
A,7680,256.127,-1,0,0,1,X,X,X,X,X,263:199:151:140:292:223:321:228:362:232:391:230
A,7681,256.159,-1,0,0,1,X,X,X,X,X,264:199:150:140:293:223:321:228:362:231:390:230
A,7682,256.191,-1,0,0,1,X,X,X,X,X,264:199:150:141:292:223:321:228:362:232:390:230
A,7683,256.222,-1,0,0,1,X,X,X,X,X,264:199:151:140:292:223:321:228:362:231:390:230
A,7684,256.254,-1,0,0,1,X,X,X,X,X,264:199:150:140:292:223:321:228:362:231:390:230
A,7685,256.287,-1,0,0,1,X,X,X,X,X,263:199:152:140:292:223:321:228:362:232:391:230
A,7686,256.334,-1,0,0,1,X,X,X,X,X,263:199:152:140:292:223:321:228:362:232:390:230
A,7687,256.366,-1,0,0,1,X,X,X,X,X,263:199:151:140:292:223:321:229:362:232:391:230
A,7688,256.399,-1,0,0,1,X,X,X,X,X,264:199:150:140:292:223:320:228:362:232:390:230
A,7689,256.43,-1,0,0,1,X,X,X,X,X,264:198:151:141:292:223:321:228:362:232:391:230
A,7690,256.462,-1,0,0,1,X,X,X,X,X,263:199:151:140:292:223:321:228:362:232:391:230
A,7691,256.494,-1,0,0,1,X,X,X,X,X,263:199:152:140:292:223:321:228:362:232:391:230
A,7692,256.527,-1,0,0,1,X,X,X,X,X,263:200:151:139:292:223:321:228:362:232:390:231
A,7693,256.559,-1,0,0,1,X,X,X,X,X,263:199:152:140:292:223:321:229:362:232:390:231
A,7694,256.59,-1,0,0,1,X,X,X,X,X,264:199:151:140:292:223:321:228:362:231:390:230
A,7695,256.622,-1,0,0,1,X,X,X,X,X,263:199:151:140:292:223:321:228:362:232:390:230
A,7696,256.654,-1,0,0,1,X,X,X,X,X,264:199:150:140:292:223:321:229:362:232:390:230
A,7697,256.686,-1,0,0,1,X,X,X,X,X,264:199:150:140:293:223:321:228:362:232:390:230
A,7698,256.719,-1,0,0,1,X,X,X,X,X,264:199:150:141:292:223:321:228:362:232:390:230
A,7699,256.766,-1,0,0,1,X,X,X,X,X,263:199:152:140:293:223:321:229:362:232:390:230
A,7700,256.799,-1,0,0,1,X,X,X,X,X,263:199:152:141:293:223:321:228:362:232:390:230
A,7701,256.831,-1,0,0,1,X,X,X,X,X,264:199:150:140:292:223:321:228:362:231:390:230
A,7702,256.863,-1,0,0,1,X,X,X,X,X,264:199:150:140:292:223:321:228:362:232:391:230
A,7703,256.894,-1,0,0,1,X,X,X,X,X,264:199:151:140:292:223:321:228:362:231:390:230
A,7704,256.926,-1,0,0,1,X,X,X,X,X,264:199:151:141:292:223:321:228:362:232:391:230
A,7705,256.959,-1,0,0,1,X,X,X,X,X,264:199:150:141:293:223:321:228:362:232:391:230
A,7706,256.99,-1,0,0,1,X,X,X,X,X,263:199:151:140:292:223:321:228:362:231:390:230
A,7707,257.022,-1,0,0,1,X,X,X,X,X,263:199:152:140:292:223:321:228:362:232:390:230
A,7708,257.054,-1,0,0,1,X,X,X,X,X,263:199:151:141:292:223:321:228:362:231:390:230
A,7709,257.086,-1,0,0,1,X,X,X,X,X,264:199:151:141:293:223:321:228:362:231:390:230
A,7710,257.119,-1,0,0,1,X,X,X,X,X,264:199:151:140:293:223:321:228:362:231:391:230
A,7711,257.166,-1,0,0,1,X,X,X,X,X,264:199:151:141:293:223:321:228:362:232:391:230
A,7712,257.199,-1,0,0,1,X,X,X,X,X,264:199:151:141:292:223:322:228:362:231:391:230
A,7713,257.23,-1,0,0,1,X,X,X,X,X,264:199:151:140:292:223:321:228:362:232:391:230
A,7714,257.262,-1,0,0,1,X,X,X,X,X,263:199:152:140:292:223:321:228:363:232:391:231
A,7715,257.294,-1,0,0,1,X,X,X,X,X,264:199:151:141:292:223:321:229:362:232:390:230
A,7716,257.326,-1,0,0,1,X,X,X,X,X,264:199:151:141:293:223:321:228:362:232:391:230
A,7717,257.359,-1,0,0,1,X,X,X,X,X,264:199:151:141:292:223:321:228:362:232:391:231
A,7718,257.39,-1,0,0,1,X,X,X,X,X,264:199:151:141:293:223:321:228:362:232:391:231
A,7719,257.422,-1,0,0,1,X,X,X,X,X,263:199:152:141:292:223:321:229:362:232:391:231
A,7720,257.454,-1,0,0,1,X,X,X,X,X,262:199:153:141:292:223:321:228:362:232:391:230
A,7721,257.487,-1,0,0,1,X,X,X,X,X,263:200:152:140:292:223:321:229:362:232:391:230
A,7722,257.519,-1,0,0,1,X,X,X,X,X,263:199:152:140:292:223:321:228:362:232:391:230
A,7723,257.566,-1,0,0,1,X,X,X,X,X,262:199:153:141:292:223:321:228:362:232:391:231
A,7724,257.599,-1,0,0,1,X,X,X,X,X,263:199:152:140:291:223:321:228:362:232:392:230
A,7725,257.63,-1,0,0,1,X,X,X,X,X,263:199:152:140:292:223:321:228:361:232:391:231
A,7726,257.662,-1,0,0,1,X,X,X,X,X,264:199:151:140:293:223:321:228:362:232:390:231
A,7727,257.694,-1,0,0,1,X,X,X,X,X,263:198:152:142:291:223:321:228:362:232:391:231
A,7728,257.726,-1,0,0,1,X,X,X,X,X,263:198:151:141:292:223:321:228:362:232:391:231
A,7729,257.759,-1,0,0,1,X,X,X,X,X,263:199:152:140:292:223:321:229:362:232:391:230
A,7730,257.79,-1,0,0,1,X,X,X,X,X,263:198:152:141:291:223:320:229:362:232:391:230
A,7731,257.822,-1,0,0,1,X,X,X,X,X,264:198:151:141:292:223:321:228:362:231:391:230
A,7732,257.854,-1,0,0,1,X,X,X,X,X,263:198:152:141:292:223:321:228:362:232:391:231
A,7733,257.886,-1,0,0,1,X,X,X,X,X,263:199:151:140:292:223:321:228:362:231:390:230
A,7734,257.919,-1,0,0,1,X,X,X,X,X,263:199:151:140:292:223:321:228:362:231:390:230
A,7735,257.95,-1,0,0,1,X,X,X,X,X,264:199:150:140:292:223:321:228:362:232:390:230
A,7736,257.999,-1,0,0,1,X,X,X,X,X,263:199:151:140:292:223:321:228:361:231:390:230
A,7737,258.03,-1,0,0,1,X,X,X,X,X,262:198:153:141:291:223:321:228:362:232:391:230
A,7738,258.062,-1,0,0,1,X,X,X,X,X,263:199:152:140:292:223:321:228:362:231:391:230
A,7739,258.094,-1,0,0,1,X,X,X,X,X,263:199:151:140:292:223:321:228:362:231:391:229
A,7740,258.126,-1,0,0,1,X,X,X,X,X,262:199:152:140:292:223:321:228:361:232:391:230
A,7741,258.159,-1,0,0,1,X,X,X,X,X,263:199:152:140:293:223:321:228:362:232:390:230
A,7742,258.19,-1,0,0,1,X,X,X,X,X,263:199:151:140:291:223:320:228:362:232:391:230
A,7743,258.223,-1,0,0,1,X,X,X,X,X,263:199:151:140:292:223:321:228:362:232:391:230
A,7744,258.254,-1,0,0,1,X,X,X,X,X,263:199:152:140:291:223:321:228:362:232:391:230
A,7745,258.286,-1,0,0,1,X,X,X,X,X,263:198:152:141:291:223:320:228:362:232:391:230
A,7746,258.319,-1,0,0,1,X,X,X,X,X,263:199:152:140:291:223:320:228:362:231:390:230
A,7747,258.35,-1,0,0,1,X,X,X,X,X,263:199:152:140:291:223:320:228:362:231:390:230
A,7748,258.398,-1,0,0,1,X,X,X,X,X,263:198:151:141:291:223:320:228:362:231:390:230
A,7749,258.432,-1,0,0,1,X,X,X,X,X,263:198:151:141:291:223:320:228:362:231:390:230
A,7750,258.464,-1,0,0,1,X,X,X,X,X,263:199:152:139:291:223:320:228:362:232:391:230
A,7751,258.495,-1,0,0,1,X,X,X,X,X,263:198:151:140:291:223:320:228:362:231:390:231
A,7752,258.527,-1,0,0,1,X,X,X,X,X,262:198:152:140:291:223:320:228:362:231:391:230
A,7753,258.559,-1,0,0,1,X,X,X,X,X,262:199:153:139:291:223:321:228:362:231:390:230
A,7754,258.591,-1,0,0,1,X,X,X,X,X,263:198:152:141:291:223:320:228:362:232:390:231
A,7755,258.622,-1,0,0,1,X,X,X,X,X,264:198:151:141:292:223:321:228:362:231:391:230
A,7756,258.654,-1,0,0,1,X,X,X,X,X,264:198:151:140:292:223:321:228:362:231:391:230
A,7757,258.686,-1,0,0,1,X,X,X,X,X,263:198:151:141:291:223:321:228:362:232:391:230
A,7758,258.719,-1,0,0,1,X,X,X,X,X,263:198:152:141:292:223:321:228:362:231:391:230
A,7759,258.75,-1,0,0,1,X,X,X,X,X,264:198:151:141:292:223:321:228:362:231:391:231
A,7760,258.799,-1,0,0,1,X,X,X,X,X,264:198:151:141:292:223:321:228:362:232:391:230
A,7761,258.83,-1,0,0,1,X,X,X,X,X,263:198:152:141:292:223:321:228:362:232:391:230
A,7762,258.862,-1,0,0,1,X,X,X,X,X,264:198:151:141:292:223:321:228:362:232:391:231
A,7763,258.894,-1,0,0,1,X,X,X,X,X,264:198:151:141:292:223:321:228:362:232:391:231
A,7764,258.926,-1,0,0,1,X,X,X,X,X,263:198:152:141:292:223:321:228:362:231:391:230
A,7765,258.958,-1,0,0,1,X,X,X,X,X,264:198:151:141:292:223:321:228:362:231:391:230
A,7766,258.99,-1,0,0,1,X,X,X,X,X,264:198:151:140:292:223:321:228:362:231:391:230
A,7767,259.022,-1,0,0,1,X,X,X,X,X,263:198:152:141:292:223:321:228:362:231:391:230
A,7768,259.054,-1,0,0,1,X,X,X,X,X,263:198:151:140:291:223:321:228:362:231:391:230
A,7769,259.086,-1,0,0,1,X,X,X,X,X,263:198:152:141:292:223:321:228:362:231:390:231
A,7770,259.119,-1,0,0,1,X,X,X,X,X,263:198:151:141:292:223:321:228:362:231:391:230
A,7771,259.15,-1,0,0,1,X,X,X,X,X,263:198:151:140:292:222:321:228:362:231:391:229
A,7772,259.182,-1,0,0,1,X,X,X,X,X,264:198:151:140:292:222:321:227:362:231:391:229
A,7773,259.23,-1,0,0,1,X,X,X,X,X,264:197:150:141:292:222:321:227:362:230:391:229
A,7774,259.262,-1,0,0,1,X,X,X,X,X,263:197:151:141:292:221:321:226:362:229:390:229
A,7775,259.294,-1,0,0,1,X,X,X,X,X,262:196:153:141:292:221:321:226:362:229:391:228
A,7776,259.326,-1,0,0,1,X,X,X,X,X,264:196:150:142:293:220:321:226:362:229:390:228
A,7777,259.358,-1,0,0,1,X,X,X,X,X,264:196:150:140:292:220:321:225:362:228:390:228
A,7778,259.39,-1,0,0,1,X,X,X,X,X,264:196:150:141:292:220:321:225:362:228:390:227
A,7779,259.422,-1,0,0,1,X,X,X,X,X,262:195:153:142:291:220:321:225:362:228:390:227
A,7780,259.454,-1,0,0,1,X,X,X,X,X,264:195:150:142:293:220:321:225:362:228:390:227
A,7781,259.486,-1,0,0,1,X,X,X,X,X,264:195:150:142:292:219:321:224:362:228:390:227
A,7782,259.518,-1,0,0,1,X,X,X,X,X,263:195:151:141:292:220:321:224:361:227:390:226
A,7783,259.551,-1,0,0,1,X,X,X,X,X,264:194:150:142:292:219:321:224:362:227:390:225
A,7784,259.582,-1,0,0,1,X,X,X,X,X,264:194:150:142:293:219:321:224:362:227:390:226
A,7785,259.63,-1,0,0,1,X,X,X,X,X,265:195:149:142:292:219:321:224:362:227:390:226
A,7786,259.662,-1,0,0,1,X,X,X,X,X,264:195:150:141:293:219:321:224:362:227:390:225
A,7787,259.694,-1,0,0,1,X,X,X,X,X,264:195:150:141:293:219:321:224:362:227:391:226
A,7788,259.726,-1,0,0,1,X,X,X,X,X,264:195:150:142:293:219:321:224:362:227:390:226
A,7789,259.758,-1,0,0,1,X,X,X,X,X,265:194:149:142:293:219:321:224:362:227:390:226
A,7790,259.79,-1,0,0,1,X,X,X,X,X,265:195:149:141:293:219:321:224:362:227:390:225
A,7791,259.842,-1,0,0,1,X,X,X,X,X,265:195:149:141:293:219:321:224:363:227:391:226
A,7792,259.861,-1,0,0,1,X,X,X,X,X,265:194:149:142:293:219:321:224:362:227:391:226
A,7793,259.897,-1,0,0,1,X,X,X,X,X,265:195:149:141:293:219:322:224:363:227:391:226
A,7794,259.918,-1,0,0,1,X,X,X,X,X,265:195:150:142:293:219:322:223:363:227:391:225
A,7795,259.95,-1,0,0,1,X,X,X,X,X,265:195:150:141:294:219:322:224:363:227:391:226
A,7796,259.982,-1,0,0,1,X,X,X,X,X,265:195:149:141:293:218:322:223:363:227:391:225
A,7797,260.03,-1,0,0,1,X,X,X,X,X,266:195:148:141:293:219:322:224:363:227:391:227
A,7798,260.062,-1,0,0,1,X,X,X,X,X,265:194:149:142:293:219:322:224:363:227:391:227
A,7799,260.094,-1,0,0,1,X,X,X,X,X,265:195:150:141:293:220:322:224:362:227:391:227
A,7800,260.126,-1,0,0,1,X,X,X,X,X,266:194:148:142:293:219:322:224:363:227:391:227
A,7801,260.158,-1,0,0,1,X,X,X,X,X,265:194:150:143:293:219:322:224:363:227:391:227
A,7802,260.19,-1,0,0,1,X,X,X,X,X,265:195:149:141:292:219:321:224:362:227:391:227
A,7803,260.222,-1,0,0,1,X,X,X,X,X,265:194:150:142:293:219:322:224:362:227:391:227
A,7804,260.254,-1,0,0,1,X,X,X,X,X,265:194:149:142:293:219:322:224:362:227:391:227
A,7805,260.286,-1,0,0,1,X,X,X,X,X,265:195:150:141:293:219:322:224:362:227:390:227
A,7806,260.318,-1,0,0,1,X,X,X,X,X,265:195:150:141:292:220:321:224:363:228:391:227
A,7807,260.35,-1,0,0,1,X,X,X,X,X,265:195:150:142:292:220:321:225:363:228:391:228
A,7808,260.382,-1,0,0,1,X,X,X,X,X,265:196:149:141:293:220:322:225:363:228:391:228
A,7809,260.414,-1,0,0,1,X,X,X,X,X,264:195:151:142:293:220:322:225:363:228:391:228
A,7810,260.462,-1,0,0,1,X,X,X,X,X,265:195:150:142:292:220:321:225:363:228:391:228
A,7811,260.494,-1,0,0,1,X,X,X,X,X,265:195:150:142:293:220:322:225:362:228:391:228
A,7812,260.526,-1,0,0,1,X,X,X,X,X,265:195:150:142:292:220:321:225:363:228:392:227
A,7813,260.558,-1,0,0,1,X,X,X,X,X,265:195:150:142:292:220:321:225:362:228:390:228
A,7814,260.59,-1,0,0,1,X,X,X,X,X,265:195:149:142:293:220:321:225:362:228:390:228
A,7815,260.622,-1,0,0,1,X,X,X,X,X,265:195:149:142:292:220:321:224:362:228:390:228
A,7816,260.654,-1,0,0,1,X,X,X,X,X,265:195:149:142:293:220:321:225:362:229:390:228
A,7817,260.686,-1,0,0,1,X,X,X,X,X,265:195:150:143:292:220:321:225:362:228:391:228
A,7818,260.718,-1,0,0,1,X,X,X,X,X,265:195:149:142:291:221:321:225:362:229:391:229
A,7819,260.75,-1,0,0,1,X,X,X,X,X,264:196:150:141:292:221:321:225:362:229:391:228
A,7820,260.782,-1,0,0,1,X,X,X,X,X,263:196:152:142:291:221:321:225:362:229:391:228
A,7821,260.814,60,1,0,1,X,X,X,X,X,265:195:150:143:292:222:322:226:362:229:392:229
A,7822,260.862,60,1,1,1,X,C,X,C,X,264:196:151:142:292:223:321:226:363:230:392:230
A,7823,260.894,60,1,1,1,X,C,X,C,X,263:195:152:143:291:223:321:227:362:230:392:229
A,7824,260.926,60,1,1,1,X,C,X,C,X,264:195:151:142:292:221:321:226:362:229:392:229
A,7825,260.958,60,1,0,1,X,X,X,X,X,264:195:151:143:292:221:321:225:363:229:391:229
A,7826,260.99,60,1,0,1,X,X,X,X,X,264:196:150:142:292:221:321:225:362:229:391:228
A,7827,261.022,60,1,0,1,X,X,X,X,X,263:195:152:142:292:220:321:225:361:229:390:228
A,7828,261.054,60,1,0,1,X,X,X,X,X,262:195:152:142:291:220:321:225:361:228:390:228
A,7829,261.086,-1,0,0,1,X,X,X,X,X,263:195:151:143:291:220:320:225:361:229:390:227
A,7830,261.118,-1,0,0,1,X,X,X,X,X,263:196:151:142:291:220:320:225:361:229:390:227
A,7831,261.15,-1,0,0,1,X,X,X,X,X,263:196:151:142:291:220:320:225:361:229:390:228
A,7832,261.182,-1,0,0,1,X,X,X,X,X,263:196:152:142:291:220:320:225:361:229:390:228
A,7833,261.214,-1,0,0,1,X,X,X,X,X,263:196:151:142:291:220:320:225:361:228:390:227
A,7834,261.246,-1,0,0,1,X,X,X,X,X,263:196:151:142:291:220:321:225:361:229:390:227
A,7835,261.294,-1,0,0,1,X,X,X,X,X,263:196:151:142:291:220:320:225:361:228:390:227
A,7836,261.326,-1,0,0,1,X,X,X,X,X,263:196:151:141:291:220:320:225:361:228:391:227
A,7837,261.358,-1,0,0,1,X,X,X,X,X,263:196:151:141:291:220:321:225:361:229:390:227
A,7838,261.39,-1,0,0,1,X,X,X,X,X,262:196:153:142:291:220:320:225:361:229:390:227
A,7839,261.422,-1,0,0,1,X,X,X,X,X,262:196:152:142:291:220:320:225:361:229:390:227
A,7840,261.454,-1,0,0,1,X,X,X,X,X,262:195:152:142:291:220:320:225:361:228:390:227
A,7841,261.486,-1,0,0,1,X,X,X,X,X,263:195:151:143:291:220:320:225:361:229:390:227
A,7842,261.518,-1,0,0,1,X,X,X,X,X,263:195:151:143:291:220:320:226:361:229:390:228
A,7843,261.55,-1,0,0,1,X,X,X,X,X,262:196:152:142:290:220:320:226:361:229:390:227
A,7844,261.582,-1,0,0,1,X,X,X,X,X,262:196:152:142:291:220:320:226:361:229:390:227
A,7845,261.614,-1,0,0,1,X,X,X,X,X,263:196:150:142:290:220:320:226:361:229:389:227
A,7846,261.646,-1,0,0,1,X,X,X,X,X,262:196:151:142:291:220:320:226:361:229:389:227
A,7847,261.694,-1,0,0,1,X,X,X,X,X,262:196:151:142:290:221:320:226:360:229:389:227
A,7848,261.726,-1,0,0,1,X,X,X,X,X,262:196:151:142:290:221:319:226:360:229:389:228
A,7849,261.758,-1,0,0,1,X,X,X,X,X,262:196:151:142:290:221:319:226:360:229:389:228
A,7850,261.79,-1,0,0,1,X,X,X,X,X,263:196:150:142:290:221:319:226:361:229:390:227
A,7851,261.822,-1,0,0,1,X,X,X,X,X,261:196:152:142:290:221:319:226:360:229:389:228
A,7852,261.855,-1,0,0,1,X,X,X,X,X,262:196:151:142:290:221:320:226:361:229:390:228
A,7853,261.886,-1,0,0,1,X,X,X,X,X,262:196:152:142:290:221:319:226:361:229:390:228
A,7854,261.918,-1,0,0,1,X,X,X,X,X,262:196:152:142:290:221:320:226:361:229:389:228
A,7855,261.95,-1,0,0,1,X,X,X,X,X,262:196:152:142:290:221:319:226:361:229:389:228
A,7856,261.982,-1,0,0,1,X,X,X,X,X,262:196:152:142:291:221:320:226:361:229:389:228
A,7857,262.014,-1,0,0,1,X,X,X,X,X,263:196:150:142:290:221:320:226:360:230:389:228
A,7858,262.046,-1,0,0,1,X,X,X,X,X,263:196:151:142:290:221:320:226:361:229:390:228
A,7859,262.094,-1,0,0,1,X,X,X,X,X,262:196:152:143:290:221:320:227:361:230:390:229
A,7860,262.126,-1,0,0,1,X,X,X,X,X,262:196:152:142:291:221:320:227:361:230:390:228
A,7861,262.158,-1,0,0,1,X,X,X,X,X,262:196:152:142:291:222:320:227:361:230:390:229
A,7862,262.19,-1,0,0,1,X,X,X,X,X,262:197:151:142:290:221:319:226:361:230:390:229
A,7863,262.222,-1,0,0,1,X,X,X,X,X,262:197:152:141:290:222:320:227:361:230:390:228
A,7864,262.254,-1,0,0,1,X,X,X,X,X,262:196:152:142:290:221:320:227:361:230:390:229
A,7865,262.286,-1,0,0,1,X,X,X,X,X,262:197:152:142:290:222:320:227:360:230:390:229
A,7866,262.318,-1,0,0,1,X,X,X,X,X,262:197:151:141:290:222:319:227:360:230:389:229
A,7867,262.35,-1,0,0,1,X,X,X,X,X,262:197:152:141:290:222:319:227:360:230:389:229
A,7868,262.382,-1,0,0,1,X,X,X,X,X,261:197:153:141:289:222:319:227:360:230:390:228
A,7869,262.414,-1,0,0,1,X,X,X,X,X,262:197:152:141:290:222:319:227:361:230:390:229
A,7870,262.446,-1,0,0,1,X,X,X,X,X,262:197:151:141:290:222:320:227:360:230:389:229
A,7871,262.478,-1,0,0,1,X,X,X,X,X,263:197:151:141:290:222:319:227:361:230:390:229
A,7872,262.526,-1,0,0,1,X,X,X,X,X,262:197:151:142:290:222:319:227:360:230:389:229
A,7873,262.558,-1,0,0,1,X,X,X,X,X,262:197:151:141:290:222:319:227:360:230:389:229
A,7874,262.59,-1,0,0,1,X,X,X,X,X,263:197:151:141:290:222:320:227:361:230:390:229
A,7875,262.622,-1,0,0,1,X,X,X,X,X,261:197:152:141:290:222:319:227:360:230:390:228
A,7876,262.655,-1,0,0,1,X,X,X,X,X,262:197:151:141:290:222:319:227:361:230:390:228
A,7877,262.686,-1,0,0,1,X,X,X,X,X,262:197:152:142:290:222:319:227:360:230:389:229
A,7878,262.718,-1,0,0,1,X,X,X,X,X,262:197:151:141:290:222:319:227:360:230:389:229
A,7879,262.75,-1,0,0,1,X,X,X,X,X,262:196:151:142:290:222:319:227:361:230:390:229
A,7880,262.782,-1,0,0,1,X,X,X,X,X,262:197:151:141:290:222:319:227:360:230:389:229
A,7881,262.814,-1,0,0,1,X,X,X,X,X,262:197:151:142:291:222:319:227:360:230:389:229
A,7882,262.846,-1,0,0,1,X,X,X,X,X,261:197:153:142:291:222:319:227:360:230:389:228
A,7883,262.878,-1,0,0,1,X,X,X,X,X,262:197:151:142:291:222:319:227:359:230:389:229
A,7884,262.926,-1,0,0,1,X,X,X,X,X,261:197:152:141:290:222:319:227:360:230:389:228
A,7885,262.958,-1,0,0,1,X,X,X,X,X,262:197:152:141:290:222:319:227:360:230:389:229
A,7886,262.99,-1,0,0,1,X,X,X,X,X,262:197:151:142:290:222:320:227:360:230:389:228
A,7887,263.022,-1,0,0,1,X,X,X,X,X,262:197:151:142:290:222:319:227:361:230:390:228
A,7888,263.054,-1,0,0,1,X,X,X,X,X,262:197:151:142:290:222:319:227:360:230:389:229
A,7889,263.086,-1,0,0,1,X,X,X,X,X,262:197:152:141:290:222:319:227:360:230:389:229
A,7890,263.118,-1,0,0,1,X,X,X,X,X,262:197:152:142:290:222:319:227:360:230:390:229
A,7891,263.15,-1,0,0,1,X,X,X,X,X,262:197:152:142:290:223:320:228:361:230:389:229
A,7892,263.182,-1,0,0,1,X,X,X,X,X,261:197:152:142:290:223:319:228:360:231:390:230
A,7893,263.214,-1,0,0,1,X,X,X,X,X,262:197:152:141:290:222:319:227:361:230:390:229
A,7894,263.246,-1,0,0,1,X,X,X,X,X,262:197:152:142:290:222:320:228:361:230:390:229
A,7895,263.278,-1,0,0,1,X,X,X,X,X,261:197:153:143:289:223:319:228:360:231:390:230
A,7896,263.326,-1,0,0,1,X,X,X,X,X,263:198:151:141:290:223:319:228:361:231:390:230
A,7897,263.358,-1,0,0,1,X,X,X,X,X,261:198:153:141:290:223:320:228:361:231:390:229
A,7898,263.39,-1,0,0,1,X,X,X,X,X,261:197:153:142:291:222:320:228:361:231:390:229
A,7899,263.422,-1,0,0,1,X,X,X,X,X,262:197:152:142:290:223:320:228:361:231:390:230
A,7900,263.454,-1,0,0,1,X,X,X,X,X,262:197:152:143:290:223:319:228:361:231:390:229
A,7901,263.486,-1,0,0,1,X,X,X,X,X,262:197:152:142:290:222:319:228:360:231:389:230
A,7902,263.518,-1,0,0,1,X,X,X,X,X,262:197:152:142:290:223:320:228:360:231:390:230
A,7903,263.55,-1,0,0,1,X,X,X,X,X,261:197:154:142:290:223:320:228:361:231:390:230
A,7904,263.582,-1,0,0,1,X,X,X,X,X,262:197:153:142:291:223:320:228:361:231:390:230
A,7905,263.614,-1,0,0,1,X,X,X,X,X,262:197:153:142:290:223:320:228:361:231:390:230
A,7906,263.646,-1,0,0,1,X,X,X,X,X,262:197:152:142:290:223:319:228:361:231:390:230
A,7907,263.678,-1,0,0,1,X,X,X,X,X,262:197:152:142:290:222:319:228:361:231:390:230
A,7908,263.71,-1,0,0,1,X,X,X,X,X,262:197:152:142:290:223:320:228:361:231:390:230
A,7909,263.758,-1,0,0,1,X,X,X,X,X,263:197:152:142:291:223:320:228:361:231:390:230
A,7910,263.79,-1,0,0,1,X,X,X,X,X,263:197:151:142:290:222:320:227:361:231:390:230
A,7911,263.822,-1,0,0,1,X,X,X,X,X,262:197:152:143:290:222:320:228:361:231:390:230
A,7912,263.854,-1,0,0,1,X,X,X,X,X,263:197:152:142:291:223:320:227:361:231:391:230
A,7913,263.886,-1,0,0,1,X,X,X,X,X,262:198:153:141:291:222:320:227:361:231:391:230
A,7914,263.918,-1,0,0,1,X,X,X,X,X,263:197:152:142:291:222:320:228:361:231:390:229
A,7915,263.95,-1,0,0,1,X,X,X,X,X,263:197:152:142:291:222:320:228:362:231:391:230
A,7916,263.982,-1,0,0,1,X,X,X,X,X,263:197:152:143:291:222:320:228:362:231:391:230
A,7917,264.014,-1,0,0,1,X,X,X,X,X,263:197:152:143:291:222:320:227:362:231:391:230
A,7918,264.046,-1,0,0,1,X,X,X,X,X,263:197:152:142:291:222:320:227:362:231:391:230
A,7919,264.078,-1,0,0,1,X,X,X,X,X,263:197:152:143:292:222:321:227:362:231:391:230
A,7920,264.11,-1,0,0,1,X,X,X,X,X,263:197:151:142:292:222:321:227:362:231:391:230
A,7921,264.158,-1,0,0,1,X,X,X,X,X,263:197:153:143:292:222:321:227:362:231:392:230
A,7922,264.19,-1,0,0,1,X,X,X,X,X,263:197:152:142:291:222:321:227:362:230:391:229
A,7923,264.222,-1,0,0,1,X,X,X,X,X,263:197:152:142:291:222:321:227:362:230:391:229
A,7924,264.254,-1,0,0,1,X,X,X,X,X,262:196:153:143:291:222:321:227:362:230:391:230
A,7925,264.286,-1,0,0,1,X,X,X,X,X,262:197:153:142:292:222:321:227:362:230:391:229
A,7926,264.318,-1,0,0,1,X,X,X,X,X,263:197:152:143:291:222:320:227:362:230:391:229
A,7927,264.35,-1,0,0,1,X,X,X,X,X,262:197:153:143:292:222:321:227:362:230:391:229
A,7928,264.382,-1,0,0,1,X,X,X,X,X,262:197:153:143:291:222:321:227:362:230:391:229
A,7929,264.414,-1,0,0,1,X,X,X,X,X,262:196:153:143:291:222:321:227:362:230:391:229
A,7930,264.446,-1,0,0,1,X,X,X,X,X,261:197:154:143:292:222:321:227:362:230:391:229
A,7931,264.478,-1,0,0,1,X,X,X,X,X,261:196:154:144:292:222:321:227:362:230:391:229
A,7932,264.51,-1,0,0,1,X,X,X,X,X,263:197:151:143:292:221:321:226:362:230:391:229
A,7933,264.558,-1,0,0,1,X,X,X,X,X,261:196:154:143:292:221:322:227:362:230:391:229
A,7934,264.59,-1,0,0,1,X,X,X,X,X,264:197:151:143:292:221:322:226:363:230:391:229
A,7935,264.622,-1,0,0,1,X,X,X,X,X,263:196:153:143:293:221:322:226:363:229:392:228
A,7936,264.654,-1,0,0,1,X,X,X,X,X,263:196:153:143:293:221:322:225:364:229:392:228
A,7937,264.686,-1,0,0,1,X,X,X,X,X,264:196:152:143:294:220:323:226:364:229:392:228
A,7938,264.718,-1,0,0,1,X,X,X,X,X,264:195:151:143:294:220:324:226:364:229:393:227
A,7939,264.75,-1,0,0,1,X,X,X,X,X,265:195:151:143:295:220:324:225:365:228:393:227
A,7940,264.782,-1,0,0,1,X,X,X,X,X,264:196:152:142:294:220:323:225:365:229:392:228
A,7941,264.815,-1,0,0,1,X,X,X,X,X,264:196:152:143:294:221:323:226:364:230:392:229
A,7942,264.846,-1,0,0,1,X,X,X,X,X,263:195:152:143:293:220:322:226:363:229:392:228
A,7943,264.878,-1,0,0,1,X,X,X,X,X,263:195:153:143:293:220:323:225:363:229:392:227
A,7944,264.91,-1,0,0,1,X,X,X,X,X,263:195:152:143:293:220:322:225:362:228:391:227
A,7945,264.942,-1,0,0,1,X,X,X,X,X,262:196:153:143:292:221:322:226:362:229:391:228
A,7946,264.99,-1,0,0,1,X,X,X,X,X,262:196:152:143:291:221:321:226:362:229:391:228
A,7947,265.022,-1,0,0,1,X,X,X,X,X,262:195:152:144:292:220:320:225:362:229:390:228
A,7948,265.054,-1,0,0,1,X,X,X,X,X,263:195:151:144:292:220:321:225:362:229:390:228
A,7949,265.086,-1,0,0,1,X,X,X,X,X,261:196:153:142:291:220:321:225:361:229:390:227
A,7950,265.118,-1,0,0,1,X,X,X,X,X,261:196:153:142:291:220:321:225:362:228:391:227
A,7951,265.15,-1,0,0,1,X,X,X,X,X,262:195:152:143:291:220:321:225:362:228:391:227
A,7952,265.182,-1,0,0,1,X,X,X,X,X,263:196:151:142:293:221:322:225:362:229:391:228
A,7953,265.214,-1,0,0,1,X,X,X,X,X,262:196:152:142:293:220:322:226:363:229:391:228
A,7954,265.246,-1,0,0,1,X,X,X,X,X,263:195:152:143:293:220:322:226:363:229:392:228
A,7955,265.278,-1,0,0,1,X,X,X,X,X,263:195:152:143:292:220:322:226:363:229:392:228
A,7956,265.31,-1,0,0,1,X,X,X,X,X,264:196:151:142:293:220:322:226:362:229:391:228
A,7957,265.342,-1,0,0,1,X,X,X,X,X,264:195:151:143:293:221:321:226:363:229:391:229
A,7958,265.39,-1,0,0,1,X,X,X,X,X,263:195:152:143:293:221:322:226:362:229:391:228
A,7959,265.422,-1,0,0,1,X,X,X,X,X,263:195:151:143:292:220:321:225:362:229:391:228
A,7960,265.454,61,1,0,1,X,X,X,X,X,263:195:152:143:291:221:321:226:361:229:391:228
A,7961,265.486,61,1,1,1,X,C,X,C,X,262:195:152:143:291:223:320:227:361:230:390:230
A,7962,265.518,61,1,1,1,X,C,X,C,X,262:195:152:143:290:223:319:227:360:230:391:230
A,7963,265.55,61,1,1,1,X,C,X,C,X,262:195:152:141:289:222:319:226:360:229:391:229
A,7964,265.582,61,1,0,1,X,X,X,C,X,262:195:151:143:288:221:318:226:360:229:390:229
A,7965,265.614,61,1,0,1,X,X,X,X,X,262:194:151:144:288:220:318:225:359:229:389:228
A,7966,265.646,61,1,0,1,X,X,X,X,X,261:195:151:142:288:220:317:225:358:228:387:227
A,7967,265.678,61,1,0,1,X,X,X,X,X,262:194:150:142:288:218:317:224:358:227:386:225
A,7968,265.71,61,1,0,1,X,X,X,X,X,262:194:150:143:287:219:316:224:357:227:386:226
A,7969,265.742,-1,0,0,1,X,X,X,X,X,262:195:150:143:287:220:316:225:357:228:386:227
A,7970,265.79,-1,0,0,1,X,X,X,X,X,262:195:150:142:287:220:316:225:357:228:385:227
A,7971,265.822,-1,0,0,1,X,X,X,X,X,262:194:150:144:287:220:316:225:357:228:386:226
A,7972,265.854,-1,0,0,1,X,X,X,X,X,262:195:149:142:287:219:315:224:355:227:384:226
A,7973,265.886,-1,0,0,1,X,X,X,X,X,260:195:152:142:286:219:315:225:356:228:385:226
A,7974,265.918,-1,0,0,1,X,X,X,X,X,259:196:152:141:285:220:314:225:355:228:384:226
A,7975,265.95,-1,0,0,1,X,X,X,X,X,260:194:150:142:284:219:314:224:355:227:385:226
A,7976,265.982,-1,0,0,1,X,X,X,X,X,260:194:150:143:284:219:313:224:354:227:384:226
A,7977,266.014,-1,0,0,1,X,X,X,X,X,259:195:151:142:284:220:313:225:353:228:383:226
A,7978,266.046,-1,0,0,1,X,X,X,X,X,259:195:151:142:284:219:313:224:354:227:383:225
A,7979,266.078,-1,0,0,1,X,X,X,X,X,260:195:150:142:284:219:313:224:354:227:383:226
A,7980,266.11,-1,0,0,1,X,X,X,X,X,260:195:151:142:284:219:313:225:354:228:384:226
A,7981,266.142,-1,0,0,1,X,X,X,X,X,259:194:152:142:284:218:313:224:354:227:384:225
A,7982,266.174,-1,0,0,1,X,X,X,X,X,259:193:152:143:285:218:314:224:354:227:384:225
A,7983,266.222,-1,0,0,1,X,X,X,X,X,260:194:151:141:285:218:314:224:355:227:385:226
A,7984,266.254,-1,0,0,1,X,X,X,X,X,261:194:150:142:286:218:315:223:355:226:384:225
A,7985,266.286,-1,0,0,1,X,X,X,X,X,260:193:151:142:287:217:315:223:356:226:385:224
A,7986,266.318,-1,0,0,1,X,X,X,X,X,261:192:149:143:287:216:316:222:356:225:384:223
A,7987,266.35,-1,0,0,1,X,X,X,X,X,261:193:149:141:288:217:316:222:356:225:385:223
A,7988,266.382,-1,0,0,1,X,X,X,X,X,261:193:149:142:288:217:316:222:356:225:385:223
A,7989,266.414,-1,0,0,1,X,X,X,X,X,261:192:149:143:288:216:316:222:356:225:384:223
A,7990,266.446,-1,0,0,1,X,X,X,X,X,261:193:149:142:288:216:316:222:356:225:385:223
A,7991,266.478,-1,0,0,1,X,X,X,X,X,261:193:149:142:287:217:316:222:356:225:385:224
A,7992,266.51,-1,0,0,1,X,X,X,X,X,261:193:149:142:288:216:316:222:356:225:385:223
A,7993,266.542,-1,0,0,1,X,X,X,X,X,261:192:150:142:289:216:316:221:357:225:385:223
A,7994,266.574,-1,0,0,1,X,X,X,X,X,261:192:150:143:288:216:316:221:356:224:385:223
A,7995,266.622,-1,0,0,1,X,X,X,X,X,261:193:150:142:288:216:316:222:357:225:386:223
A,7996,266.654,-1,0,0,1,X,X,X,X,X,262:192:149:142:288:216:316:222:357:225:386:223
A,7997,266.686,-1,0,0,1,X,X,X,X,X,262:191:150:143:288:216:316:221:357:224:385:222
A,7998,266.718,-1,0,0,1,X,X,X,X,X,262:192:149:143:288:216:316:222:357:225:386:223
A,7999,266.75,-1,0,0,1,X,X,X,X,X,262:192:149:143:288:216:316:222:356:225:385:223
A,8000,266.782,-1,0,0,1,X,X,X,X,X,262:192:149:143:288:216:316:222:356:225:385:223
A,8001,266.814,-1,0,0,1,X,X,X,X,X,261:192:150:143:287:216:316:222:356:225:386:223
A,8002,266.846,-1,0,0,1,X,X,X,X,X,261:193:150:142:287:216:315:222:356:225:385:223
A,8003,266.878,-1,0,0,1,X,X,X,X,X,262:193:149:142:287:217:316:222:356:225:385:223
A,8004,266.91,-1,0,0,1,X,X,X,X,X,261:193:151:142:288:216:316:222:357:225:385:223
A,8005,266.942,-1,0,0,1,X,X,X,X,X,262:192:149:142:287:216:316:222:356:225:385:223
A,8006,266.974,-1,0,0,1,X,X,X,X,X,262:193:149:143:288:217:316:222:357:225:385:223
A,8007,267.006,-1,0,0,1,X,X,X,X,X,262:192:149:143:288:217:316:222:357:225:385:223
A,8008,267.054,-1,0,0,1,X,X,X,X,X,261:193:150:142:288:216:316:222:357:225:386:223
A,8009,267.086,-1,0,0,1,X,X,X,X,X,262:193:149:142:288:216:317:222:357:225:386:223
A,8010,267.118,-1,0,0,1,X,X,X,X,X,261:193:150:142:289:217:316:222:357:225:385:224
A,8011,267.15,-1,0,0,1,X,X,X,X,X,261:193:151:142:289:217:316:222:357:226:385:224
A,8012,267.182,-1,0,0,1,X,X,X,X,X,261:192:150:143:289:217:317:222:357:225:385:223
A,8013,267.214,-1,0,0,1,X,X,X,X,X,262:193:150:143:289:217:317:223:358:226:386:224
A,8014,267.246,-1,0,0,1,X,X,X,X,X,262:194:149:142:289:217:317:222:358:226:386:224
A,8015,267.278,-1,0,0,1,X,X,X,X,X,262:194:150:142:289:218:317:223:358:227:387:225
A,8016,267.31,62,1,0,1,X,X,X,X,X,262:194:150:142:289:218:317:223:358:227:387:226
A,8017,267.342,62,1,0,1,X,X,X,X,X,262:193:150:143:289:219:319:224:358:227:388:227
A,8018,267.374,62,1,1,1,X,C,X,C,X,262:194:151:143:289:220:318:224:359:228:389:228
A,8019,267.406,62,1,1,1,X,C,X,C,X,262:194:151:142:289:220:319:224:359:228:389:228
A,8020,267.454,62,1,1,1,X,C,X,C,X,262:193:152:143:290:219:319:223:359:227:389:228
A,8021,267.486,62,1,0,1,X,X,X,X,X,262:193:152:143:289:219:319:224:360:227:390:227
A,8022,267.518,62,1,0,1,X,X,X,X,X,261:193:153:144:289:220:319:224:360:228:390:228
A,8023,267.55,62,1,0,1,X,X,X,X,X,262:193:152:143:289:219:319:223:360:227:389:227
A,8024,267.582,62,1,0,1,X,X,X,X,X,261:192:153:143:289:218:319:223:360:226:390:226
A,8025,267.614,-1,0,0,1,X,X,X,X,X,261:193:153:143:289:219:319:224:360:227:390:227
A,8026,267.646,-1,0,0,1,X,X,X,X,X,262:194:152:143:290:220:319:225:361:228:390:228
A,8027,267.678,-1,0,0,1,X,X,X,X,X,262:194:151:143:290:220:319:225:361:228:390:228
A,8028,267.71,-1,0,0,1,X,X,X,X,X,262:194:153:142:291:220:320:224:361:228:390:228
A,8029,267.742,-1,0,0,1,X,X,X,X,X,263:194:152:143:291:220:320:225:362:228:391:228
A,8030,267.774,-1,0,0,1,X,X,X,X,X,263:195:152:142:291:221:321:225:362:229:391:229
A,8031,267.806,-1,0,0,1,X,X,X,X,X,263:194:152:142:291:220:321:225:363:228:392:228
A,8032,267.854,-1,0,0,1,X,X,X,X,X,264:194:151:143:292:219:321:224:363:228:392:227
A,8033,267.886,-1,0,0,1,X,X,X,X,X,263:194:152:143:291:220:321:225:363:229:393:228
A,8034,267.918,-1,0,0,1,X,X,X,X,X,264:194:151:143:292:220:321:225:363:229:391:229
A,8035,267.95,-1,0,0,1,X,X,X,X,X,265:194:150:143:292:220:321:225:363:228:392:228
A,8036,267.982,-1,0,0,1,X,X,X,X,X,264:194:150:143:292:220:321:224:363:228:391:228
A,8037,268.014,-1,0,0,1,X,X,X,X,X,263:194:153:143:292:220:321:225:363:228:392:228
A,8038,268.046,-1,0,0,1,X,X,X,X,X,264:195:151:142:292:221:321:225:363:229:392:229
A,8039,268.078,-1,0,0,1,X,X,X,X,X,264:195:151:142:292:221:321:225:363:229:392:228
A,8040,268.11,-1,0,0,1,X,X,X,X,X,264:194:152:143:291:220:321:225:363:228:393:228
A,8041,268.142,-1,0,0,1,X,X,X,X,X,264:194:151:143:292:220:321:225:362:229:391:229
A,8042,268.204,-1,0,0,1,X,X,X,X,X,264:194:151:142:291:220:321:225:362:228:392:228
A,8043,268.216,-1,0,0,1,X,X,X,X,X,263:194:153:143:291:220:321:225:362:228:392:228
A,8044,268.238,-1,0,0,1,X,X,X,X,X,263:194:152:142:292:221:321:225:363:229:391:229
A,8045,268.286,-1,0,0,1,X,X,X,X,X,263:195:152:142:291:221:321:225:362:229:392:228
A,8046,268.318,-1,0,0,1,X,X,X,X,X,263:194:152:143:291:221:321:225:362:229:391:229
A,8047,268.35,-1,0,0,1,X,X,X,X,X,263:194:152:143:292:221:321:225:362:229:391:229
A,8048,268.382,-1,0,0,1,X,X,X,X,X,263:195:152:142:291:221:321:225:362:229:392:229
A,8049,268.414,-1,0,0,1,X,X,X,X,X,263:195:151:142:292:221:321:225:362:229:392:229
A,8050,268.446,-1,0,0,1,X,X,X,X,X,263:194:152:143:291:220:321:225:362:228:392:228
A,8051,268.478,-1,0,0,1,X,X,X,X,X,263:195:151:141:291:220:321:224:362:228:391:228
A,8052,268.51,-1,0,0,1,X,X,X,X,X,263:195:151:143:292:221:321:225:362:229:391:229
A,8053,268.542,-1,0,0,1,X,X,X,X,X,263:196:152:141:291:220:321:225:362:228:392:228
A,8054,268.574,-1,0,0,1,X,X,X,X,X,263:195:152:142:291:220:321:225:362:228:392:227
A,8055,268.606,-1,0,0,1,X,X,X,X,X,262:195:152:142:291:220:321:225:363:228:392:227
A,8056,268.638,-1,0,0,1,X,X,X,X,X,262:195:153:143:291:221:320:226:362:229:391:228
A,8057,268.686,-1,0,0,1,X,X,X,X,X,261:197:152:142:289:222:319:227:361:230:391:228
A,8058,268.718,-1,0,0,1,X,X,X,X,X,260:198:152:141:288:223:318:228:360:230:389:229
A,8059,268.751,-1,0,0,1,X,X,X,X,X,259:199:153:139:287:224:317:228:358:230:388:229
A,8060,268.782,-1,0,0,1,X,X,X,X,X,258:198:153:128:285:224:315:228:357:231:387:230
A,8061,268.814,-1,0,0,1,X,X,X,X,X,257:200:153:136:285:225:313:229:356:232:385:230
A,8062,268.846,-1,0,0,1,X,X,X,X,X,257:198:151:145:284:225:313:229:353:232:384:231
A,8063,268.878,-1,0,0,1,X,X,X,X,X,258:200:151:160:283:225:312:229:355:231:384:230
A,8064,268.91,-1,0,0,1,X,X,X,X,X,247:199:162:159:280:225:312:229:355:231:385:229
A,8065,268.942,-1,0,0,1,X,X,X,X,X,254:200:157:151:282:226:313:229:356:231:385:228
A,8066,268.974,-1,0,0,1,X,X,X,X,X,255:199:151:156:282:226:313:229:355:231:384:227
A,8067,269.006,-1,0,0,1,X,X,X,X,X,258:199:151:152:283:225:314:230:356:231:385:229
A,8068,269.038,-1,0,0,1,X,X,X,X,X,256:199:155:145:284:224:314:229:356:230:385:228
A,8069,269.086,-1,0,0,1,X,X,X,X,X,254:199:154:136:283:225:314:228:357:229:386:225
A,8070,269.118,-1,0,0,1,X,X,X,X,X,256:198:153:143:283:223:313:228:355:229:385:226
A,8071,269.15,-1,0,0,1,X,X,X,X,X,254:197:157:137:284:223:314:228:356:230:387:227
A,8072,269.182,-1,0,0,1,X,X,X,X,X,255:197:155:132:283:223:313:228:357:230:387:229
A,8073,269.214,-1,0,0,1,X,X,X,X,X,258:198:151:134:284:224:313:228:356:231:386:230
A,8074,269.246,-1,0,0,1,X,X,X,X,X,256:197:155:138:285:224:315:228:359:230:387:229
A,8075,269.278,-1,0,0,1,X,X,X,X,X,256:198:156:140:287:225:316:227:361:230:388:227
A,8076,269.31,-1,0,0,1,X,X,X,X,X,253:199:161:144:287:226:316:229:360:231:388:229
A,8077,269.342,-1,0,0,1,X,X,X,X,X,254:198:158:147:288:225:318:229:361:231:390:229
A,8078,269.374,-1,0,0,1,X,X,X,X,X,255:197:158:143:288:224:317:228:362:231:390:230
A,8079,269.406,-1,0,0,1,X,X,X,X,X,258:200:163:159:291:225:320:228:363:230:392:228
A,8080,269.438,-1,0,0,1,X,X,X,X,X,259:199:159:149:291:226:319:228:363:231:391:229
A,8081,269.47,-1,0,0,1,X,X,X,X,X,260:200:160:157:291:226:319:229:363:230:392:228
A,8082,269.518,-1,0,0,1,X,X,X,X,X,251:199:164:163:289:226:319:229:360:231:389:230
A,8083,269.55,-1,0,0,1,X,X,X,X,X,246:199:176:168:290:226:320:229:363:231:391:229
A,8084,269.595,-1,0,0,1,X,X,X,X,X,241:197:173:163:288:224:319:229:360:231:391:229
A,8085,269.615,-1,0,0,1,X,X,X,X,X,244:198:169:146:288:223:319:228:361:230:390:227
A,8086,269.646,-1,0,0,1,X,X,X,X,X,234:198:179:154:287:224:317:228:360:230:389:228
A,8087,269.678,-1,0,0,1,X,X,X,X,X,242:198:169:148:288:223:318:227:359:229:388:228
A,8088,269.71,-1,0,0,1,X,X,X,X,X,213:197:197:165:280:225:314:229:358:229:390:227
A,8089,269.742,-1,0,0,1,X,X,X,X,X,230:196:181:155:286:223:316:227:360:229:389:228
A,8090,269.774,-1,0,0,1,X,X,X,X,X,222:198:186:158:284:225:314:228:359:228:387:228
A,8091,269.806,-1,0,0,1,X,X,X,X,X,251:197:160:152:286:223:316:226:360:229:389:228
A,8092,269.838,-1,0,0,1,X,X,X,X,X,232:196:181:148:285:222:316:226:360:227:388:226
A,8093,269.87,-1,0,0,1,X,X,X,X,X,243:196:167:151:286:222:317:226:359:229:387:227
A,8094,269.918,-1,0,0,1,X,X,X,X,X,226:198:183:158:283:225:315:229:359:229:388:227
A,8095,269.95,-1,0,0,1,X,X,X,X,X,243:198:168:148:285:223:316:227:360:228:388:226
A,8096,269.982,-1,0,0,1,X,X,X,X,X,221:197:185:154:284:225:316:229:359:229:386:227
A,8097,270.014,-1,0,0,1,X,X,X,X,X,228:198:182:165:283:225:316:228:359:229:388:227
A,8098,270.046,-1,0,0,1,X,X,X,X,X,234:198:177:155:285:224:317:228:360:229:389:227
A,8099,270.078,-1,0,0,1,X,X,X,X,X,225:199:185:150:283:224:317:228:359:229:388:227
A,8100,270.11,-1,0,0,1,X,X,X,X,X,225:198:186:170:284:226:316:229:359:230:388:227
A,8101,270.142,-1,0,0,1,X,X,X,X,X,235:198:176:154:286:224:317:227:360:229:388:227
A,8102,270.174,-1,0,0,1,X,X,X,X,X,237:197:174:161:287:223:316:227:360:229:387:227
A,8103,270.206,-1,0,0,1,X,X,X,X,X,240:197:172:160:286:225:316:228:360:229:388:227
A,8104,270.238,-1,0,0,1,X,X,X,X,X,250:198:162:161:287:224:316:228:360:230:387:228
A,8105,270.27,-1,0,0,1,X,X,X,X,X,252:198:160:155:288:224:317:228:360:230:389:228
A,8106,270.318,-1,0,0,1,X,X,X,X,X,250:199:161:149:288:224:316:228:360:230:387:227
A,8107,270.35,-1,0,0,1,X,X,X,X,X,254:199:157:144:287:224:317:228:358:231:388:228
A,8108,270.382,-1,0,0,1,X,X,X,X,X,248:197:164:143:286:223:316:228:357:231:387:228
A,8109,270.414,-1,0,0,1,X,X,X,X,X,255:198:157:140:287:224:316:228:358:230:388:228
A,8110,270.446,-1,0,0,1,X,X,X,X,X,254:199:159:139:286:224:317:228:358:231:387:228
A,8111,270.478,-1,0,0,1,X,X,X,X,X,254:198:158:142:286:224:316:228:357:231:387:229
A,8112,270.51,-1,0,0,1,X,X,X,X,X,254:197:158:146:286:224:316:229:359:230:388:228
A,8113,270.542,-1,0,0,1,X,X,X,X,X,261:199:153:144:287:224:316:229:359:231:388:229
A,8114,270.574,-1,0,0,1,X,X,X,X,X,261:199:152:139:290:224:319:228:359:230:388:229
A,8115,270.606,-1,0,0,1,X,X,X,X,X,260:199:153:122:288:225:318:230:360:232:390:229
A,8116,270.638,-1,0,0,1,X,X,X,X,X,261:200:153:132:289:224:319:229:361:232:392:229
A,8117,270.67,-1,0,0,1,X,X,X,X,X,262:199:153:141:290:224:320:229:361:231:391:230
A,8118,270.702,-1,0,0,1,X,X,X,X,X,263:199:152:140:291:224:321:229:362:231:391:230
A,8119,270.75,-1,0,0,1,X,X,X,X,X,263:199:153:140:292:223:322:229:362:231:391:230
A,8120,270.782,-1,0,0,1,X,X,X,X,X,264:198:152:141:293:223:322:228:363:231:392:229
A,8121,270.814,-1,0,0,1,X,X,X,X,X,263:198:153:141:293:223:323:228:364:230:393:229
A,8122,270.846,-1,0,0,1,X,X,X,X,X,265:198:150:142:294:223:323:228:365:231:393:230
A,8123,270.878,-1,0,0,1,X,X,X,X,X,264:198:151:142:293:223:323:228:365:231:393:230
A,8124,270.91,-1,0,0,1,X,X,X,X,X,263:198:152:142:293:223:323:228:364:231:393:230
A,8125,270.942,-1,0,0,1,X,X,X,X,X,262:198:153:143:292:224:322:229:363:232:392:231
A,8126,270.974,-1,0,0,1,X,X,X,X,X,261:199:153:142:291:224:320:229:362:232:390:231
A,8127,271.006,-1,0,0,1,X,X,X,X,X,261:199:152:142:289:225:319:229:361:232:389:231
A,8128,271.038,-1,0,0,1,X,X,X,X,X,260:200:152:141:288:225:318:230:360:232:389:231
A,8129,271.07,-1,0,0,1,X,X,X,X,X,260:200:151:140:288:224:318:229:359:232:388:231
A,8130,271.102,-1,0,0,1,X,X,X,X,X,260:199:152:142:289:224:318:229:360:231:388:230
A,8131,271.15,-1,0,0,1,X,X,X,X,X,260:199:152:141:290:224:319:228:359:231:388:230
A,8132,271.182,63,1,0,1,X,X,X,X,X,261:199:151:141:289:225:319:229:360:232:390:230
A,8133,271.214,63,1,1,1,X,C,X,C,X,261:199:151:141:289:225:320:229:360:233:390:232
A,8134,271.246,63,1,1,1,X,C,X,C,X,261:198:152:142:289:225:319:229:361:232:391:231
A,8135,271.278,63,1,1,1,X,C,X,C,X,261:197:152:144:290:225:320:228:361:231:391:231
A,8136,271.31,63,1,1,1,X,C,X,C,X,261:197:152:143:290:224:320:228:361:231:391:230
A,8137,271.342,63,1,0,1,X,X,X,X,X,261:197:151:143:291:223:320:227:361:230:389:229
A,8138,271.374,63,1,0,1,X,X,X,X,X,261:196:151:144:291:221:319:226:360:229:388:227
A,8139,271.406,63,1,0,1,X,X,X,X,X,260:196:151:143:290:221:319:226:360:228:389:226
A,8140,271.438,-1,0,0,1,X,X,X,X,X,260:197:151:142:290:221:319:226:359:229:388:226
A,8141,271.47,-1,0,0,1,X,X,X,X,X,260:197:151:142:289:222:318:226:359:229:388:227
A,8142,271.502,-1,0,0,1,X,X,X,X,X,260:197:151:142:290:221:319:226:359:228:388:226
A,8143,271.55,-1,0,0,1,X,X,X,X,X,260:197:151:143:289:221:318:226:359:228:387:226
A,8144,271.582,-1,0,0,1,X,X,X,X,X,261:198:150:142:289:221:318:226:359:229:387:227
A,8145,271.614,-1,0,0,1,X,X,X,X,X,261:198:150:142:290:222:319:227:359:229:387:227
A,8146,271.646,-1,0,0,1,X,X,X,X,X,262:198:149:142:289:223:318:228:359:230:387:228
A,8147,271.678,-1,0,0,1,X,X,X,X,X,262:198:150:142:289:223:318:228:359:231:388:229
A,8148,271.71,-1,0,0,1,X,X,X,X,X,263:199:149:141:290:224:319:228:360:231:388:229
A,8149,271.742,-1,0,0,1,X,X,X,X,X,263:199:150:142:290:224:319:229:360:231:389:230
A,8150,271.774,-1,0,0,1,X,X,X,X,X,263:199:150:142:290:224:320:229:360:232:389:230
A,8151,271.806,-1,0,0,1,X,X,X,X,X,262:199:151:142:290:224:320:229:361:232:390:230
A,8152,271.838,-1,0,0,1,X,X,X,X,X,263:200:150:141:290:225:320:230:361:233:390:231
A,8153,271.87,-1,0,0,1,X,X,X,X,X,263:201:150:141:291:226:320:231:361:234:390:232
A,8154,271.902,-1,0,0,1,X,X,X,X,X,264:202:148:141:291:227:320:232:361:234:389:233
A,8155,271.934,-1,0,0,1,X,X,X,X,X,264:203:149:140:291:227:320:232:361:235:389:233
A,8156,271.982,-1,0,0,1,X,X,X,X,X,264:203:149:141:290:228:320:232:360:235:389:233
A,8157,272.014,-1,0,0,1,X,X,X,X,X,264:204:149:140:290:229:319:233:360:235:389:234
A,8158,272.046,-1,0,0,1,X,X,X,X,X,263:204:149:140:291:229:319:233:360:236:388:234
A,8159,272.078,-1,0,0,1,X,X,X,X,X,263:205:149:140:291:230:319:234:359:236:388:235
A,8160,272.11,-1,0,0,1,X,X,X,X,X,263:205:148:140:290:230:318:234:359:237:387:235
A,8161,272.142,-1,0,0,1,X,X,X,X,X,263:205:148:140:290:230:318:234:359:237:387:235
A,8162,272.174,-1,0,0,1,X,X,X,X,X,262:205:150:139:290:229:318:234:359:236:387:234
A,8163,272.206,-1,0,0,1,X,X,X,X,X,263:205:148:139:290:229:318:233:359:236:388:234
A,8164,272.238,-1,0,0,1,X,X,X,X,X,263:205:147:140:290:230:318:234:359:236:387:234
A,8165,272.27,-1,0,0,1,X,X,X,X,X,262:205:149:140:290:229:318:234:358:236:387:234
A,8166,272.302,-1,0,0,1,X,X,X,X,X,262:205:148:139:288:229:318:234:358:236:387:234
A,8167,272.334,-1,0,0,1,X,X,X,X,X,262:205:149:140:288:230:317:234:358:237:386:235
A,8168,272.382,-1,0,0,1,X,X,X,X,X,261:206:150:140:288:230:316:235:357:237:385:236
A,8169,272.414,-1,0,0,1,X,X,X,X,X,261:206:150:139:286:230:315:234:357:237:385:235
A,8170,272.446,-1,0,0,1,X,X,X,X,X,259:206:151:139:286:230:314:234:355:236:384:235
A,8171,272.478,-1,0,0,1,X,X,X,X,X,259:206:151:139:286:230:314:234:355:236:384:235
A,8172,272.51,-1,0,0,1,X,X,X,X,X,259:205:150:140:283:229:312:235:353:237:383:234
A,8173,272.542,-1,0,0,1,X,X,X,X,X,259:206:149:139:282:230:310:235:352:237:381:234
A,8174,272.574,-1,0,0,1,X,X,X,X,X,258:206:150:140:281:230:310:235:351:237:381:235
A,8175,272.606,-1,0,0,1,X,X,X,X,X,259:206:149:141:281:230:310:236:350:238:380:236
A,8176,272.638,-1,0,0,1,X,X,X,X,X,258:207:149:139:281:231:309:236:350:238:380:236
A,8177,272.67,-1,0,0,1,X,X,X,X,X,258:207:149:139:280:231:309:236:350:238:380:235
A,8178,272.702,-1,0,0,1,X,X,X,X,X,258:207:149:139:280:231:309:236:350:238:380:236
A,8179,272.734,-1,0,0,1,X,X,X,X,X,258:207:150:140:281:230:309:236:351:238:380:236
A,8180,272.766,-1,0,0,1,X,X,X,X,X,259:207:149:140:282:231:310:236:351:239:380:236
A,8181,272.814,-1,0,0,1,X,X,X,X,X,258:207:150:140:281:231:310:237:351:239:381:237
A,8182,272.846,-1,0,0,1,X,X,X,X,X,259:207:149:139:281:231:310:236:352:239:381:236
A,8183,272.878,-1,0,0,1,X,X,X,X,X,258:207:150:140:282:231:310:236:352:239:381:237
A,8184,272.919,-1,0,0,1,X,X,X,X,X,259:207:149:139:282:231:311:237:353:239:382:237
A,8185,272.942,-1,0,0,1,X,X,X,X,X,258:208:150:139:283:231:311:237:353:239:382:237
A,8186,272.974,-1,0,0,1,X,X,X,X,X,258:207:151:139:282:231:311:237:353:239:382:236
A,8187,273.006,-1,0,0,1,X,X,X,X,X,258:207:150:139:283:231:311:237:353:239:382:236
A,8188,273.038,-1,0,0,1,X,X,X,X,X,258:207:151:139:282:231:311:237:353:239:383:236
A,8189,273.07,-1,0,0,1,X,X,X,X,X,259:207:150:139:283:231:312:236:353:239:383:237
A,8190,273.102,-1,0,0,1,X,X,X,X,X,258:207:151:139:283:231:312:236:353:239:383:236
A,8191,273.134,-1,0,0,1,X,X,X,X,X,259:206:149:140:283:230:312:236:354:238:384:236
A,8192,273.166,-1,0,0,1,X,X,X,X,X,259:206:150:140:284:230:313:236:354:238:383:235
A,8193,273.214,-1,0,0,1,X,X,X,X,X,259:207:150:138:285:230:313:236:354:238:383:236
A,8194,273.246,-1,0,0,1,X,X,X,X,X,259:206:150:139:284:230:313:236:355:238:384:236
A,8195,273.278,-1,0,0,1,X,X,X,X,X,258:206:151:139:284:230:313:235:355:238:384:235
A,8196,273.31,-1,0,0,1,X,X,X,X,X,259:206:150:139:285:230:314:235:355:238:384:236
A,8197,273.342,-1,0,0,1,X,X,X,X,X,260:206:150:139:286:230:314:235:355:238:384:236
A,8198,273.374,-1,0,0,1,X,X,X,X,X,259:206:151:139:285:230:314:236:355:238:385:235
A,8199,273.406,-1,0,0,1,X,X,X,X,X,259:206:151:139:284:230:314:235:355:238:385:236
A,8200,273.438,-1,0,0,1,X,X,X,X,X,259:206:150:139:285:230:314:235:356:238:385:235
A,8201,273.47,-1,0,0,1,X,X,X,X,X,259:205:152:140:285:229:315:235:356:238:385:236
A,8202,273.502,-1,0,0,1,X,X,X,X,X,259:205:152:141:285:229:314:235:356:238:385:236
A,8203,273.534,-1,0,0,1,X,X,X,X,X,260:205:151:140:285:229:314:235:355:238:385:235
A,8204,273.566,-1,0,0,1,X,X,X,X,X,260:205:151:140:285:229:314:235:355:238:385:236
A,8205,273.614,-1,0,0,1,X,X,X,X,X,260:205:151:140:286:229:315:235:356:238:385:235
A,8206,273.646,-1,0,0,1,X,X,X,X,X,261:205:150:140:287:229:315:234:356:237:385:235
A,8207,273.678,-1,0,0,1,X,X,X,X,X,261:206:149:139:287:229:315:235:356:238:385:236
A,8208,273.71,-1,0,0,1,X,X,X,X,X,259:206:152:139:287:229:315:235:356:238:384:235
A,8209,273.742,-1,0,0,1,X,X,X,X,X,260:206:151:139:287:229:315:235:356:238:384:236
A,8210,273.774,-1,0,0,1,X,X,X,X,X,260:206:151:139:287:229:315:235:356:238:385:236
A,8211,273.806,-1,0,0,1,X,X,X,X,X,261:206:150:139:287:229:315:235:356:238:386:236
A,8212,273.838,-1,0,0,1,X,X,X,X,X,262:206:150:139:287:230:315:235:356:238:385:236
A,8213,273.87,-1,0,0,1,X,X,X,X,X,261:206:150:139:287:229:315:235:356:238:385:236
A,8214,273.902,-1,0,0,1,X,X,X,X,X,261:206:150:139:287:229:315:235:356:237:384:236
A,8215,273.934,-1,0,0,1,X,X,X,X,X,261:205:149:141:286:229:314:235:355:238:385:236
A,8216,273.966,-1,0,0,1,X,X,X,X,X,261:206:150:139:285:229:314:235:356:238:385:236
A,8217,273.998,-1,0,0,1,X,X,X,X,X,261:206:149:140:286:229:315:235:355:238:384:236
A,8218,274.078,-1,0,0,1,X,X,X,X,X,260:206:150:139:285:229:314:235:355:238:384:236
A,8219,274.11,64,1,0,1,X,X,X,X,X,260:206:150:140:285:230:314:235:355:238:385:237
A,8220,274.142,64,1,1,1,X,C,X,C,X,260:205:151:140:284:231:314:236:355:239:386:238
A,8221,274.174,64,1,1,1,X,C,X,C,X,260:205:151:140:284:231:314:236:355:239:385:238
A,8222,274.206,64,1,0,1,X,X,X,X,X,260:205:150:140:284:230:314:235:355:239:386:238
A,8223,274.238,64,1,0,1,X,X,X,X,X,261:205:149:140:285:230:314:235:355:238:386:237
A,8224,274.27,64,1,0,1,X,X,X,X,X,261:205:149:139:285:229:314:235:356:238:386:237
A,8225,274.302,64,1,0,1,X,X,X,X,X,261:205:148:140:286:229:315:234:354:237:383:236
A,8226,274.334,-1,0,0,1,X,X,X,X,X,261:205:148:140:286:229:315:234:355:237:384:236
A,8227,274.366,-1,0,0,1,X,X,X,X,X,261:205:148:139:286:229:315:234:355:237:384:235
A,8228,274.398,-1,0,0,1,X,X,X,X,X,261:205:150:140:286:229:314:234:355:237:385:235
A,8229,274.446,-1,0,0,1,X,X,X,X,X,261:205:149:140:286:229:315:234:355:237:384:235
A,8230,274.478,-1,0,0,1,X,X,X,X,X,260:205:150:139:285:229:314:234:355:237:385:235
A,8231,274.51,-1,0,0,1,X,X,X,X,X,259:205:151:140:284:229:314:234:354:237:384:235
A,8232,274.542,-1,0,0,1,X,X,X,X,X,260:205:150:139:285:229:313:234:355:237:383:235
A,8233,274.574,-1,0,0,1,X,X,X,X,X,260:205:150:140:285:229:313:234:354:237:383:235
A,8234,274.606,-1,0,0,1,X,X,X,X,X,260:206:149:139:286:229:314:235:355:237:384:235
A,8235,274.638,-1,0,0,1,X,X,X,X,X,259:205:151:140:285:230:314:235:355:237:384:236
A,8236,274.67,-1,0,0,1,X,X,X,X,X,260:206:150:138:285:230:314:234:355:237:383:236
A,8237,274.702,-1,0,0,1,X,X,X,X,X,260:205:150:140:285:229:314:235:355:238:384:235
A,8238,274.734,-1,0,0,1,X,X,X,X,X,260:206:150:139:285:229:314:235:355:238:384:236
A,8239,274.766,-1,0,0,1,X,X,X,X,X,261:206:149:139:286:230:314:235:355:238:384:236
A,8240,274.798,-1,0,0,1,X,X,X,X,X,261:206:150:139:286:230:314:235:356:238:385:236
A,8241,274.846,-1,0,0,1,X,X,X,X,X,260:206:151:139:286:230:315:235:356:238:385:236
A,8242,274.878,-1,0,0,1,X,X,X,X,X,260:206:150:139:286:230:315:235:356:238:385:236
A,8243,274.91,-1,0,0,1,X,X,X,X,X,260:206:151:139:286:230:314:235:356:238:385:236
A,8244,274.942,-1,0,0,1,X,X,X,X,X,261:205:149:140:286:230:315:235:356:238:385:236
A,8245,274.974,-1,0,0,1,X,X,X,X,X,261:206:150:139:287:230:315:235:356:238:385:236
A,8246,275.006,-1,0,0,1,X,X,X,X,X,261:206:150:139:287:230:315:235:356:238:385:236
A,8247,275.038,-1,0,0,1,X,X,X,X,X,260:206:151:139:286:230:315:235:356:238:385:236
A,8248,275.07,-1,0,0,1,X,X,X,X,X,261:205:150:140:287:229:315:235:356:237:384:236
A,8249,275.102,-1,0,0,1,X,X,X,X,X,260:206:150:138:286:230:315:235:356:237:385:236
A,8250,275.134,-1,0,0,1,X,X,X,X,X,260:205:151:140:286:229:315:235:356:238:386:236
A,8251,275.166,-1,0,0,1,X,X,X,X,X,260:205:151:139:287:229:315:235:356:238:385:236
A,8252,275.198,-1,0,0,1,X,X,X,X,X,260:205:151:140:286:229:315:235:357:238:385:236
A,8253,275.23,-1,0,0,1,X,X,X,X,X,259:206:152:139:287:230:315:235:356:238:386:236
A,8254,275.278,-1,0,0,1,X,X,X,X,X,261:206:150:139:287:229:315:235:356:238:385:236
A,8255,275.309,-1,0,0,1,X,X,X,X,X,260:205:151:140:286:229:315:235:357:238:386:236
A,8256,275.342,-1,0,0,1,X,X,X,X,X,260:205:151:140:287:229:315:235:357:238:386:236
A,8257,275.373,-1,0,0,1,X,X,X,X,X,261:206:150:139:287:230:315:235:357:238:385:236
A,8258,275.406,-1,0,0,1,X,X,X,X,X,260:206:151:139:286:230:315:235:357:238:386:236
A,8259,275.438,-1,0,0,1,X,X,X,X,X,260:205:151:140:287:229:316:235:357:238:386:236
A,8260,275.47,-1,0,0,1,X,X,X,X,X,259:205:152:140:286:230:315:235:357:238:386:236
A,8261,275.502,-1,0,0,1,X,X,X,X,X,259:205:152:140:286:230:315:235:357:238:386:236
A,8262,275.534,-1,0,0,1,X,X,X,X,X,261:206:150:139:286:230:315:235:357:238:386:236
A,8263,275.566,-1,0,0,1,X,X,X,X,X,261:205:151:139:287:229:315:235:356:238:385:236
A,8264,275.598,-1,0,0,1,X,X,X,X,X,261:206:150:139:287:229:315:234:356:237:385:235
A,8265,275.63,-1,0,0,1,X,X,X,X,X,261:206:150:139:288:229:315:234:357:237:384:236
A,8266,275.678,-1,0,0,1,X,X,X,X,X,261:206:150:138:288:229:315:234:357:237:385:235
A,8267,275.71,-1,0,0,1,X,X,X,X,X,261:205:150:139:286:229:315:234:357:237:386:235
A,8268,275.742,-1,0,0,1,X,X,X,X,X,260:204:151:140:287:228:315:234:357:237:386:234
A,8269,275.774,-1,0,0,1,X,X,X,X,X,261:205:150:139:288:228:315:233:357:236:384:234
A,8270,275.806,-1,0,0,1,X,X,X,X,X,262:204:148:140:287:228:315:233:356:236:384:234
A,8271,275.838,-1,0,0,1,X,X,X,X,X,260:204:151:140:286:227:315:233:356:236:385:234
A,8272,275.87,-1,0,0,1,X,X,X,X,X,261:203:149:140:287:227:315:233:356:236:384:233
A,8273,275.902,-1,0,0,1,X,X,X,X,X,261:204:149:139:287:227:315:233:356:236:384:233
A,8274,275.934,65,1,0,1,X,X,X,X,X,261:203:149:140:287:227:315:233:356:235:385:234
A,8275,275.966,65,1,0,1,X,X,X,C,X,260:203:150:140:287:228:316:233:356:236:386:235
A,8276,275.998,65,1,1,1,X,C,X,C,X,261:203:150:140:287:228:316:233:356:236:386:235
A,8277,276.03,65,1,0,1,X,X,X,C,X,261:203:150:140:287:227:316:232:356:236:386:235
A,8278,276.077,65,1,0,1,X,X,X,X,X,261:203:150:140:288:227:316:232:357:235:385:233
A,8279,276.109,65,1,0,1,X,X,X,X,X,261:203:150:140:288:226:316:232:357:235:385:232
A,8280,276.141,-1,0,0,1,X,X,X,X,X,261:202:150:141:288:226:316:231:357:234:385:232
A,8281,276.173,-1,0,0,1,X,X,X,X,X,261:203:149:140:288:226:316:232:357:234:385:232
A,8282,276.206,-1,0,0,1,X,X,X,X,X,261:203:149:139:289:226:316:231:357:234:385:232
A,8283,276.238,-1,0,0,1,X,X,X,X,X,261:202:150:140:288:226:316:232:357:234:385:231
A,8284,276.27,-1,0,0,1,X,X,X,X,X,261:203:149:140:289:226:316:232:357:234:385:231
A,8285,276.302,-1,0,0,1,X,X,X,X,X,262:203:149:140:288:226:316:232:357:234:385:232
A,8286,276.334,-1,0,0,1,X,X,X,X,X,261:203:150:140:288:226:316:231:357:234:385:232
A,8287,276.366,-1,0,0,1,X,X,X,X,X,262:203:148:139:288:226:316:232:357:235:385:233
A,8288,276.398,-1,0,0,1,X,X,X,X,X,261:203:150:139:287:227:316:232:357:235:386:233
A,8289,276.43,-1,0,0,1,X,X,X,X,X,261:202:151:141:287:226:316:232:357:235:386:232
A,8290,276.462,-1,0,0,1,X,X,X,X,X,261:202:150:140:288:226:316:232:357:235:386:232
A,8291,276.51,-1,0,0,1,X,X,X,X,X,261:203:150:139:288:226:316:232:357:235:386:233
A,8292,276.542,-1,0,0,1,X,X,X,X,X,261:203:150:140:288:227:316:232:357:235:386:233
A,8293,276.574,-1,0,0,1,X,X,X,X,X,261:203:150:140:288:227:316:232:357:235:386:233
A,8294,276.606,-1,0,0,1,X,X,X,X,X,260:203:151:140:287:227:316:232:357:235:386:233
A,8295,276.638,-1,0,0,1,X,X,X,X,X,261:203:150:140:288:227:317:232:357:235:386:233
A,8296,276.67,-1,0,0,1,X,X,X,X,X,260:203:151:140:288:227:317:232:357:235:386:233
A,8297,276.702,-1,0,0,1,X,X,X,X,X,260:203:151:140:288:227:316:232:357:235:387:233
A,8298,276.734,-1,0,0,1,X,X,X,X,X,261:203:150:140:288:227:317:232:357:235:386:233
A,8299,276.766,-1,0,0,1,X,X,X,X,X,261:203:150:140:288:227:317:232:358:235:387:233
A,8300,276.797,-1,0,0,1,X,X,X,X,X,262:203:149:140:288:227:317:232:357:235:386:233
A,8301,276.83,-1,0,0,1,X,X,X,X,X,260:203:151:140:288:227:317:232:357:235:386:233
A,8302,276.862,66,1,0,1,X,X,X,X,X,262:203:148:139:287:228:316:233:357:236:386:234
A,8303,276.91,66,1,1,1,X,C,X,C,X,262:203:149:141:288:229:317:233:356:236:387:236
A,8304,276.942,66,1,1,1,X,C,X,C,X,260:203:151:140:288:231:317:234:356:237:386:236
A,8305,276.974,66,1,1,1,X,C,X,C,X,261:203:150:140:287:230:316:234:356:236:387:236
A,8306,277.006,66,1,1,1,X,C,X,C,X,260:203:151:140:287:230:317:233:356:236:387:236
A,8307,277.038,66,1,1,1,X,C,X,C,X,261:202:151:141:287:230:317:233:357:237:388:237
A,8308,277.07,66,1,1,1,X,C,X,C,X,261:203:150:140:287:229:316:233:357:236:388:235
A,8309,277.102,66,1,0,1,X,X,X,X,X,261:203:150:140:286:228:316:233:357:236:387:235
A,8310,277.134,66,1,0,1,X,X,X,X,X,260:203:152:140:286:228:316:233:357:236:387:234
A,8311,277.166,66,1,0,1,X,X,X,X,X,260:203:151:140:286:228:316:233:357:236:387:234
A,8312,277.198,-1,0,0,1,X,X,X,X,X,261:204:150:139:287:228:315:232:357:235:386:234
A,8313,277.23,-1,0,0,1,X,X,X,X,X,261:203:150:140:287:228:316:233:356:236:386:234
A,8314,277.262,-1,0,0,1,X,X,X,X,X,262:203:149:139:287:228:316:233:357:236:386:234
A,8315,277.294,-1,0,0,1,X,X,X,X,X,261:204:151:139:287:228:316:233:356:236:386:234
A,8316,277.342,-1,0,0,1,X,X,X,X,X,261:204:150:138:287:228:316:233:357:236:386:234
A,8317,277.374,-1,0,0,1,X,X,X,X,X,261:203:150:140:287:228:316:233:356:235:386:234
A,8318,277.406,-1,0,0,1,X,X,X,X,X,261:204:150:138:287:228:316:233:357:235:387:234
A,8319,277.438,-1,0,0,1,X,X,X,X,X,261:203:150:139:287:228:316:232:357:235:386:234
A,8320,277.47,-1,0,0,1,X,X,X,X,X,261:203:151:139:287:228:316:233:357:235:387:234
A,8321,277.502,-1,0,0,1,X,X,X,X,X,261:203:150:140:287:227:316:232:357:235:386:234
A,8322,277.534,-1,0,0,1,X,X,X,X,X,260:203:152:140:287:227:315:232:357:235:386:234
A,8323,277.566,-1,0,0,1,X,X,X,X,X,261:203:150:140:286:227:316:233:357:235:386:234
A,8324,277.597,-1,0,0,1,X,X,X,X,X,261:204:151:139:288:227:316:232:357:235:385:234
A,8325,277.63,-1,0,0,1,X,X,X,X,X,261:204:150:139:287:227:316:232:357:235:386:234
A,8326,277.662,-1,0,0,1,X,X,X,X,X,261:203:150:140:286:227:316:233:357:235:386:234
A,8327,277.694,-1,0,0,1,X,X,X,X,X,261:204:151:139:287:228:316:233:357:235:386:234
A,8328,277.742,-1,0,0,1,X,X,X,X,X,261:204:150:138:287:227:316:232:357:235:386:234
A,8329,277.774,-1,0,0,1,X,X,X,X,X,261:204:151:139:288:227:317:233:357:235:386:234
A,8330,277.806,-1,0,0,1,X,X,X,X,X,261:204:151:139:288:228:316:233:357:235:386:234
A,8331,277.837,-1,0,0,1,X,X,X,X,X,261:204:150:138:288:227:317:233:357:235:386:233
A,8332,277.87,-1,0,0,1,X,X,X,X,X,260:203:151:140:288:227:317:233:357:235:386:234
A,8333,277.901,-1,0,0,1,X,X,X,X,X,261:203:150:140:289:227:317:233:358:236:386:234
A,8334,277.934,-1,0,0,1,X,X,X,X,X,261:204:151:139:289:228:317:233:358:236:386:234
A,8335,277.966,-1,0,0,1,X,X,X,X,X,262:203:149:140:288:227:316:232:358:235:387:234
A,8336,277.998,-1,0,0,1,X,X,X,X,X,262:203:149:139:288:228:316:233:358:235:386:234
A,8337,278.03,-1,0,0,1,X,X,X,X,X,261:203:150:140:288:228:317:232:358:235:387:234
A,8338,278.062,-1,0,0,1,X,X,X,X,X,262:203:149:140:288:228:317:233:358:236:388:234
A,8339,278.094,-1,0,0,1,X,X,X,X,X,261:203:151:140:289:228:317:233:358:236:387:235
A,8340,278.141,-1,0,0,1,X,X,X,X,X,260:204:152:139:288:228:317:233:358:236:387:234
A,8341,278.174,-1,0,0,1,X,X,X,X,X,261:204:150:139:289:228:317:232:358:235:386:234
A,8342,278.206,-1,0,0,1,X,X,X,X,X,261:204:150:139:288:228:316:232:358:236:387:234
A,8343,278.238,-1,0,0,1,X,X,X,X,X,261:204:151:139:289:228:317:233:358:236:387:235
A,8344,278.27,-1,0,0,1,X,X,X,X,X,261:204:150:139:288:228:317:233:358:236:386:235
A,8345,278.302,-1,0,0,1,X,X,X,X,X,262:204:149:139:288:228:316:233:358:236:387:234
A,8346,278.334,-1,0,0,1,X,X,X,X,X,262:204:149:139:288:228:317:233:358:236:387:235
A,8347,278.366,-1,0,0,1,X,X,X,X,X,261:203:150:141:288:228:317:233:358:236:387:235
A,8348,278.398,-1,0,0,1,X,X,X,X,X,261:204:151:139:288:228:317:233:358:236:387:234
A,8349,278.429,-1,0,0,1,X,X,X,X,X,261:204:150:139:289:227:317:233:358:236:387:234
A,8350,278.462,-1,0,0,1,X,X,X,X,X,262:204:150:138:288:227:317:233:358:236:387:234
A,8351,278.494,-1,0,0,1,X,X,X,X,X,260:204:151:139:288:228:317:233:358:236:387:235
A,8352,278.526,-1,0,0,1,X,X,X,X,X,261:203:150:140:288:227:317:233:359:236:387:234
A,8353,278.574,-1,0,0,1,X,X,X,X,X,261:204:151:139:288:228:317:233:358:236:387:235
A,8354,278.606,-1,0,0,1,X,X,X,X,X,261:204:151:139:288:228:317:233:358:236:387:234
A,8355,278.638,-1,0,0,1,X,X,X,X,X,261:204:151:139:288:228:316:233:358:236:387:235
A,8356,278.67,-1,0,0,1,X,X,X,X,X,261:204:151:139:288:227:317:233:358:236:387:234
A,8357,278.701,-1,0,0,1,X,X,X,X,X,261:203:150:139:288:227:317:233:358:236:387:234
A,8358,278.734,-1,0,0,1,X,X,X,X,X,261:204:150:139:288:228:317:233:358:236:387:234
A,8359,278.766,-1,0,0,1,X,X,X,X,X,261:204:151:139:288:228:317:232:358:235:387:234
A,8360,278.798,-1,0,0,1,X,X,X,X,X,261:203:151:140:288:228:317:233:358:236:387:234
A,8361,278.83,-1,0,0,1,X,X,X,X,X,262:203:150:140:288:228:317:233:358:236:387:234
A,8362,278.862,-1,0,0,1,X,X,X,X,X,262:203:150:140:288:228:317:233:358:236:387:234
A,8363,278.894,-1,0,0,1,X,X,X,X,X,261:204:150:139:288:228:316:233:357:236:386:234
A,8364,278.926,-1,0,0,1,X,X,X,X,X,262:204:149:139:289:227:317:233:357:236:385:234
A,8365,278.973,-1,0,0,1,X,X,X,X,X,261:203:150:141:288:228:316:233:357:236:386:234
A,8366,279.006,-1,0,0,1,X,X,X,X,X,262:204:149:140:288:228:317:233:357:236:386:235
A,8367,279.038,-1,0,0,1,X,X,X,X,X,262:204:149:139:288:228:317:233:357:236:386:234
A,8368,279.07,-1,0,0,1,X,X,X,X,X,261:204:150:139:288:228:316:233:357:236:386:234
A,8369,279.102,-1,0,0,1,X,X,X,X,X,261:204:150:139:288:228:317:233:357:236:386:234
A,8370,279.134,-1,0,0,1,X,X,X,X,X,261:204:150:139:288:228:316:233:357:236:386:234
A,8371,279.166,-1,0,0,1,X,X,X,X,X,262:204:149:139:289:228:317:233:358:236:386:235
A,8372,279.198,-1,0,0,1,X,X,X,X,X,261:204:150:139:288:228:317:233:358:236:387:234
A,8373,279.23,-1,0,0,1,X,X,X,X,X,261:204:151:139:288:228:317:233:358:236:387:234
A,8374,279.262,-1,0,0,1,X,X,X,X,X,260:204:152:139:289:228:317:233:358:236:387:234
A,8375,279.294,-1,0,0,1,X,X,X,X,X,261:204:151:139:289:228:317:233:358:236:387:234
A,8376,279.326,-1,0,0,1,X,X,X,X,X,260:204:151:139:288:228:317:233:358:236:387:234
A,8377,279.374,-1,0,0,1,X,X,X,X,X,261:204:151:138:289:228:317:233:358:236:386:234
A,8378,279.406,-1,0,0,1,X,X,X,X,X,261:204:151:139:289:228:317:233:358:236:386:234
A,8379,279.438,-1,0,0,1,X,X,X,X,X,261:204:151:139:289:227:318:233:358:236:387:233
A,8380,279.47,-1,0,0,1,X,X,X,X,X,261:204:151:139:289:227:318:233:358:236:387:233
A,8381,279.501,-1,0,0,1,X,X,X,X,X,261:204:150:139:289:228:317:233:358:236:387:234
A,8382,279.534,-1,0,0,1,X,X,X,X,X,261:204:150:139:289:228:317:233:358:236:387:234
A,8383,279.566,-1,0,0,1,X,X,X,X,X,261:204:150:139:289:228:317:233:359:236:387:234
A,8384,279.597,-1,0,0,1,X,X,X,X,X,261:204:151:139:289:228:317:233:359:236:388:234
A,8385,279.63,-1,0,0,1,X,X,X,X,X,262:204:150:139:289:228:317:233:359:236:388:234
A,8386,279.662,-1,0,0,1,X,X,X,X,X,261:204:150:139:288:228:317:233:358:236:387:234
A,8387,279.694,-1,0,0,1,X,X,X,X,X,261:204:151:139:289:228:318:233:359:236:388:234
A,8388,279.726,-1,0,0,1,X,X,X,X,X,261:204:151:139:289:228:317:233:359:236:388:234
A,8389,279.758,-1,0,0,1,X,X,X,X,X,262:204:150:139:289:228:317:233:359:236:387:235
A,8390,279.806,-1,0,0,1,X,X,X,X,X,261:204:151:139:289:228:318:233:359:236:388:234
A,8391,279.837,-1,0,0,1,X,X,X,X,X,261:204:151:139:289:228:317:233:359:236:387:234
A,8392,279.869,-1,0,0,1,X,X,X,X,X,262:204:150:139:289:228:317:233:359:236:387:234
A,8393,279.901,-1,0,0,1,X,X,X,X,X,261:204:151:139:289:228:317:233:359:236:387:234
A,8394,279.934,-1,0,0,1,X,X,X,X,X,260:204:152:139:288:227:318:233:359:236:388:234
A,8395,279.969,-1,0,0,1,X,X,X,X,X,260:204:153:139:288:228:317:233:359:236:388:234
A,8396,279.998,-1,0,0,1,X,X,X,X,X,261:204:151:139:288:228:317:233:358:236:388:234
A,8397,280.03,-1,0,0,1,X,X,X,X,X,260:204:152:138:288:227:317:233:359:236:388:234
A,8398,280.061,-1,0,0,1,X,X,X,X,X,261:203:151:139:289:227:318:233:358:236:387:234
A,8399,280.094,-1,0,0,1,X,X,X,X,X,261:204:151:139:288:228:317:233:359:236:387:234
A,8400,280.125,-1,0,0,1,X,X,X,X,X,262:204:150:139:288:228:317:233:358:236:387:234
A,8401,280.158,-1,0,0,1,X,X,X,X,X,262:204:150:139:288:228:317:233:359:236:387:235
A,8402,280.206,-1,0,0,1,X,X,X,X,X,262:204:150:139:288:228:316:233:358:236:387:235
A,8403,280.238,-1,0,0,1,X,X,X,X,X,260:204:152:139:288:228:317:233:358:236:386:234
A,8404,280.27,-1,0,0,1,X,X,X,X,X,261:204:150:139:288:228:316:233:358:236:386:235
A,8405,280.302,-1,0,0,1,X,X,X,X,X,262:204:149:139:288:228:317:233:358:236:386:234
A,8406,280.333,-1,0,0,1,X,X,X,X,X,262:204:150:139:288:228:317:233:357:236:386:234
A,8407,280.366,-1,0,0,1,X,X,X,X,X,261:204:150:140:287:228:316:233:358:236:387:234
A,8408,280.397,-1,0,0,1,X,X,X,X,X,262:204:149:139:288:228:317:233:358:236:387:234
A,8409,280.43,-1,0,0,1,X,X,X,X,X,261:204:151:139:288:228:317:233:358:236:386:234
A,8410,280.462,-1,0,0,1,X,X,X,X,X,261:204:150:138:288:228:316:233:358:236:387:234
A,8411,280.494,-1,0,0,1,X,X,X,X,X,261:203:150:139:288:228:316:233:358:236:386:234
A,8412,280.526,-1,0,0,1,X,X,X,X,X,261:204:150:138:288:228:317:233:358:236:386:234
A,8413,280.558,-1,0,0,1,X,X,X,X,X,261:203:150:140:288:227:317:233:358:235:386:234
A,8414,280.605,-1,0,0,1,X,X,X,X,X,262:203:149:140:288:227:317:232:358:235:387:234
A,8415,280.638,-1,0,0,1,X,X,X,X,X,261:204:151:139:288:228:317:233:358:236:387:234
A,8416,280.67,-1,0,0,1,X,X,X,X,X,261:203:150:139:288:228:316:233:357:235:386:233
A,8417,280.702,-1,0,0,1,X,X,X,X,X,261:204:151:138:289:227:317:233:358:236:386:233
A,8418,280.733,-1,0,0,1,X,X,X,X,X,261:203:150:139:288:227:317:232:357:235:386:234
A,8419,280.766,-1,0,0,1,X,X,X,X,X,260:204:151:138:288:227:317:233:357:236:386:233
A,8420,280.798,-1,0,0,1,X,X,X,X,X,260:203:151:139:288:227:317:232:357:236:387:233
A,8421,280.83,-1,0,0,1,X,X,X,X,X,261:203:150:139:288:227:316:232:357:235:386:233
A,8422,280.862,-1,0,0,1,X,X,X,X,X,261:203:150:138:288:227:316:232:357:235:386:233
A,8423,280.894,-1,0,0,1,X,X,X,X,X,261:204:150:138:288:227:316:232:358:235:386:233
A,8424,280.926,-1,0,0,1,X,X,X,X,X,260:204:151:138:288:227:316:232:357:235:385:233
A,8425,280.958,-1,0,0,1,X,X,X,X,X,260:203:151:139:287:227:316:232:357:235:386:233
A,8426,280.99,-1,0,0,1,X,X,X,X,X,261:204:150:138:287:227:316:232:357:235:386:233
A,8427,281.037,-1,0,0,1,X,X,X,X,X,261:204:150:138:287:227:316:232:357:235:386:233
A,8428,281.069,-1,0,0,1,X,X,X,X,X,261:203:151:140:288:227:317:233:357:235:386:233
A,8429,281.101,-1,0,0,1,X,X,X,X,X,262:204:149:138:288:227:316:232:357:235:386:233
A,8430,281.133,-1,0,0,1,X,X,X,X,X,261:204:151:138:288:227:316:233:357:235:386:233
A,8431,281.166,-1,0,0,1,X,X,X,X,X,262:204:149:138:288:227:316:232:357:235:385:233
A,8432,281.198,-1,0,0,1,X,X,X,X,X,261:204:150:139:287:227:316:232:357:235:386:234
A,8433,281.23,-1,0,0,1,X,X,X,X,X,261:204:150:138:288:227:316:232:357:235:385:233
A,8434,281.262,-1,0,0,1,X,X,X,X,X,262:203:150:140:288:227:316:232:357:235:386:233
A,8435,281.294,-1,0,0,1,X,X,X,X,X,262:204:149:139:288:227:316:232:358:235:386:233
A,8436,281.326,-1,0,0,1,X,X,X,X,X,262:203:149:140:289:227:317:233:358:236:387:234
A,8437,281.358,-1,0,0,1,X,X,X,X,X,262:204:149:139:289:228:317:233:358:236:386:234
A,8438,281.39,-1,0,0,1,X,X,X,X,X,262:204:149:139:288:227:317:233:358:236:386:234
A,8439,281.438,-1,0,0,1,X,X,X,X,X,262:204:150:139:288:228:317:233:358:236:387:234
A,8440,281.469,-1,0,0,1,X,X,X,X,X,261:204:150:138:288:227:317:233:358:236:387:234
A,8441,281.502,-1,0,0,1,X,X,X,X,X,261:204:151:138:288:227:317:233:358:236:387:233
A,8442,281.534,-1,0,0,1,X,X,X,X,X,261:204:151:139:289:227:317:233:358:236:386:234
A,8443,281.566,-1,0,0,1,X,X,X,X,X,261:204:151:138:289:228:317:233:358:236:387:234
A,8444,281.598,-1,0,0,1,X,X,X,X,X,261:204:150:139:289:228:317:233:358:235:386:234
A,8445,281.629,-1,0,0,1,X,X,X,X,X,261:203:151:140:288:227:317:233:358:236:387:234
A,8446,281.662,-1,0,0,1,X,X,X,X,X,261:203:151:140:288:227:317:233:358:236:387:234
A,8447,281.694,-1,0,0,1,X,X,X,X,X,260:204:152:138:288:227:317:233:358:236:387:234
A,8448,281.726,-1,0,0,1,X,X,X,X,X,260:204:152:138:288:227:317:233:358:236:387:234
A,8449,281.758,-1,0,0,1,X,X,X,X,X,260:204:152:139:288:228:317:233:358:236:387:234
A,8450,281.79,-1,0,0,1,X,X,X,X,X,261:204:150:139:288:228:317:233:358:236:387:234
A,8451,281.838,-1,0,0,1,X,X,X,X,X,261:204:150:139:289:228:317:233:358:236:387:234
A,8452,281.869,-1,0,0,1,X,X,X,X,X,260:204:151:139:288:228:317:233:358:236:387:234
A,8453,281.902,-1,0,0,1,X,X,X,X,X,261:204:150:139:288:228:317:233:358:236:387:234
A,8454,281.934,-1,0,0,1,X,X,X,X,X,261:204:150:139:288:228:317:233:358:236:387:234
A,8455,281.966,-1,0,0,1,X,X,X,X,X,261:204:150:138:288:227:317:233:358:236:387:234
A,8456,281.997,-1,0,0,1,X,X,X,X,X,261:204:151:139:288:227:317:233:358:235:387:233
A,8457,282.03,-1,0,0,1,X,X,X,X,X,261:203:151:140:288:227:317:233:358:236:387:234
A,8458,282.062,-1,0,0,1,X,X,X,X,X,262:204:149:139:289:228:317:233:358:236:387:234
A,8459,282.094,-1,0,0,1,X,X,X,X,X,261:204:150:139:288:227:317:233:358:235:387:234
A,8460,282.125,-1,0,0,1,X,X,X,X,X,262:203:150:140:288:228:317:233:358:236:387:234
A,8461,282.158,-1,0,0,1,X,X,X,X,X,263:203:149:140:288:227:317:233:358:236:387:234
A,8462,282.19,67,1,0,1,X,X,X,X,X,262:203:149:139:288:228:317:233:357:237:386:236
A,8463,282.222,67,1,1,1,X,C,X,C,X,261:203:150:139:287:229:317:233:357:237:388:236
A,8464,282.269,67,1,1,1,X,C,X,C,X,262:203:151:140:288:229:317:234:356:237:387:236
A,8465,282.302,67,1,1,1,X,C,X,C,X,261:203:151:140:288:229:316:233:357:237:387:236
A,8466,282.333,67,1,1,1,X,C,X,C,X,261:203:151:140:288:229:317:232:359:236:389:236
A,8467,282.365,67,1,0,1,X,X,X,X,X,262:203:150:140:288:228:317:232:358:236:387:235
A,8468,282.398,67,1,0,1,X,X,X,X,X,260:203:152:140:288:228:317:232:358:235:387:234
A,8469,282.429,67,1,0,1,X,X,X,X,X,260:203:152:139:288:227:316:232:358:235:386:234
A,8470,282.462,67,1,0,1,X,X,X,X,X,261:204:150:139:289:227:317:232:358:235:386:234
A,8471,282.494,-1,0,0,1,X,X,X,X,X,262:203:149:139:289:227:317:232:358:235:386:234
A,8472,282.525,-1,0,0,1,X,X,X,X,X,262:203:149:140:288:227:317:232:358:235:386:233
A,8473,282.557,-1,0,0,1,X,X,X,X,X,262:203:149:139:289:227:317:232:358:235:386:234
A,8474,282.589,-1,0,0,1,X,X,X,X,X,260:203:151:140:289:227:317:232:358:235:386:233
A,8475,282.622,-1,0,0,1,X,X,X,X,X,261:203:150:139:288:227:317:232:358:235:386:233
A,8476,282.67,-1,0,0,1,X,X,X,X,X,262:203:149:140:289:227:317:232:358:235:386:234
A,8477,282.702,-1,0,0,1,X,X,X,X,X,262:204:149:139:289:227:317:232:358:235:387:233
A,8478,282.733,-1,0,0,1,X,X,X,X,X,261:203:150:139:289:227:317:232:358:235:387:233
A,8479,282.765,-1,0,0,1,X,X,X,X,X,261:204:150:139:290:226:317:232:358:235:386:233
A,8480,282.797,-1,0,0,1,X,X,X,X,X,262:203:150:140:290:227:317:232:359:235:386:233
A,8481,282.829,-1,0,0,1,X,X,X,X,X,262:203:149:139:288:227:317:232:358:235:387:233
A,8482,282.862,-1,0,0,1,X,X,X,X,X,262:203:149:140:289:227:317:232:358:235:387:233
A,8483,282.893,-1,0,0,1,X,X,X,X,X,263:203:148:139:289:227:318:232:358:235:386:233
A,8484,282.926,-1,0,0,1,X,X,X,X,X,263:203:148:139:289:226:317:231:358:234:387:233
A,8485,282.958,-1,0,0,1,X,X,X,X,X,262:202:149:140:289:226:317:231:358:234:386:232
A,8486,282.989,-1,0,0,1,X,X,X,X,X,263:202:148:141:289:226:317:231:358:234:386:233
A,8487,283.022,-1,0,0,1,X,X,X,X,X,262:203:149:139:288:227:316:232:358:234:386:233
A,8488,283.054,-1,0,0,1,X,X,X,X,X,262:203:149:138:289:226:317:231:357:234:386:232
A,8489,283.102,-1,0,0,1,X,X,X,X,X,262:202:149:140:289:226:317:231:358:234:386:232
A,8490,283.134,-1,0,0,1,X,X,X,X,X,262:202:149:140:289:226:317:231:357:234:386:232
A,8491,283.166,-1,0,0,1,X,X,X,X,X,261:203:150:139:288:226:317:231:357:234:386:232
A,8492,283.197,-1,0,0,1,X,X,X,X,X,262:202:149:139:288:226:317:231:358:234:386:232
A,8493,283.23,-1,0,0,1,X,X,X,X,X,262:202:149:140:288:226:317:231:357:234:386:232
A,8494,283.262,-1,0,0,1,X,X,X,X,X,263:202:148:140:288:226:316:231:357:234:386:232
A,8495,283.293,-1,0,0,1,X,X,X,X,X,262:203:149:139:288:226:316:231:357:234:386:232
A,8496,283.326,-1,0,0,1,X,X,X,X,X,262:202:149:140:288:226:316:232:357:234:386:233
A,8497,283.358,-1,0,0,1,X,X,X,X,X,261:202:150:139:287:226:316:231:357:234:386:232
A,8498,283.39,-1,0,0,1,X,X,X,X,X,262:202:149:140:288:226:316:231:357:234:385:232
A,8499,283.422,-1,0,0,1,X,X,X,X,X,262:203:150:139:288:226:316:232:357:234:386:232
A,8500,283.454,-1,0,0,1,X,X,X,X,X,261:203:151:139:288:226:317:231:357:234:386:232
A,8501,283.502,-1,0,0,1,X,X,X,X,X,261:203:151:139:288:226:316:231:357:234:386:232
A,8502,283.533,-1,0,0,1,X,X,X,X,X,262:202:149:140:288:226:316:231:357:234:386:232
A,8503,283.565,-1,0,0,1,X,X,X,X,X,262:203:149:139:288:226:316:231:356:234:385:232
A,8504,283.598,-1,0,0,1,X,X,X,X,X,262:202:149:139:288:226:316:231:358:234:386:232
A,8505,283.629,-1,0,0,1,X,X,X,X,X,261:202:150:139:288:226:316:231:357:234:386:232
A,8506,283.662,-1,0,0,1,X,X,X,X,X,260:202:151:140:289:225:317:231:358:234:386:232
A,8507,283.694,-1,0,0,1,X,X,X,X,X,263:202:149:140:288:226:317:231:358:234:387:232
A,8508,283.725,-1,0,0,1,X,X,X,X,X,262:202:150:140:288:226:317:231:358:234:387:232
A,8509,283.757,-1,0,0,1,X,X,X,X,X,262:202:150:140:289:226:317:231:358:234:386:232
A,8510,283.79,-1,0,0,1,X,X,X,X,X,262:202:150:140:289:226:317:231:358:234:387:232
A,8511,283.822,-1,0,0,1,X,X,X,X,X,262:202:150:140:289:226:317:231:358:234:386:232
A,8512,283.853,-1,0,0,1,X,X,X,X,X,262:203:149:139:289:226:317:231:358:234:387:232
A,8513,283.902,-1,0,0,1,X,X,X,X,X,263:202:150:140:289:226:317:231:359:234:386:232
A,8514,283.933,-1,0,0,1,X,X,X,X,X,263:202:149:139:289:226:317:231:358:234:387:232
A,8515,283.965,-1,0,0,1,X,X,X,X,X,261:202:151:140:289:225:317:231:358:234:387:232
A,8516,283.997,-1,0,0,1,X,X,X,X,X,262:202:150:140:289:226:317:231:358:234:386:231
A,8517,284.03,-1,0,0,1,X,X,X,X,X,261:202:151:140:289:226:317:231:358:234:387:232
A,8518,284.062,-1,0,0,1,X,X,X,X,X,263:202:148:140:289:225:317:231:358:234:386:232
A,8519,284.094,-1,0,0,1,X,X,X,X,X,262:202:150:139:289:225:317:231:358:234:386:232
A,8520,284.126,-1,0,0,1,X,X,X,X,X,261:202:150:140:289:225:317:231:358:234:386:232
A,8521,284.157,-1,0,0,1,X,X,X,X,X,262:202:150:140:289:226:317:231:358:234:386:232
A,8522,284.189,-1,0,0,1,X,X,X,X,X,263:202:148:140:289:226:317:231:358:234:386:232
A,8523,284.222,-1,0,0,1,X,X,X,X,X,263:202:149:140:290:225:317:231:358:234:386:232
A,8524,284.253,-1,0,0,1,X,X,X,X,X,261:202:151:139:289:225:317:231:358:234:387:232
A,8525,284.285,-1,0,0,1,X,X,X,X,X,262:202:149:139:289:225:317:231:358:234:386:232
A,8526,284.333,-1,0,0,1,X,X,X,X,X,262:202:150:140:289:226:317:231:358:234:386:232
A,8527,284.366,-1,0,0,1,X,X,X,X,X,262:202:150:140:289:225:317:231:358:234:386:232
A,8528,284.398,-1,0,0,1,X,X,X,X,X,262:202:149:139:290:226:318:231:358:234:386:232
A,8529,284.429,-1,0,0,1,X,X,X,X,X,261:202:150:140:288:226:317:231:358:234:387:232
A,8530,284.462,-1,0,0,1,X,X,X,X,X,263:203:149:139:290:226:317:231:358:234:386:232
A,8531,284.493,-1,0,0,1,X,X,X,X,X,261:202:150:140:289:226:317:231:358:234:386:232
A,8532,284.526,68,1,0,1,X,X,X,X,X,262:202:149:140:289:227:317:231:358:234:386:233
A,8533,284.557,68,1,1,1,X,C,X,C,X,262:202:150:141:287:228:317:232:358:235:388:234
A,8534,284.59,68,1,1,1,X,C,X,C,X,262:202:150:140:287:228:317:232:358:235:389:234
A,8535,284.622,68,1,1,1,X,C,X,C,X,263:202:150:141:287:228:317:232:357:235:389:235
A,8536,284.653,68,1,1,1,X,C,X,C,X,263:202:149:142:288:228:317:232:359:235:389:235
A,8537,284.686,68,1,1,1,X,C,X,C,X,262:202:150:141:288:228:317:232:358:235:389:235
A,8538,284.733,68,1,0,1,X,X,X,X,X,263:202:149:140:288:227:317:231:358:234:388:234
A,8539,284.765,68,1,0,1,X,X,X,X,X,261:201:151:141:288:226:317:231:358:234:387:233
A,8540,284.798,68,1,0,1,X,X,X,X,X,262:202:149:140:289:226:316:230:357:233:385:232
A,8541,284.831,-1,0,0,1,X,X,X,X,X,262:202:149:140:288:226:316:231:357:233:385:232
A,8542,284.862,-1,0,0,1,X,X,X,X,X,262:201:149:140:288:226:315:230:356:233:385:231
A,8543,284.922,-1,0,0,1,X,X,X,X,X,262:201:148:139:288:225:316:230:356:232:385:230
A,8544,284.934,-1,0,0,1,X,X,X,X,X,261:200:149:140:287:225:315:230:356:232:385:230
A,8545,284.967,-1,0,0,1,X,X,X,X,X,261:201:149:140:288:225:315:229:356:232:384:230
A,8546,284.989,-1,0,0,1,X,X,X,X,X,260:200:150:140:286:224:315:229:355:231:384:230
A,8547,285.022,-1,0,0,1,X,X,X,X,X,260:200:149:140:285:225:314:229:354:232:384:230
A,8548,285.053,-1,0,0,1,X,X,X,X,X,259:200:151:140:285:224:314:229:354:231:384:229
A,8549,285.085,-1,0,0,1,X,X,X,X,X,260:199:150:142:286:224:314:228:354:230:383:229
A,8550,285.133,-1,0,0,1,X,X,X,X,X,260:199:149:141:285:223:314:228:354:230:383:228
A,8551,285.165,-1,0,0,1,X,X,X,X,X,260:198:149:142:286:223:314:228:354:230:383:229
A,8552,285.197,-1,0,0,1,X,X,X,X,X,260:199:149:141:285:223:314:228:354:230:383:228
A,8553,285.229,-1,0,0,1,X,X,X,X,X,260:199:149:141:286:223:314:228:354:230:383:228
A,8554,285.262,-1,0,0,1,X,X,X,X,X,260:199:149:141:285:223:314:228:354:231:383:229
A,8555,285.294,-1,0,0,1,X,X,X,X,X,259:199:151:141:286:223:314:228:355:231:384:229
A,8556,285.326,-1,0,0,1,X,X,X,X,X,259:199:151:141:286:223:314:228:355:231:384:229
A,8557,285.358,-1,0,0,1,X,X,X,X,X,261:199:148:141:286:223:315:228:355:231:384:229
A,8558,285.389,-1,0,0,1,X,X,X,X,X,259:199:151:142:286:224:314:228:355:231:384:230
A,8559,285.422,-1,0,0,1,X,X,X,X,X,260:199:150:141:286:224:314:229:356:231:385:230
A,8560,285.453,-1,0,0,1,X,X,X,X,X,261:199:149:141:287:224:315:228:355:231:383:229
A,8561,285.486,-1,0,0,1,X,X,X,X,X,259:200:151:141:286:224:314:228:355:231:384:229
A,8562,285.517,-1,0,0,1,X,X,X,X,X,260:199:149:141:286:224:314:228:354:231:383:229
A,8563,285.565,-1,0,0,1,X,X,X,X,X,259:200:149:140:284:224:314:228:353:231:383:229
A,8564,285.597,-1,0,0,1,X,X,X,X,X,257:199:151:141:283:224:313:228:353:230:383:229
A,8565,285.629,-1,0,0,1,X,X,X,X,X,258:199:149:141:284:224:312:228:352:230:380:229
A,8566,285.661,-1,0,0,1,X,X,X,X,X,257:200:150:141:282:224:311:229:351:231:380:229
A,8567,285.693,-1,0,0,1,X,X,X,X,X,257:200:150:140:281:224:310:228:351:230:380:228
A,8568,285.725,-1,0,0,1,X,X,X,X,X,257:199:150:141:281:224:310:228:351:230:380:229
A,8569,285.757,-1,0,0,1,X,X,X,X,X,256:199:151:140:280:224:309:228:350:230:379:228
A,8570,285.789,-1,0,0,1,X,X,X,X,X,257:200:148:139:281:224:309:228:349:230:378:228
A,8571,285.822,-1,0,0,1,X,X,X,X,X,257:199:148:140:280:224:309:228:348:230:377:227
A,8572,285.853,-1,0,0,1,X,X,X,X,X,255:199:150:140:279:224:307:228:348:229:378:227
A,8573,285.886,-1,0,0,1,X,X,X,X,X,256:199:149:140:280:224:308:228:348:229:376:227
A,8574,285.917,-1,0,0,1,X,X,X,X,X,256:200:148:138:279:224:307:228:348:229:377:227
A,8575,285.965,-1,0,0,1,X,X,X,X,X,255:200:149:139:279:224:307:228:348:229:377:227
A,8576,285.998,-1,0,0,1,X,X,X,X,X,255:200:148:139:278:224:307:228:347:230:377:227
A,8577,286.03,-1,0,0,1,X,X,X,X,X,254:200:149:139:278:224:307:228:348:229:377:227
A,8578,286.061,-1,0,0,1,X,X,X,X,X,255:200:148:139:279:224:307:228:348:229:376:226
A,8579,286.093,-1,0,0,1,X,X,X,X,X,255:200:148:139:278:224:306:228:347:229:376:226
A,8580,286.125,-1,0,0,1,X,X,X,X,X,254:199:149:139:278:224:306:227:347:229:376:227
A,8581,286.157,-1,0,0,1,X,X,X,X,X,254:199:149:139:278:223:306:227:347:229:376:226
A,8582,286.189,-1,0,0,1,X,X,X,X,X,254:199:149:138:278:223:307:227:347:228:376:226
A,8583,286.221,-1,0,0,1,X,X,X,X,X,255:198:148:140:279:223:307:227:348:228:377:225
A,8584,286.253,-1,0,0,1,X,X,X,X,X,255:198:148:139:279:223:307:226:348:228:377:225
A,8585,286.285,-1,0,0,1,X,X,X,X,X,255:197:148:140:280:222:308:226:349:227:377:225
A,8586,286.317,-1,0,0,1,X,X,X,X,X,255:197:148:141:280:221:308:225:349:227:377:224
A,8587,286.365,-1,0,0,1,X,X,X,X,X,256:196:147:140:280:220:308:224:349:226:377:223
A,8588,286.397,-1,0,0,1,X,X,X,X,X,255:195:149:140:280:219:308:223:349:225:378:223
A,8589,286.429,-1,0,0,1,X,X,X,X,X,257:192:147:143:281:217:309:221:349:223:378:221
A,8590,286.462,-1,0,0,1,X,X,X,X,X,257:188:148:145:281:215:309:218:350:220:379:220
A,8591,286.493,-1,0,0,1,X,X,X,X,X,257:186:149:147:282:213:310:216:350:219:379:219
A,8592,286.525,-1,0,0,1,X,X,X,X,X,257:184:149:146:282:212:310:214:351:217:381:218
A,8593,286.557,-1,0,0,1,X,X,X,X,X,258:182:149:149:283:210:312:213:352:216:381:217
A,8594,286.589,-1,0,0,1,X,X,X,X,X,258:181:150:149:284:209:313:212:353:216:383:217
A,8595,286.621,-1,0,0,1,X,X,X,X,X,258:180:151:150:284:209:313:212:353:216:383:217
A,8596,286.654,-1,0,0,1,X,X,X,X,X,259:180:150:149:284:209:313:212:353:215:383:217
A,8597,286.685,-1,0,0,1,X,X,X,X,X,260:180:149:149:285:209:314:212:354:215:383:216
A,8598,286.717,-1,0,0,1,X,X,X,X,X,260:180:149:149:285:208:314:211:354:215:383:216
A,8599,286.75,-1,0,0,1,X,X,X,X,X,260:179:150:149:286:208:314:211:353:215:384:216
A,8600,286.797,-1,0,0,1,X,X,X,X,X,260:179:149:149:285:208:314:211:354:214:384:216
A,8601,286.829,-1,0,0,1,X,X,X,X,X,259:179:150:149:285:208:314:211:354:215:384:216
A,8602,286.861,-1,0,0,1,X,X,X,X,X,260:180:150:149:286:209:315:211:355:215:385:216
A,8603,286.893,-1,0,0,1,X,X,X,X,X,259:180:151:149:285:209:315:212:355:215:385:216
A,8604,286.925,-1,0,0,1,X,X,X,X,X,260:180:150:150:285:209:315:212:355:215:386:217
A,8605,286.957,-1,0,0,1,X,X,X,X,X,260:180:150:149:286:210:315:212:355:215:385:216
A,8606,286.99,-1,0,0,1,X,X,X,X,X,260:180:150:150:285:209:315:212:355:215:385:216
A,8607,287.022,-1,0,0,1,X,X,X,X,X,260:180:150:149:286:209:315:212:355:215:385:216
A,8608,287.053,-1,0,0,1,X,X,X,X,X,260:180:150:149:286:209:315:212:354:215:384:216
A,8609,287.085,-1,0,0,1,X,X,X,X,X,260:179:149:150:285:209:314:211:355:214:385:215
A,8610,287.117,-1,0,0,1,X,X,X,X,X,260:180:150:149:286:209:314:211:355:214:384:216
A,8611,287.15,-1,0,0,1,X,X,X,X,X,260:180:149:148:286:209:315:211:355:214:385:215
A,8612,287.197,-1,0,0,1,X,X,X,X,X,260:180:150:148:285:209:314:211:355:214:386:215
A,8613,287.229,-1,0,0,1,X,X,X,X,X,259:180:149:149:284:209:314:212:354:215:384:216
A,8614,287.261,-1,0,0,1,X,X,X,X,X,260:180:149:149:285:209:314:212:354:215:384:215
A,8615,287.293,-1,0,0,1,X,X,X,X,X,259:180:150:149:285:209:314:212:354:215:384:215
A,8616,287.325,-1,0,0,1,X,X,X,X,X,260:180:149:149:285:209:314:212:354:215:383:216
A,8617,287.357,-1,0,0,1,X,X,X,X,X,260:180:149:149:285:209:314:212:354:215:384:216
A,8618,287.389,-1,0,0,1,X,X,X,X,X,259:181:150:148:285:210:314:213:354:215:384:216
A,8619,287.421,-1,0,0,1,X,X,X,X,X,260:181:149:148:285:210:314:212:354:215:384:216
A,8620,287.453,-1,0,0,1,X,X,X,X,X,260:181:149:148:284:210:314:213:354:215:384:216
A,8621,287.485,-1,0,0,1,X,X,X,X,X,260:181:149:149:285:211:314:213:354:216:384:217
A,8622,287.517,-1,0,0,1,X,X,X,X,X,260:181:149:149:285:211:314:213:355:216:385:216
A,8623,287.55,-1,0,0,1,X,X,X,X,X,260:181:149:149:285:210:314:213:354:216:385:217
A,8624,287.581,-1,0,0,1,X,X,X,X,X,260:182:149:148:285:210:314:213:354:216:383:217
A,8625,287.629,-1,0,0,1,X,X,X,X,X,259:182:150:149:285:211:314:214:354:217:384:217
A,8626,287.661,-1,0,0,1,X,X,X,X,X,260:182:149:148:286:211:315:213:354:216:384:217
A,8627,287.693,-1,0,0,1,X,X,X,X,X,259:182:150:148:285:211:314:214:354:217:384:217
A,8628,287.725,-1,0,0,1,X,X,X,X,X,261:183:148:147:287:211:315:214:355:217:384:217
A,8629,287.758,-1,0,0,1,X,X,X,X,X,259:182:150:149:286:212:314:214:355:217:383:218
A,8630,287.789,-1,0,0,1,X,X,X,X,X,261:183:148:147:287:212:315:215:355:218:384:218
A,8631,287.821,-1,0,0,1,X,X,X,X,X,259:184:150:147:286:212:315:215:355:218:384:218
A,8632,287.853,-1,0,0,1,X,X,X,X,X,260:184:149:147:286:212:315:215:355:218:384:218
A,8633,287.885,-1,0,0,1,X,X,X,X,X,259:185:151:147:286:213:315:216:355:219:385:219
A,8634,287.917,-1,0,0,1,X,X,X,X,X,260:185:150:146:286:213:315:216:355:219:385:220
A,8635,287.949,-1,0,0,1,X,X,X,X,X,261:186:148:146:287:213:315:216:355:220:384:220
A,8636,287.981,-1,0,0,1,X,X,X,X,X,260:186:149:146:286:213:315:217:355:220:385:220
A,8637,288.029,-1,0,0,1,X,X,X,X,X,260:187:150:146:286:214:314:217:355:221:384:221
A,8638,288.061,-1,0,0,1,X,X,X,X,X,260:187:149:147:286:215:314:218:355:221:384:221
A,8639,288.093,-1,0,0,1,X,X,X,X,X,260:187:150:147:285:215:314:218:355:221:385:222
A,8640,288.125,-1,0,0,1,X,X,X,X,X,260:187:149:147:286:215:314:219:355:222:385:222
A,8641,288.158,-1,0,0,1,X,X,X,X,X,260:188:150:146:286:216:314:219:355:222:384:223
A,8642,288.189,-1,0,0,1,X,X,X,X,X,261:188:149:147:286:216:314:219:355:223:385:223
A,8643,288.221,-1,0,0,1,X,X,X,X,X,260:188:151:147:286:217:314:220:355:223:385:223
A,8644,288.253,-1,0,0,1,X,X,X,X,X,261:189:148:146:285:217:314:221:355:224:384:224
A,8645,288.285,-1,0,0,1,X,X,X,X,X,261:190:149:146:286:217:315:221:355:224:385:224
A,8646,288.318,-1,0,0,1,X,X,X,X,X,260:191:151:145:286:218:314:222:355:225:384:225
A,8647,288.349,-1,0,0,1,X,X,X,X,X,260:191:150:146:285:218:314:223:356:226:386:226
A,8648,288.381,-1,0,0,1,X,X,X,X,X,260:192:150:145:286:219:314:223:355:226:384:227
A,8649,288.429,-1,0,0,1,X,X,X,X,X,259:193:151:145:285:220:314:224:355:227:385:227
A,8650,288.461,-1,0,0,1,X,X,X,X,X,260:193:150:145:286:220:315:224:354:227:384:227
A,8651,288.493,-1,0,0,1,X,X,X,X,X,261:193:149:146:286:220:314:224:355:228:384:228
A,8652,288.525,-1,0,0,1,X,X,X,X,X,260:194:150:144:286:220:315:225:355:228:384:228
A,8653,288.557,69,1,0,1,X,X,X,X,X,260:194:149:145:287:221:315:225:354:228:384:229
A,8654,288.589,69,1,1,1,X,C,X,C,X,260:195:151:144:285:223:315:226:355:230:385:230
A,8655,288.621,69,1,1,1,X,C,X,C,X,260:195:151:145:285:223:315:227:353:231:385:231
A,8656,288.653,69,1,1,1,X,C,X,C,X,260:195:150:145:285:223:315:226:354:230:386:231
A,8657,288.685,69,1,0,1,X,X,X,X,X,260:195:150:145:285:222:314:226:356:230:386:230
A,8658,288.718,69,1,0,1,X,X,X,X,X,260:196:151:145:285:222:314:226:356:230:386:230
A,8659,288.749,69,1,0,1,X,X,X,X,X,260:195:150:145:285:222:315:226:356:230:386:230
A,8660,288.781,69,1,0,1,X,X,X,X,X,260:196:150:144:285:221:314:226:355:229:385:229
A,8661,288.813,-1,0,0,1,X,X,X,X,X,260:195:150:145:285:221:315:226:355:229:385:229
A,8662,288.861,-1,0,0,1,X,X,X,X,X,260:195:150:145:285:221:314:226:354:229:384:229
A,8663,288.893,-1,0,0,1,X,X,X,X,X,259:196:151:144:285:221:313:226:354:230:385:228
A,8664,288.925,-1,0,0,1,X,X,X,X,X,258:196:152:144:285:221:314:226:355:230:385:229
A,8665,288.958,-1,0,0,1,X,X,X,X,X,257:196:153:144:284:221:314:226:354:230:385:229
A,8666,288.989,-1,0,0,1,X,X,X,X,X,259:196:151:145:285:222:314:227:355:230:385:229
A,8667,289.021,-1,0,0,1,X,X,X,X,X,259:196:150:145:285:222:314:226:354:230:385:229
A,8668,289.053,-1,0,0,1,X,X,X,X,X,259:196:150:144:285:221:314:226:354:230:384:229
A,8669,289.085,-1,0,0,1,X,X,X,X,X,259:196:151:144:285:222:314:226:355:230:384:229
A,8670,289.118,-1,0,0,1,X,X,X,X,X,259:196:151:144:285:222:314:227:355:230:385:229
A,8671,289.149,-1,0,0,1,X,X,X,X,X,259:196:151:144:285:222:314:227:355:230:385:229
A,8672,289.181,-1,0,0,1,X,X,X,X,X,259:196:151:144:285:222:314:227:355:230:385:229
A,8673,289.213,-1,0,0,1,X,X,X,X,X,259:196:151:145:284:222:314:227:355:230:385:229
A,8674,289.261,-1,0,0,1,X,X,X,X,X,259:196:151:144:285:222:314:227:355:230:384:229
A,8675,289.293,-1,0,0,1,X,X,X,X,X,258:196:152:144:285:223:314:227:355:230:384:230
A,8676,289.325,-1,0,0,1,X,X,X,X,X,258:197:153:144:284:223:314:228:355:231:385:230
A,8677,289.358,-1,0,0,1,X,X,X,X,X,258:197:152:144:285:223:314:228:355:231:384:230
A,8678,289.389,-1,0,0,1,X,X,X,X,X,260:197:149:144:284:223:313:228:354:231:384:230
A,8679,289.421,-1,0,0,1,X,X,X,X,X,259:197:150:144:285:223:313:227:355:231:384:230
A,8680,289.453,-1,0,0,1,X,X,X,X,X,259:197:151:145:285:223:314:228:354:231:383:231
A,8681,289.485,-1,0,0,1,X,X,X,X,X,259:197:150:144:285:223:314:228:354:231:384:230
A,8682,289.518,-1,0,0,1,X,X,X,X,X,259:198:150:143:285:223:313:228:354:231:384:230
A,8683,289.549,-1,0,0,1,X,X,X,X,X,259:197:150:144:285:223:314:227:354:231:384:230
A,8684,289.581,-1,0,0,1,X,X,X,X,X,259:197:151:144:285:223:313:228:354:231:384:231
A,8685,289.613,-1,0,0,1,X,X,X,X,X,258:197:151:144:285:223:314:227:354:231:384:229
A,8686,289.661,-1,0,0,1,X,X,X,X,X,259:197:151:144:284:223:313:228:354:231:384:229
A,8687,289.693,-1,0,0,1,X,X,X,X,X,259:197:151:144:284:223:313:228:354:231:384:229
A,8688,289.727,-1,0,0,1,X,X,X,X,X,259:197:151:144:284:223:313:228:354:230:384:229
A,8689,289.758,-1,0,0,1,X,X,X,X,X,259:197:151:144:284:223:313:228:353:230:383:230
A,8690,289.791,-1,0,0,1,X,X,X,X,X,259:197:151:144:284:223:313:228:354:230:384:230
A,8691,289.821,-1,0,0,1,X,X,X,X,X,259:198:151:143:284:223:313:228:354:231:384:229
A,8692,289.853,-1,0,0,1,X,X,X,X,X,259:197:151:143:284:222:313:227:354:230:384:229
A,8693,289.885,-1,0,0,1,X,X,X,X,X,260:197:151:144:284:222:313:227:355:230:384:229
A,8694,289.918,-1,0,0,1,X,X,X,X,X,260:196:151:144:285:222:314:227:354:230:384:229
A,8695,289.949,-1,0,0,1,X,X,X,X,X,259:196:151:144:285:222:314:227:354:230:384:229
A,8696,289.981,-1,0,0,1,X,X,X,X,X,259:196:152:144:285:222:314:227:355:229:384:228
A,8697,290.013,-1,0,0,1,X,X,X,X,X,259:196:152:143:285:221:314:226:355:229:385:228
A,8698,290.045,-1,0,0,1,X,X,X,X,X,260:196:151:143:286:221:314:226:355:228:384:227
A,8699,290.093,-1,0,0,1,X,X,X,X,X,260:195:150:144:285:221:315:226:355:228:385:227
A,8700,290.125,-1,0,0,1,X,X,X,X,X,260:196:150:143:286:221:315:225:355:228:384:227
A,8701,290.157,-1,0,0,1,X,X,X,X,X,260:195:150:144:286:221:315:225:355:228:384:227
A,8702,290.189,-1,0,0,1,X,X,X,X,X,260:195:151:144:286:221:315:225:355:228:384:227
A,8703,290.221,-1,0,0,1,X,X,X,X,X,260:195:151:145:286:221:314:225:355:228:384:227
A,8704,290.253,-1,0,0,1,X,X,X,X,X,259:195:151:144:286:221:314:225:355:228:384:227
A,8705,290.285,-1,0,0,1,X,X,X,X,X,261:195:150:144:286:221:314:225:355:228:384:226
A,8706,290.318,-1,0,0,1,X,X,X,X,X,260:195:150:143:286:221:314:225:355:228:384:226
A,8707,290.349,-1,0,0,1,X,X,X,X,X,260:195:150:144:286:220:314:225:355:228:384:226
A,8708,290.381,-1,0,0,1,X,X,X,X,X,260:195:150:144:285:221:314:225:355:228:384:226
A,8709,290.413,-1,0,0,1,X,X,X,X,X,260:195:150:143:285:220:313:225:354:228:384:226
A,8710,290.445,-1,0,0,1,X,X,X,X,X,259:195:151:144:285:220:313:225:354:227:384:226
A,8711,290.493,-1,0,0,1,X,X,X,X,X,259:195:152:144:285:220:314:225:355:228:384:227
A,8712,290.525,-1,0,0,1,X,X,X,X,X,260:195:150:144:285:220:314:225:354:227:383:226
A,8713,290.557,-1,0,0,1,X,X,X,X,X,259:195:152:144:285:220:314:225:355:228:384:226
A,8714,290.589,-1,0,0,1,X,X,X,X,X,259:195:151:144:285:220:313:225:355:228:384:227
A,8715,290.621,-1,0,0,1,X,X,X,X,X,260:196:150:143:285:221:313:226:354:228:384:227
A,8716,290.653,-1,0,0,1,X,X,X,X,X,260:195:151:144:285:221:313:226:354:228:383:227
A,8717,290.685,-1,0,0,1,X,X,X,X,X,260:195:150:144:285:221:313:225:354:228:383:227
A,8718,290.717,-1,0,0,1,X,X,X,X,X,260:196:150:143:285:221:313:225:354:228:383:227
A,8719,290.749,-1,0,0,1,X,X,X,X,X,259:195:152:144:284:221:313:226:354:228:384:227
A,8720,290.781,-1,0,0,1,X,X,X,X,X,260:195:150:144:284:221:313:226:354:228:384:227
A,8721,290.813,-1,0,0,1,X,X,X,X,X,259:196:151:143:284:221:313:226:354:228:384:227
A,8722,290.845,-1,0,0,1,X,X,X,X,X,259:196:151:143:284:221:314:226:354:228:384:227
A,8723,290.893,-1,0,0,1,X,X,X,X,X,260:196:150:143:285:221:313:226:354:228:383:227
A,8724,290.925,-1,0,0,1,X,X,X,X,X,261:196:149:144:285:221:314:226:355:229:384:227
A,8725,290.958,-1,0,0,1,X,X,X,X,X,260:196:150:143:286:221:314:226:355:228:384:227
A,8726,290.989,-1,0,0,1,X,X,X,X,X,260:196:150:143:285:222:314:226:355:228:384:227
A,8727,291.021,-1,0,0,1,X,X,X,X,X,261:196:149:144:286:221:315:226:355:228:385:227
A,8728,291.053,-1,0,0,1,X,X,X,X,X,261:196:149:144:286:221:315:226:355:228:385:227
A,8729,291.085,-1,0,0,1,X,X,X,X,X,260:195:150:145:286:221:315:226:355:228:385:227
A,8731,291.149,-1,0,0,1,X,X,X,X,X,260:196:151:143:286:221:315:226:356:228:385:227
A,8732,291.181,-1,0,0,1,X,X,X,X,X,259:197:152:143:286:221:315:226:356:229:385:227
A,8733,291.213,-1,0,0,1,X,X,X,X,X,259:196:152:144:287:222:315:226:356:229:385:228
A,8734,291.245,-1,0,0,1,X,X,X,X,X,261:196:149:144:287:222:315:226:356:229:385:228
A,8735,291.277,-1,0,0,1,X,X,X,X,X,261:196:149:144:287:222:315:226:356:229:385:228
A,8736,291.325,-1,0,0,1,X,X,X,X,X,260:196:151:144:287:222:316:226:356:229:385:228
A,8737,291.357,-1,0,0,1,X,X,X,X,X,260:196:151:144:287:222:315:226:356:229:385:228
A,8738,291.389,-1,0,0,1,X,X,X,X,X,260:196:151:144:287:222:316:227:356:229:385:228
A,8739,291.421,-1,0,0,1,X,X,X,X,X,260:197:151:143:287:222:316:226:356:229:385:228
A,8740,291.453,-1,0,0,1,X,X,X,X,X,261:196:150:144:288:222:316:226:356:229:385:228
A,8741,291.485,-1,0,0,1,X,X,X,X,X,260:196:151:144:287:222:315:226:356:229:385:228
A,8742,291.518,-1,0,0,1,X,X,X,X,X,260:197:151:143:287:222:315:226:356:229:385:228
A,8743,291.549,-1,0,0,1,X,X,X,X,X,260:196:150:144:287:222:315:226:356:229:385:228
A,8744,291.581,-1,0,0,1,X,X,X,X,X,261:197:150:143:286:222:315:226:356:229:385:228
A,8745,291.613,-1,0,0,1,X,X,X,X,X,262:197:149:143:286:222:315:227:356:229:385:228
A,8746,291.645,-1,0,0,1,X,X,X,X,X,260:197:151:143:287:222:315:226:356:229:385:228
A,8747,291.677,-1,0,0,1,X,X,X,X,X,261:197:150:143:286:222:315:226:356:229:385:228
A,8748,291.725,-1,0,0,1,X,X,X,X,X,260:196:151:144:287:222:315:226:356:229:385:228
A,8749,291.757,-1,0,0,1,X,X,X,X,X,262:196:149:144:287:222:315:226:356:229:385:228
A,8750,291.789,-1,0,0,1,X,X,X,X,X,260:197:152:143:286:222:315:227:356:229:386:228
A,8751,291.821,-1,0,0,1,X,X,X,X,X,260:196:150:145:287:222:315:227:356:230:385:228
A,8752,291.853,-1,0,0,1,X,X,X,X,X,261:197:151:143:286:222:315:227:356:229:385:228
A,8753,291.885,-1,0,0,1,X,X,X,X,X,260:197:152:143:286:222:316:227:357:230:386:229
A,8754,291.918,-1,0,0,1,X,X,X,X,X,260:197:152:144:286:222:315:227:357:230:386:229
A,8755,291.949,-1,0,0,1,X,X,X,X,X,260:197:152:143:286:222:315:227:356:230:386:229
A,8756,291.981,-1,0,0,1,X,X,X,X,X,259:197:152:143:286:222:315:227:356:229:385:228
A,8757,292.013,-1,0,0,1,X,X,X,X,X,261:197:150:143:287:222:315:227:356:229:385:228
A,8758,292.045,-1,0,0,1,X,X,X,X,X,261:197:150:144:287:223:315:227:356:230:385:229
A,8759,292.077,-1,0,0,1,X,X,X,X,X,260:197:152:143:287:223:315:227:356:230:385:229
A,8760,292.125,-1,0,0,1,X,X,X,X,X,260:197:152:143:286:223:315:227:356:230:386:229
A,8761,292.157,-1,0,0,1,X,X,X,X,X,261:197:150:144:287:223:315:227:357:230:385:229
A,8762,292.189,-1,0,0,1,X,X,X,X,X,260:197:152:144:286:223:315:228:356:230:386:230
A,8763,292.221,-1,0,0,1,X,X,X,X,X,262:197:150:144:286:223:315:227:356:230:386:229
A,8764,292.253,-1,0,0,1,X,X,X,X,X,261:198:150:143:287:223:315:227:356:230:385:229
A,8765,292.285,-1,0,0,1,X,X,X,X,X,260:197:151:144:287:223:315:227:356:230:386:229
A,8766,292.317,-1,0,0,1,X,X,X,X,X,260:198:151:142:287:223:316:227:356:230:385:229
A,8767,292.349,-1,0,0,1,X,X,X,X,X,261:198:150:143:287:223:316:227:357:230:385:229
A,8768,292.381,-1,0,0,1,X,X,X,X,X,260:197:152:144:286:224:315:228:357:230:386:230
A,8769,292.413,-1,0,0,1,X,X,X,X,X,261:198:150:143:286:223:316:228:357:230:386:229
A,8770,292.445,-1,0,0,1,X,X,X,X,X,262:197:149:144:286:223:316:228:357:231:386:230
A,8771,292.477,-1,0,0,1,X,X,X,X,X,260:198:152:143:287:223:316:228:357:230:386:230
A,8772,292.509,-1,0,0,1,X,X,X,X,X,260:198:151:143:287:223:316:228:357:231:386:230
A,8773,292.557,-1,0,0,1,X,X,X,X,X,261:198:151:143:286:223:316:228:357:230:387:229
A,8774,292.589,-1,0,0,1,X,X,X,X,X,260:198:152:143:287:223:316:227:357:230:387:230
A,8775,292.621,-1,0,0,1,X,X,X,X,X,260:197:151:144:287:223:316:228:357:230:387:229
A,8776,292.653,-1,0,0,1,X,X,X,X,X,260:198:152:142:287:223:316:228:357:230:386:230
A,8777,292.685,-1,0,0,1,X,X,X,X,X,261:198:151:142:287:224:316:228:357:231:386:230
A,8778,292.717,-1,0,0,1,X,X,X,X,X,261:197:150:144:287:223:316:228:357:230:387:230
A,8779,292.749,-1,0,0,1,X,X,X,X,X,260:198:152:143:287:224:316:228:357:231:387:230
A,8780,292.781,-1,0,0,1,X,X,X,X,X,261:198:151:142:287:224:316:228:357:230:387:230
A,8781,292.813,-1,0,0,1,X,X,X,X,X,260:197:152:143:287:223:316:228:357:230:386:229
A,8782,292.845,-1,0,0,1,X,X,X,X,X,261:198:150:142:287:223:316:227:356:230:386:230
A,8783,292.877,-1,0,0,1,X,X,X,X,X,261:197:151:144:286:223:315:227:357:230:386:230
A,8784,292.909,-1,0,0,1,X,X,X,X,X,260:198:152:142:287:223:316:227:356:230:386:230
A,8785,292.957,-1,0,0,1,X,X,X,X,X,260:198:152:142:287:223:316:227:356:230:386:230
A,8786,292.989,-1,0,0,1,X,X,X,X,X,259:198:154:142:287:223:316:227:357:230:386:230
A,8787,293.021,-1,0,0,1,X,X,X,X,X,261:198:151:143:287:223:316:227:357:230:387:229
A,8788,293.053,70,1,0,1,X,X,X,X,X,261:197:151:144:287:224:316:228:357:231:386:230
A,8789,293.085,70,1,1,1,X,C,X,C,X,260:198:152:142:287:224:316:228:356:232:387:232
A,8790,293.117,70,1,1,1,X,C,X,C,X,260:197:152:144:287:225:316:229:356:232:387:232
A,8791,293.149,70,1,1,1,X,C,X,C,X,261:197:151:143:287:224:316:228:356:232:387:232
A,8792,293.181,70,1,0,1,X,X,X,C,X,261:198:151:143:287:224:316:228:357:232:388:232
A,8793,293.213,70,1,0,1,X,X,X,X,X,261:198:151:143:286:224:316:228:357:231:388:231
A,8794,293.245,70,1,0,1,X,X,X,X,X,260:197:152:144:287:223:316:228:357:231:387:231
A,8795,293.277,70,1,0,1,X,X,X,X,X,259:198:153:143:288:223:316:227:357:231:387:231
A,8796,293.309,70,1,0,1,X,X,X,X,X,262:198:150:143:287:223:316:227:357:231:387:230
A,8797,293.341,70,1,0,1,X,X,X,X,X,262:197:150:143:287:223:316:228:357:231:387:230
A,8798,293.389,70,1,0,1,X,X,X,X,X,261:197:151:144:287:223:317:228:357:231:387:231
A,8799,293.421,-1,0,0,1,X,X,X,X,X,261:197:152:144:287:223:317:228:357:231:387:230
A,8800,293.453,-1,0,0,1,X,X,X,X,X,261:198:151:142:287:223:316:228:357:231:386:230
A,8801,293.485,-1,0,0,1,X,X,X,X,X,261:198:151:143:287:223:316:228:357:231:387:230
A,8802,293.517,-1,0,0,1,X,X,X,X,X,261:198:151:143:287:223:316:228:357:231:387:230
A,8803,293.549,-1,0,0,1,X,X,X,X,X,261:197:152:144:287:223:317:228:358:231:387:230
A,8804,293.581,-1,0,0,1,X,X,X,X,X,262:198:150:143:288:224:317:228:357:231:387:230
A,8805,293.613,-1,0,0,1,X,X,X,X,X,261:198:151:143:288:223:317:228:358:231:387:230
A,8806,293.645,-1,0,0,1,X,X,X,X,X,262:198:150:143:288:223:317:228:358:231:387:230
A,8807,293.677,-1,0,0,1,X,X,X,X,X,262:198:150:143:287:223:317:228:358:231:388:230
A,8808,293.709,-1,0,0,1,X,X,X,X,X,262:198:150:143:289:223:317:228:358:231:387:231
A,8809,293.741,-1,0,0,1,X,X,X,X,X,261:198:152:143:288:223:317:228:358:231:387:230
A,8810,293.789,-1,0,0,1,X,X,X,X,X,262:198:150:143:288:223:317:228:358:231:388:230
A,8811,293.821,-1,0,0,1,X,X,X,X,X,262:198:150:143:288:223:317:228:358:231:387:230
A,8812,293.853,-1,0,0,1,X,X,X,X,X,262:198:150:143:289:223:317:228:358:231:387:230
A,8813,293.885,-1,0,0,1,X,X,X,X,X,260:198:152:143:288:223:316:228:358:231:387:230
A,8814,293.917,-1,0,0,1,X,X,X,X,X,262:197:150:144:287:223:317:228:358:231:387:230
A,8815,293.949,-1,0,0,1,X,X,X,X,X,260:197:153:144:287:223:316:228:358:231:387:230
A,8816,293.981,-1,0,0,1,X,X,X,X,X,261:198:151:142:287:223:316:228:357:231:387:230
A,8817,294.013,-1,0,0,1,X,X,X,X,X,260:198:152:143:287:223:316:228:357:231:387:230
A,8818,294.045,-1,0,0,1,X,X,X,X,X,260:198:152:143:287:223:316:228:358:231:387:230
A,8819,294.077,-1,0,0,1,X,X,X,X,X,261:198:151:143:287:223:316:228:358:231:387:230
A,8820,294.109,-1,0,0,1,X,X,X,X,X,261:198:151:143:287:224:316:228:358:231:387:231
A,8821,294.141,-1,0,0,1,X,X,X,X,X,261:198:152:144:287:224:316:228:358:231:387:231
A,8822,294.189,-1,0,0,1,X,X,X,X,X,261:198:151:143:287:224:317:228:358:231:388:230
A,8823,294.221,-1,0,0,1,X,X,X,X,X,261:198:152:143:287:224:316:228:358:231:387:231
A,8824,294.253,-1,0,0,1,X,X,X,X,X,261:198:151:143:287:224:316:228:358:231:387:231
A,8825,294.285,-1,0,0,1,X,X,X,X,X,260:198:153:144:287:224:317:228:358:231:387:231
A,8826,294.317,-1,0,0,1,X,X,X,X,X,261:198:152:144:287:224:317:229:358:232:387:231
A,8827,294.349,-1,0,0,1,X,X,X,X,X,261:198:152:144:287:224:316:229:358:232:387:231
A,8828,294.381,-1,0,0,1,X,X,X,X,X,260:198:153:144:288:224:317:228:358:231:387:231
A,8829,294.413,-1,0,0,1,X,X,X,X,X,261:199:152:143:287:224:316:228:358:231:387:231
A,8830,294.445,-1,0,0,1,X,X,X,X,X,261:198:151:144:287:224:317:229:357:232:387:231
A,8831,294.477,-1,0,0,1,X,X,X,X,X,261:198:152:144:287:224:316:229:358:232:387:231
A,8832,294.509,-1,0,0,1,X,X,X,X,X,262:198:150:145:288:224:316:229:358:232:387:231
A,8833,294.541,-1,0,0,1,X,X,X,X,X,262:198:150:145:288:224:317:229:358:232:387:231
A,8834,294.573,-1,0,0,1,X,X,X,X,X,261:199:152:143:287:224:317:229:358:232:388:231
A,8835,294.621,-1,0,0,1,X,X,X,X,X,260:199:152:143:287:224:317:229:358:232:387:231
A,8836,294.653,-1,0,0,1,X,X,X,X,X,261:199:151:143:287:224:317:229:358:232:387:231
A,8837,294.685,-1,0,0,1,X,X,X,X,X,260:199:152:144:287:224:316:229:358:232:387:231
A,8838,294.717,-1,0,0,1,X,X,X,X,X,261:199:151:144:288:224:317:229:358:232:387:231
A,8839,294.749,-1,0,0,1,X,X,X,X,X,261:199:152:144:288:224:317:229:358:232:387:231
A,8840,294.781,-1,0,0,1,X,X,X,X,X,262:199:150:144:288:224:316:229:358:232:387:231
A,8841,294.813,-1,0,0,1,X,X,X,X,X,261:198:151:145:287:224:316:229:358:232:387:231
A,8842,294.845,-1,0,0,1,X,X,X,X,X,261:199:151:144:288:224:316:229:358:232:387:231
A,8843,294.877,-1,0,0,1,X,X,X,X,X,261:198:152:144:288:224:317:229:358:232:388:231
A,8844,294.909,-1,0,0,1,X,X,X,X,X,261:199:152:144:288:224:317:229:358:232:387:231
A,8845,294.941,-1,0,0,1,X,X,X,X,X,260:199:153:144:288:224:317:229:358:232:387:232
A,8846,294.973,-1,0,0,1,X,X,X,X,X,262:199:151:144:289:224:317:229:358:232:387:232
A,8847,295.021,-1,0,0,1,X,X,X,X,X,262:199:150:144:289:224:317:229:358:232:387:232
A,8848,295.053,-1,0,0,1,X,X,X,X,X,261:199:152:144:288:224:317:229:358:232:388:231
A,8849,295.085,-1,0,0,1,X,X,X,X,X,262:199:150:144:288:224:317:229:358:232:387:231
A,8850,295.117,-1,0,0,1,X,X,X,X,X,262:200:150:143:288:224:317:229:358:232:387:231
A,8851,295.149,-1,0,0,1,X,X,X,X,X,262:199:150:144:289:224:317:229:358:232:387:231
A,8852,295.181,-1,0,0,1,X,X,X,X,X,261:199:151:144:288:224:317:229:358:232:387:231
A,8853,295.213,-1,0,0,1,X,X,X,X,X,262:199:150:144:289:224:316:229:358:232:387:231
A,8854,295.245,-1,0,0,1,X,X,X,X,X,262:199:150:144:288:224:317:229:358:232:388:231
A,8855,295.277,-1,0,0,1,X,X,X,X,X,261:199:151:144:288:224:317:229:358:232:388:231
A,8856,295.309,-1,0,0,1,X,X,X,X,X,261:199:151:144:288:224:317:229:358:232:388:231
A,8857,295.341,-1,0,0,1,X,X,X,X,X,262:199:150:144:288:224:317:229:358:232:388:231
A,8858,295.373,-1,0,0,1,X,X,X,X,X,261:199:151:144:288:224:317:229:359:232:388:231
A,8859,295.421,-1,0,0,1,X,X,X,X,X,261:199:151:144:288:224:317:229:358:232:388:231
A,8860,295.453,-1,0,0,1,X,X,X,X,X,262:199:150:144:288:224:317:229:358:232:388:231
A,8861,295.485,-1,0,0,1,X,X,X,X,X,261:199:152:144:288:224:317:229:359:232:388:231
A,8862,295.517,-1,0,0,1,X,X,X,X,X,262:199:150:144:288:224:317:229:358:232:388:231
A,8863,295.549,-1,0,0,1,X,X,X,X,X,262:199:150:144:289:224:317:229:358:232:388:231
A,8864,295.581,-1,0,0,1,X,X,X,X,X,261:199:152:143:288:224:317:229:358:232:388:231
A,8865,295.613,-1,0,0,1,X,X,X,X,X,261:199:152:144:288:224:317:229:359:232:388:231
A,8866,295.645,-1,0,0,1,X,X,X,X,X,262:199:150:144:289:224:317:229:359:232:388:231
A,8867,295.677,-1,0,0,1,X,X,X,X,X,262:199:151:144:289:224:317:229:359:232:387:231
A,8868,295.709,-1,0,0,1,X,X,X,X,X,262:199:151:144:289:224:317:229:358:232:387:230
A,8869,295.741,-1,0,0,1,X,X,X,X,X,261:199:152:144:289:224:317:229:358:232:387:230
A,8870,295.773,-1,0,0,1,X,X,X,X,X,262:199:151:144:288:224:317:229:358:232:388:230
A,8871,295.805,-1,0,0,1,X,X,X,X,X,262:199:151:144:288:224:317:229:358:232:388:230
A,8872,295.853,-1,0,0,1,X,X,X,X,X,261:199:151:143:288:224:317:229:358:232:387:230
A,8873,295.885,-1,0,0,1,X,X,X,X,X,261:199:152:144:288:224:317:229:359:232:388:230
A,8874,295.917,-1,0,0,1,X,X,X,X,X,261:199:152:144:288:223:317:229:359:232:388:230
A,8875,295.949,-1,0,0,1,X,X,X,X,X,262:199:151:144:288:223:317:229:359:232:388:231
A,8876,295.981,-1,0,0,1,X,X,X,X,X,262:199:151:144:289:224:317:229:358:232:387:231
A,8877,296.013,-1,0,0,1,X,X,X,X,X,262:199:150:144:289:224:317:229:358:232:387:230
A,8878,296.045,-1,0,0,1,X,X,X,X,X,261:199:152:144:288:223:317:229:358:232:388:230
A,8879,296.077,-1,0,0,1,X,X,X,X,X,262:199:151:144:288:224:317:229:359:232:388:230
A,8880,296.109,-1,0,0,1,X,X,X,X,X,261:199:152:144:289:223:317:228:359:232:388:230
A,8881,296.141,-1,0,0,1,X,X,X,X,X,262:199:150:144:289:224:317:228:358:231:387:230
A,8882,296.173,-1,0,0,1,X,X,X,X,X,262:199:150:144:288:223:317:228:358:231:387:230
A,8883,296.205,-1,0,0,1,X,X,X,X,X,262:199:151:144:289:224:317:228:358:232:387:230
A,8884,296.253,-1,0,0,1,X,X,X,X,X,261:199:152:144:288:223:317:229:358:232:387:231
A,8885,296.285,-1,0,0,1,X,X,X,X,X,261:199:152:144:288:223:317:229:358:232:387:231
A,8886,296.317,-1,0,0,1,X,X,X,X,X,261:199:152:144:289:223:317:229:358:232:387:231
A,8887,296.349,-1,0,0,1,X,X,X,X,X,262:199:151:143:288:223:317:229:358:232:387:231
A,8888,296.381,-1,0,0,1,X,X,X,X,X,261:199:151:144:288:223:317:229:358:232:387:230
A,8889,296.413,-1,0,0,1,X,X,X,X,X,262:199:151:144:289:223:317:228:358:231:387:230
A,8890,296.445,-1,0,0,1,X,X,X,X,X,262:199:151:143:288:223:317:228:358:232:387:231
A,8891,296.477,-1,0,0,1,X,X,X,X,X,262:199:150:144:289:223:317:228:358:232:387:230
A,8892,296.509,-1,0,0,1,X,X,X,X,X,262:199:150:144:289:223:317:229:358:232:387:230
A,8893,296.541,-1,0,0,1,X,X,X,X,X,261:199:151:144:289:223:317:228:358:232:387:231
A,8894,296.573,-1,0,0,1,X,X,X,X,X,262:199:151:144:289:223:317:228:358:232:387:231
A,8895,296.605,-1,0,0,1,X,X,X,X,X,262:199:150:144:289:223:317:228:358:231:387:230
A,8896,296.653,-1,0,0,1,X,X,X,X,X,262:199:151:143:288:223:317:229:358:232:387:230
A,8897,296.685,-1,0,0,1,X,X,X,X,X,261:199:151:144:288:223:317:228:357:231:387:230
A,8898,296.717,-1,0,0,1,X,X,X,X,X,262:199:150:143:288:223:317:229:357:232:387:230
A,8899,296.749,-1,0,0,1,X,X,X,X,X,262:199:150:143:288:224:317:229:358:232:387:230
A,8900,296.781,-1,0,0,1,X,X,X,X,X,262:199:150:143:288:223:317:229:358:232:387:230
A,8901,296.814,-1,0,0,1,X,X,X,X,X,262:199:151:143:289:224:317:229:358:232:387:231
A,8902,296.845,-1,0,0,1,X,X,X,X,X,262:199:151:143:288:224:317:229:358:231:387:230
A,8903,296.877,-1,0,0,1,X,X,X,X,X,261:198:152:144:287:224:317:229:358:232:388:231
A,8904,296.909,-1,0,0,1,X,X,X,X,X,262:199:151:143:288:224:317:229:358:232:387:232
A,8905,296.941,-1,0,0,1,X,X,X,X,X,261:199:152:143:287:225:317:229:358:232:387:232
A,8906,296.973,-1,0,0,1,X,X,X,X,X,262:199:151:143:288:224:317:229:358:232:387:231
A,8907,297.005,-1,0,0,1,X,X,X,X,X,261:199:152:143:287:224:317:229:358:232:388:231
A,8908,297.037,-1,0,0,1,X,X,X,X,X,263:199:149:144:288:224:317:229:358:232:387:231
A,8909,297.085,-1,0,0,1,X,X,X,X,X,262:199:149:144:288:224:317:229:357:232:387:232
A,8910,297.117,-1,0,0,1,X,X,X,X,X,263:199:150:144:288:224:317:229:358:232:387:231
A,8911,297.149,-1,0,0,1,X,X,X,X,X,262:199:150:144:288:224:317:229:358:232:388:232
A,8912,297.181,-1,0,0,1,X,X,X,X,X,263:199:149:144:288:224:317:229:358:232:387:231
A,8913,297.213,-1,0,0,1,X,X,X,X,X,262:199:151:144:287:224:317:229:358:232:387:231
A,8914,297.245,71,1,0,1,X,X,X,X,X,261:199:152:144:287:226:317:230:357:233:388:232
A,8915,297.277,71,1,1,1,X,C,X,C,X,262:199:150:143:287:226:317:230:357:233:388:233
A,8916,297.309,71,1,1,1,X,C,X,C,X,263:199:150:143:288:227:318:230:358:233:389:233
A,8917,297.341,71,1,1,1,X,C,X,C,X,262:199:151:143:288:226:318:230:358:233:389:233
A,8918,297.375,71,1,0,1,X,X,X,C,X,261:199:152:144:287:225:317:230:358:233:389:232
A,8919,297.405,71,1,0,1,X,X,X,X,X,262:199:151:144:288:225:317:229:358:233:389:233
A,8920,297.437,71,1,0,1,X,X,X,X,X,262:199:150:144:288:225:317:229:359:232:388:232
A,8921,297.485,71,1,0,1,X,X,X,X,X,262:199:150:144:289:225:317:229:358:232:388:232
A,8922,297.517,-1,0,0,1,X,X,X,X,X,262:199:150:144:288:225:317:229:359:233:388:232
A,8923,297.549,-1,0,0,1,X,X,X,X,X,262:199:151:144:288:225:317:230:359:233:388:232
A,8924,297.581,-1,0,0,1,X,X,X,X,X,262:199:151:144:288:224:317:229:359:233:388:232
A,8925,297.613,-1,0,0,1,X,X,X,X,X,261:199:151:144:289:225:318:229:358:232:387:232
A,8926,297.645,-1,0,0,1,X,X,X,X,X,261:199:152:144:289:224:318:229:358:233:388:232
A,8927,297.677,-1,0,0,1,X,X,X,X,X,262:199:150:144:288:224:317:229:358:232:388:231
A,8928,297.709,-1,0,0,1,X,X,X,X,X,262:199:150:144:289:224:317:229:359:232:388:231
A,8929,297.741,-1,0,0,1,X,X,X,X,X,262:199:151:143:289:224:318:229:358:232:388:231
A,8930,297.773,-1,0,0,1,X,X,X,X,X,261:199:152:143:288:224:317:229:359:232:388:231
A,8931,297.805,-1,0,0,1,X,X,X,X,X,263:199:150:143:288:224:317:229:359:232:388:231
A,8932,297.837,-1,0,0,1,X,X,X,X,X,262:198:151:144:288:224:317:229:359:232:388:231
A,8933,297.885,-1,0,0,1,X,X,X,X,X,263:199:150:143:288:224:317:229:358:232:388:231
A,8934,297.917,-1,0,0,1,X,X,X,X,X,262:199:151:143:288:224:317:229:358:232:388:231
A,8935,297.949,-1,0,0,1,X,X,X,X,X,262:199:150:143:288:224:317:229:358:232:387:231
A,8936,297.981,-1,0,0,1,X,X,X,X,X,262:199:150:143:288:224:317:229:358:232:387:231
A,8937,298.013,-1,0,0,1,X,X,X,X,X,261:199:152:144:287:224:317:229:358:232:387:231
A,8938,298.045,-1,0,0,1,X,X,X,X,X,261:199:152:143:287:224:316:229:358:232:387:231
A,8939,298.077,-1,0,0,1,X,X,X,X,X,262:199:150:144:288:224:317:229:358:232:386:231
A,8940,298.109,-1,0,0,1,X,X,X,X,X,261:199:151:144:287:224:316:229:357:232:387:231
A,8941,298.141,-1,0,0,1,X,X,X,X,X,262:199:150:143:288:224:317:229:358:232:387:231
A,8942,298.173,-1,0,0,1,X,X,X,X,X,261:199:152:143:287:224:316:229:358:232:388:231
A,8943,298.205,-1,0,0,1,X,X,X,X,X,263:199:149:144:288:225:317:229:358:232:387:231
A,8944,298.237,-1,0,0,1,X,X,X,X,X,262:199:150:144:288:225:317:229:358:233:387:232
A,8945,298.269,-1,0,0,1,X,X,X,X,X,262:199:151:144:288:224:317:229:358:233:387:232
A,8946,298.317,-1,0,0,1,X,X,X,X,X,262:199:151:144:288:224:317:230:358:233:388:232
A,8947,298.349,-1,0,0,1,X,X,X,X,X,262:199:151:144:288:224:318:230:359:233:388:232
A,8948,298.381,-1,0,0,1,X,X,X,X,X,262:199:150:144:288:224:317:230:359:233:388:232
A,8949,298.413,-1,0,0,1,X,X,X,X,X,262:199:151:144:288:224:318:230:358:233:388:232
A,8950,298.445,-1,0,0,1,X,X,X,X,X,262:200:151:143:289:224:317:229:359:233:387:232
A,8951,298.477,-1,0,0,1,X,X,X,X,X,262:199:151:144:289:225:318:230:358:233:387:232
A,8952,298.509,-1,0,0,1,X,X,X,X,X,262:200:151:144:288:225:317:230:358:233:388:232
A,8953,298.541,-1,0,0,1,X,X,X,X,X,263:200:150:143:288:225:317:230:358:233:388:232
A,8954,298.573,-1,0,0,1,X,X,X,X,X,262:200:150:143:288:225:317:229:358:233:388:232
A,8955,298.605,-1,0,0,1,X,X,X,X,X,262:200:150:144:288:225:317:230:358:233:387:232
A,8956,298.637,-1,0,0,1,X,X,X,X,X,262:200:151:144:287:225:316:230:358:233:388:232
A,8957,298.669,-1,0,0,1,X,X,X,X,X,261:200:151:143:287:225:316:230:358:233:387:231
A,8958,298.717,-1,0,0,1,X,X,X,X,X,262:199:150:144:288:224:317:230:358:233:387:231
A,8959,298.749,-1,0,0,1,X,X,X,X,X,262:199:150:144:288:224:317:229:358:232:388:231
A,8960,298.781,-1,0,0,1,X,X,X,X,X,262:199:151:144:288:224:317:229:358:232:387:231
A,8961,298.813,-1,0,0,1,X,X,X,X,X,263:200:149:143:289:224:317:229:358:232:387:231
A,8962,298.845,-1,0,0,1,X,X,X,X,X,263:199:149:144:289:224:317:229:358:232:387:231
A,8963,298.877,-1,0,0,1,X,X,X,X,X,263:199:150:144:288:224:317:229:358:232:387:231
A,8964,298.909,-1,0,0,1,X,X,X,X,X,263:199:149:144:288:223:317:229:358:232:388:231
A,8965,298.941,-1,0,0,1,X,X,X,X,X,263:199:150:144:289:224:318:229:358:232:388:231
A,8966,298.973,-1,0,0,1,X,X,X,X,X,262:200:151:143:288:224:317:229:358:232:387:231
A,8967,299.005,-1,0,0,1,X,X,X,X,X,262:200:151:143:288:224:317:229:358:232:387:231
A,8968,299.037,-1,0,0,1,X,X,X,X,X,262:199:151:144:288:224:318:229:358:232:387:231
A,8969,299.069,-1,0,0,1,X,X,X,X,X,262:199:150:144:288:223:317:229:358:232:387:231
A,8970,299.101,-1,0,0,1,X,X,X,X,X,262:199:151:144:288:224:317:229:358:232:387:231
A,8971,299.149,-1,0,0,1,X,X,X,X,X,262:200:151:143:288:224:317:229:358:232:387:231
A,8972,299.181,-1,0,0,1,X,X,X,X,X,261:200:152:143:288:224:317:229:358:232:387:231
A,8973,299.213,-1,0,0,1,X,X,X,X,X,261:200:152:143:288:224:317:229:358:232:387:231
A,8974,299.245,-1,0,0,1,X,X,X,X,X,261:200:152:142:289:223:317:229:358:232:387:231
A,8975,299.277,-1,0,0,1,X,X,X,X,X,261:199:152:144:288:224:317:229:358:232:387:231
A,8976,299.309,-1,0,0,1,X,X,X,X,X,262:199:151:144:288:224:317:229:358:232:387:231
A,8977,299.341,-1,0,0,1,X,X,X,X,X,261:199:152:143:288:224:318:229:358:232:387:230
A,8978,299.373,-1,0,0,1,X,X,X,X,X,263:200:150:142:288:224:317:229:358:232:388:231
A,8979,299.405,-1,0,0,1,X,X,X,X,X,263:199:150:144:289:224:317:229:359:232:388:231
A,8980,299.437,-1,0,0,1,X,X,X,X,X,262:200:150:143:289:223:318:229:358:232:388:230
A,8981,299.469,-1,0,0,1,X,X,X,X,X,263:200:150:143:289:223:318:229:359:232:388:230
A,8982,299.501,-1,0,0,1,X,X,X,X,X,263:200:151:143:290:223:318:229:359:232:387:231
A,8983,299.549,-1,0,0,1,X,X,X,X,X,263:200:150:143:289:224:318:229:359:232:388:231
A,8984,299.581,-1,0,0,1,X,X,X,X,X,262:200:151:143:289:223:318:229:358:232:388:230
A,8985,299.613,-1,0,0,1,X,X,X,X,X,262:200:151:143:290:223:318:229:359:232:387:230
A,8986,299.645,-1,0,0,1,X,X,X,X,X,263:199:150:143:289:223:318:229:358:232:387:230
A,8987,299.677,-1,0,0,1,X,X,X,X,X,262:199:150:144:289:223:318:229:358:232:388:231
A,8988,299.709,-1,0,0,1,X,X,X,X,X,263:199:150:143:289:223:318:228:358:232:387:230
A,8989,299.741,-1,0,0,1,X,X,X,X,X,263:199:150:143:289:223:317:228:358:231:387:230
A,8990,299.773,-1,0,0,1,X,X,X,X,X,263:199:149:143:289:223:317:228:358:231:387:230
A,8991,299.805,-1,0,0,1,X,X,X,X,X,263:199:150:143:288:223:317:229:358:232:387:230
A,8992,299.837,-1,0,0,1,X,X,X,X,X,262:199:151:143:288:223:317:228:358:231:387:230
A,8993,299.869,-1,0,0,1,X,X,X,X,X,262:199:151:142:288:223:317:228:357:231:387:230
A,8994,299.901,-1,0,0,1,X,X,X,X,X,262:199:150:144:287:224:316:228:357:231:387:230
A,8995,299.949,-1,0,0,1,X,X,X,X,X,261:199:151:144:286:224:316:229:357:232:387:231
A,8996,299.981,-1,0,0,1,X,X,X,X,X,261:199:151:143:286:223:316:228:357:231:386:230
A,8997,300.013,-1,0,0,1,X,X,X,X,X,261:198:151:144:286:223:316:228:357:231:387:230
A,8998,300.045,-1,0,0,1,X,X,X,X,X,262:199:151:144:287:224:316:228:357:231:386:231
A,8999,300.077,-1,0,0,1,X,X,X,X,X,260:199:152:143:286:224:316:229:356:232:386:231
A,9000,300.109,-1,0,0,1,X,X,X,X,X,260:199:153:143:286:224:316:229:357:232:386:231
A,9001,300.141,-1,0,0,1,X,X,X,X,X,260:199:153:143:287:223:316:229:357:231:386:230
A,9002,300.173,-1,0,0,1,X,X,X,X,X,261:199:152:143:287:224:316:229:357:232:386:231
A,9003,300.205,-1,0,0,1,X,X,X,X,X,261:199:152:143:286:224:316:229:357:232:387:231
A,9004,300.237,-1,0,0,1,X,X,X,X,X,261:199:151:143:288:224:316:228:356:231:386:230
A,9005,300.269,-1,0,0,1,X,X,X,X,X,261:199:151:143:287:223:316:228:357:231:386:230
A,9006,300.301,-1,0,0,1,X,X,X,X,X,261:199:150:143:287:224:316:228:357:231:387:230
A,9007,300.333,-1,0,0,1,X,X,X,X,X,261:199:151:143:287:224:316:228:357:231:386:230
A,9008,300.381,-1,0,0,1,X,X,X,X,X,262:199:150:143:288:223:316:228:358:231:386:230
A,9009,300.413,-1,0,0,1,X,X,X,X,X,262:199:150:143:288:223:317:228:358:231:387:229
A,9010,300.445,-1,0,0,1,X,X,X,X,X,261:199:151:143:288:222:317:227:358:230:387:229
A,9011,300.477,-1,0,0,1,X,X,X,X,X,261:199:151:143:289:223:317:228:357:231:386:230
A,9012,300.509,-1,0,0,1,X,X,X,X,X,262:199:150:143:288:223:317:228:358:231:387:229
A,9013,300.541,-1,0,0,1,X,X,X,X,X,262:199:150:144:288:223:316:228:358:231:387:229
A,9014,300.573,-1,0,0,1,X,X,X,X,X,262:198:150:143:288:222:317:228:358:231:387:229
A,9015,300.605,-1,0,0,1,X,X,X,X,X,262:198:150:143:290:222:317:228:359:231:387:229
A,9016,300.637,-1,0,0,1,X,X,X,X,X,263:199:150:143:289:223:317:228:359:231:388:230
A,9017,300.669,-1,0,0,1,X,X,X,X,X,262:199:150:143:290:223:318:228:359:231:387:230
A,9018,300.701,-1,0,0,1,X,X,X,X,X,262:198:150:142:289:221:318:227:359:230:388:228
A,9019,300.733,-1,0,0,1,X,X,X,X,X,263:198:150:143:289:221:318:226:358:229:387:228
A,9020,300.781,-1,0,0,1,X,X,X,X,X,263:199:149:143:290:222:318:228:359:231:388:229
A,9021,300.813,-1,0,0,1,X,X,X,X,X,262:198:151:143:288:221:318:227:359:230:388:229
A,9022,300.845,-1,0,0,1,X,X,X,X,X,262:197:151:143:289:221:318:226:359:229:388:227
A,9023,300.877,-1,0,0,1,X,X,X,X,X,262:197:151:144:289:221:318:226:359:229:389:228
A,9024,300.909,-1,0,0,1,X,X,X,X,X,263:198:150:143:290:222:318:227:359:230:388:229
A,9025,300.941,-1,0,0,1,X,X,X,X,X,262:198:151:143:290:222:319:227:359:231:388:229
A,9026,300.973,-1,0,0,1,X,X,X,X,X,263:197:150:144:291:222:319:227:360:230:388:229
A,9027,301.005,-1,0,0,1,X,X,X,X,X,264:198:149:143:291:222:319:226:360:230:388:229
A,9028,301.037,-1,0,0,1,X,X,X,X,X,263:198:151:143:290:222:320:227:361:230:390:229
A,9029,301.069,-1,0,0,1,X,X,X,X,X,264:197:149:144:291:221:319:226:361:230:389:229
A,9030,301.101,-1,0,0,1,X,X,X,X,X,263:197:151:144:290:221:319:226:361:230:390:229
A,9031,301.133,-1,0,0,1,X,X,X,X,X,264:196:150:145:291:221:320:226:361:229:390:228
A,9032,301.181,-1,0,0,1,X,X,X,X,X,264:197:149:143:291:221:319:226:361:229:389:228
A,9033,301.213,-1,0,0,1,X,X,X,X,X,264:197:150:143:292:221:319:226:360:229:388:229
A,9034,301.245,-1,0,0,1,X,X,X,X,X,263:197:151:143:290:221:319:227:360:230:389:229
A,9035,301.277,-1,0,0,1,X,X,X,X,X,263:198:151:143:290:221:320:227:361:230:390:228
A,9036,301.309,-1,0,0,1,X,X,X,X,X,263:198:151:143:292:222:320:227:360:230:389:229
A,9037,301.341,-1,0,0,1,X,X,X,X,X,263:198:152:143:291:222:320:228:361:231:390:230
A,9038,301.373,-1,0,0,1,X,X,X,X,X,263:198:151:142:291:222:320:227:361:231:390:229
A,9039,301.405,-1,0,0,1,X,X,X,X,X,262:197:153:143:291:221:320:226:361:230:390:228
A,9040,301.437,-1,0,0,1,X,X,X,X,X,262:198:152:142:290:222:319:227:360:231:390:229
A,9041,301.469,-1,0,0,1,X,X,X,X,X,263:199:150:141:291:222:319:228:360:231:388:230
A,9042,301.511,-1,0,0,1,X,X,X,X,X,262:198:152:142:290:222:319:227:360:230:389:229
A,9043,301.533,-1,0,0,1,X,X,X,X,X,263:197:151:143:290:222:319:227:360:230:389:229
A,9044,301.565,-1,0,0,1,X,X,X,X,X,263:198:150:143:290:223:319:228:359:231:388:230
A,9045,301.645,-1,0,0,1,X,X,X,X,X,262:198:152:144:291:223:319:228:359:231:388:230
A,9046,301.677,-1,0,0,1,X,X,X,X,X,264:198:150:143:290:223:319:228:359:231:388:230
A,9047,301.709,-1,0,0,1,X,X,X,X,X,263:199:151:142:290:223:319:228:359:232:388:231
A,9048,301.741,-1,0,0,1,X,X,X,X,X,262:199:152:143:290:224:319:229:359:232:388:232
A,9049,301.773,72,1,0,1,X,X,X,X,X,262:198:152:144:289:224:319:229:359:233:389:232
A,9050,301.805,72,1,1,1,X,C,X,C,X,263:198:151:143:289:225:319:230:358:233:389:233
A,9051,301.837,72,1,1,1,X,C,X,C,X,262:198:151:144:289:226:319:230:358:233:389:233
A,9052,301.869,72,1,1,1,X,C,X,C,X,262:198:152:144:289:225:318:229:359:233:390:233
A,9053,301.901,72,1,0,1,X,X,X,C,X,263:198:150:143:289:224:318:228:359:232:389:232
A,9054,301.933,72,1,0,1,X,X,X,X,X,262:197:151:144:289:222:318:227:359:230:388:230
A,9055,301.965,72,1,0,1,X,X,X,X,X,262:197:151:143:289:222:318:227:359:230:388:229
A,9056,302.013,72,1,0,1,X,X,X,X,X,262:198:151:143:289:223:318:228:359:231:387:230
A,9057,302.045,-1,0,0,1,X,X,X,X,X,262:199:150:142:289:223:318:228:359:232:387:231
A,9058,302.077,-1,0,0,1,X,X,X,X,X,263:198:150:143:289:223:318:227:359:231:388:229
A,9059,302.109,-1,0,0,1,X,X,X,X,X,262:198:151:143:289:222:318:227:358:230:388:229
A,9060,302.141,-1,0,0,1,X,X,X,X,X,262:198:150:143:288:223:317:228:357:231:387:230
A,9061,302.173,-1,0,0,1,X,X,X,X,X,262:199:150:143:288:223:317:228:356:231:386:230
A,9062,302.205,-1,0,0,1,X,X,X,X,X,262:198:150:142:288:223:317:227:356:230:386:229
A,9063,302.237,-1,0,0,1,X,X,X,X,X,262:198:151:142:288:222:317:227:356:230:386:229
A,9064,302.269,-1,0,0,1,X,X,X,X,X,261:198:151:143:287:222:316:227:357:230:386:229
A,9065,302.301,-1,0,0,1,X,X,X,X,X,261:197:151:143:287:222:316:227:357:230:387:229
A,9066,302.333,-1,0,0,1,X,X,X,X,X,261:197:151:143:286:222:316:227:356:230:386:229
A,9067,302.365,-1,0,0,1,X,X,X,X,X,261:199:151:141:287:223:316:228:356:231:386:230
A,9068,302.413,-1,0,0,1,X,X,X,X,X,261:198:151:142:287:223:316:228:357:231:386:230
A,9069,302.445,-1,0,0,1,X,X,X,X,X,261:198:151:143:287:223:316:228:357:231:387:230
A,9070,302.477,-1,0,0,1,X,X,X,X,X,261:199:151:142:287:223:316:228:357:231:387:230
A,9071,302.509,-1,0,0,1,X,X,X,X,X,260:198:152:142:287:224:316:229:357:231:387:230
A,9072,302.541,-1,0,0,1,X,X,X,X,X,261:199:151:142:287:223:316:228:356:231:386:230
A,9073,302.573,-1,0,0,1,X,X,X,X,X,261:198:151:142:286:223:316:228:357:231:387:230
A,9074,302.605,-1,0,0,1,X,X,X,X,X,261:198:150:142:286:223:316:228:357:231:387:230
A,9075,302.637,-1,0,0,1,X,X,X,X,X,262:199:150:142:287:223:316:228:357:231:386:229
A,9076,302.669,-1,0,0,1,X,X,X,X,X,261:199:151:142:287:223:316:228:357:231:387:230
